t_stamp,GR05/ai/GR05_feature_7/eu,GR05/GR05_feature_1_block/eu,GR05/GR05_feature_1_block/setpoint,GR05/GR05_feature_3/eu,GR05/ai/GR05_feature_4_1/eu,GR05/ai/GR05_feature_8/eu,GR05/ai/GR05_feature_6/eu,GR05/GR05_feature_5
2025-05-24 17:00:00,22.327563742974895,64.69592402006924,63.54621848739496,27.579273457603797,67.21643873883978,906.9782047382886,78.5457317604123,47.48289137358051
2025-05-24 17:15:00,22.609035703698154,64.76268473623257,63.54621848739496,27.59827032243756,67.17337408236567,903.9356504181316,78.82588643300525,47.79529342346577
2025-05-24 17:30:00,22.911018969049977,64.67336837709057,63.54621848739496,27.60542596129726,67.26542901713083,907.1628679382374,79.35217919558114,47.4420361275368
2025-05-24 17:45:00,22.639107750518114,64.65487053359865,63.54621848739496,27.57738516468806,67.27495305533552,909.5920926864168,79.39193028934133,47.89136789418658
2025-05-24 18:00:00,23.22255238382981,64.66003873238094,63.54621848739496,27.617399411620237,66.9972039552295,909.3924215996085,78.194867503973,47.60804804240975
2025-05-24 18:15:00,23.770752237788024,64.61017622925694,63.54621848739496,27.572975065000875,67.08434684075418,902.652105703347,78.5301172769923,47.87684875149398
2025-05-24 18:30:00,24.26941043858279,64.57438705441898,63.54621848739496,27.578567145043277,67.13832294015992,894.6840577097814,78.76352109529874,48.05184380346915
2025-05-24 18:45:00,24.86761842966945,64.62212510596457,63.54621848739496,27.554444725359836,67.13411091664035,900.8036332322744,78.83531101288541,47.699870913528905
2025-05-24 19:00:00,25.090458794725418,64.65236760246428,63.54621848739496,27.53337701871367,66.85843147007309,896.0540958609186,78.86872978388554,47.77450563992183
2025-05-24 19:15:00,24.427795160859016,64.56848280015468,63.54621848739496,27.54343369826099,66.76932204938615,892.9735609173345,79.63831613281323,48.06621790868879
2025-05-24 19:30:00,24.387018242201616,64.73453416004776,63.54621848739496,27.572615687924934,66.41686611096067,890.6270846649907,78.06479508597364,47.639007721310044
2025-05-24 19:45:00,24.310459235189416,64.67800529836481,63.54621848739496,27.519703726649063,66.92486478673862,883.4991529002144,78.86170049565563,47.80364521540811
2025-05-24 20:00:00,24.476693181580348,64.75468514239608,63.54621848739496,27.43030314161793,64.67314504712857,878.5872519004389,79.23817651330505,47.359994777698525
2025-05-24 20:15:00,24.617969622328552,64.8360490982535,63.54621848739496,27.433963653168558,64.94811852590809,874.2872184073395,79.38136781906103,47.23579519486107
2025-05-24 20:30:00,23.593436201634248,64.93007130118389,63.54621848739496,27.419929317593898,65.2231411871161,874.7764473242926,78.82282384457292,47.25623017314961
2025-05-24 20:45:00,23.238576996140363,64.98997213515338,63.54621848739496,27.399561597241586,65.40744557714028,874.3298359622424,78.43699384483429,47.227220757588334
2025-05-24 21:00:00,23.224277144484414,64.9299250383544,63.54621848739496,27.36724021336025,65.08857690386284,867.4354924575782,79.197467675927,47.28305294318666
2025-05-24 21:15:00,23.414500751846667,64.97949028516729,63.54621848739496,27.32585306671475,65.24121417663098,867.516264177083,79.02119592471112,46.96909189778814
2025-05-24 21:30:00,23.774939508720287,64.8463778099785,63.54621848739496,27.3366353598364,65.00336901173762,876.5465965250496,78.55109877079195,47.0512459126474
2025-05-24 21:45:00,23.9432335778448,64.80799645123919,63.54621848739496,27.294425956184973,65.1064451934321,881.2015132087556,77.96424672164781,47.14273795848597
2025-05-24 22:00:00,23.98378301875565,64.7572748705851,63.54621848739496,27.327063033836605,65.28284437418466,889.0430830127866,79.71310918544853,47.168491119178334
2025-05-24 22:15:00,24.0875778165928,64.89573211061553,63.54621848739496,27.29622805771489,65.51552546613667,900.9865560902948,79.29056110144147,47.328885734175536
2025-05-24 22:30:00,24.225646701205523,64.77705517641895,63.54621848739496,27.297699742430712,65.53649662987813,907.6487346439192,79.23462159330631,47.232678646277584
2025-05-24 22:45:00,24.89596196541344,64.80987406524636,63.54621848739496,27.26448700364342,65.68579107256373,914.471406206221,78.25443286830648,47.356226629413406
2025-05-24 23:00:00,25.618748399221058,64.95597418441744,63.54621848739496,27.31561164764103,65.81869182527687,918.1272490330099,79.60053978436471,47.48939802737439
2025-05-24 23:15:00,26.45085800365179,64.92652710592455,63.54621848739496,27.275478511211833,66.02403833867787,919.5793036792995,77.75723932234273,47.719295660612794
2025-05-24 23:30:00,26.492121012954154,64.92037003407268,63.54621848739496,27.267811673723603,68.03065929927,927.3905795912377,79.38835336222415,47.54163742434337
2025-05-24 23:45:00,26.588895017873703,64.86390419713518,63.54621848739496,27.23814649029738,68.14144380260076,927.4716943368192,77.62215221877865,47.510648985266634
2025-05-25 00:00:00,26.536763569298692,64.8906324380573,63.54621848739496,27.175159090148487,68.30016223894455,926.1046578830764,79.21475808500406,47.7922278081957
2025-05-25 00:15:00,27.109862264391783,64.80140905642776,63.54621848739496,27.20511489556004,68.47562208267784,922.8114163449791,78.78848927587615,47.864035523698924
2025-05-25 00:30:00,27.800851096657723,64.9556036151315,63.54621848739496,27.213233425559096,68.88080909583915,924.6124594120296,78.68810360502637,47.54331291190274
2025-05-25 00:45:00,28.050296137925425,65.00185250830427,63.54621848739496,27.236443749095812,68.89011730295712,928.1657277169148,79.13594207818637,47.41234269156234
2025-05-25 01:00:00,27.79568020414945,64.8992382320453,63.54621848739496,27.215639738186173,69.01606409420224,919.5494473912223,78.60541155014623,47.16439714036569
2025-05-25 01:15:00,27.528490661795807,65.01309157135798,63.54621848739496,27.24694016209265,69.20496830807501,921.5966952895959,78.91847371110507,47.390939308736925
2025-05-25 01:30:00,27.26934507581522,65.10445839285678,63.54621848739496,27.261790152573656,69.46811294341097,916.9755967552794,78.67135457998796,47.25814607870339
2025-05-25 01:45:00,27.104746773125203,65.06740344044836,63.54621848739496,27.25510100438646,69.4312263918129,918.6381077645229,78.2901580714448,47.40042684992917
2025-05-25 02:00:00,27.080509922710505,64.96110951493935,63.54621848739496,27.242863845138956,69.1757846327028,920.5080269533449,78.31324186835717,47.35612607291445
2025-05-25 02:15:00,26.6929742589754,64.93689272651208,63.54621848739496,27.211947493046264,69.25709605600532,924.9033697511665,77.87791074813904,47.07613189955537
2025-05-25 02:30:00,26.051006513337597,65.03166870552741,63.54621848739496,27.16627517970438,69.72126747822786,925.0088084310908,79.18456701903813,47.50014140633808
2025-05-25 02:45:00,25.459149124281854,65.05953469117915,63.54621848739496,27.19356027586022,69.60794760559973,931.114365386064,79.51578464926597,47.26781503465938
2025-05-25 03:00:00,24.909641270062387,64.99130051014288,63.54621848739496,27.26457159360201,69.74922125266326,929.875387893349,78.42334127030725,47.41212038702129
2025-05-25 03:15:00,25.05223238247871,65.09977584936559,63.54621848739496,27.232627299155915,67.87906497322031,935.0434017997195,77.9959727256535,47.00362332569504
2025-05-25 03:30:00,25.404961326067898,64.93412210295413,63.54621848739496,27.257663723404654,67.74492926443237,932.876200750742,78.64098663760068,47.11839470804091
2025-05-25 03:45:00,25.41577570719901,64.93363165971967,63.54621848739496,27.291661654268506,67.79540008452068,944.3867232207554,78.33018989514848,46.841639287553036
2025-05-25 04:00:00,25.139656488780435,64.84209248438992,63.54621848739496,27.327784288863437,67.67631210954201,934.3318908725244,78.73554793393332,46.8114381315091
2025-05-25 04:15:00,24.572045233821417,64.88047640899379,63.54621848739496,27.323321678508965,67.94222702025675,937.4288707473326,79.42351603115404,46.93926077986475
2025-05-25 04:30:00,24.59634964951494,64.9576069164346,63.54621848739496,27.3130945547722,68.02392304589166,933.3336096062793,78.31367268889257,47.2580906510417
2025-05-25 04:45:00,25.078355001097957,64.96100519894873,63.54621848739496,27.354005744569697,68.19581260246588,940.2920476265532,78.294807703758,47.46403853196434
2025-05-25 05:00:00,25.65688276484154,64.9502114135559,63.54621848739496,27.318649386008065,68.11922901565502,939.7992823278488,78.43073817234695,47.33130112161776
2025-05-25 05:15:00,25.875426333252637,64.8132335596065,63.54621848739496,27.2858232134792,67.70554782103876,952.6924662479629,78.86495357008016,47.44214327614605
2025-05-25 05:30:00,25.746040567751848,64.80983800559456,63.54621848739496,27.299438871391658,67.67368227077667,935.7063565708436,79.04959682963405,46.936863851702135
2025-05-25 05:45:00,25.690398258352772,64.68560107459318,63.54621848739496,27.282362932169047,67.59953737240043,935.340670086482,78.58616560717032,47.22858687881795
2025-05-25 06:00:00,25.621572931514827,64.66993509198161,63.54621848739496,27.334757336789224,67.84508186545128,941.4352109268643,78.63760707122267,47.64041641307469
2025-05-25 06:15:00,25.917125794808786,64.70248581654056,63.54621848739496,27.390815897991715,67.53506693517515,934.0097991546529,78.8681562978738,47.50611774366625
2025-05-25 06:30:00,26.471232495095624,64.72869300171247,63.54621848739496,27.366418949055078,67.67485943738077,931.1698803351562,77.9200154530231,47.87652926465504
2025-05-25 06:45:00,26.75455293561365,64.7893319297944,63.54621848739496,27.3830817826335,69.92399835213352,933.5059003828811,79.22280012502576,48.3341323324602
2025-05-25 07:00:00,26.069807453779063,64.78900213603549,63.54621848739496,27.39247190573139,69.68557144401152,932.5848310476331,78.40517616488225,48.11410591595271
2025-05-25 07:15:00,25.41233438488859,64.7371607147549,63.54621848739496,27.42116419413153,69.68594115199355,935.890207126425,78.69913675842344,48.08259750244642
2025-05-25 07:30:00,24.75023662445308,64.75292893195758,63.54621848739496,27.439008440973492,69.44309600006807,944.4340010025535,78.72466864980471,47.93201081557096
2025-05-25 07:45:00,24.61830849448622,64.78507756821189,63.54621848739496,27.465039609072857,69.19947328418179,942.8452736602569,78.11288852672659,48.26774364486887
2025-05-25 08:00:00,24.557939444264434,64.77674377858574,63.54621848739496,27.414889918924512,69.08481068686362,950.4521806699004,78.42414800711092,48.320107088621434
2025-05-25 08:15:00,24.109770756252676,64.75242112117816,63.54621848739496,27.37912073812827,68.97954525165699,951.7639092271301,78.98297416009879,48.35047816075718
2025-05-25 08:30:00,23.76191521358998,64.69073474286415,63.54621848739496,27.415768910484136,69.10580844413126,954.78221885275,78.8958351431985,48.36355643903366
2025-05-25 08:45:00,23.167139881632796,64.67878519493358,63.54621848739496,27.412297385208685,68.6302530221787,944.6114016234901,79.04153822854587,48.3817848855483
2025-05-25 09:00:00,22.64143146866484,64.64983347295235,63.54621848739496,27.420000737733385,68.9001999837349,947.3511588644534,79.09326430226959,48.64433616362839
2025-05-25 09:15:00,22.496169555887775,64.74425848064709,63.54621848739496,27.414237398846446,68.86408526163882,949.5855328279914,78.30134570079295,48.637664373727475
2025-05-25 09:30:00,22.615392877493043,64.94256602273069,63.54621848739496,27.463853734873734,68.74099320532905,945.0229364423744,78.11082286612115,48.62896695243122
2025-05-25 09:45:00,22.06870242425346,64.89850342768747,63.54621848739496,27.52886131898772,68.89952824048923,945.4120732241598,79.13758142547825,48.561979416395765
2025-05-25 10:00:00,21.635410774458617,64.96419319904119,63.54621848739496,27.574367743905157,68.90394523326759,946.0659056687077,79.5459178949303,48.47213632342638
2025-05-25 10:15:00,21.271928422215886,65.01127860941426,63.54621848739496,27.603937233671328,68.37360411736003,951.7763746840342,79.99536421069573,48.49725103934685
2025-05-25 10:30:00,21.244464146831636,64.9696318283313,63.54621848739496,27.656211605417415,66.21583089383212,957.8384517443515,78.7876312666148,48.30165168896161
2025-05-25 10:45:00,21.833269906444038,65.03936974737702,63.54621848739496,27.677719208603328,66.50997815700276,958.9168328277814,79.02850698719469,47.83488541079865
2025-05-25 11:00:00,22.199405292428608,65.06222630658043,63.54621848739496,27.67645506735492,66.74916448813127,956.8212996620905,79.26307395919996,47.85230548955287
2025-05-25 11:15:00,22.48444297337995,65.07823606541436,63.54621848739496,27.666080684290648,66.5078861698706,956.4337030573697,79.10685561013462,47.86836266475501
2025-05-25 11:30:00,22.642903195342193,64.99374228913786,63.54621848739496,27.696731450149088,66.08793048673886,948.4176577099288,78.45820898335427,47.63601087017509
2025-05-25 11:45:00,22.302433674713424,64.99306766656512,63.54621848739496,27.7132116904869,66.02697481170676,951.2625644651731,77.96717254412599,47.542853356992325
2025-05-25 12:00:00,22.351814152216193,65.02834500011679,63.54621848739496,27.764780833174807,65.42496911373246,956.0643643292144,78.48621752750176,47.653652228516165
2025-05-25 12:15:00,22.921817662928646,64.90021727162431,63.54621848739496,27.75749037009673,65.59806340849917,958.8920851511463,79.40719264461255,47.72298630858945
2025-05-25 12:30:00,23.40344531698145,64.94834128077945,63.54621848739496,27.73078723116296,65.44960873738185,952.8051940889857,78.22709428380782,47.986035918473625
2025-05-25 12:45:00,23.290337946395564,64.98387589028826,63.54621848739496,27.759165139234717,65.55782865077325,952.8752693202448,78.85748976342924,48.13893864566374
2025-05-25 13:00:00,22.696791739681082,65.05468671050204,63.54621848739496,27.791111964578448,65.48050597367975,949.1887395076388,78.52669305218444,47.70945614025045
2025-05-25 13:15:00,22.458995832559562,65.17527336481507,63.54621848739496,27.777732286432116,65.7029109823109,951.494515494059,78.66315970774478,47.674945094758854
2025-05-25 13:30:00,22.234083216507045,65.23373053986559,63.54621848739496,27.741412888163737,65.88758901752148,951.0740337378702,79.44069000988253,47.553894094907996
2025-05-25 13:45:00,22.2778610909013,65.17152789548314,63.54621848739496,27.68432992197573,66.29623751747218,947.0606462653088,78.00354702927235,47.457918158964546
2025-05-25 14:00:00,22.2845774443388,65.12075933174768,63.54621848739496,27.76092515287898,68.17187142351646,953.4474524534629,78.92721817703323,47.65090178863873
2025-05-25 14:15:00,22.20542132935379,65.19988502776125,63.54621848739496,27.76795710813284,68.24674313146647,959.2727293897185,79.66914671461201,48.04219249007931
2025-05-25 14:30:00,21.791261794527205,65.26202826557223,63.54621848739496,27.79925873911342,68.37447219805432,957.3585813869458,79.81603717838627,47.824197227388304
2025-05-25 14:45:00,21.24873753550454,65.34873777604635,63.54621848739496,27.756374837087375,67.8705454516194,950.5886037017509,79.68930164655113,47.79425460140313
2025-05-25 15:00:00,20.78081455869543,65.28020162647707,63.54621848739496,27.76425669754767,67.7609631878169,951.8838943736781,79.10302246646091,48.02173409420771
2025-05-25 15:15:00,20.967373577712305,65.38869279284155,63.54621848739496,27.74531246016142,67.68747861371368,955.1695883874264,78.76032648683984,47.84354804473916
2025-05-25 15:30:00,21.161769444233705,65.59633828501408,63.54621848739496,27.773182794064347,67.85489652907522,959.6806893196085,79.01304492651165,48.01459087487489
2025-05-25 15:45:00,21.254448761672567,65.72558277529082,63.54621848739496,27.732410469888528,68.13973588259329,957.6612398855071,79.19758267895648,48.08528072503931
2025-05-25 16:00:00,21.143777874054372,65.76940677497996,63.54621848739496,27.766426078987802,68.00085736564506,951.1768765064651,78.8147420552988,48.12416068714063
2025-05-25 16:15:00,20.911207278206565,65.84520268362277,63.54621848739496,27.737112640737244,68.09263397942095,949.7389758727945,78.9391272898375,48.065959664579786
2025-05-25 16:30:00,20.846209017211557,65.86863733839908,63.54621848739496,27.687099604995932,68.13586198581133,949.552126519172,79.45641873244777,47.9966864908682
2025-05-25 16:45:00,21.23566870492866,66.0063998140435,63.54621848739496,27.629253230960817,68.09427887475594,951.5764139479897,78.85293352950116,47.81591524347321
2025-05-25 17:00:00,22.39533212462313,65.97386363981188,63.54621848739496,27.679232013635108,68.20621662965218,948.409891340745,78.55266719620708,48.02947206565025
2025-05-25 17:15:00,23.044736222294382,65.92811614424973,63.54621848739496,27.59586929465316,67.83033406627096,949.1662903181981,79.77024550130474,48.172423343847626
2025-05-25 17:30:00,23.148972776807124,65.96411971971933,63.54621848739496,27.605762831557293,65.70694104127695,951.6401477483561,79.26914372842043,47.79896351389626
2025-05-25 17:45:00,23.177446324339975,65.9950814493052,63.54621848739496,27.620498781147347,65.73441025750348,954.3547820247369,79.01483565590372,47.82772146873112
2025-05-25 18:00:00,23.270402181893246,66.0239745025645,63.54621848739496,27.610140833621433,65.7673782279607,958.8467315046236,80.43487120682332,47.668701241685454
2025-05-25 18:15:00,23.77548508907517,66.03208892461943,63.54621848739496,27.576462525695554,65.94080890198607,955.2218463075501,79.08803398996218,47.91725044799583
2025-05-25 18:30:00,24.561954429222972,65.97000772443272,63.54621848739496,27.580934028780767,65.89111649618958,957.8139474148245,77.96579273054604,47.87240751342153
2025-05-25 18:45:00,24.785378605384643,65.94781404386043,63.54621848739496,27.49636084837488,65.51221741838735,958.778160284004,80.57900264395765,47.733296399385345
2025-05-25 19:00:00,24.98098682188053,65.84944586944299,63.54621848739496,27.458048298803686,65.55193084528287,948.7192653219033,79.94989436061039,47.52652870357328
2025-05-25 19:15:00,24.603749290755776,65.7251233568953,63.54621848739496,27.40004625871834,65.72248767365096,945.6975527017311,79.35507844763305,47.39978469587759
2025-05-25 19:30:00,24.153088503923943,65.72463609020743,63.54621848739496,27.399785033679542,66.00908243922382,944.07131784023,78.58880766431366,47.5368853607902
2025-05-25 19:45:00,24.225362480228007,65.8105883445268,63.54621848739496,27.443550089168674,66.16547539525646,946.0413310621341,78.85960418261513,47.472163091669614
2025-05-25 20:00:00,24.576462324783662,65.83811112540432,63.54621848739496,27.56939058885747,66.46202469158875,952.7218069674233,78.58154021648419,47.60975561522423
2025-05-25 20:15:00,24.478664150028138,65.85367781071432,63.54621848739496,27.476382072666105,66.21884105043569,936.4264129117337,78.65068075725593,47.6455782044462
2025-05-25 20:30:00,23.99213706862392,65.76198844070754,63.54621848739496,27.510216366809797,66.27600035054695,940.7950148880047,79.15801058762234,47.92732548915624
2025-05-25 20:45:00,23.627607275911853,65.63929958172888,63.54621848739496,27.480854390946654,66.21080441994057,943.4114957191221,78.60241035824808,48.00039735380227
2025-05-25 21:00:00,23.591345577777993,65.69148827122821,63.54621848739496,27.466948718787236,66.19892563078615,943.0599339309888,80.28974238982248,47.98664621211186
2025-05-25 21:15:00,23.779778766180378,65.68515748973243,63.54621848739496,27.478967878201864,68.30901585912622,944.3150689995693,77.94566955719006,48.28220042038071
2025-05-25 21:30:00,24.375841155101146,65.73555892633286,63.54621848739496,27.451621678272677,68.08687467093193,958.1340257285316,79.5409407240687,47.984677097246
2025-05-25 21:45:00,24.39024763125897,65.71330691778893,63.54621848739496,27.4858388666347,68.1388781094543,950.190514038946,78.23146414245004,47.83944069539974
2025-05-25 22:00:00,24.1766149246606,65.71880237624832,63.54621848739496,27.51089710703242,68.11775359424817,958.3422631387649,78.90834706331424,47.98098177621099
2025-05-25 22:15:00,24.085743953059666,65.77562085515575,63.54621848739496,27.501791369825348,67.91070519920379,958.1650260553155,79.69476142389756,47.86795061295544
2025-05-25 22:30:00,24.178996204096823,65.8912267474765,63.54621848739496,27.54983333374253,68.05288103143312,958.7217678542019,77.86097052594695,48.209219264609814
2025-05-25 22:45:00,24.467733811374742,65.82286747718399,63.54621848739496,27.576577319076577,67.96189348643661,965.1690372402877,78.38415899798812,48.40810782381219
2025-05-25 23:00:00,25.560492411832087,65.79655262348079,63.54621848739496,27.606387294469645,67.86857888518483,961.8653707688071,78.47318072655463,48.377505914431104
2025-05-25 23:15:00,26.17331874593387,65.73008645044126,63.54621848739496,27.602267882219465,67.98045322206634,956.9702038055341,77.89164789777764,48.41770567229199
2025-05-25 23:30:00,26.404816678777525,65.78104318907866,63.54621848739496,27.59832197895741,67.98493901094336,949.585212531838,78.75032539196765,48.358262365223275
2025-05-25 23:45:00,26.513273640031006,65.75620067483653,63.54621848739496,27.590091636560135,67.77829923288984,943.6070973012061,78.93417300820121,48.76833944581432
2025-05-26 00:00:00,26.34472534152788,65.78449075458798,63.54621848739496,27.503119525489456,67.69774534984151,947.1676707757879,78.3918198335487,48.99113807519658
2025-05-26 00:15:00,26.84526489814257,65.83735610538852,63.54621848739496,27.39764386165275,67.34296545233458,942.461334086571,79.31626744146944,49.18192316347187
2025-05-26 00:30:00,27.63058006933903,65.95515756485753,63.54621848739496,27.391760160312288,67.40458564066961,947.6327977492092,79.13092058413207,48.99765713129272
2025-05-26 00:45:00,27.59818404971937,65.98164979634352,63.54621848739496,27.410331246016135,65.35780159198596,947.6653300535032,78.12561253793011,48.986812217298244
2025-05-26 01:00:00,27.60911873060228,66.09216531318076,63.54621848739496,27.403365380574478,65.27463870368327,950.9078024904472,78.28376502277231,48.734815385675304
2025-05-26 01:15:00,26.90906466979007,66.07193113563963,63.54621848739496,27.41781478304404,65.26158493762101,952.888853409245,78.36414311883419,48.71258374288586
2025-05-26 01:30:00,26.823532562637503,66.00630989222947,63.54621848739496,27.462150214329732,65.10988573455391,948.9429040854109,79.50342197903291,48.754957276622214
2025-05-26 01:45:00,26.750841838816793,66.05502333259388,63.54621848739496,27.401551434516456,65.10164510823668,954.0549816483215,78.69200028607675,48.89904200783439
2025-05-26 02:00:00,27.083442366024297,66.01266176876159,63.54621848739496,27.347038216080424,65.05796114859668,958.3832346021378,79.2728433992764,48.82383795485183
2025-05-26 02:15:00,26.822078214029606,66.05773064003519,63.54621848739496,27.322332092866706,65.0590895266925,954.803864323189,78.15276185252095,48.81501173328721
2025-05-26 02:30:00,26.074755506653766,66.11177260892971,63.54621848739496,27.32951188987404,65.12297134507105,943.5537670680656,78.93202691389051,48.65851486022053
2025-05-26 02:45:00,25.272603597557367,66.21540942149126,63.54621848739496,27.304413011792015,65.37907636894366,942.9228251542473,78.54390106741567,48.88715090525238
2025-05-26 03:00:00,24.91342388404777,66.17716306604422,63.54621848739496,27.287813563633108,65.34332753882742,945.5124578071511,79.38372222985683,48.603095248442195
2025-05-26 03:15:00,25.019043415056892,66.1080792681031,63.54621848739496,27.194977735441558,64.74004716094014,941.0728080094964,77.32295028364162,48.15672225183704
2025-05-26 03:30:00,25.22382665268898,66.00099421462495,63.54621848739496,27.21640696944713,64.46570220837809,939.6102346992915,77.8361173108357,48.20811097554056
2025-05-26 03:45:00,25.17647545184296,66.08637566303396,63.54621848739496,27.23053431300032,63.98095153722685,939.3192193490408,79.18788739550858,47.94367347905614
2025-05-26 04:00:00,24.976606133935594,66.1618541103993,63.54621848739496,27.21460784302575,64.2293273757314,937.0527391962047,78.95152827901288,47.895210264485705
2025-05-26 04:15:00,24.339473873415514,66.16252076266157,63.54621848739496,27.199600893924735,63.996904349912576,938.0169250634015,78.6833404424695,47.877021302877104
2025-05-26 04:30:00,24.513775970562435,66.25665556229823,63.54621848739496,27.2106750441338,66.19864287008006,936.3380215044899,79.03584957576408,48.39526964141339
2025-05-26 04:45:00,25.26228749912909,66.25253301972808,63.54621848739496,27.222400708302647,66.48568392620925,936.8103620295094,78.15243753318337,48.06938079406219
2025-05-26 05:00:00,25.472879548884237,66.19025649396377,63.54621848739496,27.207699355144836,66.48709828837126,940.0354973902605,78.83078552675417,48.143652048031534
2025-05-26 05:15:00,25.847225469211008,66.17243130936357,63.54621848739496,27.219565275235887,66.52926000574281,944.457241642127,78.52236995799552,48.08059836517573
2025-05-26 05:30:00,25.811290056235322,66.27815233201483,63.54621848739496,27.19849806429407,66.38175321800226,938.4022600092125,79.19293805294869,48.01682466064022
2025-05-26 05:45:00,25.32005653320344,66.37792243708485,63.54621848739496,27.213979335915685,66.40841513733008,946.8542796082414,78.74822841875249,48.02227184218767
2025-05-26 06:00:00,25.420860828025763,66.54030283391137,63.54621848739496,27.209425583692262,66.65386486188973,940.5681400150537,78.81052440757709,48.62253022750397
2025-05-26 06:15:00,26.096570003232387,66.60601066707576,63.54621848739496,27.183295670112617,66.91147710622792,936.0938989507628,77.28520273769564,48.8600865967753
2025-05-26 06:30:00,26.797347593102774,66.5893136272722,63.54621848739496,27.15697724676444,67.28321222172949,936.1839882216104,77.01709372089884,48.98324724191127
2025-05-26 06:45:00,26.753876496015117,66.68042186828595,63.54621848739496,27.154812068059474,67.61187112238733,929.578340220365,79.28070197768076,48.93495134147533
2025-05-26 07:00:00,26.24700741184903,66.74128723824236,63.54621848739496,27.191833915348422,67.24541325429718,926.1035360741271,78.61308806188222,48.9295720426805
2025-05-26 07:15:00,25.602658033680783,66.85336560230986,63.54621848739496,27.19059473277777,67.44513294739644,925.7678827132216,78.98377627533641,48.805761499319885
2025-05-26 07:30:00,24.904183761866893,66.82797080270781,63.54621848739496,27.19838398585555,67.67243762889412,920.1167019419963,78.08837482884844,48.881422626467746
2025-05-26 07:45:00,24.867851282533284,66.92390098986829,63.54621848739496,27.148522362374482,67.30150568369957,924.1245859974891,78.51846648740768,48.60513250345343
2025-05-26 08:00:00,24.91918465352377,67.01735705102631,63.54621848739496,27.10414576614789,64.90712826509687,927.7045929321677,78.02222502973034,48.129928701337214
2025-05-26 08:15:00,24.521959733952986,67.04481258239645,63.54621848739496,27.134588558147403,64.89201664178792,920.8487333437764,79.05134036294044,48.485099833389505
2025-05-26 08:30:00,23.809518543776274,67.12639601714734,63.54621848739496,27.10601799172259,64.95266698413492,926.7535867093578,78.92299735536133,48.10272007664549
2025-05-26 08:45:00,22.990609547213865,67.25123910564497,63.54621848739496,27.176282313063506,65.3604523576865,934.5747555899216,77.82540354903017,48.23584154077599
2025-05-26 09:00:00,22.38754774548853,67.31973520152144,63.54621848739496,27.236131856736506,65.20868880980437,929.38708519916,79.70186659870618,48.23319077677281
2025-05-26 09:15:00,22.08864093890981,67.23303197374278,63.54621848739496,27.305043029992788,65.08737175792926,938.5989060715758,78.52850179150629,48.40049984949454
2025-05-26 09:30:00,22.425945836261377,67.22408539705245,63.54621848739496,27.313741283309167,64.70947810301352,938.1721024836072,78.49865883885346,48.14141301531391
2025-05-26 09:45:00,22.40040662253171,67.1804753108607,63.54621848739496,27.322584891971488,64.80205820904182,941.1980979324445,78.64838987928154,47.95417863761655
2025-05-26 10:00:00,22.236932442306827,67.14840360324649,63.54621848739496,27.30892352193808,64.41512522489836,929.274395858321,77.19775714468693,48.0918754845949
2025-05-26 10:15:00,21.727469641271473,67.18199599194892,63.54621848739496,27.298896080787326,64.74153740792529,932.4491166090631,77.74844366551751,48.197323785878176
2025-05-26 10:30:00,21.313927980749064,67.23630709327371,63.54621848739496,27.277477892041432,64.89366507389036,930.0213771654588,79.79784218678482,48.654780237514
2025-05-26 10:45:00,22.00228273754651,67.17058443672424,63.54621848739496,27.312976145147815,64.9696455704828,930.767770882658,78.22292467998355,48.86455779151187
2025-05-26 11:00:00,22.372739394462084,67.19253310857647,63.54621848739496,27.248922142561707,65.20146921254464,932.169332910534,78.25770934024376,48.99597507855793
2025-05-26 11:15:00,22.671732062043088,67.2317617155061,63.54621848739496,27.268432103064455,65.12577404165101,931.2512788580503,78.2480630810872,49.01293420839153
2025-05-26 11:30:00,22.63614188356047,67.39135421601169,63.54621848739496,27.320755329428653,67.26376181129054,934.1107371878301,78.96138556404547,49.47008383083665
2025-05-26 11:45:00,22.13072790460682,67.31436756588752,63.54621848739496,27.342136426429555,67.45741078608823,941.149552870545,78.6287498366649,49.13797207110314
2025-05-26 12:00:00,22.464377544278065,67.33632147814716,63.54621848739496,27.352029920060488,67.31653153238354,933.3489844656949,78.98631130444437,49.117627145838895
2025-05-26 12:15:00,23.11353972640582,67.42356886368512,63.54621848739496,27.296169086916596,67.31270318585503,936.4078487580174,77.90870379476064,49.14521935126583
2025-05-26 12:30:00,23.56508248384217,67.49038157727306,63.54621848739496,27.312644042992726,67.42837970458862,939.0894168939244,78.84491838051127,49.17104150608848
2025-05-26 12:45:00,23.63334918597477,67.43098208297882,63.54621848739496,27.314156235428225,67.83020474356553,932.5213496341172,78.52000457654135,49.29544619359913
2025-05-26 13:00:00,23.182330386040874,67.53488853342012,63.54621848739496,27.323327190378066,67.75146888324038,931.0300568452697,78.2716716825661,49.168513725857345
2025-05-26 13:15:00,22.61061214154991,67.52584350534595,63.54621848739496,27.362312794888798,68.1659096797012,933.203306724705,79.21764698696985,48.96384697913851
2025-05-26 13:30:00,22.178004427702287,67.52576226065766,63.54621848739496,27.36330103574333,68.10251666466934,931.3550239805426,77.82013703345405,48.79968209599698
2025-05-26 13:45:00,22.09268287342941,67.58922221667174,63.54621848739496,27.36346610267075,67.92435925154702,929.0194333618808,79.0383347906203,48.58169821401816
2025-05-26 14:00:00,22.063952159753903,67.70804441757647,63.54621848739496,27.34512126468682,67.86852596538398,929.2134309230867,78.62204320315377,48.72175423960113
2025-05-26 14:15:00,22.30984901830387,67.8107106059942,63.54621848739496,27.40111850239467,67.82834794887044,935.0247076351229,79.12574882779224,49.07384854297934
2025-05-26 14:30:00,22.007551228460432,67.88320790165538,63.54621848739496,27.44051604484001,68.11478807005598,939.4324007982719,78.50863651591506,49.214074396097004
2025-05-26 14:45:00,21.290574871960107,67.9368406146712,63.54621848739496,27.495627967023708,68.47946313496399,933.7203820326579,79.35182698497937,48.694691372511855
2025-05-26 15:00:00,21.412620431312163,68.01083362314671,63.54621848739496,27.50276257505084,68.20511328453671,929.7911744980736,78.89815342044483,48.68062219682692
2025-05-26 15:15:00,21.33994807983686,67.90485597798528,63.54621848739496,27.486669321865424,66.17624705319847,928.4709664305176,79.04527449505858,48.53883221629996
2025-05-26 15:30:00,21.30214790639735,68.01310125318919,63.54621848739496,27.471623951979847,66.24084823462667,928.1172020737783,78.99223175416537,48.389203801038114
2025-05-26 15:45:00,21.21305220829913,68.0917088860208,63.54621848739496,27.475417343985093,66.26906108806688,930.0990422396222,78.81065568998469,47.95120267995699
2025-05-26 16:00:00,20.81339701718983,68.02966176938386,63.54621848739496,27.463980405830483,66.1926674293935,926.2368910727124,79.67623424573627,48.072249233363124
2025-05-26 16:15:00,20.70251506750296,68.10197883516041,63.54621848739496,27.467786497093396,66.12345009243171,930.5397687506413,78.95008764817939,47.99697143449172
2025-05-26 16:30:00,20.86149771551353,68.01550570842358,63.54621848739496,27.459549301433743,66.04913539276167,924.7419312092899,79.17128677176808,47.935330571235575
2025-05-26 16:45:00,21.503043509929935,67.9317193282392,63.54621848739496,27.41311133723367,65.87634085678773,925.1039553551964,78.69916666010212,47.714537150355376
2025-05-26 17:00:00,22.381042941349246,67.83902819035586,63.54621848739496,27.420538458353334,65.76956892148708,929.9955701661117,79.10471882045437,47.92736651860436
2025-05-26 17:15:00,22.782251198965366,67.7573309381806,63.54621848739496,27.48507020888596,65.74918956244224,936.4410433952396,78.99929301918827,48.1927019049532
2025-05-26 17:30:00,22.962262646526195,67.74200943264877,63.54621848739496,27.507773126905715,65.85730812139947,937.8343206083952,79.55519402658545,48.12481929946059
2025-05-26 17:45:00,23.12684973448662,67.61533444512936,63.54621848739496,27.531786122710834,65.8870928337621,934.9730764168512,78.74748593321776,47.97803622701885
2025-05-26 18:00:00,23.225353911908428,67.66659098373218,63.54621848739496,27.447277778124658,65.666050475523,929.414693013857,78.12639879316288,48.026607185280135
2025-05-26 18:15:00,23.912502582547535,67.66420073743627,63.54621848739496,27.47617358995908,65.876312412662,926.40679227487,79.34696701638339,48.05089765291439
2025-05-26 18:30:00,24.60325696581289,67.65627263160542,63.54621848739496,27.47842933296388,65.84011543757505,929.7870018595302,78.81012881045284,48.15082933766358
2025-05-26 18:45:00,24.996233964522485,67.69136394949456,63.54621848739496,27.472931027829233,67.72099876102443,935.5877642309447,79.57434412990587,48.28485273677992
2025-05-26 19:00:00,24.850790741449575,67.57823534188628,63.54621848739496,27.514948192599256,67.75708666436321,934.750118179836,77.88232675559976,48.46711556763177
2025-05-26 19:15:00,24.414412971348074,67.47950679372117,63.54621848739496,27.51103275894514,67.8465911025527,932.9183161312592,78.50914013044647,48.22627980289559
2025-05-26 19:30:00,24.398347089256546,67.47458475035701,63.54621848739496,27.512227791175228,67.93880738353069,931.5229366804667,79.36302118627279,48.4439611614908
2025-05-26 19:45:00,24.552025799493922,67.34860098557394,63.54621848739496,27.474298097933158,68.2318298623477,931.8652135503862,78.34021428726028,48.68861287867707
2025-05-26 20:00:00,24.59111861010037,67.29664679205557,63.54621848739496,27.546617010584935,68.05190806490073,925.4907008649361,78.61161896508953,48.885533613006594
2025-05-26 20:15:00,24.27035003572322,67.21739353664266,63.54621848739496,27.566550035605598,68.25592784590116,919.1834239841728,78.29199859224958,48.94339564751216
2025-05-26 20:30:00,23.656364056249977,67.31024661896464,63.54621848739496,27.57202600446359,68.39659019559377,928.6522899947777,78.5626249583916,48.910675606440996
2025-05-26 20:45:00,23.55823823460477,67.23485432218685,63.54621848739496,27.497664986888267,68.46577903638773,933.3280256364698,78.36671209943016,48.9961359905267
2025-05-26 21:00:00,23.056616930542397,67.19675674199381,63.54621848739496,27.473571346161375,68.51003085867943,931.5804352580459,77.70970340527815,48.9628414815903
2025-05-26 21:15:00,23.292568687603957,67.2752539872091,63.54621848739496,27.444023399946285,68.34992071848589,941.3732540494148,77.98971328910164,49.183661981302215
2025-05-26 21:30:00,23.844123892335748,67.22132640856348,63.54621848739496,27.46340923511253,68.04777869651515,943.3893869502617,79.34356827281205,48.97082998020588
2025-05-26 21:45:00,24.124037154381853,67.24345177760169,63.54621848739496,27.397212018280314,68.22018474369581,944.4966086914299,79.20875477747636,49.08699570734383
2025-05-26 22:00:00,24.070984774406757,67.2293123881017,63.54621848739496,27.393403749921262,68.02783129991961,947.6699088117016,79.16179363819424,49.16584642602753
2025-05-26 22:15:00,23.873329837535746,67.2881540509338,63.54621848739496,27.390316630955255,66.1451974126858,952.3875299060924,78.54963076841183,48.94027300403354
2025-05-26 22:30:00,23.97921143035944,67.34558957674193,63.54621848739496,27.436066235645793,66.10430485994597,955.0800449266123,78.59363674548462,49.19749158955977
2025-05-26 22:45:00,24.554149455029364,67.49704755905232,63.54621848739496,27.424776172126275,65.95096279613335,953.4158015039518,79.07335025745869,49.241015375507274
2025-05-26 23:00:00,25.178366191700224,67.53205926301925,63.54621848739496,27.408913271364753,66.07569224449699,947.342727555961,78.54770032981045,49.024940198935575
2025-05-26 23:15:00,25.86568145789656,67.54377392252286,63.54621848739496,27.32694549613108,66.1737953207568,950.4509314072149,79.3903110465789,49.099218716750634
2025-05-26 23:30:00,25.960003049257846,67.58537798737262,63.54621848739496,27.35051818865958,66.16490283421173,954.8698187343557,77.73744193905857,49.123303366932646
2025-05-26 23:45:00,26.223352876345288,67.68937111462931,63.54621848739496,27.353550954040717,66.30571822298741,953.604755608279,79.13278088376742,49.167311232329205
2025-05-27 00:00:00,26.553369885571794,67.7514718426243,63.54621848739496,27.317310424024686,65.87108853285316,947.9700573313621,78.76256770732498,48.90263098042627
2025-05-27 00:15:00,27.032993332785846,67.72680896613467,63.54621848739496,27.365126710435916,65.97669811393831,948.8694524908094,77.68137755876711,48.389232481859736
2025-05-27 00:30:00,27.766597799670667,67.65097151344187,63.54621848739496,27.3791602847553,65.89448922883189,949.8547723495847,78.3775095443696,48.38096976940487
2025-05-27 00:45:00,28.057483765705495,67.70337031644134,63.54621848739496,27.493718230160926,66.10009252584925,944.4154285641259,78.45109423197324,48.275654113944796
2025-05-27 01:00:00,27.730982387349467,67.70390419989684,63.54621848739496,27.494199175068953,65.88457868894768,951.947985644517,79.05671797124154,48.37753827244181
2025-05-27 01:15:00,27.313545662351988,67.72440932505268,63.54621848739496,27.480096534426718,65.6653224748631,952.4240416155639,78.56152837239809,48.06375223777428
2025-05-27 01:30:00,27.045765481021327,67.74932984870185,63.54621848739496,27.503531019055146,65.73066182528237,953.5796440898728,78.91270877942246,48.0890233291663
2025-05-27 01:45:00,27.045714937137877,67.75402957528661,63.54621848739496,27.506046213509794,65.6319029065966,949.12585407584,78.43376956484074,48.10131117927247
2025-05-27 02:00:00,27.201544149100787,67.77192004717004,63.54621848739496,27.518163664913985,67.20696400800948,947.7982219711913,77.68467659348046,48.78337710610605
2025-05-27 02:15:00,27.059908257302986,67.82295092941747,63.54621848739496,27.533846983930598,67.35900048281897,945.0257007626036,77.73865266519358,48.892466628167185
2025-05-27 02:30:00,26.199365511597826,67.8380179063088,63.54621848739496,27.47165800944675,67.15959816986356,954.4117114002959,78.52524645792046,48.83728903746646
2025-05-27 02:45:00,25.58427320103402,67.80600890084224,63.54621848739496,27.49801574807487,66.9851865001023,964.0852565674629,78.33003938463303,48.8863898493526
2025-05-27 03:00:00,25.469387113545906,67.814910005194,63.54621848739496,27.534566437971527,67.03956093724297,963.9121938318901,78.22313616613526,49.13205437598607
2025-05-27 03:15:00,25.461857310602078,67.76087335353984,63.54621848739496,27.563770187437992,66.92355940355931,971.3776047731473,77.93195044560139,49.425994807612796
2025-05-27 03:30:00,25.851218459735616,67.77003609220722,63.54621848739496,27.549485941790145,66.8369510388335,972.153432470198,77.54668229720357,49.762676924520235
2025-05-27 03:45:00,25.40792588790165,67.72213178716174,63.54621848739496,27.59646215461232,66.99545027987905,969.9453888928638,77.1036664920333,49.50557464445092
2025-05-27 04:00:00,25.411771775660394,67.650077941713,63.54621848739496,27.58878278964771,67.12643791683672,959.0814243497031,77.88850391894019,49.79562389683867
2025-05-27 04:15:00,24.998871634963137,67.57522477191493,63.54621848739496,27.613622877675496,67.02736744893649,954.7318014479882,77.62555023403614,49.56663994038272
2025-05-27 04:30:00,25.024213702926083,67.70014628183691,63.54621848739496,27.682679059440005,67.32087325189913,954.9545111504312,77.824467398733,49.50272666836469
2025-05-27 04:45:00,25.36253246481219,67.68999309018943,63.54621848739496,27.681161564036167,67.15007949961552,948.4281978630452,78.56743915523049,49.47093660946465
2025-05-27 05:00:00,25.768050812598517,67.7225429135064,63.54621848739496,27.688790308972308,67.32884586874381,956.0613145830821,77.648550013192,49.7411017432704
2025-05-27 05:15:00,25.973914441135342,67.6854412963997,63.54621848739496,27.698647599034317,67.18535380287511,962.2419294094282,78.569424014285,50.02400457794457
2025-05-27 05:30:00,25.748617698099697,67.66118854755521,63.54621848739496,27.711324502781515,65.11613223508755,957.2728436907256,78.42371538078334,49.816436119974405
2025-05-27 05:45:00,25.518561583342883,67.66174532725024,63.54621848739496,27.666100845369098,65.23134396947196,953.9733993138597,78.60980689758476,49.65127318431264
2025-05-27 06:00:00,25.553803228192592,67.66399679755271,63.54621848739496,27.719853917265848,65.25393662900902,953.1457985139309,77.68756491538136,49.98275906228151
2025-05-27 06:15:00,26.265348532963372,67.70501713478897,63.54621848739496,27.714084178290236,65.29214946828762,948.9496760526181,77.3148843993209,49.981603184986945
2025-05-27 06:30:00,26.698683352867473,67.70390648849907,63.54621848739496,27.757863700992413,65.21008559101085,952.5451923860423,79.51928750698211,49.72364277012125
2025-05-27 06:45:00,26.592487848713883,67.68536943986688,63.54621848739496,27.81226113636273,65.23256725833637,956.3215718810166,78.6771182095091,49.920622520712335
2025-05-27 07:00:00,26.15365561093194,67.70360615537797,63.54621848739496,27.82308958731279,64.9812097097675,961.5028346531017,78.51638523612321,50.10315682297423
2025-05-27 07:15:00,25.473402256459746,67.57139292866282,63.54621848739496,27.85823212351161,64.88534710783104,965.5884967073002,78.27442021287361,50.09517745184539
2025-05-27 07:30:00,25.098137194115466,67.4646158718115,63.54621848739496,27.84533158905732,65.01636382990176,963.8443636419308,78.4598459633788,49.56607627261453
2025-05-27 07:45:00,24.70583009337479,67.46858674705753,63.54621848739496,27.858736788933687,65.17679882965734,970.5985867189216,78.4140932884839,49.710173240190244
2025-05-27 08:00:00,24.541782769360598,67.50710358773313,63.54621848739496,27.921957457588135,65.24856794014609,974.0668423331957,77.31840688514816,49.66296003265346
2025-05-27 08:15:00,23.933556303358866,67.48807938835523,63.54621848739496,27.901058132341724,65.06418777534469,966.2765695246901,77.86300807360384,49.3242967726054
2025-05-27 08:30:00,23.26214709254947,67.69100894662085,63.54621848739496,27.922918519095372,65.05057033289506,962.7955023297029,78.26596851507898,49.31173511887324
2025-05-27 08:45:00,22.348878402427204,67.64909537189733,63.54621848739496,27.91875782846891,65.03734958623586,972.8213037312372,78.09540313135278,49.60073721019684
2025-05-27 09:00:00,21.853065590130146,67.72944193179322,63.54621848739496,27.942241806051538,65.39177686327707,966.7054693841751,77.57746117480607,49.52885856377789
2025-05-27 09:15:00,22.085823104619955,67.56566525330635,63.54621848739496,27.97274253409306,67.19115270305355,967.189541850106,78.14246328308593,49.90246593174558
2025-05-27 09:30:00,22.49618250834823,67.62567432060546,63.54621848739496,27.962753096772907,67.38225816327567,969.2916210700469,78.8164152956912,49.759605028305465
2025-05-27 09:45:00,22.47004652611697,67.73823773435737,63.54621848739496,27.99774526531221,67.5910076325141,968.6452759991865,79.01526347147212,49.970553065423466
2025-05-27 10:00:00,22.28960187929637,67.79474319654251,63.54621848739496,27.985121077712677,67.78640918788585,963.8576347879887,78.8699948979819,50.255673531595626
2025-05-27 10:15:00,21.89483370006645,67.94001572203965,63.54621848739496,27.94914939307137,68.08136711495928,961.0789397809945,77.65490711263176,50.51028078124214
2025-05-27 10:30:00,21.649943827514395,67.8980199041362,63.54621848739496,27.944354210652733,67.99647427333488,966.2419682019892,78.8979959829641,50.36201381502129
2025-05-27 10:45:00,21.988995188889692,67.89857826614934,63.54621848739496,27.932388836113226,67.6243867851897,959.5206891124966,78.89313010684671,50.1043120436974
2025-05-27 11:00:00,22.76688303580654,67.8381547203262,63.54621848739496,27.984174428631643,67.727194958534,961.886827436511,77.77213787896802,49.93839006036392
2025-05-27 11:15:00,23.04070262628553,67.68386940244486,63.54621848739496,27.95873674363171,67.54504287623283,955.7954358311664,79.62365263342427,49.96439506407324
2025-05-27 11:30:00,22.806864324124255,67.72296121468322,63.54621848739496,27.952538588185252,67.62067796649374,959.4519044950802,77.93818819970828,50.48702562858365
2025-05-27 11:45:00,22.789566179904888,67.62813249579715,63.54621848739496,27.99248337364558,67.82553142581155,968.2200353336345,77.94902370817823,50.78474665823578
2025-05-27 12:00:00,22.74602078722522,67.58729140969628,63.54621848739496,27.967177565346923,67.78047269925494,969.4869246412419,78.74254703356341,50.65947912362726
2025-05-27 12:15:00,23.131646077857404,67.48845136030593,63.54621848739496,27.940512711441755,67.87070670275513,974.142575427726,79.22648264033892,50.84377586005082
2025-05-27 12:30:00,23.618237965232648,67.45066173595986,63.54621848739496,27.929513878244375,68.01235074811511,971.2690378228999,78.8538317255046,51.035247586431
2025-05-27 12:45:00,23.64304634218775,67.47248656105731,63.54621848739496,27.93594791350123,65.93631075735398,975.2088353762615,77.90247087383825,50.79140314614919
2025-05-27 13:00:00,23.332757997411697,67.56175800177905,63.54621848739496,27.948180979927805,66.01715688316179,968.2336619373389,79.05332413260943,50.64787633192816
2025-05-27 13:15:00,22.714040253134552,67.54915617472169,63.54621848739496,27.88588470626413,65.85352823752014,973.7652047113354,78.16727305108273,50.51279369570921
2025-05-27 13:30:00,22.551003722831226,67.49053108919739,63.54621848739496,27.836009000218883,65.85210201473659,972.238630435129,78.38738586789638,50.39561559396849
2025-05-27 13:45:00,22.588515000106163,67.55297490749683,63.54621848739496,27.8459651409998,65.72586604326645,977.1941320181475,78.7864535871306,50.56051663474294
2025-05-27 14:00:00,22.714066788769493,67.58228055307168,63.54621848739496,27.8115975714076,65.98625457701156,967.8643560226727,78.0860300426853,50.474729167854846
2025-05-27 14:15:00,22.648046986067342,67.60932818897254,63.54621848739496,27.82560220669245,66.23085476964191,970.8891214864494,79.50843827187481,50.17888229893116
2025-05-27 14:30:00,22.134715934395594,67.74905071324564,63.54621848739496,27.78032176903257,66.23458311016792,973.4936854041001,78.5884015367648,50.10284782287611
2025-05-27 14:45:00,21.522016942823345,67.70312734238311,63.54621848739496,27.7809896047741,66.1327091091335,973.0176278702218,79.7460031383403,50.15995581808285
2025-05-27 15:00:00,20.956054383998058,67.82101045950267,63.54621848739496,27.786171800608734,66.45683545098504,971.0380964249006,78.9408989827147,50.40867894456692
2025-05-27 15:15:00,20.99752645271106,67.96224143819225,63.54621848739496,27.855540753914354,66.49914164978449,972.2279374431849,78.5721040065229,50.47828261496479
2025-05-27 15:30:00,21.501595469067198,67.97842069752805,63.54621848739496,27.872896776033542,66.4171634060931,980.0180581106338,78.2092203774967,50.003235052528545
2025-05-27 15:45:00,21.76828446279295,68.00686399762503,63.54621848739496,27.880506921929076,66.71579271759637,978.9876332428731,78.61890171466163,50.183610601696834
2025-05-27 16:00:00,21.437260747552404,68.06245739836321,63.54621848739496,27.87060776632904,66.93276582326386,975.5154101524511,78.96763221936163,50.47719550407259
2025-05-27 16:15:00,21.49413058404811,67.91831466367118,63.54621848739496,27.87113104283929,68.63341889066395,977.912408215068,79.79546422951793,50.48865692549229
2025-05-27 16:30:00,21.362064824255008,67.6844141073631,63.54621848739496,27.893240938423745,68.77115275038125,980.741555228293,77.65238325241125,50.55597465490052
2025-05-27 16:45:00,22.251982026281414,67.66739987930377,63.54621848739496,27.891652213414886,68.69439665350585,988.1889804575093,78.77280643466632,50.49281040453011
2025-05-27 17:00:00,22.949862048780403,67.57353522173361,63.54621848739496,27.869329553922466,68.68266578274793,982.3907995458933,78.86873727349261,50.042202848815954
2025-05-27 17:15:00,23.465799416324813,67.52583504111503,63.54621848739496,27.874277018966655,68.34931329041973,974.1011670913412,78.25531095077771,50.29447288878335
2025-05-27 17:30:00,23.660849122387397,67.45953432464628,63.54621848739496,27.768819254816723,68.47503708387114,967.7526272237512,78.56255254006916,50.2007164643698
2025-05-27 17:45:00,23.72281124124884,67.37698200279483,63.54621848739496,27.75411230443344,68.40712831484909,966.2016092257526,77.84164084552283,49.888726253537456
2025-05-27 18:00:00,23.799912784719908,67.40949765376746,63.54621848739496,27.685082217450915,68.4566313695954,971.4980544195998,77.83100105164395,49.69954684612309
2025-05-27 18:15:00,24.40847005349192,67.51762322729071,63.54621848739496,27.64341735153883,68.76619057690164,971.7716393666957,78.04656064280859,49.67376078774353
2025-05-27 18:30:00,25.10270021954657,67.46232369871295,63.54621848739496,27.6629809995034,68.62987866699044,962.2914406957252,77.84782995211867,49.57343273224098
2025-05-27 18:45:00,25.278159033085654,67.51557947674426,63.54621848739496,27.64455487057632,68.83249277615258,961.6421477330493,79.06288924522836,49.45224253024483
2025-05-27 19:00:00,25.0437815160372,67.51741834119548,63.54621848739496,27.620181402651077,68.26500651059852,965.6486071180816,78.37154544054016,49.57591869371984
2025-05-27 19:15:00,24.67241096756207,67.58012526410627,63.54621848739496,27.681722584114592,68.26382055746654,975.0224856694192,79.24899414763378,49.52870496685062
2025-05-27 19:30:00,24.605736490809086,67.59036631752579,63.54621848739496,27.67954337437542,68.44054616653426,968.6279551507085,78.87919409553461,49.87625566789251
2025-05-27 19:45:00,24.77295908092768,67.48871313780461,63.54621848739496,27.64804701112827,68.59749251480243,964.022407528373,78.28064420463123,50.04201754641358
2025-05-27 20:00:00,25.201061559189117,67.44733530012293,63.54621848739496,27.703540963811324,66.6158926823284,964.5892626825542,77.75012306139493,49.672395200015465
2025-05-27 20:15:00,25.271258133696346,67.37547967182537,63.54621848739496,27.721564121634955,66.38578007879819,968.1989587391291,79.13480501579718,49.34090701268878
2025-05-27 20:30:00,24.809246474698966,67.43881116810947,63.54621848739496,27.752433995427694,66.61491434181615,967.4270773207996,78.97618267856137,49.280764807103935
2025-05-27 20:45:00,23.90059634481445,67.58251671182175,63.54621848739496,27.787920510173446,66.88265468293392,972.284497753395,77.86759586962998,49.02085558456707
2025-05-27 21:00:00,23.41309899401329,67.64101406249671,63.54621848739496,27.83607984447922,66.89430789781271,970.3250545929214,78.853079497975,48.7865244454103
2025-05-27 21:15:00,23.703933591693186,67.53726170953345,63.54621848739496,27.86283779542283,66.93797789762979,967.3728200069762,78.59627884116354,48.63186586045039
2025-05-27 21:30:00,24.347606059436103,67.51675006261499,63.54621848739496,27.858646945051444,67.05114998397812,964.0320447553669,77.95661993872065,48.34285718521592
2025-05-27 21:45:00,24.232354530147965,67.49096801527865,63.54621848739496,27.904764446784924,66.8070663548931,962.6843191165551,77.02043924926615,48.70423256429592
2025-05-27 22:00:00,24.267226622016565,67.37773564674956,63.54621848739496,27.892344993030683,66.62215966267989,961.7522330388066,78.07577668716301,48.913464800892434
2025-05-27 22:15:00,24.07870175594364,67.22202794462477,63.54621848739496,27.86060153015458,66.3784225257782,962.0867927830506,77.77756847076661,48.64495513596723
2025-05-27 22:30:00,24.23692960604501,67.18325995523871,63.54621848739496,27.845927751774646,66.2848178192179,971.2737448123643,78.6188083792402,48.56185571196525
2025-05-27 22:45:00,24.898682387466362,67.22628009582577,63.54621848739496,27.8657599438437,66.25647642909009,968.8226532276497,78.54792312054794,48.767468822911134
2025-05-27 23:00:00,25.55668834167414,67.13897178224076,63.54621848739496,27.91994026958611,66.40848404543684,970.88687032292,77.46989267120979,48.94410065599669
2025-05-27 23:15:00,26.03239559535581,67.07308725516769,63.54621848739496,27.871589020942462,66.35573698943877,971.7488284752869,77.59503941121326,48.87721971627072
2025-05-27 23:30:00,26.156420281861323,67.0223506805516,63.54621848739496,27.830268856584077,68.198899903977,970.6822174552748,78.82981611419619,48.72731500237552
2025-05-27 23:45:00,26.285569906413652,67.0394788195276,63.54621848739496,27.7883522378114,68.14233124298536,965.8661315311437,77.78516329698037,48.934953546949004
2025-05-28 00:00:00,26.75522880918761,67.05064571152296,63.54621848739496,27.741235252081626,68.19327585051866,966.3742793221935,76.71775321705513,49.112831513129
2025-05-28 00:15:00,26.943104346728,67.05672121224026,63.54621848739496,27.706974623445152,68.28119415233336,962.2206332266318,78.05020802584129,49.074627582599625
2025-05-28 00:30:00,27.641671846948935,67.06844073444287,63.54621848739496,27.69970724119303,68.46804180274168,957.9950714836772,77.7405428046842,49.208136718055506
2025-05-28 00:45:00,27.607243007253885,67.00193227603033,63.54621848739496,27.647644880899833,68.3368930437548,952.6826717959356,77.89083604057502,49.16304059857591
2025-05-28 01:00:00,27.30794499235235,67.04070457333914,63.54621848739496,27.62385187193738,68.05902969408288,946.2367000649219,78.64415360724534,49.0294048599283
2025-05-28 01:15:00,27.015262230264806,66.8264639687364,63.54621848739496,27.62040690023515,68.21704438393004,949.3644738232294,77.55752357131233,48.75598094915437
2025-05-28 01:30:00,26.79870668376143,66.71066754371832,63.54621848739496,27.632768665397922,67.82542348557112,947.7194728458547,78.0302110184374,49.098788856975524
2025-05-28 01:45:00,26.874205549249886,66.69852105410561,63.54621848739496,27.59664600108176,67.81787831199925,947.952630163524,77.9257939848185,48.99058182533851
2025-05-28 02:00:00,27.100470665147693,66.73553805949783,63.54621848739496,27.628649125258505,68.02953384398559,949.1115922756228,77.50507647960262,49.251884724257124
2025-05-28 02:15:00,27.084314262700158,66.60343220085028,63.54621848739496,27.650673405310762,67.75329842733007,945.0775661559068,78.01983347415096,48.943914991675044
2025-05-28 02:30:00,26.430660781160732,66.68876262636574,63.54621848739496,27.608496589200506,67.68820886072128,954.1260982663293,77.15872505846137,48.94016852820189
2025-05-28 02:45:00,25.87570751824801,66.71890819624973,63.54621848739496,27.59279861829223,67.74556729117832,961.7341831131731,78.34242397192608,48.96967292449959
2025-05-28 03:00:00,25.439015031131138,66.66371174234247,63.54621848739496,27.552749075807686,68.0168967733874,963.9832130889188,76.99297977518766,48.97301403654262
2025-05-28 03:15:00,25.65407103216682,66.7032755623922,63.54621848739496,27.50912952009493,66.26279598617528,957.3552624273644,77.52682175841286,49.09219133030808
2025-05-28 03:30:00,25.85167909984377,66.76575303200744,63.54621848739496,27.51652294424883,66.52683163338371,952.9859427235989,77.83005713360303,49.339233116567975
2025-05-28 03:45:00,25.779063470234995,66.7960344808678,63.54621848739496,27.570208837266357,66.24796866464942,958.0988261747517,77.83694118697166,49.229876279842365
2025-05-28 04:00:00,25.54721441653715,66.8081638968302,63.54621848739496,27.564046775980813,65.86968661584982,959.1083502407979,77.97045103584794,49.275046142369156
2025-05-28 04:15:00,25.005979934157136,66.73044444501302,63.54621848739496,27.49497477633326,65.8836416965577,958.7059330955753,78.58271960889678,49.80231358036913
2025-05-28 04:30:00,25.04555095299655,66.65451289668145,63.54621848739496,27.519670288447866,65.6523359253572,955.2555070093002,78.58984664432005,49.505556435260296
2025-05-28 04:45:00,25.352853822404654,66.74994586628156,63.54621848739496,27.44242119150971,65.66366265341847,950.2275566473526,77.81920953379195,49.29521637345916
2025-05-28 05:00:00,25.945999361218476,66.77300177822877,63.54621848739496,27.43437902085295,65.79772712003685,951.9119621722499,77.68129989451415,49.2979903160275
2025-05-28 05:15:00,26.359934017519286,66.64726035062867,63.54621848739496,27.393103617053182,65.36974441948934,947.7259777286996,77.90588669272901,49.17480669238114
2025-05-28 05:30:00,26.04315083094601,66.68601321197409,63.54621848739496,27.402374327917883,65.42298037027433,942.3142213804251,78.35530400644451,49.46963748630905
2025-05-28 05:45:00,25.67984262278283,66.63427268428951,63.54621848739496,27.410891061581772,65.7150126168426,941.965293303384,78.34782592889162,49.73441739604614
2025-05-28 06:00:00,25.64230848011836,66.60965842564619,63.54621848739496,27.435496506970985,65.69832732187771,937.6715503306032,77.82734930676574,49.750766020965074
2025-05-28 06:15:00,26.04520254623564,66.69479756427833,63.54621848739496,27.497480580242286,65.73351831487744,937.71390923395,79.11193246416518,49.813384891189976
2025-05-28 06:30:00,26.279022315506065,66.61831111617543,63.54621848739496,27.494771535954712,66.00541530327865,933.3846955099297,77.22405074307805,49.783471779143994
2025-05-28 06:45:00,26.45266755249231,66.6731707968522,63.54621848739496,27.49580938641975,67.92727286800385,929.7035880293241,78.6073436211277,49.93763622604028
2025-05-28 07:00:00,26.140605832822427,66.56983332016138,63.54621848739496,27.51996695585337,68.06985190255489,931.6679087189638,77.63659457411845,49.90109160265241
2025-05-28 07:15:00,25.580466473290546,66.52150175535209,63.54621848739496,27.514454514812265,67.9364374273303,930.9428404866846,78.92776007115579,49.75481048839719
2025-05-28 07:30:00,25.395861995315034,66.4727173019134,63.54621848739496,27.509027941111277,68.15790565411517,931.9015724945019,78.48013494047169,49.642403994248504
2025-05-28 07:45:00,25.070484084640775,66.44670119994885,63.54621848739496,27.520702864693607,68.408559212786,929.9734355177629,78.28983393094961,49.38564022805838
2025-05-28 08:00:00,24.98658379753845,66.4841979434075,63.54621848739496,27.462854161501735,68.16715201196583,928.1531543627459,76.846295348986,49.556823385051985
2025-05-28 08:15:00,25.13541784721898,66.531581177141,63.54621848739496,27.554135139379333,68.26254390818706,932.9475930300498,78.11697323876086,49.625930401255644
2025-05-28 08:30:00,24.207432625711572,66.67385643689188,63.54621848739496,27.53519071090509,68.0624187676831,938.3275404204901,78.55736501741765,49.68795526184311
2025-05-28 08:45:00,23.15958282524413,66.69581074699653,63.54621848739496,27.475404962523957,67.82091555323993,937.2301603638186,78.44888462130496,49.17940176441742
2025-05-28 09:00:00,22.70234011538907,66.83947126049227,63.54621848739496,27.476498294188644,68.06072250521859,933.2787559749704,77.7297595632573,49.674908288931775
2025-05-28 09:15:00,22.600524160217073,66.67126928423374,63.54621848739496,27.552205281886707,68.13915240432678,929.239592618816,76.74720790597203,49.892385189745895
2025-05-28 09:30:00,22.9936581766153,66.6071801653973,63.54621848739496,27.55335382732628,68.21032999119439,923.4038095486209,77.89369731807932,49.84543413572964
2025-05-28 09:45:00,22.77511510229664,66.65630480464054,63.54621848739496,27.5503617721714,67.84802149773431,926.6313814025476,78.45449460492325,49.98000182035392
2025-05-28 10:00:00,22.58389406016211,66.6620205845425,63.54621848739496,27.595393921952613,67.80301496531898,925.6989336105289,79.50134519907138,49.8562984189086
2025-05-28 10:15:00,22.057501683210862,66.60026933350566,63.54621848739496,27.597616103147722,65.84240036671952,926.3258602489637,77.43691081094441,49.74430978418678
2025-05-28 10:30:00,22.000063718530594,66.48412134378098,63.54621848739496,27.57173001576128,66.01014127867533,935.2468072447126,77.76051322857961,49.68702557937825
2025-05-28 10:45:00,21.84085671465849,66.54180825245781,63.54621848739496,27.58443896084702,65.84888838235392,931.6167898714817,78.6823062142265,49.50002487044131
2025-05-28 11:00:00,22.558107656949698,66.47910157565003,63.54621848739496,27.653362056283804,65.90436917141022,924.1012540679434,79.17733776846593,49.288010432306514
2025-05-28 11:15:00,23.133124539557468,66.49976582526604,63.54621848739496,27.676882153281564,65.95472003109116,925.5933621410861,76.92416104441814,49.323387050955
2025-05-28 11:30:00,22.9958380706852,66.4913810158621,63.54621848739496,27.713398168408443,66.02606172595578,928.3061024514903,75.71227992164637,49.538344615592926
2025-05-28 11:45:00,22.858663367778416,66.36333761484244,63.54621848739496,27.763009324070016,66.26088065271124,929.8376432520035,77.41698162689248,49.6808342909148
2025-05-28 12:00:00,22.794628674739894,66.47947589395797,63.54621848739496,27.780677997370052,66.15167036214778,924.323977948122,79.00766262758364,49.674878935855574
2025-05-28 12:15:00,23.245456740063148,66.56946913846387,63.54621848739496,27.765066896653366,66.13912347265246,923.4605441955861,78.11956711495424,49.614413083067454
2025-05-28 12:30:00,23.748241029505728,66.53519425194334,63.54621848739496,27.810910394611128,66.27251962497421,918.9339140379367,77.72590276115365,49.78039903674919
2025-05-28 12:45:00,23.911420126304943,66.50435487091504,63.54621848739496,27.795706460869408,66.38697459337692,918.6669521202281,77.43982127916571,49.81123490287191
2025-05-28 13:00:00,23.36249079737198,66.64885405415815,63.54621848739496,27.87354520729125,66.46615715389467,919.2087276449433,78.36312959523167,49.721798570735636
2025-05-28 13:15:00,22.97503055237638,66.58197960912385,63.54621848739496,27.862044181491918,66.15304231408045,914.4407772880162,78.41064457254906,49.66727470484205
2025-05-28 13:30:00,22.62372587742913,66.50204166114358,63.54621848739496,27.860879711356173,66.20676567339177,922.2542133578542,78.72479373947591,49.6492068719954
2025-05-28 13:45:00,22.71605362262126,66.44698965065899,63.54621848739496,27.853516852512577,66.32652557474015,922.1821487677043,79.1332012538827,49.6304132507756
2025-05-28 14:00:00,22.78273228940258,66.39942136300857,63.54621848739496,27.833723238451288,68.59379357381559,917.2812525534724,77.83854302810941,50.062558900416754
2025-05-28 14:15:00,22.60193757684557,66.53905880526574,63.54621848739496,27.817600680541023,68.64412119199896,909.8281463766247,79.66091823559535,49.844597280326134
2025-05-28 14:30:00,22.234774687154903,66.69232584398266,63.54621848739496,27.80222033431568,68.96719040901135,912.3529060612856,78.66328356564509,49.90725422517984
2025-05-28 14:45:00,21.374079882116238,66.60695144862332,63.54621848739496,27.76237693765644,69.20602124963943,913.7452298565014,77.85319514987978,49.56324475624324
2025-05-28 15:00:00,21.06000223001232,66.6509504287502,63.54621848739496,27.786446218800492,69.58922223538498,909.3363414915176,78.35811972725288,49.70906231386167
2025-05-28 15:15:00,21.426250177434262,66.60019383149925,63.54621848739496,27.779330092255314,69.6140962092464,902.7345367415829,78.30195351463063,49.33509431251725
2025-05-28 15:30:00,21.375670319895594,66.4823840812432,63.54621848739496,27.770446683659785,69.8144971338827,907.6710260673673,77.9839431780688,49.195554750235985
2025-05-28 15:45:00,21.302866090466942,66.36741763263916,63.54621848739496,27.776184269264125,70.07660493589813,905.7159357136042,78.72981416804215,49.10192877670398
2025-05-28 16:00:00,21.17932364633813,66.34239925044508,63.54621848739496,27.790616010811682,70.21680162648252,912.2479450549987,78.37775386281756,49.00799379610597
2025-05-28 16:15:00,21.02226347263028,66.3680808109034,63.54621848739496,27.761740603693443,69.69483376093395,912.4716284178085,79.3302164326429,48.4739837560445
2025-05-28 16:30:00,21.434011062021447,66.12377352208046,63.54621848739496,27.802449147124175,69.59059428916058,908.0262114296061,77.81385563225315,48.49403319762889
2025-05-28 16:45:00,21.74914761584162,66.18138450428495,63.54621848739496,27.760865919379537,69.71531518009508,905.9049103356828,77.70343792955681,48.818703932180355
2025-05-28 17:00:00,22.527865123950146,66.2840378391484,63.54621848739496,27.76363965491048,69.60050991320323,911.1135230916735,77.39019730089855,48.680841776654546
2025-05-28 17:15:00,22.864490804426556,66.29550234314866,63.54621848739496,27.733341769144346,69.61760354014804,913.7997304865304,78.917240981009,48.79773705375776
2025-05-28 17:30:00,23.125182821410476,66.2328744073007,63.54621848739496,27.703292676425946,67.4818105763101,904.5073705648175,77.99103295499353,48.13894459546975
2025-05-28 17:45:00,23.343522367060885,66.16966496904915,63.54621848739496,27.739812253831964,67.30087005312323,901.466109273995,77.07850107899533,48.27861214207245
2025-05-28 18:00:00,23.651511405822454,66.12516750308095,63.54621848739496,27.75546955760043,67.22769974556527,897.2174644480873,77.9866582639449,48.30748900200192
2025-05-28 18:15:00,23.877396917503308,66.16352008057245,63.54621848739496,27.76856390661987,67.15074304363672,903.2366184603495,77.41312401486474,48.339870075405706
2025-05-28 18:30:00,24.407198761870703,66.0313637808248,63.54621848739496,27.787299026413265,67.14297386575484,907.5077708401695,76.33014843071852,48.5942830164344
2025-05-28 18:45:00,24.834945534536416,66.06428300046724,63.54621848739496,27.825559757652055,66.93528160747567,913.0646858660563,77.91338978764804,48.770377567233226
2025-05-28 19:00:00,24.597210064407015,66.01982942071224,63.54621848739496,27.86013145067052,66.77105407487892,911.1024276485435,78.16017702190057,48.472258465821646
2025-05-28 19:15:00,24.239744705383323,65.93517113818721,63.54621848739496,27.829983526732676,66.83853817802229,903.8906852817263,78.1708265508911,48.42463497709732
2025-05-28 19:30:00,24.08105998061516,66.03633769895598,63.54621848739496,27.750370158834077,66.88321125329465,899.6276015264067,77.85942553195684,48.525842544451045
2025-05-28 19:45:00,24.570084416383057,66.04131772815043,63.54621848739496,27.71881568101394,66.88603334682935,902.5029620436371,78.33682137283195,48.369247888049195
2025-05-28 20:00:00,25.098676301856173,66.15045357670579,63.54621848739496,27.705857157031907,66.90844579533103,900.2978193997524,78.09874875478268,48.56397718314608
2025-05-28 20:15:00,25.069189991230154,65.99316961699667,63.54621848739496,27.67811627680884,66.9457131005097,905.247644718479,79.47050689731438,48.36377331620103
2025-05-28 20:30:00,24.483101879885936,66.06004186242933,63.54621848739496,27.676691651278862,66.8834060667468,903.0563509917314,78.06254663840856,48.446791322002206
2025-05-28 20:45:00,24.112481421213868,66.07165533751254,63.54621848739496,27.606603031077384,67.01634395461687,909.885101881079,77.43749090699913,48.25592479257963
2025-05-28 21:00:00,23.843392517538998,64.74146237968556,63.54621848739496,28.15821202435266,66.94725039793504,938.6150213498394,78.68493690509011,48.143644133459226
2025-05-28 21:15:00,24.15874218116117,64.60019014611969,63.54621848739496,28.138970640925415,68.74020348759106,940.779188121057,78.88693366323216,48.03688396355339
2025-05-28 21:30:00,24.431670761954713,64.63612842714033,63.54621848739496,28.15014050443889,68.94308017550996,939.571726704179,76.7585236947032,48.2609835657877
2025-05-28 21:45:00,24.84928301925925,64.6475902839537,63.54621848739496,28.210911149532635,69.17145378067173,939.0408149370616,78.24509486916779,48.39813928980369
2025-05-28 22:00:00,24.317614366415643,64.6915732621016,63.54621848739496,28.186430061969,69.03069421549176,943.6685347321506,77.31793972830256,48.36411814643477
2025-05-28 22:15:00,24.114239970278053,64.73712768353974,63.54621848739496,28.146653773043813,68.837876583119,928.6230031239973,77.37688015279878,47.929214836572264
2025-05-28 22:30:00,24.212409651896174,64.7378721808029,63.54621848739496,28.13063786685279,69.07438639304877,938.9184881849302,77.6801061820328,48.13227883813829
2025-05-28 22:45:00,25.07462716915196,64.67081348472796,63.54621848739496,28.13477675637711,68.84377635412653,937.5097713113328,77.39527905868337,48.389940922933526
2025-05-28 23:00:00,25.939153471318413,64.72045160294418,63.54621848739496,28.07587241782319,68.82554872395869,930.4743300715202,76.70167826785897,48.35795281687908
2025-05-28 23:15:00,26.23519571077187,64.688213832075,63.54621848739496,28.038342795003484,68.65719219228161,925.7063414784612,77.2949040401814,48.315436845440274
2025-05-28 23:30:00,26.618695570113754,64.73489122981289,63.54621848739496,27.986575050977436,68.51968811006097,929.6390213220384,77.99066637203967,48.62036236628435
2025-05-28 23:45:00,26.59767494854008,64.75853538248681,63.54621848739496,28.048986909985796,68.3506201768552,928.0276830391293,77.45897493469549,48.68960165850616
2025-05-29 00:00:00,26.65095078500869,64.80601652877313,63.54621848739496,28.020682897198384,68.33432013252833,936.0980248102377,77.42806305921164,48.346807213835994
2025-05-29 00:15:00,27.253450516498336,64.72173362840442,63.54621848739496,28.005665541032542,67.9803243696016,930.3580082896173,77.36758378719614,48.44243355592536
2025-05-29 00:30:00,27.896431785794178,64.81699515797473,63.54621848739496,28.03806522806425,68.66900470366511,925.2686272683426,78.87548229744891,48.33058387968494
2025-05-29 00:45:00,28.25440116926238,64.95920098892474,63.54621848739496,27.98232682204895,66.59929246285002,914.1590475308419,77.51848389071468,48.23878190430495
2025-05-29 01:00:00,28.151050597818443,64.97653376450847,63.54621848739496,27.965287478410968,66.64063259891518,920.0018382412773,77.94447020323555,48.21603700525432
2025-05-29 01:15:00,27.415056680845368,64.91812045691583,63.54621848739496,27.96742493357081,66.70297458359065,922.4954616242649,77.3480542414157,48.42700889739364
2025-05-29 01:30:00,27.015553963473838,64.92666481898183,63.54621848739496,28.005752599814407,66.4002457686211,927.1584484665627,77.32390509713541,48.864953114109646
2025-05-29 01:45:00,27.022522699535404,65.03906659240174,63.54621848739496,27.97303328552489,66.28252270681391,921.4213178659113,77.84682133737948,49.08914923122961
2025-05-29 02:00:00,27.071070239306085,65.12652355818476,63.54621848739496,27.942700822228417,65.96423734820304,918.7660092774659,78.23306277135107,49.011799167075374
2025-05-29 02:15:00,27.043046706192573,65.05445412973178,63.54621848739496,27.92214271994783,65.92405044788136,929.001631905567,77.4774282331194,48.999822366895266
2025-05-29 02:30:00,26.512360760592784,65.04891096658604,63.54621848739496,27.923807593869206,66.0975207077863,929.4653381186617,78.12693296085565,49.00513318284084
2025-05-29 02:45:00,25.719693501059325,65.1137188654658,63.54621848739496,27.936036914471234,66.28272611243685,927.6195876905265,78.4592391698735,48.8568823102737
2025-05-29 03:00:00,25.706813358861503,65.1033769984757,63.54621848739496,27.915381102633173,66.19754871020743,929.6016439215645,78.52670934493453,48.82669761068179
2025-05-29 03:15:00,25.642888996119556,65.10194841543432,63.54621848739496,27.95944251686124,66.3338932829688,929.1134774414259,78.45212365918151,48.747239928383884
2025-05-29 03:30:00,25.664786652639272,65.01077472688148,63.54621848739496,27.969376349746508,66.32556184165902,922.3027866906899,77.93734555260512,48.76643686699969
2025-05-29 03:45:00,25.657907641005234,64.95499121378607,63.54621848739496,27.98950051848872,66.06187565186829,919.890245994622,78.33996954047414,48.51432553456642
2025-05-29 04:00:00,25.48006220944012,64.96667394510476,63.54621848739496,27.999483077795865,65.92428604851354,921.2670439538089,79.19121058460192,48.34889696791544
2025-05-29 04:15:00,25.058885042793168,64.92692035246377,63.54621848739496,27.995729377744755,68.00168401404069,927.4384152090236,78.02083094160302,48.61797266065015
2025-05-29 04:30:00,24.91637728475994,64.95776825232224,63.54621848739496,27.99826076347918,68.13816160292915,915.975812636793,78.21683736798137,48.42714721921224
2025-05-29 04:45:00,25.21644917651867,64.97387578294675,63.54621848739496,28.027924531601602,67.99834467327422,918.3210554864612,78.96823410685745,48.338013612672036
2025-05-29 05:00:00,25.909003774063905,64.95799872750938,63.54621848739496,28.034206510588536,67.81634756630622,924.4113884444978,77.53573466597841,48.319587505593766
2025-05-29 05:15:00,26.0962579070573,65.086247505451,63.54621848739496,27.991781012349904,68.23800470196602,921.8681783562558,78.37027790605426,48.779963124480304
2025-05-29 05:30:00,26.13435718586056,65.07508720735582,63.54621848739496,27.995619953374455,68.14904528276287,930.1479483684924,78.23735263141626,48.963927055795594
2025-05-29 05:45:00,25.891062287148127,65.21162702130071,63.54621848739496,27.979408393891145,67.9518662345064,927.6121085812201,79.19981734432302,49.166537205170165
2025-05-29 06:00:00,25.87252928824088,65.11363055128305,63.54621848739496,27.933132742349972,67.82032436988344,936.2869046356174,77.28828519186315,49.24125975749165
2025-05-29 06:15:00,26.087591381141458,65.1398170370879,63.54621848739496,27.872215510254016,67.75129386376766,934.5838544243356,78.7275134768055,49.13786788126691
2025-05-29 06:30:00,26.481134551508386,65.22538054632084,63.54621848739496,27.851326974638727,67.83200787857567,931.5201338848517,78.1994948692077,49.05074978846042
2025-05-29 06:45:00,26.51369088912905,65.2750647380548,63.54621848739496,27.83983313976231,67.82871330694911,933.4078824108065,78.43623728925745,48.85821089575161
2025-05-29 07:00:00,26.171010233590586,65.31468489621474,63.54621848739496,27.804669472115595,67.83319801989451,925.0177311148776,79.74048251633262,48.38718032001028
2025-05-29 07:15:00,25.525542982481543,65.34460716573635,63.54621848739496,27.813491630032157,67.72565622786047,916.3240534253179,78.26249367948175,48.57586394968838
2025-05-29 07:30:00,25.17895963575397,65.36326718417777,63.54621848739496,27.91468387780712,67.98983314379396,918.5026372101358,77.79612016087192,48.77451630612144
2025-05-29 07:45:00,25.107167436381324,65.43644176888427,63.54621848739496,27.95059451522174,68.05364714871095,926.143229210938,77.39304433958513,48.475348404880926
2025-05-29 08:00:00,25.195588948762538,65.48110925146992,63.54621848739496,27.963753826524552,66.41518997005312,931.4959792695167,75.93413205378141,48.140657130841795
2025-05-29 08:15:00,24.94891854804002,65.4484194484064,63.54621848739496,27.892143091945922,66.13900115564911,938.2023335389497,76.8606430791604,48.28016332331526
2025-05-29 08:30:00,23.94242155650377,65.44889578920082,63.54621848739496,27.879686816179916,66.27935284368785,931.3795160862514,77.3045499650338,48.3734771221
2025-05-29 08:45:00,23.272113392413505,65.51513227099367,63.54621848739496,27.933433902497356,66.18656989516647,932.2066225212274,77.88848681437283,48.63945113367825
2025-05-29 09:00:00,22.611714886461407,65.53268555893143,63.54621848739496,27.860739487250065,66.19718198339874,936.0937521313856,76.72904029858701,48.59441417975264
2025-05-29 09:15:00,22.53942601377061,65.52890389435031,63.54621848739496,27.890829963095484,66.40271681854676,930.5469097239752,78.51236631319141,48.41964411187074
2025-05-29 09:30:00,22.68922660439443,65.63083350355788,63.54621848739496,27.8939183978569,66.50919418041703,922.235874708932,77.54100222666628,48.198223475297176
2025-05-29 09:45:00,22.76695715712594,65.73448526128263,63.54621848739496,27.88854321046582,66.42943192020842,918.9893887986789,78.13808010829354,48.26771365910803
2025-05-29 10:00:00,22.40268148520685,65.64411553319216,63.54621848739496,27.849600550780877,66.05915598865873,921.7859196694534,77.96195105518092,47.99120657161288
2025-05-29 10:15:00,21.970948436759993,65.69054761800716,63.54621848739496,27.84473751941033,66.12902183675003,930.9887140855076,76.86805023874625,48.08030507086382
2025-05-29 10:30:00,21.55142064821983,65.71800539558413,63.54621848739496,27.841211681798132,66.42070578418814,934.075369498431,78.03749289341174,48.17494092283701
2025-05-29 10:45:00,21.88129092211865,65.77750044106689,63.54621848739496,27.875570291999775,66.6004847325811,934.1263536319874,77.84602718313312,48.26331690918825
2025-05-29 11:00:00,22.832376415657144,65.79651407118517,63.54621848739496,27.83312171323861,66.51259956020188,931.3220479677034,76.54692605503502,47.9320485624391
2025-05-29 11:15:00,23.035959178745145,65.77965059260454,63.54621848739496,27.824722611195995,66.31270794236795,929.1277568485954,78.19510128341385,47.95215888400266
2025-05-29 11:30:00,23.259421876191233,65.73463448393929,63.54621848739496,27.816532925182777,68.38843401384719,930.24174604521,77.30473833054383,47.80484862667256
2025-05-29 11:45:00,22.83882891100957,65.7838774500758,63.54621848739496,27.784023688348064,68.72823490349656,932.1371760581776,77.27938410106364,48.12004135530317
2025-05-29 12:00:00,22.94754345524951,65.80303420184036,63.54621848739496,27.854803009899836,68.871363971429,930.014861997688,78.17559608652029,48.25064567658366
2025-05-29 12:15:00,23.496352653838194,65.78268424954108,63.54621848739496,27.83823364562707,68.93405853276349,929.8064981866512,78.83317556505695,47.93241662222368
2025-05-29 12:30:00,24.221941075897576,65.85422970152447,63.54621848739496,27.843566864573113,68.99811428470375,929.9919266951165,77.48321191826301,48.16075165901712
2025-05-29 12:45:00,24.303431624333868,65.84304475086661,63.54621848739496,27.78068000806877,69.11616812020164,924.5032033479994,78.27184763601191,48.3607632527635
2025-05-29 13:00:00,23.962275869124507,65.81001090655587,63.54621848739496,27.785373730083194,68.83951226799418,932.9773750758158,77.99934984853694,48.09442414831985
2025-05-29 13:15:00,23.458795676004836,65.98210043147434,63.54621848739496,27.816887151847766,68.91614851688077,934.3181749337052,77.94477889603405,47.841768443366426
2025-05-29 13:30:00,23.123218213275834,66.02371097932537,63.54621848739496,27.82882343195887,68.71647880646076,930.2477984714159,77.92772216375198,47.70614961384551
2025-05-29 13:45:00,23.34798498544878,66.02250834553135,63.54621848739496,27.857341339944394,68.81644916867512,927.6480857314484,79.03308032721911,47.94158543112123
2025-05-29 14:00:00,23.31459195106575,65.89899010801976,63.54621848739496,27.87352044207389,68.73167097424982,925.75233821166,78.75058781219741,47.633928763618286
2025-05-29 14:15:00,23.30745071729096,65.88018632660415,63.54621848739496,27.90594681922465,68.5300897669597,925.9104223818924,78.27786246575057,47.446346770815
2025-05-29 14:30:00,22.378614534001272,65.76885290703673,63.54621848739496,27.985005680260663,68.63628466716453,927.953809867696,77.63232027743513,47.54193204272489
2025-05-29 14:45:00,21.710246905009416,65.74858453608132,63.54621848739496,28.047645335700334,68.49829468058977,924.9686653914904,77.9527725177157,47.56822180356296
2025-05-29 15:00:00,21.297805999726577,65.68596221717654,63.54621848739496,28.103233276944238,68.59703987816206,933.8876888841398,78.53740809962342,47.28263570685488
2025-05-29 15:15:00,21.243170275154895,65.8620198695843,63.54621848739496,28.093606354112552,66.74655076122906,937.1740044200211,77.78350931934895,46.91348694344667
2025-05-29 15:30:00,21.360310823100523,65.91302442456869,63.54621848739496,28.043852910056078,66.94154892592687,929.6920592676141,78.0045839696276,46.89916246382194
2025-05-29 15:45:00,21.330542010876854,66.12473702946163,63.54621848739496,28.03981745421539,67.21474239173976,935.6359117312394,77.64906955991545,46.97709432889793
2025-05-29 16:00:00,21.340427065333248,66.14478061198993,63.54621848739496,27.99886785978727,67.19136060548588,933.3583252626003,79.05498357471178,47.05064033049519
2025-05-29 16:15:00,21.393126763927395,66.12856458218315,63.54621848739496,27.999220613458878,67.49636889101042,935.7538053700372,76.96347920667564,46.86231328898619
2025-05-29 16:30:00,21.884088852148587,66.09110559752195,63.54621848739496,27.99584775967109,67.54613573989164,937.9402243469705,77.28626911064968,46.68764614000774
2025-05-29 16:45:00,22.400391290436644,66.17672246626654,63.54621848739496,27.912888155566893,67.72257836253694,929.3282427652971,77.9813324952577,46.857963435810646
2025-05-29 17:00:00,22.76365220609559,66.07905964662227,63.54621848739496,27.892246514630276,67.69794858396897,932.8672949581922,78.1212950425475,46.90535033302645
2025-05-29 17:15:00,23.402910677973598,66.1234546101732,63.54621848739496,27.898840725984726,67.86888457048704,929.370853982498,76.5293378323549,46.7002947422447
2025-05-29 17:30:00,23.691315355457554,66.34204375716196,63.54621848739496,27.846742799073834,67.70688334431195,929.7664945303499,77.71743014062429,46.737279485313884
2025-05-29 17:45:00,23.79939636774242,66.38006766911265,63.54621848739496,27.866798076039895,67.6000162797408,925.8806940416881,77.92339926761788,46.62466933910346
2025-05-29 18:00:00,23.847744028612137,66.38770961822999,63.54621848739496,27.863914872748566,67.76749927858843,933.8497997836188,78.03048852324156,46.901699995938664
2025-05-29 18:15:00,24.27510914814423,66.4084206816348,63.54621848739496,27.85605459469042,67.64930597715565,933.2233094407877,77.51497397225272,46.599814112766566
2025-05-29 18:30:00,24.80902454670883,66.37020394409969,63.54621848739496,27.87538456909545,67.69372889363693,935.0226205779525,78.34617786805656,46.30057191243317
2025-05-29 18:45:00,25.062019688491688,66.36937823206026,63.54621848739496,27.929285005746,69.70913747793082,932.4693013440948,77.60963759169833,46.48689326803997
2025-05-29 19:00:00,24.895676625236966,66.34339456742983,63.54621848739496,27.92570312934968,69.554683710191,931.0999963236866,78.10960915137244,46.630969770989914
2025-05-29 19:15:00,24.568517212220232,66.25927042523386,63.54621848739496,27.94472965667303,69.42508149754899,929.7260456898579,77.44315477472298,46.638488568997666
2025-05-29 19:30:00,24.33482210616312,66.27857993381905,63.54621848739496,27.944364990432902,69.30151164020268,929.1570941529744,77.2731533811921,46.84135860311976
2025-05-29 19:45:00,24.522909303232925,66.28897782768766,63.54621848739496,27.907653102399905,69.39472938931986,938.6792444660394,77.74420481047342,46.64730686718195
2025-05-29 20:00:00,24.58132095080661,66.32187507774698,63.54621848739496,27.88060187536478,69.3278891329561,941.0963310398473,78.1357052365219,46.53469946628096
2025-05-29 20:15:00,24.510483876643722,66.31873115354058,63.54621848739496,27.86048175311459,69.50549838721314,937.6254484063521,77.37625909795797,45.90476132013856
2025-05-29 20:30:00,24.28840144826347,66.27842343112708,63.54621848739496,27.829687321007274,69.45631895227483,936.877365059274,78.06516818579729,46.194354733813356
2025-05-29 20:45:00,23.667227764575028,66.4330427790805,63.54621848739496,27.812973677567886,69.39329834835745,931.4048546458664,77.6528853178578,46.17666555461957
2025-05-29 21:00:00,23.616907052048678,66.44153705505643,63.54621848739496,27.842232325266398,69.85658583909503,930.5697033436719,77.5453509289197,46.240401067930065
2025-05-29 21:15:00,24.06298184893628,66.41014444478328,63.54621848739496,27.831075505166137,69.64958949473538,935.7816586740571,79.81610681241756,46.11365271350616
2025-05-29 21:30:00,24.220762679722373,66.3613070341941,63.54621848739496,27.818035927059537,69.40247055455829,933.6988204019307,78.87692283548687,45.83167735066041
2025-05-29 21:45:00,24.375187882275284,66.34252631122848,63.54621848739496,27.833514102728707,69.309138331752,936.9341886054343,76.76248171000677,45.68540536009331
2025-05-29 22:00:00,24.53445544230589,66.25221437444037,63.54621848739496,27.767727496296533,68.99428889798955,937.4005577831242,78.04152771469619,45.51329597667673
2025-05-29 22:15:00,24.40828924600494,66.2095205290187,63.54621848739496,27.734867775919646,67.01725320757949,942.7982671387662,78.40463631265153,45.5181630026778
2025-05-29 22:30:00,24.60527359309626,66.20121310347314,63.54621848739496,27.756332786916527,67.05515609989538,936.7328224280595,76.85289921106472,45.532035023730316
2025-05-29 22:45:00,25.373008190081652,66.29837059302801,63.54621848739496,27.67564244782447,66.87209358042885,937.7513084000011,77.60482619567554,45.18536696327297
2025-05-29 23:00:00,26.448653921695282,66.36639741016826,63.54621848739496,27.70193655207201,66.90628921515062,934.1294622566788,78.53007742815346,45.36232628758696
2025-05-29 23:15:00,27.002905604663543,66.20935890456853,63.54621848739496,27.676695698545917,66.90617687267864,933.3406220420533,77.28573602225018,45.29880645127419
2025-05-29 23:30:00,26.985824168946838,66.08458593873605,63.54621848739496,27.674610393361267,67.12570800363322,941.0157774928481,77.3010475169228,45.349752758806176
2025-05-29 23:45:00,26.839511686514886,66.12820492020664,63.54621848739496,27.70803730220469,67.1645868690521,944.1239075074718,78.60707669659709,45.597099616321266
2025-05-30 00:00:00,26.939064736866687,65.95856092331769,63.54621848739496,27.737899118015978,67.1317340322506,943.130723849257,79.10414204382333,45.776652378631205
2025-05-30 00:15:00,27.234354558293802,65.8515443427596,63.54621848739496,27.688906430756816,67.18353685356972,950.0257903146439,77.66073271794822,45.74198501895051
2025-05-30 00:30:00,27.956209391430836,65.96018702966232,63.54621848739496,27.60584536157627,67.20664452913267,945.1115448286164,77.96414694991707,45.37454732551567
2025-05-30 00:45:00,28.27369389281242,65.83504940970964,63.54621848739496,27.591521629454686,66.88059849830852,948.1046140625574,78.26016976769637,45.43480769163043
2025-05-30 01:00:00,27.90450041940007,65.9156117436909,63.54621848739496,27.60538909605161,66.91610244345546,935.518323985445,77.0965842674466,45.830046169983504
2025-05-30 01:15:00,27.75815503070997,65.88290249960471,63.54621848739496,27.623596886568958,66.3363619025209,937.8276221310633,77.5163080710869,45.95695609449939
2025-05-30 01:30:00,27.381336986020084,65.88911637853893,63.54621848739496,27.55481235767862,66.4209202938112,938.1710730444378,78.70387320226062,45.82182470664113
2025-05-30 01:45:00,27.282288911034982,65.8693040997267,63.54621848739496,27.530550264174998,66.6419140108515,926.3276452102524,77.81650981156076,46.07368447174967
2025-05-30 02:00:00,27.544441233599073,65.82658198735517,63.54621848739496,27.56786291224886,68.73160507791783,924.0259861895136,77.7861685559474,46.128471112631544
2025-05-30 02:15:00,27.311057996145365,65.87886248310153,63.54621848739496,27.62686030600977,68.92065048289223,919.0962236837657,77.64994050760872,46.334152676543134
2025-05-30 02:30:00,26.519586016070953,66.14731797643657,63.54621848739496,27.667915867255225,69.05109969805154,915.9969192923883,76.54486232881943,46.10617027127553
2025-05-30 02:45:00,25.80463308827741,66.08746231435163,63.54621848739496,27.66266289283939,69.04334319300494,925.7719766028807,77.8345166787488,46.650169114957166
2025-05-30 03:00:00,25.525574687561832,66.13222751998192,63.54621848739496,27.710237616513457,69.0647823757952,927.1604071761419,77.38930467007708,46.68662439834269
2025-05-30 03:15:00,25.70791809391254,66.07351399212791,63.54621848739496,27.680848934063466,69.32529274504405,920.7516966163008,77.46176827272595,46.7387926602945
2025-05-30 03:30:00,25.930625890786402,66.1550896091753,63.54621848739496,27.74039902515836,69.14470366622012,923.5021084580146,77.26183500964264,46.92891917964237
2025-05-30 03:45:00,26.081014462908506,66.2401357326259,63.54621848739496,27.75174153236046,68.94041567668668,927.9219262446799,79.13957649716004,47.0891765237308
2025-05-30 04:00:00,25.305048774103263,66.18520250791833,63.54621848739496,27.81897678366812,68.89146465388279,933.8219458638434,78.68052210543533,47.25286825356939
2025-05-30 04:15:00,24.88569779283832,66.26820595682048,63.54621848739496,27.910434854399377,68.9353728618976,939.154579133227,77.51675334435168,46.72604433146554
2025-05-30 04:30:00,24.905362831971445,66.18930061113242,63.54621848739496,27.896139407688956,68.74861065500997,937.3741241072004,77.00991899211405,46.787476764538006
2025-05-30 04:45:00,25.213191668174343,66.19141538854602,63.54621848739496,27.95425915625303,68.79986967999065,937.8725205411785,78.12520357598814,46.813198199205196
2025-05-30 05:00:00,25.89034631700825,66.05365277589163,63.54621848739496,27.948664563715013,68.7735597995727,936.9727800374756,77.06913000743774,46.973423378849844
2025-05-30 05:15:00,26.103687091188743,66.00190504406606,63.54621848739496,27.95004193917944,68.68318822520503,941.8983395210615,77.05048118015331,46.91270501030682
2025-05-30 05:30:00,25.790001526773494,65.99592086850903,63.54621848739496,28.018300540667695,66.44179250898537,943.3937800517657,76.77576513876551,46.62502331565118
2025-05-30 05:45:00,25.858495728436054,65.95476200643809,63.54621848739496,28.009262911273765,66.59691121666765,938.9451273726656,76.89854615845184,46.77800456713726
2025-05-30 06:00:00,25.96180054273293,65.974866160505,63.54621848739496,27.976264360083395,66.55998887957226,936.1672031393159,77.11954544202133,46.882847932050495
2025-05-30 06:15:00,26.282371081231247,65.90722557824928,63.54621848739496,27.972811867792597,66.70192378184534,931.4258594978675,78.35594863177297,47.09708483804565
2025-05-30 06:30:00,26.635613860792652,65.90106092067577,63.54621848739496,28.023390839461605,66.72352427368551,925.5322390913603,75.62252152475745,47.141308233873275
2025-05-30 06:45:00,26.720682657878008,65.93340635403342,63.54621848739496,28.008455588133955,67.11114329390547,933.0647006862067,77.59363610790001,47.36057484030612
2025-05-30 07:00:00,26.24062076885583,66.05284961001244,63.54621848739496,28.00844066627341,67.03667385695364,935.2404409640601,75.73883030014709,47.01411046130788
2025-05-30 07:15:00,25.67057398707739,66.04265009528862,63.54621848739496,27.973360772725847,66.55815214929748,934.2288471186455,78.12338868398255,47.01177239663325
2025-05-30 07:30:00,25.449017946167235,66.0670466068647,63.54621848739496,28.01835461220208,66.6716464890733,926.8867470102631,77.08259232428463,47.40597983472356
2025-05-30 07:45:00,25.68248272584779,66.03822455979724,63.54621848739496,28.030914491063797,66.8287400336314,922.7598995630086,77.29545159433027,47.38008246269102
2025-05-30 08:00:00,25.593886282121293,66.11018085821712,63.54621848739496,28.079200783576734,66.87616013280652,927.4622229862755,76.14017851261536,47.3432265008002
2025-05-30 08:15:00,25.211491921364555,66.00393652889356,63.54621848739496,28.127228168447704,66.45505963979508,928.0665972760588,76.70848112840268,47.50902407862953
2025-05-30 08:30:00,24.14167765086625,66.02735079933944,63.54621848739496,28.10514656109981,66.18450433176567,925.1670567126212,78.8826500972072,47.40311018456901
2025-05-30 08:45:00,23.254657105297312,66.0132581635052,63.54621848739496,28.078336196664058,66.38734190126115,925.5765054379842,77.67224599284937,47.65679263279879
2025-05-30 09:00:00,22.656282052972593,66.00112483040127,63.54621848739496,28.033877845386183,66.4398628941825,919.0885005553412,78.3179469930598,47.465016829694285
2025-05-30 09:15:00,22.892804216501045,65.96654536188028,63.54621848739496,28.09207851185542,68.44880895906597,919.8038102141625,76.90925078726431,47.599628633127224
2025-05-30 09:30:00,23.09847726820878,66.0320197614506,63.54621848739496,28.164644574776368,68.47845918033863,920.8051541576373,77.98748205877278,47.43984531455746
2025-05-30 09:45:00,22.983509287750568,65.94282028722368,63.54621848739496,28.19694743452364,68.50795517500481,920.1624119174469,77.11880738514515,47.28127844077566
2025-05-30 10:00:00,22.326285961856748,65.92525179497969,63.54621848739496,28.184442214824216,68.62155568600608,926.4086331824778,77.89136606140003,47.229394779626915
2025-05-30 10:15:00,21.86367846165112,65.92097054167435,63.54621848739496,28.184277613107653,68.45074540209583,921.8736392566966,77.90128352605727,47.15992894248065
2025-05-30 10:30:00,21.80809823135237,65.97605565495844,63.54621848739496,28.22869896998686,68.62803575370954,919.2487502267811,77.43824508650818,46.432359188468006
2025-05-30 10:45:00,22.232573534525187,65.923445177329,63.54621848739496,28.19585375273134,68.89464573588089,920.1316332695043,76.52384522934668,46.40053748671741
2025-05-30 11:00:00,22.74283312435753,66.07689615653662,63.54621848739496,28.24943809586421,68.84309183896984,920.6473767787104,77.19772221128014,46.39062990960736
2025-05-30 11:15:00,22.94725753026153,66.13357129347847,63.54621848739496,28.305993823700433,69.08294490605995,922.1933314668577,77.3787241631894,46.59253610094721
2025-05-30 11:30:00,23.098884428959664,66.26511296641976,63.54621848739496,28.31151852839211,69.1271485073115,921.5560498916965,77.92815026451754,46.60515859907598
2025-05-30 11:45:00,23.01019426175721,66.19833072625369,63.54621848739496,28.290010951235278,69.23453073739495,923.8081467184581,77.53776559770978,46.744955184594914
2025-05-30 12:00:00,23.112414973708045,66.24616982738829,63.54621848739496,28.252880216210244,69.31469415890038,922.9159205301762,77.32422203755998,46.857690028473364
2025-05-30 12:15:00,23.49428728553386,66.27809428798106,63.54621848739496,28.23056689447139,69.26241206189076,925.1716669081885,77.05594563853506,46.860765238685026
2025-05-30 12:30:00,23.870238374184076,66.16770264586458,63.54621848739496,28.24812411937818,69.51205598919785,928.6539806928969,76.94389737277429,46.712634129311816
2025-05-30 12:45:00,23.911826108325638,66.0924149404627,63.54621848739496,28.215818519764102,67.53024803250898,926.9472212270172,78.19361616911512,46.75187954152051
2025-05-30 13:00:00,23.517528198500607,65.95939957948363,63.54621848739496,28.171006457893814,67.28289793392113,928.4926378008356,76.80061380822693,46.93292820927832
2025-05-30 13:15:00,23.19711519435678,66.05255378129678,63.54621848739496,28.21813071358712,67.24310181860655,920.6247646271967,76.83695133480832,46.74173417912386
2025-05-30 13:30:00,22.870870428481687,66.10355686350836,63.54621848739496,28.203847597118642,67.42936933649491,916.9982755961979,77.208746099752,46.60806617662668
2025-05-30 13:45:00,22.73794018080203,66.08778350326739,63.54621848739496,28.17482234970534,67.61438279172687,913.2096571642863,77.13953381578071,46.92445008536346
2025-05-30 14:00:00,23.193301626696723,66.01153456377325,63.54621848739496,28.186234437823575,67.40539874020078,916.925546419084,77.58021913762755,46.881898094090104
2025-05-30 14:15:00,23.136286142596727,66.04592842640244,63.54621848739496,28.222352149078972,67.39675672042983,909.3325041604882,78.21427261942596,46.60445726393312
2025-05-30 14:30:00,22.41786335717129,65.97294921130303,63.54621848739496,28.225690115036603,67.36281483426725,913.9964251683319,77.39042929869015,46.70946406177259
2025-05-30 14:45:00,21.899340330340014,65.97356293637124,63.54621848739496,28.297024232267916,67.4722355789701,915.0454892662905,78.3338736928594,46.60261331498806
2025-05-30 15:00:00,21.37978210415484,65.90889776830325,63.54621848739496,28.29573305574198,67.77345547742578,908.2935001583794,78.36851803319905,46.694966320542555
2025-05-30 15:15:00,21.42370459738681,65.96265681613266,63.54621848739496,28.30316817743673,67.78468426291782,900.5185521298093,76.77876269902121,46.68236068728954
2025-05-30 15:30:00,21.822893497138896,65.88730540426715,63.54621848739496,28.35991161149174,67.65193511889368,892.6409754374001,78.355618907648,46.60208927295898
2025-05-30 15:45:00,21.70475433652121,65.8311244779877,63.54621848739496,28.354915309075256,67.74729980682656,889.8929187762294,77.9410242291723,46.33971974782389
2025-05-30 16:00:00,21.541474993149965,65.91723242713186,63.54621848739496,28.293109657537258,67.57770863352513,894.7513990329137,78.2336722249721,46.59382092979401
2025-05-30 16:15:00,21.11769122149245,65.87058602797356,63.54621848739496,28.29800264609699,69.6790119932851,892.1224030403821,78.03134450256769,46.98360628283773
2025-05-30 16:30:00,21.588553334329504,65.73853633536301,63.54621848739496,28.28399986336822,69.576088520319,889.3672266334785,78.84145671934279,47.12046533452634
2025-05-30 16:45:00,22.18426920508604,65.72675108857001,63.54621848739496,28.27866411403851,69.61608965796373,890.8380604580552,76.65354575458551,47.080067367147485
2025-05-30 17:00:00,22.651529681698076,65.70275038229882,63.54621848739496,28.288407123938114,69.53439270932638,889.448010804229,77.83716012335819,47.44660030843837
2025-05-30 17:15:00,23.224470913758463,65.648341069104,63.54621848739496,28.354357416146925,69.11670120443111,884.1017190743014,78.18615180352354,47.29895336608835
2025-05-30 17:30:00,23.525710674228815,65.63845937939284,63.54621848739496,28.381522448561856,69.32819901177797,878.4537488697039,78.460793541772,47.47673690873256
2025-05-30 17:45:00,23.60106506813063,65.46999793597075,63.54621848739496,28.387861571191632,69.47317118557268,878.5454669243487,78.83708037695168,47.51751040371712
2025-05-30 18:00:00,23.67784551442711,65.3980436716087,63.54621848739496,28.33222820301977,69.66676379210287,879.965352415503,78.59102262101725,47.36770551200708
2025-05-30 18:15:00,24.313846180248692,65.3476189525284,63.54621848739496,28.27980177934722,69.69902527884607,881.5141175204903,77.26601698687102,47.254741808596165
2025-05-30 18:30:00,24.799715108890656,65.27770646078388,63.54621848739496,28.272724060337246,69.82773763932975,875.3826436075462,78.65883661175309,47.5754669733583
2025-05-30 18:45:00,25.059203229727725,65.26920949625628,63.54621848739496,28.253265794922044,70.10898702146302,875.4682894541289,77.98584421063227,47.361048767083105
2025-05-30 19:00:00,24.71476277005453,65.29804735004038,63.54621848739496,28.26482877574034,70.01791663395996,882.1671812406497,77.81091677074392,47.18472337421114
2025-05-30 19:15:00,24.388368168748666,65.38605858072016,63.54621848739496,28.310735625786954,70.25183738501683,883.7166825752993,77.86265662743774,46.921971540607565
2025-05-30 19:30:00,24.404324786999798,65.47247590960328,63.54621848739496,28.275944209473455,69.95642061883352,885.6993673696933,79.46142306107463,47.35118942866873
2025-05-30 19:45:00,24.53395062757462,65.4740043831163,63.54621848739496,28.236700468779354,69.99743399566712,889.8146819577104,77.59742125699867,47.20511482168849
2025-05-30 20:00:00,24.854498190035244,65.39472204059673,63.54621848739496,28.214142139769695,68.18486171353044,891.35557495425,78.33085808766272,47.252598385205715
2025-05-30 20:15:00,25.073838908655276,65.33348312416422,63.54621848739496,28.171434344883686,68.50776949743948,892.1095893418592,77.40812458790231,47.382136928948775
2025-05-30 20:30:00,24.737295148961973,65.20022421559776,63.54621848739496,28.13540741779183,68.57693436953282,906.0680837831318,76.74985009533462,47.17515946799057
2025-05-30 20:45:00,24.059059881424528,65.09103857228224,63.54621848739496,28.125724107313467,68.578799003739,903.5389374578981,78.7475383966008,47.452203573429436
2025-05-30 21:00:00,23.751179152131083,64.88599662264888,63.54621848739496,28.170039610600682,68.76150847014958,900.7441952360898,78.73896007806606,47.41488976879608
2025-05-30 21:15:00,23.77757353823441,64.8061662394209,63.54621848739496,28.141316924538053,68.51336389768231,896.0764269252285,77.3464300130675,47.49812147643817
2025-05-30 21:30:00,24.225002675658995,64.68303232240366,63.54621848739496,28.103824376786353,68.16020769886853,904.8892238813005,78.17441200647843,47.383654391879865
2025-05-30 21:45:00,24.463755421839803,64.71085739628457,63.54621848739496,28.08530676739026,67.95122350038615,907.4365461527863,76.40260515902634,47.31393350037025
2025-05-30 22:00:00,24.099435453449427,64.59353910473817,63.54621848739496,28.136006166986217,67.76633035622739,904.0615349425264,78.37625202973953,46.932268995612695
2025-05-30 22:15:00,24.141507515332204,64.40593226095189,63.54621848739496,28.04937919934494,67.87200809473488,901.482081358317,77.69500322738456,47.65204284911607
2025-05-30 22:30:00,24.379634041915782,64.41535346952723,63.54621848739496,28.065205914035992,67.85198099276693,899.6860071244652,77.09526185541887,47.45194445169481
2025-05-30 22:45:00,25.18137558506217,64.238032409528,63.54621848739496,28.0298218817787,67.85529076079183,903.6805426829437,77.3430168317033,47.79461710320727
2025-05-30 23:00:00,26.14994023504712,64.1160733980305,63.54621848739496,28.028960087395397,67.71127237952095,910.5798431772105,76.69320778382985,47.8337808682138
2025-05-30 23:15:00,26.7152459302768,64.09457083701452,63.54621848739496,28.045868105626013,67.9381818250582,899.870168247568,77.60539576257997,48.032409562930454
2025-05-30 23:30:00,26.553082845274563,64.01635253348987,63.54621848739496,28.080249719156466,69.67763559567781,897.3663667295136,78.09113033294612,48.419131427243805
2025-05-30 23:45:00,26.35210644550579,63.967257732416996,63.54621848739496,28.119499825004727,69.88299500786397,903.5083910563559,76.46061921355641,48.153424142196776
2025-05-31 00:00:00,26.585365087449098,64.0072333098187,63.54621848739496,28.075128379287047,69.84378419828889,908.3693928306856,76.70627303757824,48.42398661360998
2025-05-31 00:15:00,27.39476994645982,64.0092126998421,63.54621848739496,28.052814623526135,69.91543083675232,895.5327952388035,77.83560304133358,48.40818322701193
2025-05-31 00:30:00,28.07224016021726,64.01784607143698,63.54621848739496,28.011894854470903,69.67130806209926,902.6366708376543,77.72802869152007,48.420856093927334
2025-05-31 00:45:00,28.17352380684329,64.08648268318073,63.54621848739496,28.040323781086457,69.75962328796534,898.4402119617595,76.97856804233531,48.69503520254808
2025-05-31 01:00:00,28.21283289343218,64.09568697087225,63.54621848739496,28.072043611473436,69.67175157860709,898.2264402681514,77.06694754386616,48.74244251798669
2025-05-31 01:15:00,27.402893263383838,64.12373219808758,63.54621848739496,27.969045522882652,69.73665776671712,894.3412777159303,77.20803317129199,48.86702673665139
2025-05-31 01:30:00,27.05469680014168,64.10998371689172,63.54621848739496,27.93365537771736,69.86022299705658,903.5383840639872,77.94072192132445,48.83674277317157
2025-05-31 01:45:00,27.047049736001558,63.97563240313349,63.54621848739496,27.921534171015033,69.59295267833588,904.4248629178002,77.03189807125884,48.61978553147905
2025-05-31 02:00:00,27.297924388742572,63.953524931229204,63.54621848739496,27.92529078845695,69.47888910547661,912.4355266078024,77.45551557993359,48.62821677512542
2025-05-31 02:15:00,26.880281547928558,63.93880631624823,63.54621848739496,27.922938512120286,69.61335942086968,906.1325531396689,76.90151374941479,49.1168775714865
2025-05-31 02:30:00,26.294634201515926,63.81217023562376,63.54621848739496,27.96049957729714,69.49740204724465,910.9906056706227,77.4944411839885,48.65590653862185
2025-05-31 02:45:00,25.85223271034315,63.870489099502905,63.54621848739496,27.952016649849714,69.68157542767504,918.4949194119341,77.27126569968779,48.6387311996176
2025-05-31 03:00:00,25.80624450707854,63.71128598397416,63.54621848739496,27.96246084003895,69.53754194197585,908.5549300059087,77.01843835019429,48.846353541601616
2025-05-31 03:15:00,26.081364617315547,63.801457813170224,63.54621848739496,27.982663027502436,67.42473202353338,910.6042360073284,77.99159750893419,48.51461589327688
2025-05-31 03:30:00,26.5550601659517,63.79623803302675,63.54621848739496,27.990484225702563,67.50758692167337,910.1874117299493,76.9374813155804,48.49939601859281
2025-05-31 03:45:00,26.654616576566916,63.66629912613454,63.54621848739496,27.963095477095223,67.58460338987841,911.752285584347,77.0861548851858,48.32347377642465
2025-05-31 04:00:00,26.07521589308142,63.6958033613126,63.54621848739496,27.92651845921095,67.49132640651105,908.8570089580097,77.07149423810465,48.55213205611723
2025-05-31 04:15:00,25.46664293725707,63.6268388944308,63.54621848739496,27.904544690104746,67.65825939900408,909.7599015310897,75.55663500334047,48.40048751188964
2025-05-31 04:30:00,25.09281592796734,63.66222262202727,63.54621848739496,27.896152689819434,67.37918369852385,909.3120516409426,77.55292698308581,48.66879016622577
2025-05-31 04:45:00,25.322055771371858,63.53860343760433,63.54621848739496,27.91628123900371,67.41771061967779,914.9641116874973,76.7696390009113,48.52294424042598
2025-05-31 05:00:00,26.09399287888893,63.55338907703282,63.54621848739496,27.906424967348713,67.23175179482932,910.09476953076,78.17465625191349,48.79104551214755
2025-05-31 05:15:00,26.47138559293047,63.61391127763514,63.54621848739496,27.820700258489946,66.88931916351413,914.7522445937669,77.49857752353579,48.99982327565713
2025-05-31 05:30:00,26.16532434746029,63.617563575135534,63.54621848739496,27.83029330463949,66.84635397307082,904.9909571806155,78.00561751501981,48.522379100043274
2025-05-31 05:45:00,26.098808578011948,63.58613824169269,63.54621848739496,27.778531728840942,66.95897276092346,910.5574623226152,77.48829334534075,48.38429126882725
2025-05-31 06:00:00,26.211876097849377,63.60989535615093,63.54621848739496,27.754298456433776,67.05309481045147,907.3205114698767,77.28425609579652,48.33821392251441
2025-05-31 06:15:00,26.374694448865075,63.606901715599356,63.54621848739496,27.762681994679248,67.06652502017506,910.7350746309314,76.71186709142803,48.360508534870455
2025-05-31 06:30:00,26.75960550409014,63.60221453332438,63.54621848739496,27.81926525265548,67.00450569110792,906.9431349906515,76.73048353113649,48.1930743580357
2025-05-31 06:45:00,26.8818332606188,63.655903104832426,63.54621848739496,27.763777333629147,69.24406091853982,912.3498611886281,77.45030847374305,48.69220628856606
2025-05-31 07:00:00,26.274522851390714,63.56024774928131,63.54621848739496,27.71828472062419,69.5331104627075,913.7458621205095,77.57300096526993,48.94463688678361
2025-05-31 07:15:00,25.519577460788955,63.53922525871978,63.54621848739496,27.707229630075567,69.46383183832216,908.354369860995,77.45571796809277,49.16810813788328
2025-05-31 07:30:00,25.211761119403924,63.542440902788314,63.54621848739496,27.695470698813644,69.39998887892813,908.994975888979,76.38448167891009,49.08264664981578
2025-05-31 07:45:00,24.895687481954358,63.53754732598338,63.54621848739496,27.79250778382741,69.8843646679721,916.8122398347153,76.29290760095091,49.35036109920926
2025-05-31 08:00:00,24.983902051009984,63.47540227408697,63.54621848739496,27.77718896621342,69.6821936480293,917.5261960032627,77.46357350226914,49.17810272511103
2025-05-31 08:15:00,24.559900208058384,63.56433301398445,63.54621848739496,27.746169363227065,69.4257503355654,916.9774261928574,76.86302863514891,49.436179178568295
2025-05-31 08:30:00,23.769169296282474,63.599731599652145,63.54621848739496,27.7151149682875,69.21251602056168,918.7404213436772,77.47748552198611,49.30250391083241
2025-05-31 08:45:00,22.902263838102844,63.56383176675391,63.54621848739496,27.707327084858946,69.1581611549217,911.0454705633315,77.38595404411589,49.11243015822675
2025-05-31 09:00:00,22.61634617628705,63.77791410055088,63.54621848739496,27.68571133559873,69.35442465958592,913.2116083060312,77.7418695600289,48.66094892332111
2025-05-31 09:15:00,22.64501082246385,63.793865958458326,63.54621848739496,27.679020542591434,69.34423051482175,912.8086469529729,78.36566854880317,48.6490360605106
2025-05-31 09:30:00,22.97317205224935,63.939596052266786,63.54621848739496,27.704775733734458,69.39948150613888,916.3531409195049,77.87021699104484,48.480301344660305
2025-05-31 09:45:00,22.936060732868025,63.96027180127547,63.54621848739496,27.689925860995046,69.61041755833969,910.4448527445553,76.37645258698022,48.604692033792844
2025-05-31 10:00:00,22.59191697674257,63.935057691105555,63.54621848739496,27.74909133125853,69.78860565603996,919.3935449900844,77.12538034964446,48.708407840822325
2025-05-31 10:15:00,22.361794760027035,63.954126937497875,63.54621848739496,27.77894889255591,67.72099020959593,916.7735296383371,76.06339575299552,48.386996417980626
2025-05-31 10:30:00,22.56484307703519,63.953413810879475,63.54621848739496,27.755713580425066,67.6087764332667,911.6568482635003,77.37982621184123,48.61762890249377
2025-05-31 10:45:00,22.89875959548794,63.985073307078245,63.54621848739496,27.79282552940147,67.77203832582695,914.0509094759569,77.17141902089571,48.33694583163289
2025-05-31 11:00:00,23.468522542759306,64.03684610486421,63.54621848739496,27.804314921933628,67.4995835849034,911.110417900095,78.41926056219971,47.85601630526171
2025-05-31 11:15:00,23.374562906124773,64.02518004889065,63.54621848739496,27.80643656594727,67.35433856577072,917.651200299945,76.22627660422958,48.17655736443191
2025-05-31 11:30:00,23.418981639917146,63.956494562885304,63.54621848739496,27.84236527389323,67.54233163661215,910.5131574138201,76.4136208897184,47.7771029558614
2025-05-31 11:45:00,23.07800076140566,64.02136184407702,63.54621848739496,27.89015060641338,67.67950525012736,911.6151582829984,77.59579346010581,47.790860469964045
2025-05-31 12:00:00,23.18507310686048,63.960849554643545,63.54621848739496,27.880144026091134,67.51734377423341,916.9986034325609,76.94720205638474,47.86629237628911
2025-05-31 12:15:00,23.659632922387548,63.94117655489731,63.54621848739496,27.85983459606293,67.67588609041535,917.8030464071358,78.45567480286296,48.18035057716294
2025-05-31 12:30:00,23.975508582956188,64.01934707031396,63.54621848739496,27.81376684555231,67.47984457522773,915.3473472799366,77.56871879659296,48.0593968510494
2025-05-31 12:45:00,24.43408612725206,63.939144477799886,63.54621848739496,27.790766505250364,67.17453341643429,922.160709513409,77.12455582765291,48.54628279856892
2025-05-31 13:00:00,24.000608112566947,64.03254285428835,63.54621848739496,27.84461910783425,67.38055065984304,925.594986112965,78.57126552414448,48.526803124656524
2025-05-31 13:15:00,23.560417907321582,63.94413325992204,63.54621848739496,27.793848478859793,67.60948988547388,926.9890474358293,77.82363269203931,48.374177770770444
2025-05-31 13:30:00,23.248133543640463,63.92984375770271,63.54621848739496,27.8111019128972,67.76510844686554,926.7035878534366,77.18970328060163,48.360536854369634
2025-05-31 13:45:00,23.399905865977768,63.81993686991945,63.54621848739496,27.79756486352505,67.8318858269326,927.0008110519589,77.30670856976074,48.18424304059755
2025-05-31 14:00:00,23.506595783441977,63.791865015499916,63.54621848739496,27.853058083708827,69.98245283015359,919.7643720846679,78.81530304748829,47.95799608501904
2025-05-31 14:15:00,23.186813463091738,63.79867155573395,63.54621848739496,27.824754829737547,69.96225612608897,914.2381024821422,78.35264750176805,48.22579763529517
2025-05-31 14:30:00,22.368103076492357,63.74500387608857,63.54621848739496,27.837434224989668,70.12202242393052,908.1473723701797,78.2627781336819,48.29131050368875
2025-05-31 14:45:00,21.715133608895982,63.75654901920195,63.54621848739496,27.808910902440033,70.0851466592967,907.5889401289232,76.7720786174422,48.38843848262549
2025-05-31 15:00:00,21.366208576701148,63.73841297843483,63.54621848739496,27.80773543194745,70.14479116575488,909.7445778150861,78.19272439910661,48.490663700902054
2025-05-31 15:15:00,21.8496990955907,63.75351041550286,63.54621848739496,27.766905350775268,70.20886282635459,916.487291111613,78.01096950257951,48.501250834606154
2025-05-31 15:30:00,22.131022945178646,63.65356085581948,63.54621848739496,27.76394689010428,70.01314118286413,927.5190786097762,77.21621807543478,48.318339056741365
2025-05-31 15:45:00,22.32109480507974,63.773382472613164,63.54621848739496,27.729957177963183,69.71055842054088,928.972677362629,77.57706665661881,48.805340061663
2025-05-31 16:00:00,21.789549952206947,63.843720671003084,63.54621848739496,27.7318004808844,70.13421589619932,925.5362821360516,76.78408233410849,48.88584358055946
2025-05-31 16:15:00,21.654644050980938,63.915621766802225,63.54621848739496,27.722827080720652,70.25014478755426,930.2091401049302,77.05990563754517,48.99738845521319
2025-05-31 16:30:00,21.927896016581812,63.948553079103796,63.54621848739496,27.774583225842452,70.27569781143787,930.4622973465545,77.79750984224503,48.67730429653123
2025-05-31 16:45:00,22.533419492726278,64.01566863191594,63.54621848739496,27.810355965427664,70.0159403307188,936.6213550751967,77.58334297699446,48.648661252235854
2025-05-31 17:00:00,23.247689539191697,63.96962629170748,63.54621848739496,27.864132870223568,70.02749087929952,934.101490521835,78.50413630245909,48.6139998222748
2025-05-31 17:15:00,23.82113607166926,63.93654806330761,63.54621848739496,27.800941667260126,70.21213877171097,938.6336083262919,77.73365546085331,48.75776888047756
2025-05-31 17:30:00,23.70581844069026,63.878360811951254,63.54621848739496,27.79462852166585,68.21891798678243,940.3407768540828,77.951217791487,48.48229584032154
2025-05-31 17:45:00,23.754383749768802,63.87062049900001,63.54621848739496,27.76725258977502,68.29287030690475,943.174517527156,76.20287318269412,48.381354039395966
2025-05-31 18:00:00,23.721422011697705,63.90107332991082,63.54621848739496,27.760311190391207,68.65204168998177,941.0394759415295,77.53132194474269,48.40748434336133
2025-05-31 18:15:00,24.482641474570293,63.97274628281247,63.54621848739496,27.79099735988615,68.49782681441665,939.0279095733932,78.51115635875605,48.60068248530666
2025-05-31 18:30:00,24.953895997195584,63.85954137971141,63.54621848739496,27.76306718634498,68.5773737768469,934.784454533315,76.22994762709011,48.83422918161178
2025-05-31 18:45:00,25.368499865542923,63.87261587524253,63.54621848739496,27.761420463777494,68.6510360083063,940.8709027181297,76.29483436288953,48.94400794785476
2025-05-31 19:00:00,25.091411596917204,63.91664017426649,63.54621848739496,27.735484693325944,68.68357538798524,936.5779950191297,76.93464147704422,49.014756624205
2025-05-31 19:15:00,24.786119768409144,63.9724336974353,63.54621848739496,27.707038072392773,68.894967932171,939.4137711083488,76.92464422654264,48.850052713489426
2025-05-31 19:30:00,24.740402311550127,63.985850557598326,63.54621848739496,27.691296923590155,68.79796986153464,943.0666166663704,78.24989320702531,48.903655670339944
2025-05-31 19:45:00,25.03427741728365,63.97328305611138,63.54621848739496,27.708635238317136,68.59961907642872,940.3230622865067,76.30309709567152,49.10680563415585
2025-05-31 20:00:00,25.285681893881556,63.965685913827635,63.54621848739496,27.66180222412822,68.56462682214612,937.0052918272089,76.56242525263615,49.05678951238958
2025-05-31 20:15:00,25.30529898770605,63.94987891858452,63.54621848739496,27.662685399349,68.50592732100648,931.2830023278107,78.75339277310744,49.143239635106085
2025-05-31 20:30:00,25.102740588573052,63.923208587700714,63.54621848739496,27.579176500015066,68.51036265355458,927.5945556903287,76.54862469843805,48.71814531632851
2025-05-31 20:45:00,24.435150389660134,63.828722056634874,63.54621848739496,27.616428966068913,68.48536836357688,940.5055843930148,77.46994202645942,48.77538746669256
2025-05-31 21:00:00,24.36969542253516,63.817354660692956,63.54621848739496,27.632498371439222,70.23840251832232,934.0578891960633,77.9433184108508,49.01480123015583
2025-05-31 21:15:00,24.539773562046847,63.817442150235735,63.54621848739496,27.59157874845284,69.90279803762472,930.9383835332161,77.54209124391306,48.99170275962511
2025-05-31 21:30:00,25.06058305733385,63.69212813925403,63.54621848739496,27.591769676956623,69.94895950383581,934.3942339554404,77.66604631158386,49.087549442146404
2025-05-31 21:45:00,25.258416200641356,63.66680269245921,63.54621848739496,27.612533804785844,70.34251600133882,942.0807216848508,76.6204427397789,49.40831543561976
2025-05-31 22:00:00,24.85253742411577,63.772363399072006,63.54621848739496,27.576138707660864,70.43115322684623,939.3498226277089,77.5250182772384,49.10311591766576
2025-05-31 22:15:00,24.48026055139379,63.93521259768573,63.54621848739496,27.6177060158743,70.22574258613037,942.8456259372252,76.99493013153284,49.19549323843567
2025-05-31 22:30:00,24.780336697655997,63.88410407591051,63.54621848739496,27.56872620168049,70.0296527836274,939.6365711766067,77.17592087411758,49.27469351424402
2025-05-31 22:45:00,25.490888300434378,63.893266693391276,63.54621848739496,27.56861476735206,69.95622393331412,943.5465099323501,78.86430141028967,49.121409511432006
2025-05-31 23:00:00,26.4865121438695,63.87610397832298,63.54621848739496,27.555472726171995,70.11462025129764,947.1942038352234,77.21921215089084,49.14348207344375
2025-05-31 23:15:00,26.83176898506873,63.80024894168859,63.54621848739496,27.603131272876052,70.19585963674383,948.5768176833179,76.23965407425364,49.06732642663459
2025-05-31 23:30:00,26.83153149389245,63.88174824061927,63.54621848739496,27.622253980644608,69.68172098434447,951.0269978373697,76.44195173076211,49.0591998756403
2025-05-31 23:45:00,26.83900680739169,63.793785157694344,63.54621848739496,27.608039176106093,69.48000668731221,950.6811036648402,77.03947160192212,48.91254662249284
2025-06-01 00:00:00,27.189648077269204,63.91428792395997,63.54621848739496,27.54306197530958,69.49119508512506,948.3485852206569,76.88793977186965,48.85191418712339
2025-06-01 00:15:00,27.39662959834197,63.863409381353165,63.54621848739496,27.572658705758705,69.13273580955828,943.4128142953646,76.30897901127234,48.750849714332446
2025-06-01 00:30:00,28.157725926633383,63.75910142323168,63.54621848739496,27.615326587190136,69.08265312115697,939.0545557993476,75.9501865752063,48.78116022156585
2025-06-01 00:45:00,28.44499926184295,63.762067286006996,63.54621848739496,27.600344978639544,67.38521519884712,933.5603634125197,75.8830355085363,48.33219899642416
2025-06-01 01:00:00,28.054039896252974,63.7019961049227,63.54621848739496,27.61815877705632,67.9158886920282,938.3463746529357,75.46002485786222,47.938987609061236
2025-06-01 01:15:00,27.712187201624666,63.57449243667289,63.54621848739496,27.53571353694315,68.00187366085869,946.1342657985283,76.3093385680921,48.14794513376445
2025-06-01 01:30:00,27.757345049845455,63.65148708485878,63.54621848739496,27.527580306691828,68.0804876889156,945.66941475656,76.05096145897613,48.422747926451514
2025-06-01 01:45:00,27.65731331581413,63.60111461943272,63.54621848739496,27.471457923508417,67.9127472168035,949.0568165817899,76.6961432450854,48.55412626707795
2025-06-01 02:00:00,27.558127460931253,63.62400791354853,63.54621848739496,27.51351588870892,67.94361959857227,950.2319623865516,76.52030282782117,48.67620983489382
2025-06-01 02:15:00,27.28489982324656,63.69663764593377,63.54621848739496,27.53670081801771,67.8196305544847,946.2498093131578,76.20286707623013,48.43050642781755
2025-06-01 02:30:00,26.42844008074832,63.664591627671236,63.54621848739496,27.583874451838003,67.91593055919736,954.4293962176564,77.48456795445894,48.62290051652664
2025-06-01 02:45:00,25.898225489186853,63.52774733684678,63.54621848739496,27.578043247849358,67.89946058234659,961.7645887102439,75.22447098675632,48.64165599794562
2025-06-01 03:00:00,25.385568580177715,63.40602393756585,63.54621848739496,27.566457398370403,67.88294516725458,962.4298924612665,76.63772907369558,48.850517166884146
2025-06-01 03:15:00,25.532655949457983,63.428874812348724,63.54621848739496,27.580506344665512,68.09386135071121,958.2899200233726,76.03917932053425,49.01228371859503
2025-06-01 03:30:00,25.853200277250686,63.447064500628024,63.54621848739496,27.62408997515709,67.99718225403312,957.9202491535076,76.71966665843425,49.09027026262744
2025-06-01 03:45:00,25.842006208648673,63.627914469795236,63.54621848739496,27.603543250536614,67.87670352049055,954.9464429229888,76.75059895555378,49.432042691597914
2025-06-01 04:00:00,25.88603697551012,63.64598851184118,63.54621848739496,27.61161417985305,68.11212846404685,952.7140046323103,76.7667360317815,49.063708658854075
2025-06-01 04:15:00,25.232481467121005,63.52353392118823,63.54621848739496,27.64294142644057,70.08356549279465,951.0071689753404,77.25663341497828,49.152745324238296
2025-06-01 04:30:00,25.060573602447267,63.5245997328481,63.54621848739496,27.63867344860056,70.04926562598173,952.1676901785565,76.4239754814122,49.21443280316517
2025-06-01 04:45:00,25.528046425945668,63.42679462882153,63.54621848739496,27.669789791769915,69.72203272158518,951.5704392141656,76.80590425409241,49.239805652765085
2025-06-01 05:00:00,26.155156546726936,63.43404131226315,63.54621848739496,27.605446975735553,69.8780422921342,953.9078117436135,76.5142570135164,49.49645466202175
2025-06-01 05:15:00,26.330780155240088,63.372025639460894,63.54621848739496,27.63310451051881,69.88455421270235,960.3093823879582,77.37132021104047,49.07243420391322
2025-06-01 05:30:00,25.915413001786924,63.419498671236745,63.54621848739496,27.65085028562178,69.48339440917303,957.3493157160137,77.61198547043618,49.54598514402799
2025-06-01 05:45:00,25.716001174868754,63.37345612588934,63.54621848739496,27.616707736826484,69.41650289743008,956.8464953786454,76.0456904211826,49.543074541268936
2025-06-01 06:00:00,26.09836475949625,63.37973407565453,63.54621848739496,27.666577935083037,69.29902236908102,954.7036555906465,77.49889377400551,49.74724148107583
2025-06-01 06:15:00,26.411198461443398,63.31126068001882,63.54621848739496,27.646066270063095,69.63771028401142,957.6866601509893,77.18662093692217,49.62984827034477
2025-06-01 06:30:00,26.88331289701013,63.24266433902183,63.54621848739496,27.62899532472155,69.5284601354058,966.4934825630504,77.32089848086278,49.790156134139195
2025-06-01 06:45:00,26.713532759649645,63.38951466191942,63.54621848739496,27.657754897730122,69.67232796697967,962.5560300965503,76.28647685805912,49.97277714974604
2025-06-01 07:00:00,26.13219959528554,63.33731427348973,63.54621848739496,27.712792764388883,69.56989999568947,958.2514322918299,76.47637906625613,49.998441182269026
2025-06-01 07:15:00,25.510125351441754,63.36599206625883,63.54621848739496,27.725695030558196,69.01634400439823,957.5565560151684,76.45412287450581,50.029661664765385
2025-06-01 07:30:00,25.380760499054514,63.56334468117321,63.54621848739496,27.717190382156833,69.19647189148132,960.6072855154044,76.2005380289062,50.082178584656404
2025-06-01 07:45:00,25.148074530068808,63.63195506132891,63.54621848739496,27.777333423838662,69.33053121237833,955.9035578358961,77.17197437997339,50.01212611365532
2025-06-01 08:00:00,25.477785007158012,63.52981389612929,63.54621848739496,27.783171205329182,67.28924129609173,951.271128143955,77.3118836459593,49.13238703597748
2025-06-01 08:15:00,25.19272951332014,63.521353353642525,63.54621848739496,27.796740016929036,67.3139716616892,957.0727252785889,75.94844484707414,48.847192574918516
2025-06-01 08:30:00,24.278858715257112,63.60704705437242,63.54621848739496,27.84685077042327,67.33726291926476,953.285415327587,75.62744075604026,48.645708921660436
2025-06-01 08:45:00,23.482145062282353,63.553924946794865,63.54621848739496,27.795417599048413,67.15334936763088,949.9235345458859,76.10783218857065,48.8570094265432
2025-06-01 09:00:00,23.191065915412455,63.48563961097768,63.54621848739496,27.823565114225964,67.07666187537417,952.6239286723307,77.3122612100008,48.57006828950924
2025-06-01 09:15:00,23.200992941552286,63.50380455891787,63.54621848739496,27.812532005151155,67.29267817333096,955.3232581732917,76.98029476433915,48.34401242213123
2025-06-01 09:30:00,23.77661099178307,63.454560198154006,63.54621848739496,27.88035725823463,67.18590780674691,957.9745674346715,77.24726639561925,48.18933909448773
2025-06-01 09:45:00,23.562115388636276,63.54599311149397,63.54621848739496,27.823616954355746,67.19369380279934,963.1627435050326,76.34469750417,47.96041229069916
2025-06-01 10:00:00,23.326531994934673,63.6140808070376,63.54621848739496,27.84445180119304,67.0987959636281,954.9367123799597,76.55476716647664,48.13579131330359
2025-06-01 10:15:00,22.628128534070058,63.462562553357614,63.54621848739496,27.85230095977406,67.4868515018741,958.6518399813357,76.69261460130905,48.399223158098806
2025-06-01 10:30:00,22.406591756944856,63.4439975413709,63.54621848739496,27.920364311892264,67.76030845519902,960.6685801839309,77.0607435272693,48.24614480863271
2025-06-01 10:45:00,22.72409994971779,63.47964328027497,63.54621848739496,27.91087148245325,67.74393285696046,958.379117615895,77.42812097570358,47.94838533958863
2025-06-01 11:00:00,23.00353611194569,63.49710046302557,63.54621848739496,27.88812802728047,67.86597124474773,961.4992153668298,77.8295378065109,48.137864706559284
2025-06-01 11:15:00,23.340954231298138,63.498062246531184,63.54621848739496,27.930777621374002,67.67725623277462,959.4840605863376,76.52834023415956,48.37982539407059
2025-06-01 11:30:00,23.215595506675427,63.409786008242435,63.54621848739496,27.93504828013295,69.94128949182682,962.9953263091003,77.21535607121348,48.77280618481445
2025-06-01 11:45:00,23.46997843710621,63.33211830954752,63.54621848739496,27.973323834838254,69.88778955464633,955.460335327263,77.26346352163505,48.969443223889535
2025-06-01 12:00:00,23.412745387741108,63.13933006359018,63.54621848739496,28.005019061380718,69.88289397450113,951.2181431014045,78.10412962913875,49.164525163140745
2025-06-01 12:15:00,23.882795806672437,63.26323152910454,63.54621848739496,27.955824133590298,69.88835783578625,952.9415319164177,75.95790398816116,49.030923408083915
2025-06-01 12:30:00,24.03065623873017,63.19686071597362,63.54621848739496,27.94782159056423,69.86467333096819,954.5966810350733,77.32615555150777,49.14296330792032
2025-06-01 12:45:00,24.006025342799322,63.19848632999944,63.54621848739496,27.938051814409427,70.03116246559048,954.5211981027804,77.31830571517145,49.09287192925627
2025-06-01 13:00:00,23.45713344608529,63.314035497749586,63.54621848739496,27.93749754763454,69.9725939785335,950.6860139547737,77.30504290379102,48.80721071412206
2025-06-01 13:15:00,23.162153842742374,63.38428448153202,63.54621848739496,27.894616343525783,70.11038287325964,955.4265558279303,78.33421211168788,48.60089964854352
2025-06-01 13:30:00,23.07049313299653,63.50970537788431,63.54621848739496,27.932136316726698,69.9187596734758,958.2458488742916,77.3477547373547,48.79266342714459
2025-06-01 13:45:00,23.113758050429308,63.54985645308546,63.54621848739496,27.964570752992298,70.26573631395681,953.4852766945186,76.3839320716184,49.23180102976597
2025-06-01 14:00:00,23.13104243692201,63.57939376034698,63.54621848739496,27.90660839705237,70.13260085643266,962.4978745660188,77.76053481696879,49.48086546822178
2025-06-01 14:15:00,22.95112742832332,63.61277821088715,63.54621848739496,27.902064890213836,70.25128801468814,954.9111455203237,77.85480496202176,49.571245759556206
2025-06-01 14:30:00,22.29622564953281,63.56346606858499,63.54621848739496,27.970806505775933,70.2023817506203,951.9648866739009,78.14053728324943,49.37510767477083
2025-06-01 14:45:00,21.44298174103149,63.62265079855256,63.54621848739496,27.93593729748384,70.33174526623019,952.2140631541719,76.8463315291515,49.180904014300665
2025-06-01 15:00:00,21.225181936772575,63.54881588888844,63.54621848739496,27.9238211181692,68.35494154782621,951.156584755467,77.92411935040072,49.07226754159478
2025-06-01 15:15:00,21.469360199329458,63.59281803503723,63.54621848739496,27.95505551060278,68.56933880484968,951.3376664759259,76.97870365884778,49.18767882132628
2025-06-01 15:30:00,21.746230376218218,63.622283025398126,63.54621848739496,27.922396057009767,68.60336343975096,951.7541542853468,76.6977459582567,49.043084630215056
2025-06-01 15:45:00,21.947265396661265,63.60286738214829,63.54621848739496,27.92009455356703,68.88740976758386,943.1535142578173,76.69305523007506,49.2417469496606
2025-06-01 16:00:00,21.7843066080843,63.64214632679025,63.54621848739496,27.943355983435048,68.9304756449039,940.5851487469974,77.78656673873802,49.63796701140814
2025-06-01 16:15:00,21.445652136142037,63.694776151618655,63.54621848739496,27.9404324743392,68.90671008232717,948.8978711516825,77.14180101839764,49.49285464648437
2025-06-01 16:30:00,21.58858740328467,63.5132304680101,63.54621848739496,27.945488596396185,68.7533930480864,950.2996337541482,77.25528728901736,49.544984506231096
2025-06-01 16:45:00,22.342173260678987,63.677371260732635,63.54621848739496,27.903458524221335,68.56163400435639,953.4887012938894,76.32682249866639,49.24969188930439
2025-06-01 17:00:00,23.057516280803025,63.524852130997274,63.54621848739496,27.901964128204053,68.41746290402808,955.5936132240665,77.70964656299738,49.16669360984573
2025-06-01 17:15:00,23.450015429100016,63.50217124245962,63.54621848739496,27.887775494327048,68.6106190004403,952.6880742605535,77.86937303151903,49.55887891493599
2025-06-01 17:30:00,23.77070643197386,63.49523359519832,63.54621848739496,27.874077862739487,68.68051513654464,948.4601445371484,76.65876340154637,49.63204398640931
2025-06-01 17:45:00,23.906301555445957,63.45016280209121,63.54621848739496,27.786732102839753,68.53362011783463,952.5882274030408,76.45149285722503,49.91848188054523
2025-06-01 18:00:00,24.397982408349616,63.52586259952741,63.54621848739496,27.795919747170146,68.34968100983714,949.2365385152076,76.76861184852642,49.56265275881155
2025-06-01 18:15:00,24.87710450166849,63.579264506034,63.54621848739496,27.779337575452175,68.39372289348482,947.8611381792746,76.82290629312007,49.78086549145054
2025-06-01 18:30:00,25.395156030573215,63.675011060186755,63.54621848739496,27.72080261524956,68.40211673174521,946.6192238730312,74.92084983910624,49.6706153676166
2025-06-01 18:45:00,25.764340846719794,63.61978613743043,63.54621848739496,27.6659421379856,70.52604953892985,942.7357063414204,76.40747411309864,50.099780292769
2025-06-01 19:00:00,25.893373496407907,63.484242269811816,63.54621848739496,27.72060224780936,70.31533077185857,940.2700388567944,77.5475666916724,49.82939606450697
2025-06-01 19:15:00,25.710135993373576,63.58509615412139,63.54621848739496,27.728059026348003,70.48210030955285,941.0893579804311,77.8077722230453,49.937329251917454
2025-06-01 19:30:00,25.48456893060412,63.600040930878485,63.54621848739496,27.745350107899004,70.70741940429608,940.0653219340282,76.34288584144413,50.238359286378476
2025-06-01 19:45:00,25.638789181229487,63.68177976880776,63.54621848739496,27.75668556446824,70.4562834582023,941.7923557151006,77.10387695116438,50.1280745791381
2025-06-01 20:00:00,25.8437155316212,63.71506283526655,63.54621848739496,27.767083675851502,70.41207553354447,946.6105002783273,78.25924269003632,50.17123054149296
2025-06-01 20:15:00,25.7224841475064,63.784942301842506,63.54621848739496,27.691827908271996,70.45122502654084,941.6613177470338,77.82496449156294,49.61992721004353
2025-06-01 20:30:00,25.626595409891443,63.73772232057637,63.54621848739496,27.65270551936778,70.32818037390997,946.211998200404,77.08637898154072,49.59334224953777
2025-06-01 20:45:00,24.931019109162392,63.72981857374674,63.54621848739496,27.660173347042427,70.75382734528458,951.3385519719193,76.90163078428968,49.89303495250482
2025-06-01 21:00:00,24.47362639632495,63.7946066071756,63.54621848739496,27.644811467862745,70.57468790430438,953.3121243794674,77.21579597081771,49.936783133603136
2025-06-01 21:15:00,24.798576442851022,63.75682081872989,63.54621848739496,27.556195453923692,70.49401071009527,955.4170379257822,77.43211357255984,49.898127062087426
2025-06-01 21:30:00,25.262958708865316,63.73853989884874,63.54621848739496,27.573583000269544,70.37847140161412,943.735017114666,76.66966632438054,49.40718125310359
2025-06-01 21:45:00,25.34075377460409,63.64795056412775,63.54621848739496,27.53262931460354,70.16648496406724,941.9177560298134,76.48584029565944,49.7414712040513
2025-06-01 22:00:00,24.94453198815564,63.809926593077975,63.54621848739496,27.52227707890355,69.99419806689062,943.2332576782458,76.6866791844302,49.66126617848588
2025-06-01 22:15:00,24.673503876847555,63.66221541404108,63.54621848739496,27.51267749028571,68.01286319288975,941.6030807931262,76.66352864534589,49.485977638699815
2025-06-01 22:30:00,24.972790181946493,63.657714215084304,63.54621848739496,27.46158168279497,68.24888968661949,944.9645330584024,77.28215780899079,49.29090289639335
2025-06-01 22:45:00,25.53132172993502,63.53207916017007,63.54621848739496,27.447783204964413,68.1940032843634,934.8211988067322,76.84245070738152,48.97547271012547
2025-06-01 23:00:00,26.429572425725326,63.575790601423265,63.54621848739496,27.450136874578185,67.97099286702287,942.0899593568407,76.41414952343426,49.27975053167628
2025-06-01 23:15:00,26.998746449617965,63.635819705404465,63.54621848739496,27.43036959073193,67.8632585451617,945.7333060312285,76.3591804360869,49.4806012006999
2025-06-01 23:30:00,26.755876832784786,63.63213326245725,63.54621848739496,27.44051657291172,68.13160380541986,938.4865200607237,75.59021245579163,49.899634189000054
2025-06-01 23:45:00,26.723198498536966,63.57917665246694,63.54621848739496,27.44744980290044,67.86094585577123,931.8798258812388,76.15305617566533,49.529084910060305
2025-06-02 00:00:00,26.861025059647808,63.45123725596203,63.54621848739496,27.48477395165131,68.14981062937065,930.1196736590339,76.1085037179264,49.63705368616825
2025-06-02 00:15:00,27.34036865503629,63.439731427413086,63.54621848739496,27.420325306873078,68.01181938918003,931.0032191420845,76.98603059597994,49.74797863487873
2025-06-02 00:30:00,28.054017596609974,63.49571369253564,63.54621848739496,27.414683012625673,67.82921724513788,930.2150028539369,76.4306629203086,49.87941695011522
2025-06-02 00:45:00,28.192768176126243,63.44069786486319,63.54621848739496,27.37963488915772,68.02446538363806,933.5436456679118,76.44364660132503,50.097547019312124
2025-06-02 01:00:00,28.01921940052625,61.74571327804123,63.54621848739496,26.83149547855563,69.99443323403777,874.0047900416467,75.4407887434369,50.428437759183225
2025-06-02 01:15:00,27.550566047237098,61.83053209751678,63.54621848739496,26.833537333629096,70.1076330468306,878.0131903242097,74.27516621827539,50.60959191907749
2025-06-02 01:30:00,27.255858740366858,61.97510679084668,63.54621848739496,26.798017904097335,70.17743431211406,880.3717381079515,75.52914700203956,50.53958516847754
2025-06-02 01:45:00,27.587299170507492,61.898171366688324,63.54621848739496,26.743483791565193,70.00711244503796,884.8164000370564,76.2455796505568,50.52801168249637
2025-06-02 02:00:00,27.56633880436283,61.95943046044203,63.54621848739496,26.78439049232691,71.94775835803273,879.2921266967054,75.95674273312909,50.91058686987059
2025-06-02 02:15:00,27.659609870216336,61.8265180312105,63.54621848739496,26.800674408634233,71.91522885161521,875.5545892433155,75.50736466282113,51.0069576494905
2025-06-02 02:30:00,26.87128615161935,61.87217959432333,63.54621848739496,26.815298620126576,72.05665146077101,867.4981602858434,75.12730589431708,50.849439100927164
2025-06-02 02:45:00,26.265342872773765,61.88544765789966,63.54621848739496,26.842125560961982,72.00944209825207,873.4021719573379,75.35462723625778,50.722597605422365
2025-06-02 03:00:00,25.975146463077326,61.973693383000565,63.54621848739496,26.837085213621094,72.05032143572747,873.1361378964555,76.39219821871599,50.78252964732988
2025-06-02 03:15:00,25.985824960347824,62.00641703617467,63.54621848739496,26.873333537565664,71.98721887442017,874.574986853234,75.99941777322579,50.93272354212864
2025-06-02 03:30:00,26.310716514554265,62.08320595796676,63.54621848739496,26.878252252535432,71.8322647690899,870.6681821905944,75.61276618010656,50.817256244688885
2025-06-02 03:45:00,26.464308125996492,62.005505710418724,63.54621848739496,26.896302512276733,71.98179720462235,871.0634519114476,77.3653286660452,50.728074040422825
2025-06-02 04:00:00,25.864620436091055,61.99845656803686,63.54621848739496,26.96132673788094,71.97727725027744,875.4183554077435,76.4929173591097,50.956458418012645
2025-06-02 04:15:00,25.244500958226173,61.96375888796322,63.54621848739496,26.966054091080217,71.96157815074977,873.9447899563755,75.70707624149709,51.30254802343108
2025-06-02 04:30:00,25.362384326427154,61.96222455870851,63.54621848739496,26.98326341583009,71.86940920727913,876.0924199603138,76.27990974794504,51.01472612822747
2025-06-02 04:45:00,25.72646904684689,62.08359565280426,63.54621848739496,27.04521242957626,71.83382106162614,883.624289234755,75.87102886996307,50.815433630899214
2025-06-02 05:00:00,25.959704315394323,62.16659693620345,63.54621848739496,27.073358291240435,71.5136059841649,875.4432264591596,75.91289630600059,50.61024771780851
2025-06-02 05:15:00,26.4183338100524,62.14188562796647,63.54621848739496,27.07540116085474,71.54006049564231,877.0248910331205,76.67550255073252,51.08413952247387
2025-06-02 05:30:00,26.507358966345453,62.107387186720544,63.54621848739496,27.041575356580328,69.80709820604498,868.8859561346885,75.85409055975204,50.8312012594485
2025-06-02 05:45:00,26.141633494452822,62.02271625721303,63.54621848739496,27.07133148993714,69.89760650644678,868.1311011690991,75.73215639491141,50.81179780180411
2025-06-02 06:00:00,26.00231757753034,62.12840853705226,63.54621848739496,27.096521109011135,69.77177566226912,864.9947284170058,75.08543236236984,50.794726139965135
2025-06-02 06:15:00,26.149499494837936,62.049200171894036,63.54621848739496,27.08943390504786,69.78040233062322,866.0895134088033,75.63816260786392,50.830965982798
2025-06-02 06:30:00,26.732967945086237,62.040968461442056,63.54621848739496,27.1062312269943,69.57717893304743,862.2892566548192,75.53633595184004,51.026116485106165
2025-06-02 06:45:00,27.103114807179367,62.09186292833408,63.54621848739496,27.08448221816277,69.79881551736351,861.7095094611951,75.2029589685869,51.04788844080596
2025-06-02 07:00:00,26.71423692269763,62.141990309355045,63.54621848739496,27.102454158280885,70.06267912332264,856.9154622271117,74.87294143316278,50.80582846898247
2025-06-02 07:15:00,26.219598613278407,62.20605819303375,63.54621848739496,27.058418763364124,70.06597644958232,855.7907609212,74.81274398637841,50.94618749715343
2025-06-02 07:30:00,25.705745450242794,62.255458845478266,63.54621848739496,27.01675875200584,69.98666274299327,864.7926623462604,75.32506724549178,50.57324093530253
2025-06-02 07:45:00,25.63273234157787,62.30628820246449,63.54621848739496,26.980596214922603,69.5571656858338,863.0211279719834,75.23491045164266,50.022124281280036
2025-06-02 08:00:00,25.475357418685274,62.43610393753342,63.54621848739496,26.934031639165593,69.98201492745693,862.4220515802239,73.87695630358023,49.42071112725618
2025-06-02 08:15:00,24.908721453719224,62.45758575957827,63.54621848739496,26.910575339614745,69.95322746778622,862.823620827505,75.21436745203347,49.17333021569296
2025-06-02 08:30:00,24.270622744408,62.486476459531026,63.54621848739496,26.90148363816459,70.01161770355687,867.4868487109695,75.12494631120764,48.9022680971643
2025-06-02 08:45:00,23.380052661693224,62.67043540936549,63.54621848739496,26.867543740038357,70.05508995073471,874.2964215891444,73.70873116873577,48.45111474365849
2025-06-02 09:00:00,23.186457086996697,62.835569864538066,63.54621848739496,26.87610598599516,72.21329617680354,878.6188518418913,74.60152264043087,48.21875573119425
2025-06-02 09:15:00,22.831524265474933,62.870838062098585,63.54621848739496,26.87635565580351,72.06385654819589,872.005759433395,74.33764093580696,48.29912457875328
2025-06-02 09:30:00,22.887518218775487,62.837561940898226,63.54621848739496,26.89293323272986,71.71705606931062,871.7888841978628,76.19528295416046,48.56531614417468
2025-06-02 09:45:00,23.061961604599233,62.88045808957478,63.54621848739496,26.954567706288472,71.78378645101611,871.5721595975351,75.51448125680663,48.90629782432203
2025-06-02 10:00:00,22.446666849357655,62.8737404239911,63.54621848739496,26.9510364303835,71.92125874061726,869.82405919802,74.15651140433998,48.77936553213169
2025-06-02 10:15:00,22.47214719618024,62.9275701344619,63.54621848739496,26.998875075080576,72.0567559230677,870.6946930207544,74.31276141650636,49.254344496488876
2025-06-02 10:30:00,22.29590776828956,62.919762848581904,63.54621848739496,27.019558296328835,71.90289122212907,870.0745644526612,74.42989885603605,49.13136991035563
2025-06-02 10:45:00,22.78124613849264,62.91153689142237,63.54621848739496,27.026131124776953,72.10531491055784,868.0391631030928,75.39867594176754,49.26947962834521
2025-06-02 11:00:00,23.3418881127541,63.030806237083155,63.54621848739496,27.096090626295783,72.0864076964201,868.1500370721752,76.2353234656697,49.039852943672905
2025-06-02 11:15:00,23.5646993383321,63.07119594706634,63.54621848739496,27.16703135722719,72.3947244391926,870.3208229259236,75.66448750545729,49.376244785475286
2025-06-02 11:30:00,23.511662763920516,63.10908375835283,63.54621848739496,27.173098916851796,72.55804269837877,876.2714147812998,75.91536589797995,49.698442418176136
2025-06-02 11:45:00,23.360679281640387,63.19041236075806,63.54621848739496,27.21704819557452,72.68740418901133,870.9319446831288,74.88850872491538,49.80463536260421
2025-06-02 12:00:00,23.35580723806667,63.16772430856107,63.54621848739496,27.19263769513726,72.75274749205995,866.1606208909651,75.32550181293777,49.5035304746485
2025-06-02 12:15:00,24.038078281917546,63.18039643060783,63.54621848739496,27.1610880559,72.74474385536092,869.2876747562091,74.87304780058156,49.33070701982424
2025-06-02 12:30:00,24.50388754603457,63.11748627937825,63.54621848739496,27.159814414365663,72.53159552482947,871.8357015705897,75.84109542353121,49.23564411437894
2025-06-02 12:45:00,24.411993976967093,63.034718938430615,63.54621848739496,27.207782956465184,70.76412548861892,867.329348459707,76.51437552176628,48.74126959998178
2025-06-02 13:00:00,23.96597530334396,63.081371449651236,63.54621848739496,27.171581013655768,70.81790160201939,865.6409464434664,74.84968756544231,49.060117377149396
2025-06-02 13:15:00,23.507242708086103,63.02264062589951,63.54621848739496,27.146941038601614,71.01788769793917,874.4992301586242,75.14268620790835,49.174557039354234
2025-06-02 13:30:00,23.070448158087807,63.05085634954709,63.54621848739496,27.175217122294868,70.7657570774502,873.2615062562762,75.5967355694909,49.386718200397986
2025-06-02 13:45:00,23.005333798010888,63.09461029763826,63.54621848739496,27.207492826313928,70.77763333109586,869.9355473808093,76.88904700710629,49.13621495496062
2025-06-02 14:00:00,23.162155322391946,63.143357473638154,63.54621848739496,27.211996977432857,70.6484409151978,870.6788516197184,73.72355871148935,48.973843571843794
2025-06-02 14:15:00,23.215008789259183,63.186741600016774,63.54621848739496,27.19392715360611,70.25837847799319,875.8189889479506,74.26194123899216,49.037215294655674
2025-06-02 14:30:00,22.62766363408947,63.18039766946428,63.54621848739496,27.197883371027853,70.4214574053553,875.8246104765002,75.26175250803861,49.14383483295381
2025-06-02 14:45:00,21.980117365483004,63.30342717081707,63.54621848739496,27.21936799888534,70.4871732356075,875.4828118922949,75.73185841701849,48.98719151937194
2025-06-02 15:00:00,21.45744301421022,63.32639989713147,63.54621848739496,27.2422435662475,70.43176266102645,873.8371644671977,75.59939399726682,48.98337423572388
2025-06-02 15:15:00,21.53242893989614,63.3400202629369,63.54621848739496,27.23940257031371,70.60794674312041,880.7066389052812,75.30682244477987,48.65851505338846
2025-06-02 15:30:00,21.875330556658355,63.38468556931844,63.54621848739496,27.29901473506697,70.81093561413125,883.8465484642899,75.19546876581116,48.32478499601087
2025-06-02 15:45:00,22.16116461211676,63.37178911780867,63.54621848739496,27.268765909811403,70.90493044564268,881.1356440023196,75.08255317238547,48.64209932791705
2025-06-02 16:00:00,22.080402845730834,63.31643120148442,63.54621848739496,27.261142130608842,71.01893431406845,884.3547114531627,75.62520368470929,48.385878267184715
2025-06-02 16:15:00,21.665175934181136,63.24216000303916,63.54621848739496,27.247943770906637,73.00019815712032,883.5617193393069,75.10631340241511,48.54250805566312
2025-06-02 16:30:00,21.83820624733384,63.17700651900523,63.54621848739496,27.244691815979486,73.17141960374394,880.0949134031941,74.78627673298695,48.91021628978411
2025-06-02 16:45:00,22.18902701516876,63.09148886766177,63.54621848739496,27.265050639444663,73.20986472299948,877.8832522467293,75.38742145065417,48.54988971023494
2025-06-02 17:00:00,22.872276326940565,63.0289981955446,63.54621848739496,27.243447319482122,72.88173749152902,878.6814710141039,75.25916124934464,48.781673088730386
2025-06-02 17:15:00,23.096864593689705,62.98110529391087,63.54621848739496,27.257346753460414,73.14916137137082,872.9917211302547,75.1577692083376,48.82370418244632
2025-06-02 17:30:00,23.48431389715576,63.03423005031374,63.54621848739496,27.273701028205632,73.34588380409687,864.2213645835558,76.44151623993308,49.20405717043322
2025-06-02 17:45:00,23.556264155012524,62.938547757691126,63.54621848739496,27.287162413792,73.47748231481816,858.6270114977868,75.64059239084848,49.38311899904644
2025-06-02 18:00:00,24.099985192493197,62.87528574935841,63.54621848739496,27.280965097973795,73.42090647989328,858.4991669843284,75.16533900146547,49.70085489696924
2025-06-02 18:15:00,24.670346399197793,62.888767166522186,63.54621848739496,27.24078019780486,73.1035580427825,863.7474948434808,75.01356531570518,50.1496372321804
2025-06-02 18:30:00,25.343189848828786,62.7920304496807,63.54621848739496,27.251819867316687,73.32621824812087,859.3111612182925,75.49377984214628,49.99045640603209
2025-06-02 18:45:00,25.611344418806354,62.86042372632532,63.54621848739496,27.195463077379863,73.50156518428803,854.4884513761053,75.70813916525991,50.14208503845849
2025-06-02 19:00:00,25.76499070421147,62.78872876448506,63.54621848739496,27.161115720273116,73.46059531769544,847.6526302222893,75.21215953139229,49.917012992817476
2025-06-02 19:15:00,25.470228971432824,62.682642059037526,63.54621848739496,27.114810038725402,73.26143407517445,849.952943014779,75.29895791626107,49.395842958280156
2025-06-02 19:30:00,25.479300075565675,62.60076524604976,63.54621848739496,27.06697471786288,73.05977129120414,858.2335570659194,75.2898297025219,49.30302626177781
2025-06-02 19:45:00,25.42742826680661,62.6189236513956,63.54621848739496,27.053306602272713,73.18456610062402,865.5053907808882,75.34792430856065,49.41220484127583
2025-06-02 20:00:00,25.843777270281162,62.56822181736605,63.54621848739496,27.00290178901013,71.20476200510078,868.7251235018898,74.25781424669971,49.23283371709095
2025-06-02 20:15:00,25.662142364693466,62.5741465177301,63.54621848739496,27.01946261054635,70.97288954123678,865.9340192783637,75.13565253419637,49.47208521522763
2025-06-02 20:30:00,25.078882743156527,62.60240890658874,63.54621848739496,27.049886543742407,70.98150408954312,876.3190120208536,75.80903777343387,48.98545799342637
2025-06-02 20:45:00,24.415503880932945,62.62493684484934,63.54621848739496,26.96160823478273,70.6463660609194,877.5481867924667,74.37029337612816,48.984718059677796
2025-06-02 21:00:00,24.21611434024553,62.619950591986175,63.54621848739496,26.947797691256447,70.96726262448858,875.4589248989537,75.92487173948074,49.02673103984454
2025-06-02 21:15:00,24.531849241602753,62.69780903382748,63.54621848739496,26.901028472946685,71.06524009757777,870.3197244882346,75.11280735933913,48.81880236100362
2025-06-02 21:30:00,24.82894029413117,62.6974204951273,63.54621848739496,26.944462683745062,71.04878354503111,876.7074338108965,74.61811310333978,48.83790972072811
2025-06-02 21:45:00,24.962040468128556,62.65101729058212,63.54621848739496,26.94534358552399,70.70189273263996,873.9669150125553,74.6696489170379,48.66755582351941
2025-06-02 22:00:00,24.97643656790877,62.585919514969206,63.54621848739496,26.958872991704414,70.81800247170816,876.3387774574996,75.50504007621757,48.87648582974196
2025-06-02 22:15:00,24.490157077964007,62.61808097404963,63.54621848739496,26.922406434772633,71.08173701870135,875.3285218556791,75.800712040156,49.10192225727312
2025-06-02 22:30:00,24.854235168193277,62.515898024373314,63.54621848739496,26.88817413349924,70.95292107666033,881.840556727322,75.01111164052405,49.53993168218046
2025-06-02 22:45:00,25.455217819877497,62.45131533298273,63.54621848739496,26.913027379824335,71.16202256269679,887.6363514879687,74.65849303750647,49.919179849880884
2025-06-02 23:00:00,26.33435461240198,62.373528627258494,63.54621848739496,26.8244876365664,71.23341626439272,884.2315194547148,74.67701784552757,50.31730401663508
2025-06-02 23:15:00,27.085912897201755,62.44618561663681,63.54621848739496,26.78469954427552,70.81554365306275,885.0133400993336,76.68963072553719,49.97665071952762
2025-06-02 23:30:00,27.180204899463412,62.47125518903071,63.54621848739496,26.717563867900317,72.95293799909174,884.2696940391098,73.69219743450171,50.4399557797193
2025-06-02 23:45:00,27.145706037876398,62.430466636570266,63.54621848739496,26.658733931424358,72.82207022784728,888.5635344736072,74.38610265344845,50.387558931541626
2025-06-03 00:00:00,27.531420550665594,62.411410661155706,63.54621848739496,26.593913155429156,72.91201084575269,881.6134264932156,74.27076106898201,50.33497987392314
2025-06-03 00:15:00,28.28905131996324,62.53289098596698,63.54621848739496,26.58919108140066,72.75696697883151,883.3821595614992,74.43446980382319,50.251400154584545
2025-06-03 00:30:00,28.81372190259606,62.60598589245412,63.54621848739496,26.552427491535642,72.75785867411274,890.8984733020964,74.70488692498427,49.95508190291167
2025-06-03 00:45:00,28.704066121873847,62.52465580623707,63.54621848739496,26.553617407700223,72.7761875369351,893.1192156017771,74.509523243154,50.098310911416085
2025-06-03 01:00:00,28.42532950063667,62.494256354365824,63.54621848739496,26.612561885546732,72.4595452938412,886.8496204078908,74.63061255767556,49.96408871235588
2025-06-03 01:15:00,27.602256019379244,62.54490746239027,63.54621848739496,26.553971520441394,72.30963410159004,881.5571486314982,74.674757905953,50.546648217443256
2025-06-03 01:30:00,27.206128076049545,62.547580660329025,63.54621848739496,26.60555307664349,72.05415472413755,881.4078879106236,74.68867269623047,50.561842630602406
2025-06-03 01:45:00,27.432165335199027,62.50828622597856,63.54621848739496,26.551063358972055,72.10344188750807,883.0948399199498,75.15163034775561,50.341071965441984
2025-06-03 02:00:00,27.75118199939564,62.42413595551918,63.54621848739496,26.527361515844778,72.1983432216403,878.8626995325453,75.22181513673367,50.522815543913474
2025-06-03 02:15:00,27.425555122782683,62.4377845428574,63.54621848739496,26.505021904683694,72.20674231360547,882.3246200342712,74.92141068188582,50.265821933488525
2025-06-03 02:30:00,26.7900989516841,62.37016375068482,63.54621848739496,26.47086744690258,72.34111470352728,887.8822635634402,74.93830927096835,50.42101862187495
2025-06-03 02:45:00,25.96383110286797,62.45719916413369,63.54621848739496,26.490771124651527,72.21309412305803,887.3933489246263,74.12925859826895,50.483019017302205
2025-06-03 03:00:00,25.818162613801707,62.445225184302096,63.54621848739496,26.447586306848432,69.86552568670402,884.3392577914485,74.7958953138728,49.97726549460367
2025-06-03 03:15:00,25.76211798249118,62.45237815796066,63.54621848739496,26.475892729885445,69.8659376683102,881.2645784254075,75.15314559713177,50.42860891276641
2025-06-03 03:30:00,25.98470829229273,62.55335153859421,63.54621848739496,26.505317785438642,69.99347239591293,880.6095943390336,74.57426905384088,50.143755460986284
2025-06-03 03:45:00,26.20225261427342,62.54751968392904,63.54621848739496,26.543370039928654,70.26151390774044,872.0737417237843,74.6922458578331,50.19644870056845
2025-06-03 04:00:00,25.774184393738533,62.46177732750085,63.54621848739496,26.551709269791335,70.26023830010962,877.8701324623368,73.84165473023151,50.10648754660623
2025-06-03 04:15:00,25.591667185910044,62.40802440793307,63.54621848739496,26.57131452121258,70.41368941796034,878.451266413726,75.0535874077062,50.174338610994724
2025-06-03 04:30:00,25.673339722569143,62.43018750154252,63.54621848739496,26.60906120725234,70.4962838187964,877.6816628901296,74.31038033584503,50.54067705794805
2025-06-03 04:45:00,26.111143324027537,62.40940905686389,63.54621848739496,26.602535881422114,70.3597754937707,882.9114373685904,73.4441541415553,49.99054371569093
2025-06-03 05:00:00,26.6699088443348,62.41209144574002,63.54621848739496,26.627740280403938,70.45032443022856,890.4613303484326,73.0201462300488,49.678866461323565
2025-06-03 05:15:00,26.77430187774661,62.46713942187807,63.54621848739496,26.578501634123704,70.04281416588896,889.1839394199541,73.94634353210687,49.684429547807746
2025-06-03 05:30:00,26.756016861229156,62.43774913528116,63.54621848739496,26.62341663925167,69.9224183346355,885.5384875463924,73.97121120786542,49.465117319848844
2025-06-03 05:45:00,26.409067825533192,62.41835522086523,63.54621848739496,26.629946605214574,69.77208849366565,890.5416011593204,73.24031058144257,49.599021533135804
2025-06-03 06:00:00,26.80371447030698,62.376704536749585,63.54621848739496,26.662683309581492,69.84832398442843,885.273707810831,74.55469993105893,49.995212452154426
2025-06-03 06:15:00,26.96668551747564,62.42162455916002,63.54621848739496,26.709783936603586,69.87638844507696,883.1160123000963,74.2032247729177,49.97838791056057
2025-06-03 06:30:00,27.17774538638577,62.39418149048685,63.54621848739496,26.65726191327912,70.00670650828127,879.8401760347198,74.36875919405534,50.04017252851577
2025-06-03 06:45:00,27.14235970333295,62.46838925467285,63.54621848739496,26.67602166236108,72.31109456362587,874.1242695106927,73.12192031696921,50.72626596122091
2025-06-03 07:00:00,26.74977314186531,62.33458763807177,63.54621848739496,26.65881312619798,72.45336666135088,882.7758774388507,74.13165603618192,50.65968020925252
2025-06-03 07:15:00,26.145242341493752,62.35549262278826,63.54621848739496,26.650374777073775,72.25548017743752,882.8277732663714,74.48306326533766,50.76550199583254
2025-06-03 07:30:00,25.98473403615326,62.34566243719641,63.54621848739496,26.662825785750275,72.63509812754008,882.7008755786102,75.57545430391933,50.64503216170194
2025-06-03 07:45:00,25.787727548353413,62.36504618214585,63.54621848739496,26.664699497763564,72.84578139485079,888.0274704922053,73.47050430615123,50.2778504347469
2025-06-03 08:00:00,25.799435119524432,62.47663594481235,63.54621848739496,26.707874214049504,72.95321897049669,888.8393973220882,73.61674091448113,50.32910110282459
2025-06-03 08:15:00,25.568786832290915,62.46706619084084,63.54621848739496,26.73543237599552,73.10336799252816,888.8717974490356,74.64082920926042,50.64772485574393
2025-06-03 08:30:00,25.021623953739034,62.491181238471604,63.54621848739496,26.746695329663996,73.20073342976333,892.2511670967348,74.76623396466958,50.95160485120339
2025-06-03 08:45:00,24.208470688635177,62.572256269879624,63.54621848739496,26.757872080396414,73.18848327883329,889.5086097132329,74.66618827754968,51.11455794667555
2025-06-03 09:00:00,23.559396429562764,62.414345720345686,63.54621848739496,26.761496072487557,72.938347442572,893.6290591626602,74.65673535088999,50.56661496128943
2025-06-03 09:15:00,23.17604265608146,62.268173716319886,63.54621848739496,26.80312573328292,72.51637267287268,896.9828641201893,75.45193158495304,50.300155050274746
2025-06-03 09:30:00,23.29125753588077,62.24119000876494,63.54621848739496,26.824823510267162,72.54691844556865,902.4427579402595,74.32422338308804,50.50340429124438
2025-06-03 09:45:00,23.290955995579264,62.26745966784261,63.54621848739496,26.774624876650506,72.89120146517408,889.4403782652699,74.38511780637252,50.538717734807406
2025-06-03 10:00:00,22.698944572665702,62.333390263548,63.54621848739496,26.70750498373654,72.85007413169905,899.8159242830254,75.89945215707009,50.236672348872354
2025-06-03 10:15:00,22.331812258631228,62.38630582864734,63.54621848739496,26.735331419664952,70.69006270025824,904.4270300359148,75.68846835380029,49.940794626567325
2025-06-03 10:30:00,22.509539037747388,62.367737678999006,63.54621848739496,26.785236090843927,70.62607053038623,904.9823142826124,74.29332289406796,50.01192596701674
2025-06-03 10:45:00,22.895740263383196,62.38447653423815,63.54621848739496,26.779665321551494,70.46854605158546,904.2625468139165,74.87399806133779,50.430827895780965
2025-06-03 11:00:00,23.514588872941406,62.447408537361945,63.54621848739496,26.785733823162087,70.0990451779533,907.2113839110119,76.49696687502451,50.38096476135949
2025-06-03 11:15:00,23.788482652545873,62.40698664028757,63.54621848739496,26.811045652134723,70.07369362789206,914.5258935425111,75.6471602991197,50.393825364418134
2025-06-03 11:30:00,23.85106363771184,62.342088087616744,63.54621848739496,26.80819916978947,70.37213048393187,903.2728873048316,74.67376037961374,50.25510098567222
2025-06-03 11:45:00,23.72284597890155,62.39847873554328,63.54621848739496,26.78120642617249,70.38764473584898,895.5973796193243,75.37998583166822,50.15907720217117
2025-06-03 12:00:00,23.646092161040475,62.433788604097394,63.54621848739496,26.76379463372085,70.69434312034329,886.889378672759,75.71971876657369,50.03171417353828
2025-06-03 12:15:00,24.00181290946129,62.30783320003516,63.54621848739496,26.812252137412422,70.54600801480787,887.123180560642,74.35451602882212,49.663764148382775
2025-06-03 12:30:00,24.172069134430654,62.27046531678957,63.54621848739496,26.82822701480807,70.80224223827476,895.1510520849249,74.75929429583823,49.60516187219622
2025-06-03 12:45:00,24.138174874431545,62.220290293898834,63.54621848739496,26.807700825680424,70.85018702177328,890.4734315318925,75.7070530460962,49.53656398332706
2025-06-03 13:00:00,23.761259019040214,62.11111131412234,63.54621848739496,26.84592110983312,70.79240345263408,892.4346971777262,75.37712144102241,49.361405553676484
2025-06-03 13:15:00,23.444827391552966,62.15359889875164,63.54621848739496,26.885328753205542,70.50552831563857,894.457295521706,75.84809098611312,49.54967071390788
2025-06-03 13:30:00,23.298540794862834,62.178207981271086,63.54621848739496,26.94585526488078,70.46625060390635,892.7981570187031,74.96702984090109,49.50850406443761
2025-06-03 13:45:00,23.313112628932167,62.10092254672201,63.54621848739496,26.95840405040936,70.48744234386642,893.6192537694478,75.11075096518744,49.861428107442045
2025-06-03 14:00:00,23.571500137862895,62.032768516196434,63.54621848739496,26.980880581439315,72.74288533411992,893.9473766004731,75.55720963472005,49.95186814809675
2025-06-03 14:15:00,23.23313944083564,61.91160411617181,63.54621848739496,26.99555721033374,72.73716402495866,894.4128883558359,74.97877196336982,49.52066158089312
2025-06-03 14:30:00,22.89222114393827,61.867021588280195,63.54621848739496,27.02181108623039,72.96266597693831,890.2420032255848,75.32685791490927,49.723469394010536
2025-06-03 14:45:00,22.21052292813737,61.94997644012041,63.54621848739496,26.938019666788627,72.90244071090441,886.1313806032147,75.4336748142402,49.617961396660235
2025-06-03 15:00:00,21.755817398442943,61.905844591534546,63.54621848739496,26.983286863564032,72.96655006250802,882.9404005137687,75.00527046355363,49.4888186831083
2025-06-03 15:15:00,21.87952347769712,61.92571972379862,63.54621848739496,27.024158199059443,73.26426114289379,884.9095769575697,74.45278815005057,49.57441655857652
2025-06-03 15:30:00,22.358350951928294,61.78129755419206,63.54621848739496,27.033996018631417,73.23525149481911,890.0166739298534,75.08124835751357,49.98610551836506
2025-06-03 15:45:00,22.547258932362816,61.74593113426914,63.54621848739496,27.002138961193968,73.14704432086334,880.9625795716563,75.23024622415345,49.692818823202344
2025-06-03 16:00:00,22.45860691329753,61.7735075003953,63.54621848739496,27.01392486321666,73.35622900021075,889.0672320899621,75.7145060536971,49.419215138875444
2025-06-03 16:15:00,22.230905938743515,61.7916199128684,63.54621848739496,27.017772535465472,73.55446490629437,889.9554012177522,75.26783250426742,49.472458388267036
2025-06-03 16:30:00,22.20598801439003,61.853621676545835,63.54621848739496,27.030207850670745,73.76043812177498,878.9176919788628,76.15323617946589,49.56015054334214
2025-06-03 16:45:00,22.502234027778517,61.80842720813048,63.54621848739496,27.045388335400805,73.90829758440431,881.7221762740563,74.54156132909772,49.771921389732825
2025-06-03 17:00:00,23.405854893422546,61.72336350550799,63.54621848739496,27.056283530686517,74.02955770871492,888.2811127645607,74.62048411807744,50.05437501502968
2025-06-03 17:15:00,23.97106142503783,61.871022729831694,63.54621848739496,27.110352640666306,73.73245577111163,887.1343783811112,75.07752956824442,50.391265573512044
2025-06-03 17:30:00,24.01798506808925,61.83204096772844,63.54621848739496,27.094857972058186,71.57285071215257,885.713826687038,75.29362637657158,50.03751958211033
2025-06-03 17:45:00,23.762301480535793,61.86070028352925,63.54621848739496,27.054149550779904,71.67484199908688,893.0144139022442,75.41870376897667,49.938221807962194
2025-06-03 18:00:00,23.919889283410797,61.7991243138072,63.54621848739496,27.031212182144557,71.55000572066957,892.0340382714423,75.55459414044994,49.71853302120272
2025-06-03 18:15:00,24.647938056312153,61.74371441124395,63.54621848739496,27.017141992740335,71.57707430348879,883.0879707180753,74.69198779870264,50.002252972734205
2025-06-03 18:30:00,25.388573529607378,61.73490952867619,63.54621848739496,26.992611308878747,71.67130944601149,881.6710991343049,75.47376511131291,50.37912519482258
2025-06-03 18:45:00,25.65285556851179,61.68872875580891,63.54621848739496,27.056833468090897,71.33789911540329,870.3363430351116,75.9854019225447,50.3404541719831
2025-06-03 19:00:00,25.857880988969967,61.71535861481833,63.54621848739496,27.038927671628873,71.50085994019442,866.7259354772477,75.6434432584346,50.54627232281212
2025-06-03 19:15:00,25.32400377946481,61.759888322374216,63.54621848739496,27.069152828288097,71.73062467282756,863.680214307972,75.32765808772092,50.522043660419925
2025-06-03 19:30:00,25.065786427533197,61.70750731988514,63.54621848739496,27.080380806367078,71.51131218479232,864.1544139725036,75.07938932476532,50.2482042311317
2025-06-03 19:45:00,25.211866296198934,61.713362088130026,63.54621848739496,27.033350371620298,71.89503548011378,864.2646915373577,74.63948776490035,50.322278401313824
2025-06-03 20:00:00,25.626898604998633,61.79153091424409,63.54621848739496,27.035887015331276,72.20199701261889,858.6143272809528,75.99023479855808,50.2731846666355
2025-06-03 20:15:00,25.74030667602813,61.698575470444766,63.54621848739496,27.067906247190066,72.05633527264521,865.0709896770591,73.97011344974463,50.50699926782733
2025-06-03 20:30:00,25.308627378296112,61.60247571735782,63.54621848739496,27.044088915859607,71.89623753746162,870.8409363140635,74.43728809172472,50.39208797339468
2025-06-03 20:45:00,24.514393406319204,61.539404378932815,63.54621848739496,27.006937894793577,71.8163421053955,871.5123879761147,76.0164926753478,50.47798581049379
2025-06-03 21:00:00,24.347403400293697,61.5597288594592,63.54621848739496,27.013542392301662,73.69979929253684,869.901282787926,75.97111561683255,50.63829197315402
2025-06-03 21:15:00,24.48312060480918,61.49373259768045,63.54621848739496,26.954004476810923,73.71453416457659,874.5356423756709,75.58174979856034,51.13827821389721
2025-06-03 21:30:00,25.186024538931367,61.61400005853912,63.54621848739496,26.951107670452338,73.59627452883724,875.4061220660058,74.53989101701177,51.26072111766601
2025-06-03 21:45:00,25.45624719684667,61.564849370345115,63.54621848739496,26.955041733051768,73.30594173116586,882.0118791341339,76.39091448831573,51.193948254184235
2025-06-03 22:00:00,25.247903658830143,61.49532009947615,63.54621848739496,26.96666501962733,73.63126814433835,880.7254886644133,75.51022898915345,51.267360832519735
2025-06-03 22:15:00,25.14152026480749,61.45502974591129,63.54621848739496,26.950552739853446,73.4394685138711,884.086550611843,74.96304562458704,51.43842903752381
2025-06-03 22:30:00,25.295125066990423,61.42123761535738,63.54621848739496,26.93275235949875,73.62102510394695,888.1653296500865,74.67164150453914,51.678488438905966
2025-06-03 22:45:00,25.902557497596213,61.37005549038807,63.54621848739496,26.92807970404606,73.53319307246326,889.6492038158808,74.50545579390467,51.616615755365146
2025-06-03 23:00:00,26.735983559369668,61.42055786433984,63.54621848739496,26.91849343275942,73.6877646946968,885.8990285800758,75.38672001640097,51.68387433103765
2025-06-03 23:15:00,27.096630230500658,61.409676991715216,63.54621848739496,26.883898887726755,73.49588660392239,882.0253358857968,74.3130854287638,51.680533577814614
2025-06-03 23:30:00,26.821928431791587,61.433903968755416,63.54621848739496,26.816698305875956,73.84573979803314,882.716282202398,76.0349968828402,51.57304033808821
2025-06-03 23:45:00,26.742239459635243,61.53054117668193,63.54621848739496,26.73944675878121,73.50301697955896,882.633461852768,74.43079786024364,51.46165216411084
2025-06-04 00:00:00,26.731525722446186,61.62064911615705,63.54621848739496,26.760049940369,73.4711726586517,881.5024398344495,74.37024224877263,51.3205096859194
2025-06-04 00:15:00,27.578314317048928,61.66713533242124,63.54621848739496,26.725722320571705,73.35979542251125,882.1092521566118,75.08940857279298,50.91632380853817
2025-06-04 00:30:00,28.25174652924535,61.576512737577524,63.54621848739496,26.724006495491125,73.26128947055184,886.1198483460068,74.81201819057259,51.056217702457246
2025-06-04 00:45:00,28.574293367415027,61.57765448764665,63.54621848739496,26.704155373964248,70.97362380544659,876.3202827592152,75.22833550632545,50.66846112473491
2025-06-04 01:00:00,28.227934174113212,61.55454392567683,63.54621848739496,26.731099150288607,70.77053114577159,873.3795442559708,74.99774884748828,50.95105901841034
2025-06-04 01:15:00,27.669951232331265,61.560474883302696,63.54621848739496,26.68706749696462,70.72195786886203,872.5810767482965,75.44942499953345,51.00793614838718
2025-06-04 01:30:00,27.652480436699232,61.43674489946137,63.54621848739496,26.68391099210805,70.59155344949227,872.1340930706995,74.8356143413377,51.1731341215907
2025-06-04 01:45:00,27.768613367200054,61.26651853789164,63.54621848739496,26.676635342950995,70.51249586768532,878.946523573993,76.06782694372512,51.31459294932402
2025-06-04 02:00:00,27.81130534547563,61.37029567109973,63.54621848739496,26.696478329848997,70.6759798528429,881.7342049736145,73.30001151410518,51.4234948640389
2025-06-04 02:15:00,27.5787975822761,61.309472302214395,63.54621848739496,26.649395180804976,70.22374561816325,879.6364064733193,74.22104567935058,51.29753403003706
2025-06-04 02:30:00,27.156579466497426,61.32102298299804,63.54621848739496,26.64465620636348,70.39620039376686,886.4215670986218,74.3318668273536,51.01573319903947
2025-06-04 02:45:00,26.291276294038845,61.34939199307334,63.54621848739496,26.65293832100896,70.38867940413039,880.3951514015579,74.41035404679043,50.62926423619551
2025-06-04 03:00:00,26.002835076279265,61.30714722171595,63.54621848739496,26.633103222377663,70.53816768436185,872.611511829202,74.43596957627466,50.65589041668917
2025-06-04 03:15:00,26.096089527520025,61.27708789592808,63.54621848739496,26.664122029648933,70.45420497453526,873.7367484754936,74.73810318858315,50.54950023822556
2025-06-04 03:30:00,26.123748278587414,61.14157895419647,63.54621848739496,26.63105866271528,70.30759953352823,874.9826810330153,74.36079065486797,50.501844086317554
2025-06-04 03:45:00,26.10058815286221,61.09405200856551,63.54621848739496,26.611953366471315,70.54681475071935,875.0726450899584,75.49719370851157,50.640474266948345
2025-06-04 04:00:00,25.929190265425003,61.061041271860304,63.54621848739496,26.628574995280516,70.65830931102454,876.7405808546672,73.61119565526884,50.87321377241314
2025-06-04 04:15:00,25.598398009581576,61.05722027328879,63.54621848739496,26.650955374501514,72.34101232133524,871.8544162644444,74.82553181255345,50.673961680354545
2025-06-04 04:30:00,25.734414246110063,61.03495413233823,63.54621848739496,26.625874703021132,72.68792291785633,865.3550843742726,74.82408059282712,50.82223320816892
2025-06-04 04:45:00,26.237941555903312,61.07409754635582,63.54621848739496,26.649513707647124,72.72729588697831,867.4052006515516,74.31671801500394,50.569885934820164
2025-06-04 05:00:00,27.016159615746627,61.152639417513605,63.54621848739496,26.63371518888423,72.46800269511638,865.3106026607131,74.31247311132456,50.4270931791337
2025-06-04 05:15:00,27.054676028306048,61.234514140686116,63.54621848739496,26.631610518237434,72.54061125036829,867.4156728069225,74.48637872935801,50.49915665937124
2025-06-04 05:30:00,26.76623793346275,61.147600552706976,63.54621848739496,26.628469005192482,72.66732507669602,868.1166260762058,74.25230884511366,50.39059209111461
2025-06-04 05:45:00,26.424950375679895,61.234814500670176,63.54621848739496,26.629237651286473,72.67141945968524,865.2843394500618,74.8497050207888,50.3472216782879
2025-06-04 06:00:00,26.435180891864004,61.14295191417256,63.54621848739496,26.640861882676745,73.0334411924323,866.0035556514424,74.70231051292909,50.16589526182848
2025-06-04 06:15:00,27.202250437573777,61.13447058780314,63.54621848739496,26.632690982721037,72.820865088541,870.4863392279708,74.00264205347699,49.71368171855456
2025-06-04 06:30:00,27.546147927495035,61.200160995525636,63.54621848739496,26.657369689111736,72.7886519352555,862.9837193272356,75.12809247448023,49.94087550551685
2025-06-04 06:45:00,27.62390660227753,61.22876030113492,63.54621848739496,26.668956995945432,72.85076542668304,865.1316107494133,74.97147257639111,49.952715548229435
2025-06-04 07:00:00,26.813397386004507,61.2855395659791,63.54621848739496,26.692907676040143,72.7870885321309,861.4899902139779,75.36425816626993,50.11238574882059
2025-06-04 07:15:00,26.507263060573607,61.22439521999364,63.54621848739496,26.70996821595936,72.8862081938338,853.555698272369,74.08960517657954,50.10617707914863
2025-06-04 07:30:00,26.053713343273937,61.21403228209833,63.54621848739496,26.748562064336507,73.03012684417622,859.5739647393482,74.67623609475656,49.85581625761856
2025-06-04 07:45:00,26.185282870739176,61.2132973127765,63.54621848739496,26.802334993850838,73.1396265262054,860.4798819338537,75.72137237911583,49.79116473236366
2025-06-04 08:00:00,26.103047186946352,61.24042822364193,63.54621848739496,26.809866339313277,71.20864308480955,865.7749794728609,74.9988079826943,49.49812564825149
2025-06-04 08:15:00,26.013042280541075,61.11069059330291,63.54621848739496,26.857137071333348,71.12370974288056,859.997576004989,74.68668601294777,49.46983173886853
2025-06-04 08:30:00,25.44890502374943,61.18983923485887,63.54621848739496,26.862526497034263,71.23104923417557,859.639274910986,74.27885399964306,49.26777273946836
2025-06-04 08:45:00,24.438407760309484,61.328042846571336,63.54621848739496,26.847950019668346,71.33507918334232,860.3862482999232,75.29592000605572,49.35561044157244
2025-06-04 09:00:00,23.628645187589015,61.28275819269581,63.54621848739496,26.884763299498523,71.26394621153361,867.3986960156938,74.25486640460103,49.46226952837417
2025-06-04 09:15:00,23.653635544182414,61.220157533842496,63.54621848739496,26.871253638463532,71.3224152054194,865.6863351271664,75.7119947405807,49.12537925662827
2025-06-04 09:30:00,23.785358842187936,61.07272882240094,63.54621848739496,26.882743114912593,71.31993049506534,863.2191801904006,74.87372868668312,48.95328043995012
2025-06-04 09:45:00,23.49563711788931,61.17047325538466,63.54621848739496,26.945188296826966,71.45702745857204,867.253503724966,75.71944113739079,49.09034652429024
2025-06-04 10:00:00,22.68898920368104,61.05513591947236,63.54621848739496,26.961092659420974,71.26962260899143,866.9231965987656,74.80296106255345,49.13177249936515
2025-06-04 10:15:00,22.335827392979187,61.21024548389376,63.54621848739496,26.921298672650465,71.43310268363487,865.7454172988053,74.98993752632417,49.27135165052089
2025-06-04 10:30:00,22.40815028719782,61.22147103125168,63.54621848739496,26.952486946655345,71.46859378888892,866.076830144244,75.10143061770813,49.322454987346475
2025-06-04 10:45:00,22.675351627643714,61.23115756188951,63.54621848739496,26.932442540883137,71.42941017916657,853.8274914850882,74.74424841930616,49.22645232877009
2025-06-04 11:00:00,23.09933383535801,61.31727354566582,63.54621848739496,26.899381655639953,71.22076617010002,846.3528660292206,75.17099261944965,49.15842351604667
2025-06-04 11:15:00,23.58403763335579,61.38589060939604,63.54621848739496,26.843912913760537,71.68564856339066,845.731892327666,74.80119926888405,49.78009828416937
2025-06-04 11:30:00,23.681149392151234,61.41200545469132,63.54621848739496,26.83237627964502,73.73641320716898,844.33414985136,76.26175060589138,49.993793324720585
2025-06-04 11:45:00,23.44002470121622,61.433029748220655,63.54621848739496,26.802483787201044,73.59694056764441,837.9635718769902,74.66269048556,49.749597987154566
2025-06-04 12:00:00,23.375309265476172,61.557751737817796,63.54621848739496,26.793544481772837,73.60314436799628,841.4175207794442,75.17687207961015,49.7458796488862
2025-06-04 12:15:00,23.876801314394353,61.5085889693447,63.54621848739496,26.776993971796724,73.94619116245403,840.1848810216609,74.55404144807004,49.66497490332376
2025-06-04 12:30:00,24.144290506406843,61.50105869198854,63.54621848739496,26.786746459452253,74.22451342136397,845.799873693094,75.2921467400696,49.35148174574654
2025-06-04 12:45:00,24.60758502232766,61.53671911517279,63.54621848739496,26.755505680665554,74.30677322104638,841.8902310313123,75.38294125154307,49.22573509869152
2025-06-04 13:00:00,24.348099298374954,61.726033725124466,63.54621848739496,26.77695526026121,74.36210015801835,846.5222339991269,74.52860561408774,49.40485238057414
2025-06-04 13:15:00,23.553204506597964,61.551834578222916,63.54621848739496,26.796099750083037,74.43034654638808,844.8267140254665,75.10314997699342,49.668855393649764
2025-06-04 13:30:00,23.50641741352988,61.593351873496545,63.54621848739496,26.79066817740114,74.5693838439946,849.9207953418479,76.08299414945945,49.1401424361812
2025-06-04 13:45:00,23.662442054798124,61.54531745075716,63.54621848739496,26.84508724064727,74.50335421067084,851.5622337096264,74.57264860221093,49.34117044926102
2025-06-04 14:00:00,23.58296746770911,61.35746212843495,63.54621848739496,26.817429516753737,74.54753787495511,850.7905076854679,75.2571926400304,49.26868985938103
2025-06-04 14:15:00,23.63287173635819,61.41398028100082,63.54621848739496,26.86225181762156,74.63630970911287,844.0240269834941,75.02839115379987,49.253624198417064
2025-06-04 14:30:00,22.753957289084713,61.55898149498588,63.54621848739496,26.930002457910298,74.37012309017804,847.3109546745056,74.91143121242956,49.206208562226855
2025-06-04 14:45:00,21.97579709774677,61.525575061585506,63.54621848739496,26.85293777985708,74.43441603787696,849.0267051585836,73.01953544247542,49.203287930507
2025-06-04 15:00:00,21.973396121160405,61.60548336082357,63.54621848739496,26.891576170192042,72.60378010081506,845.6751831088438,75.95276663997332,49.06018195174133
2025-06-04 15:15:00,22.285303501255367,61.60124089672732,63.54621848739496,26.931744828694825,73.06026363105414,845.6444494354129,74.64146231424462,49.35985610354264
2025-06-04 15:30:00,22.43055188532465,61.72631355432594,63.54621848739496,26.936472851788594,73.18026527108249,842.4857522967105,74.78692896035945,49.52544513278031
2025-06-04 15:45:00,22.52502592361858,61.59822720240375,63.54621848739496,26.93637741262114,73.43223096074308,854.4406597389184,73.77747490174882,49.501913915862076
2025-06-04 16:00:00,22.312190918157807,61.80212341169046,63.54621848739496,26.98196818984513,73.67106982523762,854.4206368872632,74.2879467765303,49.51154196353006
2025-06-04 16:15:00,21.932842886077996,61.73814377967211,63.54621848739496,27.016638503759864,73.33719016960853,844.2614217864565,74.65800035968451,49.32585627726126
2025-06-04 16:30:00,21.914408432633184,61.66359560138739,63.54621848739496,26.983394149596016,73.47407148318338,847.1404900128998,74.84932047733001,49.52654324553369
2025-06-04 16:45:00,22.607784152529625,61.6234282248454,63.54621848739496,26.941234274621173,73.7130440982571,842.2249474135338,74.59586519559946,49.95818744073386
2025-06-04 17:00:00,23.31203353243696,61.65017678767019,63.54621848739496,26.945239583399122,73.6871836609764,845.028013957421,74.90695954555976,49.605047731774185
2025-06-04 17:15:00,23.6820304983387,61.648216161592714,63.54621848739496,26.943478282603277,73.6569167527921,841.932731015287,75.22497283808227,49.61688159273467
2025-06-04 17:30:00,23.780755040949597,61.7614857591668,63.54621848739496,26.92384498853327,73.9651348845347,849.4474646172196,75.6456006557626,49.93789636093818
2025-06-04 17:45:00,23.93187961467959,61.75318077759561,63.54621848739496,26.908153085836133,74.06219702625211,850.8602025503341,74.8596451193346,49.62636783242613
2025-06-04 18:00:00,23.79075072299664,61.58215927566272,63.54621848739496,26.914886393359726,73.56627774898939,856.0150763601048,74.84947508486323,49.933371832649264
2025-06-04 18:15:00,24.480958051511962,61.64291744176322,63.54621848739496,26.902283869872498,73.68719452061451,850.7265700556447,74.91560936223772,50.000628247108715
2025-06-04 18:30:00,25.25216840009395,61.81275438092803,63.54621848739496,26.878818068750558,73.65352755938218,848.7311983058444,75.95070722255994,49.80970081222367
2025-06-04 18:45:00,25.835471227177944,61.66866651542649,63.54621848739496,26.870570109504193,75.79485110515738,849.6948368251108,75.0872049500668,49.96781110769971
2025-06-04 19:00:00,25.56488100531493,61.65687436503835,63.54621848739496,26.844405340820227,75.92688830554042,842.4771605988634,75.46995116404086,50.57981770138888
2025-06-04 19:15:00,25.084066803860523,61.752704687737996,63.54621848739496,26.895265495077577,75.84116227119098,844.8982926820495,75.48284189581254,50.66130302545171
2025-06-04 19:30:00,25.114647884273968,61.71047786271329,63.54621848739496,26.903415504651228,75.91023658518218,849.150384228747,75.01443602636061,50.50344203669173
2025-06-04 19:45:00,25.493308363119205,61.67569388109624,63.54621848739496,26.8657761447437,75.71018133108943,848.6531076600829,75.05627598013173,50.23974002355973
2025-06-04 20:00:00,25.59896102148825,61.754393215451174,63.54621848739496,26.884956449715197,75.72419856355347,845.1573224782788,74.66021638704566,50.459907423094776
2025-06-04 20:15:00,25.769149702469853,61.73456841096065,63.54621848739496,26.93748746615295,75.81537849492318,843.5442876039936,74.34528263578585,50.50639008540788
2025-06-04 20:30:00,25.245770244232226,61.86796005063708,63.54621848739496,26.909847889994403,75.7431273939977,853.4553055661313,75.03583807832968,50.359655269046286
2025-06-04 20:45:00,24.438458398095026,61.764421649566714,63.54621848739496,26.88971884230519,75.65880098544906,846.0546528375916,74.29524372770248,49.87972560927256
2025-06-04 21:00:00,24.13540829641107,61.5885639172464,63.54621848739496,26.881626638805145,75.43890467291381,845.356744671633,75.29359365495526,49.70603019974967
2025-06-04 21:15:00,24.252550251427085,61.51233501012445,63.54621848739496,26.89319734716967,75.31109863024632,850.3629197158405,75.21506808155523,49.670272179818305
2025-06-04 21:30:00,24.798475040086235,61.456102963291556,63.54621848739496,26.90498590508756,75.32563403793446,848.5689018489591,73.77162154299877,49.93154709759961
2025-06-04 21:45:00,24.96859309098568,61.54579971930571,63.54621848739496,26.92188849006823,75.1647427622844,855.186996027832,74.4836931032902,50.11147711296205
2025-06-04 22:00:00,24.6496850076913,61.60676145491367,63.54621848739496,26.91171288720352,75.30958429873928,859.1700756409091,75.29056044533,50.25561680537344
2025-06-04 22:15:00,24.78504814820637,61.64249083555685,63.54621848739496,26.889048133942694,73.1582486944565,854.7943022310525,74.8970927633281,50.25496090795024
2025-06-04 22:30:00,25.0615287178671,61.5721306809913,63.54621848739496,26.825006831917417,73.36097263526516,849.1285072764807,74.48772995073293,50.49178576994574
2025-06-04 22:45:00,25.950791570645027,61.56447657985443,63.54621848739496,26.813109481588228,73.20351269988198,848.0863275124925,74.78352863306827,50.491018873348814
2025-06-04 23:00:00,26.48319952716553,61.62941959620693,63.54621848739496,26.81965976892161,73.13478486595807,847.017807126255,74.53056549589886,50.16882420052945
2025-06-04 23:15:00,26.911577268258547,61.60341328510806,63.54621848739496,26.82525245181652,73.18296882781002,844.6707716149491,74.1359823926201,49.9102188396564
2025-06-04 23:30:00,27.288162804138764,61.602807173149785,63.54621848739496,26.78999997105267,73.08448544956762,844.4692358480005,74.67688299706624,50.02320777287341
2025-06-04 23:45:00,27.4216342048244,61.41768089569485,63.54621848739496,26.70888649037509,72.79427504844436,843.0588419802041,73.99724263842748,49.739885272512275
2025-06-05 00:00:00,27.66811966496179,61.28369721834278,63.54621848739496,26.6895419814246,72.8009688112401,847.1232103285022,74.3755172738948,49.93594477292262
2025-06-05 00:15:00,28.175700121627575,61.398570764578686,63.54621848739496,26.645879652267393,72.5709923305374,849.3656000649959,75.55167789811324,50.40192887207445
2025-06-05 00:30:00,28.766789475286373,61.46071776210198,63.54621848739496,26.610969638099373,72.54544964586891,861.4289736038714,74.34755649144768,50.36264644726435
2025-06-05 00:45:00,28.929376050885665,61.38408920170986,63.54621848739496,26.602524817048014,72.27026738958963,860.926512313879,74.50059746037526,50.79659771196595
2025-06-05 01:00:00,28.55335035467891,61.25449115445193,63.54621848739496,26.60415238728666,71.9748214093636,856.1404836310242,74.39024145596639,51.01079661301705
2025-06-05 01:15:00,27.90423321369053,61.29084340163941,63.54621848739496,26.572380849788367,71.93073023350297,846.361315074124,74.71008897102183,50.87262216287541
2025-06-05 01:30:00,27.82076869256012,61.28071075205258,63.54621848739496,26.567327816808753,72.09848575002107,843.4699580409728,75.11171934862061,50.94499663979774
2025-06-05 01:45:00,28.18434060786008,61.19102734769851,63.54621848739496,26.5123312819176,73.8427774209276,848.6989868679236,74.60888833560831,51.10417578240121
2025-06-05 02:00:00,28.387704713116122,61.38174442277732,63.54621848739496,26.537370059647472,73.77753651628284,858.0790355601346,73.29556635191112,51.031839767076285
2025-06-05 02:15:00,28.150711115368576,61.38817781386487,63.54621848739496,26.56379493430737,73.8326670219367,856.0938271564478,74.1227549717362,51.225798831525935
2025-06-05 02:30:00,27.345815464966417,61.400151718004636,63.54621848739496,26.559526414290044,73.56471343848872,853.4346419759646,74.51759448754468,50.727074597552644
2025-06-05 02:45:00,26.39451632781527,61.313760140504215,63.54621848739496,26.56926164506175,73.65515576822543,852.24309991349,73.91646959282889,50.81587786052813
2025-06-05 03:00:00,26.237821564551933,61.36244983918762,63.54621848739496,26.439623904520815,73.60256656957489,859.6167456128653,74.30586548378618,50.56031696634803
2025-06-05 03:15:00,26.300205530525506,61.473235103913005,63.54621848739496,26.40447054341015,73.78792922094195,851.8347288134556,74.28201398365646,50.59731837400505
2025-06-05 03:30:00,26.591459911447075,61.55663619952005,63.54621848739496,26.405998246009265,73.55771686782639,851.779175754767,74.5026364844786,50.797036881667296
2025-06-05 03:45:00,26.53037225606147,61.408158999352146,63.54621848739496,26.438388857748173,73.36253874782325,851.4446178289254,74.0840669559185,51.00063661949256
2025-06-05 04:00:00,26.051310768772375,61.45808747487882,63.54621848739496,26.437268729666098,73.63778844023592,855.5967005319865,73.41798924701067,50.79989290427332
2025-06-05 04:15:00,25.899326429943766,61.33290611305039,63.54621848739496,26.431194622084874,73.30968792560512,860.5383831107582,74.73473203870137,50.447107494291295
2025-06-05 04:30:00,25.766928340682092,61.28466445459057,63.54621848739496,26.45301229116231,73.41503976129057,862.570145205252,74.09275198545036,50.4963886284764
2025-06-05 04:45:00,26.236677741535768,61.206324190060165,63.54621848739496,26.433404145417928,73.61774817156406,855.9425958416075,75.10085828983064,50.611903810999515
2025-06-05 05:00:00,27.006482442012267,61.13882670579176,63.54621848739496,26.422548952076205,73.52640168983427,859.1316799808347,74.40042013244884,50.42841130061945
2025-06-05 05:15:00,27.25050003978519,61.23018591735564,63.54621848739496,26.485227878687294,73.14671309975408,858.2398870186648,74.83515717930408,50.314347413024116
2025-06-05 05:30:00,27.23852576236814,61.22887668712876,63.54621848739496,26.581095049106185,71.01739674176744,856.0363389251755,74.63502115841422,50.24425758697391
2025-06-05 05:45:00,26.992926986077315,61.287326912680356,63.54621848739496,26.592083849897453,71.1498459357642,856.5729530019021,75.02706357684164,50.76847021750727
2025-06-05 06:00:00,26.94267092361996,61.220270949846565,63.54621848739496,26.575273700342056,71.13005506353932,853.3199221702622,74.82373526333978,50.64173788802304
2025-06-05 06:15:00,27.226453117276577,61.27226740620424,63.54621848739496,26.592740341793746,71.06373891833566,854.6626175190388,74.45456319818135,50.58664826928305
2025-06-05 06:30:00,27.68661472179733,61.295622785299756,63.54621848739496,26.57102968063152,71.18263647136133,857.5140830292061,75.06379793784234,50.249949214335416
2025-06-05 06:45:00,27.387021738419502,61.255435774622576,63.54621848739496,26.55998453406882,71.11331961016037,863.2004022398539,73.88766386643586,50.649582369482665
2025-06-05 07:00:00,26.787537405794865,61.21055536316424,63.54621848739496,26.652394390867293,71.19446785678792,861.7526898289912,73.05206271659631,50.61711087970197
2025-06-05 07:15:00,26.291735013627548,61.206459498405245,63.54621848739496,26.67166411164858,71.22177690017139,863.8058558313235,74.33569321184817,50.649717743864876
2025-06-05 07:30:00,25.885983849888632,61.256112105733514,63.54621848739496,26.666717731986836,71.20529807760745,856.9115679187504,73.63679119337036,50.79341353140751
2025-06-05 07:45:00,25.702813120936487,61.17232871714511,63.54621848739496,26.631436573724972,71.3955974603689,865.654413347957,74.13412281630158,50.522502662722616
2025-06-05 08:00:00,25.64281250958753,61.123295210110044,63.54621848739496,26.60052406000589,71.44094752107017,868.6328499627595,73.89998350648575,49.86790519583758
2025-06-05 08:15:00,25.38903845710218,61.012248636184474,63.54621848739496,26.549519097942635,71.59421781508497,866.6010329189877,73.9247980687459,50.06935348083841
2025-06-05 08:30:00,24.773728393149007,61.02077597646156,63.54621848739496,26.54293323649475,71.09895297075263,874.8831723271386,73.666673704419,50.09198894506871
2025-06-05 08:45:00,23.823247455649714,61.029880883962036,63.54621848739496,26.49210587241254,71.18582750980119,869.0029383643708,73.18134145791772,50.361814858906136
2025-06-05 09:00:00,23.477654861711645,60.98020777179192,63.54621848739496,26.536745220807212,73.48164579119141,868.5981439160958,74.22786635233034,50.7444229802003
2025-06-05 09:15:00,23.51383186883487,60.971629144874605,63.54621848739496,26.57575056702666,73.71144438727951,870.3444693540097,73.60425180152737,50.74475741139166
2025-06-05 09:30:00,23.650119273763167,60.78919139929274,63.54621848739496,26.542859525298184,73.64036798714972,874.9635576877047,74.50091368116371,50.7699407977756
2025-06-05 09:45:00,23.75244940015783,60.71589906984607,63.54621848739496,26.578179122315728,73.79271984130722,870.3874362927729,74.61196607709917,50.43952379707294
2025-06-05 10:00:00,22.921785675681523,60.692411343362345,63.54621848739496,26.59234812226629,73.87723460467501,870.4914844276326,73.83452973581446,50.34975016434362
2025-06-05 10:15:00,22.453202114869715,60.56717901890126,63.54621848739496,26.59095996900179,73.84378933677202,870.4624040181286,75.29702084471673,50.21677141202651
2025-06-05 10:30:00,22.582121797242927,60.52984016208895,63.54621848739496,26.6284060849861,73.87832919508693,879.3711528848581,74.55427901522097,50.464831501117686
2025-06-05 10:45:00,22.803098300042652,60.526884893652316,63.54621848739496,26.60392351936939,73.94493019225375,874.082784145947,72.763505472489,50.353697605265246
2025-06-05 11:00:00,23.36163967047133,60.46812360766281,63.54621848739496,26.592526395909506,74.07619169407229,879.9058722823812,74.15371634338773,50.72879504850292
2025-06-05 11:15:00,23.357556670654926,60.41953964971924,63.54621848739496,26.6020565311516,74.00100515938573,880.47001697973,74.13680672540539,50.77416670052263
2025-06-05 11:30:00,23.242852203912804,60.376181747570605,63.54621848739496,26.53328729675098,73.46641113537106,878.2819293902252,75.04255787078621,50.73968371313175
2025-06-05 11:45:00,22.836212922849207,60.39451732393551,63.54621848739496,26.57165963567409,73.19316631162349,869.4912488392506,74.64617023614251,50.74380259429551
2025-06-05 12:00:00,23.07105392297528,60.47246894005172,63.54621848739496,26.570482172802137,73.28306035123848,869.2827414809193,74.7478578967714,51.085047417532124
2025-06-05 12:15:00,23.46183834930081,60.407336757580794,63.54621848739496,26.570209070392057,73.47882973494045,870.6505601381241,73.67531187063187,50.92722067647077
2025-06-05 12:30:00,24.114534736968572,60.48798064887412,63.54621848739496,26.60000078314958,73.52656485320736,870.525951894367,73.39099201542318,51.10179578233621
2025-06-05 12:45:00,24.558078237845045,60.60932524492072,63.54621848739496,26.587085429768614,71.29590366760601,872.8230457354308,74.39533487624229,51.0613012502014
2025-06-05 13:00:00,24.431812856908635,60.654837331826045,63.54621848739496,26.630284694909427,71.68819440173641,871.5355318989587,74.70202264450286,50.783051952649565
2025-06-05 13:15:00,23.679833095454367,60.65604505492069,63.54621848739496,26.644666603899203,71.75340665208118,867.4038770183477,74.9380013598864,51.10011768815397
2025-06-05 13:30:00,23.442873715081614,60.510474035158836,63.54621848739496,26.662716857429352,71.82173622547484,868.6131423893486,75.30214777616307,50.908316047699934
2025-06-05 13:45:00,23.583147407379247,60.57519499636901,63.54621848739496,26.580914881795568,71.7407284832759,864.229755912608,74.93475553832029,50.93003199258155
2025-06-05 14:00:00,23.425869436869213,60.68579267417078,63.54621848739496,26.480499572004224,71.73127178600572,873.0661950491724,74.79201153663146,51.27201842872591
2025-06-05 14:15:00,23.34035032704943,60.642816367681455,63.54621848739496,26.439819996698457,71.8638003799868,869.2721486567933,74.10746692330852,51.00962362640448
2025-06-05 14:30:00,22.598591892469766,60.699320127137796,63.54621848739496,26.443599003760102,71.99636333686755,878.5065314767464,74.8953986154265,50.763075038202985
2025-06-05 14:45:00,21.873472264246914,60.7436271797619,63.54621848739496,26.39662966742374,71.70043768741198,874.708012856052,73.82084847718455,51.050129585952895
2025-06-05 15:00:00,21.577737885649192,60.824045463913876,63.54621848739496,26.41712282624942,71.79486743778818,873.4865079256708,75.37175440054921,50.96078610668705
2025-06-05 15:15:00,21.778590441774774,60.91258080606179,63.54621848739496,26.353057683150286,72.41218862128392,874.1413490291154,75.67808755158475,50.886067114319935
2025-06-05 15:30:00,21.889356535044072,60.92185278280634,63.54621848739496,26.340823122245673,72.20238973191186,871.3351206208898,73.77333410996629,51.06974943045947
2025-06-05 15:45:00,22.187176514503964,60.82018317091733,63.54621848739496,26.314642146788053,72.45544409882075,867.2199065068442,75.0565436068805,51.08877747947072
2025-06-05 16:00:00,21.924898468187855,60.76624897340529,63.54621848739496,26.30555779054374,72.41027276290568,865.0212791216813,74.75800572298162,51.435711580869814
2025-06-05 16:15:00,21.707828964397024,60.87437288889381,63.54621848739496,26.380998920698488,74.61780061168947,861.672847121538,75.29196151491152,51.57366904729855
2025-06-05 16:30:00,22.057641425596977,60.87520645313818,63.54621848739496,26.346385069163574,74.55321104009583,864.9549709629629,75.82008816063548,50.89488148153021
2025-06-05 16:45:00,22.705239576503832,61.00307748890323,63.54621848739496,26.334976434443327,74.58596714186442,860.7213432562058,75.43981207040389,50.86750661163953
2025-06-05 17:00:00,23.256958602646243,60.99772899557342,63.54621848739496,26.36133345195021,74.33337413471823,861.0299697381005,73.67545371300105,50.58740131809494
2025-06-05 17:15:00,24.004107275962376,60.979470602396795,63.54621848739496,26.380348866227216,74.02266014152889,861.1639018007784,75.64813910257675,50.19617420981655
2025-06-05 17:30:00,24.224427307696324,60.9773707604587,63.54621848739496,26.41522297436121,74.01429260371656,872.7164382259114,74.56177801404893,50.331754075347504
2025-06-05 17:45:00,24.18132753163001,61.14199234719029,63.54621848739496,26.409221472068097,73.80953494575517,874.7287222642714,73.96948416451673,50.406927616018834
2025-06-05 18:00:00,24.61051787343837,61.11842082864213,63.54621848739496,26.412281944621608,73.60071980474919,871.9816001233785,74.24603936905206,50.72441259827113
2025-06-05 18:15:00,25.220282439903954,61.193669123589174,63.54621848739496,26.441304896367335,73.98817282779481,874.4805531619978,74.97696621572959,50.62728296734941
2025-06-05 18:30:00,25.60465940558901,61.176415095449954,63.54621848739496,26.38709657456546,73.74660775749888,883.7151436504598,73.73869580361537,50.62749601507446
2025-06-05 18:45:00,26.074232508472956,61.13888177785311,63.54621848739496,26.40959776386482,73.7674351915419,887.9749464293969,74.7088027676831,50.85443749889837
2025-06-05 19:00:00,25.76211374911491,61.09443021305335,63.54621848739496,26.319619409980188,74.19669094298956,879.0957106822426,75.55947473046437,51.16188843233285
2025-06-05 19:15:00,25.5518456245407,61.12090890091106,63.54621848739496,26.27803188066912,74.55503209328747,886.4531281258021,74.53298317956241,51.03163024670585
2025-06-05 19:30:00,25.191173866876632,61.03751699210284,63.54621848739496,26.262295628846097,74.53627522252846,882.85662407853,74.8395375752621,50.789144696262404
2025-06-05 19:45:00,25.461037727819928,61.07780385516181,63.54621848739496,26.347747427391297,72.32930050691984,892.2009407470847,74.23103054471069,50.439494491609
2025-06-05 20:00:00,25.875202014131617,61.09972635182377,63.54621848739496,26.334680258782647,72.12370059451077,903.6012934433344,73.77974695962396,50.472427908172314
2025-06-05 20:15:00,25.507691405049854,61.086264351682345,63.54621848739496,26.314216533402437,71.90344264539452,904.8012385609339,74.39763704538471,50.463124156909316
2025-06-05 20:30:00,25.012197749127587,61.110260443083995,63.54621848739496,26.305991539091917,71.84380390004617,912.5607867815501,74.57968677599065,50.31426524373707
2025-06-05 20:45:00,24.573204606406385,61.21363957029817,63.54621848739496,26.22828064853015,71.99950887880003,923.9586348097887,74.82811010904793,50.560433022114694
2025-06-05 21:00:00,24.412984444328917,61.16172613365109,63.54621848739496,26.22976556424711,72.21309430318482,928.1510905850707,74.40103881251194,50.65959791775637
2025-06-05 21:15:00,24.604158854585677,61.25616963646813,63.54621848739496,26.236935774752993,72.37979948733677,924.5682485389472,74.21988457843972,50.66314006586049
2025-06-05 21:30:00,24.889154036382447,61.20994116375309,63.54621848739496,26.231843150429007,72.33585181212439,915.775755354833,74.63038698971202,50.581105650690496
2025-06-05 21:45:00,24.94160678366643,61.16942455819112,63.54621848739496,26.216801751169562,72.10545011674694,909.3316773738532,73.64316369508249,50.38829610990208
2025-06-05 22:00:00,25.21236262030582,61.32141922774158,63.54621848739496,26.237991452357754,72.16427925139853,898.6725171239154,74.12949629506245,50.046210943937346
2025-06-05 22:15:00,24.869996483983268,61.345308831701594,63.54621848739496,26.19804951549564,72.14708475850802,887.932056190598,73.5681568576371,50.27643928426098
2025-06-05 22:30:00,25.31062847304122,61.38400465507257,63.54621848739496,26.2063574611691,71.92177181555644,875.7312812519048,74.89122876985053,50.141001540639316
2025-06-05 22:45:00,25.562140105471496,61.39875948131719,63.54621848739496,26.206648102245175,71.6303233922293,871.4192056527818,75.1043283779388,50.065889320529
2025-06-05 23:00:00,26.314827804434902,61.238554179682936,63.54621848739496,26.229491502703087,71.8316802884665,873.0283070281748,74.27370039371073,50.24858382769451
2025-06-05 23:15:00,26.760563022855425,61.343074838518916,63.54621848739496,26.15451082270392,71.91115110629693,869.8212352613658,73.60516441951171,50.080038102070745
2025-06-05 23:30:00,26.956024151033137,61.36832564657121,63.54621848739496,26.104095258158843,73.75881825307329,876.863258311332,74.91124102879908,50.519544285239974
2025-06-05 23:45:00,27.101357194060046,61.39413468215847,63.54621848739496,26.102966186506322,74.06596948338509,874.6937011835386,73.58457759821616,50.31214452785757
2025-06-06 00:00:00,27.322532498720758,61.46032999583392,63.54621848739496,26.1415593159557,74.24608957286183,876.8515781847486,74.23332447261375,50.78924556386595
2025-06-06 00:15:00,27.696812941489338,61.37381476334441,63.54621848739496,26.21319812403013,73.957767780881,876.4354544831939,74.88952271348565,50.41339310998863
2025-06-06 00:30:00,28.410714138984083,61.38236963416649,63.54621848739496,26.20085683426759,73.9601222067529,867.9931110562917,74.20683582869795,50.569876264100465
2025-06-06 00:45:00,28.849750906512618,61.326487454354876,63.54621848739496,26.17190272029441,74.13216291356972,866.4436071103835,74.66198059641994,50.28173836639376
2025-06-06 01:00:00,28.36962878021215,61.297111490005314,63.54621848739496,26.13396563213211,74.52101666915354,865.5503426270122,73.7944078105322,50.482931472148124
2025-06-06 01:15:00,27.88781119731225,61.173674481435505,63.54621848739496,26.1239996303249,74.4581009540535,857.8895967653478,74.80422995510018,50.681027348302315
2025-06-06 01:30:00,27.860752267150996,61.15014625781613,63.54621848739496,26.118218558956052,74.3266396277027,858.716543460381,73.92007918895504,50.49073155800144
2025-06-06 01:45:00,27.736976595470775,61.28002371653456,63.54621848739496,26.09386263703673,74.13917960801675,857.6261562606551,74.65599673007495,50.70144620168364
2025-06-06 02:00:00,27.74119984272774,61.155117017903486,63.54621848739496,26.073180179833475,73.68502928316103,861.6981422893045,74.49885461922177,50.58464800452842
2025-06-06 02:15:00,27.4664867159523,61.004152342661804,63.54621848739496,26.093178285659814,73.47339683667737,869.4220231914406,74.53565691130602,50.00270121184595
2025-06-06 02:30:00,26.996204727481647,61.04874416508745,63.54621848739496,26.09329119462628,73.4562974420279,868.9922074101721,74.41894829146224,49.96460146933843
2025-06-06 02:45:00,26.47343424425818,61.002669757436124,63.54621848739496,26.11130845527008,73.38519073324862,864.3617682986278,74.04702210580726,49.8770678021517
2025-06-06 03:00:00,25.921157578019166,60.915358458348884,63.54621848739496,26.090130804309936,71.31035478542988,870.8025710581542,74.21220634470806,49.85075201630242
2025-06-06 03:15:00,25.85250685899231,60.805508867570715,63.54621848739496,26.13511357887145,71.21340485388293,863.7855164391447,74.08921529255622,50.05345434528487
2025-06-06 03:30:00,26.092342851866647,60.7866241746375,63.54621848739496,26.11800559021405,71.2852914205177,863.9132745256087,73.50617703089131,50.13697246745757
2025-06-06 03:45:00,26.362171817116167,60.74928491294209,63.54621848739496,26.07692175095357,71.20784476307706,870.6460133420255,74.32581152508675,49.91560977696203
2025-06-06 04:00:00,25.98960558193359,60.718670596159704,63.54621848739496,26.101267394602242,71.04435278476845,868.0945994386998,74.63840242130256,49.71798416067862
2025-06-06 04:15:00,25.9329043721581,60.70513663316843,63.54621848739496,26.11390864443773,71.16648661783482,859.4621096483605,73.82502474764541,49.70623312629183
2025-06-06 04:30:00,25.69343295042316,60.73695252679864,63.54621848739496,26.11246287807016,71.06760855401666,865.0021283913001,74.40700497000618,49.677906029671306
2025-06-06 04:45:00,26.09386734590742,60.71182663409149,63.54621848739496,26.16790809761259,71.0797615516752,853.912099810047,74.24026891942607,49.620484506337085
2025-06-06 05:00:00,26.700601873098933,60.7444909680839,63.54621848739496,26.109851474407815,71.38890129409438,852.3084957481824,74.16825278419057,49.86294164431356
2025-06-06 05:15:00,27.16669233152467,60.70110056113767,63.54621848739496,26.11180819997528,71.4335758921339,853.4755866583632,74.9395564180266,50.13576601457929
2025-06-06 05:30:00,27.00173201961089,60.72171222254357,63.54621848739496,26.12785855378366,71.39611397836973,857.039232830928,73.26085988048688,49.9589828223005
2025-06-06 05:45:00,26.88583820587079,60.79621411498954,63.54621848739496,26.102691082700254,71.31047188284158,856.0091612687788,73.79548195764178,50.03514786423441
2025-06-06 06:00:00,26.888206033145156,60.80302932132338,63.54621848739496,26.14216213978519,71.4409729810193,860.1433192309943,75.28309258910025,50.00909576117655
2025-06-06 06:15:00,27.202831663758733,60.88548198805067,63.54621848739496,26.1304452286453,71.69940011761877,852.5804501215856,73.73875419091148,49.82535846712396
2025-06-06 06:30:00,27.507907852908676,60.91214069403425,63.54621848739496,26.125933756774607,71.83751276140505,846.5871182688402,74.35475038449107,49.975139768337165
2025-06-06 06:45:00,27.41526651229815,60.81778571080582,63.54621848739496,26.136678148505883,73.72612540092484,852.699472264842,74.46949741940435,49.890055281353824
2025-06-06 07:00:00,27.089181276705563,60.76737933207978,63.54621848739496,26.13849593927289,73.67547088567771,854.990573121847,73.76970420054326,49.86279008600269
2025-06-06 07:15:00,26.25866272629385,60.691040922023156,63.54621848739496,26.152561579192483,73.71315060778811,866.7075129547984,73.65779480154755,49.6918996318233
2025-06-06 07:30:00,25.843988387268436,60.7946463918801,63.54621848739496,26.148292544421633,73.38505474461165,862.6097067287687,73.19521865760127,49.92249163779597
2025-06-06 07:45:00,26.009916942947697,60.74764006191988,63.54621848739496,26.202455918262952,73.36791983525114,865.1629121165583,74.17190211232713,49.73195331489937
2025-06-06 08:00:00,26.298394339756467,60.86928636598976,63.54621848739496,26.220918663735446,73.69145034087876,858.7781694364103,73.71135188668266,49.91278386538704
2025-06-06 08:15:00,25.705277067198036,60.744986412281406,63.54621848739496,26.27285250479301,73.97577607811066,856.4310637777678,74.54929933920482,49.76579031277325
2025-06-06 08:30:00,24.720719693651823,60.65482867581061,63.54621848739496,26.3153804800329,73.98201908151077,853.788545655882,73.84107856364373,50.33448904671824
2025-06-06 08:45:00,24.046616454675718,60.68901439312691,63.54621848739496,26.380342295761732,74.27781501717146,853.7707420796697,74.42498613551881,50.18762908986478
2025-06-06 09:00:00,23.246008527938,60.87010451278003,63.54621848739496,26.347440734877406,74.52850746618685,853.9942973361229,74.85337163660748,50.250247069562214
2025-06-06 09:15:00,23.08497011748879,60.947748069179546,63.54621848739496,26.40684655064505,74.5449387343317,858.1708966070915,74.06942374120052,49.9052946582352
2025-06-06 09:30:00,23.583513971554666,61.15937865263555,63.54621848739496,26.43840213858811,74.36190420064995,856.5076466944182,74.69137551354963,49.601707056844
2025-06-06 09:45:00,23.501425934116106,61.08638410199967,63.54621848739496,26.47827107025821,74.14190111581965,854.7254701861299,74.55008250384554,49.27120610511898
2025-06-06 10:00:00,23.261876924325577,60.97743362818112,63.54621848739496,26.51212182447751,73.75873745112959,855.7758855750931,73.31379387553473,49.19759558830518
2025-06-06 10:15:00,22.74568356111206,60.98595516424108,63.54621848739496,26.55102564861618,72.2224489709556,845.9690675720195,74.20170296165942,48.85167460985193
2025-06-06 10:30:00,22.44258159646703,61.068690523533384,63.54621848739496,26.587976840332935,72.40929047335766,854.7196977729275,73.71977041042496,48.89232284422605
2025-06-06 10:45:00,22.81969124072287,61.09184368591182,63.54621848739496,26.5898653338004,72.36747371079723,855.1158925706725,73.08219560312952,49.10100603607764
2025-06-06 11:00:00,23.144469248920203,60.93459463835248,63.54621848739496,26.57213735777288,72.52116923205146,855.1710071037512,74.6178640241036,49.23801390980537
2025-06-06 11:15:00,23.286034779354104,60.945159812490445,63.54621848739496,26.61323557379921,72.54469654672285,851.3279439360444,74.36809417974717,49.493325824512446
2025-06-06 11:30:00,23.51326454448153,61.02432168253869,63.54621848739496,26.638870425683535,72.60140045835226,857.6556575068186,73.92363256407349,49.72913212295949
2025-06-06 11:45:00,23.05723867939662,61.003496613950055,63.54621848739496,26.662567033866118,72.6811756344819,857.112330659723,74.81306427015686,49.70269233661301
2025-06-06 12:00:00,23.557292257745946,61.05285986148582,63.54621848739496,26.684813286575462,72.66511047409699,859.7975929552756,75.12799607968219,49.65458663308296
2025-06-06 12:15:00,24.06883640435845,60.96589248991536,63.54621848739496,26.664113860162228,72.7442490102359,856.9143158346026,74.90506249939993,49.66954894949649
2025-06-06 12:30:00,24.477986404293294,60.98019656983716,63.54621848739496,26.563756019345327,72.88730550586783,855.4242101013101,74.36943250236091,49.67218589019603
2025-06-06 12:45:00,24.595479274025312,60.979669361776054,63.54621848739496,26.61456920796375,72.70415679233095,854.5844716065313,74.58751374338168,49.60918981444071
2025-06-06 13:00:00,24.379953502350094,60.885614240287325,63.54621848739496,26.584628511439007,72.90273480317263,849.8739245063034,75.00843989075243,49.71758833341741
2025-06-06 13:15:00,23.79997044412092,60.86949510605749,63.54621848739496,26.526508266283432,72.7388528206555,837.565063235571,76.46396338071558,49.53320949333063
2025-06-06 13:30:00,23.47302933458996,60.78316627024362,63.54621848739496,26.532845194573657,72.80429201851518,839.2342607089032,75.07694771001353,49.62895992437039
2025-06-06 13:45:00,23.590617607456288,60.93052514768907,63.54621848739496,26.472561979611054,74.58807745138525,844.4264557510817,74.69027679807027,49.46125405141792
2025-06-06 14:00:00,23.721746203135375,61.06568143770273,63.54621848739496,26.4850218316819,74.56889266393254,842.4032930213475,74.08612883554675,49.71777309350043
2025-06-06 14:15:00,23.494587880585414,61.223924204561456,63.54621848739496,26.480749884181325,74.67370491146248,838.9964432127647,74.65174811648967,50.25595538229104
2025-06-06 14:30:00,23.06208893239959,61.18128346777147,63.54621848739496,26.44587003790027,74.58416826317614,836.5483163435315,74.53166493227211,50.74850073408578
2025-06-06 14:45:00,22.565894622544242,61.20728576515946,63.54621848739496,26.45389634078341,74.41547113291685,838.252018779279,74.96918626165372,50.53597309395015
2025-06-06 15:00:00,22.069944001496232,61.39207322866742,63.54621848739496,26.432023903137196,74.71522682929637,835.1865797090858,73.96004160390345,50.44082420018746
2025-06-06 15:15:00,22.37322107427573,61.33295121932482,63.54621848739496,26.446058982822233,74.71294091191541,837.7684135463631,75.60749147611266,50.427287018676985
2025-06-06 15:30:00,22.67859082050598,61.285370273405604,63.54621848739496,26.470886746923664,74.87782944289224,833.1255247468719,75.10361512068377,50.42446928436146
2025-06-06 15:45:00,22.701699977607216,61.22472262697414,63.54621848739496,26.467282475740983,74.78432070144741,841.3477426681709,74.7924673596921,50.515465611885006
2025-06-06 16:00:00,22.32868863044425,61.13748129486931,63.54621848739496,26.43675016550578,75.13046959929926,843.6463596813877,73.62309776684994,50.626178332845186
2025-06-06 16:15:00,21.831922501949737,61.15966415443682,63.54621848739496,26.485495429096094,75.09854047309484,844.9760837984097,74.4115048196602,50.837567567449284
2025-06-06 16:30:00,21.8673676506821,61.2157530232969,63.54621848739496,26.555919311353783,75.05872014081662,842.1271491871178,74.12864637442581,50.79854677575441
2025-06-06 16:45:00,22.488555711818478,61.22338106788168,63.54621848739496,26.54069048491132,75.20051678924877,831.7178870961403,74.62079428966929,50.45756946215944
2025-06-06 17:00:00,23.37001079828776,61.1955380821715,63.54621848739496,26.54939623694988,75.40924317731839,826.4796864228772,75.26921790741295,50.598569207800175
2025-06-06 17:15:00,24.033540384083867,61.2352091726728,63.54621848739496,26.54053392663232,75.07254381563745,831.682073319806,74.10619930861331,50.2879100201127
2025-06-06 17:30:00,24.222892873345465,61.32187433082416,63.54621848739496,26.506591537315547,72.66445036548166,836.1187063839851,75.1304657794368,50.09937716240392
2025-06-06 17:45:00,24.395870445583014,61.2623308355114,63.54621848739496,26.528806319671652,72.91022828920339,831.9102369940991,75.41077368760496,50.08689974313155
2025-06-06 18:00:00,24.79987496793979,61.25913737946379,63.54621848739496,26.482359015183615,72.55391258700602,824.7004040330638,73.23642210119583,50.14344428786531
2025-06-06 18:15:00,25.465981717483082,61.330658661719276,63.54621848739496,26.469553994276513,72.7769735333275,832.7075506130195,73.9554106480076,50.00923381909068
2025-06-06 18:30:00,25.911373507714906,61.38151883847717,63.54621848739496,26.44416413063265,73.04008284135966,835.4152899428657,74.59593506013,49.91575194118218
2025-06-06 18:45:00,26.19454618832255,61.29374155715977,63.54621848739496,26.389345497650684,72.92677805430205,830.0780172153663,74.55473433027528,49.822635059917246
2025-06-06 19:00:00,26.044790322085397,61.274334256730846,63.54621848739496,26.415395110871387,72.77466112977788,826.0695797478827,74.87954016921486,50.04528327306246
2025-06-06 19:15:00,25.662288172877233,61.32796929630181,63.54621848739496,26.454748334537793,72.79406430230819,837.1021150418412,74.51654381345787,49.66085274550785
2025-06-06 19:30:00,25.524856394376165,61.284531651602876,63.54621848739496,26.393469434991157,73.05932612999725,840.989955450666,74.23822524506909,49.423721162433985
2025-06-06 19:45:00,25.793612951530612,61.11622298621215,63.54621848739496,26.364231992918935,73.06685806789739,833.7954276176804,75.50772613173899,49.460028988174486
2025-06-06 20:00:00,25.94430072226165,61.14678230139472,63.54621848739496,26.418860137677427,73.03365615509608,826.2354592817646,74.78810843137384,49.19886758936499
2025-06-06 20:15:00,25.88980276202598,61.11469241977114,63.54621848739496,26.42122838844586,73.07693374062708,833.1801303450901,74.74631686401294,49.51782933948771
2025-06-06 20:30:00,25.334125226664433,61.19842418682154,63.54621848739496,26.389625240592185,73.0117316932875,832.9449590985824,74.65792923550335,49.83171700955491
2025-06-06 20:45:00,24.765490053279354,61.20605287467109,63.54621848739496,26.37350194419704,72.99942582297037,830.7232255103652,73.48428586252948,49.954927964475885
2025-06-06 21:00:00,24.6246057623264,61.12927229093104,63.54621848739496,26.401588772902347,74.84726817993923,827.0362116520774,73.95162462156787,50.434068491599746
2025-06-06 21:15:00,24.94897982203601,61.1564480620424,63.54621848739496,26.406306599352085,74.95542520780648,830.287564488859,75.22863304024811,50.488433494715046
2025-06-06 21:30:00,25.500127809887275,61.063535720242974,63.54621848739496,26.427811391845268,75.21735277725,837.0490279093458,74.88120416509523,50.37524829288573
2025-06-06 21:45:00,25.66173283834003,60.990718753803755,63.54621848739496,26.3757475154464,75.1130474685692,836.6529320142502,74.94054850564659,49.91215806814251
2025-06-06 22:00:00,25.33654302296276,60.93048997481907,63.54621848739496,26.383848926834524,75.03684691153833,835.8157676501645,73.2764719233018,49.92184934999817
2025-06-06 22:15:00,25.189272792857633,61.04742249774341,63.54621848739496,26.355908871248374,74.83045020261068,836.1770642507718,73.56474200528248,49.712339798160976
2025-06-06 22:30:00,25.22725841969262,61.04017219788725,63.54621848739496,26.33654047396133,74.95780462949153,835.4991941971346,75.58538697031878,49.88429274794409
2025-06-06 22:45:00,25.922170733827485,61.02468597500022,63.54621848739496,26.314676580610193,74.46778891374743,829.4640251638035,74.52347976397118,50.089614462586304
2025-06-06 23:00:00,26.49725570350754,60.922882102962234,63.54621848739496,26.30110800360151,74.3859058568353,834.5715674008918,74.09615579860102,49.86656836292407
2025-06-06 23:15:00,26.820993339628192,61.02652224618874,63.54621848739496,26.29385534423033,74.44271205094594,830.691850108369,73.83312219291199,50.07845070976689
2025-06-06 23:30:00,27.033063559427603,61.16006651735718,63.54621848739496,26.268892243384574,74.5649420764447,838.9191777987095,73.17829680551337,50.25959201941023
2025-06-06 23:45:00,26.909329075125644,61.19795585700937,63.54621848739496,26.275923433551498,74.43340343540616,838.4744957847191,73.33517345841356,50.01758599050031
2025-06-07 00:00:00,27.201035099725924,61.229098412490536,63.54621848739496,26.260380286832493,74.31963712085404,834.1210276975754,72.96796361348285,50.272116531656636
2025-06-07 00:15:00,27.711379310636357,61.16146685691825,63.54621848739496,26.280788651316758,74.57430401762592,836.4348977931587,74.29651789597666,50.41561627411848
2025-06-07 00:30:00,28.13562825225949,61.09195509633667,63.54621848739496,26.278788624745726,74.69829246237984,834.3061049745467,73.44980064834039,50.37712246867434
2025-06-07 00:45:00,28.616909882747525,61.184184345375954,63.54621848739496,26.240507357640947,72.70578266051255,827.66923906941,72.62548061042996,50.495745008230195
2025-06-07 01:00:00,28.331086353294992,61.185726932285384,63.54621848739496,26.225203495047676,72.6990224943932,828.8527748850547,73.32977020848223,50.196900315277034
2025-06-07 01:15:00,27.61448687038903,61.09289543671473,63.54621848739496,26.198572466682606,72.7348301204788,835.7448082661241,73.3776789211666,50.164613093587434
2025-06-07 01:30:00,27.795734435789058,61.02267925868463,63.54621848739496,26.184230854261735,72.56647978337072,839.6953269246095,72.1080162268065,49.88701859100648
2025-06-07 01:45:00,27.945903474925498,61.081413152521314,63.54621848739496,26.192535466778097,72.40307190124958,843.2971440379715,73.2020357836235,50.083522757190046
2025-06-07 02:00:00,28.235600801300347,61.086853393951216,63.54621848739496,26.19751543747661,71.97310095956104,837.5736706146198,72.88449016057218,49.9353929684592
2025-06-07 02:15:00,27.83008734243132,61.03109887251191,63.54621848739496,26.213547277937163,71.90515351685207,832.8971357522863,74.24122996351448,49.86169531204541
2025-06-07 02:30:00,27.339063079229216,61.12477823723076,63.54621848739496,26.137457177397888,72.0728865535294,830.2073627998607,72.45463239470983,50.041801827715204
2025-06-07 02:45:00,26.687254209936906,61.07070675038066,63.54621848739496,26.107824398573047,72.15733599802152,832.4474567678513,73.0163411038371,49.997460376200756
2025-06-07 03:00:00,26.3018671389506,60.975917959215465,63.54621848739496,26.068901906840633,72.03886935798843,831.4077746954048,71.65187447031599,49.72249937056658
2025-06-07 03:15:00,26.5637845182748,60.96470941123077,63.54621848739496,26.058245392896005,72.21497232501854,825.8635519258941,73.9673768100798,49.351716660431556
2025-06-07 03:30:00,26.756851225119718,60.80550410341716,63.54621848739496,26.032706912348825,72.54620811661631,824.6212713147145,72.22869739968955,48.9608689775667
2025-06-07 03:45:00,26.79198431019395,60.669722436962005,63.54621848739496,26.03491937661298,72.7242917065957,824.7707015486006,73.89987648540973,49.11408327553444
2025-06-07 04:00:00,26.397032505768635,60.84643486348261,63.54621848739496,26.05435590148298,72.45174166984249,835.875610193219,73.63035697787173,48.99137380287176
2025-06-07 04:15:00,25.95827356328825,60.855530635645124,63.54621848739496,26.049033674683706,74.30228835440383,832.4878175609163,73.04882691262956,49.17321682240324
2025-06-07 04:30:00,25.658826414144187,60.79083305490343,63.54621848739496,26.0953917430756,74.45765214401534,840.6435792756554,73.66465273823789,48.94455817178731
2025-06-07 04:45:00,26.210473322359444,60.81333818380985,63.54621848739496,26.122550946392938,74.30810090482822,837.5950330337994,73.31445293757693,48.65176813399498
2025-06-07 05:00:00,26.718574590278376,60.78679749661732,63.54621848739496,26.15401798941728,73.96299306264744,832.367105961747,72.71970546066571,48.378399630156295
2025-06-07 05:15:00,27.116122047067876,60.7647742748664,63.54621848739496,26.209249304710696,74.23447695974062,821.4251676329308,73.64246901097269,48.65293353419556
2025-06-07 05:30:00,27.043429843034193,60.83274814510943,63.54621848739496,26.230510690210323,74.18514936848491,819.6486146538842,74.04633789354119,48.41878656026051
2025-06-07 05:45:00,26.904295720252154,60.84009696611562,63.54621848739496,26.255237407630236,74.05309803964172,827.6339185150703,74.02708610377113,48.69053467466549
2025-06-07 06:00:00,26.98201936238239,60.796455363679165,63.54621848739496,26.220499089565468,74.07697308477093,831.148145670802,72.93776158649521,48.96666515832449
