t_stamp,GR05/ai/GR05_feature_7/eu,GR05/GR05_feature_1_block/eu,GR05/GR05_feature_1_block/setpoint,GR05/GR05_feature_3/eu,GR05/ai/GR05_feature_4_1/eu,GR05/ai/GR05_feature_8/eu,GR05/ai/GR05_feature_6/eu,GR05/GR05_feature_5
2025-03-13 17:00:00,23.856770916188495,72.0332576805445,62.739495798319325,29.733264389531342,63.137461950568394,1059.7221965897666,83.28149783742317,50.67280731133273
2025-03-13 17:15:00,24.173876753286034,72.01649559193017,62.739495798319325,29.694292988371153,62.9824104131624,1063.0538879672094,83.11433861171578,50.71595972664475
2025-03-13 17:30:00,24.206647503620534,72.10131731078495,62.739495798319325,29.721403413562495,63.2035303829221,1058.9196330405007,83.11168935743171,51.07048543872616
2025-03-13 17:45:00,24.227177385806666,72.23113589206486,62.739495798319325,29.68115825639382,63.08462587956395,1061.048001274278,82.3359439502703,50.509809672660424
2025-03-13 18:00:00,24.45523070685615,72.38005492313445,62.739495798319325,29.635741600892366,63.417122174190496,1058.0793538775986,83.43499051152718,50.42609661655574
2025-03-13 18:15:00,24.505029107925914,72.30101637164185,62.739495798319325,29.573239348513415,63.24408410462149,1056.8538528967408,82.91414541633185,50.2984032233916
2025-03-13 18:30:00,24.511654243224157,72.27415671770247,62.739495798319325,29.568985594169607,63.37859723666088,1055.1361662015877,82.79710832667446,50.4679381753658
2025-03-13 18:45:00,24.41422776867984,72.36415960529412,62.739495798319325,29.58137528650358,63.21447394015024,1059.072937511824,82.76630960332095,50.66628155342352
2025-03-13 19:00:00,24.476142624472402,72.46659296442414,62.739495798319325,29.579731976422874,63.58501137554788,1060.494026075188,83.1254922593376,50.70861370416994
2025-03-13 19:15:00,24.476639241956526,72.50623813935191,62.739495798319325,29.60256081153906,63.54219787926947,1063.014995065137,82.51578499798971,50.650886056459626
2025-03-13 19:30:00,24.24838975790923,72.48813253912105,62.739495798319325,29.620715116241183,63.45797999966585,1070.12328532532,82.62860452676122,50.735442690940296
2025-03-13 19:45:00,24.531822631791943,72.49597475493793,62.739495798319325,29.569811790731393,63.48887906279967,1070.108395098195,82.5558952808104,50.8181618112532
2025-03-13 20:00:00,24.508272087137993,72.55089143552728,62.739495798319325,29.54225374554614,63.512662211517195,1067.0281816360725,82.68027511025747,50.74444382705672
2025-03-13 20:15:00,24.778554954012897,72.47225260577268,62.739495798319325,29.500711349459706,63.88966439084615,1070.8206419511027,82.87274564118339,50.64284743644152
2025-03-13 20:30:00,24.61719289112351,72.56557559566485,62.739495798319325,29.45850244920715,60.96489976387521,1061.920688948649,82.56531666331225,50.06187271532426
2025-03-13 20:45:00,24.423037328028375,72.63245564154612,62.739495798319325,29.44571972834198,60.83794179812666,1064.6656383835866,83.01866507710157,49.734378461813755
2025-03-13 21:00:00,24.22210306635797,72.67268239370236,62.739495798319325,29.4103770906908,60.823534878558235,1061.3641263392028,83.1370563513295,49.70859898003023
2025-03-13 21:15:00,24.468983737358815,72.67953881454355,62.739495798319325,29.383095626880028,61.05579201993261,1059.7238138107166,82.67220919883353,49.43875801794933
2025-03-13 21:30:00,24.692672208087597,72.67221400775483,62.739495798319325,29.415226260970513,61.15085577158695,1055.544651872541,82.38447025836554,49.41679443577501
2025-03-13 21:45:00,25.21605058641539,72.53351919943601,62.739495798319325,29.47402177646611,60.87373272554029,1059.4022969596256,82.72397234961012,49.23338011339893
2025-03-13 22:00:00,25.06695861937439,72.47907570740287,62.739495798319325,29.466480106935553,60.69583811276754,1058.7393067857968,82.55689818169816,48.76893385783406
2025-03-13 22:15:00,24.81901196902704,72.42300631567922,62.739495798319325,29.49739906419188,60.57479456585715,1057.8095330623798,82.7429409346193,48.723003430204976
2025-03-13 22:30:00,25.078212432041695,72.41751572028672,62.739495798319325,29.478688674963802,60.57546174764761,1059.9362041767727,82.61030667946333,49.03079684907691
2025-03-13 22:45:00,25.385549639887586,72.42259661096597,62.739495798319325,29.52007164708292,60.40379976401376,1052.7187313768895,82.40726004294315,49.371566675907715
2025-03-13 23:00:00,25.240114232978556,72.39278711069896,62.739495798319325,29.518785168240047,60.72406258233964,1054.7036571781523,82.30678373523158,49.66533960257576
2025-03-13 23:15:00,25.373917836453597,72.42043306933287,62.739495798319325,29.475637159107574,60.50795493166827,1049.564786519543,82.45608088571754,49.484945455078744
2025-03-13 23:30:00,25.597224467072426,72.34183372018765,62.739495798319325,29.466409758269748,60.34104797457813,1052.9111013567588,82.09580265885266,49.39925976864484
2025-03-13 23:45:00,25.339931165244085,72.37077957531295,62.739495798319325,29.485977991209932,60.424976049005515,1059.315222135464,81.83019538969606,49.97374855038895
2025-03-14 00:00:00,25.522961683796986,72.44232660571731,62.739495798319325,29.48037672791699,62.876685476369616,1061.0116269957098,81.56936644091273,50.18752837345064
2025-03-14 00:15:00,25.703230681537104,72.53596994424046,62.739495798319325,29.52408293337551,62.704519116947665,1056.8274956050448,81.45775131593426,50.04126528775784
2025-03-14 00:30:00,25.616588097766893,72.56723727926499,62.739495798319325,29.55338450258297,62.523724399739,1055.983632315823,81.5689475464061,50.08672478198943
2025-03-14 00:45:00,25.60755755591107,72.49506286644312,62.739495798319325,29.51097892665846,62.539948468816135,1065.2926614075348,81.69807846170265,50.16285464481329
2025-03-14 01:00:00,25.44552911000382,72.53059618590595,62.739495798319325,29.526096317248747,62.43470520672673,1071.0510293796697,81.61972923457182,50.378178546412556
2025-03-14 01:15:00,25.092965218797907,72.45466641012193,62.739495798319325,29.533844514491054,62.43872159514949,1069.1817987889635,81.26228392750194,50.29956226473787
2025-03-14 01:30:00,24.68249245904375,72.52057056158931,62.739495798319325,29.47854398525356,62.574758352464244,1069.8589970959163,81.81615795378784,49.82086515291121
2025-03-14 01:45:00,25.01821435729246,72.4831470365707,62.739495798319325,29.497389924204274,62.75001929585349,1065.6692822156563,81.89779458673979,49.95858311921459
2025-03-14 02:00:00,24.798220390040616,72.55717602696977,62.739495798319325,29.451469522632696,62.63586192743074,1068.2660309348819,81.85288643148345,49.54948283067812
2025-03-14 02:15:00,24.846479555657094,72.62212237435116,62.739495798319325,29.442390408666917,62.76702513714781,1071.6415333246994,80.898175577277,49.898115700635756
2025-03-14 02:30:00,24.86039827144579,72.58942548696683,62.739495798319325,29.431377360264754,62.41449747726327,1069.1063369369285,82.10719370547561,50.25721463714844
2025-03-14 02:45:00,24.76388071554117,72.4251535729749,62.739495798319325,29.460644124582718,62.43262414295481,1068.5042304417354,81.51183848646666,49.909515971599305
2025-03-14 03:00:00,24.601122644434355,72.33759511677216,62.739495798319325,29.471967040019845,62.93539688029077,1070.8842565574091,81.22387280937379,49.912886294326555
2025-03-14 03:15:00,24.546823948353836,72.27069271803951,62.739495798319325,29.43606003235876,62.843926290928295,1063.8546752558373,81.4038046872797,50.48437174312858
2025-03-14 03:30:00,24.737445136648418,72.28661546177217,62.739495798319325,29.399857673646196,60.31529476797695,1063.546534970089,81.60715143100403,49.91028362651373
2025-03-14 03:45:00,25.145848478581826,72.1773074860625,62.739495798319325,29.343640145979265,60.238424818854256,1056.832783344776,80.96906952864137,49.65186947714665
2025-03-14 04:00:00,25.040713522669513,72.14288226596413,62.739495798319325,29.327021890488567,60.108738658164974,1064.3023598327054,81.12719878648173,49.19434153857253
2025-03-14 04:15:00,24.82158517768781,72.24090997018043,62.739495798319325,29.2934454117505,59.909730061917394,1063.297430743289,81.1359099379449,49.19253807760585
2025-03-14 04:30:00,24.678884689184034,72.14895145626244,62.739495798319325,29.335498339348838,60.02064861514072,1059.9830303495544,81.08858113248547,49.25635644917247
2025-03-14 04:45:00,24.824937687106065,72.07270942429483,62.739495798319325,29.337451215668818,59.86572832142244,1061.6364252668109,81.52900263189315,49.44067815487562
2025-03-14 05:00:00,24.912339430934605,71.99225223187304,62.739495798319325,29.363946225637847,59.58177007200349,1057.7704779824307,80.98767979876148,49.34221753641825
2025-03-14 05:15:00,25.025189599316203,72.00609763709828,62.739495798319325,29.385141007883316,59.69769390086999,1067.1131936320285,81.05106512239625,49.362336536215906
2025-03-14 05:30:00,25.09918778100562,71.95118983211339,62.739495798319325,29.402889719359973,59.86743420032584,1073.3492772887366,81.07645215287896,49.28629533775437
2025-03-14 05:45:00,24.90428957051881,71.78478204068065,62.739495798319325,29.43308922585312,59.78632782876427,1064.6044526871174,81.2545332327681,49.131856948552674
2025-03-14 06:00:00,24.76080974476133,71.81342896173112,62.739495798319325,29.497324042821187,59.79741010766158,1060.0917978133964,81.06679667283498,49.2075712648441
2025-03-14 06:15:00,24.972953108560205,71.7340925619829,62.739495798319325,29.515088063125546,60.041115435063105,1067.959168122914,81.23295633872021,48.94298700998606
2025-03-14 06:30:00,24.865662957978394,71.69287040690483,62.739495798319325,29.55825680470324,59.71605338423634,1067.9569930485532,81.33005200088462,48.84405391864931
2025-03-14 06:45:00,24.687368710974976,71.82635183305571,62.739495798319325,29.55994940874947,59.69798672682257,1065.207130100591,81.11575105464075,48.696162802290296
2025-03-14 07:00:00,24.816021990118625,71.87452158343376,62.739495798319325,29.532233900385194,59.148391933680486,1065.6811193808087,81.13444094408234,49.03090040822154
2025-03-14 07:15:00,24.504958158187637,71.95911785858215,62.739495798319325,29.525064230590782,62.19826555130951,1064.0116945943832,81.36476962353727,49.64489456887171
2025-03-14 07:30:00,24.130011470987426,72.03458295910822,62.739495798319325,29.551601943984114,62.31580057855705,1062.6458894220482,80.81535947879175,49.93690798304061
2025-03-14 07:45:00,24.19075163880564,72.09319326146628,62.739495798319325,29.56796150339188,62.33980369633059,1056.9599688896035,81.28464499035904,50.232516142504295
2025-03-14 08:00:00,24.726834180130567,72.02964467357602,62.739495798319325,29.550993990067244,62.56634879420442,1058.1207110561334,81.39306058110341,50.377735567922095
2025-03-14 08:15:00,24.33801758129175,71.96738657577103,62.739495798319325,29.576333397071437,62.369159767580136,1072.0173030495148,81.310023845368,50.195020733984144
2025-03-14 08:30:00,24.2308330907111,71.96902671819471,62.739495798319325,29.623046053086753,62.34472247257007,1061.3351803910423,81.05246492233587,50.373348985767585
2025-03-14 08:45:00,24.058762908988896,71.98477810628957,62.739495798319325,29.648161852662344,62.5950973054506,1061.35925717596,81.74021793955808,50.0630202890491
2025-03-14 09:00:00,24.00828431420684,72.08610548103523,62.739495798319325,29.7090770405784,62.62805177010087,1054.9333718677956,81.63807593794927,50.69646347844319
2025-03-14 09:15:00,23.786495350437868,72.260292357924,62.739495798319325,29.696544763547543,62.6610191379483,1062.5993146213702,81.54243658584906,50.64410673638714
2025-03-14 09:30:00,23.998067280973252,72.16156666932301,62.739495798319325,29.74889599056576,62.593031725392386,1058.1937947920183,81.57997702075568,50.28333571534613
2025-03-14 09:45:00,24.174312884043154,72.11452816134964,62.739495798319325,29.757090147232002,62.205185184520964,1047.4155473573603,81.95074919913147,50.06712964981438
2025-03-14 10:00:00,24.2564973775397,72.14478389307784,62.739495798319325,29.78764885145673,62.25988754372662,1055.8530048668995,81.72153890292243,50.321009625777975
2025-03-14 10:15:00,24.173969482910064,72.22092510888321,62.739495798319325,29.814065217154074,62.21194987757857,1052.8977744302113,81.59643900193917,50.54512689344499
2025-03-14 10:30:00,23.982689532910612,72.20615290573912,62.739495798319325,29.809399127763612,62.56884334884459,1051.932427751765,81.57310265254524,50.40254401829934
2025-03-14 10:45:00,24.057275503989786,72.21905457349466,62.739495798319325,29.785252384979845,59.96284816570872,1047.3597800879681,82.20974136543994,50.230404110509596
2025-03-14 11:00:00,24.3053410520615,72.3795341066462,62.739495798319325,29.785357776870946,59.92234241419558,1047.5130438776257,81.67623307910375,50.10892218809992
2025-03-14 11:15:00,24.249798520275508,72.370758012692,62.739495798319325,29.769782795874946,60.056466613816404,1063.3172460491405,81.98128281461902,50.37984060635361
2025-03-14 11:30:00,24.158025711067335,72.31852883796014,62.739495798319325,29.70229250224988,60.11631645020194,1066.116873450008,82.1993337114515,50.48526432048603
2025-03-14 11:45:00,24.333310260818884,72.44587378380187,62.739495798319325,29.698603239090698,60.53763183592823,1059.750973056028,82.25410616936429,50.198012393141525
2025-03-14 12:00:00,24.304263010687972,72.49197999470778,62.739495798319325,29.685738829620675,60.557316278687274,1068.377314838484,82.66564548739089,50.44204599093919
2025-03-14 12:15:00,23.933234462059737,72.55972106124472,62.739495798319325,29.695622864649845,60.83896007454439,1064.0000216114338,82.4686732555944,50.77507453004835
2025-03-14 12:30:00,23.895439680629146,72.6718047625393,62.739495798319325,29.660201688530325,60.940378752028785,1060.3812608998774,82.54004609809068,50.638391091148286
2025-03-14 12:45:00,24.034773076398583,72.5980312663006,62.739495798319325,29.714438739854863,60.90062847986031,1063.1140828263465,82.7314654474036,50.58783217495236
2025-03-14 13:00:00,24.051727503249992,72.7387668514346,62.739495798319325,29.720917204681896,61.35555756041116,1058.4883593878978,82.70296888035831,50.46736663911151
2025-03-14 13:15:00,24.055509575865454,72.65328310716794,62.739495798319325,29.745470932479982,61.19468740817907,1060.8558691753165,82.62047271885613,50.54288553088986
2025-03-14 13:30:00,23.965448541767234,72.5925990826025,62.739495798319325,29.73766779752777,61.376681223908236,1063.4433711072397,82.82629538159361,50.59954496997082
2025-03-14 13:45:00,23.96033731877555,72.6322990656461,62.739495798319325,29.716492314130814,61.26246733560803,1063.6797601828537,82.64189448564032,50.899999354480364
2025-03-14 14:00:00,23.946475235430807,72.63412354339106,62.739495798319325,29.708814026471227,61.38570679798502,1065.3831681188178,82.18715567705108,50.87628131377853
2025-03-14 14:15:00,23.635709376282456,72.59337469852485,62.739495798319325,29.682852857174073,64.12954176542259,1062.6442356467314,82.4416282524818,51.3750309137917
2025-03-14 14:30:00,23.692190240142605,72.63009118425363,62.739495798319325,29.691491146566985,63.850314053052365,1057.246976368175,82.70335207710552,51.24168600256937
2025-03-14 14:45:00,23.41940930252196,72.5981716837597,62.739495798319325,29.732786877798823,64.2059104445406,1050.8899753163212,82.90682333403387,51.47848755270603
2025-03-14 15:00:00,23.18993519725642,72.64116770481056,62.739495798319325,29.758497078075067,64.4444309233747,1046.383674100374,82.73411828978774,51.69964643678754
2025-03-14 15:15:00,23.034709247347926,72.61533444548498,62.739495798319325,29.756092847972752,64.45546833696628,1041.3547546841476,82.59649465975389,51.68299940207914
2025-03-14 15:30:00,23.30077050026658,72.62858559628948,62.739495798319325,29.712689371457312,64.1968718409517,1041.1227127209843,82.33541301724428,51.67150835168098
2025-03-14 15:45:00,23.34446777446165,72.59265343568082,62.739495798319325,29.69882039102619,64.31149934729616,1038.818190296952,82.28802818886021,52.30195144788846
2025-03-14 16:00:00,23.479907658829827,72.6405223585909,62.739495798319325,29.704099374671806,64.67203637282769,1035.3720712013906,82.73677220732492,52.204135021531464
2025-03-14 16:15:00,23.615480969858396,72.55175645753508,62.739495798319325,29.725389354918374,64.6532511720804,1039.9194598900701,82.76859770745395,52.145955964182434
2025-03-14 16:30:00,23.530299093087905,72.5414931558425,62.739495798319325,29.7229520733777,64.48252804834345,1042.3783263729424,82.81732316677386,52.52442794776942
2025-03-14 16:45:00,23.46954564398923,72.52008743826188,62.739495798319325,29.73329540796914,64.4332435860504,1049.017764595575,82.2740761185921,52.52862987615287
2025-03-14 17:00:00,23.642902752919447,72.51035667514749,62.739495798319325,29.77869455403394,64.4120854228735,1049.7281622393214,82.38188871723794,52.74658633103813
2025-03-14 17:15:00,24.04363687917409,72.53529708394304,62.739495798319325,29.773526888696434,64.29080250657893,1046.41549820579,82.70712046599867,52.762555381747305
2025-03-14 17:30:00,24.180238825169123,72.43337028029956,62.739495798319325,29.70081742354465,64.16834253601886,1051.3603190056247,83.15956536401782,52.39775136941336
2025-03-14 17:45:00,24.03161904690924,72.37910968264814,62.739495798319325,29.754726509220074,61.75424886822678,1050.3502385871343,82.12317297354167,51.91280842831667
2025-03-14 18:00:00,24.00674199709711,72.44167501038099,62.739495798319325,29.805950917875027,62.129917146014606,1047.7629674280379,82.57621541316682,51.97384561389424
2025-03-14 18:15:00,24.495053661893344,72.34292965321873,62.739495798319325,29.816539997773152,62.51324520784657,1045.0528906937798,82.9508083928255,51.83017840912191
2025-03-14 18:30:00,24.59953415462047,72.24915186865194,62.739495798319325,29.727240521775606,62.45594973641252,1040.2029482466655,83.1081873405198,51.97450681499096
2025-03-14 18:45:00,24.9493240183762,72.21778594005318,62.739495798319325,29.702744466555064,62.483042040766954,1041.9417018375875,82.87736037772557,51.6381597514874
2025-03-14 19:00:00,24.94826725907236,72.23231199332662,62.739495798319325,29.67514706897507,62.32306501714055,1047.0871919165838,83.21933091402917,51.78975967547001
2025-03-14 19:15:00,24.74654823515781,72.29999665546292,62.739495798319325,29.645640298475993,62.500221129093646,1047.0129277753626,82.84750877047763,52.094355826020774
2025-03-14 19:30:00,24.666772914922074,72.34189643024726,62.739495798319325,29.6232980404917,62.396255874514615,1047.736866681281,82.99054828913869,52.05864230633547
2025-03-14 19:45:00,24.533107009419933,72.47120386335949,62.739495798319325,29.5831461322648,62.38517797031811,1051.6053782376237,82.51625732043134,51.97081218352387
2025-03-14 20:00:00,24.56410892178893,72.5466513852238,62.739495798319325,29.53274137548565,62.2324408609703,1051.8704878075612,82.12560125509987,52.011834285835434
2025-03-14 20:15:00,24.65841441352015,72.4919039960643,62.739495798319325,29.548739137289164,61.77814552855096,1055.684910059204,82.39052277276433,52.1954984654332
2025-03-14 20:30:00,24.62329417461539,72.35547872148686,62.739495798319325,29.563535285701672,62.18154955814197,1045.518999186763,82.29456223705056,52.01395351798988
2025-03-14 20:45:00,24.720040838294068,72.43707437020059,62.739495798319325,29.556065214561496,62.28049394465445,1046.5670025875515,82.33860308799444,52.21658700134933
2025-03-14 21:00:00,24.26484703584834,72.34375593139664,62.739495798319325,29.53812664923593,62.14138512339985,1046.7805532024745,82.82383367487752,51.94152130260935
2025-03-14 21:15:00,24.29207386803475,72.18243564510368,62.739495798319325,29.499546984874883,64.52141730362266,1046.5152306812006,82.96777410532788,52.55736654801757
2025-03-14 21:30:00,24.60222079657789,72.08349976511387,62.739495798319325,29.533325894907705,64.76510463066687,1050.2634581930236,82.1986666977993,52.572669467165554
2025-03-14 21:45:00,25.03856085296705,72.11240388150293,62.739495798319325,29.523040417922086,64.54801792425063,1043.3025686000453,82.26389738915586,52.76647349992361
2025-03-14 22:00:00,25.058597307248895,72.0465208731658,62.739495798319325,29.57687161112222,64.79214733847915,1046.7442637492566,82.61209126995128,52.545950260608016
2025-03-14 22:15:00,25.12035253463848,72.1177993501109,62.739495798319325,29.54157664760384,64.77449866586447,1041.5041562099211,82.09062332385552,52.32718940305665
2025-03-14 22:30:00,25.19801515453819,72.18876761027717,62.739495798319325,29.5632284685043,64.5843920204236,1036.1826377997334,81.65092396218579,52.57715680183448
2025-03-14 22:45:00,24.929903985469654,72.22524939273862,62.739495798319325,29.552356461382868,64.51973729639265,1041.300880935149,82.02137824203771,51.9137515185849
2025-03-14 23:00:00,25.053311550110674,72.19944399297854,62.739495798319325,29.585428473381814,64.11781357376005,1040.3077544165003,82.22708682076147,52.32316327470005
2025-03-14 23:15:00,25.521459175261334,72.15533139522573,62.739495798319325,29.557550501810827,64.0052475840519,1045.2636928688196,81.57070681605566,52.489672708285994
2025-03-14 23:30:00,25.608236561929402,71.98226863974865,62.739495798319325,29.54972201638291,64.0135617490264,1045.2065888466711,81.60519889186257,52.67554898631802
2025-03-14 23:45:00,25.415719971677266,71.88721563804923,62.739495798319325,29.55486225183239,63.87617426954705,1042.2773157644226,81.67176941629606,52.73468051294664
2025-03-15 00:00:00,25.104180979124077,71.9157525408591,62.739495798319325,29.58653426120597,63.476393192471356,1042.5261960600947,81.73839594076681,52.743217970081865
2025-03-15 00:15:00,25.185470347157704,71.84532637340857,62.739495798319325,29.638095054353165,63.715652432983276,1037.0479417573179,81.63092303091332,52.682918498749956
2025-03-15 00:30:00,25.661167115502348,71.9125984543364,62.739495798319325,29.663086391356945,63.88419420213603,1036.3147710885453,80.86058502528083,52.75679917062047
2025-03-15 00:45:00,25.725916457622375,71.86127544736141,62.739495798319325,29.652921703334545,60.94713968380725,1038.3596984145472,81.30249368570459,52.202538644279365
2025-03-15 01:00:00,25.545924623271514,71.85703504450612,62.739495798319325,29.65025338406881,60.686172122538224,1035.6398906638622,81.76990874542331,52.130117186433175
2025-03-15 01:15:00,25.451343599290233,71.82462098712885,62.739495798319325,29.655947697330404,60.77062712916395,1037.0480212503978,81.61515976166325,52.2225828126925
2025-03-15 01:30:00,25.3566865148369,71.87603330517268,62.739495798319325,29.674586969279538,60.626306259002035,1036.5625914925556,81.30859708681119,51.849947592967524
2025-03-15 01:45:00,25.24584753751969,71.8679242207946,62.739495798319325,29.663323748949725,60.52361429416471,1033.6461223187518,80.92306562485814,51.452026633626936
2025-03-15 02:00:00,25.00508004483126,71.79845358899652,62.739495798319325,29.61224342215857,60.52841150511568,1033.1159951774384,81.04805330827661,51.559874241089894
2025-03-15 02:15:00,24.89837992410493,71.76053627925602,62.739495798319325,29.52634243555083,60.428346932278366,1027.328755275299,81.30186593513055,51.35788236067217
2025-03-15 02:30:00,24.820732002413475,71.84786528458078,62.739495798319325,29.498516405651095,60.46486489592283,1021.2003424296918,81.36485776115074,51.58755258118667
2025-03-15 02:45:00,24.379725887364483,71.7096076839846,62.739495798319325,29.495916259550768,60.61199970734717,1022.4156166551285,80.82243078944732,51.84192061585637
2025-03-15 03:00:00,24.201522774948824,71.65632289996293,62.739495798319325,29.439601987106116,60.405463223353756,1031.4578688418571,80.8221745449188,51.96028098923795
2025-03-15 03:15:00,24.313557113177595,71.67283891157213,62.739495798319325,29.433868826394253,60.384365736229896,1033.8786225391398,81.33621814957249,51.84958126673155
2025-03-15 03:30:00,24.825951858145427,71.5845729639403,62.739495798319325,29.402541264480497,60.30369108352452,1041.235339717256,80.81632604948365,51.63697022613498
2025-03-15 03:45:00,25.242056176856554,71.68734695610175,62.739495798319325,29.407778158436628,60.363835512436694,1039.922374219333,80.74437522109515,52.02832034933175
2025-03-15 04:00:00,25.003511591086415,71.64183628188225,62.739495798319325,29.384091162959777,60.344446617969076,1035.1388621986864,80.73286836919728,51.711960873968984
2025-03-15 04:15:00,25.00314922972456,71.55936733789343,62.739495798319325,29.367397649288854,60.08872517889961,1040.450559261071,80.98824196105267,51.60814117936194
2025-03-15 04:30:00,25.058456407795585,71.69169462806823,62.739495798319325,29.419981974931694,62.79349442270739,1033.573326496369,80.84025873182233,51.684395124914225
2025-03-15 04:45:00,25.091818199069316,71.67615833687947,62.739495798319325,29.430763740825203,62.92367497736353,1024.8409232448403,80.5674752558698,51.86441682463446
2025-03-15 05:00:00,25.163873097854317,71.64445769104701,62.739495798319325,29.452836713070074,62.9311987082905,1030.1127500241037,81.12838694838408,52.09694431928683
2025-03-15 05:15:00,25.195729422993104,71.59439523879237,62.739495798319325,29.48058787410596,62.67858019736301,1025.0511443819792,80.41324815454017,52.2099528064766
2025-03-15 05:30:00,25.43751545459703,71.61447869100093,62.739495798319325,29.47038875204289,62.830798874113974,1024.3479091217712,80.6793433253223,52.19361913668539
2025-03-15 05:45:00,25.1572512742563,71.71526998188892,62.739495798319325,29.448861559109968,63.017677800805934,1027.215598168049,81.09742840982646,52.237407250582166
2025-03-15 06:00:00,25.168612804670282,71.80787183232384,62.739495798319325,29.466929181536166,63.12425755343212,1032.3780020196805,80.08096203231491,52.28242535266399
2025-03-15 06:15:00,25.139868611228447,71.71189974508825,62.739495798319325,29.49042237640156,62.814565163940635,1033.4191404775297,80.51667719003159,52.68358836486286
2025-03-15 06:30:00,25.510872148708934,71.83049806372425,62.739495798319325,29.470827578118772,62.9010211663853,1033.492211119641,80.5893143607474,52.39219728156309
2025-03-15 06:45:00,25.581976027028286,71.85492600287469,62.739495798319325,29.494428715332102,62.85441512718885,1034.3244997721124,80.93396086769214,52.62412274769862
2025-03-15 07:00:00,25.31543497012428,71.89346632265351,62.739495798319325,29.541082540385826,62.94725554650865,1037.0706789993694,81.1372691833577,52.63707801281834
2025-03-15 07:15:00,24.923402378667205,71.84350425098573,62.739495798319325,29.538306679313227,62.7029958694013,1038.5141239134703,80.83275173839236,52.47516890050318
2025-03-15 07:30:00,24.514199178600514,71.85632497062085,62.739495798319325,29.506683825145906,62.8420659353127,1039.137717483727,81.4435068496339,52.340088028438544
2025-03-15 07:45:00,24.6553834574302,71.9730627104174,62.739495798319325,29.467745621402322,62.792847439335695,1035.8702870772265,80.62030788418937,52.45470686831939
2025-03-15 08:00:00,24.702670925085858,72.0320841484581,62.739495798319325,29.462618838509908,60.18727361135198,1032.5489042384381,80.73707780626606,52.08378832220479
2025-03-15 08:15:00,24.529386307264677,72.05813966874913,62.739495798319325,29.539007776934106,60.12724594880847,1029.4919212519098,81.18445094285026,51.99340484443182
2025-03-15 08:30:00,24.220546065646154,72.05304822355306,62.739495798319325,29.57519621610433,59.82856290536078,1029.737762339487,80.96160975117648,52.20580867785415
2025-03-15 08:45:00,24.232358203328772,71.98099112409285,62.739495798319325,29.526537614542413,59.93573165411949,1030.1426184514237,81.36206577278638,51.87962950399196
2025-03-15 09:00:00,24.07423921337012,72.13806263768416,62.739495798319325,29.51426478795012,59.92606277535805,1033.363810953724,81.47306325965462,51.37545259029164
2025-03-15 09:15:00,24.12861010697818,72.0965294384943,62.739495798319325,29.511344633077698,60.203487993935816,1031.7757597479522,81.77168214617586,51.327970216329156
2025-03-15 09:30:00,24.276635837952742,72.10526088172266,62.739495798319325,29.459729864362952,60.15282816438341,1030.2417265648285,81.39120369052932,51.2435351652843
2025-03-15 09:45:00,24.184710520105376,72.12001560872287,62.739495798319325,29.528241435026118,60.40117117432583,1034.3599794387458,82.08977914743974,50.99340078061771
2025-03-15 10:00:00,23.814914079902827,72.09173326240361,62.739495798319325,29.523954720972018,60.51438672317523,1021.928936405404,82.02814948238299,50.59690634505852
2025-03-15 10:15:00,23.787437570053527,72.08578415465065,62.739495798319325,29.54528264423367,60.613936321042914,1031.8481606010353,81.82162157133583,50.68901662674213
2025-03-15 10:30:00,23.52730323267609,71.97572092023351,62.739495798319325,29.51011053235731,60.87161387438675,1029.2328613561597,82.23196615988353,50.34942362343923
2025-03-15 10:45:00,23.565927934307773,72.04537758359552,62.739495798319325,29.4873958355328,61.02516650931235,1035.447167459017,82.35253683468534,50.25258501559091
2025-03-15 11:00:00,23.53961260705031,71.98253899551314,62.739495798319325,29.435680437377705,60.95616700007437,1036.0466531943073,82.0741402532339,50.64075069875083
2025-03-15 11:15:00,24.01144628349984,72.03609855397474,62.739495798319325,29.488844814287688,61.009181201823374,1032.8179025869165,81.54226658330589,50.61494883920154
2025-03-15 11:30:00,24.04708717374212,72.04422111716195,62.739495798319325,29.452544187354473,63.771969867067234,1026.4252811245165,82.36269363480181,50.70404879327781
2025-03-15 11:45:00,24.277337184384923,72.13346459874691,62.739495798319325,29.4866473501876,63.926481444461885,1021.8584640740892,81.98662901276145,50.85690528083509
2025-03-15 12:00:00,24.423202596013983,72.1719631800271,62.739495798319325,29.5366515889412,63.52609509533415,1032.4250197453698,81.51003645566824,50.83044524603077
2025-03-15 12:15:00,24.393658906163683,72.2509840667551,62.739495798319325,29.53535614175863,63.4024180752468,1037.504317014708,82.19539750833637,50.67495449326654
2025-03-15 12:30:00,24.149594066381937,72.4230679544829,62.739495798319325,29.59011034675681,63.52348118627787,1041.1614967391147,81.86510809096502,51.22908047484243
2025-03-15 12:45:00,24.36792016370884,72.31010933407275,62.739495798319325,29.678790213052217,63.51696332002983,1043.711706440788,82.06691477021704,51.30771029334791
2025-03-15 13:00:00,24.30075126935551,72.31203387588775,62.739495798319325,29.72414272366814,63.63847482181022,1044.0290786992707,82.04050827168025,50.89671530812131
2025-03-15 13:15:00,24.12952961738459,72.46423983498227,62.739495798319325,29.72516285734545,63.776014151137794,1038.3022793150503,82.21350370353444,51.39605387427554
2025-03-15 13:30:00,23.990369157108262,72.66988822294768,62.739495798319325,29.700042937495944,63.463874826153194,1034.4987364219335,82.76343919056276,51.38991618859112
2025-03-15 13:45:00,23.659410788619727,72.55898949190573,62.739495798319325,29.685813221216033,63.33807128237397,1035.4178978352738,82.64832888197377,51.318164121295275
2025-03-15 14:00:00,23.627932364430073,72.52538351693428,62.739495798319325,29.738211454625613,63.363950859468076,1034.9531726822104,82.17981841709377,51.31567013497735
2025-03-15 14:15:00,23.698566345147896,72.66605432420393,62.739495798319325,29.74150796395838,63.28506410983015,1031.1764766824865,83.10030209992503,51.115832027197825
2025-03-15 14:30:00,23.725362492306264,72.64924245307316,62.739495798319325,29.75133573162679,63.418125727712706,1022.8479113881011,82.69393748373804,51.17694762979464
2025-03-15 14:45:00,23.410696487453077,72.66965467789743,62.739495798319325,29.748414518855974,63.569722217857496,1028.3293395298028,82.97229511348779,51.22986929498412
2025-03-15 15:00:00,23.130987253941747,72.7908814711288,62.739495798319325,29.759020626054177,61.1418436112317,1034.9925832212386,82.53660033288048,51.03374873477149
2025-03-15 15:15:00,23.3879666509396,72.878976182718,62.739495798319325,29.774788237918802,61.36442747986728,1035.148948984857,83.0384160612203,51.138205534959894
2025-03-15 15:30:00,23.88170875043242,72.99399696131097,62.739495798319325,29.821080335083877,61.44120593803932,1034.8671154584918,82.33419487581581,51.0120666956155
2025-03-15 15:45:00,23.9187829275567,73.01036938962066,62.739495798319325,29.871096113127322,61.49576796350637,1037.0374508760901,82.3933836365255,50.94625420046302
2025-03-15 16:00:00,23.62732013480835,72.90773673287576,62.739495798319325,29.847289810273672,61.02017152850963,1035.442055413566,83.18688724687816,50.538064519862715
2025-03-15 16:15:00,23.42579571601928,72.94951799193602,62.739495798319325,29.865990785670547,61.30573402609076,1038.3245977018162,83.17340407104606,50.397215488983434
2025-03-15 16:30:00,23.484741923629702,72.96198581226042,62.739495798319325,29.883538536626762,61.16828963747303,1035.9715398348233,82.9178592289456,50.20237618776223
2025-03-15 16:45:00,23.669020801321658,72.857721137552,62.739495798319325,29.91005930788864,61.14137430832647,1034.4592366775396,82.51941087951255,50.435594868907486
2025-03-15 17:00:00,24.200970246184788,72.97583108219563,62.739495798319325,29.897306063938593,61.108535007423036,1027.657658177859,82.92492596287155,50.005870628424496
2025-03-15 17:15:00,24.18376670782664,72.98356702578744,62.739495798319325,29.908299118746836,61.27226680195925,1036.038264844865,82.40282551495734,49.68924562167737
2025-03-15 17:30:00,24.325798868354763,73.03380937846434,62.739495798319325,29.92679909107986,61.363992488195514,1037.9716381756593,82.63683081435559,49.57485008596092
2025-03-15 17:45:00,24.405431042211976,72.99513511241219,62.739495798319325,29.906410424620915,61.27065885686726,1036.7710974052388,82.06936806140932,49.94883235017103
2025-03-15 18:00:00,24.312857322041733,72.82678500807836,62.739495798319325,29.85871521995496,61.47235631898516,1034.2062965125858,82.98668917830464,49.897022450586675
2025-03-15 18:15:00,24.536383551782976,72.99346202447825,62.739495798319325,29.921465247226557,61.2661906312829,1041.1199873384112,82.27242627324023,49.80679575819544
2025-03-15 18:30:00,24.838270014562134,72.88583057967567,62.739495798319325,29.958993225361088,63.858738929401454,1036.8709958265301,82.07821891835879,50.35564471509508
2025-03-15 18:45:00,24.969236745143267,72.89942813389352,62.739495798319325,29.97328884133247,63.991604773690774,1042.8623191737738,82.69419827026896,50.641375378785405
2025-03-15 19:00:00,24.681705067825487,72.89391804440145,62.739495798319325,29.917283865706324,64.0074168958474,1034.0300743880541,82.52507099024568,50.53099404204124
2025-03-15 19:15:00,24.80232339745424,72.93172179561975,62.739495798319325,29.88773680474558,64.05177040242081,1033.813821741259,82.6411381250548,50.81478037430606
2025-03-15 19:30:00,24.57924442549702,72.86150427108494,62.739495798319325,29.84236366400041,64.00266833335803,1041.2104713584913,82.3740776894795,50.69192797532295
2025-03-15 19:45:00,24.65941805695518,72.90215117916641,62.739495798319325,29.823238316332212,63.973929760046225,1043.9261994224448,82.43465429928905,50.50199428918468
2025-03-15 20:00:00,24.90749862455387,72.90220802549247,62.739495798319325,29.80085021739241,64.33913359904261,1047.700503638099,82.57689763315247,50.45230634414438
2025-03-15 20:15:00,25.00376158812508,73.00779035694887,62.739495798319325,29.803631678824168,64.49143320025205,1044.293700860495,83.00024320399406,50.29889261521519
2025-03-15 20:30:00,24.825242834168634,73.16986231602607,62.739495798319325,29.84298556603778,64.5923689329678,1046.8748752817673,82.31668830247537,50.257713113179115
2025-03-15 20:45:00,24.397332485891223,73.11382365503371,62.739495798319325,29.758913452911887,64.20382375498909,1046.8963003184472,81.77615430639769,50.28938066138053
2025-03-15 21:00:00,23.871928107200542,73.09027856566215,62.739495798319325,29.775363145089397,64.17374972694525,1048.2098619566877,82.13403399066718,50.21970959419593
2025-03-15 21:15:00,24.04716105179732,73.06465342510735,62.739495798319325,29.83304477769052,64.26159660899995,1051.683960159203,81.94249898790697,50.388178105417
2025-03-15 21:30:00,24.061986577640848,72.86537416046373,62.739495798319325,29.852474409995377,64.271331533583,1041.2865074314707,81.62825980172502,50.45542438289912
2025-03-15 21:45:00,24.21867176480164,72.71994937965866,62.739495798319325,29.78280262674817,63.98439153920973,1045.4794586395005,81.99461991521682,50.46877235231988
2025-03-15 22:00:00,24.511165074215175,72.71598478991832,62.739495798319325,29.787214945664797,61.40187964026227,1041.1408608363938,81.73691057754822,50.2935369748736
2025-03-15 22:15:00,24.483486065465016,72.71753826160275,62.739495798319325,29.75097255328318,61.46152930862505,1044.3357132657534,81.75960864755817,49.659041594980955
2025-03-15 22:30:00,24.722779353553015,72.68064747895778,62.739495798319325,29.764333801427018,61.22203858610513,1046.2114222935725,81.38248979671259,49.38497527025602
2025-03-15 22:45:00,24.948026674661254,72.7977988011328,62.739495798319325,29.79031945370409,61.28799218804199,1041.7155947338074,81.45903103929221,49.49731129507313
2025-03-15 23:00:00,25.319695560696996,72.77568720758217,62.739495798319325,29.78051638119595,61.26809584045432,1045.2300731535777,81.44748365424428,49.79824050279784
2025-03-15 23:15:00,25.734671655582176,72.70891316348249,62.739495798319325,29.809438538781293,60.92861264467561,1050.141306100632,81.49839586634914,50.12648347085867
2025-03-15 23:30:00,25.78144812601189,72.73721419531205,62.739495798319325,29.81550856727334,61.35097545840464,1051.5088547275434,81.34026807815779,50.094605296837514
2025-03-15 23:45:00,25.432218997720376,72.69816999639364,62.739495798319325,29.796265766493693,61.048912774059886,1051.9487216721288,81.47757928871876,50.20526890766238
2025-03-16 00:00:00,25.3885041203853,72.67088517926662,62.739495798319325,29.777799741927275,61.16168426700278,1055.2601494337182,81.21251810933059,49.9673924043063
2025-03-16 00:15:00,25.409038801020348,72.72694223789064,62.739495798319325,29.786343278143015,60.879825104801526,1055.8643603311998,81.61904293169692,50.04919776905843
2025-03-16 00:30:00,25.82504328304879,72.86485686369974,62.739495798319325,29.80272727089538,60.84894012969107,1048.6891537580905,81.35755870990145,49.89340133212905
2025-03-16 00:45:00,25.86650171642643,72.79241570399235,62.739495798319325,29.860677063293153,60.74372388657485,1042.2501312551074,81.35862597623208,49.748469942681105
2025-03-16 01:00:00,25.585354161707535,72.7210307732735,62.739495798319325,29.89574623334511,60.74335684713542,1052.0493522092795,81.50430707142603,50.30409990318974
2025-03-16 01:15:00,25.527004629095988,72.63610640439742,62.739495798319325,29.86485902583159,60.83054164028975,1049.2719654951093,81.43173406417827,50.457983564822364
2025-03-16 01:30:00,25.424529814402053,72.65588867874251,62.739495798319325,29.86836171070537,60.722747161164456,1047.8601418032704,80.92183940786131,50.37288966493244
2025-03-16 01:45:00,25.392928871003654,72.58518474995786,62.739495798319325,29.846730421082544,63.22480565696604,1045.9917804257943,81.1955034208316,50.909329430117324
2025-03-16 02:00:00,25.53369003920797,72.49972997127895,62.739495798319325,29.857136812558103,63.07650768684692,1042.5608231907215,81.67966912959976,50.80254329743039
2025-03-16 02:15:00,25.5683163595072,72.64792471731678,62.739495798319325,29.86941632570202,62.97604060203405,1048.3889111467372,81.7258165772902,50.61290605752432
2025-03-16 02:30:00,25.22510065448112,72.68586380817837,62.739495798319325,29.856215636757458,63.25693022973545,1054.985015033296,81.15439777930968,50.7300321068543
2025-03-16 02:45:00,24.908661040199572,72.58721382308578,62.739495798319325,29.888157760114044,63.33908020666504,1056.6964690763548,81.07051282819783,50.63433475322851
2025-03-16 03:00:00,24.860756103550013,72.70203936279778,62.739495798319325,29.91066890700949,63.23526960748854,1061.476768829819,80.28047471381537,50.82987402156767
2025-03-16 03:15:00,25.13618976342718,72.65901132460704,62.739495798319325,29.905085578783446,63.3728323414194,1057.070729367004,80.58112791504219,50.80137833092326
2025-03-16 03:30:00,25.452904052743044,72.6475879999499,62.739495798319325,29.915200278336673,63.249320784862185,1051.5300702767347,80.63562579371738,51.12722095547987
2025-03-16 03:45:00,25.23138921458288,72.67511450205384,62.739495798319325,29.853654042219233,63.32242889653068,1048.3173669053858,80.48734395636427,51.160127596879086
2025-03-16 04:00:00,25.280362443034136,72.76839554879885,62.739495798319325,29.809708835915373,63.18930405601382,1040.9042520017526,80.92926767955504,50.99192825917425
2025-03-16 04:15:00,24.892956224523136,72.75794483275835,62.739495798319325,29.80357792347627,63.20826095522498,1042.3368124715187,80.75957303478285,51.08496670658152
2025-03-16 04:30:00,24.707433478218558,72.75797388887308,62.739495798319325,29.84445725250793,63.26004940516881,1054.5302304804252,80.52907803203689,51.48627774135271
2025-03-16 04:45:00,24.982031884548924,72.72861471265142,62.739495798319325,29.858749218570843,63.276301695716135,1061.620802937887,81.05532494043867,51.08967920269709
2025-03-16 05:00:00,25.20426988131057,72.65819117745566,62.739495798319325,29.828985066427656,63.046053227285654,1063.277064178965,81.07821683576297,50.801559440720894
2025-03-16 05:15:00,25.351042273378816,72.51267552158808,62.739495798319325,29.81257937806018,60.32178430174478,1065.4522597685605,80.9611286296598,50.6426908335735
2025-03-16 05:30:00,25.568602647653687,72.466030489294,62.739495798319325,29.848891277500893,60.73294165573743,1062.0205539537717,80.46374430816853,50.516877125102866
2025-03-16 05:45:00,25.535011702493865,72.44444795520519,62.739495798319325,29.880154155121126,60.632065495673466,1064.3850968168467,80.94144374655454,50.46510708686136
2025-03-16 06:00:00,25.522327542431107,72.32477807999959,62.739495798319325,29.927945631274945,60.77573275688335,1068.669152905506,81.08441303339747,50.85702109988342
2025-03-16 06:15:00,25.313217355683445,72.19278931978354,62.739495798319325,29.954755551959448,61.1352736280529,1056.3335457656724,80.4217660357807,51.08925018699479
2025-03-16 06:30:00,25.465638235377554,72.08269538602656,62.739495798319325,29.956832462550793,60.90890555893957,1056.623547315814,80.72472728146582,50.64607198025444
2025-03-16 06:45:00,25.35432174585264,72.07118768524894,62.739495798319325,29.964869693702447,60.70554413586876,1059.150928199697,80.18310239445468,50.4982224920816
2025-03-16 07:00:00,25.169864155279182,71.94858888528076,62.739495798319325,29.911224561679905,60.95420979892272,1058.0610457443647,81.31205185738091,50.552598875859296
2025-03-16 07:15:00,24.826839787086573,71.87019998113236,62.739495798319325,29.867321930137003,60.743515349174665,1063.1352103767115,80.93372260708277,50.67060132265967
2025-03-16 07:30:00,24.46438497932834,71.94025731161426,62.739495798319325,29.867186099425044,60.59647464908148,1058.7336000447474,80.82255666338962,50.51937541964121
2025-03-16 07:45:00,24.312058697667997,72.02847839291466,62.739495798319325,29.85654799131445,60.200823209511974,1065.901691114919,80.9016334784722,50.34228138442269
2025-03-16 08:00:00,24.467236544036943,72.18531388238709,62.739495798319325,29.82321934605774,60.27214467175978,1066.8796571648866,80.83298861442029,50.9285540511939
2025-03-16 08:15:00,24.410905713564578,72.16289430925995,62.739495798319325,29.878192681142064,60.606304506861726,1070.4163126779256,80.67327093177656,50.801199560352174
2025-03-16 08:30:00,24.52800603014797,72.1173280809841,62.739495798319325,29.94464867155374,60.524257717707755,1071.6385142296579,81.12480739084963,50.912948912541076
2025-03-16 08:45:00,24.354712077088415,72.10937041471635,62.739495798319325,29.895201147310623,63.3040698625396,1069.1968030350326,81.31019729115607,50.95461238932811
2025-03-16 09:00:00,24.268497771280806,72.11779661294881,62.739495798319325,29.86794928487189,63.40376296216608,1072.1785298073232,80.85296578832339,50.74510732277717
2025-03-16 09:15:00,24.11362566610415,72.23501515253446,62.739495798319325,29.857085142849527,63.16896593340527,1077.348220188257,81.09732215689887,50.38493628185459
2025-03-16 09:30:00,24.344289164164408,72.23472543788552,62.739495798319325,29.86339393526331,63.01421891198241,1076.085264216395,81.24139185093037,50.09322978007655
2025-03-16 09:45:00,24.107349273728012,72.22589466306071,62.739495798319325,29.88347783928375,63.06959675787946,1080.8137488770376,81.4526596168181,50.12830855872636
2025-03-16 10:00:00,23.729745834960546,72.37362910798703,62.739495798319325,29.90521715738864,62.888481453783044,1077.3300400305513,81.51808573178033,50.392760544865915
2025-03-16 10:15:00,23.829094190575216,72.41681464298098,62.739495798319325,29.916769528945906,62.57199147193473,1076.8753462058958,81.27446517086892,50.32099401441208
2025-03-16 10:30:00,23.963988324032588,72.53644010587921,62.739495798319325,29.90567231644091,63.108065337557925,1077.5118543330427,81.26672888002437,50.64655642077864
2025-03-16 10:45:00,23.814694714762286,72.68454304761408,62.739495798319325,29.834928119432696,63.37360827653041,1076.0665699482356,81.30215176060732,50.52825761256194
2025-03-16 11:00:00,23.99141523612332,72.73593038159838,62.739495798319325,29.843794270410616,63.18027104998079,1079.215567326676,82.020876836384,50.068986642412106
2025-03-16 11:15:00,24.245912867494326,72.78098931104446,62.739495798319325,29.888971357749668,63.15956858488411,1081.1172978297143,81.5421327946266,49.882348982251514
2025-03-16 11:30:00,24.528726723623,72.75158218477206,62.739495798319325,29.909449648079782,63.304320491671085,1077.2709602833775,81.41471004508018,50.05708814643619
2025-03-16 11:45:00,24.416997248670643,72.810725383246,62.739495798319325,29.927729997317865,63.44454512546494,1076.5130289919578,81.4486933703011,50.235250948948675
2025-03-16 12:00:00,24.305405833723768,72.81538870693049,62.739495798319325,29.970293197157794,63.429140415427746,1070.1349102644335,81.55927101556058,50.059852784405216
2025-03-16 12:15:00,24.585167932724808,72.7986192367725,62.739495798319325,30.00020544819652,60.74355019625006,1072.466339924407,82.16592339365033,49.39519620374389
2025-03-16 12:30:00,24.518877402372716,72.82675789390586,62.739495798319325,29.969756316891175,61.115135086170824,1071.0913284320563,81.75244668519653,49.47402544433996
2025-03-16 12:45:00,24.57146499316383,72.91874932000044,62.739495798319325,29.947645191978044,61.341605592458144,1067.9577265255243,81.868294623217,49.58430838419028
2025-03-16 13:00:00,24.616307856605008,73.10791320006325,62.739495798319325,29.94785757068636,61.33442473003892,1067.743216921166,81.73595505617494,49.283636256591755
2025-03-16 13:15:00,24.320797395236657,73.15480974925866,62.739495798319325,29.990946660433448,61.43652702254084,1068.5995548034743,82.0676959010605,49.49784322820416
2025-03-16 13:30:00,24.018635495550814,73.23231244279876,62.739495798319325,30.026137172345038,61.393733516999276,1067.6169558861116,81.74610624218167,49.38533043945365
2025-03-16 13:45:00,23.951420017625594,73.29431869386656,62.739495798319325,30.01880830800748,61.48790194828206,1064.2684545150244,81.96804434307064,49.35774553310566
2025-03-16 14:00:00,24.12269635374994,73.25646235653828,62.739495798319325,30.031771814295354,61.623597354142845,1069.203974985414,82.26255419234995,49.09726568382494
2025-03-16 14:15:00,23.947655297091995,73.40806117306896,62.739495798319325,30.01058325149868,61.376343053149924,1075.8741418242616,82.02105319930803,48.6345130134253
2025-03-16 14:30:00,24.00901227224453,73.30225524688503,62.739495798319325,30.002998186744065,61.3554371395371,1073.825809601494,81.99779747998468,48.7881087878316
2025-03-16 14:45:00,23.580908119881226,73.3229649631191,62.739495798319325,29.98992854767167,61.5990795329673,1071.749401564477,81.81811806027328,48.80452706373074
2025-03-16 15:00:00,23.275512739003435,73.28835650915683,62.739495798319325,30.005704654887356,61.61174282897082,1073.4516771220171,82.36187552858301,48.628829531396974
2025-03-16 15:15:00,23.13117779606665,73.2618005334202,62.739495798319325,29.96807117237577,61.6661894991001,1068.2405352875264,82.50831070623457,48.85606197780838
2025-03-16 15:30:00,23.390556405187713,73.33309230741907,62.739495798319325,29.925874374385582,61.44640671979845,1066.0424725644648,82.32470673597899,48.61336097714618
2025-03-16 15:45:00,23.486137044716173,73.40115783017978,62.739495798319325,29.901790867274485,64.27717923007442,1060.0644464404224,82.300427527554,49.32109860542373
2025-03-16 16:00:00,23.706148288223567,73.46927031547142,62.739495798319325,29.90810973038906,64.26959163886079,1057.3167424808018,82.2562939105709,49.46524550355966
2025-03-16 16:15:00,23.354351297489217,73.43948618807852,62.739495798319325,29.9560176983615,64.48391306410053,1069.1021889198273,82.16867419939302,49.17449688274448
2025-03-16 16:30:00,23.56279245993068,73.609696611056,62.739495798319325,29.966030881075078,64.72638779351512,1062.3153938979046,82.14823374018341,49.43842335694142
2025-03-16 16:45:00,23.8014010065708,73.58034321348586,62.739495798319325,29.93280950198319,64.72992469873911,1059.0894923181047,82.93578836303139,49.41572514031849
2025-03-16 17:00:00,24.01703888700646,73.64556254756289,62.739495798319325,29.90956727708258,64.73709321317381,1068.3466070495754,83.00635502692161,49.12815972044482
2025-03-16 17:15:00,24.243227958238013,73.6730331461636,62.739495798319325,29.901258321127557,64.61606036488305,1061.1202979623952,82.3209699813096,49.28516974564355
2025-03-16 17:30:00,24.141041861379676,73.67121923253308,62.739495798319325,29.909408633053406,64.66374729134931,1063.9163435008047,82.44924606938469,49.27328057168705
2025-03-16 17:45:00,24.35107162455461,73.6417244369318,62.739495798319325,29.943162852439208,64.52079020082685,1068.9835695205556,82.48714257215455,49.16737637767623
2025-03-16 18:00:00,24.220316241757683,73.67067395829406,62.739495798319325,29.93637846670287,64.54106387652332,1064.2002146991927,82.46552442216736,49.07176351795612
2025-03-16 18:15:00,23.90874526510983,73.63308467431408,62.739495798319325,29.918253418943678,64.71377915756197,1072.0692966654078,82.36784060556762,48.93239747020482
2025-03-16 18:30:00,24.37357038658185,73.6565309803789,62.739495798319325,29.83509352287729,64.48493910387367,1070.8740601469785,82.30054492086799,49.22819215122182
2025-03-16 18:45:00,24.33145229816338,73.64209007420021,62.739495798319325,29.821480535177354,64.75692886497549,1071.041378094718,82.05388866176412,49.512621868014094
2025-03-16 19:00:00,24.430171471560225,73.46465988179618,62.739495798319325,29.815041490552694,65.02176526950825,1065.251573937503,81.8656242356233,49.654849941317465
2025-03-16 19:15:00,24.601353231626785,73.49138233358391,62.739495798319325,29.82475829651829,62.5643539266007,1067.541706224048,81.54254358230024,49.032345292231156
2025-03-16 19:30:00,24.296996590458313,73.43718623258918,62.739495798319325,29.818503460562155,62.52999966375805,1066.4700227279322,81.5986713165428,48.9917447829029
2025-03-16 19:45:00,24.22420181631706,73.50226330638873,62.739495798319325,29.76682626639955,62.80912366338879,1068.3247891636875,81.54827133073617,48.907956355019316
2025-03-16 20:00:00,24.41156054468062,73.55185029596905,62.739495798319325,29.764562315680354,62.9407765842901,1071.81636204946,81.60777732546586,48.881350766521656
2025-03-16 20:15:00,24.350534364604634,73.5542234155416,62.739495798319325,29.771469769568153,62.7931232148962,1076.0672791930676,81.1966490800849,48.71240772983373
2025-03-16 20:30:00,24.580576060419034,73.49723500774023,62.739495798319325,29.82323826180063,62.790825949136256,1068.8636688803529,81.35839995417129,49.27284708292781
2025-03-16 20:45:00,24.06178827460085,73.40932435206786,62.739495798319325,29.78128309703144,62.97089218157565,1068.5613635715958,81.25755205770109,49.01851224053482
2025-03-16 21:00:00,24.24476376997614,73.33818062140858,62.739495798319325,29.765089249961232,63.328075384885494,1069.1637560948857,82.03601866792226,48.89890233872366
2025-03-16 21:15:00,24.325247692726546,73.2872218779802,62.739495798319325,29.784886545237505,63.59961224663358,1081.9700913551521,81.95500416337615,48.98707365457461
2025-03-16 21:30:00,24.756209066061757,73.33234026673462,62.739495798319325,29.763952319854287,63.53363820063211,1086.1233064075072,81.7480740721958,49.012761953487235
2025-03-16 21:45:00,24.781569632816378,73.42209584312236,62.739495798319325,29.757318420242914,63.61416359651925,1078.8682389183562,81.8554584377553,49.07389309496374
2025-03-16 22:00:00,24.843088879720646,73.4398811278137,62.739495798319325,29.8018991295138,63.536078781776055,1080.8218129434015,81.45546339490613,48.99309391090853
2025-03-16 22:15:00,25.049034977294568,73.45060777099101,62.739495798319325,29.832420091052384,63.46003152999545,1074.034446497329,81.60197909624509,48.94543232512623
2025-03-16 22:30:00,24.902311696853978,73.39459466918558,62.739495798319325,29.779483713799426,63.380565140796136,1075.977623998904,81.56064610654298,49.21665937424007
2025-03-16 22:45:00,24.919583601529045,73.27089638732106,62.739495798319325,29.79419683709856,63.296656705459746,1070.6060974834088,81.27131353366062,49.082566146531576
2025-03-16 23:00:00,25.31713708453643,73.25351052050917,62.739495798319325,29.784055737636574,65.88419827911972,1073.5724928491425,81.33058504005221,49.36880592562729
2025-03-16 23:15:00,25.408608252780635,73.12639067902086,62.739495798319325,29.809734387037945,65.64947959365007,1072.1673859108714,81.53267458172513,49.32093605553873
2025-03-16 23:30:00,25.726509287578832,73.03018121614772,62.739495798319325,29.821151642520412,65.64366115397844,1074.1938789714325,81.4425097742688,49.68889634921583
2025-03-16 23:45:00,25.698578526236695,73.10179633933497,62.739495798319325,29.755940175932075,65.30647189976754,1068.0498890188958,81.40258554381072,49.29622394663523
2025-03-17 00:00:00,25.437080063967205,73.10620391905451,62.739495798319325,29.72935816592146,65.04589353249344,1060.9544158363603,81.4861608677664,49.36426143187747
2025-03-17 00:15:00,25.772877959485935,73.10462689380142,62.739495798319325,29.727763627882165,64.81340911342518,1065.9166257224092,81.15889521281642,49.29314418244004
2025-03-17 00:30:00,25.961316607510607,73.22123692604428,62.739495798319325,29.71341617697014,65.00362884578247,1069.3076931009389,81.2890450453826,49.75668471435725
2025-03-17 00:45:00,26.270961878224632,73.24091494046792,62.739495798319325,29.702307740285175,64.75810615516096,1069.5974739809642,81.16241593453684,49.626658797784266
2025-03-17 01:00:00,25.88778212061374,73.19627077165404,62.739495798319325,29.711920931667297,64.23500853276882,1072.4718161798742,81.03511452600976,49.169696775418814
2025-03-17 01:15:00,25.488571415865813,73.10314405195152,62.739495798319325,29.6637830098622,63.73565144123179,1067.3997756268118,80.82043731286284,48.88814540065565
2025-03-17 01:30:00,25.487178425309203,72.98514148320076,62.739495798319325,29.6373290195442,63.830812777682524,1065.6478470837399,81.0111663045437,49.140966900176885
2025-03-17 01:45:00,25.660103358131998,72.95515149892901,62.739495798319325,29.6724816517405,63.79035178235044,1070.1284750864331,80.95534903013508,49.47240154513339
2025-03-17 02:00:00,25.56890295282641,72.81261676173283,62.739495798319325,29.657773116057896,63.91844438218496,1064.0898441499717,80.62654805309332,49.29815309478392
2025-03-17 02:15:00,25.46074629035585,72.86955687237385,62.739495798319325,29.696347831326463,63.95648354003355,1070.547385745339,80.7565771285607,49.52671554458924
2025-03-17 02:30:00,25.384200302758877,72.75548197305845,62.739495798319325,29.724749293045214,61.23122271040235,1064.5076518567612,80.68788859803122,49.04096851900592
2025-03-17 02:45:00,25.000204836141357,72.60410912231082,62.739495798319325,29.665682847335272,60.941253011490225,1062.0220123638471,80.53181883162206,49.00873310829888
2025-03-17 03:00:00,24.943915346240562,72.61370742657229,62.739495798319325,29.647087328788334,61.07111245483918,1065.3005449323778,80.64757836290285,49.094269284875644
2025-03-17 03:15:00,25.009053369650193,72.62079627786157,62.739495798319325,29.678256053039835,61.00891569978184,1058.3979884290866,80.66227922792399,48.72096134846206
2025-03-17 03:30:00,25.229597709061153,72.5886435415953,62.739495798319325,29.641190968629846,60.94900353941096,1067.6926480296352,80.4194070382223,48.7761079214132
2025-03-17 03:45:00,25.11370558827759,72.51672602320676,62.739495798319325,29.60968098707293,60.838832251288956,1069.556310914166,79.65350504585885,48.72891528100408
2025-03-17 04:00:00,25.213521037999428,72.53141222629364,62.739495798319325,29.62560193473291,60.86785090140437,1072.7535608896198,80.63960810097143,49.038192214059485
2025-03-17 04:15:00,24.979112160595513,72.52001663079166,62.739495798319325,29.641249691922138,60.794096024632466,1072.9328745421997,80.04523116067394,49.27525077104681
2025-03-17 04:30:00,25.0723963568439,72.45171294005168,62.739495798319325,29.680763764980668,60.74282314367312,1062.179915287082,80.44975697031998,49.32272941541715
2025-03-17 04:45:00,25.27264183575499,72.49032051905651,62.739495798319325,29.612587690435785,60.83809969914501,1062.650610942073,80.56584376506696,49.347945672126066
2025-03-17 05:00:00,25.538024823128286,72.4417748362794,62.739495798319325,29.638662272693473,60.87076456381866,1064.9106287001161,80.4136913361729,49.21612176689322
2025-03-17 05:15:00,25.44509841380133,72.481385653223,62.739495798319325,29.69413685599223,60.99149067793177,1070.5240637835525,80.65383145731566,49.59690908520731
2025-03-17 05:30:00,25.68968362696747,72.51819850322654,62.739495798319325,29.72025412150263,60.90566573688507,1072.5961201460889,79.95557290579121,49.45572701140976
2025-03-17 05:45:00,25.573999323148165,72.3738411602848,62.739495798319325,29.72971089239259,61.08193020992652,1067.9007997279018,79.33886366318697,49.689611527974996
2025-03-17 06:00:00,25.366023793605216,72.30318160460357,62.739495798319325,29.714578436431758,63.788688560485355,1068.492930668962,80.45392478286225,50.01448861653333
2025-03-17 06:15:00,25.246083353371432,72.27482393602105,62.739495798319325,29.732621462281067,63.89839528594372,1056.8045797647726,79.81483954763621,50.08227799016464
2025-03-17 06:30:00,25.635871993536554,72.28134933582318,62.739495798319325,29.72582190117234,63.86123510285795,1061.9300827767158,80.46988417307087,50.00985420418688
2025-03-17 06:45:00,25.595573793214477,72.23895819015623,62.739495798319325,29.671932571504602,63.79802410943153,1065.1406724381277,80.3254689137479,49.58654811650274
2025-03-17 07:00:00,25.545458108355696,72.12645225250832,62.739495798319325,29.74265813340692,63.84528079212012,1074.2357580266819,80.33887400332635,50.009960147091135
2025-03-17 07:15:00,25.092147903839503,72.03917118147966,62.739495798319325,29.733140363166733,64.07731678259222,1071.1606473131149,80.12381617629389,50.34762103745553
2025-03-17 07:30:00,24.941634475272473,72.04868980861191,62.739495798319325,29.70887071181165,64.08857251411514,1061.7117730683672,80.64127301731776,50.10543419963255
2025-03-17 07:45:00,24.826723787228186,72.15679922364951,62.739495798319325,29.703654100544956,64.07676302712491,1067.129958132303,80.19408796011444,50.138033170240426
2025-03-17 08:00:00,24.89790241492173,72.23421570250835,62.739495798319325,29.74289486999215,64.0133944634844,1066.954483610829,79.95679238683041,50.00819406283643
2025-03-17 08:15:00,24.917349680245003,72.2138441706825,62.739495798319325,29.721550448506605,64.05589658453935,1059.0013933738303,80.78881669782815,49.92665177235258
2025-03-17 08:30:00,24.671635441932544,72.25004468554657,62.739495798319325,29.723980273623607,64.03100362992632,1056.005937506643,81.22158966997851,50.03701188906719
2025-03-17 08:45:00,24.606168784034832,72.15419320495135,62.739495798319325,29.7227152676237,64.23430776900113,1055.4792070075443,80.6210071014416,50.057193981438324
2025-03-17 09:00:00,24.341669623283213,72.17471183980648,62.739495798319325,29.761555977557126,64.28333076498957,1056.5459220423882,80.95446401111919,49.909601050016896
2025-03-17 09:15:00,24.173264509542477,72.17046795585134,62.739495798319325,29.81160714317234,64.41251459956013,1050.6444424796832,80.60543414293824,50.21158782303849
2025-03-17 09:30:00,24.155107514139328,72.19274176665918,62.739495798319325,29.877455737777353,61.803748526075346,1057.0762848629106,80.77956180871215,50.14456720108358
2025-03-17 09:45:00,24.121261506663206,72.28302816736687,62.739495798319325,29.86510832760036,61.79135258343416,1058.9728321314753,80.65210477150688,49.648805965317095
2025-03-17 10:00:00,24.310193961645457,72.38369514285543,62.739495798319325,29.872451041919703,61.73362159970154,1053.0578409452112,81.37555282750424,49.66377974424301
2025-03-17 10:15:00,24.23145735295917,72.50157782066917,62.739495798319325,29.85247143624603,61.76182204722216,1057.3176070593634,81.14151608909782,49.79247750177852
2025-03-17 10:30:00,24.11322374502601,72.47035130530362,62.739495798319325,29.863650612862074,61.742783213747956,1055.8922844708989,81.29242319359271,50.03225739015252
2025-03-17 10:45:00,24.151149218660013,72.53442335559095,62.739495798319325,29.918214266192756,61.63192800519707,1060.3360035804358,81.19236577548952,50.145450590195885
2025-03-17 11:00:00,24.6526008529409,72.7212132528586,62.739495798319325,29.91249201747705,61.53011821015892,1058.1103071917369,81.744443146108,49.875700915499536
2025-03-17 11:15:00,24.8719732356647,72.54553810289752,62.739495798319325,29.94735451429548,61.60388558762199,1059.561437875058,81.28038848046884,50.227591165603464
2025-03-17 11:30:00,24.746386544706866,72.62351904171238,62.739495798319325,30.002997953189837,61.58749149916649,1049.884280062652,81.45660805342263,50.74940568570333
2025-03-17 11:45:00,24.679147080115282,72.68102700973822,62.739495798319325,30.00473060323448,61.74570270422682,1042.0264165755189,81.87794498763675,50.76972780502901
2025-03-17 12:00:00,24.435406494247218,72.83517150099144,62.739495798319325,30.04132810176797,61.896332922121864,1044.5553226123316,81.71552146545334,50.44887177303629
2025-03-17 12:15:00,24.457743462682725,72.90376538219859,62.739495798319325,30.094360994372295,61.80362183527288,1045.106179715811,81.52564804671057,50.32543645761891
2025-03-17 12:30:00,24.202039613038984,72.96424049208922,62.739495798319325,30.177924505003208,61.708778633245394,1045.168141623229,81.71248699053297,50.15765081847361
2025-03-17 12:45:00,24.403884916584765,73.02339601869737,62.739495798319325,30.140807667932016,61.86329566372281,1050.285557291017,82.163921570903,50.25528075782083
2025-03-17 13:00:00,24.43356034721356,73.07721354388167,62.739495798319325,30.195251527013017,64.68236912483462,1052.689107858166,81.66835759563693,50.94672964353224
2025-03-17 13:15:00,24.31300741563726,73.19810823436934,62.739495798319325,30.16833226114683,64.83158904856101,1059.4897866682586,82.17755237613225,51.29977813448117
2025-03-17 13:30:00,23.6451522093581,73.26300980492745,62.739495798319325,30.159513957589077,64.58672485619142,1064.1831898036558,81.82747099941456,51.36520565233157
2025-03-17 13:45:00,23.86569899635914,73.35233324437642,62.739495798319325,30.153641429485,64.58065353780498,1058.4795366744097,81.58701422571268,51.12051143742877
2025-03-17 14:00:00,23.862424648904888,73.39663888678385,62.739495798319325,30.163390732824002,64.30512944643415,1061.28134306749,80.95833705930413,51.268514982457376
2025-03-17 14:15:00,23.87110944222688,73.434797771697,62.739495798319325,30.199333634169797,64.32003139832061,1066.667083626447,81.58590154750989,51.10002236011275
2025-03-17 14:30:00,23.751505817205928,73.48772815511985,62.739495798319325,30.205849321754208,64.52844322679644,1067.2870931865118,82.22773332238347,50.962544281797214
2025-03-17 14:45:00,23.49004990738984,73.44851213412285,62.739495798319325,30.21337912378799,64.23584855004877,1079.9103190822766,81.86746124355315,51.21400308243581
2025-03-17 15:00:00,23.320710905869802,73.51666690760045,62.739495798319325,30.18451961784121,64.1223433374836,1092.4277500897813,81.69303856405966,51.13129283221865
2025-03-17 15:15:00,23.067733874452042,73.50030683908243,62.739495798319325,30.172852823719015,64.31802413497459,1103.5119009392815,81.91176142600332,51.02917379233087
2025-03-17 15:30:00,23.136926967432878,73.62636434185953,62.739495798319325,30.186326736540003,64.28857530637815,1102.1723487252593,81.59558291396837,50.45918906368379
2025-03-17 15:45:00,23.313167564972773,73.66872918137139,62.739495798319325,30.142452643855066,64.5540703184817,1096.1850493041848,81.81589756730388,50.46447369843927
2025-03-17 16:00:00,23.457874116234155,73.58592697733602,62.739495798319325,30.13834170916358,64.50320539871439,1098.7023616990155,82.40095150117513,50.2599505693903
2025-03-17 16:15:00,23.86296966053642,73.62203982886459,62.739495798319325,30.15926816720094,64.51431170245715,1092.1433521214947,81.94081826744,50.0779017203642
2025-03-17 16:30:00,23.873972592919266,73.58928833124244,62.739495798319325,30.179839648202943,62.12521096705439,1088.570741320768,81.3587015475102,49.90639950517484
2025-03-17 16:45:00,23.993575185097985,73.59453723768178,62.739495798319325,30.216729721622396,62.261335752833546,1082.9304923399818,82.00031091112169,50.247096240804005
2025-03-17 17:00:00,24.41368222502636,73.50503407317247,62.739495798319325,30.231059590276914,62.2765087749938,1084.5563729136916,82.17413349564829,50.28026528966914
2025-03-17 17:15:00,24.23266757171225,73.6102596665272,62.739495798319325,30.23372309272625,62.040859584524604,1069.4344668573094,81.82939544138648,50.39097281267248
2025-03-17 17:30:00,24.350919290811127,73.72187547892204,62.739495798319325,30.290219243984488,62.54069367624553,1063.861732689019,81.84836107625725,50.60854158910155
2025-03-17 17:45:00,24.5446466334859,73.81689213293201,62.739495798319325,30.300902345845362,62.61331536743222,1058.0808325722742,81.32507431118232,50.28318336814168
2025-03-17 18:00:00,24.22577189390806,73.74497345617803,62.739495798319325,30.365714528549265,62.249350207990794,1057.171591770384,82.43839071268542,50.16310886541556
2025-03-17 18:15:00,24.156312679129158,73.65853395003984,62.739495798319325,30.352027271443674,62.2443348170533,1052.2627896085921,82.10985482006622,50.06883950195108
2025-03-17 18:30:00,24.66568445093831,73.6577608777552,62.739495798319325,30.381980437188346,62.49448820050604,1046.4645393162752,82.09056847428799,50.03399979549219
2025-03-17 18:45:00,24.838540399989498,73.5819912784657,62.739495798319325,30.330813432959996,62.49630991515946,1051.0217187899063,82.30912922635967,49.879992194653305
2025-03-17 19:00:00,24.7329302291024,73.65667849195086,62.739495798319325,30.356066501774222,62.46485082041256,1054.4224598933372,82.1261268886444,49.66591446763746
2025-03-17 19:15:00,24.43291414994377,73.67493447133435,62.739495798319325,30.329027786451014,62.40626161193874,1048.9596086439333,81.73884355808042,50.19113684028935
2025-03-17 19:30:00,24.26652482887088,73.63540090979218,62.739495798319325,30.333031596472576,62.53871318510362,1046.701032448409,82.07283996991941,50.2208083975548
2025-03-17 19:45:00,24.255836221664058,73.60431881443931,62.739495798319325,30.284311154219417,62.65454055426166,1038.3667651983612,81.50104470933097,49.93248695030832
2025-03-17 20:00:00,24.426202867841607,73.63291906227579,62.739495798319325,30.275852832318016,62.39461016997181,1037.7662900417095,81.8793531576363,49.709954102740994
2025-03-17 20:15:00,24.650580517936294,73.48030712472016,62.739495798319325,30.273626989937373,65.13516852419343,1040.7095896982873,81.62524704485006,49.45922045944601
2025-03-17 20:30:00,24.568924456124467,73.46659870839034,62.739495798319325,30.261912047928753,65.04049889931743,1046.608657005868,82.05865996745975,49.756984577838104
2025-03-17 20:45:00,24.33757490098638,73.47359422862115,62.739495798319325,30.28770543149445,65.20176756120136,1046.9012349447707,81.68957993046594,49.77285377769768
2025-03-17 21:00:00,24.350365348466806,72.2285715745795,62.739495798319325,30.85550649166277,64.93887279572004,1074.012278895373,81.49766021938431,50.079307121691556
2025-03-17 21:15:00,24.354132383777976,72.21814527197043,62.739495798319325,30.82069992052004,64.72154421384043,1066.3399989473594,81.82032519637922,50.28288274313876
2025-03-17 21:30:00,24.589944755340543,72.277452906758,62.739495798319325,30.79055170089099,64.94379331623229,1069.6712694159455,81.62827369561231,50.1671069358166
2025-03-17 21:45:00,24.576781422834472,72.2565501061112,62.739495798319325,30.77960234186092,64.79374500767904,1068.0898873786875,81.44082773201738,50.318380539272255
2025-03-17 22:00:00,25.06327732569057,72.14833721953191,62.739495798319325,30.74843844680126,64.72712504041888,1065.073140741725,81.65341191902809,50.14919980048302
2025-03-17 22:15:00,25.084544729495008,72.08555159737085,62.739495798319325,30.735000438485788,64.685365880972,1062.9612628423552,81.44236180612803,50.11768840135599
2025-03-17 22:30:00,25.4134289257456,71.89061945335484,62.739495798319325,30.67111717878853,64.6347336704244,1062.6424211020058,81.0703184313747,50.06779225222301
2025-03-17 22:45:00,25.391124568426363,71.92707327599432,62.739495798319325,30.608966304182314,64.87209494268033,1065.19291447887,81.22817062675672,50.22613966872864
2025-03-17 23:00:00,25.645013897809772,71.81743285906724,62.739495798319325,30.540777332452183,64.99251819258575,1073.616031439887,81.83561282726822,50.13918478043699
2025-03-17 23:15:00,25.882620739370523,71.75040583387236,62.739495798319325,30.503178050945657,65.06365608621934,1082.4964519666426,81.91007212767148,50.171417027285166
2025-03-17 23:30:00,25.913347924802487,71.77354947364303,62.739495798319325,30.56665181224531,64.86276393725184,1083.5035755648087,81.05558307679055,50.20640223466738
2025-03-17 23:45:00,26.040871143827502,71.7777210174021,62.739495798319325,30.579987283622916,62.058568494431555,1080.6456412780246,81.09760805793961,49.903459488465955
2025-03-18 00:00:00,26.049904085598328,71.61096890650694,62.739495798319325,30.511422814333105,62.06955708361259,1075.4292168011332,81.0518005343243,49.86773001992953
2025-03-18 00:15:00,26.1446620415684,71.67328301129254,62.739495798319325,30.494203330885327,61.87746385466417,1077.4972008881402,81.0257359686577,49.97028812835785
2025-03-18 00:30:00,26.281812770625102,71.58045384809598,62.739495798319325,30.44717171682089,61.85845406327168,1064.826656749221,80.62738420853371,50.038239256736645
2025-03-18 00:45:00,26.312690266204616,71.37357565818918,62.739495798319325,30.46801200447922,62.10510344942045,1077.0735555254162,81.13263181653437,50.3784612305577
2025-03-18 01:00:00,26.11153310518755,71.4515943348539,62.739495798319325,30.466442131132027,61.839799261943135,1074.6220292554078,80.8593828683396,50.616808524391644
2025-03-18 01:15:00,26.102309772895538,71.37911803444614,62.739495798319325,30.485270153134653,61.69731938324115,1082.502461273634,80.9518412936304,50.52527973620432
2025-03-18 01:30:00,25.727507499664597,71.2434586312483,62.739495798319325,30.449105180094634,61.67788147535149,1082.061998660101,80.4003540617056,50.58223165978172
2025-03-18 01:45:00,25.269802216181894,71.18550354164398,62.739495798319325,30.424135147135317,61.70899734938406,1086.292249691415,80.51575621895739,50.48616802885888
2025-03-18 02:00:00,25.335440124445498,71.10515347000126,62.739495798319325,30.482156023202194,61.5508157513939,1083.7968869270003,80.48171131852766,50.300924197086935
2025-03-18 02:15:00,25.248231238159985,71.27639844840938,62.739495798319325,30.40868947594706,61.30541718823078,1081.4032520931164,80.12036557247917,50.55255955710954
2025-03-18 02:30:00,25.308124140286406,71.20524437858096,62.739495798319325,30.434107464168736,61.25516713851134,1079.522604866307,80.18408234403948,50.41705097587426
2025-03-18 02:45:00,25.245755628279618,71.1999040527281,62.739495798319325,30.37101904630204,61.468553187954164,1074.4724450766087,80.19392660342179,50.3579208230567
2025-03-18 03:00:00,25.42396339887161,71.1938045109668,62.739495798319325,30.358685261324954,61.381104883948296,1083.1182120461042,80.52613729220128,50.611773027564176
2025-03-18 03:15:00,25.61759715644572,71.16290336190934,62.739495798319325,30.37843661165811,64.27402439032186,1089.6810636909854,80.33206954570875,50.94588101460881
2025-03-18 03:30:00,25.510472089711275,71.14036016506869,62.739495798319325,30.36406020928282,64.34014572045253,1077.731533086553,80.46098839307203,50.61732450309476
2025-03-18 03:45:00,25.404541479082344,71.01802639788254,62.739495798319325,30.284899751788736,64.26295847324644,1083.9825894755493,80.171116114417,50.17336378346226
2025-03-18 04:00:00,25.31367013209652,71.06997723555207,62.739495798319325,30.165077377708144,64.19971238717574,1082.1927237707166,80.48639636778363,49.967935879520375
2025-03-18 04:15:00,25.217231631522964,71.01928522597973,62.739495798319325,30.112138307579748,64.03146560190633,1075.1752500407852,80.1759105070007,50.15371264388243
2025-03-18 04:30:00,25.245584377842146,71.10686585880455,62.739495798319325,30.085130250463727,64.29096776989371,1075.2427249022849,80.48489290399372,49.8946215779033
2025-03-18 04:45:00,25.388560317434003,70.99585423438887,62.739495798319325,30.127102800144502,64.88049672470402,1074.1938850816612,80.10217448822556,49.9107832353269
2025-03-18 05:00:00,25.55070182562275,70.83266287920642,62.739495798319325,30.110364517079805,64.54253543115288,1083.3446469999112,79.73812262587124,49.95447196439795
2025-03-18 05:15:00,25.463893663978002,70.84586753941088,62.739495798319325,30.08382965180215,64.05181269789786,1074.5597892499338,79.80800430722334,49.96308073154557
2025-03-18 05:30:00,25.458079526914013,70.77618682209463,62.739495798319325,30.067993054110303,64.19375103688655,1068.3084288282041,79.9431036737677,50.17830097072875
2025-03-18 05:45:00,25.518502075202594,70.94117737125946,62.739495798319325,30.037804830894363,64.390245126608,1071.9454979852962,80.0325974774897,49.951034560522274
2025-03-18 06:00:00,25.51957843611714,70.8815886088807,62.739495798319325,30.03463855101487,64.5971744270548,1069.5478446643567,79.95787925115667,49.38813424732695
2025-03-18 06:15:00,25.71811241147157,70.84683619548684,62.739495798319325,30.094067971523163,64.65301666525744,1067.8772433645229,79.78320720507651,49.73070757984833
2025-03-18 06:30:00,25.487003837503003,70.96201802067431,62.739495798319325,30.067678906808993,64.46826325765764,1067.644554876382,79.72686373484906,49.53239782577447
2025-03-18 06:45:00,25.738617583127233,70.96500069348986,62.739495798319325,30.088336683751994,61.92290350082828,1076.3693404456646,80.47294384674667,49.33954056166917
2025-03-18 07:00:00,25.67097121693037,71.1208563074756,62.739495798319325,30.093859848348213,61.88620088056406,1079.521805181678,80.14279339058709,49.25447070506365
2025-03-18 07:15:00,25.36712302255085,71.23333060181389,62.739495798319325,30.12526703522598,61.76544696963741,1089.4581129164271,79.95881643656665,48.91844157483773
2025-03-18 07:30:00,25.17682111707869,71.20909643373224,62.739495798319325,30.13702870004227,61.91372327088418,1088.4313171632932,80.58901431257149,49.39222617946428
2025-03-18 07:45:00,24.880573768991567,71.28807224948142,62.739495798319325,30.131384208205127,61.79862255183344,1090.7938989249876,80.59618704214535,49.60311050054966
2025-03-18 08:00:00,24.679902591607824,71.35233958942261,62.739495798319325,30.125367897644633,61.90171550462667,1085.9038825154018,80.53430405492892,49.57564904868579
2025-03-18 08:15:00,24.42414892826168,71.3413823509828,62.739495798319325,30.10446242982,61.719598046728734,1087.2027625794176,80.6697861711336,49.871724668657556
2025-03-18 08:30:00,24.41525880488888,71.34510111548305,62.739495798319325,30.128727530239765,61.83255352810403,1094.3108351474027,81.13524585700739,49.79787824032735
2025-03-18 08:45:00,24.48482645508766,71.34609374850415,62.739495798319325,30.0876940390782,62.06624533937771,1093.343617249264,81.14237272029983,49.859121844220695
2025-03-18 09:00:00,24.270967448118498,71.40044650739353,62.739495798319325,30.07363799004115,61.77827243643265,1081.2335004328174,81.21586939416724,49.546191820533934
2025-03-18 09:15:00,24.13821811130257,71.38144935905389,62.739495798319325,30.141991358090355,61.78034410766096,1078.345183359413,81.19148493323014,49.656929620619835
2025-03-18 09:30:00,24.205800301513996,71.41234439964903,62.739495798319325,30.12751164432544,61.97926323665612,1080.1077538772636,81.02789810934031,50.14306548772938
2025-03-18 09:45:00,24.082885976400753,71.51850308378705,62.739495798319325,30.15766744030681,61.916848845817555,1078.6966611430385,81.0264315812162,50.02735943789504
2025-03-18 10:00:00,24.011019626622762,71.48769933208199,62.739495798319325,30.21410155088752,61.665049905338805,1082.191300755937,81.06293951929106,49.429121529520444
2025-03-18 10:15:00,23.715606845280522,71.6266348048904,62.739495798319325,30.236823451161946,64.1021732348243,1087.0483876102696,80.90739487475155,49.768602819468086
2025-03-18 10:30:00,23.75943713750781,71.65282577055943,62.739495798319325,30.25844926501952,64.05930757748662,1084.1616089836068,81.14226176884384,49.77128368432611
2025-03-18 10:45:00,23.772554398299803,71.77209566498807,62.739495798319325,30.254630988395064,63.75511655715076,1086.949244039352,80.52775252854589,50.064401102139755
2025-03-18 11:00:00,23.955904869550142,71.85393896233916,62.739495798319325,30.23518147070786,63.951186811489855,1082.8175966689073,80.70835293758334,50.249842453386094
2025-03-18 11:15:00,24.122255205219986,71.91381273790158,62.739495798319325,30.241050661217308,63.81973749761761,1088.5455784093556,81.17224362910345,50.08373032128456
2025-03-18 11:30:00,24.40294407736351,72.00387782324871,62.739495798319325,30.3052623734364,63.9663002400279,1087.8999730353303,81.16205272304343,50.04342027125806
2025-03-18 11:45:00,24.41567250590668,72.07835169287321,62.739495798319325,30.351174492323977,63.81076613595977,1090.6695002756505,81.23541150001726,50.066844675888404
2025-03-18 12:00:00,24.229420392072708,72.08673109956972,62.739495798319325,30.39911698382672,63.944275633213095,1086.903422950433,81.20377452796963,50.15927687373795
2025-03-18 12:15:00,24.26806339030241,72.0945012737808,62.739495798319325,30.424215242304268,64.4293165615154,1098.7913025062398,81.16117955479874,49.83619607321575
2025-03-18 12:30:00,24.386125437272547,72.18504384384943,62.739495798319325,30.437295916801116,64.35574549635447,1099.4579850723628,81.26171501081284,50.10701896382029
2025-03-18 12:45:00,24.390324097214844,72.26928668716879,62.739495798319325,30.491017131988702,64.41064295572173,1098.1808185480506,81.6633227228017,50.465866103134516
2025-03-18 13:00:00,24.310924433300134,72.19926718896123,62.739495798319325,30.498542030055642,64.40457527456327,1097.6593216263918,81.54302960413935,50.22294782772751
2025-03-18 13:15:00,24.18898275858634,72.31034133336018,62.739495798319325,30.50320654153202,64.67386742298095,1096.577630216248,81.66753985977225,50.54927544247856
2025-03-18 13:30:00,24.22327774150993,72.37881152042343,62.739495798319325,30.48040885725354,64.97221431787557,1098.0957654266888,81.7049021042387,50.59577372916159
2025-03-18 13:45:00,24.017947137499505,72.33314355973594,62.739495798319325,30.459341833510653,62.62282486901536,1096.1831300722563,81.84966514102807,50.42463552655415
2025-03-18 14:00:00,24.320224488963916,72.36338218533031,62.739495798319325,30.438487793759926,62.857159377697975,1092.035742699935,81.27917704865276,50.91203086822091
2025-03-18 14:15:00,24.16947084263557,72.52701621814175,62.739495798319325,30.468900032631336,62.70424808671356,1094.2576855416476,81.65857824659021,50.792608127387524
2025-03-18 14:30:00,23.916477082598785,72.52791200194147,62.739495798319325,30.499913666704995,62.620748825048224,1099.3767003173361,81.68495656146928,50.5740513293308
2025-03-18 14:45:00,23.434425587468024,72.52958611807374,62.739495798319325,30.52101461654502,62.4884503706832,1093.2534487185749,81.80140136653624,50.25525538325626
2025-03-18 15:00:00,23.647407637139,72.58544085890063,62.739495798319325,30.48357910098662,62.1661079574524,1090.2072468847896,81.82961299352166,50.285881345402665
2025-03-18 15:15:00,23.68420682133791,72.63722734510483,62.739495798319325,30.53093533261879,62.20370344523207,1097.6401387468038,82.69742438158302,50.21816441458219
2025-03-18 15:30:00,23.836196541129116,72.81184201705572,62.739495798319325,30.53473050774325,62.003676465003934,1095.1822043784346,82.33826067698593,50.33739024351769
2025-03-18 15:45:00,23.876069862701044,72.75831097933856,62.739495798319325,30.523304782336837,62.11088379733882,1097.3176288869852,82.0371629932472,50.20179794402346
2025-03-18 16:00:00,24.199310406402287,72.7798255625033,62.739495798319325,30.551602948860005,62.405598050579215,1098.284808956366,82.12037875544054,50.55499972473746
2025-03-18 16:15:00,24.054596493415985,72.82827464649411,62.739495798319325,30.569240609877845,62.41046614137542,1086.0739726616832,82.15226716233727,50.608981632179216
2025-03-18 16:30:00,23.92144588694561,72.86901230855113,62.739495798319325,30.57616415916138,62.585914240342845,1083.8962008521835,82.27749437398593,50.67759249637645
2025-03-18 16:45:00,24.13236317820761,72.96482679482398,62.739495798319325,30.653141615518038,62.374318796928684,1087.4919581562417,81.89282086818248,50.700455069792156
2025-03-18 17:00:00,24.476378196380097,72.98382337556819,62.739495798319325,30.67439478060402,62.47526380113021,1094.094289453237,81.72529403284581,50.772598206931505
2025-03-18 17:15:00,24.806880441843933,72.95788216177775,62.739495798319325,30.653036360580767,62.74600000831084,1095.3360872375376,81.42570268702032,51.023024519726846
2025-03-18 17:30:00,24.576589667990028,72.91015745891099,62.739495798319325,30.644308852690685,65.25288107513643,1093.8137304958414,81.86150872708726,51.18585205561518
2025-03-18 17:45:00,24.44610820699659,72.91554878385546,62.739495798319325,30.65296012575269,64.88196718411066,1086.3477269143477,81.49808125108514,51.30852609456769
2025-03-18 18:00:00,24.147374433308144,73.04914512702953,62.739495798319325,30.684679114622114,65.04087573176488,1090.9632394304024,81.76748610409746,51.658710012477776
2025-03-18 18:15:00,24.331122211395233,72.98773334411798,62.739495798319325,30.655619572989824,65.2399453187007,1085.6895312499053,82.0044928151364,51.66601620211678
2025-03-18 18:30:00,24.82793403566768,72.94617174577587,62.739495798319325,30.618565058385563,65.32461600890812,1089.9483455723966,81.57818861835352,52.049162688236564
2025-03-18 18:45:00,24.940920330803944,73.03328443739676,62.739495798319325,30.603045366982276,65.36336932932306,1101.5374583727007,81.67802681186147,51.94281350395655
2025-03-18 19:00:00,24.885116961457484,73.0532003237381,62.739495798319325,30.572451760709697,65.53161887813364,1109.141902585416,82.14126390287295,52.198783742495294
2025-03-18 19:15:00,24.884790444248647,73.04451304063481,62.739495798319325,30.62268881707643,65.36968299100032,1104.7806311191796,81.66532679031118,52.22508753564281
2025-03-18 19:30:00,24.409699543203363,73.05553569930126,62.739495798319325,30.671462566607456,65.3918112957646,1107.3833234162046,81.32119301514804,52.261212404986516
2025-03-18 19:45:00,24.588889523250298,73.174336317334,62.739495798319325,30.613196219991117,64.99423837845377,1107.3566629756392,81.49895299818115,51.99835782531892
2025-03-18 20:00:00,24.35008194116448,73.07587426059108,62.739495798319325,30.626568886651945,65.09930646973136,1108.4481905093112,81.27890618057204,51.989415437606354
2025-03-18 20:15:00,24.325072462091693,73.07490170635486,62.739495798319325,30.62988970206692,64.86813418382529,1109.9978505685765,81.3575109373202,51.827635169896034
2025-03-18 20:30:00,24.269534079524732,73.11872154539044,62.739495798319325,30.631481153590773,65.09811116268828,1111.1526385410814,81.6471846490049,52.44287239675804
2025-03-18 20:45:00,24.114359768413674,73.05584111970755,62.739495798319325,30.675401708254576,65.07993221724048,1106.1034335686484,81.80444987720182,52.25791817889889
2025-03-18 21:00:00,23.936548922128107,73.11102707124682,62.739495798319325,30.70834224346574,62.36174503701682,1108.0650837186636,82.1622234143433,52.04469097965083
2025-03-18 21:15:00,24.150154082679276,72.96700093012542,62.739495798319325,30.73602387562961,62.197310702408295,1108.7001925483698,81.74716059096689,52.340687321011266
2025-03-18 21:30:00,24.489922400445057,72.92419301199642,62.739495798319325,30.76023699388849,61.908844802571515,1105.040858741706,81.19949682253497,52.290604935884204
2025-03-18 21:45:00,24.53675907371121,72.84985240180445,62.739495798319325,30.75118546750711,62.04411691198126,1105.13445687259,81.04064671239871,52.2772634065422
2025-03-18 22:00:00,24.73801969868812,72.85234802593385,62.739495798319325,30.753386590151674,62.13894645500263,1110.208374138746,80.93208312757575,51.758573306113995
2025-03-18 22:15:00,24.577453720628284,72.8307051320239,62.739495798319325,30.747541732285026,62.368185344257604,1111.365064416494,81.34922214356638,52.23595484483955
2025-03-18 22:30:00,24.753787180398565,72.85644510978277,62.739495798319325,30.73526472858868,62.256337722235344,1111.54368762731,80.67132464109211,52.19704963766766
2025-03-18 22:45:00,25.05363935690356,72.70555412294682,62.739495798319325,30.714774745806242,62.08495616930799,1119.8764900236713,80.81745594603504,51.75191109136441
2025-03-18 23:00:00,25.190502039452447,72.80437522479856,62.739495798319325,30.672924545251462,61.96381573587423,1115.0817537352984,80.4333064165493,51.60348421109406
2025-03-18 23:15:00,26.07212514130553,72.76700013665521,62.739495798319325,30.66681936817811,61.793889425107444,1118.3242960204673,80.78206792043959,51.72770169583096
2025-03-18 23:30:00,26.293383103767194,72.79472861139652,62.739495798319325,30.61043512667199,61.786957409883726,1120.0094986147203,80.4286916582626,52.0489524791913
2025-03-18 23:45:00,26.176741213573163,72.82763870636722,62.739495798319325,30.582569001705846,62.054395057159034,1111.3748230499073,80.28689924559033,52.0925062897314
2025-03-19 00:00:00,26.079820752849013,73.00413371810366,62.739495798319325,30.658032996252462,62.22272515601655,1105.6443888234621,80.54394697593457,51.95161221747735
2025-03-19 00:15:00,26.43245614340371,72.94062105181239,62.739495798319325,30.62133083914791,61.969805434393116,1109.0585376011918,80.37644375527839,51.734624994688204
2025-03-19 00:30:00,26.71707155694796,72.78672012114166,62.739495798319325,30.58159625101995,64.74286721128665,1117.2711609715877,80.5868446199435,51.955968920765145
2025-03-19 00:45:00,26.68215088586889,72.78145510576498,62.739495798319325,30.58381998219546,64.57741157947682,1113.0806829077637,81.08451592875169,51.97710194178904
2025-03-19 01:00:00,26.70923093901169,72.80164667422086,62.739495798319325,30.544741907525843,64.71502528811533,1122.8615797233228,80.0451034629439,52.57889591190011
2025-03-19 01:15:00,26.481727648585025,72.80445961381227,62.739495798319325,30.46602368810773,64.67252756704826,1114.7761010792142,80.28017319351508,52.634906058034574
2025-03-19 01:30:00,26.02225519213669,72.8503002648291,62.739495798319325,30.495932817865462,64.67625550311124,1117.704834435641,80.12602464492113,52.671343816842125
2025-03-19 01:45:00,26.001948627845202,72.91961342298218,62.739495798319325,30.456502514358075,64.67984826294152,1108.2857777079541,80.20637432767006,52.74142395136152
2025-03-19 02:00:00,26.018414601611916,72.84749951718946,62.739495798319325,30.5092109417014,64.60923056070058,1110.6831207497958,79.89551898271134,52.69398099393862
2025-03-19 02:15:00,25.943274753566225,72.66957320520316,62.739495798319325,30.433229658391074,64.39341085836351,1102.6909493029182,80.076835855282,52.84289746491875
2025-03-19 02:30:00,25.77762524579245,72.62277765718632,62.739495798319325,30.380623254848388,64.00708630691176,1107.441815706245,80.62789658781911,52.5333122785465
2025-03-19 02:45:00,25.557328160786895,72.59591878088723,62.739495798319325,30.454811924119653,63.86241139250585,1106.3475802512714,80.09308862581543,52.751316682377045
2025-03-19 03:00:00,25.406602818853603,72.54193700663643,62.739495798319325,30.462348115671873,63.913293581222106,1106.9802272464392,80.10830716357638,53.31895497839166
2025-03-19 03:15:00,25.347499748676704,72.56687765695565,62.739495798319325,30.461635959405225,64.31742342142275,1104.1048871852938,79.55307170913888,53.22260509232609
2025-03-19 03:30:00,25.707180531945035,72.46419753782959,62.739495798319325,30.416449725628492,64.34566204258157,1109.1992414271358,79.70737923131482,52.90385956036619
2025-03-19 03:45:00,25.952099105385226,72.43263563694022,62.739495798319325,30.418159601430016,64.3115433304467,1105.0943697460332,80.33440195437248,52.817241038237675
2025-03-19 04:00:00,25.630191034236937,72.33732734271655,62.739495798319325,30.422134526796583,61.96512003553358,1107.7039699004717,79.99563042094415,52.29207772875637
2025-03-19 04:15:00,25.786225410608633,72.30408092702017,62.739495798319325,30.460887557955363,61.839534181007,1119.9969004176164,80.08589535999118,52.24054305678523
2025-03-19 04:30:00,25.671066185464024,72.33851764806391,62.739495798319325,30.46083560444184,62.12513567383707,1120.3682463019077,80.00470883440738,52.30474709458029
2025-03-19 04:45:00,25.86925972926009,72.38827432124447,62.739495798319325,30.445472773938707,62.339591930115766,1119.9376326723047,79.84425510541305,52.033046261363474
2025-03-19 05:00:00,25.73875277344872,72.41794171845248,62.739495798319325,30.476255926590586,62.234744448512735,1120.070923456511,79.87060047544261,52.04092773302272
2025-03-19 05:15:00,25.601025187486194,72.40176571000025,62.739495798319325,30.466901314494287,62.03955433207138,1120.7781683596297,80.12980888921884,51.81476789956212
2025-03-19 05:30:00,25.538766277276096,72.38761904475557,62.739495798319325,30.456004071062456,61.87010213950105,1114.3551658424715,79.8875724167061,51.79379038018794
2025-03-19 05:45:00,25.544253580901053,72.42533553437268,62.739495798319325,30.49030579661198,62.00030406468427,1117.2319103932423,79.80579386189882,51.81738999650769
2025-03-19 06:00:00,25.79135704135079,72.42506663307009,62.739495798319325,30.49352396451522,61.63564134070881,1115.0611729334053,80.34353604009158,51.77094850132441
2025-03-19 06:15:00,25.926219818660854,72.49559155403668,62.739495798319325,30.50319108226164,61.49218570659667,1111.6646039904508,80.41620030567735,52.112499015381374
2025-03-19 06:30:00,26.196859603087937,72.64108675417508,62.739495798319325,30.429045670414265,61.55124668191595,1113.4815548463205,80.70174359744851,52.01951177685281
2025-03-19 06:45:00,25.854830499824875,72.72729612631505,62.739495798319325,30.45487022267424,61.53599187064654,1105.169816124026,80.64663124073606,52.30707528191622
2025-03-19 07:00:00,25.693917234807397,72.80046952022066,62.739495798319325,30.396309872398316,61.39715955730103,1124.7516868261505,79.84605929330681,52.086245574280525
2025-03-19 07:15:00,25.59984922455432,72.8731207409276,62.739495798319325,30.358522205286636,61.75150961784253,1126.020653451009,80.16565910087938,52.15660969129658
2025-03-19 07:30:00,25.24780415142494,72.84739870871101,62.739495798319325,30.29586800797453,64.35627210658664,1126.3116558508405,80.22996579469037,52.62149097886144
2025-03-19 07:45:00,25.05433599477214,72.88489276630648,62.739495798319325,30.337451155869907,64.21055510905133,1125.4585973443861,80.36301681129213,52.44065904700395
2025-03-19 08:00:00,24.963821756716328,72.87468057878719,62.739495798319325,30.316490617845513,64.28000598146207,1128.813585258727,79.90487509486698,52.65543043392303
2025-03-19 08:15:00,24.895626997165422,72.91771270000157,62.739495798319325,30.31849566973704,64.09712505391532,1124.9583179380736,80.09242134737154,52.60242750833601
2025-03-19 08:30:00,24.734559335036376,73.03217392375774,62.739495798319325,30.327032152425517,64.21161047353667,1125.0917944099276,80.11870873546559,52.64933632252331
2025-03-19 08:45:00,24.38363262345324,73.1075534321319,62.739495798319325,30.37776592233157,64.33145109578686,1123.947650369825,80.13895104264257,52.533293229773
2025-03-19 09:00:00,24.053713722917713,73.07924871601651,62.739495798319325,30.412872227543147,64.54878583897549,1121.1245569153932,80.22505294349295,52.362289159658324
2025-03-19 09:15:00,24.06954751408974,73.00234462822338,62.739495798319325,30.481743505238093,64.68102764304291,1124.3932991327874,80.27208039023498,52.37534953519643
2025-03-19 09:30:00,24.228030442390608,72.94542156502456,62.739495798319325,30.48217113880306,64.89262691024494,1124.4450289008853,80.7230874430497,52.30911543748929
2025-03-19 09:45:00,24.37027168235758,73.0342622351437,62.739495798319325,30.548353100274124,64.94111612071123,1117.9288398037472,80.55355135664922,52.23109459663163
2025-03-19 10:00:00,24.448346451761424,73.0852163896734,62.739495798319325,30.60928961327298,64.93246078951329,1118.9470920523763,80.14522692574091,52.368732472059335
2025-03-19 10:15:00,24.289426644175876,73.18082717063172,62.739495798319325,30.63693069790504,65.32992209107658,1117.1282165705245,80.44624742265107,52.35251335669299
2025-03-19 10:30:00,24.30707342203409,73.17606724575904,62.739495798319325,30.66095690035324,65.13041049307272,1115.71369964839,80.1130271921498,52.37393764853513
2025-03-19 10:45:00,24.431618465919964,73.17780555930115,62.739495798319325,30.655388723427873,64.72651725594157,1113.6794301732223,81.01105709779998,52.30959206327065
2025-03-19 11:00:00,24.47711833231861,73.27787117385513,62.739495798319325,30.693565040977433,62.255110885650474,1117.4209303329073,80.95457051791284,52.03351173235867
2025-03-19 11:15:00,24.695778129545417,73.27190296645566,62.739495798319325,30.744583800873443,62.52237336903863,1119.3595706728283,80.48665185165223,52.24210157326927
2025-03-19 11:30:00,24.859729345082318,73.22264791837252,62.739495798319325,30.784345871421426,62.70616192886991,1113.6795055197672,80.7073452273965,52.36396564334922
2025-03-19 11:45:00,24.539244189162268,73.22745201913251,62.739495798319325,30.77106302341148,62.75268487961124,1113.2809403044046,81.18528094921983,52.393797229030234
2025-03-19 12:00:00,24.503937675718703,73.27808458821602,62.739495798319325,30.791066306743836,62.67940037150556,1126.083987533458,81.03174722127993,52.749021505891406
2025-03-19 12:15:00,24.686977838042374,73.34108886292577,62.739495798319325,30.785137791110326,62.3870430382193,1121.8571496344075,80.46999928066826,52.54121025134315
2025-03-19 12:30:00,24.689819851765847,73.4147021404915,62.739495798319325,30.754285271949787,62.61451547660704,1122.8921718760282,80.82090921562943,52.34726023740358
2025-03-19 12:45:00,24.67585240509024,73.46291120070532,62.739495798319325,30.761897858774695,62.80191240207278,1120.401565814239,81.26598272937777,52.48245867745153
2025-03-19 13:00:00,24.7968489525972,73.38106171927068,62.739495798319325,30.752753587892204,62.926900862606296,1114.632278229733,80.97937026925577,52.40945168113725
2025-03-19 13:15:00,24.684294451570885,73.41963150920158,62.739495798319325,30.730068026711383,62.73150043513203,1111.2716570825053,81.21547687235667,52.43590300366039
2025-03-19 13:30:00,24.14598319472216,73.44420914443909,62.739495798319325,30.747826767948133,62.86068406436655,1108.626335974132,81.05421184476884,52.592134295425915
2025-03-19 13:45:00,24.05144784039041,73.43892780982922,62.739495798319325,30.715053562954104,63.32734272718087,1107.0376653647616,81.29178977826587,52.54540589671135
2025-03-19 14:00:00,24.10001350009994,73.47742492118736,62.739495798319325,30.75257683291937,63.28155509864109,1114.507407325434,81.31299941195304,52.26768376531214
2025-03-19 14:15:00,24.665929711803717,73.6633521540547,62.739495798319325,30.81103709304994,63.27313272444972,1113.6542747556841,82.05331910667657,52.26033918876573
2025-03-19 14:30:00,24.536471604636365,73.76334976447706,62.739495798319325,30.852317702093437,63.41141445905985,1106.3143561645518,81.58656658977456,52.183359271044296
2025-03-19 14:45:00,24.237085102245292,73.76759157803633,62.739495798319325,30.87319394953668,65.90271154197849,1102.9020339565755,81.12153980370496,52.89248648237135
2025-03-19 15:00:00,23.994475029635694,73.68732616375807,62.739495798319325,30.900703386020872,66.03233728126446,1107.744947540343,81.5511682546637,53.04961926255717
2025-03-19 15:15:00,23.698110649947168,73.66456694485284,62.739495798319325,30.923765730289524,66.08451634794838,1117.267706253969,81.0321650663204,52.852682260262874
2025-03-19 15:30:00,23.834965171870596,73.8021557936433,62.739495798319325,30.874841638477506,66.04444074432215,1118.1665093025968,81.24923977384915,53.10033849118235
2025-03-19 15:45:00,24.11389397636153,73.83914595490174,62.739495798319325,30.91126214837488,66.13670724467958,1116.9718403290578,81.89068751059192,52.975667268244244
2025-03-19 16:00:00,24.115019226418223,73.8079754047741,62.739495798319325,30.94739609871369,66.26645767654212,1107.1817978022132,81.84944701573184,52.96548195262679
2025-03-19 16:15:00,23.953504093018452,73.95419601487178,62.739495798319325,30.912117235104507,66.45147616902709,1112.1757877143793,82.2140026046864,53.06925514750243
2025-03-19 16:30:00,24.00195887525956,73.94021639994514,62.739495798319325,30.913399796551747,66.47021978955745,1115.874516179051,82.08173202287814,53.05195781995099
2025-03-19 16:45:00,24.135762338177486,73.8637287411134,62.739495798319325,30.896176334698158,66.43467758028005,1115.8819957734534,81.82411193629868,53.21795523407014
2025-03-19 17:00:00,24.392648318889744,73.90436254550895,62.739495798319325,30.910542542555973,66.72425367706381,1107.6526302442364,81.19445411552005,52.82648145971626
2025-03-19 17:15:00,24.536960687128108,73.92937926643928,62.739495798319325,30.90892580109386,66.53628184636258,1108.8086878512372,81.68171930704462,52.94815905068183
2025-03-19 17:30:00,24.489007953953372,73.92651971655746,62.739495798319325,30.892462973505324,66.35771081584953,1108.235643645569,81.76402885293503,52.76884868794296
2025-03-19 17:45:00,24.607169050743053,73.95731063834155,62.739495798319325,30.81913070821132,66.31322577656425,1113.817908401205,81.50594623334341,52.51364808895841
2025-03-19 18:00:00,24.78350086122597,73.99556919265235,62.739495798319325,30.77357820569006,66.28136749615184,1114.5703252903966,81.74916634442474,52.32326252364844
2025-03-19 18:15:00,24.93003842850381,74.03509944469188,62.739495798319325,30.705896317628778,63.38714889295146,1112.0870433750245,81.39956896542621,51.9949357567397
2025-03-19 18:30:00,25.34966374177236,74.10698536048787,62.739495798319325,30.735069036814895,63.27996643478821,1112.1548897085204,81.82298818923476,51.868568152560215
2025-03-19 18:45:00,25.33151700093667,74.2315314898159,62.739495798319325,30.703420960563648,63.30780169696176,1114.3986858475714,81.5328426508239,51.920098228213064
2025-03-19 19:00:00,25.597006994310895,74.29903670999322,62.739495798319325,30.732937017854123,63.466225131506846,1114.802163633585,80.83378418728397,52.09884605029156
2025-03-19 19:15:00,25.34858492473952,74.24515582809494,62.739495798319325,30.717982070806436,63.72767033417216,1118.4885057695005,81.01993624844324,52.28353115185451
2025-03-19 19:30:00,24.905791191417748,74.10055547018014,62.739495798319325,30.695361274977166,63.31621652625604,1113.034119712887,81.16503185608696,52.18025025354618
2025-03-19 19:45:00,25.147963289441936,74.09273007090287,62.739495798319325,30.70268252504297,63.14363026289536,1114.621897204904,81.2396734023975,52.143166225391056
2025-03-19 20:00:00,25.100772863560845,74.21921599937893,62.739495798319325,30.75843020442502,63.16614387481057,1113.2323285548678,80.85510387242323,52.215787438107576
2025-03-19 20:15:00,25.106395778124796,74.29506970161245,62.739495798319325,30.74841156528762,63.236270440376906,1116.5848291232583,81.26448189181845,52.12035793544378
2025-03-19 20:30:00,25.043662443588854,74.27196383254032,62.739495798319325,30.728004326250357,63.17393381399177,1113.7130230691262,81.50618400221792,52.03446791413523
2025-03-19 20:45:00,24.873727858847463,74.21943595000971,62.739495798319325,30.67485447105953,63.3383843677623,1122.083984771959,81.35185283783613,52.04302446737709
2025-03-19 21:00:00,24.78855746870285,74.18638902085578,62.739495798319325,30.687555486024273,63.294105323769315,1115.6971362937736,81.07150056797258,52.37655331702432
2025-03-19 21:15:00,24.99047247890725,74.20636294636378,62.739495798319325,30.645949612946144,63.25619650422595,1108.5607387766875,81.01281943204818,52.26017112919077
2025-03-19 21:30:00,24.881089663846584,74.20199962270372,62.739495798319325,30.666222781773616,63.48109419525237,1102.3829472172033,80.50764029401618,51.865492895933315
2025-03-19 21:45:00,24.92321343725697,74.18836828882131,62.739495798319325,30.65486431245383,66.02989381262158,1105.267859905528,80.93228163337024,52.254578957781305
2025-03-19 22:00:00,25.154378217080378,74.30288309157716,62.739495798319325,30.672890443243602,65.81102652962275,1108.1662760506,81.13231584441236,52.3313141878979
2025-03-19 22:15:00,25.140909520692745,74.33454249788099,62.739495798319325,30.628987684977034,66.00978426095047,1109.4785876771,80.82663385940486,52.31779426813341
2025-03-19 22:30:00,25.03194089395033,74.39861020502153,62.739495798319325,30.671705458568677,65.99937322495033,1101.9111752110794,81.24738905542688,52.691799176961354
2025-03-19 22:45:00,25.384545768675476,74.3235639244182,62.739495798319325,30.674051561640123,66.2201593238329,1107.3796805051568,80.65561219074745,52.58644543910887
2025-03-19 23:00:00,25.729718233429463,74.27845573033049,62.739495798319325,30.722427991804683,66.26516449916654,1102.9837041871629,80.50439762525566,52.86125440807226
2025-03-19 23:15:00,25.7869824589253,74.42725664747458,62.739495798319325,30.71963038248248,66.29080890981695,1100.1387139061358,81.45125961884597,52.79159919666097
2025-03-19 23:30:00,25.986894344572445,74.42788804816637,62.739495798319325,30.731070759104245,65.97395887225757,1100.7998924565418,80.69871632627027,52.40626925194321
2025-03-19 23:45:00,26.334388178380543,74.50993587185705,62.739495798319325,30.771968841953516,65.64257639292843,1096.9062038051484,81.01339376834393,52.752683337888655
2025-03-20 00:00:00,26.16394851850285,74.48581581446749,62.739495798319325,30.761081122784233,65.44976684722589,1105.6568847250294,80.34255192741787,52.08920799396334
2025-03-20 00:15:00,26.0717246604117,74.39904867853281,62.739495798319325,30.7987833725323,65.43067824248973,1104.4496666158775,80.34626274334349,51.79083616217322
2025-03-20 00:30:00,26.250104757381063,74.38351578483345,62.739495798319325,30.83151642054348,65.64772941559286,1098.5391559751367,79.75281379025387,51.82562765617845
2025-03-20 00:45:00,26.401717962090096,74.34503750438994,62.739495798319325,30.76956557479928,65.46694712544843,1101.2098004820712,80.10709859494148,51.419072231887945
2025-03-20 01:00:00,26.251686455979375,74.40827316366186,62.739495798319325,30.74544083423795,65.3305909847502,1094.2764571447294,80.20468021176804,51.68235985219102
2025-03-20 01:15:00,25.9274111305195,74.27946441760702,62.739495798319325,30.78352702299055,62.86467901722274,1091.5311251663659,80.02331080368252,51.11080697700785
2025-03-20 01:30:00,25.648827179384828,74.28537357548733,62.739495798319325,30.78084694050918,62.722479117819944,1097.312772655109,80.33164651783441,51.003555268272606
2025-03-20 01:45:00,25.59335193009495,74.23225260397517,62.739495798319325,30.80382869920468,62.787268366230606,1098.8420484861626,80.11766348089236,50.78446227324761
2025-03-20 02:00:00,25.370981485728418,74.29028012609115,62.739495798319325,30.793178288131777,62.57187490671896,1098.2239637941034,80.30356132480505,50.70961489889787
2025-03-20 02:15:00,25.51316004360028,74.21018940116116,62.739495798319325,30.798684630685834,62.67450083576844,1096.0359592867708,79.55595018984812,50.57941086073358
2025-03-20 02:30:00,25.378556848444326,74.19403371529502,62.739495798319325,30.75461292405595,62.64304206491866,1096.736631688155,79.88141163522249,50.81538790509012
2025-03-20 02:45:00,25.449236488562335,74.16869856563518,62.739495798319325,30.772376336462052,62.56176398434336,1093.394525698172,80.13463527497011,50.67949508127106
2025-03-20 03:00:00,25.33187801109459,74.2150826837345,62.739495798319325,30.74981942833993,62.32177592183382,1091.1184950988713,79.92568116811893,50.7923009304149
2025-03-20 03:15:00,25.316588705119344,74.23889650461327,62.739495798319325,30.68975320594073,62.55174747836328,1097.3432904540214,79.50087791054021,50.652458643176665
2025-03-20 03:30:00,25.53704167798634,74.17764827853073,62.739495798319325,30.691469384061573,62.55040863383718,1088.4067980307286,79.55791904954245,50.98753661910402
2025-03-20 03:45:00,25.643240691396073,74.12931846057317,62.739495798319325,30.668124470610636,62.54659331035981,1096.5463605108303,79.63121669183451,51.270192957702015
2025-03-20 04:00:00,25.5543220549609,74.12808375640913,62.739495798319325,30.665341204233126,62.5039487612209,1096.9374858740562,79.84742418676632,51.382274725327186
2025-03-20 04:15:00,25.463345261281713,74.08309701454003,62.739495798319325,30.65843474162148,62.27223123319504,1088.5637529281596,79.68050537938218,51.36824517177768
2025-03-20 04:30:00,25.538845530487524,73.9818531952853,62.739495798319325,30.66698570719829,62.45006376605929,1090.3773030889063,80.06170625409824,51.233580860910216
2025-03-20 04:45:00,25.54755823197758,73.87617590015329,62.739495798319325,30.697196393794282,65.07620239037605,1087.0646451322034,80.22568683782158,51.21636438569297
2025-03-20 05:00:00,25.706976855823914,73.8525338163112,62.739495798319325,30.657352989682252,65.0183088510686,1082.9731102715384,79.98373727733696,51.116542417926624
2025-03-20 05:15:00,25.897241986352928,73.8476196399396,62.739495798319325,30.659493037189748,64.59024311647588,1087.863909082315,79.33629308923568,51.09797814145849
2025-03-20 05:30:00,25.75017070359272,73.87185149687839,62.739495798319325,30.628018148700793,64.58058681866696,1084.5713806797592,80.14835827955463,51.385079824646645
2025-03-20 05:45:00,25.428106454490475,73.7667875245761,62.739495798319325,30.604464233458955,65.00455520371727,1086.113917103223,80.2887110283299,51.18974554439569
2025-03-20 06:00:00,25.61592759294097,73.82968876237248,62.739495798319325,30.6534433273507,65.04967615309874,1093.0944226492052,79.63971414015305,51.34145790716739
2025-03-20 06:15:00,25.631563781987687,73.77374546973239,62.739495798319325,30.64792020910687,65.0597909536105,1092.8653294069627,79.9322535219255,51.39642387842043
2025-03-20 06:30:00,25.963961817120875,73.72852315797745,62.739495798319325,30.64723159477632,65.05302306500268,1085.7505256819675,79.7531210890614,51.9047135877789
2025-03-20 06:45:00,25.858600551605463,73.70772959670148,62.739495798319325,30.71971935428525,65.07310660870309,1089.770197807397,79.81653633489809,52.215516632297195
2025-03-20 07:00:00,25.531975730495457,73.68890100156679,62.739495798319325,30.67630548138853,65.05461301639771,1079.0894248844234,80.13206821355892,51.65244821479724
2025-03-20 07:15:00,25.58139190462333,73.6446925229333,62.739495798319325,30.737282650576226,64.90311384188018,1079.1381726033687,80.57431192779855,51.6316651729721
2025-03-20 07:30:00,25.124602006990212,73.53276181094077,62.739495798319325,30.784770177491076,65.03415853730726,1079.3081735188757,79.91528461987463,51.58434978485958
2025-03-20 07:45:00,24.63073881734903,73.58866694744265,62.739495798319325,30.83443624927878,65.13571238621368,1078.487396781229,80.2109192501785,51.39013018039466
2025-03-20 08:00:00,24.460771317143646,73.61092426812806,62.739495798319325,30.76184141294549,65.07667225882997,1080.685334743217,80.264390619207,51.361831910589956
2025-03-20 08:15:00,24.83372844737722,73.66587128285217,62.739495798319325,30.78761450312637,62.45934886357245,1079.7483034786703,80.05598133974492,50.5242688722179
2025-03-20 08:30:00,24.792969927163515,73.6890033401936,62.739495798319325,30.827737311354767,62.41380698238291,1082.7389126290366,80.13249522313252,50.702197712757666
2025-03-20 08:45:00,24.656672789122656,73.72635425988499,62.739495798319325,30.829752754358502,62.277918945373365,1083.727712727083,80.39445670900464,50.506224226132225
2025-03-20 09:00:00,24.709115935283034,73.71564022319335,62.739495798319325,30.81415613141306,62.033265904563045,1081.127273601415,80.27087755194833,50.493937762272886
2025-03-20 09:15:00,24.606359065809905,73.88756572630643,62.739495798319325,30.812280223682265,62.20455005549009,1081.293468760416,80.06494474381316,50.2584375146436
2025-03-20 09:30:00,24.62193288626971,73.87595283411649,62.739495798319325,30.801627661570354,62.295055739336995,1079.7489383894497,79.83270882976818,50.580131645534586
2025-03-20 09:45:00,24.646518250278334,74.02673031952578,62.739495798319325,30.760473478591138,62.24419794564596,1081.9921313811567,80.02580831553847,50.7672862205417
2025-03-20 10:00:00,24.377464705975648,74.10724504130087,62.739495798319325,30.770190429991835,62.62791886545641,1085.016053098051,79.83928623260796,50.42288951860876
2025-03-20 10:15:00,24.066009110723094,74.20708619104013,62.739495798319325,30.78614133707709,63.07127273146432,1078.7547104682294,80.06563175035606,50.67484641980731
2025-03-20 10:30:00,24.045199848832567,74.36573493849976,62.739495798319325,30.712905300823827,63.15920910295183,1073.0377673182636,79.80151801114913,50.35658026021382
2025-03-20 10:45:00,23.855285271041474,74.41145896849086,62.739495798319325,30.734262697409076,63.15173201894869,1075.0683961927134,80.7528814856242,50.54162066185801
2025-03-20 11:00:00,24.19896112409124,74.37090441759455,62.739495798319325,30.78651998531111,63.27682835016558,1078.850992273315,80.91870974750277,50.67216718701353
2025-03-20 11:15:00,24.681725699967522,74.54466415858575,62.739495798319325,30.825375520050716,63.457804447419846,1081.2874707775525,80.60209943681465,50.42507924060484
2025-03-20 11:30:00,24.399744880795428,74.62036430523561,62.739495798319325,30.82811300587634,63.37413196646373,1078.3560294232352,81.07760895293485,50.611151917069364
2025-03-20 11:45:00,24.47906120738723,74.62442020477765,62.739495798319325,30.782816792699357,63.2887828055027,1074.8532374110005,81.12089738828622,50.93475925799138
2025-03-20 12:00:00,24.473126244603556,74.59383902633515,62.739495798319325,30.73458663690722,65.84520543674408,1071.1733285844155,80.51246151391324,51.15228292264913
2025-03-20 12:15:00,24.55147347328648,74.71802112576633,62.739495798319325,30.80639835701677,65.86626123934646,1078.767710534786,80.84663874725513,51.55173787994867
2025-03-20 12:30:00,24.564871724758085,74.69060905350834,62.739495798319325,30.85532142785498,66.01785174404489,1073.4138646205406,80.79074499658935,51.556337804223034
2025-03-20 12:45:00,24.477309201658677,74.80714880100247,62.739495798319325,30.873984818006058,66.24452666410808,1071.7553246599036,80.78842815471901,51.42728099808974
2025-03-20 13:00:00,24.64975694939252,74.84754983017513,62.739495798319325,30.91661587522084,66.13668094301069,1073.273096404523,80.60771242145859,50.84249560212902
2025-03-20 13:15:00,24.314727290476593,74.93691742701175,62.739495798319325,30.936383855590023,65.92447434650961,1072.4652262208479,81.1207832225799,50.42693200288254
2025-03-20 13:30:00,24.117775019846302,75.02969554384237,62.739495798319325,30.889526821493043,65.68852479742311,1074.3770523493745,81.00941534592388,50.712869890925475
2025-03-20 13:45:00,24.507399176832468,75.00491133079808,62.739495798319325,30.93600338436526,65.93794813236599,1073.5894026753306,81.108061632228,50.51582800672421
2025-03-20 14:00:00,24.747834008446734,75.01519469723966,62.739495798319325,30.922201584528633,65.77094244924392,1077.7267791464076,80.9482642210345,50.60322737224101
2025-03-20 14:15:00,24.66966435339999,74.96290543818502,62.739495798319325,30.908120855030184,65.74208515959673,1079.8403955850956,81.25853212810078,50.859802348539866
2025-03-20 14:30:00,24.216254765272645,75.06768638113056,62.739495798319325,30.970424532092153,65.87044349309332,1078.7163200035693,80.4931832272874,51.04237803176023
2025-03-20 14:45:00,23.854495467132157,75.26358303016457,62.739495798319325,30.985884174983276,65.74993059167444,1083.2454096002045,81.23298506118428,50.80529457518912
2025-03-20 15:00:00,23.65317274894601,75.38126765333128,62.739495798319325,30.957546697832548,65.47302298539195,1081.4949412517403,80.77911313911144,50.74167856500862
2025-03-20 15:15:00,23.847994376710837,75.56932352978691,62.739495798319325,31.021437668035883,65.71123695233156,1081.91710840606,81.12788835814743,50.530750334501114
2025-03-20 15:30:00,23.987120124825932,75.45903099140823,62.739495798319325,31.05942760978398,63.02115519555702,1082.1866041990054,81.45335477317342,50.27699517277136
2025-03-20 15:45:00,24.312611311357415,75.45098894045833,62.739495798319325,30.982053500975827,63.139374629201065,1078.3502589831958,81.1249354180675,50.48048104071952
2025-03-20 16:00:00,24.494077911558986,75.52304600366394,62.739495798319325,30.92934386239382,63.225909727109496,1076.6266173244999,81.46984753796175,50.637298515787265
2025-03-20 16:15:00,24.557025613116494,75.53026521862488,62.739495798319325,30.87176684036206,63.2905323056897,1079.4908531559352,81.11076113769407,50.56070350088167
2025-03-20 16:30:00,24.64052499923927,75.63918520067607,62.739495798319325,30.82143796910017,63.30777417503858,1082.0093412532128,80.97284811798191,50.37881098383035
2025-03-20 16:45:00,24.657505567668554,75.67501531776351,62.739495798319325,30.78774233322133,63.28199636422218,1080.7349233178031,81.02657674543464,50.55099818898489
2025-03-20 17:00:00,24.722270469161803,75.6844862701111,62.739495798319325,30.804302286207516,63.345494431334025,1077.206278813994,81.32163765367717,50.801574019663306
2025-03-20 17:15:00,24.767652164955678,75.77689530650018,62.739495798319325,30.818620419264416,63.6944755491686,1081.5304338525975,81.42666129583351,50.35174097845125
2025-03-20 17:30:00,24.862902960197395,75.73451469296575,62.739495798319325,30.71120435157478,63.75386028053424,1082.2285680168743,81.55577956238527,49.92885018710108
2025-03-20 17:45:00,24.942289641812717,75.85286684353267,62.739495798319325,30.73960778724937,63.70176881709428,1085.5682261727693,81.04850246637706,50.08609170958491
2025-03-20 18:00:00,24.771262531007853,75.92989947343459,62.739495798319325,30.69367145769822,63.762565581526474,1080.675277526069,81.50054570958882,49.52904561177612
2025-03-20 18:15:00,24.916940798706598,75.95991887698482,62.739495798319325,30.671663445878856,63.395063180077976,1079.907079074559,80.97054985675064,49.52319114758645
2025-03-20 18:30:00,25.0956316326638,75.93023333939638,62.739495798319325,30.66568248468433,63.74278505406452,1085.666914191794,81.29844958545533,49.63601276462076
2025-03-20 18:45:00,25.05132566788488,75.93109908645773,62.739495798319325,30.666346747302967,63.70075318448138,1084.5938389137118,81.64951561033337,49.673066209567075
2025-03-20 19:00:00,24.920991713297433,75.9823257824314,62.739495798319325,30.632268521767756,66.31274830442054,1080.9400443107763,80.7903465975791,49.58876639185567
2025-03-20 19:15:00,24.83526271949804,75.89392989431875,62.739495798319325,30.666944180715852,66.23184810175442,1075.2769738561267,81.30715010720148,49.235010514158894
2025-03-20 19:30:00,24.891232487738037,75.75935637972805,62.739495798319325,30.662085910510037,66.33292314761401,1075.362431767532,80.98299804800664,49.52682626280896
2025-03-20 19:45:00,24.759924256277998,75.76551660838481,62.739495798319325,30.643474735316055,66.2624105659105,1078.3347456085974,81.93324506552794,49.57667712131403
2025-03-20 20:00:00,24.90410596500575,75.66564790230935,62.739495798319325,30.650081044420517,66.44299832800296,1074.9550968677252,81.07464291874781,49.27822024934484
2025-03-20 20:15:00,25.164293107001026,75.66484561736645,62.739495798319325,30.65521768471308,66.43638841174051,1089.785049538037,81.42492216822876,49.30367157308701
2025-03-20 20:30:00,25.112455805549192,75.73234448626557,62.739495798319325,30.639521435488128,66.26377959385809,1090.9671607114435,80.96989124250241,49.301451733432565
2025-03-20 20:45:00,24.90892579921089,75.65916505817269,62.739495798319325,30.652593571233464,66.29699338599632,1087.1511847689846,81.22912474350169,49.23285607192186
2025-03-20 21:00:00,24.748287137347877,75.68835099112442,62.739495798319325,30.6777081703903,66.20870930569858,1086.1488946575303,80.86786802308667,49.484241734684105
2025-03-20 21:15:00,24.6397618220951,75.7297085320355,62.739495798319325,30.69237288757125,65.85670468568988,1088.0769109592836,81.52865041889575,49.3469496055462
2025-03-20 21:30:00,24.44776079926777,75.71838588610248,62.739495798319325,30.750018819723657,65.62930480763863,1084.2222048521826,80.75509939302096,49.38801301108497
2025-03-20 21:45:00,25.05274939520819,75.69627102373943,62.739495798319325,30.74118123482755,65.77634415846241,1082.8122323292966,81.21318115851128,49.410438635109536
2025-03-20 22:00:00,25.145118534457623,75.77208832137856,62.739495798319325,30.721376913786134,65.5089414930651,1085.2782128330866,80.82456832247262,49.43829742052402
2025-03-20 22:15:00,25.560088473404075,75.73909325437869,62.739495798319325,30.777396422393075,65.79242260720214,1086.0445527159548,80.67123262026084,49.50814462221449
2025-03-20 22:30:00,25.890723954037885,75.63834267553416,62.739495798319325,30.786067422703127,63.1556800976374,1083.6102256624051,80.29318164243357,49.63499768865237
2025-03-20 22:45:00,26.11363697777758,75.72180246020177,62.739495798319325,30.83888527746327,62.86889858521268,1083.4771730212417,81.09034840813916,49.785393966675265
2025-03-20 23:00:00,26.120862653061224,75.73625526740331,62.739495798319325,30.829227766598347,62.570683081137936,1086.5516010098834,80.96004239019852,49.616842678372414
2025-03-20 23:15:00,26.141944249996524,75.60665048180563,62.739495798319325,30.825659124236864,62.669729153459244,1089.7118127447916,81.0710534056121,49.7989271139576
2025-03-20 23:30:00,26.078825250098898,75.63812665679971,62.739495798319325,30.873255274609225,62.8001748135175,1085.5398398019033,80.04829495185764,48.960094882766604
2025-03-20 23:45:00,25.931569619806574,75.55729929780037,62.739495798319325,30.865234472685408,62.808051582991226,1088.602547311805,80.24960191224342,49.11504100631304
2025-03-21 00:00:00,25.82902157292315,75.47179957889252,62.739495798319325,30.940554552492955,62.98875089083859,1091.8277493918577,80.3045212410185,49.36805864006152
2025-03-21 00:15:00,25.854297510779734,75.47171198312914,62.739495798319325,30.937393062239387,62.949437564000135,1091.8156031564345,80.07298646535932,49.44268191264322
2025-03-21 00:30:00,26.029489715277606,75.35669861399182,62.739495798319325,30.95653199203295,62.8841586307503,1088.2046755538822,79.4201695913933,49.54854986409306
2025-03-21 00:45:00,26.491006779936054,75.24488003299572,62.739495798319325,30.951747137909205,62.94075765898203,1090.1350369655734,80.24394903273914,49.2527388231767
2025-03-21 01:00:00,26.378006338046227,75.19855547598672,62.739495798319325,30.933608747759084,62.974529083971916,1086.52500729247,79.6098811508995,49.144270967010584
2025-03-21 01:15:00,26.17179842494748,75.1852511822464,62.739495798319325,30.922033217582886,62.86462469745619,1094.918973889779,80.02754859811385,49.3226063946072
2025-03-21 01:30:00,25.989053691590758,75.08303103853187,62.739495798319325,30.973801615953697,62.92761748283509,1090.4632960790318,79.92516726713819,48.65113382082161
2025-03-21 01:45:00,25.821706759163654,74.98466110877673,62.739495798319325,30.97960004510885,62.62553790960424,1084.9314775871867,80.17013358047734,48.73707304956749
2025-03-21 02:00:00,26.20398733427558,74.94289139573449,62.739495798319325,30.922861919500853,65.19697640712722,1085.6462994190433,79.64857601656308,48.84888884317195
2025-03-21 02:15:00,25.92148248806476,74.88676020453019,62.739495798319325,30.88039238208175,65.41144075348686,1083.9242571923344,79.70438764761543,48.58847768786404
2025-03-21 02:30:00,25.672646041554437,74.78334648715806,62.739495798319325,30.855908650322462,65.34227359846008,1085.7435593373914,79.46234422622524,48.887222994542725
2025-03-21 02:45:00,25.577676001474117,74.80745536673412,62.739495798319325,30.77085354271608,65.35881447938775,1082.3913926782698,79.37480723550658,48.66947164883825
2025-03-21 03:00:00,25.80467549774999,74.78451861399768,62.739495798319325,30.724186260124334,65.3899945396579,1075.5375329272356,80.0497239449569,48.31997752906254
2025-03-21 03:15:00,25.64725286530887,74.74471420662525,62.739495798319325,30.650798991470715,65.44004049656132,1079.0632850213144,79.71752114535248,48.198642768421884
2025-03-21 03:30:00,25.849671182425702,74.68899642609698,62.739495798319325,30.65525497136029,64.92377077263035,1086.7009927924166,79.61353388387292,48.17083667624983
2025-03-21 03:45:00,25.78156163491045,74.84140605033478,62.739495798319325,30.697332348628585,64.79390053337345,1080.0735969618154,79.55595140516945,47.92226568669318
2025-03-21 04:00:00,25.758781859993906,74.79931017710017,62.739495798319325,30.705609734415567,65.15331857898391,1085.7249588281875,80.06540640858937,47.93245872170359
2025-03-21 04:15:00,25.671364431810137,74.63822022128015,62.739495798319325,30.69141747237877,64.96829091085324,1087.3447774978645,80.59680894296994,47.863660410604346
2025-03-21 04:30:00,25.49172842366199,74.65076298713194,62.739495798319325,30.66168243731839,64.79266212803194,1086.9726565259018,79.35537132940077,48.11069967770085
2025-03-21 04:45:00,25.75607040420031,74.61807210959289,62.739495798319325,30.613534458104475,64.68030632188548,1090.4696077275862,79.31836609705418,48.078782491419
2025-03-21 05:00:00,25.610424956245122,74.64502490519726,62.739495798319325,30.576591732337306,64.6814361911888,1085.9603874194381,79.29568193545619,48.60929843460212
2025-03-21 05:15:00,25.604256468599008,74.65709716014345,62.739495798319325,30.584285360017525,64.6325827544623,1086.1877958750142,79.4249844501878,48.49813530586303
2025-03-21 05:30:00,25.593691218048455,74.75563024870004,62.739495798319325,30.620481148331592,62.03884344614227,1083.2899762564903,78.76665330295063,48.39861724182486
2025-03-21 05:45:00,25.419924447576232,74.7232166346701,62.739495798319325,30.555954593124845,61.86195940460268,1083.5802685296883,79.35295304497151,47.948613580699686
2025-03-21 06:00:00,25.727982661948445,74.74718649951242,62.739495798319325,30.584433397054617,62.16293322406259,1086.007632943192,79.80241333940457,47.85611653712866
2025-03-21 06:15:00,25.896314540008525,74.72431483692522,62.739495798319325,30.569931901248932,62.30994089350873,1089.5089172989651,79.41360250322704,47.89709590284625
2025-03-21 06:30:00,26.00183574154344,74.7740436777947,62.739495798319325,30.549231615301217,62.382912610326834,1089.8024311971596,79.15482396850017,47.981473110746784
2025-03-21 06:45:00,26.160945139019457,74.65477895710173,62.739495798319325,30.569721321544446,62.44698129126043,1085.8063603745313,79.30428399293032,48.13626702130144
2025-03-21 07:00:00,25.969615421239677,74.56787414659296,62.739495798319325,30.52514657823081,62.22440312130418,1083.812530394347,79.39807336170968,47.78333855631199
2025-03-21 07:15:00,25.471211170023135,74.5276989032469,62.739495798319325,30.549400481248373,62.380736342133595,1091.215900145545,79.38102606197707,47.74252457603666
2025-03-21 07:30:00,25.3225155139224,74.59974013659853,62.739495798319325,30.57971262022394,62.40201687520608,1093.2475909804316,79.63095104417036,47.46545902902648
2025-03-21 07:45:00,24.89041679574423,74.5326027842622,62.739495798319325,30.559947144493847,62.24190829686458,1091.6898222439104,80.00132762704261,47.16005544436837
2025-03-21 08:00:00,25.052397817925513,74.51070802424152,62.739495798319325,30.553221175478992,62.34215514226032,1080.475739646834,79.38057400124592,47.150286173148565
2025-03-21 08:15:00,25.196656338373064,74.3599144579145,62.739495798319325,30.5514081218913,62.5286519637368,1089.251187656113,79.19882000848423,47.55573106844533
2025-03-21 08:30:00,24.921947274768392,74.29944885680843,62.739495798319325,30.53880581242859,62.287862073663206,1088.350660942172,80.14414284351861,47.40383201936106
2025-03-21 08:45:00,24.607229781537317,74.37475557688434,62.739495798319325,30.56937607215492,62.521078709387005,1088.174887153491,79.89418388318404,47.75434137717049
2025-03-21 09:00:00,24.595209727825555,74.37127286243442,62.739495798319325,30.58969053881795,65.03925698098978,1090.5022720764637,79.98470640048828,47.926345686033635
2025-03-21 09:15:00,24.568811770338097,74.45285894016202,62.739495798319325,30.62930086128201,64.92816243185834,1087.3870653661947,80.39228930957248,47.9608732604929
2025-03-21 09:30:00,24.928013526141743,74.5798310742657,62.739495798319325,30.645901639182142,65.15779077532966,1088.5885117043115,80.26093917565191,48.115562416791384
2025-03-21 09:45:00,24.791562757318065,74.58512954770751,62.739495798319325,30.608004611771957,65.10504628337293,1092.0788919312113,80.15067362633052,48.090351626179675
2025-03-21 10:00:00,24.555395419505714,74.56081443790885,62.739495798319325,30.588612619930828,65.13984799114293,1095.8813073673043,80.30180419747228,48.363372123933146
2025-03-21 10:15:00,24.444574111451082,74.59628492914784,62.739495798319325,30.631475996316308,65.41269902041529,1093.4324669933656,80.12133107069614,48.4467813047167
2025-03-21 10:30:00,24.244075609880447,74.6390108429951,62.739495798319325,30.655987690477673,65.50852039627775,1096.4323978593588,79.93907315213784,48.65632345567728
2025-03-21 10:45:00,24.257262599899317,74.72887473530287,62.739495798319325,30.70506520721867,65.56219090168767,1094.223145696119,80.25367292998989,48.8568538396514
2025-03-21 11:00:00,24.676529416308973,74.80267848897125,62.739495798319325,30.65639539999959,65.63395592601228,1097.5881470671156,80.27210965570508,49.035835138902
2025-03-21 11:15:00,24.57051410284549,74.65996077754701,62.739495798319325,30.602678167521557,65.36600729221348,1099.8661895140608,80.7726169183454,48.95318064735552
2025-03-21 11:30:00,24.28192481993704,74.58415428170514,62.739495798319325,30.62010430041936,65.0405805991433,1105.0254565668613,80.34665000997211,48.84506382405099
2025-03-21 11:45:00,24.221196086439317,74.60947816910033,62.739495798319325,30.631423162608442,65.199275621439,1100.9764152852392,80.27894247012475,48.995657134253946
2025-03-21 12:00:00,24.05535301142603,74.58162107241522,62.739495798319325,30.59847570555996,65.42124435606112,1105.8455114252642,80.83999238302418,48.938933854768145
2025-03-21 12:15:00,24.167137385088605,74.51914915936075,62.739495798319325,30.59737296684143,65.58888123254275,1106.3083712064076,80.81751860085275,48.93542564119284
2025-03-21 12:30:00,24.770007222293714,74.45272860969251,62.739495798319325,30.605743131526722,65.40630145122917,1111.024025497133,81.00413370214521,49.09582377181495
2025-03-21 12:45:00,24.75043209945672,74.4729564401004,62.739495798319325,30.593755799499924,62.64772574686506,1111.7977931663554,80.48654017314517,48.89237328128657
2025-03-21 13:00:00,24.803032294569984,74.50989186151043,62.739495798319325,30.62744862245129,62.82020434592611,1110.4721985247663,80.82425464993825,48.74732798818928
2025-03-21 13:15:00,24.35111374838562,74.49037781729334,62.739495798319325,30.661137152770575,62.93921719858117,1105.3022272984745,81.13918961078625,48.567701987613994
2025-03-21 13:30:00,24.328843853723257,74.52166669190089,62.739495798319325,30.71743500695584,62.94329230060251,1107.3952024798245,80.79997376318849,48.692926289121765
2025-03-21 13:45:00,24.126511597673012,74.60210221220986,62.739495798319325,30.695019188902585,62.91296345611779,1112.602405582163,80.47918123168321,48.65554801349062
2025-03-21 14:00:00,24.118897961836268,74.53006326443108,62.739495798319325,30.718439781776507,63.07110966264898,1116.2711831911183,80.30433090591521,48.63516782860901
2025-03-21 14:15:00,24.290058094342154,74.50342292213193,62.739495798319325,30.65384559902115,63.253009894704796,1112.785291212541,81.12650504881519,48.53471574839848
2025-03-21 14:30:00,24.159951817898854,74.46728657722342,62.739495798319325,30.6639915027956,63.07525503214445,1111.157418336754,80.80886597720246,48.52146516097157
2025-03-21 14:45:00,23.699026766057344,74.50982358344177,62.739495798319325,30.6752082787616,63.22425923692071,1110.9239085379645,81.04118799784749,48.52968612508278
2025-03-21 15:00:00,23.76913297342881,74.64404754454105,62.739495798319325,30.62044079053295,63.560353108296916,1111.1647286849868,80.9428499970764,48.35879999827942
2025-03-21 15:15:00,23.706299052364802,74.66060199517858,62.739495798319325,30.58876462893331,63.725280996875775,1110.0361762005407,80.89818907337269,48.340910166349815
2025-03-21 15:30:00,24.04794960695842,74.65163818577066,62.739495798319325,30.574151352857516,64.04753584485897,1115.040268358171,80.91520025607339,48.16256192163739
2025-03-21 15:45:00,24.509333449439342,74.70406340620052,62.739495798319325,30.607443971253172,64.1369201547946,1109.7532213521542,80.60430582198853,48.09268981848511
2025-03-21 16:00:00,24.069451598857437,74.8471679491859,62.739495798319325,30.598614293661452,63.93564663192225,1108.6685744049792,80.88831165296413,48.192120263530974
2025-03-21 16:15:00,23.903191557168544,74.89889869459992,62.739495798319325,30.672697666598047,67.10837972692798,1104.958141755566,80.73212950329822,48.56787640079642
2025-03-21 16:30:00,24.44261101719013,75.12899548839141,62.739495798319325,30.636156049872,66.89792886419981,1110.7572089103019,80.59442532746878,48.891051757729095
2025-03-21 16:45:00,24.69490872271015,75.18140174721084,62.739495798319325,30.584931615235494,66.90740507527036,1109.3655145083253,80.9090088977545,48.73098247866745
2025-03-21 17:00:00,24.615553241146028,75.04309348504077,62.739495798319325,30.525216367707348,66.76948574608886,1110.7045321456492,80.60970438742409,48.887521090015234
2025-03-21 17:15:00,25.074985429585112,74.98295018048584,62.739495798319325,30.468816460592173,66.85330455246246,1107.2000783090439,80.41570721043311,48.97200832195248
2025-03-21 17:30:00,25.219793090059458,74.9381482565749,62.739495798319325,30.42968284726617,66.68544437220427,1117.2240116524447,80.78887070008814,49.10619233903701
2025-03-21 17:45:00,25.172049252363486,74.9692862707176,62.739495798319325,30.418412912170535,66.48258839048462,1114.2999857883246,80.61226200523154,48.750331512019365
2025-03-21 18:00:00,25.06685145466941,75.07905105756248,62.739495798319325,30.364783784953307,66.46320661789487,1116.2591526406,80.488779302355,48.302053373360856
2025-03-21 18:15:00,25.282919435335256,75.08650299794728,62.739495798319325,30.377718491920245,66.3481154820486,1108.976873028296,80.79138988236998,48.333137602310806
2025-03-21 18:30:00,25.295037399247757,75.18167982551327,62.739495798319325,30.364256744995416,66.3520943174324,1104.4518340057493,80.90525731661933,47.85096258782326
2025-03-21 18:45:00,25.560798515259656,75.25461194807707,62.739495798319325,30.31892526333839,66.27334592567207,1109.4622693259757,81.0504665659493,47.382885937749386
2025-03-21 19:00:00,25.595296658073515,75.4243362616747,62.739495798319325,30.369123423009025,66.56650756369812,1114.286913723962,80.70456231302319,47.41133745026031
2025-03-21 19:15:00,25.30915407817701,75.47220952595576,62.739495798319325,30.335388677846503,66.37055533492587,1116.4596398850297,81.07071620618213,47.25093790055206
2025-03-21 19:30:00,25.011610922829483,75.45050121433506,62.739495798319325,30.33427768109497,66.58083928526025,1106.225468321992,80.91850272227165,47.54617085592897
2025-03-21 19:45:00,24.754923866936288,75.42321652352376,62.739495798319325,30.368082629495863,63.93404258533332,1110.4671170858226,81.24060657988711,47.29170823362055
2025-03-21 20:00:00,24.972715197603527,75.50681344822146,62.739495798319325,30.36168937291118,63.566381963586046,1110.0974778172506,81.06236015806596,47.490546115414304
2025-03-21 20:15:00,25.11382979906048,75.5585109730683,62.739495798319325,30.35425195825103,63.568328517216464,1113.813093161285,80.51968401705567,47.30133968190981
2025-03-21 20:30:00,25.016613618096827,75.59773942084378,62.739495798319325,30.34589539456401,63.70887907189638,1108.7570303953853,80.4054880422414,47.28998205787968
2025-03-21 20:45:00,24.704207936979632,75.54358283707933,62.739495798319325,30.3371555083869,63.586355985182585,1112.0644789997493,80.21810343732902,47.22300029349053
2025-03-21 21:00:00,24.38586224547825,75.41555388985455,62.739495798319325,30.392977166739406,63.79872131363722,1111.6596256388616,80.56484983679607,47.29918701524501
2025-03-21 21:15:00,24.56300032428032,75.32953098721133,62.739495798319325,30.404105527094217,63.74558035913514,1114.2899681755814,80.46195773473063,47.1875922217861
2025-03-21 21:30:00,25.001799624461547,75.25637992313925,62.739495798319325,30.3759115969531,63.496967004872474,1116.0663064176588,80.36095417476777,47.35563345125968
2025-03-21 21:45:00,25.088064196712764,75.28312254782666,62.739495798319325,30.33123208813293,63.490576037918615,1117.227546362721,80.34494409134328,47.5539559480079
2025-03-21 22:00:00,25.248995392517987,75.15546811616592,62.739495798319325,30.417695852191812,63.64635186140496,1112.6340428052024,80.24442111334399,47.656330946113975
2025-03-21 22:15:00,25.131087375329425,75.00604328015785,62.739495798319325,30.388957809737388,63.92238015774676,1113.1573846181925,80.26308180223587,47.72883940088747
2025-03-21 22:30:00,25.208360822642106,74.8979581768344,62.739495798319325,30.426287833326366,63.665848694528734,1110.6736521629725,80.12743351758988,47.372834007619005
2025-03-21 22:45:00,25.510854657446906,74.84979135240535,62.739495798319325,30.427782747452685,63.95075284630921,1116.4939661876222,79.89778763372524,47.451902636592216
2025-03-21 23:00:00,25.96670040694706,74.82007416537586,62.739495798319325,30.40243351962804,64.15481805313814,1117.9389971929702,80.6616649954871,47.29240117315252
2025-03-21 23:15:00,26.096185193212893,74.74714932634386,62.739495798319325,30.465722751303492,66.57101697637044,1119.0060572637842,80.68069564123583,47.964875882256635
2025-03-21 23:30:00,26.097466520554697,74.7421941902903,62.739495798319325,30.48198228586788,66.59421658891324,1117.3725902216638,80.4280569077745,48.00621181064903
2025-03-21 23:45:00,26.306565925135793,74.7537740589361,62.739495798319325,30.430522189646222,66.60460174496112,1117.479265529965,80.01328171789802,48.48340738096994
2025-03-22 00:00:00,26.153783729922736,74.83654415685115,62.739495798319325,30.40923692971509,66.54615199407338,1114.6520755750219,80.11656139754962,48.397400535975976
2025-03-22 00:15:00,26.413967026840158,74.75491501830584,62.739495798319325,30.447154023114784,66.88735088710436,1108.1886514909586,79.85362265563114,48.227035301860916
2025-03-22 00:30:00,26.713565164201537,74.64082527689796,62.739495798319325,30.492239312290568,66.64194210277068,1105.1466740093633,79.7620398553934,47.676276811902184
2025-03-22 00:45:00,26.504507083714046,74.6500366458808,62.739495798319325,30.478299725264417,66.82060016241594,1104.7703662562226,80.11421450893049,47.53454173663291
2025-03-22 01:00:00,26.687197648256845,72.79060074887221,62.739495798319325,29.903351856268237,68.56334152296434,1057.611848092343,78.54532932762473,48.02922980919179
2025-03-22 01:15:00,26.299667505623926,72.88175296136728,62.739495798319325,29.854081105247708,68.21663326938136,1059.6145965321734,78.25090398290803,47.746365429790096
2025-03-22 01:30:00,26.06701396231181,72.90990000290564,62.739495798319325,29.870266375847148,68.01126720655294,1063.8617111746196,78.04560330077184,47.35982947246758
2025-03-22 01:45:00,25.824577376050136,72.86998389208439,62.739495798319325,29.849088769639234,67.5669670586433,1067.732307479791,77.43883969382519,47.344496053170516
2025-03-22 02:00:00,25.703928346659367,72.78955200347893,62.739495798319325,29.84898106094308,67.55985079493534,1065.6439212889165,77.89063968508724,47.545083158589044
2025-03-22 02:15:00,25.73471035173589,72.82305160363535,62.739495798319325,29.78626393387362,67.53053309111893,1064.9926385152307,77.91226061708703,47.57631663569294
2025-03-22 02:30:00,25.59292039246348,72.74184769299505,62.739495798319325,29.753890198152433,67.41811770549778,1071.0889330923933,78.02103707698761,47.62249222700999
2025-03-22 02:45:00,25.766806203177754,72.71574864144036,62.739495798319325,29.737270888771743,64.72259668581701,1064.7409121168707,77.91374198878421,47.446657427294554
2025-03-22 03:00:00,26.054564123510985,72.71799741322125,62.739495798319325,29.80549331199377,64.62229404595797,1071.8315239641513,77.23470624298727,47.341903324870366
2025-03-22 03:15:00,25.96840424086093,72.58895218676781,62.739495798319325,29.85169284484555,64.378510525685,1063.9738839906436,77.4854032321274,47.505948888572135
2025-03-22 03:30:00,26.017993621007964,72.67206154100323,62.739495798319325,29.840554956146136,64.65085373262157,1060.0807581522952,78.27981232678727,47.28446254003015
2025-03-22 03:45:00,26.129547028977864,72.65958578821756,62.739495798319325,29.84424877167634,64.59718897625153,1055.8489430493046,77.9731046059058,47.27056023952585
2025-03-22 04:00:00,26.043211313051764,72.61807028795003,62.739495798319325,29.83542795230073,64.78492397295854,1055.9131027175565,77.48830640798656,47.14340794821216
2025-03-22 04:15:00,25.862174413026597,72.63676417010258,62.739495798319325,29.899912398668366,64.78600688896465,1053.0627046694228,77.84344305127416,47.265431959499416
2025-03-22 04:30:00,25.86551904645601,72.63873646781406,62.739495798319325,29.893367307191095,64.98770219826037,1048.969270264723,77.73781119776898,47.17602520882074
2025-03-22 04:45:00,25.998645347507154,72.66995272182318,62.739495798319325,29.91213447041495,64.5459184866297,1058.4940631961135,77.25617984551033,47.45289171811595
2025-03-22 05:00:00,25.969130558332672,72.647385448293,62.739495798319325,29.883075837484604,64.74940000105182,1059.4993220601073,77.26939122717303,48.11264500629189
2025-03-22 05:15:00,25.744798049041407,72.70739974443211,62.739495798319325,29.848342949974384,64.98776116502717,1058.9230252948666,77.75396557991054,47.962514284110476
2025-03-22 05:30:00,25.8144505068511,72.78693055761771,62.739495798319325,29.870284539375607,65.57142480368336,1057.7198008549208,77.3378447240253,48.43186314331208
2025-03-22 05:45:00,25.808409175916374,72.83370609466478,62.739495798319325,29.859873627495563,65.92564058787994,1054.608247551659,78.65940345478718,48.52717274513107
2025-03-22 06:00:00,25.73889851841732,72.79522972341286,62.739495798319325,29.833725445668858,65.89402216578866,1058.3520706314762,77.94054621324176,48.250192089033
2025-03-22 06:15:00,25.893698734228092,72.76183895487078,62.739495798319325,29.876756103799842,68.42429355906489,1063.7284318103525,77.75738971390732,48.37737356301596
2025-03-22 06:30:00,26.0271503042303,72.82401291784039,62.739495798319325,29.897816679456437,68.15616206008733,1069.7906607762159,77.77334278130677,48.1797896500714
2025-03-22 06:45:00,25.848490018946542,72.82100063446114,62.739495798319325,29.886195892075815,68.57892229552124,1055.6884934489253,77.49916657036518,48.216060482241645
2025-03-22 07:00:00,25.429022909182347,72.79323059264904,62.739495798319325,29.938861482267505,68.94193782976322,1054.3320857201934,77.51016006691121,48.21210131575355
2025-03-22 07:15:00,25.303441699759677,72.72454306993819,62.739495798319325,29.894022364350985,68.64535596570508,1058.2789158249977,77.21912421535598,48.101696079311424
2025-03-22 07:30:00,25.426734430585075,72.75929180180857,62.739495798319325,29.926712473616575,68.80132095434628,1058.5993968038717,78.12876114238563,48.052660855480866
2025-03-22 07:45:00,25.267681077273558,72.76825949125181,62.739495798319325,29.935468355271272,69.1513774748812,1061.0511025678593,77.8464277600601,47.97358074120427
2025-03-22 08:00:00,25.403448161424507,72.82789571355268,62.739495798319325,29.95773358850507,69.42055270041837,1055.2039284965697,77.59379192432355,47.93438707786246
2025-03-22 08:15:00,25.211613625149987,72.80368927481581,62.739495798319325,29.96441110736661,69.50728429747126,1056.1354644793435,78.06337935894021,47.85195009426698
2025-03-22 08:30:00,25.163234079067863,72.72188119741283,62.739495798319325,29.94986527183235,69.6760036076372,1053.3027545170157,78.39272855956764,48.288910915209236
2025-03-22 08:45:00,25.01647362640075,72.69643798259014,62.739495798319325,29.938964015301814,69.70693783522525,1049.7175584763334,78.44510173962853,48.542531504045115
2025-03-22 09:00:00,24.424730605587172,72.67997136329193,62.739495798319325,29.958509660047774,69.76550895385213,1050.7706139127822,77.8511203560903,48.45657931853843
2025-03-22 09:15:00,24.32989869645986,72.81790775566988,62.739495798319325,29.971751776310256,70.11374080026883,1050.8620932267233,78.09894924726021,48.45622602903371
2025-03-22 09:30:00,24.399793309870738,72.80146556720621,62.739495798319325,29.9762818946569,70.11242882423888,1052.2364924684866,78.44130872322941,48.71041235263363
2025-03-22 09:45:00,24.664823153935583,72.91572015289434,62.739495798319325,30.024839942226123,70.02093528226285,1062.1846056114844,78.0885700007037,48.6302856960745
2025-03-22 10:00:00,24.687609341688162,72.92989654206083,62.739495798319325,30.0046762860896,67.1968001610749,1068.7877147463212,78.2626325814777,48.26569943799649
2025-03-22 10:15:00,24.90650299553265,72.85651022125093,62.739495798319325,30.03154210999484,67.20435412039073,1075.310141725078,78.5114554213938,48.69685443719353
2025-03-22 10:30:00,24.57410563425438,72.90570129444404,62.739495798319325,30.075210863265816,67.00889345969703,1074.3813475668273,79.17472431732158,48.88647128823015
2025-03-22 10:45:00,24.882865689910638,72.85163102227986,62.739495798319325,30.0483735190088,66.32248492665394,1081.4521590294937,78.3545070605565,49.07727065403912
2025-03-22 11:00:00,25.31557348410686,72.87619204011715,62.739495798319325,30.044713406125137,66.06919910966624,1080.4029661863924,78.0495115448477,49.00722931530662
2025-03-22 11:15:00,25.466443465991453,72.86447377242932,62.739495798319325,30.06405994331599,65.81208032871615,1085.8681393114327,78.74066987950998,48.89661468353639
2025-03-22 11:30:00,25.254230263019284,73.00494202034237,62.739495798319325,30.089270338541112,65.97031155734629,1087.8185917409717,78.43721926409457,48.977015943374745
2025-03-22 11:45:00,25.132823834078714,72.89875721019189,62.739495798319325,30.056066727344458,66.11531303040319,1093.8903291272663,78.41692874928475,48.61907621893482
2025-03-22 12:00:00,25.130604847101978,72.89912280113485,62.739495798319325,30.053713645665084,66.00983506259008,1098.7142480389698,79.0522588135644,48.34177552073291
2025-03-22 12:15:00,25.288473612382706,72.96774935379237,62.739495798319325,30.005072262845367,65.95502992855592,1093.7797563285885,78.75921321032511,48.518169681647144
2025-03-22 12:30:00,25.207162700316736,73.07473673482217,62.739495798319325,29.978157013933625,65.80127082104923,1093.2637014564434,78.97869627911737,48.4507680200473
2025-03-22 12:45:00,25.022149882425136,73.08103631201912,62.739495798319325,29.981045858193223,65.8751412576687,1093.3579772578776,78.91066522986078,48.610599876017616
2025-03-22 13:00:00,24.782998862161172,73.16092775713341,62.739495798319325,30.027227872911208,65.94875030064497,1089.2714670470427,78.7436077276463,48.64353666494488
2025-03-22 13:15:00,24.807979174343284,73.13191056262657,62.739495798319325,29.96448390297273,65.89474702771174,1085.1479780096788,79.7340002943643,48.47082141592799
2025-03-22 13:30:00,24.616750601344147,73.20732907321758,62.739495798319325,29.9739372590557,68.57441851276359,1075.4172364541694,78.50918763461372,48.9371093933369
2025-03-22 13:45:00,24.61613394032087,73.31693473279755,62.739495798319325,30.016911638680497,68.62409522955534,1069.059732623385,78.84058720796527,48.93897472562091
2025-03-22 14:00:00,24.737447256667984,73.3040660578053,62.739495798319325,29.984702447157513,68.49307395881895,1063.04816367614,79.15519334535735,48.94342633645952
2025-03-22 14:15:00,24.56143682375368,73.31924034377302,62.739495798319325,30.0301982685741,68.30837659189335,1056.4307843201507,78.75055386670945,48.7336262364828
2025-03-22 14:30:00,24.57007761968757,73.32244750430654,62.739495798319325,30.0089029343335,67.98122114980399,1054.1266784992802,79.31605155526266,48.80652292500878
2025-03-22 14:45:00,24.023141927015352,73.28973560127126,62.739495798319325,30.060047967051403,68.0936992534703,1051.6341613944571,79.01487767265472,49.261498095246004
2025-03-22 15:00:00,23.977699814621765,73.35448580718018,62.739495798319325,30.09800855659836,68.23651682107982,1045.5968159084034,79.24279339270119,48.88943122599764
2025-03-22 15:15:00,23.944729455279013,73.32368460061946,62.739495798319325,30.074336716319387,68.57355427560155,1042.1738521654315,79.76784306042079,48.82509623822457
2025-03-22 15:30:00,24.118979215670706,73.27593118644423,62.739495798319325,30.04780735050751,68.41576681396089,1038.4180285455006,79.19449780137289,48.6985107002954
2025-03-22 15:45:00,24.463023071582665,73.19281313373963,62.739495798319325,30.052007929551056,68.41952391800844,1041.579321925376,79.33107266519617,48.39991146854628
2025-03-22 16:00:00,24.41584953561559,73.2352121922337,62.739495798319325,30.035524526603968,68.80444619828636,1031.4360895722507,79.02241199175134,48.704472768726845
2025-03-22 16:15:00,24.289213709438002,73.16581260159869,62.739495798319325,30.04639218733214,69.13881171904355,1032.2607897669607,79.31998676202285,48.86993818908301
2025-03-22 16:30:00,24.269586780720925,73.2167531448261,62.739495798319325,30.03374135834608,69.00177028645885,1041.6366423875954,78.77236119090999,48.77248602867533
2025-03-22 16:45:00,24.54392813424425,73.16898896810437,62.739495798319325,30.0227257871509,69.07684241630687,1047.4286523247595,79.59445810145277,48.86257597590629
2025-03-22 17:00:00,24.773064511525085,73.19770870796405,62.739495798319325,29.997304249868144,66.61970113964978,1047.3563427921472,79.64636103630338,48.440222135268705
2025-03-22 17:15:00,24.922341249530223,73.24644408250242,62.739495798319325,29.991088053934917,66.68590384671305,1040.9238814006528,78.98549876580189,48.06156918599061
2025-03-22 17:30:00,25.073300077296505,73.29828030339048,62.739495798319325,29.963266348634033,66.82542799417857,1036.1315538488404,78.90007697428813,47.996133088944106
2025-03-22 17:45:00,25.011063833357984,73.2106449340731,62.739495798319325,30.012563482673954,66.54008113153142,1037.92616920706,79.26326231477587,48.34093053764794
2025-03-22 18:00:00,25.179277152274807,73.2353457407741,62.739495798319325,30.058667450544917,66.46697917894903,1041.916293970754,79.57954812862528,47.92652489563577
2025-03-22 18:15:00,25.03609631463535,73.20541317063436,62.739495798319325,30.02529723333635,66.14462588117179,1035.9564899719912,79.46763460230247,47.48260797914348
2025-03-22 18:30:00,25.527467537965546,73.14380279121336,62.739495798319325,30.052764234235983,66.25530846003784,1037.3618509573037,79.25620581841255,47.81675125828589
2025-03-22 18:45:00,25.592694189120134,73.21531238041109,62.739495798319325,30.07458087787774,66.35469305976984,1042.641065180433,79.34975714943512,47.53919782126367
2025-03-22 19:00:00,25.334996068823237,73.22976751151471,62.739495798319325,30.0927458127495,66.59482898760473,1052.3490270231155,79.27812268628614,47.23534200125958
2025-03-22 19:15:00,25.183549527630348,73.10924356814598,62.739495798319325,30.07392507417784,66.44516293809771,1047.11861177259,79.3068541918682,47.11538237110108
2025-03-22 19:30:00,25.111895921943116,72.88904832761901,62.739495798319325,30.081489285267267,66.3777833387541,1040.4539163745198,79.02030896482891,47.229894794326
2025-03-22 19:45:00,25.34437969568269,72.95724243312003,62.739495798319325,30.064140771915117,66.26131362312947,1040.787406943466,79.26377521518114,47.11988309674746
2025-03-22 20:00:00,25.473945602313325,73.08172871622875,62.739495798319325,30.03991821191477,66.1582434386145,1040.4963523109125,78.72818763809434,47.23352483224614
2025-03-22 20:15:00,25.338565805358535,73.02627488057377,62.739495798319325,30.030572776323787,66.31708158951633,1039.933524473596,79.08642214206252,47.248892608887175
2025-03-22 20:30:00,25.285529603934588,73.03710007559361,62.739495798319325,30.081404819486067,69.08132747194762,1043.5035887592883,79.60073635257916,47.749897185328486
2025-03-22 20:45:00,25.1147761825609,72.96618475309924,62.739495798319325,30.08506455144353,68.76355050579463,1045.5426953161113,79.44117350857965,47.71797969593358
2025-03-22 21:00:00,25.090508280376408,72.97445860351729,62.739495798319325,30.06796532201988,68.53930938096606,1037.8252638299384,79.0459814405697,47.37215438486803
2025-03-22 21:15:00,25.092714765278167,72.84295931395191,62.739495798319325,30.025815326494318,68.4490273588022,1034.6185346135214,79.52745522989875,47.81776909887868
2025-03-22 21:30:00,25.454065278059385,72.82809010560086,62.739495798319325,30.084050056387955,68.69201367337236,1042.8846808420703,78.92116522728934,47.77164576353334
2025-03-22 21:45:00,25.720029553081694,72.8159532406003,62.739495798319325,30.168948614634164,68.79241195123203,1035.404100731227,78.81066966877556,47.84662101202314
2025-03-22 22:00:00,25.57235650988417,72.81731627087126,62.739495798319325,30.18393460940285,68.46677607295206,1035.1967766952625,78.82233137227396,48.006968425369735
2025-03-22 22:15:00,25.2060496419747,72.72030196708658,62.739495798319325,30.172004841344236,68.41932460276038,1033.4496316511486,78.3230693650291,47.4375406542229
2025-03-22 22:30:00,25.225246054313825,72.76025669513152,62.739495798319325,30.137411201685715,68.69982296559988,1035.9442750421547,78.36813047268211,47.22006248929365
2025-03-22 22:45:00,25.427930126415287,72.89125467298295,62.739495798319325,30.101560757750846,68.78011247029744,1026.5013875023703,78.6521450030264,47.293750558572704
2025-03-22 23:00:00,25.724907656749767,72.93782990945432,62.739495798319325,30.111901889503145,68.68700496081888,1029.9242165430285,77.82472274437542,47.08272152105579
2025-03-22 23:15:00,25.89897490416507,72.91202384499796,62.739495798319325,30.073526881195267,68.66997353958764,1022.2691221263552,78.1297200384201,47.33233191432665
2025-03-22 23:30:00,26.067534426533676,72.88314848939356,62.739495798319325,30.039458921690954,68.51177400415952,1026.0087336516492,77.80933495707522,47.54538274357941
2025-03-22 23:45:00,25.902306111913727,72.77835809455479,62.739495798319325,30.051223467421412,68.58569285109782,1034.0313457956192,77.81498437372079,47.811815432693024
2025-03-23 00:00:00,25.67571896649898,72.69842420528407,62.739495798319325,30.01248416115448,65.89204169656256,1031.3075020868953,77.56640648053536,47.77631867549086
2025-03-23 00:15:00,25.77749404700678,72.78048852364033,62.739495798319325,29.951894714637703,65.6150191165082,1031.9455872136102,77.69283771874028,48.0122917306888
2025-03-23 00:30:00,26.124063834516186,72.61806225711928,62.739495798319325,29.995418269041014,65.52418608260714,1030.2402433147497,77.31153718269294,48.1929548038503
2025-03-23 00:45:00,26.31261184299374,72.58789507150153,62.739495798319325,29.994489875130974,65.66034858590234,1034.0659417750546,77.67200574994982,48.12650798270698
2025-03-23 01:00:00,26.287754819817632,72.64063975193058,62.739495798319325,29.914975763353695,65.70433923298313,1039.1585037264847,78.01082857793625,47.94239719093853
2025-03-23 01:15:00,26.0964337152025,72.68508408637675,62.739495798319325,29.92093000947774,65.49139461326025,1042.274749299632,77.4954514309993,48.14492845157453
2025-03-23 01:30:00,25.887728482625466,72.65327193751861,62.739495798319325,29.946771972452893,65.39511669210877,1037.3205358179546,78.08082511336873,47.89582465016931
2025-03-23 01:45:00,26.117635263045866,72.54841386562589,62.739495798319325,29.94704326891862,65.37316875063624,1041.1710428792198,78.01898909404268,48.13075200484119
2025-03-23 02:00:00,26.029361577603904,72.48717745954725,62.739495798319325,29.969445663141276,65.47318697083983,1042.1811909691448,77.6100339334873,47.8257149743484
2025-03-23 02:15:00,26.023782299104678,72.52449063419158,62.739495798319325,30.035421544679114,65.6512082513196,1040.333160789311,77.78710642139296,47.86482394564785
2025-03-23 02:30:00,25.925239459854726,72.60024614381507,62.739495798319325,30.00778419635126,65.62172375849964,1045.4668816674607,77.87342680741442,47.852174776515106
2025-03-23 02:45:00,25.641345771128524,72.55629536227754,62.739495798319325,30.028614849853412,65.93248773282166,1039.3904186247462,77.60032261208251,47.9693899963107
2025-03-23 03:00:00,25.46420700356243,72.44158290980131,62.739495798319325,30.02656964092409,65.74889105542621,1038.1471389533397,77.44339914069486,48.02841301238015
2025-03-23 03:15:00,25.433060898608858,72.50599956145578,62.739495798319325,30.017398986659952,65.70097502645179,1028.3650988674322,77.32345986468401,47.89767808155757
2025-03-23 03:30:00,25.4685802676774,72.48692127669352,62.739495798319325,30.038379307618076,68.16230236740098,1031.705186897808,77.42329800823806,48.4867339812223
2025-03-23 03:45:00,25.751937792716987,72.49130037813413,62.739495798319325,30.033753206757456,68.29461927397246,1027.383267157428,77.5353952068902,48.323792773175136
2025-03-23 04:00:00,25.853437699517304,72.42791538321327,62.739495798319325,30.052298602751282,67.98171894404315,1023.6079294096855,77.4676105861643,47.866556505793774
2025-03-23 04:15:00,25.566735490769627,72.45184501182759,62.739495798319325,30.064507282830508,68.0011194591331,1025.79460801983,76.92016603183015,48.20304216361927
2025-03-23 04:30:00,25.487790415224648,72.38451914747668,62.739495798319325,30.12802245744619,67.92098007895923,1030.660591134151,77.23667765125747,48.64210901412373
2025-03-23 04:45:00,25.400707948186707,72.31377780275169,62.739495798319325,30.192107464825536,67.95427755797388,1025.00799253659,76.84233048139151,48.65289666343578
2025-03-23 05:00:00,25.738033394357867,72.16877356580851,62.739495798319325,30.21517406134066,67.79225775419009,1026.1366370043443,76.89340220760381,48.73174899385861
2025-03-23 05:15:00,25.756089967385684,72.21993171812736,62.739495798319325,30.199949858897035,67.94132865317148,1021.1031399034209,77.15237309144122,48.72637053572811
2025-03-23 05:30:00,25.86140167768051,72.13584009684531,62.739495798319325,30.23597635129542,68.2026660296731,1027.603254361348,77.24894022286013,48.76275249371256
2025-03-23 05:45:00,25.863604649124905,72.08213401156114,62.739495798319325,30.16852487926033,68.26631818485426,1029.7836745097338,77.13889187030948,48.7652308133687
2025-03-23 06:00:00,25.57325624343607,72.06031766635238,62.739495798319325,30.156613621873216,68.20759858859299,1012.6503648714461,77.31939139009465,48.87677104157123
2025-03-23 06:15:00,25.710596624894716,72.08055224416837,62.739495798319325,30.192618108964353,68.1316014411557,1021.8307196895252,77.26285011867037,48.83926617551936
2025-03-23 06:30:00,25.958910976139702,72.17821205577887,62.739495798319325,30.235228669527746,68.17777804361242,1023.5197741340415,77.4474332731722,49.21575981582462
2025-03-23 06:45:00,26.01951428566416,72.0987845435216,62.739495798319325,30.278459529569005,67.81267927825839,1024.1670904748732,77.03428304596666,49.166450469050226
2025-03-23 07:00:00,25.975552123455817,72.10684739795485,62.739495798319325,30.273926862220367,67.74429786379172,1018.7004666641833,77.45600746042204,49.41836269610731
2025-03-23 07:15:00,25.83096242769316,72.0495036688997,62.739495798319325,30.238388833424576,65.16907620243227,1025.2991341643014,77.60003680097589,48.894687166342806
2025-03-23 07:30:00,25.285114316980096,72.0518541031859,62.739495798319325,30.28112311605868,65.32362258262648,1024.990283722922,76.77226898029426,48.87005105622906
2025-03-23 07:45:00,25.302853584357578,71.96221098321188,62.739495798319325,30.306924649209698,65.42229402965435,1028.2826174392949,77.16035620597397,49.09827923494574
2025-03-23 08:00:00,25.214764461569246,71.91408383855031,62.739495798319325,30.246575893405673,65.52061627546765,1025.5631476379021,78.23788917139781,48.90347391942902
2025-03-23 08:15:00,25.437857803157172,71.97505078065167,62.739495798319325,30.25034541838381,65.59652172805345,1029.3771334919588,77.60577092520043,49.28478924414276
2025-03-23 08:30:00,25.187119627833294,71.91284193952745,62.739495798319325,30.232856287402445,65.34135949051324,1023.648693815737,77.89216570071572,49.543233058439824
2025-03-23 08:45:00,24.863927777433364,71.86619287006049,62.739495798319325,30.301621621643292,65.46947772508433,1024.7841223686812,77.94690957152194,49.28829113855322
2025-03-23 09:00:00,24.579629629718717,71.90879122966663,62.739495798319325,30.304843454723922,65.70627410845658,1024.4821078523094,77.8171106861684,49.12224050744039
2025-03-23 09:15:00,24.561098880310368,71.83215779899446,62.739495798319325,30.334468502610896,65.8940953663978,1025.6990022786724,78.4168417900414,48.666012799671634
2025-03-23 09:30:00,24.742904140003834,71.81145332452512,62.739495798319325,30.335921140945448,65.704837216686,1022.1421146703393,77.29815949690204,48.823983650808785
2025-03-23 09:45:00,24.71829496217934,71.73887325625168,62.739495798319325,30.303334671368763,65.97272217069525,1019.660606592358,78.16421137306934,48.87889141970052
2025-03-23 10:00:00,24.95245830905687,71.7780642131132,62.739495798319325,30.3262492851116,66.19189296302893,1025.4871610361881,78.07222687955968,48.95710543430055
2025-03-23 10:15:00,24.754716663754035,71.75717732423706,62.739495798319325,30.34996777333001,66.61848929778435,1029.5485827158177,77.81017190820695,49.13612489485745
2025-03-23 10:30:00,24.30730369772359,71.70923853192855,62.739495798319325,30.41643741948061,66.64643222477525,1026.1139746053886,78.10243475822597,49.08541730716089
2025-03-23 10:45:00,24.547927974080814,71.67136232301392,62.739495798319325,30.414249080686773,69.31999664932857,1025.4050492925726,78.27898051845945,49.63803479838856
2025-03-23 11:00:00,24.796189546350398,71.67394985066356,62.739495798319325,30.449374161613203,69.45771234693078,1022.4703364821044,78.25134869989019,49.74588370518591
2025-03-23 11:15:00,25.26819680825927,71.62564942453247,62.739495798319325,30.46505200536425,69.1216721568911,1026.270141182068,77.8016099102165,49.47674201995365
2025-03-23 11:30:00,25.212004922850824,71.6748544904232,62.739495798319325,30.454529640734037,69.19057330219489,1029.5047965845338,77.98458613335343,49.25116822646331
2025-03-23 11:45:00,25.19349608725506,71.7649420883737,62.739495798319325,30.484352060859116,68.99394466428411,1030.6552638053486,78.8673235118838,48.716016737110444
2025-03-23 12:00:00,25.353756340459242,71.7990072374452,62.739495798319325,30.530588050537148,69.05523701501522,1026.8172995179445,78.57965383615402,48.55403429028812
2025-03-23 12:15:00,25.328119367875786,71.94030853528352,62.739495798319325,30.554845032424836,69.00983111543454,1025.317011073069,78.42647539832572,48.21803987576969
2025-03-23 12:30:00,25.148069100877006,71.93400662318331,62.739495798319325,30.553507817956365,69.13725643776374,1024.0322117515436,78.52283365560949,48.20623918570986
2025-03-23 12:45:00,25.331875045015025,71.98868275559623,62.739495798319325,30.470189964742538,68.89701892567261,1027.494275380611,78.43093433329653,48.078971482437
2025-03-23 13:00:00,25.217274620450304,72.02468390236767,62.739495798319325,30.455538302834547,69.08041880692673,1029.896876114512,78.47991193974258,48.15828060738346
2025-03-23 13:15:00,24.522769119744996,72.00574333973108,62.739495798319325,30.450519574904067,69.05545518975482,1025.4785602281097,79.17495939525335,48.15380678008938
2025-03-23 13:30:00,24.331045388857987,72.10344192184415,62.739495798319325,30.391957542135486,68.92675816359517,1013.2334431919958,79.05001957781667,48.22551670958479
2025-03-23 13:45:00,24.50257761401719,72.29799142564205,62.739495798319325,30.44723766406036,68.90268034763623,996.7155748492189,78.8704190910072,48.51602471183074
2025-03-23 14:00:00,24.3322417127071,72.40845378063193,62.739495798319325,30.44219428795189,69.26033942727037,986.8527018894767,79.21377601198017,48.39412991888912
2025-03-23 14:15:00,24.577670524971516,72.41626721082207,62.739495798319325,30.39855413624848,66.71393318730894,973.5751565162992,78.78918420817,48.11640216673763
2025-03-23 14:30:00,24.648674171336108,72.60155197537074,62.739495798319325,30.473587043346093,66.70599668017984,979.4576761866638,78.81229503827234,48.119637391244844
2025-03-23 14:45:00,24.52064885685859,72.58975422545429,62.739495798319325,30.490270778347508,66.84499308725245,995.9406780559253,79.05372234570267,48.44257997900857
2025-03-23 15:00:00,24.292191258566355,72.6193290903404,62.739495798319325,30.49379449703992,66.62573374864432,1010.6269354942091,79.23453330578494,48.490899608889755
2025-03-23 15:15:00,24.30560451479838,72.62214546954789,62.739495798319325,30.42897478257438,66.74006807369442,1015.847959384661,79.06246452061262,48.325145960960846
2025-03-23 15:30:00,24.43903303418171,72.72221098777374,62.739495798319325,30.453174252591644,67.03206213511469,1019.8280248013034,78.428961593777,48.19811621206076
2025-03-23 15:45:00,24.303105330002733,72.6241152644985,62.739495798319325,30.444365468776354,67.32896818329715,1019.7734837143938,78.51980161350934,48.56336829466919
2025-03-23 16:00:00,24.508331183417937,72.6565121203684,62.739495798319325,30.530037493481128,67.37648648877607,1036.989971689732,79.12638902538431,48.408118586183264
2025-03-23 16:15:00,24.23039485620589,72.64432441950352,62.739495798319325,30.526932886319127,67.54054827510141,1040.4321120889779,78.53197202670673,48.316398433679424
2025-03-23 16:30:00,24.205324593930065,72.72254286414449,62.739495798319325,30.499162692742324,67.37611111432767,1043.0357526767098,78.88525889458714,48.26517442618964
2025-03-23 16:45:00,24.519411710344936,72.7198965946176,62.739495798319325,30.481904431445724,67.33053809296418,1043.5666468653524,78.69275454486232,48.50275747661983
2025-03-23 17:00:00,24.82426437812816,72.64980001253434,62.739495798319325,30.456234635913223,67.28787275724784,1039.5506012605508,78.46935515843576,48.69750639255434
2025-03-23 17:15:00,25.100842530266075,72.73445991235168,62.739495798319325,30.481793585251086,67.03255777850599,1039.8048817599838,79.22114451782193,49.250218995224586
2025-03-23 17:30:00,25.179366730639632,72.70810480299585,62.739495798319325,30.40751090714545,67.04078061637591,1035.3652320109488,78.9295096757819,49.38082980929835
2025-03-23 17:45:00,24.973004897037875,72.71520600265946,62.739495798319325,30.430336925367243,69.25735284604369,1033.51080544959,78.82537620839108,49.488558590262414
2025-03-23 18:00:00,25.226655749091698,72.84120021302904,62.739495798319325,30.402249633002054,69.31374599422469,1040.8737794266924,79.16967084151332,49.59950843627265
2025-03-23 18:15:00,25.33152058575785,72.88660910405537,62.739495798319325,30.425974264000455,69.07173821452103,1031.1216265372582,79.05094401577463,49.49402291039318
2025-03-23 18:30:00,25.478131667721726,72.98275758149752,62.739495798319325,30.401825082165704,69.00015144845108,1035.5012250277878,78.78918656906825,49.38742476493084
2025-03-23 18:45:00,25.79647272407795,73.04541244689746,62.739495798319325,30.421516826171537,69.17014733043536,1025.59773566974,78.93416875994858,49.610219882688895
2025-03-23 19:00:00,26.08825771833876,73.1230800799745,62.739495798319325,30.41560831425778,69.38641381817207,1030.187495490651,78.73255355409896,49.64054253667197
2025-03-23 19:15:00,25.850054409652643,73.08451718385291,62.739495798319325,30.39528898190257,69.61655724625459,1022.6335796169353,78.91808289133633,49.89578209030753
2025-03-23 19:30:00,25.247242713027887,73.06784266715327,62.739495798319325,30.41063031987414,69.92184102339026,1028.8090817250409,79.14278840611063,49.71229525411687
2025-03-23 19:45:00,25.38465852992592,72.98008555717162,62.739495798319325,30.418722634193283,69.82535650690599,1040.7876558651772,78.7374236578215,49.733547358870105
2025-03-23 20:00:00,25.412519549502527,73.05132190485311,62.739495798319325,30.40274779513325,69.70770971793164,1039.8826661313908,79.01060521769695,49.91919027128264
2025-03-23 20:15:00,25.28480429050797,73.08805438789184,62.739495798319325,30.378694711160794,69.88717966360277,1033.3009804138508,78.32797129738758,50.2708261025105
2025-03-23 20:30:00,25.069709976972074,73.1104897721141,62.739495798319325,30.389873896639735,69.76733069535742,1032.7994456346191,78.20059620395071,50.38062576160393
2025-03-23 20:45:00,24.944165146397552,73.20343264717833,62.739495798319325,30.329234466882703,69.3426163272903,1038.1665868733583,78.89645233448412,50.43725846964847
2025-03-23 21:00:00,25.21582173004923,73.2778882167704,62.739495798319325,30.350637813172604,69.67194804900967,1032.816216005952,78.76241931414077,50.369541061358944
2025-03-23 21:15:00,25.47047189633742,73.25393804498323,62.739495798319325,30.34543122136592,67.02182558495154,1038.9295164235202,78.32505909936741,50.3595051150662
2025-03-23 21:30:00,25.560523545410256,73.22640377043264,62.739495798319325,30.355287962110026,66.94315495840613,1046.0513939097893,78.49820783628834,50.52580757774836
2025-03-23 21:45:00,25.569027038110267,73.17293353523667,62.739495798319325,30.28831127405121,66.95873530579907,1050.7186907396533,78.85498037916683,50.81292789591464
2025-03-23 22:00:00,25.70396170085902,73.24573877206711,62.739495798319325,30.273322226652873,66.73831376891856,1043.0255438565985,78.8418723420276,50.78005485967874
2025-03-23 22:15:00,25.649132541251802,73.19373234129863,62.739495798319325,30.30486749623406,66.62890327478448,1049.025123667971,78.75657318367539,50.32803853266441
2025-03-23 22:30:00,25.924530110428538,73.2035726739875,62.739495798319325,30.31301791208059,66.61339349072543,1047.900167796488,77.99536801131099,51.145047284952234
2025-03-23 22:45:00,26.067240441330004,73.1830540971131,62.739495798319325,30.27794693184397,66.38192103509162,1041.698052040519,78.40248992943005,50.87251800807851
2025-03-23 23:00:00,26.152896089034705,73.22737894693958,62.739495798319325,30.285252506339088,66.61411167124324,1043.5308195324837,78.20141342276214,50.96224667245176
2025-03-23 23:15:00,26.50326645598623,73.17887741165757,62.739495798319325,30.25155829444133,66.4127236190379,1045.1751219274367,77.6586091856162,50.86586965880724
2025-03-23 23:30:00,26.720301174276816,73.17173995431332,62.739495798319325,30.280961036443028,66.52368620941427,1035.937610562366,77.60599668723299,50.71716023178036
2025-03-23 23:45:00,26.710398964863764,73.14982694966253,62.739495798319325,30.25424116581025,66.68297445632689,1036.084872705197,77.90842244597965,50.72273892617476
2025-03-24 00:00:00,26.580416988058705,73.13692558879431,62.739495798319325,30.299805682305042,66.56658585271644,1033.1461871403478,77.94600132116177,50.662238650703344
2025-03-24 00:15:00,26.53039537944454,73.17434771865912,62.739495798319325,30.29948129562197,66.62800302477713,1036.0177774888432,77.77489158294095,50.73198418299
2025-03-24 00:30:00,26.845149623340458,73.2520985324248,62.739495798319325,30.281332830291017,66.60736403180965,1041.7153971226796,77.43245859945132,50.59671398399026
2025-03-24 00:45:00,26.79565987063495,73.1629516463241,62.739495798319325,30.283071163371044,69.42717801716334,1039.8278733605691,77.52277525326858,51.18276329611413
2025-03-24 01:00:00,26.80593956174874,73.18470456874752,62.739495798319325,30.311368728227468,69.87267999988461,1036.3468120945063,77.69959977377802,51.63672398304715
2025-03-24 01:15:00,26.41586593087754,73.11484511177568,62.739495798319325,30.24826071726079,69.3926547738546,1033.893347131645,77.59698502848143,51.47625717045975
2025-03-24 01:30:00,26.170883651786255,73.09533537798644,62.739495798319325,30.214345965919616,69.20738262575595,1037.4846309414313,77.08776479849828,51.558184822958914
2025-03-24 01:45:00,26.399914004592397,73.18099289638968,62.739495798319325,30.19012851913809,69.25223299657745,1044.3543219887129,77.57592812991503,51.36526166529031
2025-03-24 02:00:00,26.404068618757922,73.19579565638371,62.739495798319325,30.170296161728167,69.2805599697582,1044.270743403856,77.07869319363317,51.336387520325694
2025-03-24 02:15:00,26.321119554363342,73.11509112560869,62.739495798319325,30.218960277650268,69.41592693105339,1049.4479773855408,77.23940206035476,51.748123078034
2025-03-24 02:30:00,26.077102147473003,73.11322668820841,62.739495798319325,30.193755650147832,69.65939706049613,1047.5232650053183,77.28454070558358,51.36137373448798
2025-03-24 02:45:00,26.142015326338427,73.14344039963666,62.739495798319325,30.191019421013234,69.44994140803284,1043.7254046736437,77.31173429110353,51.58859485811038
2025-03-24 03:00:00,26.045569385835837,73.05774920498247,62.739495798319325,30.133927058715667,69.4497914142867,1044.2544286143839,77.10995730252223,51.391117175932955
2025-03-24 03:15:00,25.80594703136871,73.20411246909471,62.739495798319325,30.20804771801913,69.44644183605197,1045.4961842392745,77.02424002697576,51.433076962411405
2025-03-24 03:30:00,25.823356626978452,73.22788743717119,62.739495798319325,30.172312454280107,69.74627389364147,1045.3353019839426,76.93863533256582,51.52561628343513
2025-03-24 03:45:00,25.723557540037415,73.2088956380188,62.739495798319325,30.11023152600618,69.6971746262014,1043.5700202810658,76.9434460136407,51.57074094449104
2025-03-24 04:00:00,25.787207385530706,73.22539495987695,62.739495798319325,30.10555298769608,69.71641633961458,1045.8559522227492,76.71995930183112,51.71034826643665
2025-03-24 04:15:00,25.83377265458383,73.24841754432907,62.739495798319325,30.09648693453305,69.47763359176466,1040.8573461718506,76.94740477729084,51.40231025457837
2025-03-24 04:30:00,25.778246441005404,73.29202089547587,62.739495798319325,30.027736679583292,66.58676198630113,1050.9380061002857,77.24835128378943,51.02127142656255
2025-03-24 04:45:00,25.57187308745207,73.3728287949951,62.739495798319325,30.02170280791735,66.54122462397333,1048.5442240434006,77.37411449245134,50.84628048502405
2025-03-24 05:00:00,25.63317804457389,73.4342464799696,62.739495798319325,30.028973944881486,66.51844845329683,1049.0224058713584,76.69031640148785,50.97774555435155
2025-03-24 05:15:00,25.818759214671854,73.39268820073708,62.739495798319325,30.073925733773056,66.4272644810364,1053.7309208968811,77.34785903771412,51.272812066318515
2025-03-24 05:30:00,25.807461620534028,73.51755357454412,62.739495798319325,30.06107747576507,66.34524057124482,1051.6631147150879,76.64293442859119,51.48914486961287
2025-03-24 05:45:00,25.86151393232976,73.55021780582186,62.739495798319325,29.981179858005483,66.53086689023398,1043.8290867988453,77.02939908875123,51.2463294498498
2025-03-24 06:00:00,25.809068070035856,73.59728288640584,62.739495798319325,29.982571160341706,66.40277430966538,1050.2349078739849,77.56301197478524,51.31109790776534
2025-03-24 06:15:00,25.807299730318825,73.53164023860074,62.739495798319325,29.938370235745825,66.65352283431457,1050.2982718004673,77.12086772361202,51.29492020570773
2025-03-24 06:30:00,26.03617412504147,73.61723550608347,62.739495798319325,29.92436717891881,66.92531535333414,1049.0666899511953,77.28814593122068,51.27547536445934
2025-03-24 06:45:00,26.197394864853155,73.44509274924293,62.739495798319325,29.998221517902888,66.90042014506788,1047.9232393345267,77.216973197048,51.28722678415095
2025-03-24 07:00:00,26.100740977210815,73.36742848838759,62.739495798319325,30.004019927077746,66.73998418630354,1044.3669756514525,77.05174913798696,51.62215767276543
2025-03-24 07:15:00,25.84743716185552,73.35120378477302,62.739495798319325,30.031020034691384,66.48042884600457,1049.8220185438715,77.08920442766882,51.574475306686466
2025-03-24 07:30:00,25.5834286333595,73.36932812391922,62.739495798319325,30.008773716479094,66.50544361327684,1053.6754841959244,77.52864258167104,51.579823402663024
2025-03-24 07:45:00,25.432600987881663,73.45121770189294,62.739495798319325,29.940539482913888,66.17467541395652,1059.2114438729293,77.32777131996335,51.26720964359092
2025-03-24 08:00:00,25.439431226512383,73.37378207151815,62.739495798319325,29.997693234567574,68.70267931572133,1061.385751448253,77.25122990831007,51.67129017365026
2025-03-24 08:15:00,25.538754516052386,73.45206281022828,62.739495798319325,30.030135093209985,68.94066547894306,1049.4519106254838,77.02132090760716,52.03004866686666
2025-03-24 08:30:00,25.427193963519663,73.5365204573748,62.739495798319325,30.009868521486737,68.77702232689376,1058.5302366456337,77.74063353829199,51.97875680379032
2025-03-24 08:45:00,24.92310426213203,73.58153402653014,62.739495798319325,30.030294129906505,68.96336368674886,1052.2237456143241,77.23840300303085,52.47910926503181
2025-03-24 09:00:00,24.649697111331648,73.61254737947203,62.739495798319325,30.078923018814354,68.88021663904833,1057.0624590250059,77.53433526432481,52.70350885360531
2025-03-24 09:15:00,24.5870150551911,73.57647106597905,62.739495798319325,30.047425520776354,69.27590811745651,1061.5536647683732,77.59834735180463,52.761312870592896
2025-03-24 09:30:00,24.7762976462421,73.67709006275312,62.739495798319325,30.057516346312976,69.02390930344804,1068.2544377909253,77.84732824538983,52.56519874341602
2025-03-24 09:45:00,24.788811784364825,73.71383765224594,62.739495798319325,30.055095382402563,68.99572329118253,1067.86953793464,77.52320286119183,52.644912648205
2025-03-24 10:00:00,24.95377629343085,73.8052329381804,62.739495798319325,30.020659502891476,68.81719761899,1063.5483265877822,77.8803875530262,52.25184646568012
2025-03-24 10:15:00,24.638009267669037,73.86710162607484,62.739495798319325,30.068076188474503,68.6591236308313,1060.6372223135293,77.83118621832446,51.890705904984316
2025-03-24 10:30:00,24.281233057182053,73.89677428207315,62.739495798319325,30.08713941348897,68.9151387879682,1060.631192839103,77.85557083044316,51.852404513024815
2025-03-24 10:45:00,24.413985862321606,73.89954299414232,62.739495798319325,30.098041448360853,69.07827765407421,1057.6875738232063,77.95809227161318,52.36577236242614
2025-03-24 11:00:00,24.75166771476908,74.00794011511888,62.739495798319325,30.14081264143124,68.83619057866994,1055.7994066693593,77.62460895524289,52.23105062184317
2025-03-24 11:15:00,24.73173900277695,73.99254143147388,62.739495798319325,30.115519383796503,68.85135783715937,1057.9974212910806,77.45106376896715,52.11016190879692
2025-03-24 11:30:00,24.494063916813978,74.02125177569867,62.739495798319325,30.09373545206223,66.31010407425086,1061.9125184119284,78.01053813957687,52.005505947697245
2025-03-24 11:45:00,24.162382163264358,73.94375475515679,62.739495798319325,30.12383187696691,66.50920364227667,1061.2947648902764,77.91711965803803,51.93472793747431
2025-03-24 12:00:00,24.530448412848333,73.9983915624082,62.739495798319325,30.12418406338177,66.45385892986718,1053.918410839276,78.6298357719229,51.93490340497099
2025-03-24 12:15:00,24.66235688209371,74.03588403998077,62.739495798319325,30.094897347384897,66.31711369676387,1054.7611264370644,78.08996381194675,51.65857272692818
2025-03-24 12:30:00,24.74367798706806,74.0715426853896,62.739495798319325,30.077041405245055,66.4765126897969,1064.5663390367856,77.85861559395019,51.17250718924558
2025-03-24 12:45:00,24.782610712428657,74.1149091183074,62.739495798319325,30.101386937506742,66.42130344353451,1066.5176102766627,78.17331117693291,51.13146290034312
2025-03-24 13:00:00,24.749946910282855,74.08775824244726,62.739495798319325,30.086226462000806,66.46866453595862,1064.4027066649217,78.07638734715059,51.20913141393288
2025-03-24 13:15:00,24.799410515250408,74.18192433096343,62.739495798319325,30.120914345546478,66.80458778626172,1060.8441766722012,78.18965132728272,51.32700286624931
2025-03-24 13:30:00,24.526675459684668,74.14107172823603,62.739495798319325,30.20498449150686,66.88423279944465,1058.2590270985627,78.01463887663928,51.09908556335807
2025-03-24 13:45:00,24.518554815977353,74.09325476597101,62.739495798319325,30.110148138916497,66.87130542065218,1058.3507869448613,78.98901203683344,51.15298076257107
2025-03-24 14:00:00,24.381846677973087,74.0432423028616,62.739495798319325,30.096012121971537,67.05060486048593,1067.9161696628214,78.54541944440241,51.194004728179216
2025-03-24 14:15:00,24.264410253224067,74.13711056724047,62.739495798319325,30.1698133661822,66.68546350134261,1068.764043389789,78.26071876474606,51.34681293149765
2025-03-24 14:30:00,24.204100760554862,74.15519676889959,62.739495798319325,30.140976163258703,66.65219700584791,1072.2266013918074,78.89139241398719,51.49287850804881
2025-03-24 14:45:00,24.177037322300748,74.14597108208531,62.739495798319325,30.176873872976458,66.57811394922447,1065.5771615073763,78.64849559404938,51.50515714404473
2025-03-24 15:00:00,24.06236230478921,74.05579418227411,62.739495798319325,30.132645086739895,69.63702777573072,1062.2737844504982,78.33792932235713,51.8404556791028
2025-03-24 15:15:00,24.127266818179468,73.97948125999193,62.739495798319325,30.10959001138033,69.3850181064091,1063.6957809225423,79.05730544770816,51.50586447163718
2025-03-24 15:30:00,23.959071554535637,73.8553718625323,62.739495798319325,30.143761386458408,69.19536811435246,1059.2767507065705,78.90198775810262,51.81803088878925
2025-03-24 15:45:00,24.32209959013211,73.98975185179867,62.739495798319325,30.166069732329184,69.19587983026773,1061.1461571242432,78.98217655664337,51.64070722218111
2025-03-24 16:00:00,24.52640283882668,74.05450246991877,62.739495798319325,30.188645696428733,69.01869274258004,1064.5845172170345,78.64407776386763,51.78129452832205
2025-03-24 16:15:00,24.524560577860463,74.19879501033303,62.739495798319325,30.195848624138964,69.28217073787872,1065.7079186378585,78.68939471898604,52.089858250222434
2025-03-24 16:30:00,24.225437399202157,74.17999212178731,62.739495798319325,30.197921746060583,69.32429030259499,1056.4128478415016,78.66544377876018,52.40372370609646
2025-03-24 16:45:00,24.63547010358213,74.36869570143445,62.739495798319325,30.18699822186607,69.44293015195555,1059.2117250117828,78.65834323516067,52.36357095505508
2025-03-24 17:00:00,25.10979999578078,74.34731521352187,62.739495798319325,30.16260371340546,69.11606828561106,1058.9968537994237,78.85414420654304,52.08454402404554
2025-03-24 17:15:00,25.458536449111502,74.51771156258114,62.739495798319325,30.139554680226023,69.29390122999096,1058.328709992463,78.80141810203078,52.225995575591135
2025-03-24 17:30:00,25.376466268380085,74.57240877494694,62.739495798319325,30.135432200941818,69.23099128305216,1052.7551535193134,79.12844430276095,51.79128396448659
2025-03-24 17:45:00,25.3673072495508,74.70725768215134,62.739495798319325,30.164675893496074,69.27079744818586,1052.2023338907284,79.29500222337198,51.27461955894178
2025-03-24 18:00:00,25.450812312613845,74.97735623442162,62.739495798319325,30.25052469932712,69.33826030114575,1050.6367030461133,79.1331317710998,51.66899033923208
2025-03-24 18:15:00,25.511682775680896,74.96974788343637,62.739495798319325,30.296190474424197,69.71383301524442,1048.8386786411534,78.6408037131091,51.72795168108823
2025-03-24 18:30:00,25.825402258454226,74.8445353340267,62.739495798319325,30.27989485437,66.99693758015009,1048.5868352267285,78.60646755753554,51.39092164967909
2025-03-24 18:45:00,26.0284048684863,74.77952972555161,62.739495798319325,30.296787102840913,67.32429187612675,1042.0146206990573,79.10980296693003,51.41179462575925
2025-03-24 19:00:00,26.125405047838857,74.77571893589308,62.739495798319325,30.29355528997419,67.50915179708035,1048.0410477144374,79.1720264924011,51.76953353158934
2025-03-24 19:15:00,25.809184001476478,74.74932047630895,62.739495798319325,30.261284287678794,67.12498097747779,1046.0774940484375,78.53849142155237,51.92938696941021
2025-03-24 19:30:00,25.901439241712016,74.86700312076694,62.739495798319325,30.25015200294454,67.07313409528193,1049.1051948570457,78.78325905455692,51.62441040844349
2025-03-24 19:45:00,26.156465255831776,74.86448454884786,62.739495798319325,30.291448710746366,67.4278442377526,1047.5925858642772,78.32429732855452,52.234995809467286
2025-03-24 20:00:00,26.05240566108631,74.88162546353638,62.739495798319325,30.33793622218588,67.43718994874591,1053.341248209271,78.47716424849402,52.34586560282588
2025-03-24 20:15:00,26.196049941988388,74.7709702371177,62.739495798319325,30.368924656496546,67.12165027224945,1055.922864676121,78.61251600312485,52.52199963237408
2025-03-24 20:30:00,25.96859143311865,74.84379527567678,62.739495798319325,30.347926382522978,67.1673778718922,1055.520010244735,78.06693893489093,52.55304813845998
2025-03-24 20:45:00,25.528981039167597,74.71018194945857,62.739495798319325,30.31603987500508,67.40048073125644,1051.5286866869542,78.3306080505267,52.50369483789138
2025-03-24 21:00:00,25.269910265275627,74.67495258320434,62.739495798319325,30.360193855088394,67.07566789736823,1044.4297529803437,78.06414905700878,52.09723704319943
2025-03-24 21:15:00,25.430221047219757,74.60576801402127,62.739495798319325,30.309586846410355,67.02119215279934,1039.5091510456425,78.10665076657293,51.860472304721924
2025-03-24 21:30:00,25.50782256592026,74.66537238370405,62.739495798319325,30.35222578959455,66.9471242144003,1035.669976439074,78.29914453160063,51.92652423373468
2025-03-24 21:45:00,25.51273690500991,74.71166909162187,62.739495798319325,30.332320221433992,66.86428132610077,1038.5171446780764,78.37076262628176,52.037863523011275
2025-03-24 22:00:00,25.555402702667276,74.75543384603328,62.739495798319325,30.313936483943703,69.47636781220697,1035.2399182524016,77.86082506446297,52.45876896507463
2025-03-24 22:15:00,25.596284352285682,74.82058998168682,62.739495798319325,30.288099871824613,69.61006757847193,1042.124416375067,78.34117038992605,52.07458176971738
2025-03-24 22:30:00,25.412601929808982,74.85542116549367,62.739495798319325,30.31737458880401,69.99426906301866,1036.4298682502942,77.68961992017626,51.95237867573719
2025-03-24 22:45:00,25.55266203331491,74.92064730412493,62.739495798319325,30.343764037698154,69.85233923217467,1040.8912111807488,78.17136789367387,51.939321716915984
2025-03-24 23:00:00,25.861511331939766,74.8544754529108,62.739495798319325,30.347164438756835,69.80491816360687,1037.2415947329703,78.17300609589691,51.71044780712659
2025-03-24 23:15:00,26.193452704704296,74.76913546924334,62.739495798319325,30.38765124292421,69.88397228047684,1040.0562857699701,78.1355739457436,51.87375979418322
2025-03-24 23:30:00,26.253413346454014,74.77129170909382,62.739495798319325,30.406670996394773,70.0955373976462,1041.8490998206914,78.05300421291896,51.962952858052866
2025-03-24 23:45:00,26.366794200936187,74.64774357989656,62.739495798319325,30.45612175954353,70.06818914537105,1036.3590366765543,77.64170088467858,51.85895188897816
2025-03-25 00:00:00,26.154383318118118,74.5852231448845,62.739495798319325,30.480063450667934,69.90543253518118,1034.01495992129,77.72747367289226,52.047025390074104
2025-03-25 00:15:00,26.158585487474877,74.60860728784924,62.739495798319325,30.48663966914698,69.9340397446461,1029.7920122206026,78.01579807199248,52.45388978805825
2025-03-25 00:30:00,26.569382735530745,74.61668014654624,62.739495798319325,30.459197807834364,69.54286083733332,1038.8286401053342,76.82751970573692,52.43421936544251
2025-03-25 00:45:00,26.884676793659267,74.65198999782076,62.739495798319325,30.367064730690096,69.30951458222798,1042.6406682525624,77.55026894047259,52.49503799423788
2025-03-25 01:00:00,26.751862509487417,74.63847517905987,62.739495798319325,30.332107904969615,69.30024115644025,1037.7318312511748,77.18715368218932,52.7002543848268
2025-03-25 01:15:00,26.369783678182355,74.50888226884518,62.739495798319325,30.29525327677347,69.55448620677875,1030.165853593757,76.67442713732974,52.81996686466354
2025-03-25 01:30:00,26.29106493351774,74.42126575475557,62.739495798319325,30.287721528253318,69.47490265876185,1029.1829139385093,77.12753543459019,52.869006052053585
2025-03-25 01:45:00,26.38607684153107,74.28347813796435,62.739495798319325,30.250470497660682,67.23264614848493,1028.483547747286,76.4929155120834,52.67755093684591
2025-03-25 02:00:00,26.533442550136577,74.20015615271812,62.739495798319325,30.22924430926535,67.39312472448539,1036.511629618238,77.06710580247056,52.78983175431222
2025-03-25 02:15:00,26.283922514215085,74.17534671868295,62.739495798319325,30.236849108547975,67.45631297983144,1030.7767603107452,77.21199053210742,52.35424844344809
2025-03-25 02:30:00,26.32437092345809,74.09729515722584,62.739495798319325,30.259174002252543,67.10893531645192,1033.9730995047514,76.98378013549804,52.634119749555765
2025-03-25 02:45:00,25.95475702695147,74.21291974130571,62.739495798319325,30.22378566319251,67.37384587559542,1033.6720803755934,77.1941054092333,52.60241194937178
2025-03-25 03:00:00,25.75630857332619,74.16839089600568,62.739495798319325,30.24554034063587,67.24098580838341,1035.029503264417,77.2362877521303,52.40202269192184
2025-03-25 03:15:00,25.588532560954572,74.23390806334766,62.739495798319325,30.246191215963755,67.01291822791288,1034.0159599647143,76.94445924251762,52.12457139006892
2025-03-25 03:30:00,25.82698438356486,74.1678842262059,62.739495798319325,30.203196938017484,66.95406766914587,1034.330836884971,76.99217337137183,52.00729616574375
2025-03-25 03:45:00,25.55619420768089,74.23095925125892,62.739495798319325,30.212279304361015,66.59229538064984,1028.486374125299,77.29556304298096,51.87119526259468
2025-03-25 04:00:00,25.43537740508955,74.17813571513513,62.739495798319325,30.210154123381972,66.54216444032043,1030.0793270364197,77.04562041881493,52.214120767507396
2025-03-25 04:15:00,25.55000528188589,74.19152392916634,62.739495798319325,30.173064109386747,66.82716336217007,1031.4227105295802,77.37100847070393,51.95080707701621
2025-03-25 04:30:00,25.745714452425144,74.16916903929766,62.739495798319325,30.204462389141934,66.82528121302217,1031.213805407279,76.73500956613444,52.09046562398186
2025-03-25 04:45:00,26.02186128719596,74.20033355948445,62.739495798319325,30.197480596885786,66.83007275823726,1026.5058912136399,76.58765005005371,51.79305862497696
2025-03-25 05:00:00,26.553002411487384,74.2324451513406,62.739495798319325,30.24280222000417,66.6746270401202,1022.6171276918287,76.69921797124692,51.53344800302082
2025-03-25 05:15:00,26.826845878087457,74.11529752347387,62.739495798319325,30.230490054133625,69.45557469067928,1021.5559751489906,76.5915383340591,51.58875964228739
2025-03-25 05:30:00,26.760867720234785,74.13755974806683,62.739495798319325,30.22565775354437,69.17875216319624,1018.8553366381115,76.94577900830105,51.736459061416326
2025-03-25 05:45:00,26.673085067419418,74.18427941194413,62.739495798319325,30.19538525260462,69.1991237926182,1010.8608459219753,76.99789807684542,51.801273351123456
2025-03-25 06:00:00,26.63662152381405,74.07103742166498,62.739495798319325,30.225044250612594,68.92665043719337,1010.7937399548838,76.73822035314068,51.99256511968479
2025-03-25 06:15:00,26.405219684806163,74.08294369857701,62.739495798319325,30.146038939108518,68.87900876012293,1015.5395644865887,77.21426002254199,52.48966897533322
2025-03-25 06:30:00,26.61996712768902,74.0515601618546,62.739495798319325,30.178971221453075,69.1771261802067,1018.3082235731931,77.19248168260745,52.47736006919486
2025-03-25 06:45:00,26.694280947952993,74.07546023884122,62.739495798319325,30.211721036206978,69.04361171756071,1016.4790776424671,76.67918781137493,52.41311927073212
2025-03-25 07:00:00,26.655036106800594,74.07072323809271,62.739495798319325,30.20128023131444,68.82852307623958,1017.2819714460495,77.09105500211875,52.39071012073753
2025-03-25 07:15:00,26.162944000831278,73.98916595607825,62.739495798319325,30.215394445213562,68.90411799928587,1018.2423472656664,76.915611248629,52.31938191065677
2025-03-25 07:30:00,25.628900176881857,74.06458450365349,62.739495798319325,30.210979877503647,68.93670062805882,1014.0218232834388,76.58007173408328,52.303216659368815
2025-03-25 07:45:00,25.402073488568288,74.07065899834026,62.739495798319325,30.19497428563965,68.92377839820895,1013.3875059726455,77.43304948617946,52.321321576690096
2025-03-25 08:00:00,25.400566469120175,74.12063854422551,62.739495798319325,30.138369887085666,68.8207725118781,1010.1168957583889,77.48735931072282,52.236273304191215
2025-03-25 08:15:00,25.41647966342517,74.18528374192526,62.739495798319325,30.12110950033372,68.77887850258624,1004.2253454005421,76.74662749992562,52.3823009022233
2025-03-25 08:30:00,25.5293055493512,74.26544695664266,62.739495798319325,30.152537126569698,68.74711408990454,1006.7405673027708,77.3548682891187,52.527256246605226
2025-03-25 08:45:00,25.44384415253168,74.2916368660987,62.739495798319325,30.207449731181033,66.46264982530708,1003.373408717436,77.2044389057981,52.39612763335618
2025-03-25 09:00:00,25.362067746631517,74.25955032514979,62.739495798319325,30.204645426279615,66.61308633464319,1003.5140587008394,77.33031597623885,52.04174258674701
2025-03-25 09:15:00,25.513177976211807,74.51164809037684,62.739495798319325,30.168085044581723,66.60255166333955,1005.6958113981214,77.23244578138575,52.04312226653924
2025-03-25 09:30:00,25.518308805067576,74.66052112545282,62.739495798319325,30.20104792346213,66.80337792894231,1000.7011377367527,77.19009337459565,51.98385927124984
2025-03-25 09:45:00,25.386508468090632,74.6392446873564,62.739495798319325,30.18916631403832,66.68335060599738,1003.4024175285706,77.54910498534208,52.153690202812925
2025-03-25 10:00:00,24.842658667325658,74.70071601220953,62.739495798319325,30.222078428057515,66.3124615176804,1011.355041120742,77.61490975870177,52.431939762193224
2025-03-25 10:15:00,24.986682790133973,74.69023315629387,62.739495798319325,30.205789405806918,66.3575683995637,1016.2729246896411,77.25108009513129,52.19146953678517
2025-03-25 10:30:00,24.844822436211736,74.69542877522225,62.739495798319325,30.19388376207447,66.3331597214565,1006.4346999371703,77.37639857237295,52.34829086009441
2025-03-25 10:45:00,24.664523595574977,74.79906901972421,62.739495798319325,30.165254214268266,66.17828682505295,997.9695906283321,77.51284335438034,52.40196198880208
2025-03-25 11:00:00,24.980974288437604,74.80155400034067,62.739495798319325,30.132340770533318,66.1967830391593,996.2943424369764,77.92631809317412,52.0284867638392
2025-03-25 11:15:00,25.318271032431177,74.82761192837664,62.739495798319325,30.112072577479292,66.36001598439313,990.1581075984236,77.95918965402238,52.427515648043105
2025-03-25 11:30:00,25.509120510356695,74.96250672857032,62.739495798319325,30.16603585611594,66.3334047446414,992.3164376953376,78.04906076793488,52.5243130997768
2025-03-25 11:45:00,25.22547020060738,74.99789927431635,62.739495798319325,30.167282052961696,66.54480707808169,989.2402481693252,77.8003334320757,52.33600132974414
2025-03-25 12:00:00,25.11529556752509,75.00231338695535,62.739495798319325,30.149174713939836,66.81888909347954,993.8980942894784,78.16936811293176,52.457790265611685
2025-03-25 12:15:00,25.191806404048954,75.10355037131639,62.739495798319325,30.18454659530256,69.57222664094377,993.2821774980476,78.14225097028513,52.72189912076769
2025-03-25 12:30:00,25.23241034896231,75.09591299777941,62.739495798319325,30.21141322764839,69.69800460545486,992.3025311211408,77.43328882484946,52.68313383882905
2025-03-25 12:45:00,25.542579511304204,75.12094087087175,62.739495798319325,30.193273659790798,69.7419636845444,988.8367247264637,78.20872067045612,52.5370776133193
2025-03-25 13:00:00,25.187359027424172,75.2380264495655,62.739495798319325,30.157033964613323,69.83533237579464,994.2419724043921,77.87021562809493,52.6808938532158
2025-03-25 13:15:00,24.8964197758831,75.29798621590734,62.739495798319325,30.1598328588762,69.994832956433,988.7050731313735,78.09220950957507,52.572568380837225
2025-03-25 13:30:00,24.76976889513174,75.31748815601854,62.739495798319325,30.15943923735081,70.32678168042035,987.085310046267,78.11749228272423,52.60063540334736
2025-03-25 13:45:00,24.898266366617957,75.36474981436412,62.739495798319325,30.23207146317,70.30244465954317,990.0676369741159,78.23344088328811,52.59857475638132
2025-03-25 14:00:00,25.09751708915421,75.43391831990995,62.739495798319325,30.25062169749302,70.24372337557189,979.3832150228213,78.45941112530058,52.90672409337732
2025-03-25 14:15:00,24.83074758334822,75.42834135630024,62.739495798319325,30.254966081985536,70.22187853851365,983.6661296147291,78.54298035253815,53.11011286075179
2025-03-25 14:30:00,24.872029401242706,75.35597204284377,62.739495798319325,30.290798084244205,70.07532340223416,991.0947882031854,78.46021819773176,52.94319638199956
2025-03-25 14:45:00,24.572314079749933,75.36033430246445,62.739495798319325,30.320803902383574,70.00090982311119,987.636236191239,78.26545897883922,53.16227496653471
2025-03-25 15:00:00,24.249865378751622,75.33216106006833,62.739495798319325,30.34382261662396,70.0265838827618,993.6777042055276,78.76881593224786,53.55062095286008
2025-03-25 15:15:00,24.288229857583424,75.31446465241866,62.739495798319325,30.2227194536489,70.41335547041723,991.2430448373335,78.46458540126342,53.90534155098645
2025-03-25 15:30:00,24.340406591063992,75.33594257414777,62.739495798319325,30.192968732740646,70.71147545033828,982.8057428796459,78.32782906361945,53.948870670935676
2025-03-25 15:45:00,24.722264111989368,75.38855498255255,62.739495798319325,30.208147502456026,67.94804036193935,983.3147622002375,78.64712485986846,53.4752247907195
2025-03-25 16:00:00,24.835702493813958,75.59944096266716,62.739495798319325,30.246383585236554,67.58647658736854,978.2495352793474,78.4486336498932,53.67058502347004
2025-03-25 16:15:00,24.807835161144627,75.63029789347112,62.739495798319325,30.30146027951303,67.50543084419441,978.2535291367991,78.4501043487413,53.981277958033104
2025-03-25 16:30:00,24.473587872801,75.52193352481918,62.739495798319325,30.298279277843903,67.40511260229961,979.7139015712793,78.4924945030815,53.956071410889024
2025-03-25 16:45:00,24.68751518125229,75.6182883230103,62.739495798319325,30.273541278788475,67.43226784900975,974.6135110296506,78.62884161945559,53.66633506086277
2025-03-25 17:00:00,25.014484348280007,75.59811079888455,62.739495798319325,30.255655358498633,67.35686580304247,971.7703543792455,78.46339398732634,53.98885029936955
2025-03-25 17:15:00,25.047427290262704,75.78211016123399,62.739495798319325,30.269937885621797,67.4442324135992,981.5554598939619,78.95732083608141,54.31251344307424
2025-03-25 17:30:00,25.148392431394036,75.79510006550774,62.739495798319325,30.251959103754395,67.42184524562138,972.5781275900645,78.61033081113257,53.85988823535487
2025-03-25 17:45:00,25.139912370598463,75.94537198931484,62.739495798319325,30.225472315304067,67.62919064176128,968.8548842650818,78.84231373901011,53.81560815067387
2025-03-25 18:00:00,25.414617241182647,76.17428083593771,62.739495798319325,30.225291539888506,68.00033784254498,966.383441961476,78.72844646392227,53.70064177860811
2025-03-25 18:15:00,25.711287089482,76.17900944016169,62.739495798319325,30.191819318989282,68.47065679792112,976.4066792502075,79.1208040155656,53.46479612121894
2025-03-25 18:30:00,25.845121577872458,76.06516404241174,62.739495798319325,30.122343537621393,68.43788917163859,970.950804173331,78.49031434113056,53.379306789023005
2025-03-25 18:45:00,25.759193092798622,76.13901402528712,62.739495798319325,30.08994627197434,68.37171642521797,965.8678191018504,78.50753223606525,53.13800657983741
2025-03-25 19:00:00,25.34330708492338,76.11961462463103,62.739495798319325,30.084862744613634,68.19854414271033,963.1062521644748,78.4039576054655,53.064071720368624
2025-03-25 19:15:00,25.176743727154488,76.19832562615336,62.739495798319325,30.085711088014552,70.82301436894669,961.1473803427217,78.67491136839753,53.59562419883681
2025-03-25 19:30:00,25.082274142896537,76.28926839156293,62.739495798319325,30.101974057623504,70.698622163052,959.830960687168,78.54614949566728,53.42195016983356
2025-03-25 19:45:00,25.035209225839026,76.18568042815816,62.739495798319325,30.120854838378623,70.82767121558356,963.5610291762176,78.09520237842699,53.39992298371968
2025-03-25 20:00:00,25.165799972781397,76.27224672423893,62.739495798319325,30.04669683470957,70.7663553925214,967.0054800378746,78.26809682802853,53.567808890774316
2025-03-25 20:15:00,25.254643572191178,76.33132003988437,62.739495798319325,30.07225137001856,70.78248304898732,972.1806414782275,78.26920676896546,53.58965793268991
2025-03-25 20:30:00,24.91569777737294,76.36738262301989,62.739495798319325,30.027725977393562,70.59102982752911,978.9845994134565,78.38195348903093,53.51303002302455
2025-03-25 20:45:00,24.83110515565095,76.32244290634728,62.739495798319325,30.091228122409955,70.13351654400502,972.9983674680022,77.8642857765549,53.64721107043964
2025-03-25 21:00:00,24.9564786626482,76.27729938667457,62.739495798319325,30.050482390445463,70.27842877087518,974.0098139604358,78.51300419071562,53.507742820888
2025-03-25 21:15:00,25.431514713621308,76.21346028118971,62.739495798319325,30.026584608383192,70.37953433288807,972.9668844793728,78.85297882797254,53.06725057867385
2025-03-25 21:30:00,25.452428054635412,76.08672937471819,62.739495798319325,30.013676905016066,69.9943978868489,974.2768515331942,78.17896577709594,52.659077099837944
2025-03-25 21:45:00,25.430795180942408,76.12382988684435,62.739495798319325,29.964574209981127,70.0551378659572,973.4975156375956,77.9894866813149,52.45428168104961
2025-03-25 22:00:00,25.569485097143225,76.06597516471183,62.739495798319325,29.990529536907157,70.07755420684283,974.0436792203203,78.04126898243781,52.779780926771586
2025-03-25 22:15:00,25.618086614733915,76.01258170193572,62.739495798319325,30.02561021271752,69.8805683355213,969.1123679134687,77.61689792415314,52.564542376110644
2025-03-25 22:30:00,25.519578042327982,75.97352073954002,62.739495798319325,29.972286251504915,69.64901851321648,964.2895349218339,77.95253252551703,52.78757981861653
2025-03-25 22:45:00,26.008242092391782,75.95473666946391,62.739495798319325,29.98623458274459,69.49783809427012,970.9620328030061,77.69742547893902,52.48902968619767
2025-03-25 23:00:00,26.44290404758024,75.86356339047856,62.739495798319325,29.973030344374568,67.0520222147987,976.1789411482476,77.35421367077745,52.107700090963995
2025-03-25 23:15:00,26.47821394764929,75.73645094688861,62.739495798319325,29.979013568209492,67.16122030036885,970.9400206593748,77.57047115406372,52.3763689222125
2025-03-25 23:30:00,26.605393930603185,75.74013524839351,62.739495798319325,29.97323102386027,67.14747269823408,975.4244647087478,77.43232200155232,52.55962238690376
2025-03-25 23:45:00,26.778764483921424,75.85504934885962,62.739495798319325,29.99677958311222,67.44116886877336,964.6347106345797,77.35360189942661,52.30366491341838
2025-03-26 00:00:00,26.616791021364236,75.84039423241771,62.739495798319325,29.949977897955453,67.39890174244171,957.3485386238026,77.02565851969756,52.39022533401807
2025-03-26 00:15:00,26.922998568239908,75.76994917857706,62.739495798319325,29.89093529840943,67.2833704582419,957.574087711452,77.50651026588214,52.750506878654434
2025-03-26 00:30:00,26.94673074093622,75.69345075895514,62.739495798319325,29.92707095336038,67.1889890738908,958.3933820045014,77.02286627334783,52.89747157076432
2025-03-26 00:45:00,27.064691161838063,75.59895273901539,62.739495798319325,29.86785248923975,67.07189513200602,957.7990450618906,77.29135842057707,52.3455828873973
2025-03-26 01:00:00,27.033080150982673,75.70930226233,62.739495798319325,29.936674199368646,67.29970090775421,962.8332722653666,77.23997142087177,52.70508721557732
2025-03-26 01:15:00,26.93732247410283,75.67235525755622,62.739495798319325,29.86591167537527,67.3684797609308,966.9454457993821,76.7667083558671,52.60763480615386
2025-03-26 01:30:00,26.710642401768173,75.64477742116496,62.739495798319325,29.860864194423748,67.36415995878357,969.079930872616,76.81330346001944,52.4157346425826
2025-03-26 01:45:00,26.582373085769003,75.56397355496426,62.739495798319325,29.82709681273055,67.42745988160077,968.9812309796181,77.23369318760255,52.19571239739801
2025-03-26 02:00:00,26.474202662638298,75.53998906267631,62.739495798319325,29.814603025089745,67.49394033112704,963.3329863637141,76.71719495053439,52.270316040921415
2025-03-26 02:15:00,26.19380005521629,75.47680283925176,62.739495798319325,29.816338456220368,67.14676562405558,963.6371820283548,76.8131786897871,52.17703764178395
2025-03-26 02:30:00,26.149264259335464,75.43379879508132,62.739495798319325,29.79525939425535,69.88143991812292,969.3679146801057,76.42318152144345,52.20272995209583
2025-03-26 02:45:00,26.120137470017056,75.44366212930228,62.739495798319325,29.771952793122622,69.67291293196043,968.0312368263426,76.87125258779126,52.417649449728266
2025-03-26 03:00:00,25.961590864527494,75.53945842156244,62.739495798319325,29.82727353904936,69.87824140737165,964.1636300887502,76.60943939929768,52.78575215057134
2025-03-26 03:15:00,26.040199708975166,75.49497253999078,62.739495798319325,29.772119270533164,69.75429210486377,963.7922479175355,77.19559650126104,52.836274119250916
2025-03-26 03:30:00,26.1747643611078,75.37248094153036,62.739495798319325,29.683760672832907,69.55088819106027,958.3151937816001,76.83610858388546,53.004669334807836
2025-03-26 03:45:00,26.343920554309097,75.3714778332695,62.739495798319325,29.644843827316386,69.53743959576265,958.1101889971117,77.3224322177787,53.077432041730674
2025-03-26 04:00:00,26.010829142640425,75.41018248064994,62.739495798319325,29.64362374255081,69.56789963013868,957.6100920477602,76.7114929507742,52.890711586638176
2025-03-26 04:15:00,26.09442591963135,75.32913293027983,62.739495798319325,29.647065484324084,69.87247582952324,963.1772865557143,76.99696723848975,52.86824220453278
2025-03-26 04:30:00,26.016886649004938,75.28773006313659,62.739495798319325,29.641448304098038,70.03433852842828,958.7329160079561,77.2436978156888,52.696340674858064
2025-03-26 04:45:00,26.12317118513627,75.29743110050062,62.739495798319325,29.635065067660598,70.02854878363625,952.4703540960966,76.43511806766699,52.63613669718327
2025-03-26 05:00:00,26.39013530409806,75.1918120095912,62.739495798319325,29.669120726334675,69.86015839154102,958.8169837488514,76.11375674344801,52.17299532443619
2025-03-26 05:15:00,26.52278760386288,75.15212288173363,62.739495798319325,29.58558201226822,69.87519003651363,967.5611173053991,76.16037257586065,52.12202974006762
2025-03-26 05:30:00,26.72462124300249,75.06210364197177,62.739495798319325,29.571149279201325,70.19783233472641,961.8229626860901,76.96268227197707,52.50597535167485
2025-03-26 05:45:00,26.67227272490607,75.13060712317787,62.739495798319325,29.595161900302553,69.91395284857717,952.2716623996977,76.75578349196061,52.562478184732235
2025-03-26 06:00:00,26.52285131339614,75.14013434986666,62.739495798319325,29.558482017274226,67.12941842754164,955.3267208373034,76.3715200333275,52.38142440714937
2025-03-26 06:15:00,26.591312909188087,75.0251000872769,62.739495798319325,29.46566492346226,67.02421266941147,952.8098722962782,76.55335483370912,52.21226890066582
2025-03-26 06:30:00,26.675616476248322,75.05392130012076,62.739495798319325,29.495868300066252,66.7767558460506,952.1360300731316,76.88310390194935,51.85623765479433
2025-03-26 06:45:00,26.48125698446175,74.98488583553555,62.739495798319325,29.509188068910337,66.67407024023727,957.394724790134,76.61155437826173,51.78683915014944
2025-03-26 07:00:00,26.15332097275783,74.88985774870973,62.739495798319325,29.499890158118415,66.78383393841399,965.1487957256355,76.89416343697191,51.64915696466582
2025-03-26 07:15:00,25.836626104923358,74.77866052159561,62.739495798319325,29.458360772460537,66.73450326313865,961.0455114761073,77.04593575390986,51.813788608969894
2025-03-26 07:30:00,25.491590738609734,74.8324513107415,62.739495798319325,29.418362801262283,67.19491507052328,960.6106873499565,77.41836404746114,51.72528134186832
2025-03-26 07:45:00,25.55460967625511,74.84489531273466,62.739495798319325,29.37452317520346,67.0664646052763,958.826684144948,76.72777512115516,51.86076117616712
2025-03-26 08:00:00,25.245464309997512,74.79333765170051,62.739495798319325,29.416655177652252,67.23461710133728,955.0196772142993,76.90591733498168,52.03786321059531
2025-03-26 08:15:00,25.25511028816848,74.83258504391578,62.739495798319325,29.42254678526263,67.27870970870849,951.3405441114274,76.8135309622568,52.35162680466789
2025-03-26 08:30:00,25.15328281287944,74.91342483853332,62.739495798319325,29.4434127760925,67.70805043150435,956.4869571868703,76.96421928434299,52.746838350220294
2025-03-26 08:45:00,25.13046421025383,74.97939621792305,62.739495798319325,29.43795564363642,67.66668428863017,959.5351038554064,77.43845626507768,52.694973273303255
2025-03-26 09:00:00,24.57865919361114,75.11857470086721,62.739495798319325,29.447627857886452,67.54365843593956,964.6823865449137,77.61101615679702,52.49852264449938
2025-03-26 09:15:00,24.744127005187593,75.1591827288803,62.739495798319325,29.479199629287717,67.16355394088436,965.8600505366137,76.74754076791044,52.60371747011882
2025-03-26 09:30:00,25.079732850111085,75.1340786112812,62.739495798319325,29.493498076994708,69.97033721455409,964.0310789893545,77.74561733017404,52.42587309567799
2025-03-26 09:45:00,25.18075738170448,75.0550340671227,62.739495798319325,29.509505498114805,70.1749359064932,953.3492676845361,77.86242602046019,52.69556042363702
2025-03-26 10:00:00,25.187324894223483,75.01996487789873,62.739495798319325,29.5157682282131,70.09891895131938,954.6328176766989,77.61523803516445,52.72413660409951
2025-03-26 10:15:00,25.219680492275756,75.05109347774919,62.739495798319325,29.4742158530432,70.02272361561322,951.9880337095008,77.6110071837964,52.65575147951129
2025-03-26 10:30:00,24.894072514410862,75.16942863873271,62.739495798319325,29.523342318079482,69.88237031072605,959.2995819543703,77.60144662502319,52.723731558784856
2025-03-26 10:45:00,24.779232931067565,75.27640336803887,62.739495798319325,29.467010333294198,69.55285267977371,953.8368060882445,77.89978210594379,52.15974174568064
2025-03-26 11:00:00,25.0456961305447,75.31352618255073,62.739495798319325,29.503385362146307,69.61799829340737,959.366007995642,78.14067778430423,51.884119417327916
2025-03-26 11:15:00,24.848248732550584,75.38763455317635,62.739495798319325,29.540474617969615,69.53186569214716,966.6156540052698,77.66499826431725,51.936114295415436
2025-03-26 11:30:00,24.995241642020616,75.45680415424019,62.739495798319325,29.528852074840156,69.36397412527901,969.0898159879039,77.64609190716799,52.18883040691541
2025-03-26 11:45:00,24.895965291699454,75.47005276189604,62.739495798319325,29.54235027747911,69.65171948844855,969.566187029112,77.8807055934139,52.64664682658084
2025-03-26 12:00:00,24.951654610007154,75.55578711409905,62.739495798319325,29.564300777116138,69.8655556922474,961.7602903981498,77.74702086628602,52.887388849373714
2025-03-26 12:15:00,25.263614719075413,75.58491967275023,62.739495798319325,29.56706992702128,70.25290016536138,968.9124847484973,78.02078691832122,52.91152413633728
2025-03-26 12:30:00,25.178304268965245,75.51822074872055,62.739495798319325,29.529279540391922,70.3732389703354,966.0528734327243,77.63609101364781,52.85685582236169
2025-03-26 12:45:00,25.59999718615794,75.61449414333661,62.739495798319325,29.566093543680275,70.37175428805482,963.4020993449726,77.79450946710733,52.61348532149047
2025-03-26 13:00:00,25.52423138936278,75.6668883782063,62.739495798319325,29.53088966617525,67.9163945066558,968.5625910466002,78.04486725486757,52.47091103017312
2025-03-26 13:15:00,25.22182969104513,75.83080332713102,62.739495798319325,29.52458486929598,67.91390271840332,973.9103763920649,77.86791149828859,52.47425504678474
2025-03-26 13:30:00,25.068812420949378,75.94918721651639,62.739495798319325,29.54679690773564,67.75740221640778,976.6430793374482,78.09328073856722,52.48785777246529
2025-03-26 13:45:00,25.05196645642999,76.04740212497398,62.739495798319325,29.582976798107673,67.70118253621087,964.7008620323968,78.25152354215616,52.67524480166616
2025-03-26 14:00:00,25.00370124885023,76.02026959351954,62.739495798319325,29.6265460794925,67.63365699416512,961.5051404864518,77.72096103052422,52.4483026387912
2025-03-26 14:15:00,25.049984664246807,76.0384638650994,62.739495798319325,29.609423077668378,67.94992816205969,959.5166214727755,77.76699378145827,51.894044932338886
2025-03-26 14:30:00,24.873229420700074,76.0546324523303,62.739495798319325,29.611182527191797,68.18797166744801,964.5338982833076,78.09678954672117,51.85026487906341
2025-03-26 14:45:00,24.69786775802463,76.10700559238572,62.739495798319325,29.65544098865851,68.4871838160042,966.2994140683643,77.98346366938823,51.92327522431298
2025-03-26 15:00:00,24.599854692548114,76.10771794412423,62.739495798319325,29.632781092572436,68.03586121920759,957.5024775256205,78.15129769210782,51.935963972381444
2025-03-26 15:15:00,24.658073096288053,76.18283676754622,62.739495798319325,29.677199455453465,68.33428469558918,958.7943070130852,77.78471019330561,51.97122398229864
2025-03-26 15:30:00,24.62638456006185,76.14281801049192,62.739495798319325,29.700312047779867,68.36262491384826,964.8979921508547,78.24656704428962,51.72908765845275
2025-03-26 15:45:00,24.920884216127188,76.2160995886812,62.739495798319325,29.70201007575645,68.51477872950184,968.2979373303805,78.77275721904016,52.03347185638668
2025-03-26 16:00:00,24.4055061883876,76.36721053064234,62.739495798319325,29.67663493988571,68.64122162926141,965.5269263593755,78.5500765357287,52.109494887037194
2025-03-26 16:15:00,24.362640292062835,76.49442577459351,62.739495798319325,29.69059808261281,68.58097215652322,962.4309580685988,78.43686120639889,51.613281945006506
2025-03-26 16:30:00,24.28918553235014,76.51009790414376,62.739495798319325,29.676134458889607,71.43077089245384,960.0508286077965,78.5376326819587,51.94676041614874
2025-03-26 16:45:00,24.61976948137645,76.54083549342401,62.739495798319325,29.646470438213036,71.59054936957908,958.4760070235349,77.70989445768636,52.03317430927843
2025-03-26 17:00:00,25.202972841445472,76.4428704854418,62.739495798319325,29.702313906990145,71.7104582873871,956.5508139050212,78.45686978100622,52.18621220649065
2025-03-26 17:15:00,25.411161415317405,76.36347384155232,62.739495798319325,29.683162196693104,71.55561975975233,958.2780015298813,78.0501681866821,52.13771981209869
2025-03-26 17:30:00,25.640406507088915,76.30517907485013,62.739495798319325,29.681014526120677,71.46951903340751,966.3532840731292,78.01898472555109,52.122731037285455
2025-03-26 17:45:00,25.740866105576856,76.33413470645067,62.739495798319325,29.667437089953008,71.2078814851046,966.4408880208721,78.0333211464171,51.976387487559165
2025-03-26 18:00:00,25.646010983119712,76.31817984228094,62.739495798319325,29.722515847148074,70.93637851109102,958.2447104974508,77.52386493351365,51.82355800312112
2025-03-26 18:15:00,25.736621237000435,76.38352492631199,62.739495798319325,29.727563409846013,70.73000988660183,962.1083513889098,78.12690662236332,51.82293414643688
2025-03-26 18:30:00,26.20972277205243,76.43370694179607,62.739495798319325,29.74766425952051,70.32236221946684,961.3331078930765,78.19497408831533,51.599226240677595
2025-03-26 18:45:00,26.3162042480606,76.31541874225488,62.739495798319325,29.793473966949424,70.50163780319798,965.6660861603248,78.31918054995118,51.6857289613602
2025-03-26 19:00:00,26.434786548371147,76.44337113337617,62.739495798319325,29.76127069550364,70.51226995405418,970.943144430885,78.12285852683283,51.53641507210395
2025-03-26 19:15:00,26.139027570410292,76.39435864209787,62.739495798319325,29.791574913760996,70.44902114054037,975.2496481264134,78.04238965973293,51.81410178367496
2025-03-26 19:30:00,25.64300350707021,76.28920883266314,62.739495798319325,29.812658549848823,70.55143841981528,972.2818907275566,78.06550319320283,51.88577260012739
2025-03-26 19:45:00,25.612459320167094,76.27471436992766,62.739495798319325,29.789877429305385,70.65187426704699,966.4218291853072,78.46467490658655,51.95174424231582
2025-03-26 20:00:00,25.61202221065805,76.33555331109375,62.739495798319325,29.771549713932185,70.7931642468412,962.488758914227,78.50055153366966,52.447325258146776
2025-03-26 20:15:00,25.427618544222007,76.39487508170434,62.739495798319325,29.791338945374868,68.21937404749744,958.73408390357,78.09483007594893,52.35318712517604
2025-03-26 20:30:00,25.713915781601237,76.47639007813325,62.739495798319325,29.79159377952708,68.05737318736661,962.4794911013398,77.57221302349812,52.45463598789512
2025-03-26 20:45:00,25.64707296716776,76.42161512371922,62.739495798319325,29.730902742186622,68.1965952081189,963.5648592327198,78.18124070856985,52.63121497725113
2025-03-26 21:00:00,25.40069592050698,76.45151218081507,62.739495798319325,29.743181908727852,68.17040612311135,957.720287715008,78.30721602301774,52.38438493513775
2025-03-26 21:15:00,25.523371889625004,76.4717089731974,62.739495798319325,29.746256234416453,68.390132654952,962.2951766220255,77.90736919993695,52.67873439059925
2025-03-26 21:30:00,25.53744646793198,76.34220973081476,62.739495798319325,29.745515771898432,68.10653102624327,963.1568432187358,77.41901859688804,52.94223706843902
2025-03-26 21:45:00,25.616767026176504,76.25690791714601,62.739495798319325,29.678276117875246,68.12241084860997,962.4125953358893,78.15739758493527,53.040426566920914
2025-03-26 22:00:00,25.827922274436638,76.22023501238752,62.739495798319325,29.68927881901831,68.11075134027583,969.4170668577856,77.44384480742235,52.9059351032936
2025-03-26 22:15:00,26.207525524641735,76.15897934672543,62.739495798319325,29.724282342948616,68.11216456478606,961.861477493873,77.47170601346575,52.69983761846855
2025-03-26 22:30:00,26.10160169949078,76.0955366537501,62.739495798319325,29.747929008593278,67.91006025107663,960.9818349351955,77.50225435496574,52.806220129738264
2025-03-26 22:45:00,26.03717390016937,76.12848507821275,62.739495798319325,29.755073444968676,68.00716023857875,958.3359780963524,77.10913231155105,52.89384272993305
2025-03-26 23:00:00,26.32518230297904,76.18893730075861,62.739495798319325,29.756135195653226,67.93694704619739,961.936555535632,77.52665652297364,53.00516747053951
2025-03-26 23:15:00,26.43283804151726,76.23516598977818,62.739495798319325,29.721818092726394,67.74291881579786,968.057463503353,77.5876974600214,53.1044571800913
2025-03-26 23:30:00,26.833328077067936,76.20648842185615,62.739495798319325,29.72932993326355,67.63511663147318,969.815999508468,77.9405653048219,53.23887435364502
2025-03-26 23:45:00,26.990290896746018,76.14707944371861,62.739495798319325,29.72636752957054,70.23078639306091,968.419443923752,77.05701083348853,53.60330248896566
2025-03-27 00:00:00,26.92353984203799,76.0666972090421,62.739495798319325,29.736951569395373,69.96588533030324,965.9133064656081,76.76816827694536,53.59737305256637
2025-03-27 00:15:00,26.931256119191097,76.11045057729812,62.739495798319325,29.74434695586736,69.92887504065897,968.8352646232029,77.06136867553721,53.88759648016826
2025-03-27 00:30:00,26.914141345029137,76.01586327203823,62.739495798319325,29.70681347248704,69.79852971341657,964.1912909405947,77.18854801593812,53.85549413909405
2025-03-27 00:45:00,27.015899351431262,76.14362942380743,62.739495798319325,29.646609371318384,70.04401754972218,962.9531240071543,77.33927193872566,53.90905286935028
2025-03-27 01:00:00,26.877174424033914,76.12553310135574,62.739495798319325,29.653744450603302,70.01062101604052,955.7116158516579,76.62554441522873,53.99489287629685
2025-03-27 01:15:00,26.66801491044122,76.1384056387555,62.739495798319325,29.674354770537473,69.92922302859546,952.2352320435134,76.40235238684143,53.90973519268214
2025-03-27 01:30:00,26.68401406102592,76.11011403428343,62.739495798319325,29.609695305001452,70.1205714049218,953.9715670597527,76.82422020231418,53.697947843800726
2025-03-27 01:45:00,26.89357513010354,76.10470447113889,62.739495798319325,29.68202535843481,70.38646868322955,958.5773726604235,76.65491983828389,53.42814892988978
2025-03-27 02:00:00,27.17126110703421,76.08990550903206,62.739495798319325,29.677311374853,70.37781649876293,955.6684231938862,76.45375145209353,53.59067170348399
2025-03-27 02:15:00,27.012723240964373,76.11854932086862,62.739495798319325,29.683895856380992,70.39076526722415,947.6607427686657,76.16100238608405,53.4721755644255
2025-03-27 02:30:00,26.539834760601273,76.1142212723505,62.739495798319325,29.716950617178945,70.4666857966994,949.6329309846589,76.3939845600407,53.46466013852315
2025-03-27 02:45:00,26.12716241847335,76.03957291200886,62.739495798319325,29.715171624138623,70.19485840584755,955.4002577314369,76.78162188588469,53.417180412704255
2025-03-27 03:00:00,25.98415754460166,75.98497667823382,62.739495798319325,29.665168078703626,70.26875970548497,956.3955703409338,76.51844636273755,53.6085795102088
2025-03-27 03:15:00,26.13662644668955,75.88490194291833,62.739495798319325,29.650081087027928,67.72562163825484,956.8693640949253,76.04052435736591,53.24421336362301
2025-03-27 03:30:00,26.08153194488331,75.88354316901098,62.739495798319325,29.595586697061137,67.84832112912451,955.9619071105429,76.21529986850017,53.20204523296791
2025-03-27 03:45:00,26.38315316421274,75.87394373085628,62.739495798319325,29.617050891110743,67.76386725610678,957.1106354025319,76.41053698778086,52.97309937010269
2025-03-27 04:00:00,26.453341264849115,75.88453424483095,62.739495798319325,29.593145168396553,67.6693098692218,948.8947146803988,76.62656629108807,52.833404317134175
2025-03-27 04:15:00,26.140430634748146,75.77605687388474,62.739495798319325,29.559238982092946,67.62250716491054,947.9063945365602,75.99027528150897,52.93753874559345
2025-03-27 04:30:00,26.104298649018133,75.82570626803277,62.739495798319325,29.582437475889325,67.58352554043715,951.6407491479378,75.83649398017162,53.122052956914885
2025-03-27 04:45:00,26.46543087466289,75.89648715889943,62.739495798319325,29.598984503865626,67.3023013017801,955.6753122838862,76.41122543285965,53.180249828375665
2025-03-27 05:00:00,26.64767349257793,75.97117640577719,62.739495798319325,29.582940860616,67.30673745356795,961.4509372485604,76.83762236537271,53.205876657515944
2025-03-27 05:15:00,26.596361260330116,75.91148228877856,62.739495798319325,29.515974503825152,66.99232063173537,959.905740120926,76.40113235335744,52.99015409063592
2025-03-27 05:30:00,26.6732435111518,75.96673777286276,62.739495798319325,29.511102477478513,67.33480382987561,958.0859797148221,76.51299815048674,53.34660857266457
2025-03-27 05:45:00,26.564728040345404,76.01675317436603,62.739495798319325,29.548989292077753,66.92126899206455,957.4672105229449,76.6153075405211,53.37082319461886
2025-03-27 06:00:00,26.220483804275638,76.05101123356793,62.739495798319325,29.522308094930946,67.11940950902263,954.3703952431291,76.62289261079775,53.157049121021245
