t_stamp,GR04/ai/GR04_feature_7/eu,GR04/GR04_feature_1_block/eu,GR04/GR04_feature_1_block/setpoint,GR04/GR04_feature_3/eu,GR04/ai/GR04_feature_4_1/eu,GR04/ai/GR04_feature_8/eu,GR04/ai/GR04_feature_6/eu,GR04/GR04_feature_5
2025-09-06 17:00:00,7.419278546755909,62.342948786421076,66.22268907563026,27.17498545445569,62.41712864489082,791.897828473039,75.03619125963624,51.725381979537026
2025-09-06 17:15:00,7.596212139789262,62.41596054161896,66.22268907563026,27.195145875116417,62.531849546175785,799.3598016858817,73.83144754392258,51.58887474314953
2025-09-06 17:30:00,7.627294669993885,62.42489328752309,66.22268907563026,27.202393259513567,62.41924534997346,798.855414039607,74.75190480068196,51.856040765966874
2025-09-06 17:45:00,7.598445035064269,62.2734378317552,66.22268907563026,27.135768675873226,62.17326770021321,788.3085782845989,74.092794402887,51.304045619102766
2025-09-06 18:00:00,7.463063106196865,62.25304750103132,66.22268907563026,27.15335202217789,62.176915130608634,793.8411891626507,74.48659267360212,51.276807018606824
2025-09-06 18:15:00,7.3172353646493935,62.307041366249706,66.22268907563026,27.16195713711003,62.27845444294995,793.6807183760232,74.1315125162349,51.31041015241365
2025-09-06 18:30:00,7.731070418671644,62.17358611681628,66.22268907563026,27.167303611078868,62.5260146561205,789.6866685453027,74.24470753554736,50.80855826563498
2025-09-06 18:45:00,7.796898441422615,62.18865784787543,66.22268907563026,27.208840274442878,62.43592694367057,793.1088609347244,74.64808394703579,51.133284498241565
2025-09-06 19:00:00,7.53946885622009,62.24993465768486,66.22268907563026,27.152706509105204,62.50486136537476,786.7725585508302,74.34945439741054,51.29132953011549
2025-09-06 19:15:00,7.437460475136149,62.23646649327996,66.22268907563026,27.130569791321072,62.34070290159549,789.8058861384911,74.18675147743176,51.25498999239937
2025-09-06 19:30:00,7.29658299367776,62.25504918526784,66.22268907563026,27.160499431157803,62.38233422694023,784.6019398101221,74.80417284391241,51.39621514057232
2025-09-06 19:45:00,7.456368385246703,62.18970605072097,66.22268907563026,27.102550698880858,62.529260894456826,780.9649112482629,74.87370687733548,51.90231853529292
2025-09-06 20:00:00,7.775842014573599,62.24043691883406,66.22268907563026,27.087927568186256,59.70846266157983,778.535401994332,73.72680913453286,51.733197158847105
2025-09-06 20:15:00,7.614296503494859,62.25714342617783,66.22268907563026,27.103082082264436,59.822581155713586,773.2352075921267,74.46751825353493,51.84054269561917
2025-09-06 20:30:00,7.483232959554282,62.36613008461045,66.22268907563026,27.107456012662837,59.76775454265889,776.5214586619918,74.8601326744797,51.59140131802956
2025-09-06 20:45:00,7.252205378684815,62.16812195332217,66.22268907563026,27.129991609178095,59.19843118030865,771.3034902506823,74.97896159202914,51.6506905511811
2025-09-06 21:00:00,7.216121058176679,62.24080602793178,66.22268907563026,27.069496148250916,59.38191032800347,773.6743192229605,74.53013903408554,51.47287287821986
2025-09-06 21:15:00,7.566166896684995,62.274728601067245,66.22268907563026,27.060285310659985,59.46356252369002,769.2481692767185,75.10076112649392,51.014623863475066
2025-09-06 21:30:00,7.9358257090059725,62.26811568361892,66.22268907563026,27.08197787346883,59.269522708726626,778.3053578061687,73.55512855037577,50.776949123371296
2025-09-06 21:45:00,7.9339295267548,62.15166221902576,66.22268907563026,27.115592603857795,59.229723384827054,778.8616499062666,74.16698913551518,51.21182886067196
2025-09-06 22:00:00,7.7757702305972884,62.06792320122781,66.22268907563026,27.183386498846943,59.41843539337417,774.943882994353,73.72222938108342,51.43595597588126
2025-09-06 22:15:00,7.829882746289792,62.03239228046267,66.22268907563026,27.218852541725827,59.13279947426211,778.8385590731325,74.01751983074976,51.46495805629284
2025-09-06 22:30:00,8.256147370770146,62.08511091483775,66.22268907563026,27.16942615660081,59.19859705645283,775.8986252678736,74.05064050932991,51.29914509110152
2025-09-06 22:45:00,8.746035672404929,62.100262277197736,66.22268907563026,27.177474106233625,59.24215662934761,779.1675473261937,73.19462506789046,51.36415487385196
2025-09-06 23:00:00,8.844277532112581,62.01257478871167,66.22268907563026,27.207259813684715,59.319745931664535,776.8888969816228,74.30888247469507,51.37854696974911
2025-09-06 23:15:00,9.149645966409187,61.97351894005508,66.22268907563026,27.1916024590508,59.5584491072727,782.4285341735008,73.99704331117901,51.820042106688554
2025-09-06 23:30:00,8.900925556787003,61.991825000598624,66.22268907563026,27.200816194029457,59.468049828120954,779.8945873472953,74.18336031482157,51.918357754351916
2025-09-06 23:45:00,9.006035012274939,62.03727093478124,66.22268907563026,27.21831384375778,62.467182611563224,788.7386812342913,73.52507961417109,51.954975925342836
2025-09-07 00:00:00,9.021318633202682,62.05086746068143,66.22268907563026,27.246553556034538,62.67503174111938,791.6105252127462,73.69388591195171,52.16136326667529
2025-09-07 00:15:00,9.06277801897081,61.99074377422024,66.22268907563026,27.22103295256462,62.30505812174931,793.8666483918223,73.32524710228518,51.8829313466819
2025-09-07 00:30:00,9.007914540504816,61.988556305790425,66.22268907563026,27.161798939271414,62.07821250230293,793.887377585581,73.6579206738612,51.35965250310582
2025-09-07 00:45:00,8.835395071956693,61.86819896176442,66.22268907563026,27.202358907740397,62.08757501847135,799.4518179672635,73.76973069242764,51.43371255622325
2025-09-07 01:00:00,8.3960885231826,61.91958398851926,66.22268907563026,27.215511423055126,61.78866238514829,803.8223365782018,73.80750494862941,51.13760524444928
2025-09-07 01:15:00,8.005240068538466,61.96185678992475,66.22268907563026,27.24165889226729,61.858868252164335,806.898230230033,73.79928900659355,51.45342233941196
2025-09-07 01:30:00,8.187233003701254,61.84070370997951,66.22268907563026,27.247050462354437,62.11255979773428,802.2710196997261,73.32301011857817,51.39030690074761
2025-09-07 01:45:00,8.338325368839751,61.73377376279023,66.22268907563026,27.241310007263955,61.905178269445585,797.6726128797145,73.59415184942887,51.50734513730396
2025-09-07 02:00:00,8.460543248300308,61.70622736181983,66.22268907563026,27.21684436364427,61.924726333141265,804.7112219398219,73.60415705674096,51.94667784555619
2025-09-07 02:15:00,8.588581253358017,61.71392935239873,66.22268907563026,27.202741868886548,62.1345763608136,812.0653990105889,73.45466665234265,51.649750924144044
2025-09-07 02:30:00,8.4041246425922,61.56255952864317,66.22268907563026,27.13124401749398,62.39590903182114,812.491564157513,74.21058262674971,51.78534380548795
2025-09-07 02:45:00,8.521641499690306,61.6000243972255,66.22268907563026,27.202011849528045,61.83048313248681,809.2617622226256,74.080608354932,52.10449165653497
2025-09-07 03:00:00,8.505739268412565,61.4377661982301,66.22268907563026,27.208256623655426,61.83825354808804,815.8373650058007,73.58147878518793,51.9178692905737
2025-09-07 03:15:00,8.614710798867739,61.3138488777992,66.22268907563026,27.222670775932265,61.859461938586044,810.6287568130587,73.33829351944745,51.75368588158171
2025-09-07 03:30:00,8.870027622504352,61.19163568517355,66.22268907563026,27.201095861615222,58.87288498473357,806.2027091075029,73.60657024575865,51.509366568349
2025-09-07 03:45:00,8.928330851011319,61.13345419094811,66.22268907563026,27.199529835477716,58.926587146354024,805.3105627736147,73.53860771846001,51.601422156479885
2025-09-07 04:00:00,8.927555858752656,61.15830548706568,66.22268907563026,27.153290801459647,58.877669097872875,811.0412465623243,72.9735807136202,51.409787780898824
2025-09-07 04:15:00,8.558159199548548,61.03965542658826,66.22268907563026,27.15984922629296,58.60814539267576,804.3788356299442,73.17709310423743,51.35306715358302
2025-09-07 04:30:00,8.479314260236135,61.1342475998023,66.22268907563026,27.18910373974525,58.55409965995544,811.355636210778,73.0626003786659,51.495701680209145
2025-09-07 04:45:00,8.310625279000115,61.19736351925019,66.22268907563026,27.17588512478476,58.339732913931755,802.5588688127638,72.60703966037457,51.7736863287624
2025-09-07 05:00:00,8.599835556302097,61.28513171862105,66.22268907563026,27.214367749094265,58.266836672473474,808.396502108292,72.91253176276237,52.0135312810727
2025-09-07 05:15:00,9.003695827796125,61.13126713898306,66.22268907563026,27.302723179175267,58.15541181093958,816.686549895326,73.21623771980609,52.116826985664794
2025-09-07 05:30:00,8.96129155731832,61.08255319729385,66.22268907563026,27.25425330355982,58.39058081736397,811.1039109489733,73.58004014664077,52.24868579563897
2025-09-07 05:45:00,8.540659428145078,61.06683072207681,66.22268907563026,27.265557423838832,58.38004533808572,807.5642274604054,73.34092494116688,52.08011073514432
2025-09-07 06:00:00,8.53196313617354,61.00555284242718,66.22268907563026,27.296418254832204,57.959585510625935,816.315659598829,74.10750909405873,52.179769840397995
2025-09-07 06:15:00,8.493834668557147,60.76404640775816,66.22268907563026,27.332942848363295,58.2706109955313,814.3691556842313,73.79926211503225,52.3288857053437
2025-09-07 06:30:00,8.67415563782545,60.791515401051555,66.22268907563026,27.33993322564954,58.47182984231452,817.8661728209674,74.33709914428283,52.23365753605773
2025-09-07 06:45:00,8.686674563799784,60.63964167645167,66.22268907563026,27.29091369006969,58.520022967478084,820.0753179236008,73.74218062584066,52.36976432938925
2025-09-07 07:00:00,8.31361394605135,60.624165818110036,66.22268907563026,27.308973018141966,58.85037982295617,820.4192438042885,73.87448751534772,52.30786218752783
2025-09-07 07:15:00,7.784712575198768,60.68850406474354,66.22268907563026,27.322604942173793,61.78637873334848,814.8599452630098,73.70565001246054,52.67257396186869
2025-09-07 07:30:00,7.312274597575125,60.77897853323924,66.22268907563026,27.344833068430447,61.96662153850718,806.7272528536839,73.44580310135731,52.71327451549066
2025-09-07 07:45:00,7.176854179218376,60.73077968829751,66.22268907563026,27.316022963908516,61.925962281694204,808.2079889876236,73.76784863853864,52.52419936543918
2025-09-07 08:00:00,7.244299046449764,60.81587274266862,66.22268907563026,27.346552200032818,61.78549925580292,809.1531130372856,73.89446439607552,52.27491987962567
2025-09-07 08:15:00,7.241659457031753,60.70150421036113,66.22268907563026,27.351030425559518,62.29081601962746,810.0080268257748,73.53347494505584,52.465541380093455
2025-09-07 08:30:00,6.944453619420132,60.83912998214681,66.22268907563026,27.297040618662976,62.47663446866896,825.1651198001966,74.42172701694047,52.24842081803457
2025-09-07 08:45:00,6.947144984202878,60.770187603446495,66.22268907563026,27.297690867199606,62.31355789759885,816.0711349946811,74.45340731364627,52.303362676014416
2025-09-07 09:00:00,6.702568558707661,60.78126384328081,66.22268907563026,27.304307711681126,62.45487090369316,819.3657115024649,74.05349338635432,52.319011323254905
2025-09-07 09:15:00,6.670073075602012,60.72193826758037,66.22268907563026,27.30700880692766,62.45504891243366,822.042337629341,73.66418689264574,52.31944800705568
2025-09-07 09:30:00,6.727392833834404,60.82183039818918,66.22268907563026,27.372364790559175,62.53323913755637,823.2392282401969,72.90415926726618,52.19114408334228
2025-09-07 09:45:00,6.739298750378014,60.83747954462596,66.22268907563026,27.40298348180507,62.65839884915828,827.7067139357865,73.68255249074205,52.05863221407216
2025-09-07 10:00:00,6.709984409174056,60.729678987577195,66.22268907563026,27.436651576038535,62.82488747642702,828.0203588716628,73.28088245154989,52.17798403348807
2025-09-07 10:15:00,6.4964957536420105,60.747792989042985,66.22268907563026,27.419246638290886,62.76862759843893,833.896264805523,74.03061192857986,51.53950950325618
2025-09-07 10:30:00,6.714118880157569,60.7825199154452,66.22268907563026,27.50133868032386,62.89480809868911,831.4503711173603,73.92787000433935,51.480276732407205
2025-09-07 10:45:00,7.024840750647136,60.74038255397842,66.22268907563026,27.556754692509926,63.14829876148165,825.767330517796,73.86415038509568,51.94753896018198
2025-09-07 11:00:00,7.217150223482473,60.832435143755944,66.22268907563026,27.521644534523542,60.31934230280271,815.9527699663124,73.63514613510672,52.139536371649676
2025-09-07 11:15:00,7.431865558223061,60.850747167995095,66.22268907563026,27.543469003359114,60.68244975619057,823.4663009035022,74.34849022224954,52.13651330456484
2025-09-07 11:30:00,7.195051015517027,60.93112625204849,66.22268907563026,27.567951569158243,60.689011895459714,831.636768712424,73.5183242975035,51.89234504708803
2025-09-07 11:45:00,7.264153130352835,60.98917294847022,66.22268907563026,27.57103248439501,60.76168038817472,830.6046690040225,74.45953164688804,51.712721635174006
2025-09-07 12:00:00,7.283566133435341,61.02699416195106,66.22268907563026,27.536944624758846,60.903995211399966,828.3645235513131,73.6394952633073,51.87988819490231
2025-09-07 12:15:00,7.548604924515688,61.047844339187556,66.22268907563026,27.52953947576539,61.04845657791449,825.5371531925648,74.45755203945004,52.2081128205842
2025-09-07 12:30:00,7.351272586952819,61.075537019944285,66.22268907563026,27.480403694920216,61.3322985492631,820.4264489360778,74.7591234021847,51.9093346888715
2025-09-07 12:45:00,7.362354263590144,61.0588035406777,66.22268907563026,27.454286904451788,61.43227792164084,822.6446190599734,74.19025833381333,51.76844256458234
2025-09-07 13:00:00,7.083908554822011,61.05365199120743,66.22268907563026,27.465359792894215,61.458412102131504,824.7097688831966,74.64140102507316,52.211402707664405
2025-09-07 13:15:00,6.760889662127925,60.979345569620534,66.22268907563026,27.47310297451268,61.29362005192476,828.0049610055993,75.06600456470949,52.806539592798885
2025-09-07 13:30:00,6.406754606481828,60.919467397724574,66.22268907563026,27.47195188247011,61.14946640072127,827.8051682861161,73.72963318816178,52.56530876163277
2025-09-07 13:45:00,6.5594684565400065,60.93188432642576,66.22268907563026,27.444227827759597,61.34419551720742,819.215275357109,74.8815468570665,52.64860615307608
2025-09-07 14:00:00,6.659243046100535,60.94784220991006,66.22268907563026,27.369348538829065,61.399815740934706,821.900398322734,74.02061253942577,52.78056635301944
2025-09-07 14:15:00,6.464773517129489,60.874959811377366,66.22268907563026,27.382383669863504,61.404828858913326,824.3675275015648,74.34311347958848,53.03898907944431
2025-09-07 14:30:00,6.310776801598841,60.92918481186427,66.22268907563026,27.398056883168383,61.289649536884355,820.5394041576709,74.03452361410693,52.8448647206395
2025-09-07 14:45:00,6.333863211615406,60.87395600217349,66.22268907563026,27.41514293135884,64.27937372112031,823.7303047081465,73.99372096532413,52.93875325016192
2025-09-07 15:00:00,6.197344561811357,60.83216161609249,66.22268907563026,27.381698262683845,64.43286857038282,822.6236667186984,74.60418573940666,53.034215427701234
2025-09-07 15:15:00,6.366586716494965,60.82894927022894,66.22268907563026,27.420645429153222,64.25225327504474,822.6867470252334,73.75618889251751,53.15192443191654
2025-09-07 15:30:00,6.375357829031431,60.75868946761382,66.22268907563026,27.428665261672496,64.19945004284395,819.5269027183862,74.2031982925417,52.88735711068428
2025-09-07 15:45:00,6.574250983956803,60.67602671642753,66.22268907563026,27.451293247135503,64.47425264019881,823.5836327401714,74.21916370371153,53.109039846955525
2025-09-07 16:00:00,6.390897203038826,60.78042730495185,66.22268907563026,27.44972505351621,64.36580011412941,826.7821734517603,74.6890813316822,53.03221759359667
2025-09-07 16:15:00,6.303841278300434,60.81966513172321,66.22268907563026,27.47517673645221,64.71869060845758,827.5089052071909,75.04892779797387,53.196786137090506
2025-09-07 16:30:00,6.492796940560397,60.87846589634424,66.22268907563026,27.442869813186302,64.32806490635087,824.3617553149022,74.9010785747004,52.94403922339272
2025-09-07 16:45:00,6.957991749461716,60.828166011276494,66.22268907563026,27.430884077724716,64.12806264359735,816.5213290992889,74.2285618479067,53.09092924774255
2025-09-07 17:00:00,7.2919647321554075,60.71643737911035,66.22268907563026,27.45025102754868,64.14137317543441,817.7063057572291,74.3482021772293,53.01975224983232
2025-09-07 17:15:00,7.421801062742423,60.611088752587534,66.22268907563026,27.473067385200302,64.26166952032617,815.1030177328905,74.74718395524594,53.17536853205521
2025-09-07 17:30:00,7.657837092092386,60.54683661511293,66.22268907563026,27.490893866553236,64.267118579861,818.7098937988244,74.11214763977098,53.21968512968515
2025-09-07 17:45:00,7.661393177752146,60.544889595631474,66.22268907563026,27.50555578616052,64.49958911614209,822.0568839870296,73.26776336199265,53.496485526947666
2025-09-07 18:00:00,7.748908043355109,60.49723825086961,66.22268907563026,27.518093111436215,64.48393244957595,814.6995889002262,74.58193978323996,53.32859455052579
2025-09-07 18:15:00,8.05856054894672,60.44675671915659,66.22268907563026,27.457033612281087,64.30770654651391,812.0230360000996,74.06571586496798,53.51312173106334
2025-09-07 18:30:00,7.97106807913235,60.40821006449447,66.22268907563026,27.42464388186254,61.242896874259145,813.9968908459945,74.35725676085164,53.127231160732535
2025-09-07 18:45:00,8.16740431319177,60.43073785451018,66.22268907563026,27.409208217225757,61.320130729205104,813.4900887026707,74.32602012630103,53.01049608272683
2025-09-07 19:00:00,7.8907378406163105,60.491887886826696,66.22268907563026,27.38323208907478,61.26645949181481,809.2062766778296,74.1333288770952,52.80606547104063
2025-09-07 19:15:00,7.536149801007907,60.46357107455669,66.22268907563026,27.348456169821798,61.19323976735377,817.7513326820449,74.21601402122958,53.28750750677207
2025-09-07 19:30:00,7.565292048999282,60.410993605357724,66.22268907563026,27.396121958720936,61.059258596638564,813.5307163816078,74.2492480758132,53.17160078610656
2025-09-07 19:45:00,7.575443730076935,60.379998753556755,66.22268907563026,27.396095234335483,60.88278989467478,819.507262051152,74.97775882251237,53.223570389513746
2025-09-07 20:00:00,7.593787684021947,60.47812625342304,66.22268907563026,27.389880551467613,60.97455450405313,819.1460493934334,73.75293155780489,53.21894935189349
2025-09-07 20:15:00,7.545417197966668,60.387442341512,66.22268907563026,27.37118600503258,60.64307542678989,810.8922965385347,73.81381931391472,52.945851422897434
2025-09-07 20:30:00,7.620436746322497,60.36972551202101,66.22268907563026,27.438155441889414,60.547689343807406,809.2927521905124,74.44620034838098,52.72306639393028
2025-09-07 20:45:00,7.462328614905163,60.27933153413617,66.22268907563026,27.39518549784272,60.43383806453802,817.1930462108841,74.27490927863695,52.22188187841835
2025-09-07 21:00:00,7.343970625543979,60.220105024935386,66.22268907563026,27.30973544915445,60.2293809959343,815.6597320215001,74.47262972832989,52.190925993592735
2025-09-07 21:15:00,7.546609812262044,60.25472970801656,66.22268907563026,27.341593589246575,60.10778063973615,813.671240189037,74.78800484568846,52.642406511811096
2025-09-07 21:30:00,8.086081212671209,60.10857372945761,66.22268907563026,27.346418205538285,60.494974141148305,820.4514748205507,74.69584238067664,52.74490830842779
2025-09-07 21:45:00,8.220954872522345,60.107864280729615,66.22268907563026,27.35130236084687,60.823717887033325,816.9788916159793,74.74386039755528,53.028321328786646
2025-09-07 22:00:00,8.146201498298893,60.18108929199996,66.22268907563026,27.377159251791646,60.89521331657772,813.9354543185788,74.05784968146676,52.97191535390406
2025-09-07 22:15:00,8.215023504060804,60.0702359306962,66.22268907563026,27.387857188181524,63.81054494417579,815.0292577267237,73.7278368620579,53.4541315999598
2025-09-07 22:30:00,8.270323662837578,60.21303682383423,66.22268907563026,27.398713652860863,63.59476104164626,809.1125066337751,74.3613192981803,53.21255420867527
2025-09-07 22:45:00,8.565276777663964,60.05997510352944,66.22268907563026,27.395137992997963,63.37197599831613,808.6099991604925,73.82786521506475,53.43599313028048
2025-09-07 23:00:00,8.526542020874054,59.994747724511825,66.22268907563026,27.34245578338783,62.96401644885355,812.0294134261894,73.88204478987319,53.53337050681865
2025-09-07 23:15:00,8.646413345690647,59.949387758549,66.22268907563026,27.358679435963932,62.98593844069341,817.6166822472516,73.37222084621672,53.52491532773369
2025-09-07 23:30:00,8.718892886011705,60.01958663248489,66.22268907563026,27.368298440663324,62.73237194033282,822.9286346147479,73.84222511073888,53.579057334591354
2025-09-07 23:45:00,8.793922817517991,60.03317449704547,66.22268907563026,27.35104273823827,62.791035033618066,825.7869320789671,74.00141203177252,53.49931015006976
2025-09-08 00:00:00,8.93331121010026,60.07180147208047,66.22268907563026,27.32827083552736,62.68263687423456,822.0434976778749,74.1610145781612,53.14223701256052
2025-09-08 00:15:00,9.197945240618214,60.058349628255236,66.22268907563026,27.296642139454693,62.69064689237851,820.2037057448772,73.36620417233476,53.63505108739338
2025-09-08 00:30:00,9.501936349971874,60.042465105942654,66.22268907563026,27.2792883341266,62.92014960159315,819.355029917837,73.43092073517558,53.73399914782591
2025-09-08 00:45:00,9.27671454093573,59.938161063343166,66.22268907563026,27.25274941661254,62.35158932571943,818.0106661882048,73.71049151038977,53.945521507942686
2025-09-08 01:00:00,8.884325781184591,60.04703146577338,66.22268907563026,27.26841125591233,62.475993995177575,816.0444796649973,73.63918785322115,53.929820889346914
2025-09-08 01:15:00,8.926925611972786,59.982951481874444,66.22268907563026,27.26996776954607,62.33337198959488,821.5040479276912,73.019582486621,53.72892657073995
2025-09-08 01:30:00,8.903213403086994,59.96579631105815,66.22268907563026,27.23982450722276,62.40231548095844,815.1950626094033,73.57001286600692,53.50694652370936
2025-09-08 01:45:00,8.69722178147886,59.89315720374093,66.22268907563026,27.24908681515764,62.390475887321266,815.0989817983243,73.48650449262077,53.56221737833767
2025-09-08 02:00:00,8.645941889574349,59.86157158791862,66.22268907563026,27.243025569159997,59.63587372881124,816.3552925358723,73.06924111008819,53.140071150807444
2025-09-08 02:15:00,8.767513740306724,59.83921372895275,66.22268907563026,27.267487552672556,59.51352517888292,808.5637431261729,73.60080440450253,52.959252085981966
2025-09-08 02:30:00,8.60278472790145,59.823755197269975,66.22268907563026,27.238965041313435,59.3496113563359,804.4161239405585,73.37384499950116,52.811171598436054
2025-09-08 02:45:00,8.25037112061331,59.80435232912778,66.22268907563026,27.227528479533383,59.11626963796009,806.1773210186192,73.40474816964424,52.505401552679636
2025-09-08 03:00:00,8.203623268869265,59.68215881125999,66.22268907563026,27.213685009338864,59.376550262706814,807.541379241022,72.58266741121177,52.386852433095356
2025-09-08 03:15:00,8.393559085146796,59.69542445218813,66.22268907563026,27.206996104088145,59.37383705801035,804.7504480289368,72.90344095196473,52.086181972700174
2025-09-08 03:30:00,8.50760750278661,59.714632686012564,66.22268907563026,27.220467621505648,59.44216447621486,804.2225448206893,72.5820628915211,52.218498448037984
2025-09-08 03:45:00,8.515510111197738,59.69669818269484,66.22268907563026,27.252292104978284,59.3350321965692,802.1384073112088,73.54371906317489,52.334099240828245
2025-09-08 04:00:00,8.689710119939388,59.648376540813274,66.22268907563026,27.334458770040868,59.254420119682685,808.5388240827916,73.61156802546083,52.70140065999693
2025-09-08 04:15:00,8.65933094128477,59.634499408958355,66.22268907563026,27.363427752340904,59.01105196750439,816.5638654226436,73.17876253083456,52.57265940849429
2025-09-08 04:30:00,8.488359455419111,59.66574810184633,66.22268907563026,27.364966511762187,58.77478274541943,819.9560449231368,73.9517490737452,52.7200415438112
2025-09-08 04:45:00,8.86016790945004,59.68029786002862,66.22268907563026,27.33040985603029,58.76833290184332,824.3881657183414,73.18433324888252,52.986392179116095
2025-09-08 05:00:00,9.348630614733196,59.640201939363415,66.22268907563026,27.30410680206774,59.188404705599595,818.887532217299,73.55873915386606,53.018659959447625
2025-09-08 05:15:00,9.396435405495724,59.69973728136294,66.22268907563026,27.27089440834864,59.21905319662037,817.6867143842206,72.31064815585685,52.82127780702804
2025-09-08 05:30:00,9.39792287514145,59.6584124645202,66.22268907563026,27.29113435098783,59.274949589889516,817.7504817393265,73.73997453092743,52.73445187380988
2025-09-08 05:45:00,8.97386358347474,59.5345444884508,66.22268907563026,27.28225933915206,62.02952555656474,810.7856963440275,73.4467037356355,52.940000593848
2025-09-08 06:00:00,9.077879820383588,59.57753032158673,66.22268907563026,27.24856173023537,61.88714512439271,819.6948277397181,72.577840869043,52.97046158315353
2025-09-08 06:15:00,9.259656853358413,59.44960278506284,66.22268907563026,27.25850398073158,61.98595111520924,815.4106320563357,73.37357823053341,52.94207050561817
2025-09-08 06:30:00,9.506516378463813,59.530896123329825,66.22268907563026,27.256680447303516,61.92797894027343,811.4845760755329,73.31550626622231,53.21692407392088
2025-09-08 06:45:00,9.354165771829647,59.53774182388887,66.22268907563026,27.241413849932403,62.14909568678728,806.6995390086948,72.77539828188607,53.27928261976895
2025-09-08 07:00:00,8.995387441063746,59.56113012317496,66.22268907563026,27.237516612321343,61.8657895440863,815.4660399207141,73.20310672332133,53.30250204337058
2025-09-08 07:15:00,8.66787122333205,59.653429055136925,66.22268907563026,27.238032084412243,62.05016773068234,814.9952132762305,73.01830041606507,52.94754460286324
2025-09-08 07:30:00,8.145825281428374,59.60283928407808,66.22268907563026,27.23915992415622,62.101815319203034,809.18174878326,73.17545853131294,53.08464090656474
2025-09-08 07:45:00,7.911309397375399,59.62745170858276,66.22268907563026,27.21239363336721,62.06814731190732,802.485443993293,73.19313008258607,52.589816932785055
2025-09-08 08:00:00,7.64646511504998,59.48821948298449,66.22268907563026,27.22604511746763,62.00606947449917,804.6752859357955,72.67314511544303,52.67114908013169
2025-09-08 08:15:00,7.396766999181872,59.55807575774998,66.22268907563026,27.29517300957071,61.94975421441423,806.3062352884832,72.86459400524026,52.78495738248488
2025-09-08 08:30:00,7.5268101259490185,59.56167548174665,66.22268907563026,27.311922160783325,62.23272128603324,805.3636113657755,73.07806579746392,52.873139457624355
2025-09-08 08:45:00,7.249231684987721,59.57526137641596,66.22268907563026,27.25361893926045,61.911910056455056,807.4178745678713,72.91336098329438,52.878085192031826
2025-09-08 09:00:00,6.98990412557012,59.476571338869526,66.22268907563026,27.306237410507578,61.93655261381466,807.8265937612856,73.40412793996016,52.8985772005815
2025-09-08 09:15:00,7.135616397419192,59.512397603506244,66.22268907563026,27.31873588708954,61.683677336556016,805.097763650547,74.07019884748442,53.064679082483416
2025-09-08 09:30:00,7.269786098726002,59.46414277069022,66.22268907563026,27.41020430703884,58.802695067552875,801.5445906181737,73.82133663214954,52.30180569695224
2025-09-08 09:45:00,7.4058721458771775,59.44228393993951,66.22268907563026,27.408610423183617,58.81926119220039,797.4144673155012,73.5858766708439,52.48530822303622
2025-09-08 10:00:00,6.950505976011258,59.38762205989546,66.22268907563026,27.4372272663974,58.89303445332773,801.1429089353342,73.14591195861408,52.461289935272276
2025-09-08 10:15:00,6.854701696898147,59.40081235482726,66.22268907563026,27.42177678737092,59.175789121824174,805.3492249431174,73.39867651059257,52.37227186634932
2025-09-08 10:30:00,6.872725186320428,59.49963958376642,66.22268907563026,27.493410943330076,59.431346639432775,802.1067513890897,73.2055799418699,52.54312043595027
2025-09-08 10:45:00,7.092212817510293,59.53049304605495,66.22268907563026,27.44261976709932,59.16054305413297,808.4087012439187,74.47023160506728,52.252957956795996
2025-09-08 11:00:00,7.369907061089323,59.35444674195029,66.22268907563026,27.49374063502276,59.36360039545235,812.5621057093119,73.47150473822843,52.676319780023725
2025-09-08 11:15:00,7.587922982551775,59.32851031481641,66.22268907563026,27.52677311214276,59.737387337246545,803.032656083351,73.66603614772248,52.27674014478837
2025-09-08 11:30:00,7.675023801180342,59.33701723520676,66.22268907563026,27.517870092642355,60.04565942538612,801.1725348160159,74.29671038246444,52.4505604697142
2025-09-08 11:45:00,7.678805585091857,59.31565797241076,66.22268907563026,27.547970975071486,59.96646423534232,812.0211975301359,74.98226152081622,52.62611175525657
2025-09-08 12:00:00,7.222450957140642,59.28655592150076,66.22268907563026,27.594125544244328,59.804355613493136,806.1895469638761,75.20974017711221,52.60938723106351
2025-09-08 12:15:00,6.98644164353937,59.367086414190005,66.22268907563026,27.56715444464485,60.03121221943506,804.7692608376713,74.76809358029925,52.56123868746395
2025-09-08 12:30:00,7.101220151417023,59.317671647267645,66.22268907563026,27.531895127242322,59.86376186951426,811.4576584498817,74.5553762651036,52.52623430037807
2025-09-08 12:45:00,6.7830956870269015,59.32028826249208,66.22268907563026,27.515691156052714,60.15797889521467,822.0275993136391,74.45117734192344,52.6813997743637
2025-09-08 13:00:00,6.838580253178232,59.331718342638794,66.22268907563026,27.52424019316641,59.9190541101981,817.4761887811968,74.71049747776556,52.53642388513135
2025-09-08 13:15:00,6.714317779948117,59.43842299906726,66.22268907563026,27.481147458853176,63.0903514285244,821.297034413057,75.10308832174653,52.96908144839415
2025-09-08 13:30:00,6.7374877081713365,59.33784299291028,66.22268907563026,27.489028957443534,63.166129034636946,825.5868908309465,74.72895002478703,53.179263885915496
2025-09-08 13:45:00,6.649229967512766,59.325642912147,66.22268907563026,27.44113944689841,62.87400488041884,813.5945645898568,73.92140711539709,52.97638009524052
2025-09-08 14:00:00,6.548557420131719,59.28183324212556,66.22268907563026,27.452579490688905,62.89492129733212,806.0503084249196,74.25709381696883,52.68019249414155
2025-09-08 14:15:00,6.685863253498684,59.33808551464754,66.22268907563026,27.394361540024853,63.0827366295513,802.1690156973,74.70368367915387,53.28368298853761
2025-09-08 14:30:00,6.4381533419554255,59.320175427091584,66.22268907563026,27.408172710274755,63.53784493832384,798.7437031576671,73.76123826405006,53.61309595882578
2025-09-08 14:45:00,6.386012347686498,59.51233073517133,66.22268907563026,27.39552661762781,63.65125847981803,797.855660546309,74.74582444526307,53.596548580837904
2025-09-08 15:00:00,6.330548756363318,59.488737684713335,66.22268907563026,27.437386141683593,63.46875683689578,796.0299251066454,75.04473411204964,53.47288427853708
2025-09-08 15:15:00,6.282185336479545,59.46829224810011,66.22268907563026,27.43002499960018,63.352015832776324,793.360844654545,74.30800977538739,53.56952808503291
2025-09-08 15:30:00,6.748757788066292,59.406183368342646,66.22268907563026,27.438301800422213,63.36041234335081,797.4802102970821,74.54058398832527,53.13744827755889
2025-09-08 15:45:00,6.946551007092633,59.323031177117855,66.22268907563026,27.449573199414903,63.1711976220671,799.4596549005106,74.45281201404703,53.49227062017045
2025-09-08 16:00:00,6.906113408841284,59.26706196125515,66.22268907563026,27.454506294841785,63.14198693925781,805.9877618683372,74.10598834564303,53.77475857069898
2025-09-08 16:15:00,6.707371229124237,59.214151593768094,66.22268907563026,27.43661340526168,63.20922403219736,800.2438830316223,74.18894484108637,53.993211830673225
2025-09-08 16:30:00,7.043921281190056,59.32123994606105,66.22268907563026,27.428307985652264,63.05620033125672,808.0306572842027,74.6309216467347,54.09773958064782
2025-09-08 16:45:00,7.446039101286408,59.24423453079477,66.22268907563026,27.43009347046695,63.318867033385374,801.8635106662975,74.86787011843022,54.139481634152354
2025-09-08 17:00:00,7.944960921375072,59.334487367050905,66.22268907563026,27.415207199389183,60.34761182924597,801.1097162206163,74.86121680674302,53.70109368326995
2025-09-08 17:15:00,8.175534154469274,59.2251215339181,66.22268907563026,27.478425874980594,59.94162636016219,788.9121857871983,74.21243380428297,53.36246617481841
2025-09-08 17:30:00,8.131090352655722,59.19799070118257,66.22268907563026,27.49131541611886,60.16288833948204,789.631645867433,74.48370755157335,53.74212039425883
2025-09-08 17:45:00,7.759607901021501,59.07382476625689,66.22268907563026,27.501035670596874,59.81189777444733,797.1421155270517,74.32717207734709,53.79886755814452
2025-09-08 18:00:00,7.707362889382068,58.96540295820955,66.22268907563026,27.493617527199333,59.71666423051701,805.9936407635067,73.23587057577687,53.77415514485664
2025-09-08 18:15:00,8.183862831841735,59.10904341785708,66.22268907563026,27.508648628582534,59.822096147971166,806.9687908888221,73.85588267454108,53.6733664554587
2025-09-08 18:30:00,8.430192191831612,59.169286969239046,66.22268907563026,27.562835683212377,59.83792252265929,806.6200684712372,74.23150788815919,54.02996753106096
2025-09-08 18:45:00,8.262850785396152,59.16689920074949,66.22268907563026,27.54014739216332,60.16475138958604,795.5485508392771,74.17300846070634,53.923309235715344
2025-09-08 19:00:00,7.919823531148718,59.16745779110612,66.22268907563026,27.509406119077468,60.07990141524455,797.0800280817457,74.28915574064064,53.85658925643895
2025-09-08 19:15:00,7.837889217824196,59.30970419478879,66.22268907563026,27.488539872826973,59.7043458596105,807.0466898624084,74.34000794643605,54.102616461492225
2025-09-08 19:30:00,7.833443251451958,59.264801420335104,66.22268907563026,27.471278337063083,60.00361662477552,806.8070515830818,73.70707647562006,54.11913249338039
2025-09-08 19:45:00,7.963428198276518,59.32880126256435,66.22268907563026,27.462475924022648,59.99639379206185,803.8418445574387,73.39071618044322,54.21723013387387
2025-09-08 20:00:00,7.96186305813767,59.36508973820751,66.22268907563026,27.434601538198606,60.064705928250994,807.0724459129023,73.86656055354767,54.50969029117189
2025-09-08 20:15:00,7.818571630965015,59.208603143325696,66.22268907563026,27.45552946888885,60.05834835647786,812.3171422423324,74.80974950798242,54.43899650060581
2025-09-08 20:30:00,7.776616226965774,59.137796755018,66.22268907563026,27.491720849446438,60.55580032794475,812.0453614964549,73.83345747153362,54.360706485648485
2025-09-08 20:45:00,7.730914107446405,59.113220018897415,66.22268907563026,27.467499368063887,63.495568412605486,813.057887705602,74.53872365225058,54.809559015424995
2025-09-08 21:00:00,7.806085956209309,59.098694450989456,66.22268907563026,27.438668517082835,63.16804191854413,806.9478040572646,73.947988018728,54.69211405993729
2025-09-08 21:15:00,7.781791701903434,58.97978542289414,66.22268907563026,27.407216687282748,63.070867089615085,806.3962683226345,73.80053697614383,54.779336093337506
2025-09-08 21:30:00,8.050465668806142,58.99920806714682,66.22268907563026,27.353003224535176,62.91083114351533,810.5442327956482,74.24579565968682,54.9559690504067
2025-09-08 21:45:00,8.41081687346014,59.08066992197141,66.22268907563026,27.374213762409035,63.620867131729675,812.9075304052783,73.67967863600235,54.627184271707065
2025-09-08 22:00:00,8.4060161857333,59.062329093461464,66.22268907563026,27.36139318499964,63.55887718519081,806.2094610289367,74.00026430569132,54.91516517083923
2025-09-08 22:15:00,8.294762239456801,59.00764397299269,66.22268907563026,27.33233631240845,63.53062727485866,809.0529962262381,73.7210721142404,54.74297131220738
2025-09-08 22:30:00,8.49434409921603,59.09649017789363,66.22268907563026,27.32767923737316,63.234312877181175,813.1710610574085,73.54794047042255,54.984903393813646
2025-09-08 22:45:00,8.934025006150515,58.984290649969815,66.22268907563026,27.28071139964112,63.25882771210656,814.6322679189268,73.17463566165539,54.88835644346338
2025-09-08 23:00:00,9.394698486620438,58.951140150688175,66.22268907563026,27.26940603784154,63.24870251655509,810.8382674973321,73.12435963642388,54.86694613341313
2025-09-08 23:15:00,9.676011193381063,58.77361446222266,66.22268907563026,27.212357230216266,63.08674603374199,810.3469696809218,74.49280046392201,55.04940341955498
2025-09-08 23:30:00,9.559323535951695,58.693553806718555,66.22268907563026,27.199252095772227,62.82564757762692,807.2525012308735,73.8070932460254,54.983050217945774
2025-09-08 23:45:00,9.347457573273488,58.68321046242462,66.22268907563026,27.202555795824576,62.644412219487904,810.3904419200846,73.51325427350322,55.21077624008099
2025-09-09 00:00:00,9.468164239099147,58.73820839514442,66.22268907563026,27.22451726523357,62.574892608513935,812.4897662804507,73.39245250891106,55.01101855172278
2025-09-09 00:15:00,9.573032690322911,58.74426572061826,66.22268907563026,27.20601862791065,62.6349415526476,808.0411982644497,73.86472943608301,55.25633507697076
2025-09-09 00:30:00,9.726024563976145,58.69539390669929,66.22268907563026,27.218103775566814,59.81393722614084,800.8054932826066,73.45577813277559,54.97641114047243
2025-09-09 00:45:00,9.697349357519794,58.51051415784959,66.22268907563026,27.23317268470237,59.75001441918818,799.8005708108611,73.8584697001749,55.09304645424809
2025-09-09 01:00:00,9.518123327647617,58.415840584963554,66.22268907563026,27.246435246314356,59.8398843283665,804.3734188939595,73.4040855407614,54.99771840810743
2025-09-09 01:15:00,9.007631800095169,58.32590950026579,66.22268907563026,27.19361472961962,59.88756297382818,805.2147371353506,73.54108433420822,54.974145112577865
2025-09-09 01:30:00,8.662149081334906,58.334789161137294,66.22268907563026,27.168917459666392,59.72581889867811,800.9856108276297,73.25301778403455,55.06410569854095
2025-09-09 01:45:00,8.351188906375958,58.37252983374162,66.22268907563026,27.0662596015044,59.46846647493468,804.5914454464661,73.86793145501765,54.87546918286881
2025-09-09 02:00:00,8.79651075620285,58.32644338955583,66.22268907563026,27.038877429979962,59.252188183550246,813.8255261468832,73.88809295627118,54.78448167332637
2025-09-09 02:15:00,8.921710476548387,58.334604676083906,66.22268907563026,26.980901189088097,59.51639426754951,821.3067438508498,73.81477608892942,54.4478498972891
2025-09-09 02:30:00,8.669743532626281,58.344465783723294,66.22268907563026,26.9517780633317,59.43677098964952,821.7267589537862,73.60367523796886,54.56951007234151
2025-09-09 02:45:00,8.649747635283937,58.33722939772341,66.22268907563026,26.936846506330944,59.430728707394366,824.1435322810744,72.37634289470996,54.49255176535422
2025-09-09 03:00:00,8.54163085435875,58.43381556995069,66.22268907563026,26.979949822504445,59.711334990045586,822.2597552013244,72.91608000415647,54.57102504537188
2025-09-09 03:15:00,8.596745227223781,58.44660022871918,66.22268907563026,26.95737141582846,59.60988641185315,817.703749771768,72.73432105556667,54.46635738395216
2025-09-09 03:30:00,8.917960843756113,58.38478850936085,66.22268907563026,26.931130469246188,59.25725519409102,819.5766886149875,72.8884076967575,54.60176162965219
2025-09-09 03:45:00,8.919614154252208,58.50773393403098,66.22268907563026,26.895213945218345,59.41845782058796,818.5771433493504,73.34236768385117,54.85379660244465
2025-09-09 04:00:00,8.99506407720083,58.54242352628661,66.22268907563026,26.912324075557773,59.19910881563685,818.7889814421001,73.12267848249309,55.30462359975607
2025-09-09 04:15:00,9.003750214153625,58.58985465296687,66.22268907563026,26.85723392626327,62.22616988203942,817.383896083208,72.98688545327607,55.55442269513258
2025-09-09 04:30:00,8.824427996015288,58.52927170929829,66.22268907563026,26.909840970233944,62.16897522467204,821.0715752959292,72.36759215648776,55.23362462757211
2025-09-09 04:45:00,9.025830891139119,58.67513154274233,66.22268907563026,26.91763863092985,62.12800803377936,820.7689572871614,72.42747699643363,55.335033244659826
2025-09-09 05:00:00,9.334132260255142,58.63644563549731,66.22268907563026,26.94070919705546,61.963068818636614,825.0932282200598,72.99756827054564,55.28547873909572
2025-09-09 05:15:00,9.410678089104598,58.654013806135566,66.22268907563026,26.917721362709496,62.272104840726584,821.8690326530524,72.90309458046107,55.479558477169114
2025-09-09 05:30:00,9.208767401797841,58.672152854051696,66.22268907563026,26.960041232214362,62.45440193584063,825.7232265001563,73.68752919106021,55.46782011965795
2025-09-09 05:45:00,9.006014711382855,58.709429433937395,66.22268907563026,26.984405396475648,62.03984775440264,822.0299777920068,73.06435829902038,55.426520036380055
2025-09-09 06:00:00,9.430917294167974,58.610952345017374,66.22268907563026,27.00256154328339,61.89613744354164,823.9815433045964,72.54394428128217,55.51596128080776
2025-09-09 06:15:00,9.25416246420387,58.54932138442018,66.22268907563026,26.981579807091464,62.18501406370253,826.7179936554377,73.08736702875129,55.44893147200166
2025-09-09 06:30:00,9.091993316136257,58.40674180548766,66.22268907563026,26.981081959374528,62.29188366950125,816.5945464034662,72.42121042802212,55.20042089327265
2025-09-09 06:45:00,8.799719495920835,58.38844754220827,66.22268907563026,26.986822647604015,62.42239869585719,818.0806884278423,73.75201080518382,55.21247737228908
2025-09-09 07:00:00,8.598713601723743,58.42951655993271,66.22268907563026,26.93750306345177,62.27585642063894,820.0923482423697,72.74176226383845,55.210708611323895
2025-09-09 07:15:00,8.396000475313487,58.32798493988437,66.22268907563026,26.920366546446587,62.21374884632878,824.8850702107698,72.87313895578806,55.0109571521786
2025-09-09 07:30:00,8.028365862404101,58.29430846960621,66.22268907563026,26.889717738793042,61.822289266693005,825.2686671721463,73.14504941888676,54.64542090987842
2025-09-09 07:45:00,7.830570469350328,58.333644644100936,66.22268907563026,26.879584006274953,61.85195868236751,826.0439242536168,72.82177435080416,54.839321034116715
2025-09-09 08:00:00,8.046843532586426,58.35833988479516,66.22268907563026,26.785699254869552,59.105361711088165,825.9225478391398,72.91929835466264,54.28229389399669
2025-09-09 08:15:00,7.817715636349,58.33036734655858,66.22268907563026,26.787368342527124,59.191481599345074,825.3181630833361,73.12681711785551,53.76397473980831
2025-09-09 08:30:00,7.530500205978146,58.35008463575392,66.22268907563026,26.80073327356322,59.36331027370544,823.3934009774971,73.19886749521005,53.88919149374097
2025-09-09 08:45:00,7.094970709413711,58.31894389475477,66.22268907563026,26.858100426506592,59.613225244690874,822.4611191679522,73.03179614575592,53.82237736190351
2025-09-09 09:00:00,7.513684809018747,58.29694400410512,66.22268907563026,26.828323780765952,59.50045090254554,829.2002329865379,73.57056663123132,54.00308045711972
2025-09-09 09:15:00,7.4036392877246575,58.099780145585704,66.22268907563026,26.798826944596552,59.608139510655874,832.6046458960574,74.09979775158946,53.78901372969319
2025-09-09 09:30:00,7.549829155254988,58.167182903919525,66.22268907563026,26.851453389664485,59.729583765201106,833.414835522207,73.29099556440909,53.66773701948872
2025-09-09 09:45:00,7.566910080376189,58.14108834349693,66.22268907563026,26.915204155838236,59.95996173488369,834.4526621606166,72.92218818689248,53.69212942395732
2025-09-09 10:00:00,7.394186150565351,58.067456145957685,66.22268907563026,26.93639579397136,60.25763369659583,826.7522185370358,73.62589238817318,53.660955693537936
2025-09-09 10:15:00,7.468166330002289,57.97645652712717,66.22268907563026,26.838169215780546,60.15618392633935,824.7414901071865,73.42083353644527,53.603560879491894
2025-09-09 10:30:00,7.4046151202772865,57.97990779453387,66.22268907563026,26.892014205354144,60.07398389900994,823.4616411720688,73.3714710935139,53.76041931032622
2025-09-09 10:45:00,7.499429757176597,57.92474517056942,66.22268907563026,26.891913546250578,59.92839435168474,832.6067255503834,73.41478618193612,53.8145994028886
2025-09-09 11:00:00,7.72930614409016,57.99645320508277,66.22268907563026,26.860478550126608,59.91789812614519,838.6015418249355,73.28587401051752,53.786477839795715
2025-09-09 11:15:00,7.529052596833531,58.018677983379014,66.22268907563026,26.867532278804326,60.0278576701651,835.3750016150256,73.7160488044093,53.95403060678532
2025-09-09 11:30:00,7.821940193666004,57.94603663656066,66.22268907563026,26.86361876805147,60.20925822098445,843.4729046702062,73.42698224752152,54.133286305243146
2025-09-09 11:45:00,7.4060290484606135,57.97601871446579,66.22268907563026,26.878510507969775,63.084613471264696,848.8506968592249,73.91152328758581,54.72245713208839
2025-09-09 12:00:00,7.335325748715675,58.0721054050232,66.22268907563026,26.817912247011876,63.131480331942306,843.6398462275574,73.81355387150104,54.462439449047025
2025-09-09 12:15:00,7.496545756190726,58.00465148963528,66.22268907563026,26.82610345962026,62.62357587558011,843.8606070570967,73.8395471591894,54.49493308570966
2025-09-09 12:30:00,7.679506229106948,58.074692505404116,66.22268907563026,26.852069016242066,62.389302488266054,833.9275145270817,73.11549098194831,54.21295182728592
2025-09-09 12:45:00,7.4714336863220545,58.15751267447715,66.22268907563026,26.8952544228032,62.44411025060759,842.4845625261922,73.33144013524714,54.361051864618744
2025-09-09 13:00:00,7.107158173370838,58.075956537794156,66.22268907563026,26.84355248133369,62.40804531520193,839.8369453248716,73.86557320695628,54.6221273240388
2025-09-09 13:15:00,6.9619501478760855,58.12238761379157,66.22268907563026,26.83874100270664,62.620745976173595,839.714165012866,73.85718990669909,54.784226009788455
2025-09-09 13:30:00,6.58926837460822,58.08202971040751,66.22268907563026,26.796131840070107,62.692294807661504,840.0164907022795,73.79504468265682,54.91963499046998
2025-09-09 13:45:00,6.389737290834468,58.23310223783742,66.22268907563026,26.78093470486218,62.28248698962788,840.369179766606,73.6924545953114,54.82689415688144
2025-09-09 14:00:00,6.5586440879322865,58.34819635285886,66.22268907563026,26.80876856425449,62.49885389137639,838.7023942156212,73.29130387083043,55.01936067051825
2025-09-09 14:15:00,6.678941238926127,58.252564170575454,66.22268907563026,26.794225359905653,62.4249251747606,841.798449831311,72.84337887624787,55.11261235311933
2025-09-09 14:30:00,6.678872119435739,58.255987244720316,66.22268907563026,26.752858953465378,62.31841495629128,838.7715514163743,73.95680602640724,55.447903892437296
2025-09-09 14:45:00,6.241919094799913,58.36911030416693,66.22268907563026,26.79107125155946,62.823948468474015,843.8058263028339,74.15869800559992,55.14987275357262
2025-09-09 15:00:00,6.060796301214209,58.41702975133013,66.22268907563026,26.795403771722516,62.74867236571766,834.7589983189407,72.77661324510295,54.81720143163963
2025-09-09 15:15:00,6.251286388932564,58.456957625116765,66.22268907563026,26.81406508107006,63.235457233017335,824.7906319593044,73.62046436512911,54.868854065407135
2025-09-09 15:30:00,6.5188068268985475,58.48134263127187,66.22268907563026,26.78302010773632,60.2112920573563,831.5890436789846,73.84314243886561,54.71929600494551
2025-09-09 15:45:00,6.762523744072893,58.431127085864084,66.22268907563026,26.714757151379278,60.28047798701597,843.4037974038501,74.06668134355515,54.6358061640654
2025-09-09 16:00:00,6.594584776657212,58.501588301646485,66.22268907563026,26.720940762013008,60.10406801396779,852.1789923904819,74.71787409591795,54.4877445419767
2025-09-09 16:15:00,6.7552087991378125,58.447903427025324,66.22268907563026,26.70557900888074,60.331851705880986,847.0463934267333,75.2691521221676,54.69065684474477
2025-09-09 16:30:00,7.299358796911854,58.23185693345274,66.22268907563026,26.68534783190624,60.47905698086769,844.1390126766403,74.23545732808711,54.86393880945931
2025-09-09 16:45:00,7.855629079357053,58.170261155921835,66.22268907563026,26.717040939491692,60.462995868073314,848.7862839650604,73.6997848298266,54.554406476115034
2025-09-09 17:00:00,8.138653153638682,58.30412178570427,66.22268907563026,26.669682153239673,60.57508829488944,843.0808186586855,73.6626242692445,54.52118610140678
2025-09-09 17:15:00,8.41982736235596,58.36784218266763,66.22268907563026,26.713226496008534,60.99069851531999,848.7557956050324,74.83268445552251,54.84868703546686
2025-09-09 17:30:00,8.267302281212888,58.511881708561965,66.22268907563026,26.684686437085965,61.07663407051852,843.1027952102932,73.88773838597,54.722376811087884
2025-09-09 17:45:00,8.282291941977658,58.42514995595239,66.22268907563026,26.66277460692954,61.218935245853295,845.822667876344,73.5313134901644,54.68312111246926
2025-09-09 18:00:00,7.856478175129967,58.37016144320073,66.22268907563026,26.608148914048957,61.06801689289156,849.4307977810362,73.94558137812753,54.65599397498297
2025-09-09 18:15:00,7.930321828156354,58.43080454922986,66.22268907563026,26.584657319329292,60.71951706628781,850.0300133264902,74.08013979535298,54.901372196862596
2025-09-09 18:30:00,8.196681349397638,58.326612749545795,66.22268907563026,26.594595444965762,60.91232043809871,853.8967155347394,73.73279295892537,54.63125728209818
2025-09-09 18:45:00,8.402330593561823,58.43509011945564,66.22268907563026,26.60017847002989,61.057642219280204,847.7542299721283,74.22572561236223,54.966695670509964
2025-09-09 19:00:00,8.429451589468698,58.49433343291576,66.22268907563026,26.57675160797191,60.82724197730267,852.440224412375,74.00918762526338,54.93614326527972
2025-09-09 19:15:00,8.057229338840969,58.51594393455613,66.22268907563026,26.53796486844622,63.88927521686512,855.5727131392844,73.3747900605973,54.96372113420834
2025-09-09 19:30:00,8.158104115599098,58.60107672547906,66.22268907563026,26.48371821534958,63.96158448798954,854.9069368869575,74.11683254330848,54.69060969075251
2025-09-09 19:45:00,8.360901925223596,58.6017767537198,66.22268907563026,26.4351646655739,63.926388671343155,846.7224811735892,73.65380361464064,54.70845900028923
2025-09-09 20:00:00,8.521897100046862,58.551535690358136,66.22268907563026,26.473401524328477,64.08825273146917,841.5543427986397,74.27390281918044,54.567277501530405
2025-09-09 20:15:00,8.365867857751999,58.60474935943955,66.22268907563026,26.472599246953628,63.83090094408497,845.0327999687288,73.30745655538279,54.899237665740074
2025-09-09 20:30:00,7.981602172379282,58.50180264499343,66.22268907563026,26.4659592665936,63.77762172740789,839.1499662403241,73.70822108896778,54.88338126135963
2025-09-09 20:45:00,7.783279164657477,58.54429690221261,66.22268907563026,26.42362441834309,63.612145002863144,847.5388670914066,74.789244546731,54.64531145780415
2025-09-09 21:00:00,7.815681289056177,58.49553652977525,66.22268907563026,26.465083977735695,63.90212541720515,842.7716835171102,73.71248588596167,54.48700840921026
2025-09-09 21:15:00,7.934327014433323,58.50830678966226,66.22268907563026,26.344010295347637,63.66470810607267,843.5528092572022,74.57518717502379,54.33951151433681
2025-09-09 21:30:00,8.170456853901545,58.56797150134256,66.22268907563026,26.245610639228687,63.59537650937797,846.5222396662268,73.7920256814,54.456645067648154
2025-09-09 21:45:00,8.408748131408036,58.6494790890023,66.22268907563026,26.272428526493517,63.49269645810651,848.2203558053614,73.27247758119309,54.31496374965999
2025-09-09 22:00:00,8.576247204418133,58.61524179466066,66.22268907563026,26.208389185149652,63.66227115633118,850.013184995812,73.39357780304016,54.505736245671066
2025-09-09 22:15:00,8.55956577385409,58.64165437123067,66.22268907563026,26.210893896870605,63.563623341013084,848.2564773605401,73.61364974476669,54.53530579410622
2025-09-09 22:30:00,8.505004392102634,58.62296406228045,66.22268907563026,26.213550536350212,63.6010579023951,847.947832394803,73.35680882076728,54.3868126247155
2025-09-09 22:45:00,8.743093943583373,58.545462646910295,66.22268907563026,26.149644002185326,63.77450487861442,854.8485137669744,73.143138265501,54.23961477722503
2025-09-09 23:00:00,9.366965826972166,58.42379561050236,66.22268907563026,26.18078526937682,60.738568759816815,853.5975631015251,73.87942527998311,54.23607248942328
2025-09-09 23:15:00,9.623203458409005,58.30276156004069,66.22268907563026,26.198669202664956,60.56420063712332,857.8340544902759,74.29060455776242,54.5391484540911
2025-09-09 23:30:00,9.339973993017663,58.30084325740226,66.22268907563026,26.171675741743567,60.57046489192359,853.8363878176582,73.31893905518876,54.228463864733925
2025-09-09 23:45:00,9.292212142270188,58.18569186203084,66.22268907563026,26.23482924857341,60.4406189117983,848.1840587872067,73.1601803999139,53.830673119858865
2025-09-10 00:00:00,9.237198001008936,58.29845238213333,66.22268907563026,26.303233545779502,60.4132018332347,849.1644553285149,73.94771314677047,53.848083381509305
2025-09-10 00:15:00,9.272046983814393,58.206021023172966,66.22268907563026,26.242025711388266,60.58077927410577,852.3029319737228,73.1208124259912,54.178219374793855
2025-09-10 00:30:00,9.396340282914503,58.09145414317899,66.22268907563026,26.166821045633185,60.47727700918989,853.8007680636041,73.26979509700112,54.096165786211174
2025-09-10 00:45:00,9.579257696974272,58.00588336355901,66.22268907563026,26.15929216893169,60.64654966324339,855.2144371847562,73.7483723614445,54.09878858335577
2025-09-10 01:00:00,9.525473023871081,57.93821893556716,66.22268907563026,26.20401264655022,60.46918102024657,859.8808192445563,73.20983301293079,54.032613839141774
2025-09-10 01:15:00,8.820705582749882,57.97431801693988,66.22268907563026,26.185496382806505,60.40016960003545,859.8268293670969,72.94158267041576,53.90408128431646
2025-09-10 01:30:00,8.703517807555976,58.00377330949194,66.22268907563026,26.197744439162268,60.561304532786046,857.3395544904963,73.60129179579172,53.8034247612122
2025-09-10 01:45:00,8.769555472184345,58.004424539060565,66.22268907563026,26.129141811134225,60.671629398709655,852.9646176968755,72.62562087970475,53.92557541571855
2025-09-10 02:00:00,8.820307883601934,58.05221496160768,66.22268907563026,26.079186666237828,60.31443378717041,857.0117877458881,73.02923949528872,53.90077884988051
2025-09-10 02:15:00,8.735286068532986,58.03823842362233,66.22268907563026,26.10333604815238,60.422108640434516,858.6972457166958,73.39563851436075,54.05504262646134
2025-09-10 02:30:00,8.598820063178186,58.03138372618775,66.22268907563026,26.108597565354206,60.14121953006436,856.146696326457,73.06478256762576,53.51760013303615
2025-09-10 02:45:00,8.501301461240757,57.941314828542296,66.22268907563026,26.10538459321456,63.073217824657156,861.0073345097311,72.90126203931607,54.230280495624264
2025-09-10 03:00:00,8.077155585768812,57.80740322128147,66.22268907563026,26.16974524685278,63.0893278190824,862.4442282442815,72.28443815525898,54.29951935319978
2025-09-10 03:15:00,8.10755544011464,57.75173601019614,66.22268907563026,26.184760238757242,63.16772008974775,871.2132805772186,72.8277065487743,54.538917662591935
2025-09-10 03:30:00,8.323777372555341,57.828205606243635,66.22268907563026,26.220151761837556,63.44751792579842,862.8348458288007,72.5551202104533,54.69720672038119
2025-09-10 03:45:00,8.70084202359021,57.95309055847605,66.22268907563026,26.22909832920144,63.704736342647024,861.7994482795547,72.63033325245979,54.76559454197884
2025-09-10 04:00:00,8.849850440602168,57.98850213955625,66.22268907563026,26.21448633556086,63.66450551969249,862.5527463788317,72.98344627041443,54.59779168862564
2025-09-10 04:15:00,8.871431079570035,57.943182211991015,66.22268907563026,26.20173100825898,63.60503130291965,857.686765777901,72.42695062018154,54.72037209355213
2025-09-10 04:30:00,8.853589628033987,57.86240812719409,66.22268907563026,26.285943758369932,63.244004557689244,851.8752539995946,73.37936658643319,54.837793732321735
2025-09-10 04:45:00,9.03011241488404,57.77135147122778,66.22268907563026,26.276979101132316,63.12607001780374,852.639774025459,72.12429642851117,55.05853428220632
2025-09-10 05:00:00,9.375533941871772,57.67710330062666,66.22268907563026,26.314553951603937,62.8255666411164,851.5524606845574,72.87962329615472,55.14679036297188
2025-09-10 05:15:00,9.428558151626689,57.61984453459843,66.22268907563026,26.29796372937619,63.03784225915249,851.3390589999353,72.3150005311889,55.432622146448004
2025-09-10 05:30:00,9.512035410934898,57.546726851260075,66.22268907563026,26.267922124891093,63.01121030085803,848.7901177824479,73.31925586340239,55.54049146586761
2025-09-10 05:45:00,9.106240886814517,57.542406007803784,66.22268907563026,26.25002908252113,63.14480370396026,851.4209305108749,73.1060804625576,55.25589704704856
2025-09-10 06:00:00,8.811646625550008,57.54510512036206,66.22268907563026,26.22101373065619,62.94913181437487,851.3985064590654,72.13446405278965,55.053843922259425
2025-09-10 06:15:00,8.853222785986917,57.58683499916858,66.22268907563026,26.193862513366607,62.858226090017894,852.5785833333676,72.98327350606901,55.061309607699464
2025-09-10 06:30:00,8.93887095911083,57.521800543427915,66.22268907563026,26.15869142030244,60.05502356527092,855.4689740176408,72.80922176615807,54.94343788928522
2025-09-10 06:45:00,9.193053420546187,57.524650092899506,66.22268907563026,26.20692807060781,60.05259911098793,862.0024100289166,73.16293558406106,54.79095266559537
2025-09-10 07:00:00,8.741474999369501,57.52936096643854,66.22268907563026,26.24062084892945,60.04795683179696,857.4763163676672,73.16328688700776,55.070996186395
2025-09-10 07:15:00,8.736494718369304,57.64238112076924,66.22268907563026,26.242979020628756,60.07358065313175,863.1903050299914,73.21868214911285,55.03912238133721
2025-09-10 07:30:00,8.579070738065045,57.69239563413228,66.22268907563026,26.226679435100024,60.02517263488655,866.9546216092622,72.71810003243039,54.842280257858455
2025-09-10 07:45:00,8.347818175090284,57.550989032171195,66.22268907563026,26.282961370538796,60.26397168965017,859.1290650204572,73.16613465791727,54.8098551512607
2025-09-10 08:00:00,8.33584915661278,57.53146677439695,66.22268907563026,26.298077147890492,60.149117991076835,854.9637759873931,73.22140526776275,54.68353866152144
2025-09-10 08:15:00,8.366536636159324,57.54751845920885,66.22268907563026,26.26617511792166,60.21730130880504,860.4496489869707,73.10644949096259,55.13718133925427
2025-09-10 08:30:00,8.209283316076856,57.55988104275296,66.22268907563026,26.283982176905074,60.26937958553441,860.7661060837271,72.64281822737424,55.09345332624773
2025-09-10 08:45:00,7.705136097095913,57.61666061247046,66.22268907563026,26.284953613255357,60.2545027631619,861.5911800066218,73.49643319555726,54.903237510948856
2025-09-10 09:00:00,7.790790714799176,57.58147946749483,66.22268907563026,26.312271589724613,60.35866956919094,853.1355361779713,73.18809124278114,54.776642519803865
2025-09-10 09:15:00,7.564440681704892,57.64586721486601,66.22268907563026,26.370570009945023,60.35995903858083,850.663828839288,72.70998661007492,54.65991260548657
2025-09-10 09:30:00,7.658832690379215,57.64999907499168,66.22268907563026,26.32270347925405,60.32198051579647,844.5964346849304,73.83583157226704,54.75620143543804
2025-09-10 09:45:00,7.687538754813023,57.5683294313236,66.22268907563026,26.33216728179208,60.31706012508019,853.0302789511186,73.45868908869284,54.4317824865931
2025-09-10 10:00:00,7.480040568866602,57.394337553008604,66.22268907563026,26.383582355393834,60.68810027864222,855.0989355202769,73.57225250976238,54.559935665436726
2025-09-10 10:15:00,7.149452161244282,57.46723629838096,66.22268907563026,26.480811359006,63.41684118860505,858.9608683370902,73.03699692701177,54.878731821782196
2025-09-10 10:30:00,7.406878103737176,57.53245867309371,66.22268907563026,26.497217253111135,63.11288087604044,859.2412825800507,72.28034497722159,54.902115711700155
2025-09-10 10:45:00,7.256043347765498,57.66550847599561,66.22268907563026,26.52425103474167,63.42256400026531,854.8936266763474,72.66963197349234,54.732445292706714
2025-09-10 11:00:00,7.5684867238886175,57.56281873620075,66.22268907563026,26.521321610220248,63.45049729252576,859.7608872467936,73.37865665146388,54.90077974482777
2025-09-10 11:15:00,7.698419842536003,57.48154510429453,66.22268907563026,26.478922779731814,63.48255220849148,863.077005298468,72.82946265304656,55.042966168794315
2025-09-10 11:30:00,7.634922878133749,57.46158983584707,66.22268907563026,26.463671026056517,63.431778114566285,858.6923173261225,73.49690657165965,54.645940434932825
2025-09-10 11:45:00,7.465002908641655,57.466053354276156,66.22268907563026,26.414309572434092,63.630045364667744,859.5996788433697,73.13047397170139,54.202954188307615
2025-09-10 12:00:00,7.584875683318585,57.44055173262999,66.22268907563026,26.405765970984085,63.58057670518189,856.0870714902776,73.04760299670365,54.51194216557031
2025-09-10 12:15:00,7.536696829044797,57.46407032586303,66.22268907563026,26.449834937428236,63.59530383592458,866.3853329123739,73.33920454400078,54.218916253376726
2025-09-10 12:30:00,7.64976675990457,57.42136339963587,66.22268907563026,26.531548782188672,63.755312401081646,864.2589340789538,73.09032734808605,54.39728759196874
2025-09-10 12:45:00,7.726562620412255,57.35901872048169,66.22268907563026,26.556341075447207,63.34500286962812,865.783668823542,73.40458537782851,54.10284393700143
2025-09-10 13:00:00,7.3429461685201325,57.27220092072549,66.22268907563026,26.519239302766245,63.69747456955892,865.521835571294,73.58677548621026,53.76359687402174
2025-09-10 13:15:00,6.901100310318628,57.279355642897436,66.22268907563026,26.541943573992064,63.70632642102516,859.3615098314178,73.4764268691677,53.921367212524174
2025-09-10 13:30:00,7.012671860749437,57.18779968608828,66.22268907563026,26.558272260552048,63.914427402760445,864.7251902365663,73.73619112288243,54.08605742399123
2025-09-10 13:45:00,6.953702653533722,57.2162909749979,66.22268907563026,26.610942435542807,63.96916664537031,859.1507728039386,73.31161750487793,54.13465167244748
2025-09-10 14:00:00,7.185485103959065,57.177486198536755,66.22268907563026,26.638226919593144,61.05702809239756,855.1308642690057,73.85692907305355,53.447964183362146
2025-09-10 14:15:00,7.15759741844721,57.2285014477288,66.22268907563026,26.639197607282654,61.21318292902489,860.8470657405211,73.28301136038951,53.54141616038347
2025-09-10 14:30:00,7.000611154805006,57.24302214574862,66.22268907563026,26.6260725798152,61.57412853425203,860.9174431871161,74.10886392913457,53.59960582897994
2025-09-10 14:45:00,6.50572281181461,57.2631563767861,66.22268907563026,26.61321567205697,61.54493202795468,862.8188263530379,74.58067626825253,53.59646895442097
2025-09-10 15:00:00,6.539432703093941,57.30109145959658,66.22268907563026,26.59023855008913,61.2198640132583,865.5709970640833,73.61688306261141,53.65637975360388
2025-09-10 15:15:00,6.716261627512285,57.27219091756174,66.22268907563026,26.569577106432966,61.13916448611167,867.8525565105509,73.56360915365919,53.45594579679296
2025-09-10 15:30:00,6.94990439933884,57.32059450440708,66.22268907563026,26.550441518940634,61.45977415868144,874.3762640816923,73.91456353143064,53.11010923437581
2025-09-10 15:45:00,7.038465176202739,57.32789176841596,66.22268907563026,26.580001405575313,61.59654628485008,871.2731314821456,73.95005166656587,53.27400721611211
2025-09-10 16:00:00,7.117109706814628,57.48743558359616,66.22268907563026,26.568240882950658,61.770132712380615,861.5146765933073,74.24416795390306,53.556055999909006
2025-09-10 16:15:00,7.2686755034783905,57.5849306226911,66.22268907563026,26.581445300383333,61.598524197805645,858.6681630315849,73.38946104024781,53.60057391584036
2025-09-10 16:30:00,6.90691950387225,57.54472206682414,66.22268907563026,26.554441432177452,61.53969573875166,868.0903514772352,73.65031458066802,53.42025772313662
2025-09-10 16:45:00,7.238862843037684,57.55762433938295,66.22268907563026,26.499390670308646,61.61657760526218,860.2449523768015,73.90261819266608,53.47702122958366
2025-09-10 17:00:00,7.5656755833983835,57.658125742556194,66.22268907563026,26.53487222617013,61.39431366181482,859.2258689409268,73.15316695891578,53.5795371571968
2025-09-10 17:15:00,8.246488411203675,57.616192172218305,66.22268907563026,26.531154908571303,61.483545547475074,852.9843298394258,72.74791232486494,53.36900117877955
2025-09-10 17:30:00,8.37394915834362,57.73243976474509,66.22268907563026,26.530777654681994,61.2798758225015,849.8268149448833,73.13596290131777,53.207915783814116
2025-09-10 17:45:00,8.236081011688137,57.76292030462576,66.22268907563026,26.515080284601748,64.41322223857443,844.1486384202213,73.98779377540697,53.698474883928526
2025-09-10 18:00:00,8.3112156559151,57.98700852699279,66.22268907563026,26.561725048043407,64.41649307922522,848.874381124621,73.56858223438216,53.64964922655481
2025-09-10 18:15:00,8.487101904268247,57.97970154927578,66.22268907563026,26.550221409664246,64.68646200933472,850.2540084594219,73.67282099485843,53.37759312891326
2025-09-10 18:30:00,8.46984225774747,58.06747276449996,66.22268907563026,26.575332598620207,64.65183929407303,841.8284368484681,73.24821571839267,53.18319935646561
2025-09-10 18:45:00,8.345673587922736,57.87274137780814,66.22268907563026,26.63590368289575,64.7031005364864,844.4810191565259,73.93290424499308,53.49651055933968
2025-09-10 19:00:00,8.451575509173058,57.74229209223836,66.22268907563026,26.6940718365759,64.64427087512078,855.0209207574184,73.51506586585597,52.992946059580945
2025-09-10 19:15:00,8.331837555457469,57.83720724592281,66.22268907563026,26.661251524764797,64.58447778486541,850.6456078128516,72.97168274041516,52.8501985085275
2025-09-10 19:30:00,7.959658605909741,57.873359223876335,66.22268907563026,26.696037636977668,64.57018080568177,850.6589897709601,73.6230090274461,53.02578872199903
2025-09-10 19:45:00,8.118396753571542,57.922219660336175,66.22268907563026,26.702807810557662,64.56105871123596,854.8361272963285,73.78851738788933,52.94036823721909
2025-09-10 20:00:00,8.149465746591025,57.8846092818163,66.22268907563026,26.704764117520117,64.4376215351568,856.5017701703883,73.38406593463665,52.99670124086932
2025-09-10 20:15:00,7.994763962757477,57.835096663758506,66.22268907563026,26.711033035485098,64.30368304283367,864.5173098905024,73.65468647569446,52.946841554922955
2025-09-10 20:30:00,7.7149518296205395,57.81386700980802,66.22268907563026,26.660900517676808,64.1120450117463,855.0214442948585,72.98155612560116,52.46777916250539
2025-09-10 20:45:00,7.641441214194383,57.788861524418444,66.22268907563026,26.652989194487926,64.15225208251412,854.3382373125929,73.57812011696603,52.34531570131072
2025-09-10 21:00:00,7.564303619843824,56.619193920916786,66.22268907563026,27.242778084250105,64.11226804378926,878.8741500369455,73.47613992422534,52.4539485254795
2025-09-10 21:15:00,7.879542165252992,56.6230756562862,66.22268907563026,27.245536097811755,64.25357798181119,875.544350035894,73.59286229922967,52.75485971834888
2025-09-10 21:30:00,8.245633807595736,56.556772412711,66.22268907563026,27.269528303170862,61.32410598669822,869.6921511240455,72.78793434720518,52.8383148150648
2025-09-10 21:45:00,8.306176671698822,56.62957636210195,66.22268907563026,27.284701644510417,61.32669004249086,868.3279262841661,73.07210280384308,53.21763951102736
2025-09-10 22:00:00,8.358074702069588,56.52207965261327,66.22268907563026,27.257461286578984,61.26515255315328,873.8701734383412,73.20505608060326,52.92523540598534
2025-09-10 22:15:00,8.314058708901001,56.46977733833363,66.22268907563026,27.249679251395435,61.34201135375022,871.7430120317118,73.7719936256041,52.588747582356284
2025-09-10 22:30:00,8.448188360903464,56.50121496286949,66.22268907563026,27.224281190238806,61.27861752938853,870.9155072315367,73.396108284365,52.923310198964366
2025-09-10 22:45:00,8.795757603900407,56.5113542702737,66.22268907563026,27.181730993878784,61.17843791023784,881.5624148050321,72.71511404215934,53.17268181550641
2025-09-10 23:00:00,9.329068667062984,56.57790049509132,66.22268907563026,27.19332332916763,61.0627937025242,884.2928932162586,72.91078875709218,53.292523413382185
2025-09-10 23:15:00,9.7298612095102,56.59031497406328,66.22268907563026,27.091552789032022,60.93170693151214,885.3599757456489,72.5227960992219,52.75371546492816
2025-09-10 23:30:00,9.822912002444943,56.63274402176928,66.22268907563026,27.10517052594296,60.800815610562246,887.5471909182396,72.37524856202447,52.98437315146536
2025-09-10 23:45:00,9.385457430910531,56.636290694709906,66.22268907563026,27.090200812005858,60.73919732189059,889.7135527453369,73.07160914123891,52.97614875811815
2025-09-11 00:00:00,9.717626591318535,56.62569843106667,66.22268907563026,27.0773050783824,60.93268108068078,890.3647072970904,72.86181191533551,53.18434915054023
2025-09-11 00:15:00,9.71166804375538,56.53564318129365,66.22268907563026,27.084861745586576,61.035709159063835,882.346319894586,73.16058062875643,53.16681010867029
2025-09-11 00:30:00,9.786998535969287,56.56598129496883,66.22268907563026,27.070429802885972,60.92845456382018,877.6589184768596,73.03829941524674,52.86403040056116
2025-09-11 00:45:00,9.428703727759022,56.5374485703584,66.22268907563026,27.02785585591818,61.03769850364217,879.3559512838683,72.88357803890328,53.01644331795594
2025-09-11 01:00:00,9.321191980064418,56.61341503768656,66.22268907563026,27.047117925804102,61.219122947152876,878.9504703376214,73.65140454310574,52.565294708049215
2025-09-11 01:15:00,9.058975535179593,56.78511082822874,66.22268907563026,27.04811693563968,64.05696277738153,885.3231520888859,73.37375312672248,52.94853110805439
2025-09-11 01:30:00,8.690603458920442,56.76193124068818,66.22268907563026,27.04424139967298,64.35363691065416,884.0510618904235,73.18167746300877,53.37919900408014
2025-09-11 01:45:00,9.043287142557007,56.68162033810269,66.22268907563026,26.976262125269965,64.32369695986094,884.8905396216012,72.55034496306331,53.363057971783974
2025-09-11 02:00:00,9.138212135796987,56.70323798672549,66.22268907563026,26.966597649488413,64.25478621636145,880.9934236366881,72.91005274869569,53.366644559346746
2025-09-11 02:15:00,8.639467657047524,56.707191229459056,66.22268907563026,26.984471777976214,63.99721196909867,888.7401136826445,73.03005504305625,53.257913011604735
2025-09-11 02:30:00,8.273587993444023,56.764465595478946,66.22268907563026,26.92214356582948,63.91916236358787,876.877180598438,72.22400922869383,53.15905471686165
2025-09-11 02:45:00,8.174164558875564,56.801990376012384,66.22268907563026,26.857302792620874,64.08398612219027,879.2454756910623,72.96977454042191,52.96595812087103
2025-09-11 03:00:00,8.17492878590816,56.86166723882786,66.22268907563026,26.87566753781615,64.15302798039657,875.4207634561737,72.90620703591576,52.94392136172694
2025-09-11 03:15:00,8.38364319097485,56.952516407102145,66.22268907563026,26.907478343941516,63.87437240174606,878.7300383307015,72.73156353283026,52.88287932867798
2025-09-11 03:30:00,8.483943141951297,56.81543881901049,66.22268907563026,26.93747165180322,63.76615661903039,873.7211672967343,72.8521414404587,53.40337188588097
2025-09-11 03:45:00,8.552257079543303,56.91748726456263,66.22268907563026,26.99270832750044,63.593900268016675,876.5154338483699,72.21281343582477,53.26605674427923
2025-09-11 04:00:00,8.53955851316639,56.87712546914356,66.22268907563026,27.01822325608514,63.520870417716516,882.3933108973404,72.90078547466926,53.102584016852795
2025-09-11 04:15:00,8.311606859031237,56.79499847752691,66.22268907563026,26.97701946137229,63.758184785806655,880.7554034699117,72.8105782217834,53.27167750108678
2025-09-11 04:30:00,8.500420111992085,56.65133856602573,66.22268907563026,26.978614872570915,63.47065571938911,882.5387552070492,72.67692041227203,53.12287378853812
2025-09-11 04:45:00,8.598404162034566,56.63404967192626,66.22268907563026,27.022053111752232,63.27906377226927,879.4903821948939,72.62466062532131,53.04919239929967
2025-09-11 05:00:00,8.878587784208714,56.75435890791466,66.22268907563026,26.995999202979235,60.21195977300772,872.093418310583,72.12923110019942,52.65581388394907
2025-09-11 05:15:00,9.156703751147678,56.72909215944249,66.22268907563026,27.018239679495423,60.29760648601957,872.3447453836809,72.85924656388578,52.801188653185605
2025-09-11 05:30:00,9.116371897746513,56.83035004419652,66.22268907563026,27.05244173649122,60.17822902047875,871.0834226571485,72.0295072424588,52.78722705078473
2025-09-11 05:45:00,9.295378139029221,56.82903193645584,66.22268907563026,27.11338076385151,60.26310005494926,875.1889730686249,71.9561808005579,53.17671584088178
2025-09-11 06:00:00,9.303531342052946,56.664890476970704,66.22268907563026,27.11452833497433,60.30609656376527,868.5779189215215,72.89312771780224,53.08531689008503
2025-09-11 06:15:00,9.254392029483201,56.6830079729497,66.22268907563026,27.136286891996985,60.39569196927455,871.4979066539466,71.75939121973485,53.182038161649864
2025-09-11 06:30:00,9.29709964298728,56.764181283137596,66.22268907563026,27.143077796819284,60.58672096278669,869.4877031011916,72.52317755126563,52.99374885813653
2025-09-11 06:45:00,9.29405311646047,56.834486145182886,66.22268907563026,27.133581900544762,60.622757031612814,875.8965301490946,72.81941138490569,52.91945278800106
2025-09-11 07:00:00,9.104899786741196,56.69044273251699,66.22268907563026,27.073485082403284,60.58871286852164,878.2676950188669,72.6579878550007,52.92414122281942
2025-09-11 07:15:00,8.777646888752965,56.74064666645217,66.22268907563026,27.040856589670074,60.34899073002955,880.0108377772633,72.5489024759029,52.98997958003528
2025-09-11 07:30:00,8.329695324293532,56.6978444810711,66.22268907563026,26.939393587550352,60.05271417264753,873.3656433243317,72.98369776930443,52.63287356117734
2025-09-11 07:45:00,8.214612557109977,56.755148112556036,66.22268907563026,26.955738004924974,60.26389355674948,879.0982262322806,72.06032838068364,52.50301079114489
2025-09-11 08:00:00,8.185000510237318,56.7439387080863,66.22268907563026,26.952312664980084,60.12355414112426,881.8286099200318,72.79390924194414,52.387819680484874
2025-09-11 08:15:00,8.345177623295301,56.66738221434566,66.22268907563026,27.006068689896832,60.42084775713336,880.8957345172234,73.0269867475552,52.62556507915855
2025-09-11 08:30:00,7.9572528908852,56.6885575203912,66.22268907563026,27.051554795476534,60.51825379738659,881.5317740628219,72.97597483846752,52.706441940472445
2025-09-11 08:45:00,7.5921003659448605,56.712616098819815,66.22268907563026,27.048780630695614,63.41310447660466,874.8174207931482,73.36990542461189,52.91641896928716
2025-09-11 09:00:00,7.685008255857807,56.61610449992505,66.22268907563026,27.052651609995046,63.32741028566925,872.3196050755237,72.6528585307498,52.722021762759965
2025-09-11 09:15:00,7.950298973079907,56.68331581927,66.22268907563026,27.078157405415215,63.62488633172193,876.3157250972251,73.7550111203426,52.78449467453812
2025-09-11 09:30:00,8.188568987254904,56.68988522371402,66.22268907563026,27.088894851004035,63.82625850496358,874.9615715297474,72.88918125868686,52.812031661168334
2025-09-11 09:45:00,8.079808866187294,56.76154423693469,66.22268907563026,27.07048512219002,64.16053115958884,874.1476134537279,72.66360955826929,52.910031090543484
2025-09-11 10:00:00,7.686948748264287,56.795242328326474,66.22268907563026,27.08745985716266,64.46129864920944,869.4637846422302,73.17283232940729,52.982632604106314
2025-09-11 10:15:00,7.2834648027630084,56.86793095118229,66.22268907563026,27.110633245702655,64.51407227503557,868.055291358319,72.78324776984245,52.686186079766166
2025-09-11 10:30:00,7.4959185839562394,56.85312528288329,66.22268907563026,27.119982618522606,64.3633477901027,872.127076337617,72.98204223322935,53.11463044580651
2025-09-11 10:45:00,7.75810711018991,56.83575143723741,66.22268907563026,27.078902299043612,64.55578016863444,864.3794988724745,73.28582101625386,52.89945181246762
2025-09-11 11:00:00,7.95576870378621,56.8286138418409,66.22268907563026,27.084824390307944,64.38369406188203,868.6390534644329,73.01389177696942,52.80240199651358
2025-09-11 11:15:00,8.0243287104277,56.92985746677901,66.22268907563026,27.070987966252254,64.63430359442928,868.6933792738896,73.3213465475387,53.12882736063746
2025-09-11 11:30:00,7.9025005842577025,56.887470262243106,66.22268907563026,27.06146227436584,64.6650731311422,874.9323980052081,73.45108745634002,53.31224303143254
2025-09-11 11:45:00,7.6234330657098415,56.841899658249986,66.22268907563026,27.069036972319953,64.72373070882169,868.9150177449499,72.85539646746415,53.12446696295714
2025-09-11 12:00:00,7.491236527917211,56.957708115786275,66.22268907563026,27.082256203404867,65.05122594630734,874.721605418083,73.84855763203679,53.23054908927915
2025-09-11 12:15:00,7.658734772535514,56.95516240684735,66.22268907563026,27.080183017426403,65.155993099161,869.6615268970572,73.41537490792193,52.963202159479394
2025-09-11 12:30:00,7.9715273629343315,56.974401886172785,66.22268907563026,27.061478610061805,62.332726148777034,870.0460682197801,72.77274204064946,53.09202504254811
2025-09-11 12:45:00,7.641169622789859,57.03442363244065,66.22268907563026,27.038690987104133,62.772701067232056,869.2623595545043,73.71778474857965,53.43151368300488
2025-09-11 13:00:00,7.5527372062304865,57.07416624626195,66.22268907563026,27.071474011777703,63.101510850231776,863.6612214873192,73.13250557169765,53.569481057806485
2025-09-11 13:15:00,7.399798237830977,57.05029960484007,66.22268907563026,27.075603778073436,63.13153891099929,870.0138815357114,73.57132119885968,53.681386633636535
2025-09-11 13:30:00,7.144971778081665,57.1523188474966,66.22268907563026,27.028646019937238,62.97453545563891,864.8435168282468,73.01593503973118,53.583335411790586
2025-09-11 13:45:00,7.136810383165732,57.16089581932413,66.22268907563026,27.045066749301483,63.10185705495251,871.5863174151825,72.94010705246635,53.24049057906825
2025-09-11 14:00:00,7.2345761995559235,57.15522915384363,66.22268907563026,26.986053416467822,62.88931141893174,867.2511921109157,73.67207670024956,53.55529553130036
2025-09-11 14:15:00,7.384382560218185,57.10698587276795,66.22268907563026,27.022299182582998,63.20929063517672,861.2009270754268,73.50035374610958,53.694819372935974
2025-09-11 14:30:00,7.024628886670854,57.05470984899184,66.22268907563026,27.11473126155568,63.22663061588796,859.8763906622755,72.88695688894614,53.84869212996421
2025-09-11 14:45:00,6.824905156950045,57.031597897577484,66.22268907563026,27.143020607122388,63.340596813995596,858.6536680192636,73.62015344747601,53.76911202374111
2025-09-11 15:00:00,6.720027274250089,57.05693998812842,66.22268907563026,27.18304219729668,63.19795347882384,865.0979158599727,73.58982407143863,53.520749587064145
2025-09-11 15:15:00,7.003740183772546,57.12481909072799,66.22268907563026,27.216192922373526,63.24824332042298,870.1994728122075,73.94387122698984,53.20474340078634
2025-09-11 15:30:00,7.109113260825709,57.185953744601484,66.22268907563026,27.279321674397487,63.42398769057874,862.1320959604496,73.38312612545307,53.25485006999253
2025-09-11 15:45:00,7.019856262453116,57.145220010750954,66.22268907563026,27.279338106569043,63.68007289764586,855.1038605163799,73.51145429467374,53.47748502650448
2025-09-11 16:00:00,7.201958837154955,57.20520182829244,66.22268907563026,27.29471632758708,63.80656590366099,853.5009636422362,73.79868183007825,53.48326980419085
2025-09-11 16:15:00,7.178399944538404,57.4069806173092,66.22268907563026,27.21830881719105,66.73443240666006,853.6318894511116,73.4966219513864,53.55343782568967
2025-09-11 16:30:00,7.289078305660448,57.43642894463071,66.22268907563026,27.252074067718798,66.9384698096116,857.7974541029444,73.17837891366713,53.5048465884078
2025-09-11 16:45:00,7.622612915287785,57.40775759826887,66.22268907563026,27.217138508031873,66.93691489473979,863.0223033297075,74.0007850512632,53.256983946357785
2025-09-11 17:00:00,7.894081972174494,57.558527389428804,66.22268907563026,27.25030752830596,66.93548374471544,857.7028138047573,73.68955299042042,53.19971150388646
2025-09-11 17:15:00,8.138999818542276,57.558778204091475,66.22268907563026,27.211861826610335,66.89562146139797,863.656669831813,73.37778849314516,53.35587404298795
2025-09-11 17:30:00,8.25861738802954,57.59200508845753,66.22268907563026,27.193571075657356,66.74863715712222,862.4583694689495,73.51890674276629,53.65035963948429
2025-09-11 17:45:00,8.099364376713,57.63821844033985,66.22268907563026,27.106453643056366,66.42776521450033,862.2861296279847,73.57478236619636,53.15355360777822
2025-09-11 18:00:00,7.998981782455542,57.5920585276027,66.22268907563026,27.05112527711679,66.30388084426772,866.9500872161616,73.155353578019,53.092912571971375
2025-09-11 18:15:00,8.019581051034292,57.429920584713756,66.22268907563026,27.0669303145967,66.12680092920033,864.5747496163335,73.62965122561793,52.83272391496911
2025-09-11 18:30:00,7.993564375853967,57.478718191835895,66.22268907563026,27.057084748599433,65.83062634888566,866.8011380829255,73.48646836512415,52.633256329570884
2025-09-11 18:45:00,8.014282287367818,57.40401064032492,66.22268907563026,27.08842801759859,66.03450782399726,865.5102988623536,72.92742591564152,52.55750521699894
2025-09-11 19:00:00,7.69638047674626,57.41247724128734,66.22268907563026,27.056403815586137,66.03629127018766,863.9277287151832,73.67658825115215,52.63509693817258
2025-09-11 19:15:00,7.885053374531609,57.33364426819028,66.22268907563026,27.065359201206373,65.9269570444958,874.2298224655623,73.09521015082287,52.51209374756547
2025-09-11 19:30:00,7.869106862661988,57.2765275346411,66.22268907563026,27.033397835091165,65.76425587689364,869.4788344037877,73.44234010439102,52.43165857097215
2025-09-11 19:45:00,7.816249918894435,57.21253497330977,66.22268907563026,27.049564273212056,65.87833779579918,865.0536396003317,73.1501619788552,52.54767004057859
2025-09-11 20:00:00,7.915333175797792,57.21875614632327,66.22268907563026,27.065291794593367,62.85048082124755,860.7079409203103,72.55116139803245,52.24795924611376
2025-09-11 20:15:00,8.131857614627028,57.22676725086132,66.22268907563026,27.0094301559864,63.14377489731812,864.6184326501026,72.60968907320995,52.462990426738216
2025-09-11 20:30:00,8.08391610231794,57.25650754736243,66.22268907563026,27.043071983026064,63.06052958769253,863.8865698039535,72.99858188812719,52.06996618979826
2025-09-11 20:45:00,7.94166700913477,57.295219496813544,66.22268907563026,27.083151586694743,62.894036844169214,869.9037994564015,72.74635285480625,52.18913968666831
2025-09-11 21:00:00,7.926260076446029,57.30710590994123,66.22268907563026,27.082165882833362,63.03613570070347,870.4145294511454,72.92339333531038,52.03966499842302
2025-09-11 21:15:00,8.025235970607769,57.27568552319864,66.22268907563026,27.095401481978097,62.73093194346634,871.679235070731,72.75293316729338,52.20346271711666
2025-09-11 21:30:00,8.433449486732297,57.16462226202198,66.22268907563026,27.056936142251026,62.70641997852977,872.9445783279602,72.74288277253389,52.00475437747984
2025-09-11 21:45:00,9.148467730119101,57.192864049188856,66.22268907563026,27.05260488417701,62.508162094652455,871.4925522144307,73.45506066273904,51.906242905348805
2025-09-11 22:00:00,8.973658718094816,57.04967570655129,66.22268907563026,27.017540806751878,62.43257324996734,871.6001454935058,73.23818993389555,51.987734680142566
2025-09-11 22:15:00,8.978308740984282,57.02115856052494,66.22268907563026,27.006524672408716,62.474070978926,867.8333690379582,73.04884070882176,52.148415728022755
2025-09-11 22:30:00,8.919168628568634,56.91407209957427,66.22268907563026,27.017438124654657,62.59418794453026,858.8831765941804,72.91528331551203,52.54484728093934
2025-09-11 22:45:00,9.010354884232267,57.175944201625086,66.22268907563026,26.9939970611003,62.36929434868038,862.3521897937518,73.79732780094261,52.69154780521459
2025-09-11 23:00:00,9.118185317076469,57.08929088627751,66.22268907563026,26.986459491059303,62.36985866773857,859.9585807983415,72.42973212943116,52.56252251103895
2025-09-11 23:15:00,9.172819984725834,57.07058605992294,66.22268907563026,27.046427002756822,62.33324121218288,867.8630359822358,73.06190207966894,52.057261305667254
2025-09-11 23:30:00,9.181244170377699,57.02169402257231,66.22268907563026,27.010419752673123,62.217785096272046,863.6561843365782,72.97240925680825,51.82317400394617
2025-09-11 23:45:00,9.174235764545681,56.971572947579844,66.22268907563026,27.026082514981667,65.33602252021926,859.7745125325114,72.5797492226312,52.46598695950733
2025-09-12 00:00:00,8.839390545467118,56.893558545684805,66.22268907563026,26.97720253054929,65.38092231860908,866.5199031583106,72.82114654060346,52.417101182057024
2025-09-12 00:15:00,9.220126029270974,56.839583563055285,66.22268907563026,27.01250105430641,65.46062450169634,863.3731603216463,72.80366253183672,52.83824958859163
2025-09-12 00:30:00,9.857244300873491,57.01523405814698,66.22268907563026,27.04834504331056,65.48641805678493,860.1807528068731,73.21236536801719,52.71669304045952
2025-09-12 00:45:00,10.164352732680813,56.93833564943246,66.22268907563026,27.04533308153673,65.67479006076958,858.2607017177364,72.85034856147124,52.74808171482575
2025-09-12 01:00:00,10.000091900129823,57.013371212103465,66.22268907563026,26.996006381583406,65.4772083667683,862.7300043002955,72.53762549335514,52.357512496162215
2025-09-12 01:15:00,9.712229098148164,57.052084069801715,66.22268907563026,27.001279598051394,65.42794209517905,867.5096214810252,72.43876600252635,52.836769793159796
2025-09-12 01:30:00,9.622028752266601,57.02934640993533,66.22268907563026,27.01210155040979,65.14774117332637,866.7025337343241,72.6662398329202,52.92846516463146
2025-09-12 01:45:00,9.725295935417995,56.97003057051524,66.22268907563026,27.040378578735154,65.39955085521811,868.9898479522916,72.51052438612882,52.834303763547055
2025-09-12 02:00:00,9.873395775809495,57.07939903122955,66.22268907563026,27.00890554876818,65.59587684365638,865.1360034352473,72.68243872431721,52.831515378533936
2025-09-12 02:15:00,9.534465181809793,57.230488022794944,66.22268907563026,26.998137469122753,65.37704942126157,868.3013801211916,72.6580620864636,52.97190050644376
2025-09-12 02:30:00,9.365496064549816,57.055861443967714,66.22268907563026,27.032849057147327,65.05284527653701,861.7359827870715,72.25799542193153,52.75461568196056
2025-09-12 02:45:00,8.838277046624416,57.082444688255606,66.22268907563026,27.033573560175906,64.95919729693513,862.303399477584,72.45101022295,52.21505682296691
2025-09-12 03:00:00,8.83549533302385,57.10134929609861,66.22268907563026,27.003379225795147,64.69093989990675,865.9508983678387,71.70341404308809,52.39638924466922
2025-09-12 03:15:00,9.107467706560797,57.13466086853014,66.22268907563026,26.960856145689,64.83944502813623,866.3625968157014,72.51718666322397,52.71623198247062
2025-09-12 03:30:00,9.258437314834088,57.10769920752267,66.22268907563026,26.87766044970755,62.011921318005385,853.7992453714952,72.23350724387163,51.98039066760912
2025-09-12 03:45:00,9.358458110795867,57.18833633188925,66.22268907563026,26.893066712436656,62.359632292084015,853.4262355480431,72.15082356159601,51.82555947331465
2025-09-12 04:00:00,8.860268818733019,57.22017052626468,66.22268907563026,26.897919712945875,62.303750255118025,856.7628245769306,72.36224583544097,51.86445327733418
2025-09-12 04:15:00,8.558625541874207,57.289789035277536,66.22268907563026,26.851435870364337,62.39567231828403,854.9534459887338,72.02247893273757,51.51497185628645
2025-09-12 04:30:00,8.377053969994842,57.291490862517385,66.22268907563026,26.805367649230103,62.20191741340941,866.9842995778557,72.30889435284361,51.546191021911966
2025-09-12 04:45:00,8.55896320239442,57.34152880649503,66.22268907563026,26.80294013368597,62.28375363551754,867.3501646659038,72.33528505330965,51.91111438798101
2025-09-12 05:00:00,9.213495988333174,57.266382359598985,66.22268907563026,26.766021490562345,62.182604559739865,860.1074493648629,72.57098895599306,51.64526508665113
2025-09-12 05:15:00,9.462114719306074,57.274788372731834,66.22268907563026,26.76554807823024,62.13538245299048,859.3940680566254,72.40406526945999,51.957925250360724
2025-09-12 05:30:00,9.709155388692754,57.30967248797099,66.22268907563026,26.75533728421157,61.906800189901105,856.9277740519179,73.00227282623452,52.255017202172866
2025-09-12 05:45:00,9.543992307199995,57.18950399616122,66.22268907563026,26.77592846595399,61.96535741365458,855.3545963976078,72.74613195529363,51.92573662547847
2025-09-12 06:00:00,9.469857438567908,57.186921464479255,66.22268907563026,26.780899995950847,61.99698449327751,854.5293799853923,72.10276942288252,51.83997194721541
2025-09-12 06:15:00,9.474149328377113,57.05021727903682,66.22268907563026,26.867942703001315,61.757535649271254,861.423755539774,72.45012394844522,51.81433789518606
2025-09-12 06:30:00,9.42487254461173,57.014270312947254,66.22268907563026,26.863729925652834,61.81290444006821,866.1522520034291,72.17786839654423,51.99064755505974
2025-09-12 06:45:00,9.467497384085723,57.02421508354915,66.22268907563026,26.904423506343843,61.75443932230827,868.499259205218,72.86623489406756,51.693475124931574
2025-09-12 07:00:00,9.095888851504915,57.09583478615817,66.22268907563026,26.947151138260082,61.92211699222732,868.1556449003011,71.460564653107,51.88290488392131
2025-09-12 07:15:00,8.768543951828619,57.02231736883824,66.22268907563026,26.97933003402735,64.9368108605095,862.0323598863667,71.97412452665016,52.48054810682025
2025-09-12 07:30:00,8.389641046951569,57.0696060066376,66.22268907563026,27.035012697604724,65.02420319722447,863.1061839355874,72.31570310293425,52.53802849869665
2025-09-12 07:45:00,8.057658332614919,57.04800330101229,66.22268907563026,27.05955208712862,65.15890530348672,863.2415162363259,72.64458577558898,52.83183968770759
2025-09-12 08:00:00,8.26575522978586,57.16134129704921,66.22268907563026,27.042546136672257,65.13633768191875,866.746440008236,71.87235199284272,52.676423877003664
2025-09-12 08:15:00,8.067177282483083,57.1797122315012,66.22268907563026,27.093593641162308,64.93778115245821,869.9190745589088,72.19874731858465,52.63344942592445
2025-09-12 08:30:00,7.933695567317633,57.27308078208368,66.22268907563026,27.102359105805704,64.78851981224496,871.965388840449,71.94352010877579,52.59036487307872
2025-09-12 08:45:00,7.65018725467931,57.329388562542874,66.22268907563026,27.130680525089797,64.68872696016572,873.9258460278573,71.86465592032681,52.53508353960622
2025-09-12 09:00:00,7.600849300661159,57.32232564498456,66.22268907563026,27.105576065935118,64.68780236611937,872.0938554622228,72.92036666803708,52.45834994716653
2025-09-12 09:15:00,7.411283577694787,57.49727224318374,66.22268907563026,27.098934981823962,64.23679036345497,873.9122862382267,72.67940602341555,52.5218665160123
2025-09-12 09:30:00,7.746180854061114,57.48586746417989,66.22268907563026,27.174141568156973,64.43332247350673,884.0297248773837,72.67463894136989,52.62877245272995
2025-09-12 09:45:00,7.6342072304400475,57.5754582419973,66.22268907563026,27.237403689129884,64.3667528083003,875.7088819041638,72.41359197721371,52.868156303809975
2025-09-12 10:00:00,7.255502887278361,57.59690928894341,66.22268907563026,27.19399402015798,64.52145485680099,874.846903714259,72.06285796263812,52.98461700239238
2025-09-12 10:15:00,7.198276158433414,57.655476160981124,66.22268907563026,27.207666179163077,64.51735102898124,870.2696727312396,72.71960357703965,53.07829716880445
2025-09-12 10:30:00,7.348950132089797,57.73721680974118,66.22268907563026,27.223202728735863,64.42702648119104,870.9806269262185,71.31629454737256,53.28519403655692
2025-09-12 10:45:00,7.774508769577059,57.75041718588367,66.22268907563026,27.23053224012221,64.63950986020511,871.896442164248,72.35382340167865,52.98206258822614
2025-09-12 11:00:00,7.880782673008352,57.74991396269982,66.22268907563026,27.19271811515036,61.732626017427,868.3062062873171,72.89318944057557,52.38058503508759
2025-09-12 11:15:00,8.306800534935222,57.76328456039229,66.22268907563026,27.228982472173957,61.78228955953819,869.4553912591166,72.00268178354678,52.49229309434883
2025-09-12 11:30:00,8.326340309457198,57.76396832505378,66.22268907563026,27.24772970778856,61.488811129289864,873.3581824540689,72.10563799548919,52.26573675149679
2025-09-12 11:45:00,7.950053423793735,57.70848136988343,66.22268907563026,27.30796046217434,61.49961426536975,873.3201172962529,72.04858035030784,51.904016622443244
2025-09-12 12:00:00,8.24981753795942,57.827824060060735,66.22268907563026,27.35453073814712,61.504363627562356,877.9881344069099,72.28414383984395,52.112405258402
2025-09-12 12:15:00,7.841368303166595,57.79054195294253,66.22268907563026,27.323869264822765,61.553667606186266,877.7057666997133,72.09711266193229,52.34881066566607
2025-09-12 12:30:00,7.822763244395787,57.88117696548478,66.22268907563026,27.394433186680704,61.53571552792758,876.9721556927735,72.78729480012228,52.313779108100334
2025-09-12 12:45:00,8.151131358004783,57.89224556545465,66.22268907563026,27.418538782654306,61.69375114580409,877.2800894540362,73.32898010917704,52.38701492362474
2025-09-12 13:00:00,7.699481380540166,57.92648462169536,66.22268907563026,27.394978902815296,61.660622477423466,885.7471555373909,73.63843891118064,52.58733943702373
2025-09-12 13:15:00,7.143749423327873,57.966810375447274,66.22268907563026,27.434879684991724,61.364792339914146,883.3144185287068,73.32906621399574,52.52284038803408
2025-09-12 13:30:00,6.895571519702523,58.070262808311234,66.22268907563026,27.485292344774386,61.68346728632849,883.9616744040273,72.56555428497207,52.61508403652555
2025-09-12 13:45:00,6.943575451129145,58.0535744744424,66.22268907563026,27.494920657352388,61.87364889319626,885.5585530773864,73.28383137707003,52.529765679100514
2025-09-12 14:00:00,7.0855714224592825,57.864850829875046,66.22268907563026,27.490451213479542,61.80398949550658,881.1063494570494,72.90518275322744,52.82746077167823
2025-09-12 14:15:00,7.16336302191662,57.88755784800172,66.22268907563026,27.510191330940746,61.8983753727761,887.0163951977241,73.13737221796907,53.13380993344308
2025-09-12 14:30:00,6.810787084198849,57.92625978705018,66.22268907563026,27.54285092325016,62.13182210082763,885.6652191627569,73.43639104489665,53.589655334780346
2025-09-12 14:45:00,6.62109333426817,57.9105940918707,66.22268907563026,27.556861151261582,65.25451080276413,887.2243157786006,73.33992088026167,53.40866782114114
2025-09-12 15:00:00,6.591842216710461,57.82236494512986,66.22268907563026,27.60715118989439,65.37613840824548,885.4719172834571,73.93611347628233,53.58874687188513
2025-09-12 15:15:00,6.587852416886253,57.852048160453094,66.22268907563026,27.605964722597502,65.11451159824738,886.8802937802461,73.20837230450404,53.60985066845062
2025-09-12 15:30:00,7.194407471244493,57.96458144460572,66.22268907563026,27.56747178420121,65.20559809373367,882.8779066676009,73.65370462583215,53.67906366962093
2025-09-12 15:45:00,7.707760001179107,57.961656241701235,66.22268907563026,27.585319174888447,65.1282545442887,885.2229871505909,73.68871845454491,53.648785883530046
2025-09-12 16:00:00,7.598996378831195,57.932345271825206,66.22268907563026,27.574575461790403,65.00242855779673,887.5716086205011,73.22153278580828,53.54934514692233
2025-09-12 16:15:00,7.481990604272166,58.0310097179517,66.22268907563026,27.60256769704998,65.10358011338037,875.7424052296341,73.35433698392067,53.55060422735116
2025-09-12 16:30:00,7.719486927683365,58.06413333373631,66.22268907563026,27.568826236206405,65.21657895423637,883.1353079473284,73.10907249530624,53.65644169156914
2025-09-12 16:45:00,7.921637628200922,58.013732907110224,66.22268907563026,27.57927687579683,64.91744052830991,887.8058584074006,73.67722675366231,53.50066640707602
2025-09-12 17:00:00,8.180654766424443,58.06499579093903,66.22268907563026,27.607838077894993,64.99889513313234,886.2683189081761,73.1553444042614,53.457841536331294
2025-09-12 17:15:00,8.844142201394035,58.15042107533509,66.22268907563026,27.615460504503776,64.81604268129105,882.9841148447224,73.84113381971338,53.56043683653513
2025-09-12 17:30:00,8.63111851656282,58.13917920581659,66.22268907563026,27.57653303725806,64.81712894902091,885.6881409971116,73.72015512559156,53.71554831584013
2025-09-12 17:45:00,8.325158096526192,58.11451174058955,66.22268907563026,27.588433061159733,64.69929077039129,887.4293882547879,73.36502951455084,53.61398226900808
2025-09-12 18:00:00,8.146240211051063,58.20715253108252,66.22268907563026,27.6187173230554,64.74586818622767,887.5117866884113,72.83127119216847,53.55466583406833
2025-09-12 18:15:00,8.280573476955915,58.20646990349716,66.22268907563026,27.615270044434826,64.78214385392114,896.0628908505832,73.6216745925088,53.55083469997551
2025-09-12 18:30:00,8.419169164798035,58.226405953212925,66.22268907563026,27.561201809983963,61.73466672973122,894.7891625860285,72.9966967375096,53.23221827558208
2025-09-12 18:45:00,8.650584458791068,58.21567695730665,66.22268907563026,27.573311051114494,62.05648726801136,894.47579701265,73.12599924176966,53.073870794583286
2025-09-12 19:00:00,8.546925925194346,58.15739071679304,66.22268907563026,27.546003346480028,62.091492160924226,891.555300864634,72.67524130451582,52.83860401021848
2025-09-12 19:15:00,8.639063040638234,58.139607959969,66.22268907563026,27.598080773710905,62.29043523403816,888.4896859646658,73.0156533690004,52.86684849213853
2025-09-12 19:30:00,8.519103661896372,58.16309535962759,66.22268907563026,27.496321499393506,62.48196048126758,886.8407638164251,73.05209293344026,52.65470386253054
2025-09-12 19:45:00,8.42682215031907,58.19501331363472,66.22268907563026,27.522980939173447,62.6652362520949,883.0868823926465,73.62682846365315,52.45026268400483
2025-09-12 20:00:00,8.259491356153243,58.25706178935392,66.22268907563026,27.52023999721722,62.714388622319426,891.8157220774968,73.14396447431568,52.590900760189285
2025-09-12 20:15:00,8.088255160789553,58.10413919489499,66.22268907563026,27.449201759873954,62.7128709617687,894.5239439996117,72.85612965048666,52.92841657739826
2025-09-12 20:30:00,8.129737477905639,58.02182845741395,66.22268907563026,27.41375578816637,62.74277933860408,899.7037921428317,72.62346253199131,52.941462091010045
2025-09-12 20:45:00,7.819164140903583,57.890132446542005,66.22268907563026,27.449999890730805,62.52876455437943,905.9281847100771,72.34286915409108,52.835913045859584
2025-09-12 21:00:00,7.86837274746435,57.8456480366993,66.22268907563026,27.442468677596743,62.351843694272645,900.4004553293203,72.37894994613842,52.83026130875836
2025-09-12 21:15:00,8.131543291783439,57.87342176292855,66.22268907563026,27.40294398460509,62.36636911025103,896.8360621605784,73.39336562786795,52.489716092047
2025-09-12 21:30:00,8.465431904381912,57.839816487610165,66.22268907563026,27.424419437253256,62.37112193389848,897.7520980722944,73.21068306047214,52.34958726535943
2025-09-12 21:45:00,8.881490818074411,57.82077959032276,66.22268907563026,27.47145774369996,62.66814569544663,896.1831406542776,73.06634660294706,52.585920906153525
2025-09-12 22:00:00,8.984604757959927,57.80152864119474,66.22268907563026,27.47926796372312,62.506523552005206,896.93253323048,73.70798321164442,52.715213671081266
2025-09-12 22:15:00,9.23134865843122,57.67751517905006,66.22268907563026,27.55502428070482,65.11811621729674,901.4170389055008,73.06605518075258,52.82758970672221
2025-09-12 22:30:00,9.200847287287733,57.712289066982926,66.22268907563026,27.610947833497523,65.17594661786097,899.8939057887033,72.99597898784432,52.76246115428304
2025-09-12 22:45:00,9.176146138053946,57.6588894400425,66.22268907563026,27.610863725808436,64.85641042630634,895.1777266781415,72.2800281030536,52.56960122812618
2025-09-12 23:00:00,9.345884417007033,57.612269374830106,66.22268907563026,27.631432838333566,64.44669719616535,900.5013498699386,72.68597561503015,52.35376202967123
2025-09-12 23:15:00,9.931887010959974,57.56172840350685,66.22268907563026,27.59785154582216,64.38374238938427,904.1050849024855,73.3410937133125,52.01648205690397
2025-09-12 23:30:00,9.972095158120089,57.5098489890639,66.22268907563026,27.60242837096743,64.50227328210634,908.4864901983341,72.92799864207556,52.017755382625644
2025-09-12 23:45:00,9.766372186501675,57.46208235072708,66.22268907563026,27.642974379771708,64.64625394668124,901.9957745901805,72.55678404926063,52.04905082636952
2025-09-13 00:00:00,9.636352916817959,57.391710615258674,66.22268907563026,27.650496260197254,64.33073065774386,901.885581313447,72.63381656594346,52.04182680645787
2025-09-13 00:15:00,9.672841385524107,57.256466676211716,66.22268907563026,27.727926150706732,64.27845515274647,903.0391295541624,72.71683589860328,51.94761586075784
2025-09-13 00:30:00,9.995105621976577,57.1461698536642,66.22268907563026,27.68455778803548,63.817665766351624,909.3780979924393,72.89847690690202,52.28153780513748
2025-09-13 00:45:00,10.241425441593986,57.05047677074649,66.22268907563026,27.641999003647495,64.14983400818217,903.7359747887762,72.34947917184547,52.04277127150928
2025-09-13 01:00:00,10.184434591444093,57.018351675671816,66.22268907563026,27.620765308438717,64.28344847720636,907.0195541208561,72.05630314825729,52.35470282176481
2025-09-13 01:15:00,9.764667707355482,56.824102693616624,66.22268907563026,27.61305467841279,64.1684786632163,906.3904621121585,72.12723598175172,52.63677172046301
2025-09-13 01:30:00,9.266571529131264,56.80874287044666,66.22268907563026,27.605341371476882,64.27573251055526,907.024557571077,72.52874003177006,52.373878597274825
2025-09-13 01:45:00,9.148922460532056,56.62730300806173,66.22268907563026,27.604713660714978,64.26172731271865,914.0628208889082,72.54011486932566,52.185787209176475
2025-09-13 02:00:00,9.569015748126185,56.6985206731674,66.22268907563026,27.61399003933516,61.30492926218631,910.332921183401,71.90650780556426,51.9059424986089
2025-09-13 02:15:00,9.371555110855043,56.50682931755579,66.22268907563026,27.57825098153797,61.76516816190322,911.817488793661,71.97454373205274,51.99389279779305
2025-09-13 02:30:00,9.100746717781506,56.54742931469877,66.22268907563026,27.615298768636194,61.14809452539643,906.4640671719967,72.83110027242749,52.08430442430574
2025-09-13 02:45:00,8.951205316456502,56.57337413575681,66.22268907563026,27.623332488241964,60.902121011757174,906.0349909536857,71.77652798760816,51.744088926166725
2025-09-13 03:00:00,8.910338133369228,56.56658044212033,66.22268907563026,27.647422858064242,60.77001286639666,909.7967968297797,72.17868684075103,51.968044641311494
2025-09-13 03:15:00,9.143782637480806,56.38278829656877,66.22268907563026,27.676844505941993,60.803289353156345,907.4813484015231,72.30276973156577,51.89841589227171
2025-09-13 03:30:00,9.007428034210394,56.32365978856553,66.22268907563026,27.67164792947737,60.53140461549446,906.7602864601284,73.01543753961869,51.530567944427105
2025-09-13 03:45:00,9.13600900206875,56.281139506954304,66.22268907563026,27.726495718491087,60.606043258323226,910.0272590686839,72.56843740761923,51.64994996948751
2025-09-13 04:00:00,9.258505581716136,56.19047878256676,66.22268907563026,27.71516985388048,60.44281154027716,908.5018588643411,72.59176359631233,51.831965852706894
2025-09-13 04:15:00,9.360553152031608,56.201276167180374,66.22268907563026,27.65315000233431,60.78456100591064,911.8409881886465,72.13710216929705,51.57155352695062
2025-09-13 04:30:00,9.226992332405846,56.06746539783446,66.22268907563026,27.62053861124885,60.85044166390415,916.9710317932569,71.52141722832089,51.584207175800984
2025-09-13 04:45:00,9.447012443541158,56.16641010048426,66.22268907563026,27.60722278110062,60.59435454007716,920.3440013386072,70.65518012842068,51.684463908396715
2025-09-13 05:00:00,9.479976259153904,56.24077264507076,66.22268907563026,27.630617413132306,60.50840625255286,916.8991442033389,71.46408682625776,51.74197088478917
2025-09-13 05:15:00,9.509788880939352,56.12155549237431,66.22268907563026,27.637332108939137,60.61095494506034,915.9708175731931,71.7828496497584,51.85192722647124
2025-09-13 05:30:00,9.559679396713396,56.02796717091596,66.22268907563026,27.627568323956474,60.696904590943184,919.1133239657029,71.2695659172709,51.842729167704725
2025-09-13 05:45:00,9.366931467222727,55.91286367020715,66.22268907563026,27.604217042687377,63.57244852150666,920.2798112155433,71.50388356377124,52.2625492387699
2025-09-13 06:00:00,9.312447731535515,55.952249356740055,66.22268907563026,27.5991065475648,63.98550825342735,911.9239357934457,72.94969975468628,52.40876018903582
2025-09-13 06:15:00,9.533587972535312,55.758171858191886,66.22268907563026,27.623352262182415,63.850907041230634,926.993925940295,72.46827444309038,52.5515086199737
2025-09-13 06:30:00,9.495861403529657,55.714714400190736,66.22268907563026,27.60014878794478,63.75338896099339,929.047535866693,72.23940130020479,52.67361732144666
2025-09-13 06:45:00,9.311768168070753,55.725391525191526,66.22268907563026,27.62819923535712,64.2048793606412,930.6467461379661,72.08225711968686,53.000325387066624
2025-09-13 07:00:00,9.273167086312288,55.542144110631476,66.22268907563026,27.574551229656716,64.2216286013813,929.598022392575,72.46507988774054,53.119674499836904
2025-09-13 07:15:00,8.849746872063948,55.44548602614264,66.22268907563026,27.5867821712234,63.98071648023742,918.9862291630924,71.9727133320155,52.62956915092072
2025-09-13 07:30:00,8.526082464577813,55.422349071238735,66.22268907563026,27.628585649128883,63.93802041574234,915.4916526789,72.62439079343251,52.47131125864647
2025-09-13 07:45:00,8.57798860757315,55.327933183376736,66.22268907563026,27.58801954484262,64.29680652747452,918.5358519822022,72.53031206680168,52.34656256636775
2025-09-13 08:00:00,8.677380627960378,55.4615756304993,66.22268907563026,27.58201239706849,64.25454780389309,922.0935446719458,72.74412666957151,52.4237483658734
2025-09-13 08:15:00,8.46845406426311,55.511089927259036,66.22268907563026,27.577910290956133,63.89882992332352,919.2608337345873,71.68783696395587,52.2455414449891
2025-09-13 08:30:00,8.219085628445386,55.44980654542189,66.22268907563026,27.5560988881046,63.93141264553225,916.1719068246452,72.2009788160337,52.20239680498271
2025-09-13 08:45:00,8.035875412246664,55.50838901281845,66.22268907563026,27.529352308827804,63.89262445757493,928.3197980591982,72.44547842170728,52.53782495862032
2025-09-13 09:00:00,7.8881963335442675,55.55259860162465,66.22268907563026,27.55047204963654,63.84846631179836,925.3056221216086,72.5692263523109,52.41548704763823
2025-09-13 09:15:00,7.599188728683077,55.49565621749993,66.22268907563026,27.505805117247398,63.97224972194392,932.0305470019437,73.48410801949233,53.21963740560824
2025-09-13 09:30:00,7.663626244954759,55.474214302306564,66.22268907563026,27.557316638897188,61.0411920722015,943.1932757563347,72.69954718041005,52.801724984314426
2025-09-13 09:45:00,7.795480874486581,55.3395307627611,66.22268907563026,27.530914693399232,60.982607250258226,955.8587841483233,72.57964294054311,52.566619605383984
2025-09-13 10:00:00,7.6593889736187055,55.2809940901184,66.22268907563026,27.452049544010638,61.08207768497497,964.1620842396683,72.1956177429226,52.39971353235185
2025-09-13 10:15:00,7.539229144559524,55.22201883483556,66.22268907563026,27.534129000480746,61.14526241350602,968.0209834545277,73.10715305310147,52.48131146561224
2025-09-13 10:30:00,7.463677604118391,55.232002776738156,66.22268907563026,27.433674655525238,61.23130817865219,966.7121001543593,72.7279006106245,52.76238748852053
2025-09-13 10:45:00,7.7009109138393415,55.24559637395426,66.22268907563026,27.455618300498422,60.93279609802235,951.6187574700173,72.15769651584782,52.52508329862599
2025-09-13 11:00:00,7.738708625122647,55.21241437729883,66.22268907563026,27.480701846493155,61.20276832771273,941.6886608476102,72.95329658269135,52.73328443016532
2025-09-13 11:15:00,7.815956508868336,55.30307329858886,66.22268907563026,27.46297674436954,61.367444201265364,932.4129046651468,73.09690825313285,52.75162992520985
2025-09-13 11:30:00,7.79438527712613,55.24130519797714,66.22268907563026,27.47356745350279,61.64075409697762,933.6250069836412,73.07481598891945,52.73310817634425
2025-09-13 11:45:00,7.633133779253988,55.33055596167274,66.22268907563026,27.506166569484733,61.665932718287465,921.0846214484093,72.7682107143678,52.834080538478545
2025-09-13 12:00:00,7.544304910641291,55.30706277265538,66.22268907563026,27.45249125488667,61.98511718339017,918.7585067135544,72.97017549409865,52.80202716353183
2025-09-13 12:15:00,7.843834075377634,55.36020265069796,66.22268907563026,27.477969761803266,61.60861828127593,925.4107193411131,72.83176680172546,53.22338421996202
2025-09-13 12:30:00,8.059985500354982,55.372648894497345,66.22268907563026,27.484125623328772,61.75830381377389,926.4838485028738,72.58064347700498,53.5703762327511
2025-09-13 12:45:00,7.960927363139843,55.42370791844213,66.22268907563026,27.526222901583697,61.86974272632869,923.3640408412494,72.72998760506657,53.264446546775105
2025-09-13 13:00:00,7.675525236972604,55.435460354944006,66.22268907563026,27.57139621672349,61.84415685609809,919.2153604042497,73.25773226484564,53.47596848614765
2025-09-13 13:15:00,7.193797016788395,55.461205130469594,66.22268907563026,27.632613941596798,64.6059229621253,917.9300192698465,73.43206307998643,53.824794931644014
2025-09-13 13:30:00,7.161970779300587,55.474446268589965,66.22268907563026,27.675498348185506,64.98474969921038,912.7921088093966,73.10494855537459,53.82888197978181
2025-09-13 13:45:00,7.089340279123422,55.47860638424362,66.22268907563026,27.717373387953327,65.11051422921294,908.6833712256682,72.61660850786527,53.75053050197443
2025-09-13 14:00:00,7.378126242516452,55.47802248427566,66.22268907563026,27.7489646102709,65.25369461723848,911.0293439349758,72.86885055909845,53.14845133132979
2025-09-13 14:15:00,7.179730378271811,55.472168632955864,66.22268907563026,27.716387877402447,65.3277712138498,920.9847112517651,72.93798289517106,52.884863292121494
2025-09-13 14:30:00,7.044365059033776,55.43713611242918,66.22268907563026,27.661596485315812,64.87605517302427,919.34015984012,72.78115845502572,52.608770717945724
2025-09-13 14:45:00,6.662462399947608,55.44857215041946,66.22268907563026,27.615798789527023,64.81851341289618,920.4947375659362,72.88159643942062,52.397429998215515
2025-09-13 15:00:00,6.6066299652440446,55.54957830486622,66.22268907563026,27.602496715790945,64.81616664427717,921.4904042381481,73.5249340520374,52.34644697749731
2025-09-13 15:15:00,6.80360754292828,55.54355726410754,66.22268907563026,27.559855752987158,65.05716224349763,925.659924486638,73.05804521425263,52.62084044315397
2025-09-13 15:30:00,7.226766008966283,55.55705851951292,66.22268907563026,27.535212153888235,65.08288972728528,932.7080605881849,73.43130431085166,52.40627305111796
2025-09-13 15:45:00,7.653103675228838,55.749551248277676,66.22268907563026,27.545117942786483,64.88401680258073,928.7539789437191,73.71568114177704,52.80051188045557
2025-09-13 16:00:00,8.140231831524174,55.744218763612125,66.22268907563026,27.561535174935333,64.93940246705036,933.9334292220432,73.25959673022716,52.95766474183646
2025-09-13 16:15:00,7.728889966269257,55.78880198691589,66.22268907563026,27.568281817786136,65.03757584850847,932.5305963553462,73.66549524404313,52.707569353499395
2025-09-13 16:30:00,7.512777308512978,55.80190324121842,66.22268907563026,27.58365623808145,65.3901646391405,932.8873070031046,72.88986282357793,52.747844300008715
2025-09-13 16:45:00,8.033233945289359,55.6342995282033,66.22268907563026,27.61867377896111,65.1696554920684,934.6890607502197,72.75213646478441,52.757821738247024
2025-09-13 17:00:00,8.199640924586047,55.57437470121366,66.22268907563026,27.613072194322637,62.48999792632735,934.1821331454572,73.25121225358545,52.68933928104171
2025-09-13 17:15:00,8.560162609031705,55.68593499475251,66.22268907563026,27.602136872330952,62.37749437599902,929.35612400034,72.91738063205338,52.75466447090894
2025-09-13 17:30:00,8.444987615207948,55.58489820654224,66.22268907563026,27.62550209365232,62.2864195420233,929.9878828267697,73.08905315116992,52.6432527692322
2025-09-13 17:45:00,8.444646716138035,55.57391624793357,66.22268907563026,27.62549985074213,62.170983385009684,938.2246839176883,72.8638970883879,52.464016303477905
2025-09-13 18:00:00,8.489441874769712,55.66443971186386,66.22268907563026,27.623140848691246,62.39452880213776,937.3619912793333,72.90983055251488,52.09709931245469
2025-09-13 18:15:00,8.289482500333724,55.711833392137535,66.22268907563026,27.634888249371404,62.44950882450036,933.9568434049893,73.29554920424113,52.18291971363787
2025-09-13 18:30:00,8.650169130011651,55.86875355075127,66.22268907563026,27.64365774837117,62.413132144846664,931.0511406443309,73.1266739035427,52.43516842165834
2025-09-13 18:45:00,8.567039335974343,55.870624929008095,66.22268907563026,27.67900277686595,62.19883337376994,934.3799292732833,73.5260933139118,52.312521473770225
2025-09-13 19:00:00,8.455588897957096,55.79558059809426,66.22268907563026,27.721587967921142,62.23441491369221,926.3012905295326,73.03277397633973,52.08656191731833
2025-09-13 19:15:00,8.145139729864795,55.775812492565684,66.22268907563026,27.72572841362871,62.70627460661155,928.8466833728058,72.58946997112591,51.9133155816382
2025-09-13 19:30:00,8.13701417222563,55.67766870877255,66.22268907563026,27.72259136751754,62.63756816370598,926.1911105060578,72.56203116670393,52.14765975574885
2025-09-13 19:45:00,8.181258756716495,55.53358246716581,66.22268907563026,27.719860251239975,62.67513071762038,932.4764015667831,72.10726693743693,51.85874848770434
2025-09-13 20:00:00,8.167928380529702,55.564720930516685,66.22268907563026,27.736223087305962,62.507525367976775,929.3783396717399,72.71904061651178,51.805311976258224
2025-09-13 20:15:00,7.956089555464179,55.54267446913954,66.22268907563026,27.72996632289373,62.44233928021715,928.2137701688824,72.80535396116872,51.99101593866034
2025-09-13 20:30:00,8.039708885877369,55.70625559690684,66.22268907563026,27.797308799048384,62.32987280523101,930.0245265091778,72.90848641558472,52.07899197436637
2025-09-13 20:45:00,8.20421972549878,55.574332697082916,66.22268907563026,27.743785856436087,65.05555630558491,933.7311734695625,72.51664989367214,52.6963165159511
2025-09-13 21:00:00,8.434189244933654,55.46212927378002,66.22268907563026,27.736313446663328,65.22077368397142,935.9831879056878,72.07583728312302,52.551179726897985
2025-09-13 21:15:00,8.785246752719535,55.47965467418356,66.22268907563026,27.703629129402106,65.0557512867216,938.9251539176879,73.11591552579758,52.77716703274197
2025-09-13 21:30:00,8.907407649955676,55.39001655644215,66.22268907563026,27.7919945213054,65.12111699171986,937.4229398970459,72.72681908108362,52.73899032954056
2025-09-13 21:45:00,8.844503983043278,55.4476395536494,66.22268907563026,27.788411219241578,64.99011920575705,938.1205734627285,72.65909473434364,52.861161050782194
2025-09-13 22:00:00,8.694761278055697,55.32894010736495,66.22268907563026,27.818774549648012,64.83093394771952,934.6656121507676,72.82402448693047,52.89882148238361
2025-09-13 22:15:00,8.71352543822731,55.152055452036954,66.22268907563026,27.744836779034628,64.82261594968726,930.2431713108208,73.07478109021439,52.8311626057156
2025-09-13 22:30:00,8.883767489003146,55.03730219511137,66.22268907563026,27.772584980492145,64.66061998165058,932.2469098182956,73.19584229403848,52.57814611428945
2025-09-13 22:45:00,9.10836609440747,54.97960783955017,66.22268907563026,27.740270940752264,64.72608676885426,928.7769084039061,72.93585911595369,52.98383083505205
2025-09-13 23:00:00,9.287361961744468,54.916358299471156,66.22268907563026,27.796442429415155,64.96795842203204,929.383847538554,72.18099014007632,53.16328380826837
2025-09-13 23:15:00,9.744704335032004,54.87270268603117,66.22268907563026,27.830363977342795,64.94439062376479,927.856080386301,72.53149102236407,53.1255435642101
2025-09-13 23:30:00,10.057548042045177,54.88348657768274,66.22268907563026,27.827136016903346,65.01899794367225,927.4267106273903,72.40048905547471,53.20679178671584
2025-09-13 23:45:00,9.95499872722485,54.94272775199623,66.22268907563026,27.882583717558187,64.93629493882372,923.585514411059,72.0850417817902,52.89140733170212
2025-09-14 00:00:00,9.624252454161727,54.879433001092195,66.22268907563026,27.869106755365426,64.66202760575362,924.1602064747212,72.23875836356099,53.064455241555955
2025-09-14 00:15:00,9.925284722839043,54.881668878225945,66.22268907563026,27.895155553397593,64.63310920377845,924.8011915648575,72.04089776444603,52.91007223049933
2025-09-14 00:30:00,10.304233832985714,54.817393063614524,66.22268907563026,27.830066450022656,61.758338247040115,932.0363802349176,72.14864744739016,52.74910714792223
2025-09-14 00:45:00,10.314786630101224,54.808682524941005,66.22268907563026,27.773001435954775,61.92139459516134,933.8653674611879,72.34695387434809,52.61510415134666
2025-09-14 01:00:00,10.22096961699325,54.64619302531372,66.22268907563026,27.73578556781309,62.324377153865456,936.1701286240789,72.02491982508633,52.92157285719151
2025-09-14 01:15:00,9.751897266692628,54.65446938956597,66.22268907563026,27.771716145453002,62.054713460630545,932.7032893183431,71.8148880156429,53.3196501337998
2025-09-14 01:30:00,9.420827039430515,54.67764900636499,66.22268907563026,27.698067881396938,62.0096958594215,922.0579330735113,72.20001510106356,53.46826227297108
2025-09-14 01:45:00,9.453061524965007,54.544736938641435,66.22268907563026,27.717668917300482,62.01994802133221,924.2911504129016,72.23016786871763,53.40364481801533
2025-09-14 02:00:00,9.261300166663249,54.47691107801067,66.22268907563026,27.72499091892682,62.24254035869955,930.5008212744331,71.43215494120831,53.488667234135725
2025-09-14 02:15:00,9.310689408173866,54.43175522000017,66.22268907563026,27.700759296451434,62.273735421510374,929.8090970905823,71.87247795325744,53.62148349115095
2025-09-14 02:30:00,9.169041712703484,54.428314259425804,66.22268907563026,27.6678341940175,62.409713634409094,928.4276778798825,71.78244418849242,53.545146602955455
2025-09-14 02:45:00,8.891362322150908,54.465373711548075,66.22268907563026,27.683096825792653,62.41081905147508,929.5175381641072,71.49214916863714,53.50726580162689
2025-09-14 03:00:00,8.92242899195171,54.40255129083422,66.22268907563026,27.690111121828533,62.568610378545344,934.7270590790645,71.3507945925198,53.36523716620636
2025-09-14 03:15:00,9.082332687401642,54.42135367829536,66.22268907563026,27.653446463929523,62.66894842985574,939.5908233547152,72.11513079726906,53.436218854940975
2025-09-14 03:30:00,9.222625957029265,54.41949673991037,66.22268907563026,27.653252770581307,62.664314809926005,927.1033553332121,71.82881795285267,53.246979121848184
2025-09-14 03:45:00,9.367465150530183,54.388636199979175,66.22268907563026,27.70420205296287,62.32782580724431,932.3837796332881,72.39908044383662,53.29481618454245
2025-09-14 04:00:00,9.57750833559133,54.49591219350796,66.22268907563026,27.68756353645549,62.44973949848392,931.8895487169478,72.4328553874863,53.22057603473889
2025-09-14 04:15:00,9.49989005884681,54.557820088315985,66.22268907563026,27.687432621787675,65.44067159618437,933.4881435185628,71.91937364200894,53.395151127653456
2025-09-14 04:30:00,9.366445902695448,54.45153605272866,66.22268907563026,27.632564614248427,65.23502706214597,934.0456685525847,72.41611445281792,53.247509832078734
2025-09-14 04:45:00,9.771358938808849,54.507633359483314,66.22268907563026,27.637509316263323,65.11567571977155,930.0495072241938,72.13859168526976,53.271070401368114
2025-09-14 05:00:00,9.896239754510713,54.29614240309234,66.22268907563026,27.61669063170472,64.76466592731624,923.7111527537601,72.08900722256357,53.30619259257468
2025-09-14 05:15:00,10.22275254497987,54.33499061322309,66.22268907563026,27.63758515097496,65.1323739175076,927.9613660475943,72.25121721093834,53.44659365563442
2025-09-14 05:30:00,10.171474170394596,54.349255125405584,66.22268907563026,27.654188430192036,64.94268134897614,928.6644972411827,71.66328438371438,53.340890210396466
2025-09-14 05:45:00,9.94768794834458,54.348985054774914,66.22268907563026,27.592881577310095,65.23659622859674,926.5843578403126,71.91580959764863,53.78852182000993
2025-09-14 06:00:00,9.782912745180738,54.31722758086532,66.22268907563026,27.533862204530262,65.47096239115167,930.8046654199375,71.60700011279248,53.97131647305763
2025-09-14 06:15:00,9.460499575516712,54.26756137958298,66.22268907563026,27.54463607124397,65.32689621289414,935.0768368406411,71.68096545258304,54.01564369851393
2025-09-14 06:30:00,9.305167511212137,54.28068436293593,66.22268907563026,27.57769648513162,65.13553610258445,935.5912703816539,71.8106971235389,53.91780854996924
2025-09-14 06:45:00,9.17377120573236,54.377349763052045,66.22268907563026,27.611057778569556,64.99964168456358,932.4079167730871,72.26249053745838,53.85731992947802
2025-09-14 07:00:00,8.966367914413159,54.3554455674704,66.22268907563026,27.64613675231449,65.2775185099558,935.6238362840642,71.4600656068499,53.90625323806411
2025-09-14 07:15:00,8.514771785212831,54.37139260707935,66.22268907563026,27.632498598258064,64.80952840465615,928.4948711442142,71.56902292844612,54.08815448889089
2025-09-14 07:30:00,8.26156320129713,54.327841705454844,66.22268907563026,27.63897090807442,64.32836495463522,931.3476262888909,71.7906427656483,54.02797758883227
2025-09-14 07:45:00,8.385006696554685,54.33147534839842,66.22268907563026,27.65420580915453,64.2442844825683,931.1855796149811,72.60320403293856,53.917579888655006
2025-09-14 08:00:00,8.622276837430459,54.343819732448964,66.22268907563026,27.651579522685147,61.51462245184753,921.4637298157725,72.14313394841548,53.8523009651434
2025-09-14 08:15:00,8.482124025507497,54.37810312209325,66.22268907563026,27.64474631744465,61.31838607015915,927.4217046582271,71.80352071794796,53.8665744777549
2025-09-14 08:30:00,8.248578715468916,54.3986711500851,66.22268907563026,27.647383581094733,61.54824746706608,929.3035908137533,72.52649541030095,53.8496845758605
2025-09-14 08:45:00,7.94966593723443,54.284526079126294,66.22268907563026,27.712303309740633,61.24762308922429,928.4389446533994,72.52166491333777,53.48760651450917
2025-09-14 09:00:00,7.601901509669219,54.1726130001751,66.22268907563026,27.75571650001052,61.382575936558105,929.1604856395991,72.491789329377,53.622913534944196
2025-09-14 09:15:00,7.785167744042142,54.18086835519087,66.22268907563026,27.728281903735045,61.369649399593435,923.6642301921411,71.9245631390411,53.627784567503234
2025-09-14 09:30:00,7.767056307184235,54.22794200021947,66.22268907563026,27.710772048460754,61.220709902891876,920.8786662397081,72.13991707755707,53.75345101824379
2025-09-14 09:45:00,7.786635229936466,54.05348802790516,66.22268907563026,27.693598206681568,61.34885702724314,917.5928520246714,72.23891832948027,53.782132068338555
2025-09-14 10:00:00,7.9606614857590365,54.03971149907941,66.22268907563026,27.772183493094037,61.77286789607073,916.7170549162272,72.32088224269681,53.81873282796885
2025-09-14 10:15:00,8.034278623934291,54.05206084705262,66.22268907563026,27.87231069624796,61.682636141747906,915.6129385945715,72.59567162240289,53.25130984389016
2025-09-14 10:30:00,7.984785933531081,54.02181038947131,66.22268907563026,27.896961896377086,61.9496802140016,920.6067280344653,72.05304851889093,53.26180157839416
2025-09-14 10:45:00,8.319678789505884,54.19433813726822,66.22268907563026,27.903460691018665,61.79425428176337,920.3376914999884,72.49566915773111,53.1082196826843
2025-09-14 11:00:00,8.793970552061936,54.185944640891215,66.22268907563026,27.967485016567295,61.95479011317657,924.5891901182833,72.22693760063919,53.249958963349314
2025-09-14 11:15:00,8.782055394561608,54.23259833058553,66.22268907563026,28.024131582171947,62.00272148956895,922.3191494638087,72.58398893843481,53.12018131522952
2025-09-14 11:30:00,8.567051996854511,54.437063870979735,66.22268907563026,28.017604988133055,62.26240224990934,929.7830219001156,73.01891005015084,53.163759663366086
2025-09-14 11:45:00,8.35530830269139,54.38857752312711,66.22268907563026,28.007925107589305,65.37752745070723,917.3562406527479,73.23541173719404,53.16842363293381
2025-09-14 12:00:00,8.191427384257103,54.41786511295672,66.22268907563026,28.031227463717645,65.50431455351863,920.9290172367903,71.52381967774686,53.17969507947816
2025-09-14 12:15:00,7.992255502049909,54.477682262184054,66.22268907563026,28.014952616482283,65.32390647652491,915.5115679759423,72.73460501706276,53.08566053608223
2025-09-14 12:30:00,8.297934985481845,54.54865291820255,66.22268907563026,27.963246434520595,65.16942814651765,918.6305135282131,72.32991667723822,53.272542507113336
2025-09-14 12:45:00,8.160512932083234,54.526348945131375,66.22268907563026,27.979246160088923,65.088154089888,916.7640631245308,72.88315150958579,53.00095999808273
2025-09-14 13:00:00,8.088182105789102,54.44379646769637,66.22268907563026,27.970076675996957,65.01796678976083,915.0364461025506,73.43939308498149,53.441972487146
2025-09-14 13:15:00,7.5267688728739355,54.52141648304162,66.22268907563026,27.97660460366657,64.97594236488999,915.1683334073682,72.28255319537048,53.547747868438684
2025-09-14 13:30:00,7.362482631619418,54.55615476533297,66.22268907563026,27.98420987382831,64.7585672559481,913.8828978597846,72.49466595921358,53.19663733922172
2025-09-14 13:45:00,7.173395123765235,54.52366610086497,66.22268907563026,27.91715766848984,64.8041362667826,912.6874581672284,73.06410287342051,53.192316548931906
2025-09-14 14:00:00,7.530755417113448,54.65168971527694,66.22268907563026,27.869242891354414,65.10530496739337,916.0765318636625,72.93222671463134,53.408815670487385
2025-09-14 14:15:00,7.532472221556608,54.66338015679479,66.22268907563026,27.916801924601856,65.24180924737175,920.7920547817557,73.06799543946467,53.3500133478312
2025-09-14 14:30:00,7.488471642768553,54.59285290318063,66.22268907563026,27.890992614581215,65.30087745525479,919.7654396958965,72.79254922030714,53.48380399852366
2025-09-14 14:45:00,6.900738466958166,54.63198507099122,66.22268907563026,27.81942366177242,65.6489084359652,922.2105950374868,72.2395131130858,53.390884923335264
2025-09-14 15:00:00,6.807431226805505,54.667485656317595,66.22268907563026,27.83733185445203,65.17788945450835,923.861341779257,72.08101147128052,53.3513962203529
2025-09-14 15:15:00,7.069184039387637,54.674545299246844,66.22268907563026,27.770940473716685,64.91630762726885,935.5815778520513,72.52310453528582,53.26615104796774
2025-09-14 15:30:00,7.27979475340379,54.823025104988574,66.22268907563026,27.75339856147162,62.377048986637185,934.8885505185996,72.92713232683198,52.92813591986736
2025-09-14 15:45:00,7.072336396904335,54.777360561896344,66.22268907563026,27.725779321837365,62.214259499165166,934.0040158789379,73.11490334305739,52.63761277437412
2025-09-14 16:00:00,7.319378111937361,54.6661716844401,66.22268907563026,27.750623572953213,62.218814307966355,935.8791630755527,73.14606321142823,52.351355071324996
2025-09-14 16:15:00,7.382056805171272,54.747485453092295,66.22268907563026,27.781521622253585,62.40531783515719,937.4392986540771,72.33130050405421,52.22989086090096
2025-09-14 16:30:00,7.6212000469634855,54.789397118441826,66.22268907563026,27.773574064024295,62.85646768872877,942.3908560029232,73.08113305097531,52.32562626543957
2025-09-14 16:45:00,7.730546359365316,54.64483703727514,66.22268907563026,27.814755475405725,62.77519607939302,930.4308795500992,73.19490996703786,52.357914047972
2025-09-14 17:00:00,8.106507665006385,54.783915243443914,66.22268907563026,27.821246659558323,62.83755758283618,923.901012288598,72.6772816584578,52.516839423787545
2025-09-14 17:15:00,8.598220627721112,54.83867149709221,66.22268907563026,27.802123395275373,63.013592459391056,918.0904912104517,72.47080218800406,52.68872597272811
2025-09-14 17:30:00,8.518005636501108,54.801984768509904,66.22268907563026,27.81487319547913,63.13971468750758,923.6161633558003,72.53447115402778,52.679212732337405
2025-09-14 17:45:00,8.414950857275585,54.81870063137882,66.22268907563026,27.77610156528811,63.055815184317595,922.0630906020475,73.16011630972109,52.85088476368449
2025-09-14 18:00:00,8.367919526100117,54.98673703641257,66.22268907563026,27.790066798455882,63.39650391352487,918.7523566581649,72.39917972832434,52.5487342724672
2025-09-14 18:15:00,8.399811216551095,54.952248581257145,66.22268907563026,27.788377722158526,62.92269846496844,922.1181946117366,73.17788000705396,52.53560801451084
2025-09-14 18:30:00,8.495261091696952,55.04114471765062,66.22268907563026,27.7934830372197,62.73827870017461,929.6642245844869,72.42024308220257,52.24078695293866
2025-09-14 18:45:00,8.57222217803068,55.044830658045555,66.22268907563026,27.77807913743628,62.81778072859243,927.5494246711847,72.85146468163475,52.37048092462215
2025-09-14 19:00:00,8.370875931033424,55.10087891683354,66.22268907563026,27.73522881195351,62.94008857172636,928.4460544805734,72.82642875041776,52.08779266537717
2025-09-14 19:15:00,8.131717805067373,55.03157236418287,66.22268907563026,27.736986221934263,65.88742466680672,929.8611719675935,72.53101718083984,52.410969908320666
2025-09-14 19:30:00,8.197873067705427,55.06007704767531,66.22268907563026,27.671714227859706,65.76683555360412,927.0321127554025,73.0420988287229,52.31554078232039
2025-09-14 19:45:00,8.162044951517354,55.07884849334285,66.22268907563026,27.614238266565696,65.73802731431844,930.0858826392054,73.10995608786415,51.942271516153525
2025-09-14 20:00:00,8.567614599544221,55.184969470929424,66.22268907563026,27.591115057012004,65.73454255615184,916.2134249685198,72.95850694557868,51.53414343234046
2025-09-14 20:15:00,8.613329078449162,55.01842505380185,66.22268907563026,27.517745007089246,65.80899978332319,921.0351947476175,72.22779389821785,51.24905310736764
2025-09-14 20:30:00,8.570390066006725,55.10644796992638,66.22268907563026,27.470778656922544,65.85271283545926,927.5477067530362,72.15221374026375,51.66011503412972
2025-09-14 20:45:00,8.567527706108265,55.07550538269824,66.22268907563026,27.526736160177737,65.92882265100972,915.1507071609166,73.06248743040413,51.7020006848913
2025-09-14 21:00:00,8.313215039845174,55.16679800012367,66.22268907563026,27.563576661749025,65.96738423546302,917.9882705980932,72.85860850224579,51.78661116684811
2025-09-14 21:15:00,8.15615439865272,55.115966298160984,66.22268907563026,27.50032541405544,66.09130423480369,919.012044457966,72.10080170396698,51.814308564448886
2025-09-14 21:30:00,8.38374746556759,55.187555994182254,66.22268907563026,27.529490720741748,65.79283990050129,917.7448828712852,72.4905053283877,51.743056736585
2025-09-14 21:45:00,8.756341887750079,55.146820567425685,66.22268907563026,27.564495462324192,65.96242623226608,921.4100771467262,72.03138465427298,52.03914464488274
2025-09-14 22:00:00,8.735472481036519,55.11043602443493,66.22268907563026,27.486197333288178,66.19642049455598,918.0734379853947,72.79531682871833,51.92673978692596
2025-09-14 22:15:00,8.999263197958001,55.165540407332664,66.22268907563026,27.440265474462986,65.8967222232418,912.9379517768434,72.44603185852928,51.65258776363156
2025-09-14 22:30:00,9.137951911796751,55.188740005799104,66.22268907563026,27.41214448407945,65.66393866747447,916.8410666623578,72.0158799423697,51.3221938954751
2025-09-14 22:45:00,9.483425558844916,55.15861880664902,66.22268907563026,27.41465570973085,65.91997448846719,912.9335044723422,72.58370773047126,51.52832249916154
2025-09-14 23:00:00,9.418145987201253,55.17517505775134,66.22268907563026,27.372175235704965,63.119875977544794,922.6034890649223,72.27693898811125,50.98376889462651
2025-09-14 23:15:00,9.496874202836544,55.048333455593564,66.22268907563026,27.344050430685208,62.9803895785375,919.4591119552575,72.10809789880757,50.869648966247006
2025-09-14 23:30:00,9.450524199334449,55.092361978739184,66.22268907563026,27.32609849200915,63.352937232849,920.0128448048035,72.17500615805257,51.06674527356915
2025-09-14 23:45:00,9.621867232869223,55.09063978751626,66.22268907563026,27.330988809683653,63.165417275620015,920.4123702755683,72.61539442554584,51.08049518763714
2025-09-15 00:00:00,9.966883787229724,55.149221262666906,66.22268907563026,27.373604353927316,63.08577105886927,922.5522031705943,72.1856428916762,51.287921829814096
2025-09-15 00:15:00,9.995917253947244,55.142047868524486,66.22268907563026,27.411971490070336,62.90341048490833,921.2513956149439,71.23640476481275,51.38024039041199
2025-09-15 00:30:00,10.267250840313256,55.203423943219356,66.22268907563026,27.369857571292307,62.91911856639589,916.0722497779884,72.18772800042377,51.77419094335046
2025-09-15 00:45:00,10.254085376077418,55.175048525324705,66.22268907563026,27.326435348490474,62.44442024921634,918.109885199556,71.94955363377865,51.527323695441275
2025-09-15 01:00:00,9.822121759829514,53.366261796099494,66.22268907563026,26.679235645851936,64.16721555949789,856.4587321029398,69.4010253220265,51.8812428078856
2025-09-15 01:15:00,9.178711696713556,53.344054102051444,66.22268907563026,26.655367946561256,64.38632598545864,854.3869360171462,69.95624521047434,52.26616986966993
2025-09-15 01:30:00,8.681841916834781,53.337905318176695,66.22268907563026,26.620927878916266,64.48924162899476,851.5788252964536,69.01146291255567,52.582044406430434
2025-09-15 01:45:00,8.679911363624896,53.40383062957945,66.22268907563026,26.59638570839261,64.45027118884835,847.3099269940116,70.03433220164064,52.49505912479675
2025-09-15 02:00:00,9.051209534500334,53.47800772163006,66.22268907563026,26.674206649529353,64.5573023550295,858.1438324328266,69.94266707857902,52.35154968903126
2025-09-15 02:15:00,9.257012019787194,53.52397313786804,66.22268907563026,26.627333269703314,64.23272210671742,854.4860366673789,70.07667678613772,52.311204022635586
2025-09-15 02:30:00,9.145145813286879,53.548610947076845,66.22268907563026,26.639649980221208,64.25377975541545,858.2368991483754,69.5602646547523,52.470757844118275
2025-09-15 02:45:00,9.03926204951842,53.63035245402882,66.22268907563026,26.612029022447306,67.00351011213375,857.1725953150658,70.36878378898149,52.81119028638123
2025-09-15 03:00:00,8.672960126905803,53.72309056028288,66.22268907563026,26.611185934864057,67.16422769637119,853.0604690379471,70.26907414512677,52.893735297416605
2025-09-15 03:15:00,8.86882059671172,53.65321211399663,66.22268907563026,26.62996447808695,67.12420001292317,844.554955693117,69.93230821029624,53.028218561844625
2025-09-15 03:30:00,9.182430418514572,53.629961067330065,66.22268907563026,26.601083039581155,67.1255185026651,844.7636547911487,69.58086686269925,53.181683244543606
2025-09-15 03:45:00,9.308930804789318,53.71349761910607,66.22268907563026,26.565653471881674,67.31011351914553,843.7483027825191,69.77066901173544,53.46259868981688
2025-09-15 04:00:00,9.337531808144576,53.73606673984104,66.22268907563026,26.549514903406358,67.51113302597894,846.627557965995,70.04810480583235,53.40646223370866
2025-09-15 04:15:00,9.234358260931808,53.59385052512342,66.22268907563026,26.486921942777755,67.36375367465384,852.364690328717,69.59833052389001,53.64533888120427
2025-09-15 04:30:00,9.343673618079082,53.56801941530055,66.22268907563026,26.497716593389615,67.294392191936,849.2044294934401,69.6033265284341,53.86800337453836
2025-09-15 04:45:00,9.460986069086855,53.601749812830704,66.22268907563026,26.477260765446292,67.3582141443987,851.2856029385617,69.78064406323803,53.6841452812391
2025-09-15 05:00:00,9.728374325592632,53.58186435539129,66.22268907563026,26.481989822768597,66.93681590708282,851.6822802505966,69.96238354531927,53.8177592494439
2025-09-15 05:15:00,10.01557149959923,53.68080729098492,66.22268907563026,26.52147875557879,66.90168809705457,853.7834148022202,69.85193571379236,53.936261692386665
2025-09-15 05:30:00,9.931998923845535,53.83306385432135,66.22268907563026,26.50877336194538,66.6906262461869,850.8401858216596,70.32776789760851,53.77215806923329
2025-09-15 05:45:00,10.004208034868652,53.85934416840809,66.22268907563026,26.545970736833194,66.7106695885265,846.3604123649167,69.86073904168967,53.81199546862709
2025-09-15 06:00:00,9.614078458206555,53.78737797174571,66.22268907563026,26.506158579243653,66.67566595587348,851.640856753793,70.47304915232847,53.62079895074167
2025-09-15 06:15:00,9.489208550509126,53.84197435302267,66.22268907563026,26.514057233693475,66.67328672026864,846.6983518289068,70.14162645117345,53.647257566869555
2025-09-15 06:30:00,9.747024408114354,53.69939645448485,66.22268907563026,26.52919311454392,63.75137874860453,843.5762531050143,70.42652448686638,53.11920400083207
2025-09-15 06:45:00,9.896370135340312,53.78105787012109,66.22268907563026,26.505818818715067,64.27223568625391,833.5564297575369,69.81960864252875,52.77994452324129
2025-09-15 07:00:00,9.512025867064727,53.86815786427234,66.22268907563026,26.497644565742995,64.37683769229163,844.9336298735443,70.2328655132826,52.953217751271374
2025-09-15 07:15:00,8.949031357538095,53.79593465036345,66.22268907563026,26.475158809000643,64.59572084135921,841.2472594017797,70.18227976854519,52.87288709903248
2025-09-15 07:30:00,8.326760240256242,53.83600799298329,66.22268907563026,26.5329997988365,64.5885215614005,841.1807507643019,69.89013566463971,52.891687105593476
2025-09-15 07:45:00,8.327170431999745,53.77757215949893,66.22268907563026,26.56679554835769,64.73186876601153,835.8846717257252,69.82995064746731,52.79342741274313
2025-09-15 08:00:00,8.46077617914945,53.72788356966157,66.22268907563026,26.59493490880614,64.66110630593728,833.6991585549966,70.31968354475936,52.93205938745299
2025-09-15 08:15:00,8.573863241146435,53.60046293867099,66.22268907563026,26.62061611299418,64.48740823556074,832.8931432489512,70.17378817708534,52.88703620888443
2025-09-15 08:30:00,8.242255977688977,53.62186070337199,66.22268907563026,26.607224419910033,64.51133108538929,835.1485041226844,69.85404517644334,52.98405494271553
2025-09-15 08:45:00,8.292609171220793,53.59543004383413,66.22268907563026,26.614712453776686,64.6324204930718,838.2891085488674,70.41329779493014,53.208206718749864
2025-09-15 09:00:00,7.8269261838101905,53.65637135735599,66.22268907563026,26.588635513993243,64.3986089626547,838.3158215349306,70.06498943309292,53.130632291947414
2025-09-15 09:15:00,7.746008256582852,53.634230881413025,66.22268907563026,26.638171519783544,64.37384522300819,839.1637632675744,70.79211367080524,52.939076309083774
2025-09-15 09:30:00,7.744516237197628,53.70010420671658,66.22268907563026,26.630781709282868,64.41098032471298,835.0440826169748,70.43650598427212,52.964684770441096
2025-09-15 09:45:00,8.12676504241586,53.713441750244336,66.22268907563026,26.63504614127297,64.63940683428777,833.7331049662711,70.42247739271056,52.852137430145845
2025-09-15 10:00:00,7.949626037928263,53.6712825379914,66.22268907563026,26.639800201583167,64.30731864081137,831.7828556366701,70.52842757963036,52.49226926539018
2025-09-15 10:15:00,7.822130104992774,53.75684195887591,66.22268907563026,26.661815378280007,67.64295609548017,840.2430647541322,70.44908039833302,52.37571797576264
2025-09-15 10:30:00,7.707333433847051,53.734416699922654,66.22268907563026,26.665826321002257,67.71428912660942,841.8689080354999,69.97462151945457,52.30039021443145
2025-09-15 10:45:00,7.668751396520907,53.718880581452055,66.22268907563026,26.67928311993619,67.83077282883293,841.5860645831136,70.34000220680717,52.266870209173504
2025-09-15 11:00:00,8.001857518492987,53.67715617078223,66.22268907563026,26.695458730856828,68.13388297276163,837.9608429186084,70.78883370610747,52.242972285627545
2025-09-15 11:15:00,8.279364671670397,53.69735122948103,66.22268907563026,26.688803200989973,68.38348201368687,844.236669199395,70.89483596085682,52.3611401366865
2025-09-15 11:30:00,8.144820574841251,53.69725125494511,66.22268907563026,26.650078552187594,68.32385700824267,846.2215053606157,71.22742609098727,52.311103275792654
2025-09-15 11:45:00,7.994116833486352,53.71606749615517,66.22268907563026,26.674285089500486,68.23894858640094,852.5759692613901,71.42259185151927,51.98744718561382
2025-09-15 12:00:00,8.014548692788226,53.76472703799738,66.22268907563026,26.642538528248842,68.38737314662102,843.5483273210933,70.69704538153312,52.08395397433157
2025-09-15 12:15:00,8.08310058620058,53.79142781075856,66.22268907563026,26.60569780272448,68.45314437985321,843.778783566864,70.80242119779375,51.99463936748228
2025-09-15 12:30:00,8.178384333559741,53.84080965052234,66.22268907563026,26.612607806240693,68.63094968671342,843.3259828233347,71.4842310367003,52.48959205907057
2025-09-15 12:45:00,8.160818901210487,53.86256871776552,66.22268907563026,26.661310438401227,68.60685492447809,846.3099948044082,71.38716482796117,52.56622237237912
2025-09-15 13:00:00,7.832593147475183,53.840767828803855,66.22268907563026,26.633244609403775,68.44713829128916,842.5639351737287,70.83132226370181,52.59731874695579
2025-09-15 13:15:00,7.725771377754993,53.79040806703052,66.22268907563026,26.65373869434392,68.55887800215015,845.3736702785817,70.14499263144073,52.356440987865504
2025-09-15 13:30:00,7.497626359640458,53.7326293491697,66.22268907563026,26.67434993532611,68.97445218272726,842.753179634494,71.54724934535207,52.323019969655654
2025-09-15 13:45:00,7.412491153234052,53.75054971753293,66.22268907563026,26.708682815061792,68.90048930342812,847.0226918097073,70.54445392257504,52.829106991883016
2025-09-15 14:00:00,7.56047969849579,53.788486202884805,66.22268907563026,26.761683712012175,66.05336780363938,837.8910994285884,71.18684266360711,52.52031869469106
2025-09-15 14:15:00,7.519030644283513,53.78493057864722,66.22268907563026,26.733531689849162,66.195152862276,840.58427354094,71.65887345995202,52.85226310272918
2025-09-15 14:30:00,7.356724010847243,53.88250696758841,66.22268907563026,26.726114127014654,66.4210199648429,843.2250519103013,70.50308348423091,53.209904798737476
2025-09-15 14:45:00,7.326819182092991,54.014388065654025,66.22268907563026,26.677262424726287,66.31844705818662,837.6555531277177,70.69158617626854,52.967596906151975
2025-09-15 15:00:00,7.26182198466625,53.973784816787784,66.22268907563026,26.673145399431878,66.2948009505117,840.2755668905052,70.48375831062168,53.05469702456004
2025-09-15 15:15:00,7.3167160793306225,54.083085368591675,66.22268907563026,26.69140167490972,66.54119046277845,843.323409829139,70.01663170865545,53.177804889916665
2025-09-15 15:30:00,7.6609895036666025,54.02838846103565,66.22268907563026,26.62307185912206,66.63596077107321,839.3983102316938,70.62111998272881,53.57844905177162
2025-09-15 15:45:00,7.83858840087459,54.06360578508887,66.22268907563026,26.694370515088576,66.633916923286,837.1885156062998,70.50433473770607,53.42592206713015
2025-09-15 16:00:00,7.612831601907102,54.12020129629389,66.22268907563026,26.699366793186687,66.72415887528612,837.2290585034797,70.57820764009904,53.47022203964754
2025-09-15 16:15:00,7.705389937278791,54.142289599103954,66.22268907563026,26.69483849919518,66.6200452804893,840.2153853531361,70.75981126055852,53.272116049674
2025-09-15 16:30:00,7.729255595764854,53.99070446084687,66.22268907563026,26.74145406395003,66.60274028159375,836.4719118310595,70.90912622489412,52.93983703996006
2025-09-15 16:45:00,8.133519218637772,54.193627535065275,66.22268907563026,26.706355062623516,66.63064553774637,830.8354583842387,70.79726380985917,52.43886379271329
2025-09-15 17:00:00,8.36539527227959,54.292705786164994,66.22268907563026,26.66349411738008,66.51623303376002,837.145495486826,70.2385547596888,52.758989466659706
2025-09-15 17:15:00,8.463125347381958,54.26791758972997,66.22268907563026,26.6576001252923,66.93056235614098,835.6052945861035,71.18256719322505,52.70024274099444
2025-09-15 17:30:00,8.700721821317952,54.258166358603795,66.22268907563026,26.662303454287144,66.71340957190762,836.0983548272004,71.23932678570591,52.73650012266875
2025-09-15 17:45:00,8.490526071496085,54.33947251965485,66.22268907563026,26.682118813011343,69.70677372131814,829.7973258109834,71.1901367476019,52.843071526229835
2025-09-15 18:00:00,8.240256369757997,54.44335810876466,66.22268907563026,26.69052489906858,69.7308591057726,828.2763323528759,70.6403101042071,52.762976747057024
2025-09-15 18:15:00,8.62461315651531,54.40521098864492,66.22268907563026,26.700800997500377,69.74273732503876,828.5009534383565,70.81348011380604,52.50661771981171
2025-09-15 18:30:00,8.57641630618576,54.45602500020997,66.22268907563026,26.712433098372966,69.82724094185859,826.779435225263,70.7251968431293,52.297972760155915
2025-09-15 18:45:00,8.813703479642852,54.4962120648609,66.22268907563026,26.744571969119264,69.6962826561072,831.9984207282076,70.61409701921937,52.355220733037264
2025-09-15 19:00:00,8.646354168123505,54.375003990240415,66.22268907563026,26.75128098935929,69.71103682741578,840.6549468992428,70.75308282204449,51.916526474155745
2025-09-15 19:15:00,8.37133473464701,54.40722154000272,66.22268907563026,26.73838811117447,69.7591474006842,843.925494078016,70.34771518916007,52.05818483423032
2025-09-15 19:30:00,8.549024274868527,54.391291888640545,66.22268907563026,26.740432471405473,69.75617473690323,841.4016298951922,70.60461359296,52.149445874041675
2025-09-15 19:45:00,8.620774595174112,54.361142092402176,66.22268907563026,26.677831891782667,69.59896021423933,832.1127556231959,70.97237391541302,52.34025466874744
2025-09-15 20:00:00,8.568029313506132,54.37536882128394,66.22268907563026,26.694396138856415,69.51333637062655,832.7733286594678,70.49666378652395,52.17178611868109
2025-09-15 20:15:00,8.614791437460811,54.34524292917811,66.22268907563026,26.722668507671813,69.1079321764106,836.7564080276314,70.37276801789382,52.44256661136618
2025-09-15 20:30:00,8.320648385549205,54.311722477055135,66.22268907563026,26.746282924328792,69.19411458339847,839.103677846466,71.04604446099901,52.51961376333715
2025-09-15 20:45:00,8.213973107988995,54.24683649171894,66.22268907563026,26.75644455525623,69.2928122958096,829.1086758432778,70.9444063696095,52.54053411009805
2025-09-15 21:00:00,8.232293434162134,54.312772157615484,66.22268907563026,26.725392179209564,69.13753296884371,826.3769284349102,70.1227738293041,52.622123360181945
2025-09-15 21:15:00,8.24992154954059,54.30549841641354,66.22268907563026,26.777445040841815,69.26461055377806,828.4143403439691,70.62770355360054,52.67454540690541
2025-09-15 21:30:00,8.53900703958771,54.21842562115123,66.22268907563026,26.760459014575005,66.43003209300574,815.8867250285582,70.42709299284688,52.44378607960721
2025-09-15 21:45:00,8.751335248401915,54.22456725463006,66.22268907563026,26.77823182191535,66.09205267510227,815.0844064777611,70.62087999546193,52.70369534952032
2025-09-15 22:00:00,8.937771992823308,54.30357231776729,66.22268907563026,26.766568041302705,66.05634607249375,806.74263816624,70.5617528245657,52.70820425635445
2025-09-15 22:15:00,8.731582441815211,54.29626961183644,66.22268907563026,26.777473625289794,65.98025347736981,800.9428060077214,70.90431423538828,52.50864993971258
2025-09-15 22:30:00,8.894733115141326,54.24075402526067,66.22268907563026,26.75318338754834,65.7036123373905,801.8282778317229,70.03146573970045,52.960901685028226
2025-09-15 22:45:00,9.23220345769595,54.247604096001254,66.22268907563026,26.794816352957127,65.33543705342649,804.8296347781202,70.07994220546327,52.887020033797945
2025-09-15 23:00:00,9.68033514473536,54.24644139953954,66.22268907563026,26.739387216573917,65.26267804659496,803.0192284440553,69.98157692752386,52.82044204306533
2025-09-15 23:15:00,10.056320477454278,54.34654575790986,66.22268907563026,26.688611101568338,65.21002399826243,806.4193595350264,70.06311647291119,52.93339271957058
2025-09-15 23:30:00,9.909388543058588,54.35158453539554,66.22268907563026,26.66400708222034,65.04317038909825,798.3777245540888,70.38076948534014,52.69511570467862
2025-09-15 23:45:00,9.647517897935256,54.193995576575034,66.22268907563026,26.73699614137796,64.75039947962914,793.1303052739177,69.93802424440712,52.71098298886573
2025-09-16 00:00:00,9.650643219281042,54.30063153236183,66.22268907563026,26.713801675550215,65.223862642404,799.9383434886641,69.67068470424005,52.61647556475795
2025-09-16 00:15:00,9.846078898743292,54.32464787484091,66.22268907563026,26.701743867061673,65.61028286243493,800.2349106584928,69.71542577605307,52.1623613910167
2025-09-16 00:30:00,10.024590299974593,54.29501426607575,66.22268907563026,26.670804457921168,65.44234220259551,796.7986527631655,69.40407527251125,52.162967821972565
2025-09-16 00:45:00,9.927877319685644,54.32123231996106,66.22268907563026,26.7118392792671,65.43649643250858,796.0289488102302,69.88933620312794,52.027403471081804
2025-09-16 01:00:00,9.42135645919947,54.262087568409044,66.22268907563026,26.695051215336616,65.42255254112948,788.1052571646095,69.83319413845997,52.194654695494854
2025-09-16 01:15:00,9.27819026212622,54.361581295144696,66.22268907563026,26.73854232444679,68.38887188138841,792.0089349847173,69.30005742906161,52.419198666596536
2025-09-16 01:30:00,9.231465176473304,54.31054576531982,66.22268907563026,26.738183904199374,68.2237156510443,789.5723403613657,70.04353820982402,52.60009467156717
2025-09-16 01:45:00,9.359847725914808,54.32623143828135,66.22268907563026,26.710285111941772,68.09528525493882,793.6875577605653,70.04244778945996,52.70154200674743
2025-09-16 02:00:00,9.219289846755009,54.3717837213292,66.22268907563026,26.739301500637538,67.67707691280671,785.8157293533518,70.83968650845505,52.40207602284747
2025-09-16 02:15:00,9.248402584398022,54.20666815663646,66.22268907563026,26.72521032360174,67.905732948234,783.6160228716254,70.05366028241005,52.43446448086894
2025-09-16 02:30:00,8.965148702033888,54.201272687639324,66.22268907563026,26.709782798367172,68.10840375233374,776.5140267960049,70.17373178311206,52.5013493209847
2025-09-16 02:45:00,8.948520501461239,54.21464495635352,66.22268907563026,26.705064704954385,67.77117635357212,780.1525135395137,69.16701623883121,52.507499075769694
2025-09-16 03:00:00,8.4579984269069,54.08827824030048,66.22268907563026,26.71251360099496,68.0443144673955,782.1226047823523,69.81969655860219,52.37096996864814
2025-09-16 03:15:00,8.722483819752505,54.07585686337266,66.22268907563026,26.670572588992147,68.08594924027486,790.4718881247516,69.66260225335647,52.467818170922975
2025-09-16 03:30:00,8.847087193390603,53.972502998075655,66.22268907563026,26.687649419979476,67.81683954294782,797.6957745873135,69.26209727810327,52.355211044310195
2025-09-16 03:45:00,8.812456366065778,53.76601587258746,66.22268907563026,26.706820764647865,67.79819453977942,797.1317887963075,69.97042874194644,52.41004885747439
2025-09-16 04:00:00,8.833979763639379,53.79124641584442,66.22268907563026,26.714122706830285,67.88032198818694,806.4446964171367,69.30472278722524,52.61447942933602
2025-09-16 04:15:00,9.14087169215663,53.66636395802025,66.22268907563026,26.695043132043562,67.92532723598336,827.7622372401557,70.04291957131352,52.240656136510715
2025-09-16 04:30:00,9.445518963953681,53.73289032839123,66.22268907563026,26.612920994469977,68.02599540363163,822.7907120632849,69.49583824432518,52.43235681491296
2025-09-16 04:45:00,9.800737895892098,53.70689561980033,66.22268907563026,26.589011447918207,67.90103032325425,820.3364847686128,69.89354484624158,52.94080779104477
2025-09-16 05:00:00,9.653129606946676,53.66106711450971,66.22268907563026,26.651943945221973,64.92095790350776,827.3998652523155,70.16546510129905,52.32693360646218
2025-09-16 05:15:00,10.066286549638194,53.67289251805928,66.22268907563026,26.66896268622822,64.71091353603462,839.7673266567963,69.17573375644679,52.28507987740449
2025-09-16 05:30:00,9.758872583508465,53.67831886233202,66.22268907563026,26.70894640633292,64.56261771169702,833.19309645274,69.52810371199313,52.26432015611062
2025-09-16 05:45:00,9.601755627999115,53.66462893934397,66.22268907563026,26.766563720200473,64.26111741957138,835.8325589889595,69.75331064166895,52.44233419743968
2025-09-16 06:00:00,9.375763742277629,53.66994587193965,66.22268907563026,26.751751294394722,64.20909348529918,839.3498684720438,70.04568219667148,52.12205381221691
2025-09-16 06:15:00,9.690712720821594,53.66474128480836,66.22268907563026,26.8204571822406,64.16384984783892,837.0987234989198,70.35430510374138,52.18999666719193
2025-09-16 06:30:00,9.739987131275067,53.72045036941236,66.22268907563026,26.863220526538377,64.52103208545265,833.2207487403197,69.69344039241234,52.112317662608575
2025-09-16 06:45:00,9.869174502424935,53.68792828192705,66.22268907563026,26.86279307292539,64.53254033441955,834.4104189494807,70.46029207583645,52.41845207066202
2025-09-16 07:00:00,9.536720558983198,53.76156289259916,66.22268907563026,26.904475237970065,64.57801270858901,832.00400260774,70.20339072404893,52.67372228193965
2025-09-16 07:15:00,8.945973307127039,53.810624723812744,66.22268907563026,26.923736557908335,64.6026493858896,832.3583700723987,69.89340157243974,52.62546433820238
2025-09-16 07:30:00,8.663208845601394,53.81841077801368,66.22268907563026,26.837395156531322,64.59320336061609,830.5886468134147,69.72555798123022,52.465527415252566
2025-09-16 07:45:00,8.692623617342825,53.861738362019516,66.22268907563026,26.91491034252105,64.6817913745786,834.1183052271265,69.6676554152031,52.5377017507033
2025-09-16 08:00:00,8.625806403247115,53.79974559840392,66.22268907563026,26.891698783196905,64.41886464232843,833.7529736200071,69.94937779678285,52.38287600346706
2025-09-16 08:15:00,8.588832660875541,53.87010611374586,66.22268907563026,26.947351239073484,64.11748570386384,828.2344164509215,69.71714419618398,52.14010380572714
2025-09-16 08:30:00,8.238748188889636,54.037102903648375,66.22268907563026,26.97083870124682,64.65095122422767,832.8565795090236,70.10985053361374,52.087065704047895
2025-09-16 08:45:00,7.788078409561144,54.15763447562907,66.22268907563026,26.958375958406158,67.38201139234272,831.8899582916384,69.75278126948174,52.35298865258336
2025-09-16 09:00:00,7.763708039630947,54.25329799237665,66.22268907563026,26.929110014243776,67.72708780425066,831.530192282144,70.27410942244259,52.06155034164537
2025-09-16 09:15:00,7.805455645944503,54.3539777393022,66.22268907563026,26.923601318867714,67.75204846375462,838.5915067034774,69.44872717595015,52.205017932715535
2025-09-16 09:30:00,8.066256424359567,54.37777427113619,66.22268907563026,26.925698112007765,67.86806455131286,834.959691501825,70.6402224855721,52.23738515985208
2025-09-16 09:45:00,8.258302885948376,54.34744325880599,66.22268907563026,26.983545214142293,67.90926214217149,831.9755388197401,69.57857502426148,52.075444438938064
2025-09-16 10:00:00,8.147744808934883,54.35541951195969,66.22268907563026,27.012742703303292,67.89337832101428,829.7589099047599,69.22748845662977,52.13218837468089
2025-09-16 10:15:00,7.837012260855264,54.40361061593848,66.22268907563026,27.050515752271586,67.90368017692921,829.773376672823,69.69840883307543,52.03780679462923
2025-09-16 10:30:00,8.148322859165479,54.374787786207435,66.22268907563026,27.084534409655557,67.7270828271026,830.7666335083371,69.43189726460993,51.867681184140885
2025-09-16 10:45:00,8.397977580169655,54.35085451989104,66.22268907563026,27.093566306860513,67.89737250897979,837.9790409195022,69.82339739320182,51.535067943759344
2025-09-16 11:00:00,8.632164794773608,54.320162742142045,66.22268907563026,27.11054704270812,68.05410144321483,844.2815047103528,69.49261882075663,51.38479922845668
2025-09-16 11:15:00,8.595548030918753,54.37521874868601,66.22268907563026,27.138034953951607,68.2008270977831,843.5768784451602,70.43526139466756,51.75916576053584
2025-09-16 11:30:00,8.314979209377242,54.29954329590331,66.22268907563026,27.10008765029064,68.21178906844817,833.3828985739086,69.87458057461357,52.26599417878158
2025-09-16 11:45:00,7.8493131798859865,54.19603332327245,66.22268907563026,27.138982863150094,68.20540245018495,824.7105131918023,70.23073812627186,52.6622485437311
2025-09-16 12:00:00,7.818221142023361,54.29014536399478,66.22268907563026,27.154072417836815,68.24332484419104,821.418632961626,70.60336574607929,52.74820966665637
2025-09-16 12:15:00,8.014042550808314,54.280518610535104,66.22268907563026,27.251196131610186,68.3041532909591,825.7166815117716,69.61786893133458,53.14878112032687
2025-09-16 12:30:00,8.393100978094088,54.2365486662811,66.22268907563026,27.21699576316041,65.1327547755124,832.660490563199,70.13394652205633,52.94069374377947
2025-09-16 12:45:00,8.158552387828308,54.19898954830922,66.22268907563026,27.21725980938697,65.03014661018078,835.8856061854998,70.66597670458532,53.069175640400815
2025-09-16 13:00:00,7.835409251022657,54.376571659408384,66.22268907563026,27.244995189485845,65.03939350650607,829.8667119412341,69.79912419305724,52.77789753574457
2025-09-16 13:15:00,7.548734685147049,54.339230926424015,66.22268907563026,27.287428314143234,65.07708248819371,826.4907241841277,69.54088541146265,53.07092297470495
2025-09-16 13:30:00,7.381497322489641,54.29945394569123,66.22268907563026,27.282454952776526,65.38986811308196,834.135051746618,69.86974860966889,52.98537564705323
2025-09-16 13:45:00,7.3073279613264495,54.26741516044351,66.22268907563026,27.265380864168986,65.44180263653011,834.6732473416428,70.55811574719598,53.1587077041791
2025-09-16 14:00:00,7.485965863473709,54.29385413343947,66.22268907563026,27.26485245690301,65.34125997304167,833.0914251767568,70.85090645363422,53.07369943827106
2025-09-16 14:15:00,7.473921396338162,54.1406211263045,66.22268907563026,27.274860445676918,65.568144571474,828.6164067458823,70.46329283175616,52.92882064324853
2025-09-16 14:30:00,7.3185026060258815,54.11253745228867,66.22268907563026,27.302508753995888,65.82184173244222,829.210082131055,70.83058717090789,52.98261712274779
2025-09-16 14:45:00,7.446076447881305,54.08342348496519,66.22268907563026,27.33483500150517,65.79123019061284,828.512497563973,70.40680999435318,52.69679220097068
2025-09-16 15:00:00,7.383168572540456,54.1349460305572,66.22268907563026,27.364960367848933,65.59529891476002,826.0093757740476,70.76019206223448,52.56872366735759
2025-09-16 15:15:00,7.275339335820259,54.084078357531794,66.22268907563026,27.363211990716437,65.70435636927496,827.567042509577,71.485540705998,52.54757177371386
2025-09-16 15:30:00,7.251246922905103,53.97243229915113,66.22268907563026,27.34592238239082,65.86841991216107,828.114481397777,70.70656527951785,52.352334050084565
2025-09-16 15:45:00,7.20248403461762,53.84824172381338,66.22268907563026,27.32566961696707,65.8611901141188,825.9741647381449,70.62168153255737,52.22955888036276
2025-09-16 16:00:00,7.381414848769201,53.93150539837073,66.22268907563026,27.355888730469687,65.96704946394199,832.8271754888366,71.02920135711872,51.97685982556815
2025-09-16 16:15:00,7.404717111407935,54.01813156604775,66.22268907563026,27.390960572041124,68.68904884882981,830.021207707111,70.47911158590165,51.9243021496207
2025-09-16 16:30:00,7.670843695976474,54.076969452702386,66.22268907563026,27.410950857931105,68.37244936858886,828.9147323363169,70.12693996114292,51.847860375925904
2025-09-16 16:45:00,7.937005943788561,54.09661805766661,66.22268907563026,27.451204815907953,68.26072360944703,834.0163989226338,70.86770655467235,51.87088809717359
2025-09-16 17:00:00,8.541521762087584,53.94544810929574,66.22268907563026,27.397130389740703,68.63749572356252,831.2754968952917,70.58328500834494,52.13468295385798
2025-09-16 17:15:00,8.659849205641288,53.96939694302435,66.22268907563026,27.4262689454232,69.04029080238814,834.436560390493,70.32584824498322,51.828837112733474
2025-09-16 17:30:00,8.86376738859164,54.05529388533321,66.22268907563026,27.42469471095803,69.16924073966436,830.2595152946194,70.22355312119136,51.862069292832516
2025-09-16 17:45:00,8.659870520885868,54.20279724359786,66.22268907563026,27.404041132194635,69.11432459096183,825.769934228211,71.135828781799,51.611227071834044
2025-09-16 18:00:00,8.411542824047688,54.166899657322844,66.22268907563026,27.412953526260466,69.51971167313118,826.1021838975964,70.16475907263774,51.91883218660141
2025-09-16 18:15:00,8.5994813288087,54.20017973028157,66.22268907563026,27.42506909352048,69.7595944017745,819.8738508913373,70.92870315875709,52.012782968718035
2025-09-16 18:30:00,8.882759984974623,54.05281699437285,66.22268907563026,27.423155268165257,69.49827429023811,818.3202528660876,70.46184715654725,52.00997447388195
2025-09-16 18:45:00,9.17448457768684,53.975056112339686,66.22268907563026,27.40903612235466,69.18704043423347,817.058237316811,71.40857997787576,52.235653394899735
2025-09-16 19:00:00,9.279903518432661,53.96017759149572,66.22268907563026,27.39183281075914,69.47539805810992,814.1547973025104,70.45880839400911,52.3927301848483
2025-09-16 19:15:00,8.655784978132926,54.04868180515025,66.22268907563026,27.40137387568495,69.21383524089654,816.5203842119682,70.92299986965841,52.41677889845712
2025-09-16 19:30:00,8.583975008557845,54.05999573819638,66.22268907563026,27.419383751866278,69.47113787022072,816.2654085343294,70.9075816020088,52.54616827989704
2025-09-16 19:45:00,8.696643528296088,54.12220922383711,66.22268907563026,27.34798897301504,69.54142690573181,817.2618569023741,70.8888615350117,52.56560765789834
2025-09-16 20:00:00,8.998397479882629,54.14726553173183,66.22268907563026,27.358138399661534,66.23672235139011,821.2476591467641,70.25912944659842,52.71102087327662
2025-09-16 20:15:00,9.141693762224213,54.167402781397634,66.22268907563026,27.361473897566082,66.05228216200682,812.5566574721882,70.4677541483587,52.521890464720684
2025-09-16 20:30:00,9.001163957227444,54.119436896786546,66.22268907563026,27.30956913521023,66.18984511430908,810.1129869326429,70.69100327390717,52.34671918473662
2025-09-16 20:45:00,8.758322600941336,54.16380541508814,66.22268907563026,27.256481411438667,66.17545695039695,804.4811337622184,70.76537355765767,52.16405049732166
2025-09-16 21:00:00,8.663841711522231,54.155647099495425,66.22268907563026,27.206178487693208,66.08553374278895,806.3048230368069,70.51203001895603,52.07671582661942
2025-09-16 21:15:00,8.953877354749105,54.20656239292729,66.22268907563026,27.22521616708733,65.74333611781708,812.6879038141903,69.9807284967085,51.80275330960819
2025-09-16 21:30:00,9.149037754199322,54.06772299988672,66.22268907563026,27.233371724845956,65.59864260383685,809.4747746350562,70.8047959225036,51.79162148268607
2025-09-16 21:45:00,9.246175982608719,54.10629296279216,66.22268907563026,27.260991294200757,65.29642971707528,810.5779737362759,70.50169827624421,51.83985486228351
2025-09-16 22:00:00,9.174954779485175,54.13510406809728,66.22268907563026,27.27250707090003,65.33662813256996,800.5268356209125,70.32074592541471,51.27455712314236
2025-09-16 22:15:00,9.190338666606594,53.984192394383676,66.22268907563026,27.22258516554575,65.44846865891894,808.1135066888944,70.74944754836481,51.30623180845269
2025-09-16 22:30:00,9.374514345498348,53.9719441948292,66.22268907563026,27.252888446587015,65.35028092285579,811.652736131222,69.63756706215781,51.34464209093436
2025-09-16 22:45:00,9.530143101848045,53.87521484608419,66.22268907563026,27.22566973942338,65.46606378735636,815.8466077629652,70.34869092059003,51.73593330945601
2025-09-16 23:00:00,9.933381573783503,53.92111636773028,66.22268907563026,27.16989060501834,65.22827147113605,817.2023996050805,70.3297545897359,52.11952951767305
2025-09-16 23:15:00,10.028979986188356,53.923024807934326,66.22268907563026,27.223716142563827,65.24897652109878,811.8777488453372,69.5104434984557,52.064062154348754
2025-09-16 23:30:00,9.975834359126866,53.928354533468024,66.22268907563026,27.23979246227924,65.34572164125788,815.3935606902087,69.28493197205255,51.8118361819497
2025-09-16 23:45:00,9.90646124484368,53.88827768731427,66.22268907563026,27.25221774027097,67.83347354550014,819.038035382728,69.57417370174724,51.96647502897223
2025-09-17 00:00:00,10.008665384282098,53.842677424314516,66.22268907563026,27.203754479724633,68.16327293492549,824.2766326331761,70.65645570091337,52.244011620420714
2025-09-17 00:15:00,9.925445383330258,53.877513597829925,66.22268907563026,27.235634230348452,68.1303136467831,819.0177949492416,70.49051126174056,52.64613289504297
2025-09-17 00:30:00,9.886116587734788,53.856453166182305,66.22268907563026,27.2136183751548,67.99399261917635,825.4084453337847,70.05716735328903,52.75175878066797
2025-09-17 00:45:00,9.9680553123502,53.82607707709412,66.22268907563026,27.21115108912376,67.94712036794796,812.6079315973935,70.42336501881275,52.62065390465693
2025-09-17 01:00:00,10.015529985290335,53.70426026957716,66.22268907563026,27.188222452624288,68.08811796712978,816.5471336633273,70.29897916570795,52.46070948129739
2025-09-17 01:15:00,9.712921881960819,53.80043576365546,66.22268907563026,27.154906583878443,67.90517339102256,809.2439493616124,70.36174955019955,52.4155188128242
2025-09-17 01:30:00,9.47283808221422,53.77260765772134,66.22268907563026,27.163393048875093,68.19421619598792,809.4346245293211,69.89725718944565,52.14164161706836
2025-09-17 01:45:00,9.370938173797288,53.67399260035585,66.22268907563026,27.155537459882467,68.26973930110259,807.1741680007274,69.89354675935984,52.33334083179843
2025-09-17 02:00:00,9.311071407582709,53.62223574647553,66.22268907563026,27.143227480611994,68.21221060268583,804.8152136502271,69.3994192668472,52.23941705275853
2025-09-17 02:15:00,9.41921811857911,53.68333466536638,66.22268907563026,27.18111532501131,67.9256896897413,802.7906502230508,69.87743161033896,52.212471138335744
2025-09-17 02:30:00,9.134530559747457,53.560922446731865,66.22268907563026,27.233061379878645,67.73885540627647,803.2261944881408,69.62095600696725,51.9751428508017
2025-09-17 02:45:00,9.03712937837825,53.67388237742053,66.22268907563026,27.21854669785047,67.64413631304531,801.7316781261779,69.76703399971065,51.97466150553626
2025-09-17 03:00:00,8.78872013627808,53.60522486073081,66.22268907563026,27.23122263749178,67.70290323331659,804.7791844452948,69.51119112928329,52.418588037746076
2025-09-17 03:15:00,8.6719304521899,53.483638972310416,66.22268907563026,27.244796922304005,67.60532608823635,806.4199643050645,69.4122129622351,52.13569329481859
2025-09-17 03:30:00,9.001370092312799,53.39815578440708,66.22268907563026,27.257556955165594,64.86686457802533,792.4008973018465,69.52463288627693,51.769105275668444
2025-09-17 03:45:00,9.181277147197891,53.395159879102756,66.22268907563026,27.340931185358944,64.93026514792018,787.631206824144,70.31450947497362,51.697597946227624
2025-09-17 04:00:00,9.149918073913046,53.30057383589636,66.22268907563026,27.24350189292965,65.2230164019074,792.8791238402579,69.77579968452837,51.52982149616832
2025-09-17 04:15:00,9.039840050699608,53.20570172489043,66.22268907563026,27.259470410524163,65.37023398575016,792.033164717029,69.80003613864034,52.036785760120324
2025-09-17 04:30:00,8.900834397819857,53.12548639931067,66.22268907563026,27.287801330751325,65.09548242659446,794.1551301878042,69.9444750922216,51.81062516226712
2025-09-17 04:45:00,9.093534224393935,53.17464057638903,66.22268907563026,27.254125381782988,65.30533718514071,802.3315862153959,71.05983156482627,51.91580354933964
2025-09-17 05:00:00,9.526702740013931,53.13562690271949,66.22268907563026,27.238372370435183,65.47708180851916,804.5656214461568,69.76157224234531,52.104958371199636
2025-09-17 05:15:00,9.834777082293252,53.0756009504036,66.22268907563026,27.19203313212276,65.40477434878825,802.3125509118053,69.42533557923299,52.121373161101786
2025-09-17 05:30:00,9.640067977516836,52.906836816822896,66.22268907563026,27.215886248128946,65.37308419977421,804.9765829451255,69.16712945111257,52.238398764026506
2025-09-17 05:45:00,9.597030160972686,52.868593758184076,66.22268907563026,27.210664809723944,64.94016435095011,797.8307057539764,69.31901367249404,51.96587356390065
2025-09-17 06:00:00,9.481431934782494,52.80820715274204,66.22268907563026,27.198176506131855,64.88986716478858,792.5513455498741,70.08583161593295,52.04121328991384
2025-09-17 06:15:00,9.686013203922396,52.93302039785811,66.22268907563026,27.210521320170997,64.59111174912081,791.1740123790328,70.42656333569136,51.75257964514132
2025-09-17 06:30:00,9.735503157011458,52.98530862123652,66.22268907563026,27.17190909791832,64.83196827057695,788.8176933000624,70.03594410694068,52.0032870250118
2025-09-17 06:45:00,9.816314695377889,53.07906921771701,66.22268907563026,27.184914234254762,64.82518289194789,785.4107704725332,70.3728319634248,52.216462765868364
2025-09-17 07:00:00,9.655590395657576,53.06318158314551,66.22268907563026,27.161410496332866,64.85432445141217,785.2593945320641,70.25454115366045,52.34230303396772
2025-09-17 07:15:00,9.246603498657063,53.050810178248426,66.22268907563026,27.158140204416554,67.85977083980245,781.4915612429326,70.8624083279184,52.45349746915395
2025-09-17 07:30:00,9.104734179516306,53.04913342536066,66.22268907563026,27.08512592052957,67.89558406567103,783.7033751207676,70.74972408005453,52.24838447673998
2025-09-17 07:45:00,9.183272678078376,53.049040085096095,66.22268907563026,27.05570803081341,67.9430530947819,788.1997061853542,70.19737560021082,51.88429648049363
2025-09-17 08:00:00,8.915615546391699,52.9846221168647,66.22268907563026,26.99608963562295,68.10492212888902,785.8158435393428,71.24064389475977,51.86928684048304
2025-09-17 08:15:00,8.917647069490226,52.990742390228654,66.22268907563026,27.05009653944823,68.05275452032058,790.7163213039707,70.38227124955006,51.889063864127365
2025-09-17 08:30:00,8.571010434339374,52.828456447722985,66.22268907563026,27.063688030807125,68.07708257935023,793.3710440710981,70.23266499896408,51.92963461635844
2025-09-17 08:45:00,8.063708403859703,52.83245552776849,66.22268907563026,27.128267307106725,67.84251590284649,789.5878202003502,70.88988758117682,51.78169572771796
2025-09-17 09:00:00,7.508545097868291,52.92402788846447,66.22268907563026,27.124795423217122,67.93221301776789,790.6019421714772,69.65051027886236,51.788956187824105
2025-09-17 09:15:00,7.540301470690115,52.88349404701285,66.22268907563026,27.160701872993936,67.88087794075183,795.0959232127856,69.9585340824522,51.823040649363726
2025-09-17 09:30:00,7.5180336461238575,52.88475163228223,66.22268907563026,27.189408571010866,68.03204943513475,795.6922355338473,69.58660694060733,51.79525271676651
2025-09-17 09:45:00,7.84316821572317,52.90878149287872,66.22268907563026,27.18185052521822,67.96192588922779,792.583101470833,70.26917740564399,51.60044340983324
2025-09-17 10:00:00,7.8515727669742,53.04167043847803,66.22268907563026,27.139659096421106,67.9864415409809,784.225296345453,70.87641501084502,51.622472490027135
2025-09-17 10:15:00,7.832437782501654,52.9744383007886,66.22268907563026,27.079339814932844,68.02531646846724,788.1380170223055,70.38010432058907,52.05223903942222
2025-09-17 10:30:00,7.87246244652731,53.04460587571395,66.22268907563026,27.042894710797572,67.92024254697654,787.8635843786892,70.1617004588051,52.00121996977168
2025-09-17 10:45:00,8.185574503492766,53.139285581988084,66.22268907563026,27.102217589288877,67.98774122726003,784.0937024114291,70.11972044449477,52.063689793076385
2025-09-17 11:00:00,8.424472055510087,53.13907483561471,66.22268907563026,27.124419057112863,64.76347387391404,778.9524035067566,70.03885371627679,51.56762091147923
2025-09-17 11:15:00,8.54190329197559,52.957078847383436,66.22268907563026,27.146471267946676,64.87133095744421,784.2040047568992,70.1408483035722,51.872141554747614
2025-09-17 11:30:00,8.469331601850708,53.001361893970824,66.22268907563026,27.204363207713794,65.0229169488856,779.040713770802,69.61469235046992,51.88127739746537
2025-09-17 11:45:00,7.886548802162698,52.958834488664074,66.22268907563026,27.244950099406356,65.23572268887477,775.8715534558676,70.0549361998466,52.17053802094163
2025-09-17 12:00:00,7.904351532857837,53.01564014546565,66.22268907563026,27.20238153587024,65.14697997212647,777.9247655707201,70.47471977464005,52.04601984498518
2025-09-17 12:15:00,8.011218671039773,53.11648060982655,66.22268907563026,27.191700667741177,65.10441437556517,779.9873838271095,70.21006107456702,52.58615295871001
2025-09-17 12:30:00,8.046535354689764,53.17805040991003,66.22268907563026,27.188899233816418,65.20074516329818,775.5173127706407,70.27571999244017,52.88179397011792
2025-09-17 12:45:00,8.155525965767373,53.123880164485534,66.22268907563026,27.172798478927803,65.27653603792523,771.328817230657,70.6304361664898,52.97720359166266
2025-09-17 13:00:00,8.075103767992617,53.10930166235454,66.22268907563026,27.142390448138254,65.12934554077985,779.3143410013627,69.95359701457019,52.917234960970234
2025-09-17 13:15:00,7.8001773763406,53.070131439095434,66.22268907563026,27.177243492512307,65.24417353304817,780.5936802950016,70.23385725881323,53.022795941660775
2025-09-17 13:30:00,7.553413273985951,53.18855969123554,66.22268907563026,27.12594263576878,65.54093762793819,775.3904706208551,70.935980619738,53.097368958373394
2025-09-17 13:45:00,7.43429319642293,53.21933501919715,66.22268907563026,27.11605170668454,65.8249265131676,770.8171911554464,70.61748690603942,53.13709290094816
2025-09-17 14:00:00,7.668557937942656,53.30694521130783,66.22268907563026,27.080537119839935,65.96468437073597,769.6239909364556,69.86480308043328,53.11211545716734
2025-09-17 14:15:00,7.590390329957515,53.32331683893212,66.22268907563026,27.09004995227143,65.90461689282515,760.6168519940973,71.47316651151995,53.54601503940991
2025-09-17 14:30:00,7.297803853469347,53.30688520005528,66.22268907563026,27.088730526157654,65.9056600166411,766.7078818105376,70.48318910094656,53.29474271700223
2025-09-17 14:45:00,6.900253640066784,53.38887509310119,66.22268907563026,27.101346860926387,68.93736475326536,762.7602751049834,70.3507859972037,53.66493231827303
2025-09-17 15:00:00,7.2250680988762435,53.31675005428084,66.22268907563026,27.079932035914457,68.81624075230799,761.0851509936134,70.19450523532595,53.54061295025318
2025-09-17 15:15:00,7.354692583314167,53.354966697173516,66.22268907563026,27.02771611218655,68.80588323589716,764.2044898424465,70.91152596071693,53.50126159891263
2025-09-17 15:30:00,7.775925502619641,53.45356054124009,66.22268907563026,27.065490287057642,69.12330370445201,764.3061285714316,70.9736491170712,52.99737834902661
2025-09-17 15:45:00,7.858437222243462,53.55889914832764,66.22268907563026,27.152549187994634,69.20022123953098,763.699481325663,70.55781371726616,52.92142610095757
2025-09-17 16:00:00,7.944078128462521,53.63838604015816,66.22268907563026,27.176506293776672,69.17837757562818,764.6199041547138,70.9091484435175,53.150008906094484
2025-09-17 16:15:00,7.862869204834733,53.661239188686565,66.22268907563026,27.202279153276002,69.08030815760785,767.8496404427285,70.41433382643879,53.657434760483824
2025-09-17 16:30:00,7.881666216134123,53.621143669005015,66.22268907563026,27.23668315857538,69.3857090102973,762.8253958516229,70.73047745803747,53.67743238638367
2025-09-17 16:45:00,7.915314344222225,53.680478184918364,66.22268907563026,27.199374208418504,68.99284408076136,758.6931588334069,70.24634672964237,53.80234998768842
2025-09-17 17:00:00,8.399930588836154,53.7720062289824,66.22268907563026,27.170820487735952,68.94477233792759,760.8265786306761,69.91129736671458,53.752958045024045
2025-09-17 17:15:00,8.708584500419105,53.649694156175805,66.22268907563026,27.190750015013446,68.91868456313661,761.092207749951,70.23094927565009,53.9145242153596
2025-09-17 17:30:00,8.678393791874358,53.644971147608985,66.22268907563026,27.166344488896218,69.09047271343479,771.4551466409695,70.36513125017626,53.68529582815957
2025-09-17 17:45:00,8.623442462297401,53.609596681984286,66.22268907563026,27.17808824889838,69.4327698261572,772.4748161302673,70.3734792059602,53.94932286572208
2025-09-17 18:00:00,8.80849987067271,53.537458614994705,66.22268907563026,27.198854187036716,69.25029980812661,766.5334444883267,69.88081740108106,54.163718459508935
2025-09-17 18:15:00,8.860868044120506,53.61126005961796,66.22268907563026,27.21721234844704,69.15659613112106,766.7414295384662,69.8576428241772,53.733861120102794
2025-09-17 18:30:00,9.101816688315376,53.70651291908113,66.22268907563026,27.217450764257084,66.4878113250643,763.5676050072154,71.06555198936464,53.654464035512135
2025-09-17 18:45:00,9.184776122698281,53.70273748858149,66.22268907563026,27.1508301078471,66.2960070895088,764.8921749728992,70.48921548130912,53.465285454332296
2025-09-17 19:00:00,9.22593044318742,53.531196831088884,66.22268907563026,27.171108557296265,66.02848979875068,763.1902251797497,70.10057816142745,54.118543541044374
2025-09-17 19:15:00,9.002207237399514,53.44794710616318,66.22268907563026,27.17087113717445,66.14006812209776,760.3946938888299,70.25153501902025,54.23073289169157
2025-09-17 19:30:00,8.964181673063951,53.359309204817215,66.22268907563026,27.148335083840244,65.95130849086796,759.5989457837129,69.93378072146285,54.07405732119596
2025-09-17 19:45:00,9.050261999576872,53.37471952664774,66.22268907563026,27.077866285334668,65.8547893074584,759.8199038969537,70.18858693455205,53.88252692512934
2025-09-17 20:00:00,9.060500797268379,53.43296758400627,66.22268907563026,27.09212754651916,65.81749530808142,756.4697067739639,69.11756577041363,54.00940564354709
2025-09-17 20:15:00,8.985151682809631,53.37718319747845,66.22268907563026,27.125023604591874,65.73865881127936,755.4928232988975,69.9543174983628,53.9396250052028
2025-09-17 20:30:00,8.764772112022294,53.452568716906164,66.22268907563026,27.048178525972965,65.92834681475141,756.9304497091549,69.85319927180964,54.15884406101252
2025-09-17 20:45:00,8.572732481692,53.38247972550969,66.22268907563026,27.02037245292416,65.97942895896958,755.3149616487781,69.69869776922543,54.031229040269665
2025-09-17 21:00:00,8.508184234311342,53.301098341083794,66.22268907563026,27.004292586546953,65.90101855575581,757.2372465603714,69.84219216907397,53.97596957399606
2025-09-17 21:15:00,8.650332756614867,53.32096475803788,66.22268907563026,26.966377165200235,66.43513710958398,762.680197967732,69.75342220346882,54.14569892905754
2025-09-17 21:30:00,9.08077212231651,53.42222278089425,66.22268907563026,26.911866189907652,66.51765773451163,764.1649261665166,69.69006082419078,53.941290133738676
2025-09-17 21:45:00,9.515300706579342,53.34933942880548,66.22268907563026,26.912485568844804,66.51930840692246,765.9221915299393,70.0171781202084,53.668395852523
2025-09-17 22:00:00,9.629877863656901,53.361036746111964,66.22268907563026,26.86499742156048,66.64686345772508,765.4258819940238,69.92865195808561,53.439005509908895
2025-09-17 22:15:00,9.623458685625092,53.273624507752025,66.22268907563026,26.762597512088497,69.36571416687111,763.7047701587578,69.26154013447747,53.60106119489201
2025-09-17 22:30:00,9.869984870933102,53.263212934228754,66.22268907563026,26.790189552844765,69.45047648243327,770.7388909406284,69.68903041071664,53.51887084649255
2025-09-17 22:45:00,9.871685891486248,53.19062748510593,66.22268907563026,26.861067203169522,69.38299750191817,769.2803307260787,69.67503465986535,53.44077718586899
2025-09-17 23:00:00,10.251921789225548,53.11539388966819,66.22268907563026,26.851216200837097,69.2156925211474,770.7809749573687,70.32997633866437,53.27760285381623
2025-09-17 23:15:00,10.343335773072022,53.07166389741067,66.22268907563026,26.881015393985574,69.17322565163363,775.1786614018304,69.85595568884673,52.924804790051795
2025-09-17 23:30:00,10.202268793664691,52.96728591297191,66.22268907563026,26.88037408837711,68.95806464137524,770.4380081466581,69.66741615809565,53.090507614569226
2025-09-17 23:45:00,9.93705174353685,52.97578616558725,66.22268907563026,26.869693136528944,68.86173236046066,772.9014773626269,68.9757537765091,52.989330286120136
2025-09-18 00:00:00,10.027380744236142,52.82865362850258,66.22268907563026,26.80344666259574,68.7013218040256,760.9442189612691,69.25177270531287,52.942095731734355
2025-09-18 00:15:00,10.010736054150158,52.71610894133713,66.22268907563026,26.78790295450937,68.73448438137822,764.3490389538359,69.98411533743823,52.77986466073074
2025-09-18 00:30:00,10.106688781382061,52.601538721999816,66.22268907563026,26.737962739466404,68.67600291830169,765.2042702920853,70.0802548165959,52.74804569275691
2025-09-18 00:45:00,10.34934474213636,52.56638843485897,66.22268907563026,26.74316502132371,68.67820776897683,772.5721812156846,69.28040641147601,53.087277595757904
2025-09-18 01:00:00,10.13806457273288,52.589311325022265,66.22268907563026,26.68397319791346,68.82403651304787,772.889934537806,69.29787147995822,53.08209085083537
2025-09-18 01:15:00,9.973833723492124,52.66331625471294,66.22268907563026,26.67478217830474,68.6569491672662,762.055603384118,69.31888357025882,52.89399437222478
2025-09-18 01:30:00,9.557418748535303,52.602188920470375,66.22268907563026,26.76460040917248,68.34940716136562,768.1266058060645,70.2420434717832,52.611179000399325
2025-09-18 01:45:00,9.392192611359693,52.5389062883931,66.22268907563026,26.762729150348417,68.2338613538329,769.4593781093402,69.48161337708203,52.61346337792716
2025-09-18 02:00:00,9.516788753022452,52.430895643711466,66.22268907563026,26.772981214330333,65.18998347852629,770.1739820667937,70.22882747345551,52.0613206430496
2025-09-18 02:15:00,9.56959693031764,52.325706703405245,66.22268907563026,26.77068841485376,65.04931450080937,771.4907327162493,68.97003453164866,51.95449497268934
2025-09-18 02:30:00,9.19613225782295,52.31883288120764,66.22268907563026,26.81973199370988,65.11480096590648,767.9509575212627,69.38341118370819,51.9887679807509
2025-09-18 02:45:00,8.920568550512638,52.25196895364486,66.22268907563026,26.798814632948755,65.40123136912867,762.8240058626424,68.90886069117673,52.21266866778489
2025-09-18 03:00:00,8.856367859301054,52.11443576547557,66.22268907563026,26.739730306851992,65.32267483825771,764.8988878888163,69.49949095611376,52.05310394677201
2025-09-18 03:15:00,9.085433185040294,52.029862111868916,66.22268907563026,26.723810375906268,65.28557981888042,761.3764333370517,68.617502138712,52.49144508809797
2025-09-18 03:30:00,9.259428587274611,52.00309990151913,66.22268907563026,26.718493658538176,65.47339089551252,758.2121815619923,68.86846788206817,52.54301942902316
2025-09-18 03:45:00,9.27216491976479,52.09564428690625,66.22268907563026,26.60421229479997,65.60840486229903,760.0668413829707,68.96395564856041,52.32842153431201
2025-09-18 04:00:00,9.310082835155384,52.174992409307954,66.22268907563026,26.59008162754946,65.26448745198093,761.9501564680756,69.2197943961066,52.77808207586111
2025-09-18 04:15:00,9.3673831976838,52.13671804304419,66.22268907563026,26.63245942659625,65.41864763379277,765.3535464838442,69.66056421378408,52.91098266661374
2025-09-18 04:30:00,9.319200169453037,52.19647472977233,66.22268907563026,26.612820144879574,65.27902345444122,767.0491969995988,68.99081406232406,52.76919655931537
2025-09-18 04:45:00,9.619631713623209,52.28831637166145,66.22268907563026,26.572805874592124,65.51174540189704,773.0470968491084,69.1214805588427,53.128363595259366
2025-09-18 05:00:00,9.934441963480422,52.29073967431935,66.22268907563026,26.553599376219207,65.64985687017074,770.4519124298574,69.51824841789421,53.48620479000097
2025-09-18 05:15:00,10.0763148533938,52.1815820682826,66.22268907563026,26.539398586141772,66.0928413684808,770.6969658228833,69.18498970002659,53.61751686942674
2025-09-18 05:30:00,10.30879360812823,52.13394849350992,66.22268907563026,26.545943039213526,66.25375462525193,769.442437054093,69.54214360460558,53.73009077120496
2025-09-18 05:45:00,10.038100619026638,52.147433580997344,66.22268907563026,26.55569769012696,69.15488925681808,771.6658783909685,69.27587179679209,53.87523942059029
2025-09-18 06:00:00,9.712424366636203,52.13669853380886,66.22268907563026,26.566352621271864,68.6206682707261,761.8573893637226,69.61151542895668,53.786440878241805
2025-09-18 06:15:00,9.811061824522065,52.12001551791026,66.22268907563026,26.577283782733407,68.43367829846086,758.008307457389,69.12152017857106,53.648399994793685
2025-09-18 06:30:00,9.913478443832432,52.06733909245278,66.22268907563026,26.59883284521238,68.40762342151788,763.3057511034666,69.04523262431172,53.408812565960545
2025-09-18 06:45:00,9.669201045924545,51.99049724303331,66.22268907563026,26.67180823186663,68.3137352986629,760.5626308685293,69.25281979327245,53.65485998315803
2025-09-18 07:00:00,9.497357420083722,51.97663615325066,66.22268907563026,26.715763764530827,68.19741188996437,756.0215879794118,69.16057885062035,53.73524817813439
2025-09-18 07:15:00,8.872419828679888,52.04390641062737,66.22268907563026,26.668277557634156,68.07329527960614,760.3913396070687,69.66823029255147,53.938437167156
2025-09-18 07:30:00,8.872386299339865,52.10496436215313,66.22268907563026,26.631021444134667,68.1053398424864,758.6648548880274,68.9670905849863,53.78836797528018
2025-09-18 07:45:00,8.64100671621267,52.045642019761,66.22268907563026,26.602970144163915,67.8108221224848,762.0556412701927,69.19251461343529,53.833823777655745
2025-09-18 08:00:00,8.473192474678347,51.94522632617914,66.22268907563026,26.575028578673912,67.9344734705958,762.9023538644657,69.13477171171057,53.47717606020653
2025-09-18 08:15:00,8.79107742362207,51.88925711115582,66.22268907563026,26.587296336817683,67.92580038907542,760.4175284569233,69.66562421489756,53.58750114080865
2025-09-18 08:30:00,8.631804806286581,51.856356672959066,66.22268907563026,26.616369976483792,68.32089780368503,759.7545666421873,69.73958094970119,53.53235475900061
2025-09-18 08:45:00,8.541952636618712,52.0923152872447,66.22268907563026,26.671067022757363,68.36041357606082,757.9511393563201,69.67729576087835,53.644552584300826
2025-09-18 09:00:00,8.180704392806472,52.160655647053844,66.22268907563026,26.686891160997895,68.55185531790758,765.4570451995162,69.56745225059964,53.24840903415213
2025-09-18 09:15:00,8.120399084744571,52.06719038140035,66.22268907563026,26.710390891156848,68.64151064332101,764.4009277421028,69.4465631866993,53.68341913572874
2025-09-18 09:30:00,8.288575646268617,51.98500093912877,66.22268907563026,26.732409077685425,65.59035852371326,758.3569224434567,68.97071173033125,53.40321743793541
2025-09-18 09:45:00,8.470943644785144,52.039157362017534,66.22268907563026,26.66051128470409,65.73561339845278,758.1354569781566,69.74585766632592,53.051525911558905
2025-09-18 10:00:00,8.262625436743669,52.18904886449799,66.22268907563026,26.652273110634646,65.65818131775134,762.3736519862398,68.76753180270426,53.04828666514723
2025-09-18 10:15:00,8.202680857721127,52.153586035938915,66.22268907563026,26.685406122440792,65.43546379106213,763.2563348195949,69.34522304708862,53.38600380008626
2025-09-18 10:30:00,8.23537314934039,52.21933606112734,66.22268907563026,26.69943421084462,65.32418507913168,766.6028354310371,69.03060954501827,53.49839890689238
2025-09-18 10:45:00,8.316788163170408,52.15680864743982,66.22268907563026,26.75366198615714,65.31181124433697,767.9920003308409,69.94340397204164,53.59936803745451
2025-09-18 11:00:00,8.583019590936976,52.09984924219087,66.22268907563026,26.74028247383261,65.4469497876233,765.8741106984013,69.823897909155,53.764253713006646
2025-09-18 11:15:00,8.610465949915401,51.985902067595504,66.22268907563026,26.72545591362885,65.5749075762685,766.9688515827529,69.75031672742627,53.5647273253012
2025-09-18 11:30:00,8.650981190324616,51.98611304971543,66.22268907563026,26.7440961018685,65.50849254609926,768.6215402546287,69.64430677070378,53.59628752212667
2025-09-18 11:45:00,8.56075405432157,51.901080080747896,66.22268907563026,26.701664338464624,65.48760834503898,771.0104118336103,69.96847484507045,53.68557298233979
2025-09-18 12:00:00,8.441767807790129,52.04127388819062,66.22268907563026,26.703894239478576,65.58182732953796,760.3792999693457,70.18599725646527,53.771117159819894
2025-09-18 12:15:00,8.164311857104904,52.08947242852916,66.22268907563026,26.677001680290186,65.3924439984401,766.4420276124964,69.87077211498986,54.13400191144319
2025-09-18 12:30:00,8.19435375878045,52.10309659823251,66.22268907563026,26.692952309901443,65.39664976500038,770.6465596793042,69.75812658619046,53.94268906026448
2025-09-18 12:45:00,8.287860156873041,52.10605855627431,66.22268907563026,26.67775493811185,65.82135599412611,771.2872798125828,69.79670629181588,54.12640501189248
2025-09-18 13:00:00,8.174754418329414,51.98983481788916,66.22268907563026,26.671818547691927,65.43478931469389,779.5022122241287,70.4533237653629,54.47022790160836
2025-09-18 13:15:00,7.953155472401154,52.01962162295428,66.22268907563026,26.718626720800504,68.3927318955511,780.3679137960409,69.83393660156639,54.86316851017327
2025-09-18 13:30:00,7.675255914614394,52.09296763439715,66.22268907563026,26.744445526588525,68.43432337722481,777.0048669725419,70.01822601328463,54.5927045768709
2025-09-18 13:45:00,7.84894468663178,52.08516757609846,66.22268907563026,26.7526034922464,68.72124073494255,775.059907579186,70.56244294644719,54.63536840398844
2025-09-18 14:00:00,8.047459148169075,52.14404222156332,66.22268907563026,26.778459863229827,68.86954756748833,770.4879978851224,70.3788412693961,55.01647052623808
2025-09-18 14:15:00,7.758851068250756,52.09713255961603,66.22268907563026,26.783501897914906,68.83365095337865,765.2910178799688,69.82517748082007,55.11918353004987
2025-09-18 14:30:00,7.590287194795901,52.150167640326366,66.22268907563026,26.84450345539984,68.85830790199941,760.082161107082,70.9075946400172,55.290922768939865
2025-09-18 14:45:00,7.184851366878969,52.13334197780323,66.22268907563026,26.853635485546008,69.20186725785668,769.1057558506977,70.38477077681718,55.23582652659364
2025-09-18 15:00:00,6.986591228628475,52.046270205895674,66.22268907563026,26.851591061332872,69.122362815678,766.7897718097109,70.03986415002777,55.34203325524642
2025-09-18 15:15:00,7.149880802177341,51.833967784337275,66.22268907563026,26.77139050685142,69.28695658740845,767.8120670055515,69.5641192643384,55.416020315091416
2025-09-18 15:30:00,7.435566845035573,51.84782466499651,66.22268907563026,26.756602517796868,69.3011839472551,767.2207208650041,69.21992931697943,55.68994322414869
2025-09-18 15:45:00,7.79423267440807,51.75977118596219,66.22268907563026,26.797641296329378,69.85295564619865,773.9124492189227,68.88995592611246,56.43982772610707
2025-09-18 16:00:00,7.964515318477813,51.74195554971753,66.22268907563026,26.741731704268958,69.6817730305189,766.2677717660162,69.08126550773414,56.40941977690014
2025-09-18 16:15:00,7.905393021316332,51.75911333054187,66.22268907563026,26.71589003457894,69.88528282151911,775.8568414891348,69.7439236774662,56.3093470327686
2025-09-18 16:30:00,7.722979939361244,51.72698052213773,66.22268907563026,26.741903416988055,70.0978449684406,778.2116663055186,70.17490536991342,56.58649024675359
2025-09-18 16:45:00,7.975858030301294,51.772980034753296,66.22268907563026,26.744911790800494,69.73247449480533,778.114361640639,69.71682642564143,56.566545115353186
2025-09-18 17:00:00,8.241084287269254,51.848495397942685,66.22268907563026,26.747740559995727,66.74581943248516,779.2582243792672,69.60088830447272,56.555327073559475
2025-09-18 17:15:00,8.67078464203659,51.84357019944388,66.22268907563026,26.723470705339746,66.74425181851657,782.2614710251014,69.92113790041901,56.191681712556374
2025-09-18 17:30:00,8.652588735123517,51.81718574871553,66.22268907563026,26.734926000775403,66.93252680364883,779.063317510074,70.01224177757537,56.47362426454168
2025-09-18 17:45:00,8.662359418278406,51.78591359415761,66.22268907563026,26.72938779397515,67.02679399597658,775.4176643938347,70.2823367814921,56.127813064919636
2025-09-18 18:00:00,8.705510486770688,51.746557930380106,66.22268907563026,26.718618680492153,66.80986313821353,784.3638180754986,70.49171880958068,56.506188256873784
2025-09-18 18:15:00,9.006450011169905,51.507255032294296,66.22268907563026,26.671081919359843,67.11434170591971,774.1893089209085,70.59880140294436,56.91271928460222
2025-09-18 18:30:00,9.428179334859793,51.51434837155849,66.22268907563026,26.639277484973803,67.25990329117182,772.7355412591274,70.94473239716687,56.90045982269387
2025-09-18 18:45:00,9.278198963541838,51.4480501632508,66.22268907563026,26.612122792292286,67.34621661102156,770.9732439021428,70.03124672958216,57.048585695943984
2025-09-18 19:00:00,9.336710029021022,51.498526702646615,66.22268907563026,26.580916843327646,67.55300437665431,767.1998912353056,69.81857017983549,57.29613778118728
2025-09-18 19:15:00,9.02283476835692,51.5265942979194,66.22268907563026,26.601913339280948,67.69961316057281,769.2151366283566,70.63471548368189,57.21638968835773
2025-09-18 19:30:00,8.507595209351452,51.74258409547583,66.22268907563026,26.618706118731623,67.56050720908026,769.1258570008937,69.58702946805107,57.14775613115665
2025-09-18 19:45:00,8.706745126301325,51.6109327718238,66.22268907563026,26.59575487897118,67.54796007304103,772.9445589957614,70.5943768961675,57.48995612739358
2025-09-18 20:00:00,8.744330000842849,51.53292458536446,66.22268907563026,26.561176785779242,67.43718154727827,776.7251873466781,70.47648494404197,57.44714634962475
2025-09-18 20:15:00,8.969387435949372,51.53272664617785,66.22268907563026,26.509764279642923,67.38190251994469,776.9853964039669,69.70784310393674,57.30120547718623
2025-09-18 20:30:00,9.1595293585012,51.42769732182943,66.22268907563026,26.558901653416495,67.45843663055632,774.9219837091442,71.01096334394867,57.210160098924874
2025-09-18 20:45:00,8.857643469282163,51.60008934576242,66.22268907563026,26.5754421889173,70.37538253176133,774.7574515261051,70.01578867500275,57.55708984220124
2025-09-18 21:00:00,8.807849391215775,51.637914478346524,66.22268907563026,26.542599202318236,70.06396392109374,780.9336643886251,69.62267334760912,57.364074338339755
2025-09-18 21:15:00,8.827546563740135,51.57186583288142,66.22268907563026,26.548643134287772,69.8931492240663,784.6351942915392,69.78882682011674,57.36140687396568
2025-09-18 21:30:00,9.184105681018364,51.53346031598054,66.22268907563026,26.555985640364742,69.88332054559146,782.4796414113379,70.28926625585854,57.034263510666705
2025-09-18 21:45:00,9.679489345460624,51.44903857137475,66.22268907563026,26.58048343569376,69.89721984596542,780.7473053065654,70.6393338442522,56.66150136561356
2025-09-18 22:00:00,9.667946456468787,51.41851247892545,66.22268907563026,26.5665314249161,70.10559182660297,780.5400386474265,70.06890857812262,56.6301815058384
2025-09-18 22:15:00,9.884170122915817,51.29630662185339,66.22268907563026,26.564970549251075,70.00313649505458,779.8650226060684,69.84336095571064,56.41710585923486
2025-09-18 22:30:00,9.711563034939275,51.38801660733112,66.22268907563026,26.61758427278205,69.76604350780269,777.4209043205437,69.66402232289718,56.72828346192828
2025-09-18 22:45:00,9.905740855986828,51.30024540976049,66.22268907563026,26.622997434635405,69.84762037601095,787.132965918799,69.58763428414814,56.71524984352574
2025-09-18 23:00:00,10.416154917734161,51.256014877413364,66.22268907563026,26.612952136718263,69.75088851421664,789.0833878335687,69.555607814641,56.689243485893186
2025-09-18 23:15:00,10.260349068194284,51.19988188588054,66.22268907563026,26.617795535779567,69.86228701228261,790.7141554319751,69.87074837635498,56.41590075911532
2025-09-18 23:30:00,10.153623515876163,51.07458125090011,66.22268907563026,26.653156140815252,70.0199333169595,793.8550572411975,69.58295862647738,56.74607267744865
2025-09-18 23:45:00,10.046157212651929,51.084768885224385,66.22268907563026,26.66662757036096,69.79277784457045,791.1675050910527,69.36508505510282,56.47652591074956
2025-09-19 00:00:00,9.853810569367146,51.06443362315143,66.22268907563026,26.6720527707488,69.65561435310765,793.098628152585,69.37609248845314,56.31581998242494
2025-09-19 00:15:00,10.238970332578006,51.00787311908519,66.22268907563026,26.61350942957659,69.96419338647262,796.4642849006275,69.26660044379719,56.25651334612618
2025-09-19 00:30:00,10.404084938715176,51.10153114796208,66.22268907563026,26.659736664137817,66.99649988373847,796.4521911349769,68.56865609268603,55.71782043122401
2025-09-19 00:45:00,10.45308173923141,51.047159558073595,66.22268907563026,26.65761410015351,66.41093101773748,788.193786744564,69.25242174192785,56.00776666529104
2025-09-19 01:00:00,9.984873834445008,50.995414443698124,66.22268907563026,26.58472245442974,66.21926007085176,791.9463644949245,69.06977639464547,55.94842653842901
2025-09-19 01:15:00,9.90690666227355,50.86184240751887,66.22268907563026,26.61763289895828,66.4548529046732,789.9704526527771,69.12791584477604,55.475921608532474
2025-09-19 01:30:00,9.674171901602387,50.78838438928866,66.22268907563026,26.578333255037577,66.76843776100718,789.3445371478198,69.47124027374515,55.10218618524527
2025-09-19 01:45:00,9.816077737142834,50.73958787966866,66.22268907563026,26.634554826235046,67.01639998285181,784.3836347429353,69.32816135608934,54.8805876258244
2025-09-19 02:00:00,9.721387447975731,50.63958883954099,66.22268907563026,26.575221532577213,66.82891104576052,784.914378989941,69.19119444857144,54.72197992769853
2025-09-19 02:15:00,9.68223724153374,50.68022136902581,66.22268907563026,26.549018200644166,67.03823027924392,784.6972258991156,68.9127361375722,54.94872769860188
2025-09-19 02:30:00,9.754318087388201,50.596632706979456,66.22268907563026,26.591592328018418,67.14350680418073,793.3940787174886,68.77046921834348,54.83822845445306
2025-09-19 02:45:00,9.2098239663514,50.583568674733776,66.22268907563026,26.600459053892077,67.24311325767017,790.8528989243152,69.63546582461925,54.79325583411909
2025-09-19 03:00:00,9.42812400988798,50.60337310620227,66.22268907563026,26.652073780651097,66.53382914271901,800.4748518713535,68.45063824579675,54.56344118910923
2025-09-19 03:15:00,9.188588895047651,50.49320699226772,66.22268907563026,26.694106273019926,66.29233263156823,807.6517739097026,69.52628906696292,54.12542190864382
2025-09-19 03:30:00,9.37059736295579,50.50390655268958,66.22268907563026,26.67318312544399,66.14293171297487,802.7181484636178,68.57656064071156,54.46613243047719
2025-09-19 03:45:00,9.508639782020369,50.43021510503871,66.22268907563026,26.69818869540947,66.31481586698314,798.218669821215,68.94013100905931,54.71768926895307
2025-09-19 04:00:00,9.621017026096286,50.30823222236063,66.22268907563026,26.746886864924928,66.19279719256353,801.7321458561194,68.71852316801002,55.01988059891167
2025-09-19 04:15:00,9.628508571004904,50.1951409635294,66.22268907563026,26.764251188139497,69.13980042796898,798.7360659878891,69.22363768786276,55.11016285360011
2025-09-19 04:30:00,9.738043953207967,50.165085791754464,66.22268907563026,26.738642822131364,69.22931764539894,799.6682308970601,68.88753842788981,55.395263235372084
2025-09-19 04:45:00,9.820725873152085,50.117428107158716,66.22268907563026,26.764586850610566,69.06774061858299,800.5723980948164,69.08734620743975,55.476287985458235
2025-09-19 05:00:00,10.130308700151376,50.03601798773931,66.22268907563026,26.735700416836284,69.27963568283506,795.3397153527682,69.83995996408352,55.23966538971284
2025-09-19 05:15:00,10.225501901028192,50.02811749400741,66.22268907563026,26.79672084553431,69.29988424660029,792.4147682864522,69.03731207988906,55.150918455178385
2025-09-19 05:30:00,9.931225724197727,49.89255380883445,66.22268907563026,26.75148804653585,69.08856803515782,795.3234943771548,69.78805532272827,54.952311266702004
2025-09-19 05:45:00,10.3230451826496,49.86131580628181,66.22268907563026,26.73049969595025,68.99666418169349,799.3812746663041,69.4097476778672,54.51338500199911
2025-09-19 06:00:00,10.248545579694657,49.8615326751094,66.22268907563026,26.775224231617333,69.3305663131272,799.7583308516719,69.24479832423823,54.581056206271796
2025-09-19 06:15:00,9.885292568213986,49.83086798054347,66.22268907563026,26.79976576704311,69.4648452050516,797.4127251308771,69.30617360663419,55.089757061621164
2025-09-19 06:30:00,9.696692305167836,49.80559352248522,66.22268907563026,26.75644770435709,69.3454186255137,794.693134787328,68.87705332518811,54.757755274233304
2025-09-19 06:45:00,9.974503356825602,49.7513195761655,66.22268907563026,26.822337269334813,69.0339358092191,792.4030901553996,68.43405004978607,54.745844451363155
2025-09-19 07:00:00,9.495355024300457,49.67784802953,66.22268907563026,26.83208445646696,69.49156487167568,796.1595327707241,68.78437644603825,54.604772199781884
2025-09-19 07:15:00,9.104691092533546,49.72089626608145,66.22268907563026,26.813245096944627,69.4499359175537,799.042637660033,69.00872953901187,54.4844062212102
2025-09-19 07:30:00,8.569696678834745,49.77386485640833,66.22268907563026,26.784512677567132,69.48776171100234,795.0376081821964,69.12407939053753,54.760120727396675
2025-09-19 07:45:00,8.627462018107952,49.759043635263595,66.22268907563026,26.825044815753348,69.71508805032023,799.0577581969666,69.38152725783702,54.47462135195877
2025-09-19 08:00:00,8.533764663085618,49.680524912875995,66.22268907563026,26.82472180768618,66.72681902017248,807.5147161569857,69.4565971942968,54.488376464975886
2025-09-19 08:15:00,8.621063928331862,49.801727485139274,66.22268907563026,26.827799805751265,66.47350920848598,805.8613154910369,68.26302119486108,54.98916673575764
2025-09-19 08:30:00,8.315635936360216,49.84831579351924,66.22268907563026,26.790168600089288,66.29098149770964,807.5663303416915,69.83911429852893,55.010384239486
2025-09-19 08:45:00,8.060533519069796,49.8050084494027,66.22268907563026,26.746119419803602,66.20680563011862,806.8693880096858,69.16668809221987,55.22821607095535
2025-09-19 09:00:00,8.017185070592049,49.8343260045268,66.22268907563026,26.758380082695325,66.14747991300865,812.4314748373919,69.09643754643649,55.24117250895482
2025-09-19 09:15:00,8.193821427967006,49.77634828304238,66.22268907563026,26.767469135358915,65.99300766039512,810.3367338383426,68.71969534213673,54.98244745253225
2025-09-19 09:30:00,8.44390013197452,49.73040563502588,66.22268907563026,26.75942999135993,65.72139954280732,806.69038976066,69.46441403813536,55.26532532623981
2025-09-19 09:45:00,8.335771513602715,49.773208957079525,66.22268907563026,26.706208227622234,65.75167435095665,809.7707421659456,69.7809196397945,55.02474683303707
2025-09-19 10:00:00,7.992450837671988,49.941039579355845,66.22268907563026,26.731399404540472,65.78585484446897,804.1200032392337,69.45554668135695,54.83139685014905
2025-09-19 10:15:00,7.94586128704573,49.847206499474474,66.22268907563026,26.661301591198384,65.81715386576522,801.5715511884459,68.77229159408667,54.677019108560785
2025-09-19 10:30:00,7.9185922885905695,49.7178995424012,66.22268907563026,26.65265528287831,65.64187044024469,795.9934575883051,69.76566414412457,54.89949149049222
2025-09-19 10:45:00,8.299909601311832,49.63374408951122,66.22268907563026,26.628274348545222,65.8596514427538,800.6071929252493,68.92970654108277,54.88800745791473
2025-09-19 11:00:00,8.750173684890541,49.584451500269004,66.22268907563026,26.618760855339655,65.95224408518617,811.0424191198621,70.23726725118868,54.88239760990879
2025-09-19 11:15:00,8.753813491994856,49.56746975548485,66.22268907563026,26.66661629513729,66.04479770794988,805.667202922143,69.0095059639853,54.97181710878166
2025-09-19 11:30:00,8.499862744493036,49.557564335510456,66.22268907563026,26.66151345142222,66.25406785319024,806.1562716050823,69.16777155495647,55.00235451707407
2025-09-19 11:45:00,8.530680237781958,49.57993911958816,66.22268907563026,26.614341236795077,68.85154570090252,810.3697729129625,69.70980362317125,54.69666500498943
2025-09-19 12:00:00,8.40452519174422,49.53192889439539,66.22268907563026,26.635444207837164,68.72785838440996,812.4634060771862,70.05563217693239,54.66067893420482
2025-09-19 12:15:00,8.63412012930555,49.549127482370984,66.22268907563026,26.62143677399759,68.83706691758748,800.9894993944736,69.88381772986233,54.708809305386644
2025-09-19 12:30:00,8.76458788245532,49.67929629792993,66.22268907563026,26.674041156514598,69.18911844275469,803.2207098130094,69.41033868333479,54.641210769409305
2025-09-19 12:45:00,8.847175319040364,49.58994880921715,66.22268907563026,26.644098677234435,69.60627557873966,807.2692415709777,70.03757775477038,54.72527779429114
2025-09-19 13:00:00,8.782085650226177,49.62768252038122,66.22268907563026,26.705291528999467,69.5115849373009,809.9842493056037,70.13223385238106,54.95678007106849
2025-09-19 13:15:00,8.14041183941946,49.607995788558966,66.22268907563026,26.645833639560205,69.54093072365073,803.216271086084,68.94367465092913,54.81355388419561
2025-09-19 13:30:00,8.122195186745001,49.666779622919094,66.22268907563026,26.664241654173676,69.52857473352981,802.6976580411599,70.29242452879701,54.87022528692187
2025-09-19 13:45:00,8.028275188751795,49.76875283031173,66.22268907563026,26.612277306696875,69.55258979969778,795.2763215476295,70.63142849687974,55.09802197493779
2025-09-19 14:00:00,8.28357308688363,49.790889670169264,66.22268907563026,26.643299974692894,69.29789901043253,800.3000056683403,69.7669626484214,54.962283635417265
2025-09-19 14:15:00,8.299379174605365,49.90637313608934,66.22268907563026,26.667437036070925,69.8283267067863,799.6416328302735,69.5318681388124,54.58784272265972
2025-09-19 14:30:00,7.85261621703257,49.994699171530485,66.22268907563026,26.721777975727566,69.97460492355756,800.2443457861856,69.27721529401117,55.01272520140702
2025-09-19 14:45:00,7.60320059654226,49.97391894937246,66.22268907563026,26.782568963889386,70.0336012712038,807.1148119901669,70.1107925164313,54.666298551446964
2025-09-19 15:00:00,7.171788073945033,50.197944470043126,66.22268907563026,26.830892396998046,70.27030456273815,805.4394868234544,70.34460913376185,55.098535834783576
2025-09-19 15:15:00,7.357043488864493,50.14349341398251,66.22268907563026,26.832254713564424,70.46174743394843,806.4973645270703,69.4533544144025,54.82562702118738
2025-09-19 15:30:00,7.785838998719707,50.04242508241751,66.22268907563026,26.819031649233803,67.78962774827309,808.1837051603508,69.88819695647351,54.51232839476145
2025-09-19 15:45:00,8.207939798463435,50.14361796801691,66.22268907563026,26.882433774597057,67.53077082386575,797.6407066727562,69.85976106585936,54.39416570155232
2025-09-19 16:00:00,8.231967143292998,50.078986472744965,66.22268907563026,26.870672310746073,67.48303468572716,803.6801159460201,70.8192863608747,54.33808287302085
2025-09-19 16:15:00,8.1067439679209,50.006785645648215,66.22268907563026,26.7970060226033,67.55659367108294,800.014444259876,69.87758944340499,54.67154047440888
2025-09-19 16:30:00,8.010695357550874,49.945892509497774,66.22268907563026,26.732390603368945,67.37945657826782,800.613548535561,69.86709996492411,55.03598770122033
2025-09-19 16:45:00,8.45078230127366,49.93630672385789,66.22268907563026,26.749652120269264,67.19222917330029,814.8820753979244,70.80726563936796,54.80664633631821
2025-09-19 17:00:00,8.913401139670828,49.8360573338695,66.22268907563026,26.803807080344946,67.25680280346492,812.5016877531251,69.6340534559866,54.495923355385344
2025-09-19 17:15:00,9.0124817220712,49.75557774974857,66.22268907563026,26.846100167311203,67.06104485980893,810.6389888918175,70.03841198066547,53.9067609457931
2025-09-19 17:30:00,9.028450461866203,49.67891299804393,66.22268907563026,26.825110128209904,66.82529701422605,816.112922291363,70.62927105226981,53.68845512190945
2025-09-19 17:45:00,8.798210835748568,49.47789355700546,66.22268907563026,26.865229981880432,66.30518248894975,806.871849419029,70.24314136062385,53.55457029295424
2025-09-19 18:00:00,8.653231115051119,49.48563876707541,66.22268907563026,26.886552806122616,66.13887576482789,806.6600413208872,69.5782918251349,53.512901437188646
2025-09-19 18:15:00,9.032296480282604,49.398674830366524,66.22268907563026,26.890782086717913,66.36809456129978,812.1021295016285,69.43470046793671,53.3759993200244
2025-09-19 18:30:00,9.376490822635024,49.450945095983485,66.22268907563026,26.840308802095922,66.59496649056089,814.1507247546481,70.41597726327916,53.79683925022322
2025-09-19 18:45:00,9.527454957904585,49.33128892945312,66.22268907563026,26.80401103243432,66.6986366862608,810.2606040414543,70.28877186648673,53.36999114719546
2025-09-19 19:00:00,9.365962746688332,49.36687264706416,66.22268907563026,26.765186028564347,69.60501442276944,806.8711052972047,69.92050149225,54.067957518560156
2025-09-19 19:15:00,8.862367398037176,49.348614457319385,66.22268907563026,26.77131562345884,69.72662218099515,799.8143083924901,69.65012980439045,53.70709997603922
2025-09-19 19:30:00,8.9520455625873,49.34591645500116,66.22268907563026,26.82262242483193,69.86979757912665,813.3041355386013,69.95220667241058,54.380765130321166
2025-09-19 19:45:00,9.087258846184238,49.22092636702285,66.22268907563026,26.7798340424425,69.61899444261559,812.7829848533319,69.61559234627275,54.301655418344936
2025-09-19 20:00:00,8.961682523140505,49.3360528946845,66.22268907563026,26.714502560454946,69.67280823591828,816.1607133179573,69.97658428555827,54.166075773060435
2025-09-19 20:15:00,8.949298380467033,49.39299309290616,66.22268907563026,26.680321587709532,69.94672140247692,816.900763842957,69.85066371687833,54.49266561215416
2025-09-19 20:30:00,8.611892254189371,49.28118503069323,66.22268907563026,26.643606498371664,69.96470686960328,822.3769491342731,70.04467328888913,54.44649785554361
2025-09-19 20:45:00,8.501985226468996,49.23043706306247,66.22268907563026,26.65057300954836,70.20239079626985,816.7477538949939,69.235675774062,54.517679151065565
2025-09-19 21:00:00,8.638709545187579,49.243214951487005,66.22268907563026,26.652945318269413,70.2486892913618,819.0838376505116,69.15226057524275,53.90776463656877
2025-09-19 21:15:00,8.927632635287656,49.30741671074325,66.22268907563026,26.61309763172659,70.35808978735595,821.5728211334718,70.30101195127254,53.977731397161435
2025-09-19 21:30:00,9.277337404199143,49.34555464721381,66.22268907563026,26.621664385718702,70.13187609595573,816.5355135681943,69.69003323648744,53.97052111344218
2025-09-19 21:45:00,9.305464446065733,49.35109434823923,66.22268907563026,26.717751491556417,70.25085819560363,812.0870096094187,69.75501162508777,54.17100803159613
2025-09-19 22:00:00,9.523112152073184,49.34933728001758,66.22268907563026,26.73238571137314,70.39013141595143,807.1488360995623,69.20957770444902,53.95342372226643
2025-09-19 22:15:00,9.660489476795274,49.25659823754242,66.22268907563026,26.67728152513697,70.5911321814188,812.4016580506499,69.62916596303474,53.572595536924005
2025-09-19 22:30:00,9.787368442415415,49.32068617544131,66.22268907563026,26.662274295268254,70.35844190331726,818.0740384498218,69.4683846963933,53.2660024037363
2025-09-19 22:45:00,9.596598778031309,49.315322685121544,66.22268907563026,26.68112473932795,67.28854687579012,819.568976693825,68.28923984901596,53.491833350916444
2025-09-19 23:00:00,9.681008618688143,49.323931652017116,66.22268907563026,26.63387799585159,67.29433376142201,821.1103842752791,69.30328321542986,53.795742896633385
2025-09-19 23:15:00,10.259784540974389,49.27310561272356,66.22268907563026,26.5701839542207,67.06415658069422,822.2682443252972,68.62704423283171,54.010434957428615
2025-09-19 23:30:00,10.053095308744682,49.15784046314253,66.22268907563026,26.590793070678977,67.05143376785713,822.7499097739933,69.30698684785149,54.314398358383265
2025-09-19 23:45:00,9.934324245491943,49.079988281061944,66.22268907563026,26.594983581536113,66.88226239845893,813.8451200962844,68.80394825759855,54.438922037315606
2025-09-20 00:00:00,10.020210176554338,49.00714726711701,66.22268907563026,26.559099744031602,66.7834784434886,816.5324977028446,69.0216464680219,54.388671000686955
2025-09-20 00:15:00,10.220414338989908,48.97540796350739,66.22268907563026,26.558305559541058,67.03042527575374,819.6258922234089,69.41083560815038,54.263983063487395
2025-09-20 00:30:00,10.274879022442267,48.92757857128107,66.22268907563026,26.49543076265107,67.04967701373023,818.240681170267,69.2664416538469,54.4256751630591
2025-09-20 00:45:00,10.444910920704121,48.80344614313882,66.22268907563026,26.48429676727245,66.89682644741211,818.3879371463905,68.93049190800818,54.547434313354536
2025-09-20 01:00:00,10.363099053607588,48.81936917411775,66.22268907563026,26.418654088264883,66.69783984850918,816.8351918738209,68.92678116641623,54.819573250662515
2025-09-20 01:15:00,10.191201385582872,48.886205206890324,66.22268907563026,26.46819329432186,66.81577012063994,810.2105004150723,69.4418523675771,54.897099506707995
2025-09-20 01:30:00,9.866471295613838,48.80225554336771,66.22268907563026,26.507217694063645,66.87378613061163,818.9052828094486,68.75251945131576,54.949116012617104
2025-09-20 01:45:00,9.735048692541282,48.67236744853683,66.22268907563026,26.492282184830863,66.7818194616672,819.6192357156616,68.72674435726412,54.94656826365253
2025-09-20 02:00:00,9.584101891150473,48.70948631829248,66.22268907563026,26.524345886927296,66.82827470108784,815.4853110623618,69.10807919925087,54.59819057522113
2025-09-20 02:15:00,9.62094331767613,48.703509414730526,66.22268907563026,26.50933616327269,66.74636552281979,817.4397854606416,68.59863928615981,54.787019331973994
2025-09-20 02:30:00,9.38860530547651,48.7345562062809,66.22268907563026,26.558274092642538,69.51159805225147,816.8054129356588,69.45334452780583,54.995667930451454
2025-09-20 02:45:00,9.156141385019252,48.77538577733212,66.22268907563026,26.534273741101693,69.265624596306,816.77983939981,68.19282889328316,54.63470683302971
2025-09-20 03:00:00,9.189080917377598,48.66846292658028,66.22268907563026,26.54763970328635,69.34076068952065,818.9728371407533,68.75005225101968,54.728864814397085
2025-09-20 03:15:00,9.418885985961639,48.51926511312239,66.22268907563026,26.566540180165994,69.37404176584715,822.8551467515423,68.7078127763776,54.958970170596906
2025-09-20 03:30:00,9.744186062692458,48.39140504510338,66.22268907563026,26.64828550385865,69.51894620925596,820.3242267457429,69.27236020851878,55.00263931518547
2025-09-20 03:45:00,9.80400945388051,48.45964530804548,66.22268907563026,26.65952277561535,69.42420467501094,820.1865896953659,68.76809807069104,54.76548223089505
2025-09-20 04:00:00,9.965061478852919,48.39622028823934,66.22268907563026,26.64064327662124,69.20818377838317,815.1893791200707,68.50161565808432,54.473654373220334
2025-09-20 04:15:00,9.896313124574968,48.41591371691697,66.22268907563026,26.65844950709216,69.4154788012659,814.0892024138013,68.95134918295534,54.37215517471401
2025-09-20 04:30:00,10.016151971389492,48.25235461992672,66.22268907563026,26.651358055864318,69.33539089499314,816.3317804188747,69.07373586560516,54.40891250021359
2025-09-20 04:45:00,10.414007316447396,48.22902842272999,66.22268907563026,26.588966936757522,69.4553731503666,815.593587922804,68.59627259644827,54.56800029302419
2025-09-20 05:00:00,10.503545042837812,48.16943644444885,66.22268907563026,26.58760806769169,69.48961352462287,815.4806016783247,68.6267684332435,54.7885373911891
2025-09-20 05:15:00,10.348065005529179,48.10817757404033,66.22268907563026,26.587453483983975,69.39209026372201,817.2191396976482,68.2149066054353,54.83570612942978
2025-09-20 05:30:00,10.286822880701415,47.92211774466939,66.22268907563026,26.541836794297645,68.85880314368242,816.7905580605842,68.23178391968358,54.67663678264978
2025-09-20 05:45:00,9.966816352072335,47.91087540380898,66.22268907563026,26.493861173920482,68.78422453471596,817.7376099360296,68.9660892594902,54.88623157095483
2025-09-20 06:00:00,9.824515291028042,47.963401895671176,66.22268907563026,26.50077985983681,68.93475243007134,822.5068756069901,68.96972115639254,54.74204193737141
