t_stamp,GR05/ai/GR05_feature_7/eu,GR05/GR05_feature_1_block/eu,GR05/GR05_feature_1_block/setpoint,GR05/GR05_feature_3/eu,GR05/ai/GR05_feature_4_1/eu,GR05/ai/GR05_feature_8/eu,GR05/ai/GR05_feature_6/eu,GR05/GR05_feature_5
2025-08-04 17:00:00,8.296330522851818,66.00914034451404,64.3529411764706,26.605071872579316,56.5303319750076,834.2237286165696,73.72765822808387,49.58956087338387
2025-08-04 17:15:00,8.934827794383715,65.98954611263451,64.3529411764706,26.609182098166762,56.612003674181814,843.7276995502849,72.47796170123212,49.39393499176003
2025-08-04 17:30:00,9.367608663271149,66.0166216518347,64.3529411764706,26.637334844853708,56.60376581324735,834.6922261947909,71.57186094147636,49.3573925070664
2025-08-04 17:45:00,9.281199129537166,65.89180684911156,64.3529411764706,26.628168682170664,56.83711712774489,825.1062637037338,71.50605486085574,49.94501850398199
2025-08-04 18:00:00,9.305410668699528,65.9156862481191,64.3529411764706,26.652833940443212,60.07336894050786,829.3793965558914,72.9127484598489,50.30863947636112
2025-08-04 18:15:00,9.30315417501082,66.02557232386238,64.3529411764706,26.623308116121297,60.22801068236682,831.6828543485362,71.8413368956432,50.164797940031306
2025-08-04 18:30:00,9.457372938977048,66.12492038938147,64.3529411764706,26.597113419730565,60.17605718933171,834.2232621693599,72.5422227383451,49.61256856550691
2025-08-04 18:45:00,9.772730164325948,66.141023751395,64.3529411764706,26.62395612886553,59.86768296687689,819.9527985255046,71.58733635949397,49.89711266426143
2025-08-04 19:00:00,9.643552352682283,66.24598484108495,64.3529411764706,26.63495439972149,60.27625067153166,812.9132365072818,73.70696048390163,49.84449177354985
2025-08-04 19:15:00,9.74180661274471,66.10538644572085,64.3529411764706,26.568369708908214,60.30489158480384,807.1973498613162,73.03606042472016,49.698043340397604
2025-08-04 19:30:00,9.3038346370372,66.05800095372709,64.3529411764706,26.558611381818935,60.26466795971891,805.5352306655918,71.01464179083489,49.44004283617381
2025-08-04 19:45:00,9.01500367752452,66.07310689277239,64.3529411764706,26.51383703138046,60.29991432566583,807.920970797363,73.33496639679032,49.36661573025101
2025-08-04 20:00:00,8.858345622814209,66.10432940620889,64.3529411764706,26.51586487202565,60.24845824514016,811.4915938094445,70.7265308693698,49.528239785583196
2025-08-04 20:15:00,9.024589268303775,66.17830926304326,64.3529411764706,26.5268485474,59.89972038086079,814.2643480461142,72.29503130890389,49.50095588140099
2025-08-04 20:30:00,9.446218167840247,66.1643097106504,64.3529411764706,26.521395285956554,59.89790982822225,813.4683657816528,72.87003179901369,49.2623469798172
2025-08-04 20:45:00,9.54429956069195,66.24544142062325,64.3529411764706,26.501028425462966,59.85014170805335,813.6655191872983,71.38245914664606,49.42288773741187
2025-08-04 21:00:00,9.242685303108011,66.2014178353973,64.3529411764706,26.576641547956473,59.60612706457928,815.5626901114836,72.20931864934052,49.37783206696115
2025-08-04 21:15:00,9.081246218932128,66.32692259544152,64.3529411764706,26.483311159674685,59.59536194720152,811.0571760072313,72.34324504301911,49.22130040916919
2025-08-04 21:30:00,9.09440187989724,66.32465528954901,64.3529411764706,26.490317790538633,59.64972933021345,809.634847229851,72.77377405487637,49.55533441282107
2025-08-04 21:45:00,9.39668408855966,66.1927211496244,64.3529411764706,26.519392888863546,59.72532637151209,817.2971109863772,69.82465615579255,49.46217090619138
2025-08-04 22:00:00,9.599953411323515,66.1043872930855,64.3529411764706,26.539826769757724,59.646338743552505,828.5286602885426,70.61626901527379,49.541233747494665
2025-08-04 22:15:00,9.894077377845118,66.11213133366033,64.3529411764706,26.53699501472631,59.649065790638325,836.8222451399304,71.47738149892442,49.271996800636735
2025-08-04 22:30:00,10.015800786209583,66.20069083097368,64.3529411764706,26.51536245122191,59.49345340394662,837.3677586628561,70.77596682993405,49.142708387347305
2025-08-04 22:45:00,9.967180440463315,66.13467060444053,64.3529411764706,26.49677047949546,59.277914224045226,838.932886069358,70.8761436212597,49.17303306638941
2025-08-04 23:00:00,10.309441831650261,66.15878487155662,64.3529411764706,26.488908656802458,59.174065715844584,837.8009799766015,71.33969389194215,48.91376198284839
2025-08-04 23:15:00,11.176806811255076,66.27626556846995,64.3529411764706,26.464031652350922,59.23388181986302,846.4110333144201,71.55422605662544,48.96471608210324
2025-08-04 23:30:00,11.658940442534833,66.30551559763134,64.3529411764706,26.435409591086078,59.16237154890966,845.0659097265396,70.90377860882631,48.748757439432865
2025-08-04 23:45:00,11.437371238766623,66.19913477169571,64.3529411764706,26.455342879921567,59.26144769752046,840.0878410282315,71.10822989245052,48.65489923332673
2025-08-05 00:00:00,11.385486899726562,65.98857897681218,64.3529411764706,26.413085606808437,59.1811764655058,844.2639632332013,70.95910059155052,48.562913267746474
2025-08-05 00:15:00,11.137643785256996,65.91570058901306,64.3529411764706,26.445280782368364,55.960479412841096,840.1451074030258,71.66858864350961,48.22624714625244
2025-08-05 00:30:00,11.33148237202799,65.91093069541476,64.3529411764706,26.403820431359687,55.97496367027935,830.1465986684655,71.58631384474604,47.89327099426144
2025-08-05 00:45:00,11.570139645605643,65.98589615996801,64.3529411764706,26.403284851926433,55.84198482113456,824.2736936121353,70.75852273653958,47.97861468377086
2025-08-05 01:00:00,11.582033770971698,65.85038479053355,64.3529411764706,26.410608737284193,56.136631370458616,825.988975917535,71.65138915734225,47.64329065221456
2025-08-05 01:15:00,11.424835360921433,65.77111514233079,64.3529411764706,26.4370145827987,55.87461959173156,832.5345778626178,72.280974449799,47.53949185515565
2025-08-05 01:30:00,11.024967331178722,65.73922238653256,64.3529411764706,26.418974572842377,56.008293195385825,832.2955082089976,72.1430020001619,47.58634575550575
2025-08-05 01:45:00,10.753872629384004,65.68942539511893,64.3529411764706,26.417472759571076,55.92488554792225,834.8209218934952,70.06795235793679,47.759686921409916
2025-08-05 02:00:00,10.424364005754674,65.77841947771375,64.3529411764706,26.385295969221115,55.83240621012481,837.6438321039129,70.86431859443726,47.75364457815763
2025-08-05 02:15:00,10.51956565044614,65.8756534991525,64.3529411764706,26.36389718130248,55.6904331710821,848.6505654047824,71.10926377412731,47.804818006792225
2025-08-05 02:30:00,10.31617683844956,65.76620662292063,64.3529411764706,26.328176345126515,55.57738917137734,851.9040025882886,71.11541523601434,47.70945219377787
2025-08-05 02:45:00,10.38116577551004,65.79876929401468,64.3529411764706,26.2924189533101,55.23293396371203,848.5476580670971,70.46527162727931,48.05075613600158
2025-08-05 03:00:00,9.951641330366321,65.6730724563512,64.3529411764706,26.30726160252212,55.34559381261328,844.1172180791522,71.8152164444863,47.67508739922478
2025-08-05 03:15:00,9.676624665696414,65.55174046178222,64.3529411764706,26.308920243610284,55.5122036119559,843.5551198038404,70.10082584957185,47.824186354466704
2025-08-05 03:30:00,9.660806081940391,65.55906518342648,64.3529411764706,26.275735770823236,55.603466162342436,847.3703549688864,71.30332716338404,48.17230773815606
2025-08-05 03:45:00,9.998753122994717,65.4837677332717,64.3529411764706,26.281920360153535,55.653396793385305,842.5546716047332,70.1777884237171,48.41275198883067
2025-08-05 04:00:00,10.172182582307942,65.31084085568557,64.3529411764706,26.25577743794935,55.86413596355232,843.5043816600905,69.84949052719656,48.380233794856764
2025-08-05 04:15:00,10.310180610004089,65.30085762647819,64.3529411764706,26.241836161916574,55.53348607361183,842.6991847928716,70.96838783881742,48.64173076765527
2025-08-05 04:30:00,10.447636444832549,65.33392328473414,64.3529411764706,26.290609373527687,55.485307007010846,842.3930008120024,70.11585055584102,48.41602586162427
2025-08-05 04:45:00,10.282486714656992,65.3102397604898,64.3529411764706,26.217136406927455,55.5192151405573,838.1262304635059,70.69599275958556,48.073262314347495
2025-08-05 05:00:00,10.292105883866594,65.34108903090605,64.3529411764706,26.228163406179213,55.240816166281846,850.2962108235594,70.25958851599773,48.00284225137763
2025-08-05 05:15:00,10.828612855486773,65.25416118070036,64.3529411764706,26.19393611319752,55.05957724961514,850.1436783221765,71.2570005084071,47.94445664034883
2025-08-05 05:30:00,11.08676697956918,65.19789992935357,64.3529411764706,26.241430344271198,55.05658771133854,844.5881883831045,69.20918294395736,47.980894408184795
2025-08-05 05:45:00,11.004442680390481,65.25536937474303,64.3529411764706,26.302699289700712,55.11868991395891,843.4150506244542,70.86872412129671,48.24309283715476
2025-08-05 06:00:00,10.80469949071697,65.1822987096724,64.3529411764706,26.253563068860128,55.2110469494015,841.7294954505659,70.40531572136955,48.08406733267148
2025-08-05 06:15:00,10.83557120306183,65.19038062060947,64.3529411764706,26.315993390493894,54.953005602588895,840.0043614026731,72.81612538713885,48.08849750123022
2025-08-05 06:30:00,10.65279162495021,65.07081046065866,64.3529411764706,26.316044364488892,54.830029524311904,836.3459509181888,70.04007176820114,48.49297523299159
2025-08-05 06:45:00,10.666668028490456,65.08664232944477,64.3529411764706,26.344451933494593,58.102227724723896,841.9579035595648,71.4181090738776,48.61537915869724
2025-08-05 07:00:00,10.449252726331194,65.08183757708154,64.3529411764706,26.321514438265936,57.920714882700494,846.1480026776651,70.25632063597469,48.779496877024506
2025-08-05 07:15:00,10.21259195341757,65.1249737207505,64.3529411764706,26.325923392741625,58.107742574438525,841.9739793046934,71.74155265443471,48.65586723343163
2025-08-05 07:30:00,9.838226457170691,65.18549128177447,64.3529411764706,26.32706402843253,58.195374207452325,844.738478698899,70.7365545349889,48.61016976477496
2025-08-05 07:45:00,9.594909437383514,65.07004620650014,64.3529411764706,26.34925652508007,58.050048606960296,851.9648901391688,70.53296175512938,48.76402236713376
2025-08-05 08:00:00,9.361364105287125,64.9503207786641,64.3529411764706,26.33635880049831,57.946211996824566,851.6807293964187,71.12018314708962,48.56523005653126
2025-08-05 08:15:00,9.46224282085881,64.96479015716992,64.3529411764706,26.33087596262807,58.19101152915096,849.4448163364517,70.88965545174935,48.89485460318442
2025-08-05 08:30:00,9.237190366033373,65.06682039265097,64.3529411764706,26.349565042885594,58.20874563033567,848.5777084164574,71.53777765502007,49.257431376062456
2025-08-05 08:45:00,9.236122248637113,65.04720091434834,64.3529411764706,26.340315552266716,58.16072063960598,841.4171844266979,70.30255411366949,49.25229973677448
2025-08-05 09:00:00,8.63018505725635,64.98657402272983,64.3529411764706,26.355548509548296,58.24041411292743,844.7042020787776,70.63383698072835,49.5294761648273
2025-08-05 09:15:00,8.557461697495214,64.84115560539168,64.3529411764706,26.364757017331215,58.212319891114184,848.5063987686813,71.7539298361516,49.239670330436496
2025-08-05 09:30:00,8.478127624502054,64.8551553440882,64.3529411764706,26.38132357332865,58.43301546331314,838.8129486813948,70.44616773252802,49.18821537291163
2025-08-05 09:45:00,8.565382586794497,65.01492412768728,64.3529411764706,26.375075931983297,58.702271503933716,841.4003373684657,70.47970039052748,49.05302320683222
2025-08-05 10:00:00,8.424162557638176,64.91499192504334,64.3529411764706,26.36000077510186,59.28564344758467,844.016579119292,71.14829838627402,49.29169933077686
2025-08-05 10:15:00,8.37170285426784,65.01546807525135,64.3529411764706,26.354961543755905,59.236322711919605,841.2367590623688,71.12710073023214,49.1085557683233
2025-08-05 10:30:00,8.267114971707892,65.03613803993241,64.3529411764706,26.32568987806352,59.055684710625094,839.0902146436091,70.11837111826469,49.158443615379184
2025-08-05 10:45:00,8.095197741131745,65.10435239238075,64.3529411764706,26.242555777371035,58.87379093474482,835.4756897282509,71.54103319697069,49.12271146798326
2025-08-05 11:00:00,8.416939474997363,65.20982742563432,64.3529411764706,26.271044233166563,58.78626231483428,832.9223219938477,71.88065121053154,48.88995307912349
2025-08-05 11:15:00,8.623675326718198,65.27439744240438,64.3529411764706,26.25613199880004,58.914583881292636,838.8489445219536,70.55999879443914,49.348253351434465
2025-08-05 11:30:00,8.902425951697754,65.26388138587802,64.3529411764706,26.284082828301383,59.077863603476736,839.6980557737053,70.92971431789535,49.518461869459465
2025-08-05 11:45:00,8.909399953925558,65.39520063750295,64.3529411764706,26.324236734741305,58.99964039508826,842.483958356071,70.88897407004825,49.41240568820143
2025-08-05 12:00:00,8.731132106106854,65.42896458572037,64.3529411764706,26.373951259819066,59.20097210566715,842.5546576426608,72.03992210526044,49.67957041764457
2025-08-05 12:15:00,8.784959441194438,65.37551775775488,64.3529411764706,26.333439152173863,59.449262356473625,838.6105083447903,71.07336312397828,49.69062634730459
2025-08-05 12:30:00,8.661119780612458,65.47892132712805,64.3529411764706,26.385815817609675,59.350098305666265,840.5252517892134,71.98573323036322,49.549979248477555
2025-08-05 12:45:00,9.26599939552693,65.56799787312686,64.3529411764706,26.380421485877203,59.36884352868095,843.9350437438827,71.40229561229954,49.15132006706621
2025-08-05 13:00:00,9.424292862104423,65.59159640052098,64.3529411764706,26.32412911708052,56.08698707065361,840.4727342378795,70.97388525649352,48.52838119249264
2025-08-05 13:15:00,8.990811516811762,65.5892707136033,64.3529411764706,26.31896964671762,56.0822554286132,834.2717440297365,70.99425619606114,48.30208444789421
2025-08-05 13:30:00,8.681307471287512,65.52310827833934,64.3529411764706,26.308900261349446,56.528806574986646,838.0743596402727,70.43453532085837,48.256713376493224
2025-08-05 13:45:00,8.294210066674088,65.54486283890002,64.3529411764706,26.25656112021705,56.71188984496023,839.127323347165,71.96803313570906,48.447679131712306
2025-08-05 14:00:00,7.845769880243282,65.57054303847123,64.3529411764706,26.27690630558502,56.727641484828126,837.6124840691775,71.08582843133844,48.657032195465106
2025-08-05 14:15:00,8.15732491948482,65.53849276062624,64.3529411764706,26.259330132610074,56.90912335044696,845.0872095569936,72.0529787149192,48.33095942159194
2025-08-05 14:30:00,8.372143329710328,65.42178150868584,64.3529411764706,26.31522142056585,57.119614479553526,843.4076574125055,72.59215447305043,48.077677517317596
2025-08-05 14:45:00,8.124154052766485,65.40687200770978,64.3529411764706,26.348215748188863,56.91102755232228,839.6420622814343,72.6883794752578,47.668089094820715
2025-08-05 15:00:00,7.889297625195759,65.42517337301533,64.3529411764706,26.283884861428007,57.05421543305415,836.2942843179598,70.94444237013239,47.91411193272657
2025-08-05 15:15:00,7.7473932028510175,65.4609868428356,64.3529411764706,26.32884979621707,56.86560637182545,841.9945037622596,71.72185707334617,47.561041765467756
2025-08-05 15:30:00,7.652525360785159,65.47249173178294,64.3529411764706,26.36860597904012,57.20189608040594,842.2279145763604,71.7309776416429,47.64427564000662
2025-08-05 15:45:00,8.068380690994694,65.47145535973729,64.3529411764706,26.390373781141907,57.18962215058176,840.9964938687522,70.2117774527972,47.66021358846702
2025-08-05 16:00:00,8.610685641615266,65.45989632709038,64.3529411764706,26.369265037266143,57.15582521238001,842.5845190823355,70.8603553449684,47.52034839822187
2025-08-05 16:15:00,8.591233736734118,65.49252120144962,64.3529411764706,26.379964952681103,57.06634245723944,845.2398945809939,72.46445433348852,47.48249222529646
2025-08-05 16:30:00,8.389781134278406,65.40988246132163,64.3529411764706,26.37011879925431,57.07745675054155,848.6980932248986,72.8930587043125,47.75530603194242
2025-08-05 16:45:00,8.520212892830116,65.4022305453591,64.3529411764706,26.389873937377487,57.107265713321915,842.9562813286877,73.0176693442286,47.90394547935016
2025-08-05 17:00:00,8.570884775116387,65.52334925152482,64.3529411764706,26.41697992688623,56.891482097485806,840.498950956939,72.52200123779271,48.0315291277842
2025-08-05 17:15:00,9.128972597174492,65.50996906606723,64.3529411764706,26.490650391599317,56.818097939796914,844.6050084220007,72.23250284483413,47.773939022757375
2025-08-05 17:30:00,9.456602658293981,65.50625341715848,64.3529411764706,26.509420434504392,56.7663949056419,845.2126585010105,72.04196305651975,48.283976066129455
2025-08-05 17:45:00,9.441693427423997,65.45607354672454,64.3529411764706,26.49282071360005,57.10618721560941,849.7634532216232,72.30348770403498,48.16992776177825
2025-08-05 18:00:00,9.63545426410337,65.44852660170807,64.3529411764706,26.474414714865183,56.925081437140285,852.0902220400217,72.04797826376704,48.34283313136231
2025-08-05 18:15:00,9.461192758541733,65.45018676033044,64.3529411764706,26.447912383478105,57.03307019196599,849.7543422546497,73.23079978633528,47.97799529243699
2025-08-05 18:30:00,9.483186421284401,65.40542962534411,64.3529411764706,26.46924225760866,57.14354814663731,847.8300554485833,72.13741138252865,47.90491770895933
2025-08-05 18:45:00,9.706096576832536,65.45749169002829,64.3529411764706,26.42959863039003,57.14653235692071,841.1977460200145,71.89628254749698,47.77651547561094
2025-08-05 19:00:00,9.677404289625105,65.58089037224617,64.3529411764706,26.46096397535535,56.727694523763745,842.7796030625847,70.84511641191983,48.274498216658195
2025-08-05 19:15:00,9.539525151598474,65.58955626414418,64.3529411764706,26.464945886542708,59.9656431926857,845.3635161728103,71.76768161031565,48.46903816992298
2025-08-05 19:30:00,9.375846540646691,65.62203436163468,64.3529411764706,26.49319332115382,59.94398400729458,849.6775432994939,71.04875355989984,48.58030796781531
2025-08-05 19:45:00,9.288751934318206,65.66665601034157,64.3529411764706,26.491715428389444,60.30883701415957,852.3639856693695,71.54609305775263,48.58648393266169
2025-08-05 20:00:00,9.63634170341854,65.64218347054165,64.3529411764706,26.50212318297449,59.955285462763165,853.520563003233,72.7020945512529,48.498853237098245
2025-08-05 20:15:00,9.764322585373604,65.62407906288894,64.3529411764706,26.50719328041305,60.027135127171206,853.5850289405513,72.09441594105627,48.12483704443949
2025-08-05 20:30:00,9.689257209253782,65.55601105883989,64.3529411764706,26.50505293157807,60.02909622736785,849.4171179887655,71.79007650798718,48.006024932131815
2025-08-05 20:45:00,9.546217144540313,65.50227961462741,64.3529411764706,26.477736452085857,60.49939646317823,853.241505082965,72.1506992508257,48.16686326903343
2025-08-05 21:00:00,9.173739584889677,65.58758559829029,64.3529411764706,26.465411192930752,60.50168625953868,859.2146498375255,71.79457248707118,48.45417669268179
2025-08-05 21:15:00,9.052016018138591,65.5003365105697,64.3529411764706,26.471171344858867,60.618061121613835,857.4609215596888,72.04691850276724,48.5660854100124
2025-08-05 21:30:00,8.964799446828836,65.46462405633893,64.3529411764706,26.47445630211991,60.45642243560668,852.3921627653921,72.06467161963654,48.42754622439939
2025-08-05 21:45:00,9.647077495469231,65.52873445473796,64.3529411764706,26.429212834568585,60.7947330834588,851.7956722969643,70.24108955525503,48.30941123653002
2025-08-05 22:00:00,10.179054832426582,65.60800382976103,64.3529411764706,26.442527845220294,61.114621541077845,840.5496801429199,70.7567772599654,47.8584326039731
2025-08-05 22:15:00,10.508594052601447,65.58608515669896,64.3529411764706,26.37846940877459,61.492230762569136,846.237653107616,72.53832005645718,47.694890232745536
2025-08-05 22:30:00,10.442070678717933,65.65997131174139,64.3529411764706,26.381950353008026,61.232100564266,850.4323204660374,71.89765475290011,47.644635783065134
2025-08-05 22:45:00,10.414790821100702,65.63928466489267,64.3529411764706,26.34935187231355,61.32315054456877,851.4584544325998,71.91377686370932,47.85662242239221
2025-08-05 23:00:00,10.549064880299921,65.64088146960121,64.3529411764706,26.28912483512302,61.393265299035214,852.7279211043767,71.04179685995267,47.77239012164389
2025-08-05 23:15:00,10.855698799601159,65.64278726993949,64.3529411764706,26.283718358126283,61.45364642480861,851.3195474252419,71.68349764991474,48.036445572593465
2025-08-05 23:30:00,11.550513537126397,65.55114485760674,64.3529411764706,26.238515544870804,61.72710836545289,856.0420332971215,71.83398143179186,48.033207604189926
2025-08-05 23:45:00,11.408763973459944,65.51206443392527,64.3529411764706,26.251812347557983,61.64817791919032,854.0875294720598,71.15981853315577,47.982715282173494
2025-08-06 00:00:00,11.483127572822882,65.46987486714059,64.3529411764706,26.209541621288295,61.971012341258934,856.0553298665272,70.20584798362509,48.07100817518642
2025-08-06 00:15:00,11.391570830444785,65.3815701301057,64.3529411764706,26.13788056960452,61.72925807430826,850.2618396027369,71.82802404920879,48.11242586893769
2025-08-06 00:30:00,11.670831423207254,65.3847440115449,64.3529411764706,26.16739305852872,61.633933335664665,848.2081739573302,72.0438971686161,48.339948503334455
2025-08-06 00:45:00,11.72855556583747,65.37366913281102,64.3529411764706,26.192887935621076,61.65897307692875,846.5215990260946,69.95443172350056,48.153970966672205
2025-08-06 01:00:00,11.604016710043439,65.43685343653168,64.3529411764706,26.174649858022256,61.39914337164808,850.1931795602859,70.19835172267607,48.69964611223654
2025-08-06 01:15:00,11.435989148148348,65.56090405925977,64.3529411764706,26.167261074606753,61.313646916852896,847.3007434873344,70.06991731575137,48.58877556269223
2025-08-06 01:30:00,10.996879173637527,65.5978456797945,64.3529411764706,26.18912309976,61.35754316343008,845.9322429484695,70.19585153497734,48.56303106264463
2025-08-06 01:45:00,10.477486160328663,65.5263054483626,64.3529411764706,26.22239174080941,58.129951407880604,840.9594955235457,70.90929164442109,48.066212568492226
2025-08-06 02:00:00,10.229724909937385,65.47820898207401,64.3529411764706,26.22478384182808,57.77140325703834,839.4012219456165,69.87780216661126,47.877637775176964
2025-08-06 02:15:00,10.53375350171252,65.45032254761699,64.3529411764706,26.28045415671019,57.43128098933265,844.3273703890927,71.32454810884089,48.024535687697295
2025-08-06 02:30:00,10.354669777356698,65.35531254132545,64.3529411764706,26.24720991203565,57.384139636604885,848.0161529543126,70.75857387845222,47.916909378479566
2025-08-06 02:45:00,10.295797306826783,65.19630267197782,64.3529411764706,26.196369105097443,56.90480336480082,856.2824256769751,70.24615989495979,47.96398848805813
2025-08-06 03:00:00,10.048875012564807,65.19288004510794,64.3529411764706,26.217591549594182,56.511699589561296,854.4230966665259,70.50035634628829,48.28072213935146
2025-08-06 03:15:00,9.789719202531165,65.08648070967027,64.3529411764706,26.209284999676036,56.3399830091683,852.0226761324418,69.87916210790061,48.43665987195964
2025-08-06 03:30:00,10.08635335587033,65.15487674966583,64.3529411764706,26.147549784485243,56.18688578000224,858.3918609265833,70.47269242175737,48.14054114700597
2025-08-06 03:45:00,10.497513059831068,65.1616417894352,64.3529411764706,26.12604266186168,56.0495675453668,854.6994801065001,71.62929073534049,47.96110690462147
2025-08-06 04:00:00,11.103258028182617,65.1565605834054,64.3529411764706,26.075302259046833,55.886329272731885,856.0391780060622,70.10669750893543,47.986816915940004
2025-08-06 04:15:00,10.95371452933179,65.236842582571,64.3529411764706,26.10551669680566,55.75925659314205,861.0090159231752,70.12621503673147,48.14733892733295
2025-08-06 04:30:00,10.572424191153699,65.19350154743813,64.3529411764706,26.067404110961682,56.00326883002227,863.6634178128667,70.91059589714706,48.11360253381173
2025-08-06 04:45:00,10.480318315344425,65.0981138912631,64.3529411764706,26.06627034806893,56.11782237375332,860.360307270403,70.94563795984894,48.11063691394289
2025-08-06 05:00:00,10.5071794232014,65.10813587657839,64.3529411764706,26.078315695435915,56.02355184180773,859.6169404446317,70.68914840073708,48.09680971089886
2025-08-06 05:15:00,11.150820309962981,65.23979384908242,64.3529411764706,26.029823938033697,55.74080969715829,864.4226245131849,71.25604138382687,48.41389354911208
2025-08-06 05:30:00,11.094335165870943,65.23019898118793,64.3529411764706,26.06518350639996,55.834188277691865,855.8375196909977,70.06668509193872,48.69003103374207
2025-08-06 05:45:00,11.425468575836948,65.22201984052424,64.3529411764706,26.081149838349713,55.90194087989655,851.3026197037093,69.62728362341231,49.008821812455366
2025-08-06 06:00:00,11.216016056463127,65.26177035546935,64.3529411764706,26.103975799758842,56.21739669570807,860.8360039520375,70.45420804384837,48.767057683549346
2025-08-06 06:15:00,11.01184691091152,65.19248519039948,64.3529411764706,26.156530746987407,56.18026279951786,854.8236590253241,71.80705718806387,48.233880625819985
2025-08-06 06:30:00,10.82662532887034,65.23072823620348,64.3529411764706,26.124997143971324,56.41819548196473,856.5308577941256,71.49304146397645,48.372303007157555
2025-08-06 06:45:00,11.078375802619952,65.25488308986719,64.3529411764706,26.127495375169275,56.350827243208315,855.1634580093677,70.51924618573635,48.38006446817709
2025-08-06 07:00:00,10.98934712154833,65.21944255011638,64.3529411764706,26.076384366796578,56.398766114138894,856.6646576809239,70.01115753901398,48.30016338527245
2025-08-06 07:15:00,10.565583096372128,65.36543821900611,64.3529411764706,26.120771200371802,56.45678150172725,852.9032614139428,70.74470447603618,48.71000794549805
2025-08-06 07:30:00,10.131860908094046,65.33798588655249,64.3529411764706,26.09102626541012,56.32242795770183,852.1116756837749,72.17121682077209,49.05837328884213
2025-08-06 07:45:00,9.521122328273037,65.29994201240676,64.3529411764706,26.08171906780358,56.28577197511711,844.835604421487,70.12145794253276,48.68246572784186
2025-08-06 08:00:00,9.02233074460839,65.33047204030339,64.3529411764706,26.120039233204913,59.3086320500335,838.7129143097603,70.53710955183848,48.89428217096115
2025-08-06 08:15:00,9.337698412755516,65.31426900469778,64.3529411764706,26.13047435111965,59.742816541961865,848.7915369569355,71.75465034681191,48.69716192706778
2025-08-06 08:30:00,9.144093087448645,65.26338742464287,64.3529411764706,26.10732593988981,59.518581870597004,852.9009826316678,70.1476066574836,48.52925232001793
2025-08-06 08:45:00,8.699704470570973,65.32058323505747,64.3529411764706,26.103813720187112,59.254721268693565,851.3566273709707,70.66665296110355,48.36883353231089
2025-08-06 09:00:00,8.179015925494268,65.24643791827678,64.3529411764706,26.11944896434423,59.67938416939289,847.3119724366775,70.79827696751934,48.66480504143972
2025-08-06 09:15:00,7.9038274548165335,65.347272232146,64.3529411764706,26.17544117734488,59.89434328150569,851.1820257300609,71.29713083302336,48.852439091785115
2025-08-06 09:30:00,8.022530325137291,65.34288307973706,64.3529411764706,26.232338611901984,59.50456553637117,843.7158852986482,69.61641508797918,48.360569470476854
2025-08-06 09:45:00,8.103598140380875,65.48811744248577,64.3529411764706,26.278317785864118,59.30403334901746,846.7062271637452,71.96548222963735,48.36111257111373
2025-08-06 10:00:00,8.320598686864816,65.58347193510374,64.3529411764706,26.273541551570826,59.614650552214016,846.0911070221883,71.09171252440748,47.918297857153476
2025-08-06 10:15:00,8.267921053778473,65.53555907295674,64.3529411764706,26.288209707034163,59.7474757950838,844.0211614930024,70.21123361300535,47.628791754921984
2025-08-06 10:30:00,8.260194287320795,65.57603331406048,64.3529411764706,26.30722033381489,59.53342769706918,843.4848781170859,70.8244704155889,47.78321235133466
2025-08-06 10:45:00,8.254524411657053,65.535106702238,64.3529411764706,26.2652603070482,59.58788189615471,842.8377316268827,70.82706288827795,48.410205391055804
2025-08-06 11:00:00,8.455135360295973,65.50069337850262,64.3529411764706,26.243002188151454,59.60660360744551,841.4702697906718,71.91207483255259,48.15068654933578
2025-08-06 11:15:00,8.775550287891608,65.52477463576308,64.3529411764706,26.274444270313758,59.808463749420326,836.5159970460239,71.22391596726352,47.899767415877854
2025-08-06 11:30:00,9.254062282373301,65.66631010866799,64.3529411764706,26.333156833837737,59.8179366454903,835.2592999850342,71.39087217558797,47.74049297924519
2025-08-06 11:45:00,9.277156679969877,65.67223275464691,64.3529411764706,26.29286032236275,59.86416641655966,842.250045427144,70.52552057201655,47.81452519722748
2025-08-06 12:00:00,8.730146038262696,65.85032026904987,64.3529411764706,26.31828197629924,59.71760830808578,844.3662645598232,71.65294043952636,47.95188479357509
2025-08-06 12:15:00,8.389589181871294,65.96758652000517,64.3529411764706,26.302613446519523,59.725689726089634,849.4117000702719,71.03925995676346,47.76825938847487
2025-08-06 12:30:00,8.594874151437224,66.0841903277617,64.3529411764706,26.368282904506287,59.92709048767578,851.1290475571307,70.68150080950808,48.10500861557168
2025-08-06 12:45:00,8.669138999088368,66.26049344876287,64.3529411764706,26.34566002179506,59.988739520078006,848.3928998155786,72.0331768583304,48.15788359990907
2025-08-06 13:00:00,8.42291907202414,66.29494965760581,64.3529411764706,26.410463709840105,60.15023228480583,842.8296055426644,71.86712312940097,48.42643749614034
2025-08-06 13:15:00,8.087527786258084,66.2022914595747,64.3529411764706,26.408274822600433,60.18840606604289,834.8646208079012,71.57990459395945,48.88068366163826
2025-08-06 13:30:00,7.766751192215395,66.1363506262584,64.3529411764706,26.40706221109209,60.23032857315534,838.2418094091078,71.31078373309802,49.00703366971972
2025-08-06 13:45:00,7.524497529537003,66.10824719177548,64.3529411764706,26.4408466458506,60.2339259174953,841.4765253724319,71.93016225905211,48.79786644895314
2025-08-06 14:00:00,7.751746569240218,66.12132528071366,64.3529411764706,26.46529800047201,60.27245462065909,842.5756246723608,71.63640317043453,48.58804091480526
2025-08-06 14:15:00,8.000258214259949,66.12808812758047,64.3529411764706,26.50077788279555,57.393695118313445,843.6914100030785,71.69343581389184,47.99082876977065
2025-08-06 14:30:00,7.925596541885218,66.14320093368691,64.3529411764706,26.502193740692217,57.39105431479134,844.752510221116,72.7982942657504,47.70642998970087
2025-08-06 14:45:00,7.688498296511594,66.2563715610918,64.3529411764706,26.47531708479626,57.625618158319874,846.2930102989302,72.14089206466366,47.9325859423699
2025-08-06 15:00:00,7.543258188614237,66.25330554893043,64.3529411764706,26.488851248140453,57.624584426760784,846.551309152721,72.03549401642142,47.70433203408962
2025-08-06 15:15:00,7.429683459888984,66.33255385542516,64.3529411764706,26.503994970930044,57.845684495078295,837.954737333318,72.20240794533208,47.67104561383618
2025-08-06 15:30:00,7.448278287617213,66.32355627070402,64.3529411764706,26.484039602470304,57.96915745371769,840.6143495827387,71.24355662751073,47.66202943778143
2025-08-06 15:45:00,7.81088216068826,66.3333518989562,64.3529411764706,26.434165198010625,57.89394463694901,837.0040350936807,73.01757665874284,47.72661623711731
2025-08-06 16:00:00,7.904962614824183,66.29155479195475,64.3529411764706,26.410699494707305,57.995754727163586,841.8820344342158,71.77159032177815,47.645325399210215
2025-08-06 16:15:00,7.869357838002141,66.19076854264529,64.3529411764706,26.37732647429772,58.226847179702666,844.3058579122561,72.12038863485347,47.618415017309204
2025-08-06 16:30:00,7.771138767061969,66.24741387903514,64.3529411764706,26.404807476245214,58.321114538704244,850.5733091940491,70.72585178791843,47.41834841425196
2025-08-06 16:45:00,7.821255542886803,66.26820655101595,64.3529411764706,26.397598690488344,58.69042375391488,850.2063612390488,71.53634882457361,47.219877903810435
2025-08-06 17:00:00,8.145775402640142,66.32225513238835,64.3529411764706,26.441092365793086,58.476273619904546,851.8450870493924,71.84836623092795,46.58401263417148
2025-08-06 17:15:00,8.7700385073881,66.34831211400804,64.3529411764706,26.44959621412688,58.57184924414543,857.1881750179699,72.99237247994023,46.61408169672232
2025-08-06 17:30:00,9.278415799584632,66.29670657040859,64.3529411764706,26.40818438720631,58.64775514589667,853.6292153803065,71.94802385445723,46.77572258526271
2025-08-06 17:45:00,9.578133740982553,66.36807555535022,64.3529411764706,26.387496468979904,58.66950783392604,843.1883680161177,72.06118943567026,46.598500787469604
2025-08-06 18:00:00,9.41183381320737,66.30637607539295,64.3529411764706,26.423493084740812,59.04299170232556,842.6025328378905,72.25489207373587,46.488543532614464
2025-08-06 18:15:00,9.121590768775942,66.3161810440719,64.3529411764706,26.43415117113858,59.08611556094678,837.2449773026865,70.87789501073055,46.60289395424635
2025-08-06 18:30:00,9.59486014276144,66.22288153879757,64.3529411764706,26.392359833845145,58.926659136094806,837.138575253236,71.76873207913039,46.5514085623563
2025-08-06 18:45:00,10.075851029189772,66.03310389126305,64.3529411764706,26.35419630859392,59.23283178383677,833.2491506854157,70.97517655938402,46.577655492804425
2025-08-06 19:00:00,10.142147738239265,66.03590076387809,64.3529411764706,26.402047932157167,59.102520752616996,831.0239479292625,70.40219700566443,46.79457319435076
2025-08-06 19:15:00,9.695250380712736,65.91282442259154,64.3529411764706,26.396745973243338,59.31725152212957,836.9228669281017,71.27583707679618,46.8384027960071
2025-08-06 19:30:00,9.295007827386614,65.78694975149585,64.3529411764706,26.38550051105602,59.315662483399905,835.8529199758309,71.23116403346582,46.957036486727674
2025-08-06 19:45:00,8.879878343382408,65.77775414163511,64.3529411764706,26.433909320663197,59.44974090318386,838.094760798175,70.72375304537078,47.188659050266395
2025-08-06 20:00:00,8.816827289690563,65.65423945730966,64.3529411764706,26.43679014224776,59.73947105914554,841.3189744334061,72.27547019619962,47.35501449602221
2025-08-06 20:15:00,8.9328516986714,65.84607303803685,64.3529411764706,26.4275949600884,59.81486977597033,843.3944458613735,72.24950752712012,47.68463851408996
2025-08-06 20:30:00,9.474955771494232,65.94150355499822,64.3529411764706,26.382254468145007,59.97106885951452,843.1694219613103,72.06888769714779,47.84464594226896
2025-08-06 20:45:00,9.512500364006419,66.03243036982006,64.3529411764706,26.373192373892287,63.24807980354442,845.2811312163177,72.84480098726976,48.41496885034142
2025-08-06 21:00:00,9.10213188063003,66.0328508373898,64.3529411764706,26.39790675068438,63.02173052162113,838.9065727967754,70.43682711728525,48.51687469333385
2025-08-06 21:15:00,9.092555703307182,65.90906936312243,64.3529411764706,26.312231204755538,62.779448911022705,834.6401354597376,71.45852262232563,48.64224233722393
2025-08-06 21:30:00,9.164448691013956,65.87856273485133,64.3529411764706,26.312976668585584,62.673555296024716,833.0106071145601,71.06894917737239,48.57697430157707
2025-08-06 21:45:00,9.638464148565259,65.81034090412233,64.3529411764706,26.311978165335553,62.783479974144235,832.8667585199051,71.07108350234628,48.29977880132264
2025-08-06 22:00:00,10.239056556160197,65.76930762877804,64.3529411764706,26.320148318514327,62.75098004833482,839.7841477935888,71.62246020148056,48.605755310780616
2025-08-06 22:15:00,9.964430317698701,65.79147060646349,64.3529411764706,26.23849126102194,62.779234027042605,839.6755469845368,71.35216775464951,48.32421672773833
2025-08-06 22:30:00,10.013543986291646,65.8206603656094,64.3529411764706,26.267869211161848,62.532307446823005,831.8511257385895,71.14532625326655,47.80836062135945
2025-08-06 22:45:00,10.25433405273192,65.68645380402526,64.3529411764706,26.276592603570556,62.45963359447301,834.2767220935681,70.98647178857763,47.58472331737635
2025-08-06 23:00:00,10.53541639170739,65.62611534730927,64.3529411764706,26.292356504683813,62.528257374311806,835.0890532290418,70.92627544603553,47.6826199481849
2025-08-06 23:15:00,10.95224907101337,65.63837008471057,64.3529411764706,26.290366984446365,62.37306232608043,830.9169279063061,70.31456909149158,47.17164858296835
2025-08-06 23:30:00,11.360420188926405,65.67116146960531,64.3529411764706,26.308006026711272,62.754403477180084,832.7919703917594,70.61248830602345,47.31987535888977
2025-08-06 23:45:00,11.404383542825995,65.65700504933154,64.3529411764706,26.283717190344884,62.50603915931231,820.2123100110597,70.37221552982996,47.33322911555813
2025-08-07 00:00:00,11.671320674515123,65.39818163676642,64.3529411764706,26.279690865988382,62.556758457942266,818.4277387219546,69.57907454020848,47.34533843914395
2025-08-07 00:15:00,11.480568484010472,65.3455406344224,64.3529411764706,26.366038524747633,62.24651881969717,838.4587605672924,69.56320386981166,47.649365195834264
2025-08-07 00:30:00,11.330969875657127,65.22851816222688,64.3529411764706,26.330662189526645,62.53032413293042,841.840560257494,70.18142585498393,47.95862250749234
2025-08-07 00:45:00,11.707754451991033,65.04667411237193,64.3529411764706,26.290506201457518,62.150428936770496,838.9888483246009,70.00813595896575,48.033474004709745
2025-08-07 01:00:00,11.58601970636752,65.02807824757049,64.3529411764706,26.241393977285657,62.155896143036784,830.7917261056566,70.97652534070501,48.25957072920514
2025-08-07 01:15:00,11.589027460127438,64.96796351337215,64.3529411764706,26.25334465773386,62.19829130390547,831.5560996643723,70.84861680024352,48.08974113264349
2025-08-07 01:30:00,11.236780084542346,64.94477665319758,64.3529411764706,26.23668307251771,61.81883349363854,827.3417552300514,70.80889608202624,48.05309812079358
2025-08-07 01:45:00,10.759899773053219,64.9997096875882,64.3529411764706,26.198405590871882,61.5621156188045,827.080642975346,70.21392130578553,48.19297822965473
2025-08-07 02:00:00,11.08359546412024,64.96037126244379,64.3529411764706,26.14170502395207,61.64842834999784,818.2370063279209,70.6646758865107,48.001411520042936
2025-08-07 02:15:00,11.011032776117379,65.04327242908263,64.3529411764706,26.15519941238568,61.509431766680855,824.3636437403584,70.38658895439242,47.81423613152239
2025-08-07 02:30:00,11.070044753877053,64.94718849429508,64.3529411764706,26.191544729339483,61.325020841590145,818.7381745155234,69.53822557228625,47.80155807028945
2025-08-07 02:45:00,10.520748178827201,64.88562374232328,64.3529411764706,26.198014892985558,61.25539424443525,822.7155002507296,70.68452219666835,47.6399994716018
2025-08-07 03:00:00,10.080730918920187,64.79143361419158,64.3529411764706,26.191665392239923,58.17811916189153,824.8792881647664,70.07073364924527,47.33742538530546
2025-08-07 03:15:00,9.868861509349808,64.80006046651344,64.3529411764706,26.239532413013826,58.081841997595674,828.9478850120221,70.37541437928216,47.232597404082235
2025-08-07 03:30:00,9.948048175358553,64.74223635421428,64.3529411764706,26.205346244755127,57.88548017889858,831.4281324137797,70.16947168113175,47.43174542769047
2025-08-07 03:45:00,10.380855301545775,64.74372651276612,64.3529411764706,26.19734360224711,57.81625500456257,827.5302362873983,69.3507027837374,47.043830580748455
2025-08-07 04:00:00,10.507800978851735,64.80749621347218,64.3529411764706,26.153372881773464,58.058199316809684,825.6459286617289,69.61311492744306,47.531976301998775
2025-08-07 04:15:00,10.663397895578894,64.79818717817925,64.3529411764706,26.186093852752624,58.07143546329814,823.4052853026401,69.03105288641122,47.66992747370481
2025-08-07 04:30:00,10.29628436922305,64.80643291728582,64.3529411764706,26.20509297052121,57.87115307652058,823.6017725025199,70.2147059411387,47.48941306907334
2025-08-07 04:45:00,10.297001632776368,64.89409655226112,64.3529411764706,26.20549109351563,58.09241939770585,817.9315896843475,69.07580008562581,47.804527972179834
2025-08-07 05:00:00,10.584170349314766,64.90829310370978,64.3529411764706,26.1718404821982,57.97008400407116,822.4240770629099,69.159965362154,47.96894797739633
2025-08-07 05:15:00,10.906930041542715,64.94206767402775,64.3529411764706,26.19309034701956,58.060929911093176,825.951190928577,71.52554001351847,48.278909909911334
2025-08-07 05:30:00,11.264036798215528,64.84631855665005,64.3529411764706,26.203998901346402,57.59452946903511,819.5815219647108,70.15918018577784,48.16979814896161
2025-08-07 05:45:00,11.118462096234717,64.74410216133097,64.3529411764706,26.182215532217022,57.482715732033604,817.3650586300905,71.63995735922849,47.94965965798339
2025-08-07 06:00:00,11.034645430627771,64.87420516449889,64.3529411764706,26.17739945979716,57.232841945927255,821.1844066423369,69.40383480689489,48.02916555182528
2025-08-07 06:15:00,10.878819453396032,64.87521823672913,64.3529411764706,26.142473033312584,57.09882257363268,818.4798423676533,70.12149128674422,48.38308418282357
2025-08-07 06:30:00,10.728653284558545,64.86857474277238,64.3529411764706,26.14375078718376,57.07520018817074,820.332246616018,69.97682296691622,48.52457231494761
2025-08-07 06:45:00,10.942738522454933,64.73059666331464,64.3529411764706,26.16100937349652,57.079383833436175,820.0041152290053,70.49856753404325,48.44857910997798
2025-08-07 07:00:00,10.901712613467799,64.8127072577394,64.3529411764706,26.101411093495624,56.92329007004459,820.9536732690443,70.46868360624472,48.47611011235317
2025-08-07 07:15:00,10.713951340634756,64.77187091703995,64.3529411764706,26.062616929903832,56.98226763762445,821.2885806012221,69.81096395360268,48.4771799188488
2025-08-07 07:30:00,9.986522220286712,64.76818350941329,64.3529411764706,26.100257915226685,57.12426191337823,817.2860432225714,70.44016237119668,48.706838134016216
2025-08-07 07:45:00,9.501575544171084,64.71372289834173,64.3529411764706,26.108421637768828,56.84131311042133,821.2532763452309,70.76249367387237,48.75061668923637
2025-08-07 08:00:00,9.222668345447342,64.70192220893132,64.3529411764706,26.114230071828654,56.69592019425224,823.1472641029928,70.18071671247712,48.593180097292525
2025-08-07 08:15:00,9.237992869098926,64.80267699711936,64.3529411764706,26.19147130234577,56.86013798788606,821.61738807202,70.6782822680656,48.314666327389546
2025-08-07 08:30:00,9.250049601340226,64.75761159100085,64.3529411764706,26.192097556241446,56.88315815703666,832.5656983462708,69.69809992422142,48.06665004000022
2025-08-07 08:45:00,8.93124181209186,64.74820408304387,64.3529411764706,26.225523090894658,56.77480596463697,821.4243232681338,71.27668514267081,48.222818080599595
2025-08-07 09:00:00,8.832322675388088,64.68081038289124,64.3529411764706,26.20400068880356,56.92957216662866,821.8266565840667,71.86364827140055,48.152391671217224
2025-08-07 09:15:00,8.780660789062562,64.66407930384844,64.3529411764706,26.19735092346852,59.993590860635585,815.408105175941,70.65716220180622,48.48064445901834
2025-08-07 09:30:00,8.484292479453725,64.64973238815314,64.3529411764706,26.176263051939117,59.94838419222462,816.5715764663446,71.81712289383961,48.39127098314439
2025-08-07 09:45:00,8.732837581240602,64.5851151463105,64.3529411764706,26.187037695897963,59.80501525150958,818.0567517626617,71.31132487763192,48.25411619040783
2025-08-07 10:00:00,8.65791871508766,64.5254628502834,64.3529411764706,26.240798789912446,59.82867434087097,808.4226813480195,70.0283463217508,48.290343675528895
2025-08-07 10:15:00,8.803312915848613,64.59220198726253,64.3529411764706,26.25179638649138,59.8969626949536,805.1921655697511,71.73001978223037,48.19055255463485
2025-08-07 10:30:00,8.699886864808665,64.71097936136714,64.3529411764706,26.252810664401533,59.719218709357236,810.1817739939629,71.23729200549921,48.550784606955325
2025-08-07 10:45:00,8.615200750593736,64.8093212162635,64.3529411764706,26.174985341494246,59.742301281406505,806.6614540602403,72.38622482370731,48.441840611731536
2025-08-07 11:00:00,8.784405130009759,64.90436180739925,64.3529411764706,26.215739207194364,59.4763041814614,799.6159511688385,71.27950787309707,48.43168204555333
2025-08-07 11:15:00,8.84736134112193,64.99909872875192,64.3529411764706,26.19289678386847,59.644253675704704,793.1132365278983,71.4742931146698,48.353794717716994
2025-08-07 11:30:00,9.038078461864247,65.04424557666424,64.3529411764706,26.180360445763377,60.117295355230496,788.8893275981488,72.01318865246508,48.430984625849185
2025-08-07 11:45:00,9.063101120713972,65.13303598438658,64.3529411764706,26.226774264941977,60.56661811281085,789.6605443329153,71.8420240726398,48.260218808843725
2025-08-07 12:00:00,8.900175564152258,65.07819563170892,64.3529411764706,26.23790872784819,60.172121493710996,800.3522936698644,72.31787724638201,48.13369649464807
2025-08-07 12:15:00,8.843887788387764,65.14721737300059,64.3529411764706,26.224887011003602,60.37376970623532,800.0038550803604,71.31138000415187,48.13382818501081
2025-08-07 12:30:00,8.654849075928228,65.11281544130651,64.3529411764706,26.21799378747665,60.56137615291691,803.2423072635748,71.38822402111111,48.027647911584985
2025-08-07 12:45:00,8.641082807642782,65.09578432042395,64.3529411764706,26.164274949550553,60.36864184661496,801.8741066210303,72.11483675955554,48.01848556921513
2025-08-07 13:00:00,8.626556779280287,64.92803770404781,64.3529411764706,26.18771903692984,60.34921497836987,808.7261779587135,71.0473755368105,47.79614945317942
2025-08-07 13:15:00,8.262470534392339,64.98240143479053,64.3529411764706,26.19218979616405,60.30434376702243,810.3430108787776,72.22877945589573,47.7908956068183
2025-08-07 13:30:00,7.683447330271549,64.9322912694491,64.3529411764706,26.18788620326661,60.37882770764269,808.1201500166767,71.67352025022109,47.99559595690301
2025-08-07 13:45:00,7.576850133770125,64.92430650862752,64.3529411764706,26.139581734398774,60.61949954157265,810.9967825123989,72.42330754331628,48.01097130469275
2025-08-07 14:00:00,7.566016197155465,64.93320471684946,64.3529411764706,26.13573529328582,60.53773734896075,808.4347223561308,73.21401625321094,48.36431362411569
2025-08-07 14:15:00,7.7356013174139795,65.02585200608443,64.3529411764706,26.130109553767465,60.49893629113936,809.5338024137495,71.9181956114547,48.59547922582079
2025-08-07 14:30:00,7.606810359864414,64.86252495541733,64.3529411764706,26.113341561929342,60.25131382812743,802.8593007222075,73.33769357148881,48.699297552342784
2025-08-07 14:45:00,7.275266235388346,64.81641573351948,64.3529411764706,26.105564185865607,60.42152120154316,806.356411026789,73.37380683530152,48.975206743047245
2025-08-07 15:00:00,7.158039246573694,64.84199128135266,64.3529411764706,26.11634839034026,60.40387786139503,804.7364600960866,73.26318748932627,48.72092530721097
2025-08-07 15:15:00,7.247250407733894,64.87445255336497,64.3529411764706,26.14022085699097,60.401665751910144,807.8888769992409,73.76435000361755,48.554420860350696
2025-08-07 15:30:00,7.3531808653413115,64.87006488931034,64.3529411764706,26.13401015932995,60.68426233787681,813.3132137244596,72.35786288715984,48.41556075231757
2025-08-07 15:45:00,7.619791504835521,64.94271389231194,64.3529411764706,26.128748902995596,57.85116210706789,808.6733537872093,71.83415061474358,47.67653532674775
2025-08-07 16:00:00,8.09781724776991,65.01552863424828,64.3529411764706,26.138255947631656,57.683473018237486,809.2060874381864,70.47222493557297,47.55181301400089
2025-08-07 16:15:00,8.263919827202354,64.98292273982076,64.3529411764706,26.109826676808172,57.83326120964054,810.6370972146339,71.86028161521774,47.858891898182236
2025-08-07 16:30:00,8.132609809236207,65.0624701160644,64.3529411764706,26.083912032956963,57.83291909779877,810.6971598185129,72.43600125256172,47.735308875597966
2025-08-07 16:45:00,8.002904787417306,65.00946343019672,64.3529411764706,26.022985004351366,58.01162925014189,808.5139916249398,71.55426019229799,47.73671154070513
2025-08-07 17:00:00,8.296228099156705,65.03720935491536,64.3529411764706,26.021186367693637,57.84294095686022,803.4967204334122,69.96730308007879,47.52660632439038
2025-08-07 17:15:00,8.991723728976373,65.08330940293376,64.3529411764706,26.008247643642086,57.75048526206309,805.3792121706257,71.81141503920462,47.62616168012521
2025-08-07 17:30:00,9.544935046713574,65.08155040408397,64.3529411764706,25.978873405854404,57.98249064398922,803.4621381722483,70.58707891544795,47.76471191235029
2025-08-07 17:45:00,9.499796800985951,65.12067763434047,64.3529411764706,25.963272161922713,57.95897379819167,803.5301324149242,71.22523090517416,47.78173820949936
2025-08-07 18:00:00,9.471841975980963,65.11299025809902,64.3529411764706,25.955970481567775,57.83253183508075,804.2902246103247,71.33821615492121,47.79135721880028
2025-08-07 18:15:00,9.156942767569737,65.20115236672812,64.3529411764706,25.91545439256371,57.733986671955456,801.5454303649838,70.98252881697843,47.72398438187853
2025-08-07 18:30:00,9.310278652063666,65.29898701990858,64.3529411764706,25.929557093793182,57.473625170948985,803.7472617923987,70.93391251453362,47.245041515960615
2025-08-07 18:45:00,9.664611412470007,65.38732544915663,64.3529411764706,25.986372165700477,57.859109116498416,805.4161780315479,70.76148791781911,47.38649661367515
2025-08-07 19:00:00,9.884266669063377,65.21286525851338,64.3529411764706,26.04359397721415,58.1325035580262,810.3131331890742,70.98406412254013,47.44245361265423
2025-08-07 19:15:00,9.653729851389219,65.0991949475022,64.3529411764706,26.008558474497242,58.355345585064455,804.2137554704618,70.77816346518085,47.6547255276135
2025-08-07 19:30:00,9.300596445074175,65.11376909740305,64.3529411764706,25.99008031404606,58.317569041659155,811.1206639509473,70.65417581842362,47.988309683463285
2025-08-07 19:45:00,9.08422968544581,64.91939584403454,64.3529411764706,26.036008143636153,58.4692921857053,805.4918651561202,70.68289232924866,48.097453695214554
2025-08-07 20:00:00,9.138496092751959,64.92301280218167,64.3529411764706,26.037558662512648,57.5608787630811,805.9075957655409,72.47484310085535,47.458768391617284
2025-08-07 20:15:00,9.194713910560331,64.85173452295544,64.3529411764706,26.043566413690357,57.47989493063477,807.840048745028,71.47512656123959,47.58105169882421
2025-08-07 20:30:00,9.327405088696853,64.86477122717878,64.3529411764706,26.0736939329768,57.32307724692811,803.7936380555088,71.51884821622775,47.89861070588681
2025-08-07 20:45:00,8.920126297475676,64.90475818578815,64.3529411764706,26.10348813926783,57.236628113602926,802.2971237822669,69.61024092000162,47.68677989924949
2025-08-07 21:00:00,8.587124282885183,64.91182509157746,64.3529411764706,26.056853940872234,57.19909537359674,805.4746743140274,71.60885007911214,47.718609047094354
2025-08-07 21:15:00,8.502676079814973,64.82860651103766,64.3529411764706,26.039649062662736,57.03715977863933,795.4999168924072,70.49181111016736,47.63951736054898
2025-08-07 21:30:00,8.980724605461322,64.82336640544582,64.3529411764706,26.00211081562084,56.95582562497121,794.1003754948639,70.35280304971617,47.85617124966047
2025-08-07 21:45:00,9.507927048193052,64.77485530483582,64.3529411764706,25.971403730765086,56.85299492243375,790.8008171792901,70.68230619752948,47.7505265892366
2025-08-07 22:00:00,10.144790453672194,64.80210540255419,64.3529411764706,25.974671601397088,59.91620561259092,793.8390930959241,70.85351781595737,48.74454786014717
2025-08-07 22:15:00,10.146811006170536,64.70812360744279,64.3529411764706,26.022819443457838,60.052213029581495,789.8320729593725,72.42794225552511,48.60261318628718
2025-08-07 22:30:00,10.279283100645863,64.67702080686396,64.3529411764706,25.970706458295496,60.21947656013192,793.5680790107851,70.0015475826019,48.38989932778784
2025-08-07 22:45:00,10.316459201915313,64.73375509875403,64.3529411764706,25.93540035148839,60.32339820156772,791.6385956902792,70.32495597422269,48.48605167786631
2025-08-07 23:00:00,10.998763194563661,64.68401737320907,64.3529411764706,25.927533568308892,60.27214745903844,792.3541943828785,70.39924378166955,48.382932777873215
2025-08-07 23:15:00,11.501237178442885,64.62800169529025,64.3529411764706,25.911778476077238,60.18116867634643,795.0371957590696,70.40978849696432,48.287613435863314
2025-08-07 23:30:00,11.68470072754258,64.58247992190539,64.3529411764706,25.93168941117029,60.372221727817134,790.3662564103388,70.5521033552649,48.17942557628718
2025-08-07 23:45:00,11.654454615055466,64.66882319953346,64.3529411764706,25.95106312580571,60.294024946280125,791.2532653804561,70.4796813216869,47.98957680476456
2025-08-08 00:00:00,11.634351918569948,64.61507489157927,64.3529411764706,25.92198873682771,60.24313645290962,796.5741612421563,69.7840877027089,48.09863907505612
2025-08-08 00:15:00,11.895890272305541,64.64449822178184,64.3529411764706,25.875069978255013,60.21376427443702,791.6763125313083,69.47873876623818,47.95219988727922
2025-08-08 00:30:00,11.619475895044394,64.61988056313285,64.3529411764706,25.829666649722178,60.69071982157732,792.1255749495522,70.58165862210642,48.101785978544754
2025-08-08 00:45:00,11.741424148698185,64.67228473808476,64.3529411764706,25.794028775406527,60.73487642536114,793.7282415177166,69.18960664075517,47.94919156130837
2025-08-08 01:00:00,11.98988072853217,64.84033658096519,64.3529411764706,25.706649535251668,60.71919699097439,794.2323844668265,69.92833508838618,47.92767488998979
2025-08-08 01:15:00,11.67285776712106,64.81050998425965,64.3529411764706,25.693440210632037,60.67938509679198,800.7333009777703,70.39762244060704,47.837410882921716
2025-08-08 01:30:00,11.33643663341604,64.75591888785988,64.3529411764706,25.710672950447776,60.53629077558918,800.755947667462,70.9310769495989,47.67932497216456
2025-08-08 01:45:00,10.94450278104709,64.69464673013128,64.3529411764706,25.685101944358987,60.802378961600375,800.928428967876,70.57357599255799,47.91740518968338
2025-08-08 02:00:00,10.866482557774535,64.70556833603732,64.3529411764706,25.71460864670908,60.58015003610606,795.4020277654956,70.192912786917,47.931475362434014
2025-08-08 02:15:00,10.99224615921583,64.57322352257209,64.3529411764706,25.694379361345362,60.77226836465481,791.8662902292352,70.49020039907496,47.77393576729205
2025-08-08 02:30:00,10.940928859522511,64.55300469381689,64.3529411764706,25.700693244363467,60.88576213494876,792.6515697846559,69.76553333542319,48.454787743623974
2025-08-08 02:45:00,10.814559943279852,64.47009398940614,64.3529411764706,25.675998780449877,60.574446605515504,785.6555047751464,69.32895016380239,48.141741551769556
2025-08-08 03:00:00,10.424692066543342,64.40599155655761,64.3529411764706,25.676123030192233,60.31553711477729,794.5835708764197,70.39700793340232,47.98474787218985
2025-08-08 03:15:00,9.992562814440202,64.41961969570843,64.3529411764706,25.66247410982828,60.53833695610645,791.3247075993088,70.57291502226215,48.278579477019804
2025-08-08 03:30:00,9.786666115834993,64.28962044939595,64.3529411764706,25.634208584486462,60.569489890877065,794.1634345955911,69.64383482100772,48.4279694508941
2025-08-08 03:45:00,10.379819264772491,64.29206189016477,64.3529411764706,25.673312144319354,60.53249116912318,793.0151074295258,69.15368714259836,48.5218548170756
2025-08-08 04:00:00,10.468667208301595,64.24321879778006,64.3529411764706,25.717037292746546,60.71292814361575,788.7126345084096,70.15067765792486,48.580687566218
2025-08-08 04:15:00,10.599647410919202,64.23020813154987,64.3529411764706,25.723801762844104,57.60920611195709,790.2198337484434,69.20225795576935,48.277399462129004
2025-08-08 04:30:00,10.44354308448662,64.11660419154369,64.3529411764706,25.767057566528642,57.572027885466596,792.9302206955526,70.36202381887253,48.66086216641094
2025-08-08 04:45:00,10.66812434799692,63.96529380601807,64.3529411764706,25.815703402041382,57.34402245954598,791.7397218451862,70.57038578056256,48.6512664317173
2025-08-08 05:00:00,10.560713000603984,63.88260204293463,64.3529411764706,25.79211065743613,57.20918969850702,798.3249710173768,69.29789734991641,48.813547349847155
2025-08-08 05:15:00,11.150551188395205,63.86237872036004,64.3529411764706,25.83942721523142,57.304578687841904,792.5610255671448,70.34064831898053,48.7815033497935
2025-08-08 05:30:00,11.680002814293102,63.897933836738154,64.3529411764706,25.86386331324499,57.5148114086767,789.9556409317087,69.7778950721869,48.5511336682912
2025-08-08 05:45:00,11.576424032954142,63.80660871183938,64.3529411764706,25.94142534407239,57.61083910942232,792.1910723011268,70.4918245629907,48.55952295319077
2025-08-08 06:00:00,11.10337297396515,63.72433488840683,64.3529411764706,25.97778097448335,57.338718541099034,795.219965453176,69.9963521362446,48.53009748697534
2025-08-08 06:15:00,10.887033642025099,63.81305635041389,64.3529411764706,25.918468130152938,57.35723836516325,796.8616423170404,68.96785440038393,48.713167366711275
2025-08-08 06:30:00,10.776552642088236,63.837618266670745,64.3529411764706,25.92323354142356,57.37647902185852,795.1803226724472,69.24194387810697,48.69462803476593
2025-08-08 06:45:00,10.936805125360303,63.90548871216757,64.3529411764706,25.97983609240549,57.29461205872266,800.4971239774169,69.92059973649664,49.03544367662348
2025-08-08 07:00:00,11.148379341601627,63.87785879710019,64.3529411764706,25.98101030618388,57.31793382284298,801.8861161218371,69.99088270424431,48.86978741655565
2025-08-08 07:15:00,10.955807819311762,63.83674862575387,64.3529411764706,25.939429928413293,57.09147748543098,798.4632194025517,70.67590089114033,48.8917452220494
2025-08-08 07:30:00,10.355901995943194,63.99283853838048,64.3529411764706,25.95045529333707,57.1829762261947,797.5380725701066,69.45032320985692,48.70921891254058
2025-08-08 07:45:00,10.1084893749312,64.07595074992344,64.3529411764706,26.015854027697326,57.237987331492974,790.8748253500214,70.17257201196568,48.556432692513596
2025-08-08 08:00:00,9.716991424534356,64.03340452443926,64.3529411764706,25.98522906603226,57.097396976615315,787.8130027810638,70.77912586193,48.576198917700985
2025-08-08 08:15:00,9.471032314355252,64.04884486948505,64.3529411764706,25.99344340738536,57.411378868524736,789.9278795380409,71.62487344587387,48.83900350015389
2025-08-08 08:30:00,9.589385112438617,64.11948788139252,64.3529411764706,26.014412522126623,56.91836195223296,796.6210713931719,69.70345430234316,48.879573079118856
2025-08-08 08:45:00,9.329912457434245,64.09867424331358,64.3529411764706,26.01684712480486,56.908127212639656,789.0261687443351,71.0324157249147,48.83522097558596
2025-08-08 09:00:00,8.572733050901112,64.08202755015975,64.3529411764706,26.05009614712314,56.93505324361853,792.5157742232752,70.14854476178343,48.51554048071232
2025-08-08 09:15:00,8.349349374116269,64.15824561168144,64.3529411764706,26.09628827257287,56.727093720780566,785.9627730546201,71.11673079146655,48.3659980241773
2025-08-08 09:30:00,8.038033490429608,64.08139726234107,64.3529411764706,26.097452661064985,57.09031298813118,788.043243564565,70.05818966771353,48.14312277857471
2025-08-08 09:45:00,8.52433992930403,64.25371269667066,64.3529411764706,26.136841175021168,56.80208087649927,789.9510943511615,71.379108869159,48.09102531650561
2025-08-08 10:00:00,8.675153546596906,64.23880357304853,64.3529411764706,26.141070213674528,57.22241484045414,789.1311855466563,70.18531506211617,48.21733927883631
2025-08-08 10:15:00,8.429353801980877,64.19614964033379,64.3529411764706,26.100629377735892,57.31577115293207,797.62319544488,69.387254255092,47.973600362977436
2025-08-08 10:30:00,8.319240796466,64.31012133594996,64.3529411764706,26.16699230784557,57.49550618526603,792.2842090075923,69.19518723294152,47.67151251149293
2025-08-08 10:45:00,8.500938891599924,64.3103026576582,64.3529411764706,26.122182752214993,60.65144955395943,793.9474057306982,70.72207033517178,48.22140606052319
2025-08-08 11:00:00,8.794974928310307,64.4618287904629,64.3529411764706,26.134188399209865,60.85242669718955,783.0261042836478,70.73793527732451,48.22397966909774
2025-08-08 11:15:00,9.01963298790014,64.52608355817051,64.3529411764706,26.159150684741917,60.87845728714878,788.7202763650555,69.67568539979126,48.15126509250533
2025-08-08 11:30:00,9.464688347981944,64.60073718332917,64.3529411764706,26.194859884999552,60.680287424260435,783.4992505047642,70.73564057598931,47.79425657426548
2025-08-08 11:45:00,9.340958609221714,64.69020774009562,64.3529411764706,26.21363099858349,60.46787761106591,788.3650851549037,71.2219104978384,47.808979949708274
2025-08-08 12:00:00,9.111176785018916,64.56743838367521,64.3529411764706,26.23488431205867,60.58229581380489,792.3761794900564,71.47779365723193,48.09136932833172
2025-08-08 12:15:00,8.704090196519337,64.6953116056649,64.3529411764706,26.20567227452202,60.642989671693286,792.885832457818,70.32755624833092,48.09882948048129
2025-08-08 12:30:00,9.267609836028901,64.72985800495401,64.3529411764706,26.173751400653348,60.932182596248936,784.2771988613512,70.89691290531049,48.25401400524589
2025-08-08 12:45:00,9.365300795717648,64.6990562166156,64.3529411764706,26.263715496678838,60.602012839190415,788.6757485662142,71.10661138270773,48.12612183906873
2025-08-08 13:00:00,9.370416019438482,64.67772701832003,64.3529411764706,26.308507715843987,60.660536257910216,786.0343766141497,70.43644229500954,48.082520899284184
2025-08-08 13:15:00,8.73553969752564,64.81166468874832,64.3529411764706,26.31651398866231,60.836171579374685,786.2598431143144,70.26919042671857,48.338593049397154
2025-08-08 13:30:00,8.194003965598707,64.73072306470849,64.3529411764706,26.335024622832808,60.781904524821904,784.2601202420341,70.29046652316578,48.274154538514324
2025-08-08 13:45:00,7.826228651439785,64.75299294025895,64.3529411764706,26.324521926228666,60.80170256422848,789.9740694331745,72.16010054791786,48.420449341722566
2025-08-08 14:00:00,7.697853108377178,64.83203960501372,64.3529411764706,26.28808054083228,60.85486871939392,794.1082529727533,70.52348068824588,48.34593375861983
2025-08-08 14:15:00,7.722205044558981,64.73986682888682,64.3529411764706,26.31347116200605,60.800893718770986,789.1155187277169,71.24980325451997,48.482778099429034
2025-08-08 14:30:00,7.727293033835545,64.67310300877143,64.3529411764706,26.348086441919616,61.120702560875095,791.5832855696201,72.90726610977252,48.29355768894351
2025-08-08 14:45:00,7.562015094436956,64.72721389648308,64.3529411764706,26.30756930722595,61.25429620477105,789.3935965084365,71.26409562044695,48.6035053715513
2025-08-08 15:00:00,7.417305137664054,64.73037910377369,64.3529411764706,26.32638001209964,61.52260269995695,794.0423301749522,72.42906760590385,48.76250737549191
2025-08-08 15:15:00,7.086246644130495,64.69744450241639,64.3529411764706,26.342911491830417,61.509704610088754,801.544857538326,71.84221914780818,48.62792453703103
2025-08-08 15:30:00,7.324895547709629,64.55130560161066,64.3529411764706,26.401866997390634,61.59716831179404,795.6202613493509,71.19297380540218,48.81308160459189
2025-08-08 15:45:00,7.631351879527506,64.70932876028944,64.3529411764706,26.40667238227942,61.46960077006694,799.0504808878786,70.85275722911342,48.563925822639035
2025-08-08 16:00:00,7.959185039301065,64.71067407691598,64.3529411764706,26.361963172319946,61.25348102657379,799.4005785258282,72.0066124478902,48.26012926528184
2025-08-08 16:15:00,8.245425690856795,64.62580015681372,64.3529411764706,26.381566343156216,60.95936607462061,792.2863818182926,71.759426328755,48.881855139181205
2025-08-08 16:30:00,8.469716415508048,64.58881926290773,64.3529411764706,26.430206518200617,60.92107523055015,791.8068095137771,72.83374362811787,48.98455611699181
2025-08-08 16:45:00,8.330912292664118,64.61097944374345,64.3529411764706,26.513459189963516,60.831656105607564,795.4177085197219,71.60633883791175,48.85844562003152
2025-08-08 17:00:00,8.74882466829816,64.58511911983575,64.3529411764706,26.493869896957154,57.90475795714567,794.7924658540858,72.0297447312111,48.50682917438065
2025-08-08 17:15:00,9.169438946527961,64.50979293497271,64.3529411764706,26.541833789299126,58.106196772387406,793.0120517683112,70.58617780590684,48.20872170184096
2025-08-08 17:30:00,9.875228055656057,64.51534042856554,64.3529411764706,26.60653463025778,58.04770929264532,796.1178176860981,71.55237838570125,48.41887052064824
2025-08-08 17:45:00,9.745848056204903,64.64236339165944,64.3529411764706,26.653159184124252,58.33867026557601,797.2692422940963,70.78861001363401,48.60740880605893
2025-08-08 18:00:00,9.930025341632339,64.71601548576898,64.3529411764706,26.66571283174192,58.45175483605839,793.7853250859077,73.02422715242558,48.75226697117904
2025-08-08 18:15:00,9.926606580856744,64.81244455110726,64.3529411764706,26.63841142193516,58.59876693715849,797.8970988602439,71.86304767146633,48.570362750832885
2025-08-08 18:30:00,9.91963854112858,64.82256388548704,64.3529411764706,26.577771831248427,58.42263551662569,804.2148813159605,70.5560791496479,48.48986981090124
2025-08-08 18:45:00,9.877904678643475,64.83557314881182,64.3529411764706,26.60026744987228,58.3062637436582,802.3334081972945,71.84230069516995,48.63300506456818
2025-08-08 19:00:00,10.0608350412725,64.77319652897287,64.3529411764706,26.564390966038836,58.51034630855316,799.9031092414542,70.72071408604351,48.54702217374762
2025-08-08 19:15:00,9.882016850139612,64.78529823226071,64.3529411764706,26.550029166475365,58.627499608555205,793.4517381414902,71.37770323799441,48.4431151722198
2025-08-08 19:30:00,9.608601964499446,64.80878776344079,64.3529411764706,26.532701564399066,58.321420788301,793.5170921396084,71.10099765488977,48.6241447906903
2025-08-08 19:45:00,9.59474941157669,64.7645950209894,64.3529411764706,26.474719745782362,58.25447040839884,790.6414257682034,71.6527691181911,48.466662641371684
2025-08-08 20:00:00,9.589051345706403,64.87485237912666,64.3529411764706,26.51785893568099,58.54117457330739,788.0200439395842,70.5920734805713,48.32876577062045
2025-08-08 20:15:00,9.651801261315896,64.84850979438359,64.3529411764706,26.519798562231685,58.205748438754576,779.3688758516487,71.11343966097577,48.464906305509565
2025-08-08 20:30:00,9.772652434002921,64.70706061506804,64.3529411764706,26.577582008676522,58.21360452970529,785.3212666083326,71.44104111195013,48.6581109582636
2025-08-08 20:45:00,9.403044570511168,64.68481607740371,64.3529411764706,26.561149267092777,58.22785970790506,785.8833623312516,70.69770346085267,48.98214182539879
2025-08-08 21:00:00,9.265953657769286,63.51206785899812,64.3529411764706,27.086985106148898,58.20742666172048,821.908046807233,70.79170231755998,48.81524960790442
2025-08-08 21:15:00,8.933977132788987,63.419723151194134,64.3529411764706,27.075194588620587,58.28835224778946,825.9123440672255,71.6189062325867,49.0990601188404
2025-08-08 21:30:00,9.28196752835316,63.5668387180383,64.3529411764706,27.1251400068062,58.00510143762082,823.9070672526358,70.00980808229194,49.527212930733704
2025-08-08 21:45:00,9.83535247631096,63.500515342300396,64.3529411764706,27.04568836114615,57.89694969317301,830.674947875012,70.18319549391458,49.303220794443526
2025-08-08 22:00:00,10.256850344501839,63.47682023254294,64.3529411764706,26.992998561361098,57.89435098207462,825.1085028711292,70.48521112512493,49.590409348426405
2025-08-08 22:15:00,10.501417121340365,63.52017336220617,64.3529411764706,26.963941869567286,57.9831186826097,819.6913315907882,68.99867621914181,49.88581044388745
2025-08-08 22:30:00,10.26468821959571,63.492859162430165,64.3529411764706,26.929243566256865,57.820294263881785,817.0476675502399,69.92499274176261,49.6660598329483
2025-08-08 22:45:00,10.213996125059984,63.482858614024295,64.3529411764706,26.953281250944972,58.11349532956274,820.4731449568782,70.61709567442006,49.75200382945493
2025-08-08 23:00:00,10.293027913337038,63.51258125050226,64.3529411764706,26.941526960679393,57.86794115080811,821.9603156042617,71.02190741383129,49.550174239919706
2025-08-08 23:15:00,10.549579706525204,63.41135310583236,64.3529411764706,26.92299439496458,60.778152669070394,824.6784491267903,71.07326937234491,49.780629819597394
2025-08-08 23:30:00,11.223038164548216,63.267400610000074,64.3529411764706,26.95252424145456,60.64454684234754,834.0229480680889,69.97754771260098,49.713146018684135
2025-08-08 23:45:00,11.358345597654715,63.13882403670105,64.3529411764706,26.95888221425021,60.525571809534405,837.6855680783111,71.19301290204727,49.69773718886098
2025-08-09 00:00:00,11.339607897155457,63.11580569208012,64.3529411764706,26.91073829714382,60.38743419461545,842.5127663427363,69.92153889638328,49.83121429722605
2025-08-09 00:15:00,11.424785097660475,63.14898137578676,64.3529411764706,26.902846512782148,60.253149232877625,841.0597296631918,71.5272092369177,49.894686715793334
2025-08-09 00:30:00,11.629819968667665,62.91971580147454,64.3529411764706,26.934846065689,60.151606182497154,841.9607457466021,71.98439669524363,49.843757253222364
2025-08-09 00:45:00,11.941735382841074,62.95987487357271,64.3529411764706,26.975899516549177,60.055611002501756,839.4054545262512,70.04395015147263,49.69405108959522
2025-08-09 01:00:00,11.954630912749016,62.903588087079875,64.3529411764706,26.99768046349255,60.092778876115055,837.6672711208047,71.04115547465926,49.7747737666638
2025-08-09 01:15:00,11.513785837585063,62.82975865607706,64.3529411764706,26.992149551148547,60.35971620150768,835.6510371130876,69.38492540195736,49.77798124798212
2025-08-09 01:30:00,11.114801379238944,62.825009745603374,64.3529411764706,26.999400936897374,60.32406785086517,834.4392228368197,69.7834943165033,49.711680127511585
2025-08-09 01:45:00,10.7041853800153,62.75597728200667,64.3529411764706,26.9556359892685,60.272685118664974,834.4054098784741,69.75836012025336,49.95515349125384
2025-08-09 02:00:00,10.960188555445482,62.751386498123196,64.3529411764706,26.943978534871093,60.531984648575275,839.1830732650735,70.40351474676909,50.15907987092019
2025-08-09 02:15:00,10.528183728119668,62.762084007779634,64.3529411764706,26.955565069305173,60.80826226985238,823.6256374298733,69.90055992413485,50.455252036591354
2025-08-09 02:30:00,10.655240388109176,62.6707229013753,64.3529411764706,26.94028474138232,61.21376998942273,823.5747225315016,69.37651867237454,50.563174705595635
2025-08-09 02:45:00,10.51004660669085,62.756020376582946,64.3529411764706,26.946777715910745,60.88670096877845,824.9769741065946,68.52418146910284,50.51109820823273
2025-08-09 03:00:00,10.177077678427395,62.612133175576666,64.3529411764706,26.928426496482025,60.712373044104396,830.6827798390151,69.79077282178939,50.41468115281781
2025-08-09 03:15:00,10.140777200183756,62.47397111106791,64.3529411764706,26.91722155780646,60.611568963882746,828.9126116953372,69.5614388996927,50.65261819806896
2025-08-09 03:30:00,10.127944684844014,62.40602915234797,64.3529411764706,26.934687614694116,60.432568361450315,835.835749744806,69.42780521493104,50.33200231157593
2025-08-09 03:45:00,10.818275325354561,62.44509613846599,64.3529411764706,26.904745045220732,60.65994187405221,826.3956101894747,70.51264791183235,50.421170073663674
2025-08-09 04:00:00,10.93420700317823,62.33081847885025,64.3529411764706,26.920399604801695,60.673850617194745,830.9981406569702,70.59862806735572,50.362050724368245
2025-08-09 04:15:00,10.727661004223366,62.32094267033596,64.3529411764706,26.811444747840437,61.000310312510926,827.8656923743526,69.12051407324009,50.700659271458456
2025-08-09 04:30:00,10.357369686249251,62.37646082441148,64.3529411764706,26.837703824217012,60.788512560048815,825.7638224210584,69.33686233954722,50.7917754212784
2025-08-09 04:45:00,10.492469315079754,62.428735060494425,64.3529411764706,26.85720672254421,60.64330245746047,827.1691593254521,69.97969339113268,51.07712775642836
2025-08-09 05:00:00,11.03944195383257,62.48309909386143,64.3529411764706,26.84887346833201,60.54463437682166,827.0828999571446,70.41102713269832,50.63267755353088
2025-08-09 05:15:00,11.300687066024205,62.63104019836913,64.3529411764706,26.875000465928654,60.360179074567185,826.8243491098334,69.70190743469166,50.35960369194476
2025-08-09 05:30:00,11.877990702478368,62.62474395914181,64.3529411764706,26.859322783239687,60.17843378971238,831.5804097341207,70.24470699362472,50.28123653020699
2025-08-09 05:45:00,11.842007566924014,62.67833899605751,64.3529411764706,26.829417268928225,57.14867949010262,831.2185787798122,69.33712826124518,50.0585561406827
2025-08-09 06:00:00,11.597549651098802,62.59614153947445,64.3529411764706,26.88821786641679,57.35122900679893,826.1448338251887,69.433807303215,49.92781952955526
2025-08-09 06:15:00,11.498127175441224,62.59050325659028,64.3529411764706,26.890288932811814,57.249152599173144,827.2238850178478,68.6639240238062,50.34809655419096
2025-08-09 06:30:00,11.437628847860115,62.628999470063775,64.3529411764706,26.88448359960334,57.45028588051032,827.4357688329683,70.06301454627086,50.25715768733347
2025-08-09 06:45:00,11.539829866385922,62.575833263805876,64.3529411764706,26.887924871816775,57.57664465984519,827.7933719777106,69.44776986973795,50.20140673746535
2025-08-09 07:00:00,11.472667873549277,62.54459838803589,64.3529411764706,26.863624226015297,57.513468284632545,829.9564691609967,70.0767652150451,50.01716318622447
2025-08-09 07:15:00,10.75831055425426,62.67721426161668,64.3529411764706,26.926710317405387,57.450846567165534,835.3958005510233,69.20897568870633,49.99337376344574
2025-08-09 07:30:00,10.391360553808013,62.63289003428139,64.3529411764706,26.95670813039767,57.47428824168645,833.8080461966624,70.48446245687423,49.73153072827886
2025-08-09 07:45:00,9.908674178954355,62.61354440112672,64.3529411764706,26.987547565901092,57.38201719431937,835.5531553469057,69.96495868774893,49.70742590540906
2025-08-09 08:00:00,9.620369318093438,62.55985836751701,64.3529411764706,26.957096333381156,57.4033704498684,832.3615278722488,68.88482513398073,50.097426023942205
2025-08-09 08:15:00,9.497141839564378,62.57262737575007,64.3529411764706,26.939476414173015,57.67067083519903,837.0388520094332,70.58635808222961,50.09221015275698
2025-08-09 08:30:00,9.244511319259246,62.52578854222137,64.3529411764706,26.95984166717352,57.59925088598124,834.07486161174,70.27026824040485,49.81250451049683
2025-08-09 08:45:00,8.88362255768445,62.47591971570597,64.3529411764706,26.94279160147992,57.713075476515314,837.573087405856,69.02673842039393,49.83562899936415
2025-08-09 09:00:00,8.714066376101362,62.439984769502175,64.3529411764706,26.987900093624816,57.98983190759918,835.0080153532447,69.55454749036545,49.8202259731549
2025-08-09 09:15:00,8.184646684224475,62.643832916273496,64.3529411764706,26.987715929618194,57.94689785534565,841.2783991632743,69.75951911406493,49.598536513969584
2025-08-09 09:30:00,8.07508904889607,62.74827131421202,64.3529411764706,26.94658178642007,57.55325350633873,834.7815112513998,69.95013153297165,49.424500669764946
2025-08-09 09:45:00,8.391289464257719,62.828263684465696,64.3529411764706,26.99308810191608,57.56931632520497,840.7592838400589,69.35041278963521,49.508238440633455
2025-08-09 10:00:00,8.65284995762068,62.82136760484665,64.3529411764706,27.0595908018197,57.491800744054494,840.5395217773863,70.25589886786916,49.53364620966942
2025-08-09 10:15:00,8.961069457157771,62.96132028090165,64.3529411764706,27.08532693847851,57.503126903655065,842.6830913974513,71.20509805743188,49.66957636675252
2025-08-09 10:30:00,8.952163281356814,62.8600522242235,64.3529411764706,27.139506944497647,57.73245300191228,846.6360542515816,70.27621153228898,49.71529093252034
2025-08-09 10:45:00,8.62728933828656,62.93865400073997,64.3529411764706,27.09390291261111,57.56605058898122,843.5019753915693,69.78719331922528,49.591081097915904
2025-08-09 11:00:00,8.564503057145862,62.949066484276464,64.3529411764706,27.07016469048384,57.575790253241344,847.8110618601374,70.68586415880833,49.608499581441166
2025-08-09 11:15:00,9.18149367375534,62.902965313201825,64.3529411764706,27.063647899200536,57.75245117458581,853.575225033157,71.31022172754474,49.65961870580945
2025-08-09 11:30:00,9.55499149015854,62.947905194576464,64.3529411764706,27.056078532375004,57.730057584901324,852.771728871778,69.52953443642645,49.31538258896873
2025-08-09 11:45:00,9.34213214170907,62.954583379518986,64.3529411764706,27.050364539041006,57.829674713783504,850.8038308752218,70.85925177207663,49.73837658129335
2025-08-09 12:00:00,9.440728030918462,62.90041560172242,64.3529411764706,27.044127872791655,60.759803377928456,841.6923448334044,69.93136155870029,49.95517177232244
2025-08-09 12:15:00,9.274599528307245,62.92211499272047,64.3529411764706,27.03477316960042,60.93918525105869,843.9250089448218,70.59924374791652,49.65187285901305
2025-08-09 12:30:00,9.27458882666463,62.91800027722669,64.3529411764706,26.9871713136038,60.54508948472852,837.0026236582027,71.38669704253152,49.60154089157517
2025-08-09 12:45:00,9.317609283891358,63.041701222014254,64.3529411764706,27.026083174884704,60.481554495306995,830.1504042924272,70.63581600014332,49.29113070578062
2025-08-09 13:00:00,9.369070008495786,63.230283319311134,64.3529411764706,27.028970169954736,60.57790967605603,830.6655750730135,70.80551371998715,49.42840391715592
2025-08-09 13:15:00,9.494352134027377,63.28380979881753,64.3529411764706,27.072349809677178,61.09034936598702,836.2731199620428,70.91660124077033,49.28108610138767
2025-08-09 13:30:00,9.320478703531878,63.3963246993352,64.3529411764706,27.030934201424984,61.46204421530456,839.1724196504529,71.3006650085993,49.400210306670076
2025-08-09 13:45:00,8.855262631604026,63.390703177565314,64.3529411764706,27.03206594053179,61.31762017300792,838.4402328980754,70.32336007695322,49.1814374176295
2025-08-09 14:00:00,8.718335360188538,63.433571334153754,64.3529411764706,27.01063244828444,61.695698144134866,832.3272707559895,71.10592002300292,49.33147544589946
2025-08-09 14:15:00,8.420653613588891,63.59871920442149,64.3529411764706,27.033292616990302,61.74161297614803,832.0885763767752,70.38355350401689,49.35086247809859
2025-08-09 14:30:00,8.171364902498825,63.58530185120085,64.3529411764706,27.001109742972215,61.492873114656156,834.135049003065,70.72511380837578,49.62707770041454
2025-08-09 14:45:00,8.020041750118544,63.508411974492944,64.3529411764706,26.990823394551068,61.681002055114455,833.8881230336043,71.69501162476156,49.51430591459339
2025-08-09 15:00:00,7.47703816325812,63.565856879877124,64.3529411764706,27.120424714933957,61.8649158044165,836.5831864822688,70.42815039758653,49.45219223682266
2025-08-09 15:15:00,7.328313410743842,63.52402584807406,64.3529411764706,27.103996516355846,62.10057013120212,835.4116663768814,70.79267510938467,49.647860032693686
2025-08-09 15:30:00,7.5389622738710935,63.48604353355583,64.3529411764706,27.14618067532662,61.970962911501175,836.8473777075503,71.57815406527257,49.81230210527791
2025-08-09 15:45:00,7.77865460835237,63.52406774525732,64.3529411764706,27.126762606919787,62.12087068040897,829.7326109430842,70.65863368871888,49.85508833999165
2025-08-09 16:00:00,8.054842545103579,63.54046805187263,64.3529411764706,27.17500697385278,62.050892203460435,831.8912225954384,70.95437093838126,49.96266791823569
2025-08-09 16:15:00,7.8840097949971675,63.640495072107676,64.3529411764706,27.25464539096321,61.9947835696377,837.6756861516174,70.9276207291994,50.08383760167488
2025-08-09 16:30:00,8.197004153775506,63.437203265827335,64.3529411764706,27.26224223852277,62.158004415955624,838.8409716172584,71.39413888314367,50.160384376008395
2025-08-09 16:45:00,8.36074278601111,63.372129745259,64.3529411764706,27.251252867582586,62.470645655762176,841.5149551944602,70.821898749768,50.10291296839512
2025-08-09 17:00:00,9.042993538154379,63.45162761158303,64.3529411764706,27.200588662607387,62.55119365081445,842.0237702866262,70.69907471366898,49.8184083035572
2025-08-09 17:15:00,9.72795511998381,63.37640067641231,64.3529411764706,27.17489428346396,62.51684459773331,838.3299115891668,71.51558944883243,49.60339584591911
2025-08-09 17:30:00,9.957317849676489,63.400899600321246,64.3529411764706,27.16957730069946,62.75474476364559,834.7876045925159,69.69092239377264,50.08898109848033
2025-08-09 17:45:00,10.098888529971521,63.28238816231538,64.3529411764706,27.1435545438981,62.566593558371075,829.7918183614196,70.48843793212431,49.98938040146281
2025-08-09 18:00:00,10.026514555191389,63.262899721064244,64.3529411764706,27.123283970604863,62.409677225071405,828.4174715772822,70.50034353233545,49.80352425157069
2025-08-09 18:15:00,10.042580993678559,63.19652900558271,64.3529411764706,27.108736950724065,59.20752131643066,827.3185464659579,71.50708415710099,50.06310182695443
2025-08-09 18:30:00,10.2143974306067,63.15108856350767,64.3529411764706,27.106613847937737,59.06426072809024,834.0748628664188,70.90341995505997,50.29520901976569
2025-08-09 18:45:00,10.414108134599294,63.29790650102876,64.3529411764706,27.105355693073232,59.043163205436144,837.4111061319788,70.27410282784285,50.19830572169229
2025-08-09 19:00:00,10.623413243402636,63.366040385361124,64.3529411764706,27.100469215713634,58.995676537248904,830.4671815641278,71.00613421755645,49.97588985465066
2025-08-09 19:15:00,10.39969046727912,63.48913564439012,64.3529411764706,27.058753876468153,58.81099223978791,832.7464238881793,70.96206549550259,50.301920666187215
2025-08-09 19:30:00,10.105131204425291,63.431366723695305,64.3529411764706,27.138429498708273,58.82751350375998,827.5962605419863,70.8658639785742,50.560253129127595
2025-08-09 19:45:00,9.729249511119153,63.28281875552258,64.3529411764706,27.134104186529786,58.90608274089012,827.161678314958,70.6202898046982,50.73281624139902
2025-08-09 20:00:00,9.474599388427013,63.194177200744065,64.3529411764706,27.191864564971155,58.91666453377187,832.9890700640235,71.06033636407209,50.90474800958264
2025-08-09 20:15:00,9.8166289062183,63.18942778424617,64.3529411764706,27.20209025231853,58.533356765485884,838.9323494230772,70.40751117872296,51.09137122256439
2025-08-09 20:30:00,10.185971629154352,63.06974069411771,64.3529411764706,27.20050647434188,58.535909223349705,842.7734107245991,70.7656626949364,51.18097695100628
2025-08-09 20:45:00,10.171470442046429,63.12209766194874,64.3529411764706,27.22420509450823,58.98641020841578,844.7853561122043,70.36672391779311,51.037513813477716
2025-08-09 21:00:00,9.674729617501468,63.08498915699078,64.3529411764706,27.212813849659902,59.40170211112568,846.6714900885913,70.82021944038,51.44797930192467
2025-08-09 21:15:00,9.229818096697072,63.19225366173517,64.3529411764706,27.24808350207509,59.041960720701546,837.7910045937256,70.64865989693175,51.49037647496589
2025-08-09 21:30:00,9.594377874071233,63.1348593988314,64.3529411764706,27.255013901705645,59.40346438602952,837.9630613319811,70.8766610468076,50.82986619851608
2025-08-09 21:45:00,10.08434155689645,63.02639923848565,64.3529411764706,27.233015309533396,59.08788120154078,835.1156151765615,71.02334449329769,50.825936300182704
2025-08-09 22:00:00,10.300337342001333,62.99441154514756,64.3529411764706,27.225787711745454,58.86091763554933,833.7022518205157,70.3117362793976,50.7348007463117
2025-08-09 22:15:00,10.48289953535285,62.95261155080833,64.3529411764706,27.20773799309879,58.77794247236334,833.2075996633572,69.39271516432004,50.86638000667042
2025-08-09 22:30:00,10.439614896055366,63.045084027237294,64.3529411764706,27.23577246500324,58.851402207003915,838.6084753170312,71.0284100568223,51.16696964910887
2025-08-09 22:45:00,10.211306415700964,63.03755886737189,64.3529411764706,27.243121969789243,58.788804719575054,837.1396990065198,70.96352397849127,50.996151286786855
2025-08-09 23:00:00,10.704857719201375,63.029158589305794,64.3529411764706,27.290660549826764,59.131810398370085,838.1374434985238,69.49892728478429,51.13376132790801
2025-08-09 23:15:00,11.307877830693501,62.96980283670892,64.3529411764706,27.27260590246967,59.08403262700361,830.594411038987,69.40597391737664,51.26295339826923
2025-08-09 23:30:00,11.820899093495226,62.87054853386504,64.3529411764706,27.283929734133178,58.82194277575664,829.9538215693618,70.36411288364698,51.33977470361739
2025-08-09 23:45:00,11.971206728311206,62.92167832099467,64.3529411764706,27.25783527966892,58.71685503789294,829.0640656869624,69.61944676843598,51.07390581155302
2025-08-10 00:00:00,11.815843184528292,62.85972482381093,64.3529411764706,27.250387011862227,58.535536936331184,834.5653315910399,69.41838002584359,51.00842683116525
2025-08-10 00:15:00,11.502568080308674,62.83469325184208,64.3529411764706,27.28769030631082,58.33465127086274,832.3497308977508,69.53385024381085,50.938609944648015
2025-08-10 00:30:00,11.572109834355444,62.78361692638045,64.3529411764706,27.24484612572516,58.345247358558936,835.2619727375792,69.74297666451152,50.66663914090854
2025-08-10 00:45:00,11.893181162758498,62.78918226790008,64.3529411764706,27.237304809806396,61.55283531898437,838.4912994919964,69.9070990555609,50.336429342919814
2025-08-10 01:00:00,11.92562589596635,62.758521247040655,64.3529411764706,27.234207095711785,61.2073380644248,840.8849621125905,68.11616483294203,49.840228487722705
2025-08-10 01:15:00,11.885218981317221,62.699103076852445,64.3529411764706,27.20570870897201,60.990324372030365,834.1908483790164,69.6769520958639,49.92404743694277
2025-08-10 01:30:00,11.46345561950728,62.73284642683925,64.3529411764706,27.199886882576113,60.85300856171937,826.2978432349272,69.80954408520628,49.98679066863726
2025-08-10 01:45:00,11.123645150170482,62.791197885603935,64.3529411764706,27.20479163318432,60.897459012977876,832.3757620791298,71.2193657784629,50.29492861370311
2025-08-10 02:00:00,11.343574846798141,62.70449892910957,64.3529411764706,27.23825721245751,61.11972246773207,829.1244048510224,69.91395709048226,50.30526721896379
2025-08-10 02:15:00,11.441069072959857,62.89717977913275,64.3529411764706,27.25577655953731,61.09666369063636,832.2838515872361,69.06000301450493,50.155685690603995
2025-08-10 02:30:00,11.055843017113054,62.89868738517442,64.3529411764706,27.229594020780848,61.16325288580356,836.3778478515769,69.1298618638342,50.19988920165189
2025-08-10 02:45:00,10.918129119873992,62.7363596920746,64.3529411764706,27.255936848382333,61.311624698736175,835.2672086663383,69.79166434547518,50.66113146534391
2025-08-10 03:00:00,10.70095273264191,62.622783309494466,64.3529411764706,27.221727526976146,61.224091729679394,830.2133757146921,70.76162572750759,50.96530970062855
2025-08-10 03:15:00,10.471014435450394,62.649462321814795,64.3529411764706,27.185882677475533,61.38733849932747,834.5583245010384,69.85764121909972,50.87700186197684
2025-08-10 03:30:00,10.17038888122435,62.69121134610845,64.3529411764706,27.228612678809874,61.23550897753682,838.6963331593794,69.91237580366565,50.60816694296022
2025-08-10 03:45:00,10.456671542004399,62.68160177709184,64.3529411764706,27.259663657444932,61.08338616813186,836.5638509227662,70.82527994686856,50.70911548948275
2025-08-10 04:00:00,10.673918075987977,62.733871686977764,64.3529411764706,27.290163263753794,61.19225478495513,830.3033679593151,69.526437103063,50.84907583209729
2025-08-10 04:15:00,10.67642567432726,62.811308564920765,64.3529411764706,27.28896809454082,61.06350379297475,821.951372278414,71.58038183455702,50.77500358766287
2025-08-10 04:30:00,10.602941795158172,62.72552196990136,64.3529411764706,27.30116873376208,61.109742339442235,822.85853535174,68.89617119627619,50.64938538842568
2025-08-10 04:45:00,10.81717252487737,62.74666603525046,64.3529411764706,27.335331134573543,60.60160101509471,826.8351749454397,71.36705635301267,51.11422938271147
2025-08-10 05:00:00,11.108476257106904,62.784506322915,64.3529411764706,27.319882156383628,60.89379638867782,819.5778608119786,69.246666000758,50.88879327062706
2025-08-10 05:15:00,11.145122945053377,62.752765947762,64.3529411764706,27.371535740774885,60.76689635793864,814.524004302201,69.25028894691064,50.35166817718295
2025-08-10 05:30:00,11.572597658137049,62.83655593036919,64.3529411764706,27.322855571628182,60.78438530502051,823.393330322976,70.29545137604251,50.281011447506735
2025-08-10 05:45:00,11.514330902102301,62.80025362993939,64.3529411764706,27.32611826250724,60.945372591951134,822.7139483702182,69.17721317566811,50.472430386103596
2025-08-10 06:00:00,11.111437556772088,62.80039522903152,64.3529411764706,27.33278505282321,60.762534542403834,825.6340490820935,69.47879753237292,50.6771753551724
2025-08-10 06:15:00,10.601347407448397,62.88424059624266,64.3529411764706,27.39510127025169,60.668714676663164,831.1056586297634,70.03740468991556,50.841423909023185
2025-08-10 06:30:00,11.111730462262532,62.82517423412428,64.3529411764706,27.366707429577907,60.659229017487554,840.1724155658052,69.79729232360906,51.30497540098988
2025-08-10 06:45:00,11.523870184183044,62.890082191093015,64.3529411764706,27.36342579734973,60.7637162320421,834.9100225519932,69.61691628005661,51.37429475244596
2025-08-10 07:00:00,11.208222997436204,62.838915628640294,64.3529411764706,27.354011365250727,57.921955082448065,842.8705384448731,69.01521905213825,50.678457103565215
2025-08-10 07:15:00,10.83073629734093,62.82099671513821,64.3529411764706,27.31552606115431,58.236029904412256,837.8836023961804,69.33436791408447,50.56756891562954
2025-08-10 07:30:00,10.30469307314829,62.93572261455893,64.3529411764706,27.305985290526895,58.07690370184624,842.0309665693404,69.45675651198194,50.390846082351885
2025-08-10 07:45:00,9.749298824787804,62.95739908632181,64.3529411764706,27.293437252243457,58.12074244080634,839.9384251019284,69.93257359686525,50.51776033696395
2025-08-10 08:00:00,9.745459366990323,62.95079152124902,64.3529411764706,27.28908365281679,57.9384005133759,831.6560652750595,69.9056263708343,50.52185709689468
2025-08-10 08:15:00,9.50306196547004,62.839519048792354,64.3529411764706,27.34744194638694,57.84825736666421,826.9676070356879,69.26492944324893,50.614001610339784
2025-08-10 08:30:00,9.533448324469923,62.82489864234765,64.3529411764706,27.36389921110693,57.81962880377728,831.596969087338,69.9452354318425,50.66119569262327
2025-08-10 08:45:00,9.216454017424972,62.89892809843344,64.3529411764706,27.3322276963582,57.82310562099917,838.2074037738377,68.82538098419823,50.710684020851346
2025-08-10 09:00:00,8.814545146819345,63.021798208717314,64.3529411764706,27.315867238359132,58.02937478654596,840.8584220093179,69.29404605995033,50.619060443627184
2025-08-10 09:15:00,8.71704069316333,62.960222157363845,64.3529411764706,27.370472653342194,58.26259107210535,829.1733521249898,68.93998838448911,50.66800475394485
2025-08-10 09:30:00,8.866165136791894,62.953458646667606,64.3529411764706,27.375873365569262,58.03490129534164,825.2541375484209,69.65537087343252,50.75363101281932
2025-08-10 09:45:00,8.911108814478457,62.88327858973227,64.3529411764706,27.457719383001866,57.87208882026066,834.4617805156124,69.57967343666597,50.19897882201734
2025-08-10 10:00:00,9.407448499281735,62.80865408924351,64.3529411764706,27.499145007349878,57.99669601999385,838.3729521929458,70.24623912831255,50.02004747151852
2025-08-10 10:15:00,9.472363886467308,62.79912770146434,64.3529411764706,27.504949497893946,57.75751029382794,834.7203776209672,69.84079212870589,50.43149889961125
2025-08-10 10:30:00,9.311069686976223,62.81209437442371,64.3529411764706,27.489080295335285,58.255788749788834,828.9887808111072,70.0797897857997,50.89869882110977
2025-08-10 10:45:00,9.0504266752294,62.88464812311736,64.3529411764706,27.51611980205216,58.05793899263317,832.467928449935,70.02927103655472,50.89071169907671
2025-08-10 11:00:00,9.102911234810923,62.850249355191636,64.3529411764706,27.563610883366447,58.03638865155422,831.587259631511,71.40173096007173,50.89737904627747
2025-08-10 11:15:00,9.659502178215302,62.91696731725034,64.3529411764706,27.564676938321597,57.80094627237461,832.5119450953083,69.88419244019303,50.96550319464642
2025-08-10 11:30:00,9.8854976794594,62.92099405518917,64.3529411764706,27.550050095271267,57.99303827387399,834.4358810148435,71.15582895151347,51.09503560181861
2025-08-10 11:45:00,9.616329047870089,63.05153912777081,64.3529411764706,27.5712211524611,58.09994231983387,831.7927157218924,70.13717811123507,51.00441259530359
2025-08-10 12:00:00,9.280214212698668,63.143899907973456,64.3529411764706,27.580125062868348,58.145300962301405,827.7790590268888,69.511012445607,51.04380060989612
2025-08-10 12:15:00,9.254505636966378,63.10854626100049,64.3529411764706,27.573144536587286,58.42795352764995,828.7242196390803,70.2823265312733,50.89780313682722
2025-08-10 12:30:00,9.316122862499585,63.16603110425691,64.3529411764706,27.577315824758813,58.687125538558526,820.725839999281,70.1914302713475,51.181370878239115
2025-08-10 12:45:00,9.403644252025517,63.22037783523623,64.3529411764706,27.552203208014085,58.7480967531705,824.9653797357902,70.66265502184258,51.40758684926801
2025-08-10 13:00:00,9.427340773730371,63.22722953830712,64.3529411764706,27.535294079750006,58.685941984843275,834.6369621235926,70.82618066901213,51.00355346057417
2025-08-10 13:15:00,9.095015483952817,63.309276417027895,64.3529411764706,27.580716888127636,61.73807453404991,820.2744153645953,70.26693379925685,51.66317096727113
2025-08-10 13:30:00,8.696374203913447,63.320271384034065,64.3529411764706,27.55654506211159,61.69903028496949,818.5149827322078,71.50738774593245,51.72948666600081
2025-08-10 13:45:00,8.236676234148883,63.43983692514084,64.3529411764706,27.52246598770787,62.16370323840526,825.5763529729218,70.28126609574885,51.7062654466643
2025-08-10 14:00:00,8.21076912816336,63.600982804400516,64.3529411764706,27.478036420445132,62.281480144161065,824.5575487179796,70.16508264885573,51.48075880111676
2025-08-10 14:15:00,8.458648548187547,63.6370345587209,64.3529411764706,27.44494712850578,62.48596587023356,819.6116757516594,70.38084353450057,51.66136330958493
2025-08-10 14:30:00,8.728642678222208,63.62549683790628,64.3529411764706,27.42796995228853,62.365194692544286,820.3599900902931,69.45959782187677,51.65267999969686
2025-08-10 14:45:00,8.41617558618443,63.773286334438204,64.3529411764706,27.45465775758329,62.252160803522344,825.7586924506628,70.69204605876185,51.6277984789992
2025-08-10 15:00:00,8.13325371297537,63.78905663089526,64.3529411764706,27.46199933671003,62.188858912156995,820.3167415024612,71.16385459104616,51.63634015803539
2025-08-10 15:15:00,7.865196036152385,63.81933523011543,64.3529411764706,27.38770791957822,62.131251085525776,826.6724583676868,70.10892688142914,51.48930314656527
2025-08-10 15:30:00,7.800612733071464,63.766368953606246,64.3529411764706,27.43764286870055,62.35716485791362,829.9546975032733,70.78669918177542,51.39531281025601
2025-08-10 15:45:00,8.30872623682207,63.83085963141259,64.3529411764706,27.469960536418103,62.375189509821126,829.7885355672474,71.14315291958773,51.71655534176201
2025-08-10 16:00:00,8.48322755238561,63.95415945732322,64.3529411764706,27.474537965454438,62.64151705684112,828.9033544332449,70.2279498330079,51.53221446057767
2025-08-10 16:15:00,8.545333625453777,64.05231495944165,64.3529411764706,27.475348472506756,62.84978100701688,829.376987830236,71.35089098468681,51.84451490685637
2025-08-10 16:30:00,8.495852588478366,64.09438987678793,64.3529411764706,27.471618488807707,62.493221134355906,828.2380403256285,69.45475585339304,51.96191340053317
2025-08-10 16:45:00,8.431591336906656,64.17655940815104,64.3529411764706,27.442819076382722,62.62612324110482,822.1075476441974,71.20068511426199,52.24059656772804
2025-08-10 17:00:00,8.669152906304333,64.20410783594735,64.3529411764706,27.401584790677365,62.536002660932844,820.5152794314982,69.96147953251094,52.347884485497545
2025-08-10 17:15:00,9.123677494145081,64.28225641502907,64.3529411764706,27.415754800496078,62.50875261421549,823.8150517880262,70.99325875775169,52.16364064043728
2025-08-10 17:30:00,9.630908462489831,64.23332301742917,64.3529411764706,27.374337716501955,62.465905521569844,826.6881008437382,70.57986141540246,52.3020588437931
2025-08-10 17:45:00,9.677094554254321,64.16701344174048,64.3529411764706,27.374265821992513,62.469885722028366,828.2766714361483,71.02964483214758,52.324788750829605
2025-08-10 18:00:00,9.32436747336254,64.2060531550555,64.3529411764706,27.39089481577119,62.68603726120232,842.2719893996972,70.00318448198442,52.09351574820957
2025-08-10 18:15:00,9.361388543516636,64.0956568721426,64.3529411764706,27.366211809463675,62.66602375201875,837.295924220837,70.96172070547456,52.31124803638111
2025-08-10 18:30:00,9.689503070017885,64.02135039271079,64.3529411764706,27.40855765231446,62.80939703807877,835.435579603702,71.92066269133932,52.4224749713682
2025-08-10 18:45:00,10.196265337002801,64.05114158308189,64.3529411764706,27.380067950669815,63.097489448753514,839.3895735397633,71.36200497765714,52.41686508410561
2025-08-10 19:00:00,10.316550044677237,64.0700912384092,64.3529411764706,27.429409809331666,62.83627675246677,832.5801423637541,70.62856186186966,52.51476051591225
2025-08-10 19:15:00,10.060589294439394,64.11526125115773,64.3529411764706,27.44286792854086,62.83298247083263,832.9920894676475,70.43077771195854,52.81962806978659
2025-08-10 19:30:00,9.715425364535053,64.15349283532797,64.3529411764706,27.36567820934898,62.793467192567256,828.9827233002729,71.84112580774419,52.95683348266024
2025-08-10 19:45:00,9.54806327500782,64.05772185983069,64.3529411764706,27.36937876195661,59.66224359817553,826.0043231820946,69.60876980760771,52.38600687893148
2025-08-10 20:00:00,9.60202716746076,63.99134887949922,64.3529411764706,27.39122849230905,59.7988433540013,824.9784506079925,70.60856668820351,52.104599652610325
2025-08-10 20:15:00,9.806028692960039,63.88552161872643,64.3529411764706,27.374470970351048,59.615181561036586,824.421908547957,69.78506506583382,52.1028708368378
2025-08-10 20:30:00,10.237923276621128,63.80189989690014,64.3529411764706,27.349498208732854,59.708009004735906,824.2609811540265,70.53990302434597,52.44906898295358
2025-08-10 20:45:00,9.958507628595969,63.80338105244769,64.3529411764706,27.33865451308886,59.62456790807888,830.7603427460936,69.6955802263947,52.42147287848951
2025-08-10 21:00:00,9.963074860901607,63.66716000517248,64.3529411764706,27.33309501976666,59.48519157192102,828.6698641319367,70.62726895289971,51.98548871419798
2025-08-10 21:15:00,9.837504307242115,63.5517598415879,64.3529411764706,27.3202121817949,59.50169775681329,826.6958968566554,71.29898718561951,51.871757330771366
2025-08-10 21:30:00,9.891216040256788,63.62335359360749,64.3529411764706,27.31790178368663,59.51282422209206,820.4125451503784,70.62003167998344,51.43611944940034
2025-08-10 21:45:00,10.199604683727568,63.625654033217,64.3529411764706,27.30257128164187,59.54969540960591,818.1253217518074,71.39004131941867,51.49937874084235
2025-08-10 22:00:00,10.372289392924841,63.57395995638753,64.3529411764706,27.290446056364445,59.312691072903334,818.5233005154284,69.50613043682864,51.71633361078436
2025-08-10 22:15:00,10.475846946649085,63.485340177465986,64.3529411764706,27.270572980809114,59.07014265549837,822.4148771020704,69.65202031092763,51.34447036095058
2025-08-10 22:30:00,10.71384440265984,63.42749334177125,64.3529411764706,27.30600923525935,59.16431732653018,824.8722623729443,70.02917944238501,50.877823490137224
2025-08-10 22:45:00,10.72515399778092,63.461240902393484,64.3529411764706,27.23077713694202,59.220656552177715,819.1935967574658,70.91689308615211,51.02446053594337
2025-08-10 23:00:00,10.983941415059384,63.52330104337807,64.3529411764706,27.18952173752139,59.0829138381826,821.4448714423044,69.22719199463387,50.946438042123795
2025-08-10 23:15:00,11.514937267975927,63.38238883764627,64.3529411764706,27.181190780795653,59.19752507300119,822.2870687338057,68.75924227599091,51.21451062468908
2025-08-10 23:30:00,11.823534256637583,63.39636827039923,64.3529411764706,27.195892055442606,59.1989929155582,829.3827205308726,70.13567673228458,51.52982724074797
2025-08-10 23:45:00,12.024055148747522,63.425579541158406,64.3529411764706,27.196791083975086,59.09150032127302,832.8465868340015,68.85705768044747,51.31517977275834
2025-08-11 00:00:00,11.754565739455906,63.346908331194136,64.3529411764706,27.202784777302817,58.77785143581736,829.927418045459,70.16707058914527,51.17900343128296
2025-08-11 00:15:00,11.91409269268481,63.31346515895921,64.3529411764706,27.150924592072606,58.633135966187766,824.7728022293923,68.7201595193654,50.755899173714745
2025-08-11 00:30:00,11.774468936020355,63.272791838870404,64.3529411764706,27.177548502133174,58.949223343248306,823.8599803399727,69.41247135701936,50.88526951488413
2025-08-11 00:45:00,12.375654580822353,63.138657060078074,64.3529411764706,27.171187026780302,59.206997366156855,821.3064102486339,70.61180906882184,50.523984392989526
2025-08-11 01:00:00,12.325861365571502,63.12102913871101,64.3529411764706,27.17009476513322,59.03798202631075,821.8017538972742,70.21469154324694,50.29036764500262
2025-08-11 01:15:00,12.003444983526505,63.040877004004564,64.3529411764706,27.08606147851957,58.61725048211741,825.617904060053,68.7488659521812,50.14840335080227
2025-08-11 01:30:00,11.572047392154532,62.97848380648965,64.3529411764706,27.080373493224187,58.737722203255906,837.3214065648224,69.9980439955152,49.84720367686326
2025-08-11 01:45:00,11.30678062826911,62.8951868203413,64.3529411764706,27.122217388691947,58.92277367305668,840.3920389621554,68.17531371124434,49.794118814902724
2025-08-11 02:00:00,11.11981365284001,62.81519061355907,64.3529411764706,27.1441041039297,61.93882764604737,842.7388950608254,69.01884175443759,49.89603992041825
2025-08-11 02:15:00,11.07404128576388,62.888639079191044,64.3529411764706,27.106171903918483,61.79991604823955,834.5352400764485,69.4333097972351,50.22836846137204
2025-08-11 02:30:00,11.024845988904907,62.87980872917998,64.3529411764706,27.15248338774749,62.32912219992476,828.7778209705133,67.82677974750582,50.66505468422697
2025-08-11 02:45:00,10.917919054751575,62.858157467669976,64.3529411764706,27.134011141272595,62.460378367593954,832.3766872140063,68.38936102531699,50.938805365300276
2025-08-11 03:00:00,10.388009157117091,62.69830887125094,64.3529411764706,27.13607373353566,62.331702378744744,833.7134278019529,68.21388358962069,51.18699970664224
2025-08-11 03:15:00,10.003719228841563,62.64081940564435,64.3529411764706,27.13632730596577,62.41134787581506,833.5281569084189,68.61612593099628,50.98989030615105
2025-08-11 03:30:00,9.966036539737662,62.561200880217996,64.3529411764706,27.155626639254763,62.549401370422586,832.0447448758405,68.56900560976177,50.68732757150755
2025-08-11 03:45:00,10.364115760417288,62.52468904106358,64.3529411764706,27.136688400086737,62.70823288729417,829.4127672693191,69.39004307832288,50.814939645539184
2025-08-11 04:00:00,10.618724111952822,62.57043210916523,64.3529411764706,27.1401153636128,62.678912608488176,823.7775536750547,69.70318108962152,50.736415993969025
2025-08-11 04:15:00,10.938536006643496,62.571274513108605,64.3529411764706,27.108264759240324,62.889338593472836,819.9573929580662,69.10574400581233,50.8524377795425
2025-08-11 04:30:00,10.574351291809291,62.604180806512744,64.3529411764706,27.146211531598684,62.94608400973418,822.3488999268441,69.91478081537636,51.05423244127385
2025-08-11 04:45:00,10.387683927053947,62.74686092650505,64.3529411764706,27.157636398445018,62.42432951917277,819.7323512382999,68.64888805538168,51.30173672066172
2025-08-11 05:00:00,10.697643067869194,62.70770438852659,64.3529411764706,27.169311686476448,62.48630201579722,822.2087540397621,68.82788677605562,51.15424294043166
2025-08-11 05:15:00,11.003453607985202,62.72519510705351,64.3529411764706,27.155387839389352,62.73997714727059,817.9513971614036,68.74634028158063,50.722104508629926
2025-08-11 05:30:00,11.704134095531717,62.77170193682309,64.3529411764706,27.118330112591167,62.66255518529236,820.0880803232792,69.27828148066594,50.7883210791923
2025-08-11 05:45:00,11.770328678235266,62.69897242739437,64.3529411764706,27.102387902037293,62.54587042248023,827.9489972833833,70.10119258405915,50.68595513015211
2025-08-11 06:00:00,11.456107465657778,62.5080298972073,64.3529411764706,27.079717978731274,62.2644605077999,821.4264536673201,68.90300305238408,50.644106342428394
2025-08-11 06:15:00,11.173357422997135,62.4831048332253,64.3529411764706,27.121473048561864,62.384065564918686,827.3247134235094,69.49937219715764,50.73244199293356
2025-08-11 06:30:00,11.235026503078686,62.69596093539781,64.3529411764706,27.072873965033615,62.22317302255325,825.7553633460542,68.71746479907353,50.75195963996466
2025-08-11 06:45:00,11.13168797671259,62.730017673242415,64.3529411764706,27.062840020451457,62.44730474487852,818.3545419761774,69.60709715219426,50.7684941461702
2025-08-11 07:00:00,11.29418520841383,62.831496521235714,64.3529411764706,27.080455415359406,62.2481433845283,818.1375260729764,69.20409491809926,50.376441566927724
2025-08-11 07:15:00,11.05645700101736,62.81792286307382,64.3529411764706,27.104735857311393,62.08259672491526,823.7310715010597,68.44931501520513,50.4635347164453
2025-08-11 07:30:00,10.48014646312369,62.79832115074497,64.3529411764706,27.125091129582525,61.905156301673266,825.4971521548293,68.47441486980635,50.42933042387443
2025-08-11 07:45:00,9.849911404951746,62.851405251324174,64.3529411764706,27.154799716212423,62.04268406335817,825.7003057712292,69.83224844749023,50.17753076814494
2025-08-11 08:00:00,9.54712716436419,62.8400941748441,64.3529411764706,27.148116670746656,61.928294535869554,823.1946328659966,69.50426579182177,49.60913539393238
2025-08-11 08:15:00,9.649236852179351,62.76299563720073,64.3529411764706,27.22611592808759,58.62591917403293,818.6108235339997,70.0439316807527,49.34064626544902
2025-08-11 08:30:00,9.556932454640261,62.838973641111096,64.3529411764706,27.225406496799547,58.8708539287859,820.4393429078791,67.95603155526311,49.32812128549648
2025-08-11 08:45:00,9.300094778513841,62.98910741228496,64.3529411764706,27.27437537730438,58.81768732660371,827.2026265734467,68.41172516362927,49.352339993963035
2025-08-11 09:00:00,8.921473070990272,62.89755739359068,64.3529411764706,27.257716841459565,58.666740720903455,819.8902617644974,69.58504719562788,49.497432014458674
2025-08-11 09:15:00,8.732620922954895,62.861796359280795,64.3529411764706,27.241038497891285,58.66376191317022,823.6266729435737,70.81697778488365,49.2197716203453
2025-08-11 09:30:00,8.747446156756943,62.783577003295235,64.3529411764706,27.254747899508352,58.57091600813067,815.1485495139154,70.37996949523841,49.09569639131323
2025-08-11 09:45:00,8.886750659647406,62.797632886844355,64.3529411764706,27.30786416639105,58.85715672800128,816.7928460006711,70.31270886515762,49.10130348343828
2025-08-11 10:00:00,8.98026465441342,62.64859445112076,64.3529411764706,27.296465644841035,58.92950810021893,816.1712382998684,70.23092248573921,49.1194891826213
2025-08-11 10:15:00,8.926487987469434,62.73347386898239,64.3529411764706,27.305796999765107,59.06075983323558,822.4554575402556,70.78147581444806,49.179805001856856
2025-08-11 10:30:00,8.62482985411942,62.7206158250384,64.3529411764706,27.344315258988317,58.86992187558102,825.978585687833,68.67378290281854,49.53285861036954
2025-08-11 10:45:00,8.478743316870169,62.735824743774636,64.3529411764706,27.39446149063351,58.84812748311205,823.4321497904937,70.2257416624289,50.05090224111012
2025-08-11 11:00:00,8.858695111502374,62.84548143442578,64.3529411764706,27.488153228832516,58.72580489449055,828.1152239773504,69.63006346335968,50.18150439385964
2025-08-11 11:15:00,9.165784160540786,62.86329148413905,64.3529411764706,27.518066231864932,58.77190301396496,829.3535348296817,69.24819731310569,50.4773299920254
2025-08-11 11:30:00,9.391235726291887,62.76503398938406,64.3529411764706,27.4752309892996,58.81200419931098,823.6988949585028,70.00051064125448,50.623361521404654
2025-08-11 11:45:00,9.395242732590058,62.824181267548646,64.3529411764706,27.46415149524221,58.880075303751426,831.383316800558,69.3494933099214,50.518080540257806
2025-08-11 12:00:00,9.3207498546536,62.76012339417367,64.3529411764706,27.42075397353254,59.01489204962582,828.6562084137801,69.61075550057694,50.445566924055946
2025-08-11 12:15:00,8.996080085817882,62.79832427413656,64.3529411764706,27.412745967006156,58.55801533201465,831.7120474804923,69.9246251884414,50.50822586399868
2025-08-11 12:30:00,9.05086083213956,62.777699552589496,64.3529411764706,27.41518480885318,58.52315603982146,829.7769122549032,70.26310323932007,50.41768366974076
2025-08-11 12:45:00,9.084239667232879,62.77658895784733,64.3529411764706,27.373650086546572,58.74665649022681,829.5779838139628,69.92984619850738,50.24911332203976
2025-08-11 13:00:00,9.265370849512705,62.86351266127094,64.3529411764706,27.41000436622737,58.80372549304602,820.6676832913155,69.93783581557908,50.27138850795103
2025-08-11 13:15:00,9.247020146789229,62.83696610671078,64.3529411764706,27.4288972771964,59.160627047687974,824.6813489051812,70.44798192970389,50.39684996041104
2025-08-11 13:30:00,8.884653721404856,62.88598926336165,64.3529411764706,27.403189701299542,59.10586909693045,827.2343009086092,71.31752461994161,50.255558850693795
2025-08-11 13:45:00,8.53448205470654,62.86927586340141,64.3529411764706,27.36390038787036,59.40431660798317,820.6808746137293,70.90688348785969,50.656682698743
2025-08-11 14:00:00,7.903413866301926,62.9233579693952,64.3529411764706,27.401092323440476,59.19782419632119,822.4678237398699,69.86906774644892,50.647930424886454
2025-08-11 14:15:00,8.021964908054903,62.98164223902951,64.3529411764706,27.38864977828781,59.280927752635534,825.8890857099545,69.58688975051037,50.17086668262064
2025-08-11 14:30:00,8.098370379181276,62.96919832450453,64.3529411764706,27.41218434089941,59.27971005349892,826.8616605166523,70.02267322019394,50.31773059317433
2025-08-11 14:45:00,7.795514706233804,62.97252273418286,64.3529411764706,27.405722057786726,62.06499294885438,825.0417376197341,71.68816888265624,50.59663912878378
2025-08-11 15:00:00,7.671430412866923,63.025886707233646,64.3529411764706,27.368846831182505,62.12207618707136,821.5006325664515,70.44637141099489,50.45020401750914
2025-08-11 15:15:00,7.384278452122209,63.00666394840316,64.3529411764706,27.405545496555497,62.20560300719127,824.6489873168297,70.835932754949,50.88187413066052
2025-08-11 15:30:00,7.427488254267493,62.97783301173046,64.3529411764706,27.371573354133776,62.397912798373476,828.3838303454116,69.92676051049494,50.82517508920443
2025-08-11 15:45:00,8.10354555936587,62.888822414180446,64.3529411764706,27.354309447390552,62.31337008213745,827.1375056115901,70.36039879223615,50.46987012559056
2025-08-11 16:00:00,8.540106270095382,63.009444960716614,64.3529411764706,27.360794021983686,62.70676592583668,824.3385762670375,70.67826299933037,50.72446759299969
2025-08-11 16:15:00,8.72096661708963,63.16887603488685,64.3529411764706,27.31373278406466,63.021258032710634,825.1927057188093,70.13232118847768,50.87331458146601
2025-08-11 16:30:00,8.911089559916183,63.08469512563967,64.3529411764706,27.25812577770895,63.04029145111782,826.2039145817333,70.37238193175111,50.85404718067528
2025-08-11 16:45:00,8.899129353416585,63.107291691648605,64.3529411764706,27.231834490725255,63.113362509501506,818.1379689185932,69.69693355282986,50.69441934518126
2025-08-11 17:00:00,9.079344588167466,63.13902395721583,64.3529411764706,27.18830890702985,63.3840561284365,824.9204023161641,72.4198917391598,51.107385664416014
2025-08-11 17:15:00,9.450450411159919,63.08691906150435,64.3529411764706,27.170772239523494,63.035969606378444,836.8375413848152,70.76303990912731,51.26593580470819
2025-08-11 17:30:00,9.970176019825862,63.14026777367931,64.3529411764706,27.15068996658863,63.0563762058147,829.2951688220085,70.32640718317242,51.40121561106656
2025-08-11 17:45:00,10.158332907037487,63.20000880808287,64.3529411764706,27.15695510886486,63.10792966863566,835.175860737266,70.50399574667078,51.49018848543489
2025-08-11 18:00:00,10.245356935570799,63.08728184929907,64.3529411764706,27.13912614619593,63.245582359765706,827.0009965584154,71.31578504994668,51.45606764408084
2025-08-11 18:15:00,10.01366833320946,63.08897594282845,64.3529411764706,27.190577841439037,63.160796593435904,824.1499281720662,70.76415415950694,51.35529870064873
2025-08-11 18:30:00,9.812266095012085,63.18877322100029,64.3529411764706,27.220263209204916,63.34902710757756,824.3780942351067,71.27563096940386,51.315036890969616
2025-08-11 18:45:00,10.438052677754301,63.28410704158283,64.3529411764706,27.162534166474973,63.38288656633262,825.1319509954461,70.17376437523183,51.26131114841079
2025-08-11 19:00:00,10.498941063235254,63.33430026474232,64.3529411764706,27.154369769073796,63.20371894338456,821.507716799775,70.18789244025518,51.51315691552341
2025-08-11 19:15:00,10.454592967526056,63.32028492308124,64.3529411764706,27.120168982086252,62.92554614029725,826.4274172882491,70.73732346817957,51.67659862035583
2025-08-11 19:30:00,10.195476004995642,63.22705132274553,64.3529411764706,27.117312889625573,62.824375137452385,823.627902875236,70.63293725777932,51.27651555290845
2025-08-11 19:45:00,9.767601948397948,63.12172124806141,64.3529411764706,27.08835685832476,62.87825868443412,821.3334715304106,70.82419377348191,51.14829915239331
2025-08-11 20:00:00,9.794130142382404,63.069875554532054,64.3529411764706,27.110152968386863,62.97172940798271,830.2720744418154,70.299881959574,51.370879208133985
2025-08-11 20:15:00,10.001732034934387,63.16732979088784,64.3529411764706,27.13183162363207,63.04418205075261,833.2116428826479,70.46039997629413,51.36850334847206
2025-08-11 20:30:00,9.977601546135851,63.16761435148323,64.3529411764706,27.1744628897117,63.141887025385195,833.3090333033975,71.20575409196647,51.0717173353507
2025-08-11 20:45:00,9.888770854455995,63.045904172046846,64.3529411764706,27.16639987719632,63.155347093295966,835.7510349298378,70.54484955152789,51.137561008497535
2025-08-11 21:00:00,9.693653938354853,62.96136002919105,64.3529411764706,27.129845126495496,59.697801720518555,837.1495810079401,70.67034349226806,50.69999899989986
2025-08-11 21:15:00,9.658274318857151,63.068145725501495,64.3529411764706,27.10308350519943,59.48149844330915,834.8691603623173,70.17277880092418,50.96309086565009
2025-08-11 21:30:00,10.28549020987925,63.093675998073984,64.3529411764706,27.0970655641421,59.20681472194506,830.0840088304936,69.58366792580273,51.03796028961028
2025-08-11 21:45:00,10.550341147245518,63.03160442944792,64.3529411764706,27.06812084054655,59.1427674066798,838.3026945439437,70.12812537341266,50.652144808748005
2025-08-11 22:00:00,10.98294065835725,63.043923881814486,64.3529411764706,27.00109172493562,59.14964363689743,827.4061080970635,70.31307369021502,50.472608868205384
2025-08-11 22:15:00,11.064092402999155,62.97513472678662,64.3529411764706,26.955488894998204,59.31267434235802,825.6780655820888,69.85951288024452,50.59685929991291
2025-08-11 22:30:00,10.828684489003791,62.99982334655491,64.3529411764706,26.914785496711346,59.45597927696762,828.5111440493326,69.34183301714336,50.833278951249014
2025-08-11 22:45:00,10.916476764661908,63.12116736543079,64.3529411764706,26.871518699901813,59.51509060408703,826.800185470012,70.32655660591963,50.61966224401544
2025-08-11 23:00:00,11.49282779697357,63.208762339427594,64.3529411764706,26.888895439816135,59.31452894125274,829.7517426480096,70.37121560945513,50.684673166119964
2025-08-11 23:15:00,12.07330268556887,63.092493016891275,64.3529411764706,26.884921329618784,59.45972560354262,827.5401938202409,70.44258709173069,50.870570292647706
2025-08-11 23:30:00,12.14419780428591,63.08341404395262,64.3529411764706,26.862857536717925,59.44999262801998,825.7424700690847,69.64989445345076,51.23023962968579
2025-08-11 23:45:00,12.104380551112822,63.15559047528307,64.3529411764706,26.83052416748359,59.44621962002336,832.0835515370864,69.75206115310161,50.80836494757647
2025-08-12 00:00:00,11.700838782254689,63.0998866187892,64.3529411764706,26.83036911460852,58.94470661206284,835.7942943643392,69.70379065520717,50.93211648370381
2025-08-12 00:15:00,11.50162803748413,62.879028298284084,64.3529411764706,26.853346769867095,59.07162781034317,842.7486558668688,69.81468527493554,50.513421304258905
2025-08-12 00:30:00,11.72152420611985,62.86654669009272,64.3529411764706,26.83922288771776,59.08385147845553,844.2213270415173,69.13693179716316,50.748095282390715
2025-08-12 00:45:00,12.144808750912677,62.686185065863526,64.3529411764706,26.900890194986957,58.88120036121557,838.1683952456435,70.0757144401923,50.61733288395442
2025-08-12 01:00:00,12.564561373515875,62.696924101560185,64.3529411764706,26.83440957594389,58.962177228204915,830.8418967017318,69.26577246904922,50.72589779037874
2025-08-12 01:15:00,12.01320727995732,62.557781255752055,64.3529411764706,26.822560248113707,58.493806869649845,840.0291465912485,68.62389909505853,50.49866468617682
2025-08-12 01:30:00,11.575796401046619,62.48066115910238,64.3529411764706,26.88020848544329,58.640858679326314,839.3066051053869,69.99213681093698,49.972710486732126
2025-08-12 01:45:00,11.68541964683202,62.447617813414034,64.3529411764706,26.903745557355442,58.683035888033814,841.1067198921074,69.12505628048949,50.08324178385438
2025-08-12 02:00:00,11.275807469369477,62.38407997182165,64.3529411764706,26.872164340241074,58.63522547768954,829.491546058053,70.16425404972311,49.849800801424756
2025-08-12 02:15:00,11.283036797387977,62.32875150731346,64.3529411764706,26.87207660489312,58.593499662682966,829.7723282795271,70.09047515206636,49.70485453161292
2025-08-12 02:30:00,11.341394031414948,62.29240070380748,64.3529411764706,26.89970010349329,58.77173173766713,822.5498423579473,71.18957420773094,49.5246626663455
2025-08-12 02:45:00,11.1740431335757,62.216074333270434,64.3529411764706,26.939774067287058,58.6413666563472,823.9712615581814,69.16552999415178,48.93496035554868
2025-08-12 03:00:00,10.94620041408763,62.11078565633747,64.3529411764706,26.942839029186807,58.11650034268398,832.9322636664256,69.46377458529366,48.98636662575368
2025-08-12 03:15:00,10.783798683066676,62.02262476879356,64.3529411764706,26.942215862071823,61.18522813328189,840.6097764026605,68.92500984654076,49.86741535613827
2025-08-12 03:30:00,10.637046220982514,62.00060203393173,64.3529411764706,26.958832299663634,61.69825656065757,829.9233095335707,68.45790822990921,49.943658488916036
2025-08-12 03:45:00,10.916866291781892,61.9744715941229,64.3529411764706,26.98361890681071,61.43773180288322,838.0489706437913,68.9534240749151,49.966534679875615
2025-08-12 04:00:00,11.074393032542675,62.06190992119195,64.3529411764706,26.992328132378677,61.487432683955745,840.700123114819,68.40986102565026,50.25391226115114
2025-08-12 04:15:00,11.308568838289727,62.14534322803605,64.3529411764706,27.051433211031974,61.419367057580885,836.8263408778714,69.33919147396503,50.14047342276765
2025-08-12 04:30:00,11.146414573515845,62.04582877401984,64.3529411764706,27.04400028308924,61.2903114739659,839.2905524641421,69.4058616544277,49.908687336531656
2025-08-12 04:45:00,10.857113346950063,62.08893821206876,64.3529411764706,27.029568192476642,61.54010524746407,835.171564812883,70.32578829581551,50.248739708352446
2025-08-12 05:00:00,10.973848496136231,62.050974713045996,64.3529411764706,27.033892893085323,61.43418898021125,840.2022207536312,69.98189223471438,50.576961229383684
2025-08-12 05:15:00,11.400269200249632,62.07509991577439,64.3529411764706,27.04572354305454,61.58768527319461,836.3131548019833,68.01276526889183,50.977508491319874
2025-08-12 05:30:00,11.809820336903849,62.00254568642823,64.3529411764706,27.052916646847816,61.84924087911374,843.1894159535908,69.28046262069651,51.223517511498216
2025-08-12 05:45:00,11.628065823898856,62.02047900048534,64.3529411764706,27.022393635354653,61.94588454905661,845.8983676141581,68.29841542498929,51.13356731497094
2025-08-12 06:00:00,11.476041220603271,61.99313448356888,64.3529411764706,27.025842286490903,61.95054620051664,837.4124557859752,69.57307201571243,51.191193744955065
2025-08-12 06:15:00,11.301216229623408,61.91974418280594,64.3529411764706,26.95173415615992,62.036024210733146,844.9270900483097,69.30038618447662,51.21885022093579
2025-08-12 06:30:00,11.333114056412972,61.83671793324888,64.3529411764706,26.9677141290045,62.36426901329311,839.6684918214683,67.8478616501292,51.19841896575224
2025-08-12 06:45:00,11.384986301821488,61.85757519714082,64.3529411764706,26.960073203057426,62.397088682762785,834.3074543548535,69.1366274771422,50.93587749339362
2025-08-12 07:00:00,11.475811277005844,61.86736204167867,64.3529411764706,27.0221818348447,62.12198605727679,836.6839783635555,69.17955462715553,51.204361238054624
2025-08-12 07:15:00,11.08309323639398,61.783698647032075,64.3529411764706,27.031804947356996,62.27263096325808,835.8805806365935,68.24148883960692,51.22797709575377
2025-08-12 07:30:00,10.532718395665581,61.805464304497484,64.3529411764706,26.988171969508524,61.91873624094492,843.5197427101231,67.45278880334496,50.953373734391675
2025-08-12 07:45:00,9.903070326521151,61.81935702882225,64.3529411764706,26.99310494602952,61.96386704857275,835.5820052452603,70.66411006655201,51.22119397555369
2025-08-12 08:00:00,9.427812148482356,61.84034213543957,64.3529411764706,26.94851322322125,62.15676209208688,835.6628632525171,70.20528206317245,51.54855165110782
2025-08-12 08:15:00,9.647466948317552,61.94096873283232,64.3529411764706,27.033617656212,62.08373245616164,839.5792274519265,70.10561427978028,51.20669952309303
2025-08-12 08:30:00,9.552299043035267,61.91171870372467,64.3529411764706,27.068282528056148,61.94422676680948,839.2567810505465,70.59987569655259,51.235610208498365
2025-08-12 08:45:00,9.56850831398876,61.99053670908043,64.3529411764706,27.089214032972365,62.048262505721844,839.6514495837058,70.11873332145657,50.91811452877895
2025-08-12 09:00:00,9.116121199436982,62.03476257816445,64.3529411764706,27.136477167004802,62.05215202702063,837.2258012029317,69.85796272648176,50.695300843003466
2025-08-12 09:15:00,8.67838089765905,62.0240260935495,64.3529411764706,27.13270389283204,62.1485199918391,842.8823235978203,71.08282852564288,50.26066043755256
2025-08-12 09:30:00,8.673106608763634,62.10599297788031,64.3529411764706,27.143436205836498,62.28991451021146,839.0551842646951,71.99322490392983,50.5861208224699
2025-08-12 09:45:00,9.05579952035422,62.25794734091232,64.3529411764706,27.09235137892055,59.36324122836928,843.2932306499036,68.86056936946494,50.39607092185401
2025-08-12 10:00:00,9.381408520856409,62.25350945734543,64.3529411764706,27.105588753577916,59.261458069787146,847.1826748300607,69.01031256493872,50.1243925566985
2025-08-12 10:15:00,9.121385485027792,62.32316128073549,64.3529411764706,27.13325352479499,59.02208442372841,844.9262846150419,69.74796352007715,49.974911965810065
2025-08-12 10:30:00,8.956398456627761,62.3970748516941,64.3529411764706,27.169909700289598,59.06706466029778,844.0420912152379,70.7059571320676,49.74476147556613
2025-08-12 10:45:00,8.904748929651017,62.40288334180698,64.3529411764706,27.167394289722033,59.06206593567566,847.2266376605737,69.04068680029022,50.00995650922483
2025-08-12 11:00:00,9.24522997886344,62.40640765259329,64.3529411764706,27.179048447278753,58.98570478074926,849.8560382123934,70.36922347463256,50.71752296159359
2025-08-12 11:15:00,9.918161302675728,62.474689129503865,64.3529411764706,27.182043994816464,58.75372221877834,846.7459049043732,68.97307811561876,50.725759820333
2025-08-12 11:30:00,10.347337581739808,62.48339031654443,64.3529411764706,27.22486009083364,58.85422706076027,851.8459707270658,69.3985191103484,50.89597139204542
2025-08-12 11:45:00,10.338539247290852,62.430234133386165,64.3529411764706,27.24776419921559,59.11989829466578,851.5760167381163,69.3231635329369,51.21665505467337
2025-08-12 12:00:00,10.233778339803084,62.367417896472595,64.3529411764706,27.21784543310014,59.2439841242387,849.2108283527834,69.60230153489758,50.82880065687836
2025-08-12 12:15:00,9.874350713727063,62.42767745006888,64.3529411764706,27.26792611864391,59.39786869275493,853.4126394455454,69.50511126543077,50.84185837101271
2025-08-12 12:30:00,9.923500330069524,62.590239939169756,64.3529411764706,27.253150015868858,59.54419102154091,859.1428546362691,69.48233761216939,50.91376902632649
2025-08-12 12:45:00,10.263911932028408,62.64285155025092,64.3529411764706,27.276187692232924,59.636387433877225,853.364867723096,69.15073724899155,50.945066389183566
2025-08-12 13:00:00,10.389893714970405,62.699322651474276,64.3529411764706,27.244544974757492,60.06781591685406,848.7213588823884,69.62858469815876,51.074624716931645
2025-08-12 13:15:00,9.802927429057362,62.72902229198715,64.3529411764706,27.231974691835237,60.30298349234695,846.7607162298451,71.67999240090646,51.22026332148855
2025-08-12 13:30:00,8.973325982846156,62.81508039984496,64.3529411764706,27.237129116611975,60.22628409983278,846.5127577487829,69.9521817635796,51.24823914365969
2025-08-12 13:45:00,8.173516847783805,62.842250940472255,64.3529411764706,27.23969841596938,60.38094982663768,847.0117789089678,69.34612884994688,50.89223255634275
2025-08-12 14:00:00,8.218859728035515,62.931627257609485,64.3529411764706,27.2230365063496,60.23225783263498,856.5686252781865,70.34732330689188,50.916573019917664
2025-08-12 14:15:00,8.376220443701826,63.06237513325272,64.3529411764706,27.242202177051652,60.345650132197235,858.6657669968192,69.69602734468252,50.5458247693438
2025-08-12 14:30:00,8.388268622211763,63.19777606516002,64.3529411764706,27.235655718875343,60.62565286438452,857.1149713193048,69.25569889247544,50.57027974199783
2025-08-12 14:45:00,8.304746408657698,63.275052134822516,64.3529411764706,27.157915231178134,60.705070651998994,849.1515848936502,69.31355135998939,50.500316221942164
2025-08-12 15:00:00,7.903864197592851,63.274957637158074,64.3529411764706,27.14935921104314,60.64492502086172,853.3259288267541,70.36725134182547,50.197546725889055
2025-08-12 15:15:00,7.504184520750526,63.33382974225871,64.3529411764706,27.171499509521066,60.80884962597072,851.4344633472822,70.64905802491091,50.51126135753286
2025-08-12 15:30:00,7.769786117044126,63.31503578859167,64.3529411764706,27.15401922600583,60.25758084183724,855.1738838060535,69.67139620281576,50.78152246769455
2025-08-12 15:45:00,7.936890007647503,63.310354166052335,64.3529411764706,27.178244271454915,60.184169994643796,858.9307827900014,70.88298105903336,50.8543572125716
2025-08-12 16:00:00,8.416405464471076,63.26541078043803,64.3529411764706,27.20570473049923,63.4963915182406,848.9527815515107,70.03997639686439,51.72848921696101
2025-08-12 16:15:00,8.627481961583635,63.27180038050662,64.3529411764706,27.228968905916098,63.210720700920184,850.6428697514882,71.05945942499434,51.252516716208554
2025-08-12 16:30:00,8.459789468657666,63.206866914122315,64.3529411764706,27.26759017806855,63.20349723038589,854.496757669095,70.75636361429504,50.8041970288268
2025-08-12 16:45:00,8.317946417981315,63.32519931905879,64.3529411764706,27.260847545762754,63.22837119271774,843.7536951868766,70.37118864720765,51.13586198823947
2025-08-12 17:00:00,8.560160594432583,63.39340101606248,64.3529411764706,27.301439684735257,63.63811891505148,849.5501505238009,70.72389983972298,50.911573082734876
2025-08-12 17:15:00,9.103620650351859,63.32837864782502,64.3529411764706,27.299147042021232,63.865166923129976,848.4555086131109,70.24564022655814,51.25092789176339
2025-08-12 17:30:00,9.790274053056313,63.307020578126554,64.3529411764706,27.333008790049245,64.08749118471094,844.959051728404,69.5780396464788,51.1804450440033
2025-08-12 17:45:00,10.095954442425283,63.28847038277654,64.3529411764706,27.34812006552545,64.05739449043777,847.9297204921498,69.40915497646398,50.920026679178626
2025-08-12 18:00:00,9.635388249029953,63.194344357423766,64.3529411764706,27.33689772965462,64.45572117430156,854.250829351878,71.10677002874128,51.06177161216922
2025-08-12 18:15:00,9.8807097137272,63.11650698167748,64.3529411764706,27.341917199098912,64.27294493139169,852.4788492175287,69.60350976429481,50.68915909591055
2025-08-12 18:30:00,9.989116912518641,63.20560138421583,64.3529411764706,27.38124448826942,64.3791948167025,861.1581141664126,70.27726372624576,50.73380698866303
2025-08-12 18:45:00,10.607474083899527,63.18242259649792,64.3529411764706,27.388649969420012,64.25540791600261,863.1205570734327,70.57163104445476,50.56503616580947
2025-08-12 19:00:00,11.020793497213536,63.12490270504067,64.3529411764706,27.403481606119502,64.20894924280032,869.0945425132725,70.42649432467259,50.52269923681926
2025-08-12 19:15:00,10.59162484199277,63.236252800127374,64.3529411764706,27.389383318977313,64.21314892547132,869.6024715270822,69.3751367629872,50.56240171115983
2025-08-12 19:30:00,10.292140816317877,63.33715374042701,64.3529411764706,27.381450892945235,64.55828865832399,862.4749050169505,70.15684494924915,50.30462296353553
2025-08-12 19:45:00,9.767225010407131,63.32359667966517,64.3529411764706,27.348369218066694,64.6579337488528,867.885315866176,69.97194341247288,50.239246714362515
2025-08-12 20:00:00,9.408733081211652,63.14265211497484,64.3529411764706,27.372664475541214,64.36311094522681,872.6571076746422,71.02243026935987,50.61081056710345
2025-08-12 20:15:00,9.60093837498653,63.11168905235538,64.3529411764706,27.42491839708394,63.95851224403062,871.9230914524244,70.67621380210642,50.745546935841915
2025-08-12 20:30:00,9.822218971876373,62.985586957384086,64.3529411764706,27.409450568592383,64.09165674818237,875.8877819615495,70.2373880683191,50.733475445413504
2025-08-12 20:45:00,9.677813783646346,62.95570222522218,64.3529411764706,27.407533419863046,64.07111493334888,883.6493535168777,69.18259843853325,50.86427900730704
2025-08-12 21:00:00,9.61124465216738,62.95251543280691,64.3529411764706,27.37060695047856,64.15188712424202,872.0830704821815,70.20729410300261,51.12983702410766
2025-08-12 21:15:00,9.37142970680684,62.94992661494906,64.3529411764706,27.28397283873243,64.06834125819566,869.8407408112968,68.5485878852443,51.25367744946962
2025-08-12 21:30:00,9.655665398481947,62.86097766961567,64.3529411764706,27.26481346355536,63.76652025662431,868.2151283101329,70.57707307695267,51.179717386390664
2025-08-12 21:45:00,10.125512276078151,62.83979237236586,64.3529411764706,27.215740964641654,63.29578109739171,864.2664253986454,70.30674286536541,51.2456262768248
2025-08-12 22:00:00,10.4057943052549,62.89374249891247,64.3529411764706,27.16028925759954,63.13410781078483,865.5098507752404,70.76940456370492,50.79304222631115
2025-08-12 22:15:00,10.495501204730703,62.83984862948267,64.3529411764706,27.136814226130667,59.94836337576626,861.3592018258191,70.96105222101778,50.840856891717316
2025-08-12 22:30:00,10.636364273721906,62.835753828857264,64.3529411764706,27.091241999045593,59.87218361017412,864.3904569477797,69.20914203274583,50.45522894694576
2025-08-12 22:45:00,10.917073603222821,62.74356850765175,64.3529411764706,27.076346497299127,59.67080099700192,868.4391071864698,69.03524531781211,50.34046811479483
2025-08-12 23:00:00,11.298655194889639,62.68220014073879,64.3529411764706,27.07497584101021,59.815741993946716,868.039089284121,70.78932141571448,50.29488178268444
2025-08-12 23:15:00,11.39532096397533,62.762115077649945,64.3529411764706,27.0802351680328,59.66788278130409,862.9464124204234,68.4391110412498,50.50697521795391
2025-08-12 23:30:00,11.913240666771346,62.82714394335349,64.3529411764706,27.054179061588925,59.84933405520268,860.6006011947521,70.90798465920001,50.421055853827966
2025-08-12 23:45:00,12.138168358517623,62.75272708648223,64.3529411764706,27.101640240729083,59.708385220672156,866.2980924143776,69.46918890150016,50.30242817620615
2025-08-13 00:00:00,12.30790364293825,62.72512139567255,64.3529411764706,27.075678326681125,59.69706495645594,869.6649766944273,69.3199509367216,50.27867828638669
2025-08-13 00:15:00,12.229698313643937,62.76508894505855,64.3529411764706,27.05528066892652,59.63591127697061,866.9228421460482,69.40984439963417,50.19625449581764
2025-08-13 00:30:00,12.064645818067225,62.81361244606282,64.3529411764706,27.025584321686082,59.779257008723796,868.3805186123681,67.8680806606189,50.27939580898146
2025-08-13 00:45:00,12.211640651954136,62.84041886888715,64.3529411764706,27.003386735665888,59.65428596666702,868.3088396301748,69.49162188671478,50.43949168681
2025-08-13 01:00:00,12.427058696271663,61.0103037874456,64.3529411764706,26.492414437614098,61.53709911968431,816.0716049429291,67.414726845883,50.154335388364544
2025-08-13 01:15:00,12.449788466877196,60.96968095861012,64.3529411764706,26.551365356459062,61.46428324900111,814.3741645522593,67.04770203753462,49.75179404545504
2025-08-13 01:30:00,12.171096304133336,60.93323876620392,64.3529411764706,26.524346332854986,61.448529182718524,809.5425329925575,67.18981666251686,50.06222929677767
2025-08-13 01:45:00,11.679211236858018,60.87141527020825,64.3529411764706,26.538947831557582,61.3101524007286,812.8025040092248,67.3784932708669,49.870097021432414
2025-08-13 02:00:00,11.778448765207877,60.75668774116493,64.3529411764706,26.540341932613728,61.210152511753385,815.7729032311252,67.55822648662544,50.13473154326358
2025-08-13 02:15:00,11.776332083110743,60.64017935097556,64.3529411764706,26.500358974101115,61.12235025844487,809.1025979818793,67.36069864689667,49.96052564686348
2025-08-13 02:30:00,11.754027703986186,60.74004918309569,64.3529411764706,26.46976650236252,61.23927493392139,803.260061382804,67.07003592230114,49.73392337815272
2025-08-13 02:45:00,11.478950601572508,60.59972312536411,64.3529411764706,26.471876778224917,61.08104478584359,805.8437117224221,67.11005818085634,49.62743427898867
2025-08-13 03:00:00,10.926836489646712,60.59138895519757,64.3529411764706,26.50529550128546,60.84636782773431,803.1069162950344,68.07428855995681,49.825943075183815
2025-08-13 03:15:00,10.755750588861233,60.59833123427234,64.3529411764706,26.522579460767762,60.6503189812454,796.4851237732237,67.96524027418128,49.71054587328203
2025-08-13 03:30:00,10.62329828226256,60.49049351829475,64.3529411764706,26.524689367058517,60.41838716229675,801.4461932332076,68.25172755784324,49.59146396742703
2025-08-13 03:45:00,11.11626646216395,60.53933437153421,64.3529411764706,26.478856449741134,60.21327210514294,808.8556644930635,67.3539054967809,49.15772864409778
2025-08-13 04:00:00,11.257210220845796,60.451749484326996,64.3529411764706,26.47630798032421,60.37475209212029,807.537763269916,67.05206875694014,49.17393521114914
2025-08-13 04:15:00,11.35200810841565,60.29268592406973,64.3529411764706,26.478332854901378,60.46880386223745,805.5334297161882,67.9847517031731,49.00671808880876
2025-08-13 04:30:00,11.305427358190013,60.252658090223555,64.3529411764706,26.42266605889891,60.79857944264625,804.6007542315456,69.38776815168646,49.08190026691094
2025-08-13 04:45:00,11.206277756081857,60.15884112637388,64.3529411764706,26.368476664196358,63.9358206842857,801.0376083392474,68.3794737658576,49.46044118107368
2025-08-13 05:00:00,11.463897926521673,60.22590949816783,64.3529411764706,26.332580532302224,63.69571668964703,799.3940379579883,67.25575435831513,49.403262955446934
2025-08-13 05:15:00,11.569601877937007,60.09707368858203,64.3529411764706,26.248789331390146,63.47200130988309,802.7383631066854,68.82731076144925,49.47784844389926
2025-08-13 05:30:00,11.944407189165641,59.96731136400055,64.3529411764706,26.21384634003204,63.649120432803386,803.8803532081431,70.32457197746486,49.66600668413887
2025-08-13 05:45:00,11.716201772263558,59.896809603046066,64.3529411764706,26.180176248410785,63.75225963670686,811.2772174434044,69.58523676688155,49.81188286957515
2025-08-13 06:00:00,11.42440333839088,59.862804972700644,64.3529411764706,26.12308825489215,63.96355030115019,807.32583967312,67.29751702533969,49.51741650305576
2025-08-13 06:15:00,11.282778295650543,59.834212505594905,64.3529411764706,26.157005282958476,63.84571343315966,805.7313244041039,68.1242778923164,49.65822179524642
2025-08-13 06:30:00,11.339586546926848,59.84479811779421,64.3529411764706,26.133244089140977,63.67836042410174,796.5211987503232,67.9728747546078,49.34679159333731
2025-08-13 06:45:00,10.899521528456546,59.73331144553818,64.3529411764706,26.147958853174018,63.96246368965775,794.6079115958164,67.26762354003309,49.637865692899695
2025-08-13 07:00:00,10.655454018246413,59.86277903883424,64.3529411764706,26.1346143559809,64.31638328718208,793.0326044994591,68.19605213692668,50.02189898651163
2025-08-13 07:15:00,10.744408173367335,59.80595021361647,64.3529411764706,26.091984087723816,64.39346925652123,795.0199490598915,65.97649699714853,49.98019671252212
2025-08-13 07:30:00,10.162312664681767,59.8139252192612,64.3529411764706,26.093513023108056,64.3007896849354,798.1476990602183,66.1875714212716,49.79918644254487
2025-08-13 07:45:00,9.975292047318344,59.80467494224003,64.3529411764706,26.092469881396077,64.5892469201333,802.6099455236315,66.37778577167884,49.89570336669798
2025-08-13 08:00:00,9.823001119961681,59.925744180022306,64.3529411764706,26.112156340005846,64.3877022819824,804.1904241978046,67.5799545583058,49.885265723649326
2025-08-13 08:15:00,9.820207371984589,59.954069628885485,64.3529411764706,26.11739578370285,64.22638632095199,805.2032997300247,67.6818648190997,49.93227497265819
2025-08-13 08:30:00,9.774146603720649,60.00358970396342,64.3529411764706,26.144138885641834,63.699941070409686,802.3803447564237,68.1057039332573,49.736571825458086
2025-08-13 08:45:00,9.512347594367789,59.87070383113799,64.3529411764706,26.154378235728636,63.989525959108065,812.4658744507514,67.63903931402605,50.19845728288837
2025-08-13 09:00:00,9.240049403209312,60.04465047258208,64.3529411764706,26.20270015701538,64.20165823584924,821.0300650004289,67.15855372586896,50.29706417651215
2025-08-13 09:15:00,8.918609091211888,59.97846715032661,64.3529411764706,26.214646527816452,64.09252312339521,818.0559083728903,66.09996716028041,50.33968158140011
2025-08-13 09:30:00,8.8230027993411,60.05941535945011,64.3529411764706,26.256003373543326,63.93401469231329,819.1971516103986,67.83039609463098,50.14671836831217
2025-08-13 09:45:00,9.364432177810398,60.0174551121704,64.3529411764706,26.198187559600306,64.2504248130192,816.0707449970973,67.7117995631601,50.32026606883352
2025-08-13 10:00:00,9.380317385898906,60.15194866250799,64.3529411764706,26.237341341465626,64.48294087272463,812.578703788146,67.99054223227945,50.40072931576131
2025-08-13 10:15:00,9.43405091399275,60.19747316324375,64.3529411764706,26.229656047130298,64.88901747622079,808.5168024824213,67.89241220198882,50.523614368539576
2025-08-13 10:30:00,9.191116614949724,60.235322067587916,64.3529411764706,26.281174749337428,65.10857181706439,810.2723474128711,67.81171943793083,50.558313713542816
2025-08-13 10:45:00,9.146507012511568,60.26139021712289,64.3529411764706,26.211796260971507,65.47238209810948,809.1676664821607,66.9681756332979,50.88191061630125
2025-08-13 11:00:00,9.297552364044451,60.276892387187964,64.3529411764706,26.23092990493792,62.536766697827076,808.5414522419644,68.28881620179801,50.584750643602135
2025-08-13 11:15:00,9.497759579661677,60.40603548749382,64.3529411764706,26.24066480968928,62.158542608119525,805.1193715205446,67.97966483524222,50.397634266293636
2025-08-13 11:30:00,9.725394109768088,60.486140569872894,64.3529411764706,26.224148800168287,62.06341711675313,813.0966818292629,67.57070890349564,50.55663650931956
2025-08-13 11:45:00,9.885253028795495,60.47915794357105,64.3529411764706,26.269373751673665,62.25205886105789,810.9998551967491,68.61361026919738,51.03485111290206
2025-08-13 12:00:00,9.51743026726928,60.49005343723867,64.3529411764706,26.344616049103514,62.39016258846853,815.836910983191,68.18329957318514,51.083094913389324
2025-08-13 12:15:00,9.231641998093043,60.62950500476805,64.3529411764706,26.336246228386724,62.15688756416611,810.9674526502021,68.17243268499286,51.10724973658568
2025-08-13 12:30:00,9.652093581269416,60.56196104808644,64.3529411764706,26.27657195807144,61.74928639694433,807.0249726602416,68.24954377504923,51.66566698308233
2025-08-13 12:45:00,9.605133691043198,60.60553280700728,64.3529411764706,26.224351709351676,61.65433262716681,811.386446375909,68.5173022474574,51.77103780081779
2025-08-13 13:00:00,9.688493303238952,60.609234803908684,64.3529411764706,26.23158707999446,61.859940265037075,811.2446895261354,69.13365726560271,51.49412150936525
2025-08-13 13:15:00,9.647594286840405,60.51380730283086,64.3529411764706,26.27603335702525,61.95029451685065,808.9678059414051,67.85473128736486,51.563651536119345
2025-08-13 13:30:00,9.327659383920103,60.533635946918984,64.3529411764706,26.184875874530068,61.79435236379411,811.4342482248678,68.43835031933675,51.11518423453352
2025-08-13 13:45:00,8.843526047013167,60.634188560703834,64.3529411764706,26.113196516217528,62.017757145433,809.3920603977868,68.56881606667154,50.81853565761742
2025-08-13 14:00:00,8.676473454989766,60.665318052088935,64.3529411764706,26.14942143455681,62.20292629604841,809.7035887834155,68.5820790439776,50.93556181194646
2025-08-13 14:15:00,8.803284663111079,60.6722670530658,64.3529411764706,26.161626768923895,62.38494978160085,805.5565492239041,68.9847334208615,50.873353438742015
2025-08-13 14:30:00,8.927795585243892,60.80391988907539,64.3529411764706,26.19474770859431,62.85781686853616,801.0721837337771,69.41334104134155,50.80655728482752
2025-08-13 14:45:00,8.782885018087745,60.81433421373445,64.3529411764706,26.201453280838948,63.102636339210164,799.4912095250138,69.46102062186546,50.53427349101418
2025-08-13 15:00:00,8.536863357653749,60.84148755567106,64.3529411764706,26.193054940510905,62.97802543598257,802.9560618761024,69.97426576173332,50.323507578801404
2025-08-13 15:15:00,8.656142074663666,60.80873696947908,64.3529411764706,26.209044323453707,62.74358528819651,809.2603421406426,68.87813223853306,50.00763022076546
2025-08-13 15:30:00,8.720496799046673,60.77316460048966,64.3529411764706,26.229794158384884,62.589791350222704,814.5934043578619,68.66169465880758,50.00431153703693
2025-08-13 15:45:00,8.861083052991162,60.84595375229201,64.3529411764706,26.172929946650868,62.044107254568154,814.9570481164144,69.46280581644437,49.9769263184096
2025-08-13 16:00:00,9.007700590484454,60.79308757588776,64.3529411764706,26.169412383570148,62.11686045245463,816.6688715009724,71.17365544327437,50.10569068848867
2025-08-13 16:15:00,9.145140989165133,60.93305955919176,64.3529411764706,26.208585005614626,62.27680035596608,812.3459339038047,69.14316665860896,50.28238456637076
2025-08-13 16:30:00,9.298052073936129,60.95300794106134,64.3529411764706,26.2193471308433,62.280796103133795,811.7475422480863,69.2104611790775,50.21977042925868
2025-08-13 16:45:00,9.067899825198625,61.04742726114296,64.3529411764706,26.23762248031719,62.26303403545893,806.3490722207446,68.82111732124001,50.29956747174456
2025-08-13 17:00:00,8.968428270040484,61.036824292777496,64.3529411764706,26.254116511297198,62.052836658406775,802.9177592764007,68.60742126546582,50.85702876380971
2025-08-13 17:15:00,9.726323030524222,61.046188674989935,64.3529411764706,26.183087142011694,65.24403819680555,806.5298546403251,69.4748622338957,51.02137343929521
2025-08-13 17:30:00,10.17012678831814,61.050560126019114,64.3529411764706,26.218953751451735,65.80111447457409,806.0144091396703,70.11617856080288,51.286230924943716
2025-08-13 17:45:00,10.316895985389872,61.077528205855565,64.3529411764706,26.213378678621005,65.83534060904904,805.068402258287,70.37462521947735,51.66894738486633
2025-08-13 18:00:00,10.479856135546264,60.97457064275441,64.3529411764706,26.219754083672566,65.5491109595647,806.6758088320553,68.94349756199757,51.24743560927775
2025-08-13 18:15:00,10.358028410769245,61.07782415769758,64.3529411764706,26.266680563388533,65.49811296743536,802.5484111338892,68.2529675146746,50.66977648473607
2025-08-13 18:30:00,10.37734272364792,61.08741237183028,64.3529411764706,26.22779295816359,65.57580010825431,806.5800037338229,68.3029572002633,50.81394306802895
2025-08-13 18:45:00,10.614617247590841,61.01032305287097,64.3529411764706,26.197132231356143,65.44337882448525,810.244998600666,68.8174889492353,50.358442854385565
2025-08-13 19:00:00,10.574574405660472,60.94556192701266,64.3529411764706,26.161681488514883,65.66609364777668,812.17207077927,68.98256599691048,50.40398847701376
2025-08-13 19:15:00,10.327626716971654,60.93620745285831,64.3529411764706,26.12150091304506,65.87322410468056,807.2625568112804,68.60243656921843,50.05419151411779
2025-08-13 19:30:00,10.129204511939951,60.88310832242675,64.3529411764706,26.118706442642498,65.77264527000892,797.8586115914014,68.41092949788444,49.69317800027277
2025-08-13 19:45:00,9.752812384450543,60.90377785539403,64.3529411764706,26.129910613347665,65.49858834791783,797.5221756966718,67.68410593123022,49.700292989538326
2025-08-13 20:00:00,9.918020433928211,60.87095977429136,64.3529411764706,26.119361800012193,65.41872179101766,800.3764060277969,69.72677441352019,49.79827843575589
2025-08-13 20:15:00,10.078112530121286,61.02978176770702,64.3529411764706,26.10393008966584,65.5712133579589,798.8366095776837,68.95836097970071,49.98330637104116
2025-08-13 20:30:00,10.008969515354242,61.073053725156505,64.3529411764706,26.068420790844673,65.27253763922823,797.6039261756773,68.22607170731713,50.261210148082576
2025-08-13 20:45:00,9.858905616622291,61.12184054918418,64.3529411764706,26.110336475528943,65.18906186764055,801.3877161441934,67.40214671650713,50.39122270632015
2025-08-13 21:00:00,9.750973164263158,61.11323784512331,64.3529411764706,26.13880259838727,65.58290676026675,804.2183425354706,69.36708262454619,50.28635208670912
2025-08-13 21:15:00,9.540455494051713,60.98887699841499,64.3529411764706,26.143917550340284,65.52382350709333,802.3508191246499,68.1320466357266,49.96456114319957
2025-08-13 21:30:00,9.71670395046134,60.97233334067872,64.3529411764706,26.17029575072241,65.42788512445082,795.3600841362025,69.35134006285817,49.45631079954423
2025-08-13 21:45:00,10.222928267751232,60.97479798805855,64.3529411764706,26.222713875945097,65.34142852504338,804.1498329906901,67.53154835334675,49.36479882778497
2025-08-13 22:00:00,10.389419305616764,60.97651418861011,64.3529411764706,26.21624661159735,65.3422322550501,796.7699857227359,67.0977077369577,49.09057139533133
2025-08-13 22:15:00,10.478037555925399,60.93158949932282,64.3529411764706,26.220204569900403,65.47618623807917,801.8715587051996,67.11308557694949,49.382749951191
2025-08-13 22:30:00,10.583143854858347,60.89363202224589,64.3529411764706,26.177538474769907,65.50575729041337,807.5902647097748,67.2645764646748,49.19574225383431
2025-08-13 22:45:00,10.54949721460842,60.886078108643574,64.3529411764706,26.172203402909066,65.66089838685839,804.3745804691172,67.0913735917967,49.099153918650366
2025-08-13 23:00:00,11.077236708749691,60.91668768991643,64.3529411764706,26.174744047555,65.7897147792366,807.4983616404542,68.1679422222985,48.91089204804858
2025-08-13 23:15:00,11.473944979432211,60.97855560824894,64.3529411764706,26.189685695309496,65.66178999053837,810.797037394465,67.22548205039048,48.92008339678163
2025-08-13 23:30:00,11.894000730490866,60.98266936632703,64.3529411764706,26.205654447620123,65.4756961248558,805.1645733230116,67.5187108971306,48.47491400085212
2025-08-13 23:45:00,11.850655382462172,60.96825954614385,64.3529411764706,26.164568836361354,62.43895585864884,804.4158831360122,67.59350745858482,48.32495449513194
2025-08-14 00:00:00,11.861497147355141,60.98013037017926,64.3529411764706,26.140603773850867,62.726182514300035,802.3161365638709,67.32497866352941,48.628269294579056
2025-08-14 00:15:00,12.085602998693195,60.998332684568275,64.3529411764706,26.120697395350966,62.62414474984904,806.6128768630819,68.15058091748033,48.78179630824364
2025-08-14 00:30:00,11.955263064731199,60.91680420307379,64.3529411764706,26.095846302580227,62.7795976498131,805.614019775664,67.62528706899997,49.05279289305193
2025-08-14 00:45:00,12.264272806397232,60.95636853150902,64.3529411764706,26.143481069960355,62.759677451214976,806.0370310432107,67.60646507145037,49.05820183711744
2025-08-14 01:00:00,12.51807555803299,60.99238070057481,64.3529411764706,26.13034097371521,62.65123130975921,802.6651279822726,66.31825232100515,49.2061983218494
2025-08-14 01:15:00,12.378754159962511,60.85313546339084,64.3529411764706,26.189052194056824,62.81972519341779,798.8203251992802,68.4446963179628,49.32324819968325
2025-08-14 01:30:00,11.869084689593189,60.830996951460094,64.3529411764706,26.184280964129474,62.93921724004304,794.7769652065543,67.66081025758147,49.19056502115887
2025-08-14 01:45:00,11.53246151694692,60.787902988939635,64.3529411764706,26.156191788826284,62.60673657159125,792.978307173703,66.72759467751366,49.19353349632793
2025-08-14 02:00:00,11.41638690895948,60.820834384287636,64.3529411764706,26.182950578506286,62.39621696122267,788.1711129659598,67.3673115304367,49.26915519851832
2025-08-14 02:15:00,11.314760552260818,60.67352108888667,64.3529411764706,26.186208093363803,62.236448036828044,790.0207432176458,67.12517701174654,49.38259106627955
2025-08-14 02:30:00,11.068992132926605,60.705653344156595,64.3529411764706,26.180955669441662,62.24108429302894,797.8865413749354,66.5342781827217,49.40819439898558
2025-08-14 02:45:00,11.177957097192857,60.66197090843694,64.3529411764706,26.172142935325816,61.946957540302115,801.5314804782979,67.1358212535856,49.499091426664755
2025-08-14 03:00:00,10.745679431455933,60.60606947121033,64.3529411764706,26.195966986376867,62.023830890521644,805.0980338028326,68.20812769495842,49.55266008953489
2025-08-14 03:15:00,10.463843306904002,60.67810984514462,64.3529411764706,26.180729179064215,61.884766171978356,794.3429849694927,67.4804171784984,49.48787551489152
2025-08-14 03:30:00,10.37302919500272,60.634291749933304,64.3529411764706,26.126143514601296,61.86627422432939,801.7133596643436,65.25459323239416,49.51651532203504
2025-08-14 03:45:00,10.840553114451769,60.48740130789851,64.3529411764706,26.117742409611992,62.02517310562177,799.2797511841579,67.18918020405776,49.566648156967304
2025-08-14 04:00:00,11.450823617988368,60.49872960852559,64.3529411764706,26.15926365262098,62.18208053561156,796.0602452565862,68.30839183262694,49.45662560768412
2025-08-14 04:15:00,11.540550318153182,60.445360562104725,64.3529411764706,26.228409032433948,62.239607620107456,789.5761874313192,67.13901676426111,49.380641524761195
2025-08-14 04:30:00,11.193538684985985,60.5265442627724,64.3529411764706,26.25363067086971,62.18364616995142,788.159522158067,67.48688177250054,49.66210746486914
2025-08-14 04:45:00,10.994146433416084,60.56462488592501,64.3529411764706,26.23397976236704,62.018203002726914,790.8985149933385,67.62162779958234,50.033685449517314
2025-08-14 05:00:00,11.254097736824695,60.59840580324611,64.3529411764706,26.271043269022986,62.19887702882951,790.0165014506462,66.50971049110545,50.13512583488642
2025-08-14 05:15:00,11.564582225844948,60.5429180672627,64.3529411764706,26.23726087525966,62.269839493894416,783.8370641503832,66.36431693479453,49.91886525216567
2025-08-14 05:30:00,11.798370006492375,60.48383485442293,64.3529411764706,26.27573366140401,62.40530872210722,785.5056281801757,66.91130610791532,49.76006260845848
2025-08-14 05:45:00,11.704162564393314,60.47934599826064,64.3529411764706,26.34601482817129,62.00584032113806,781.8112871040709,66.66035669379681,49.398105838627316
2025-08-14 06:00:00,11.690281803052535,60.48302351202247,64.3529411764706,26.3000102742983,65.17212769135277,782.0530579543533,66.67379409890619,49.98168597850309
2025-08-14 06:15:00,11.607656239272178,60.485899980364316,64.3529411764706,26.274330527934104,65.1221491589011,783.7415895466095,67.79823439918026,49.59203279649262
2025-08-14 06:30:00,11.37853444998132,60.461075967274695,64.3529411764706,26.299493821387195,64.96026088278418,781.9932171480552,68.39058798254574,49.5562971749922
2025-08-14 06:45:00,11.545448759960543,60.54506878299612,64.3529411764706,26.246812445056523,64.83450140035634,781.4218659519847,66.7209086692268,49.65533479530586
2025-08-14 07:00:00,11.714159987309186,60.475239321803734,64.3529411764706,26.241456565820123,64.77272290791974,778.9840014907135,66.88559071293321,49.6133852491974
2025-08-14 07:15:00,11.1668947240347,60.535816796521274,64.3529411764706,26.287884450513687,64.5908100725112,783.1470921892494,67.42657411907521,49.39590736043768
2025-08-14 07:30:00,10.82245917693805,60.54343570250174,64.3529411764706,26.226504954970295,64.72750291949099,780.5245143650042,65.95503595024682,49.57683128432286
2025-08-14 07:45:00,10.261628472323528,60.460325737511106,64.3529411764706,26.210042916499575,64.48102308555555,784.0954336381692,67.3037454546032,49.924489121700425
2025-08-14 08:00:00,10.20686809085082,60.3906915310831,64.3529411764706,26.279414118512637,64.61367867914332,787.7293585005621,67.20161175264126,49.93264737410358
2025-08-14 08:15:00,10.058486642459872,60.43897010520961,64.3529411764706,26.287877267722294,64.70774658812876,781.7580240095991,66.98366320320697,49.987804520349485
2025-08-14 08:30:00,10.318245090996234,60.28439724811166,64.3529411764706,26.24264779387236,64.75130081933958,780.9995698562825,67.36271653154742,49.48510922423548
2025-08-14 08:45:00,10.010733238221231,60.19356647290309,64.3529411764706,26.197241914005684,64.94652256474774,784.0086292612361,65.90302234892332,49.11895594991019
2025-08-14 09:00:00,9.651999559706987,60.22904874447977,64.3529411764706,26.20158787432632,65.44418483422035,778.3649337483594,67.45770817821489,49.05883464836189
2025-08-14 09:15:00,9.25228111587161,60.29891420646636,64.3529411764706,26.133880229099034,65.2552274611914,779.805392934737,66.81121692691927,49.06162812337837
2025-08-14 09:30:00,9.027770972930599,60.30607145813535,64.3529411764706,26.16281114447026,65.28223777591442,791.4920249004405,66.83517090185667,48.83719767004412
2025-08-14 09:45:00,9.252678716164064,60.42252631155494,64.3529411764706,26.18401594954338,65.46215630408051,793.0784657504233,66.48158129988857,48.93833222996103
2025-08-14 10:00:00,9.244129026630702,60.410835083527395,64.3529411764706,26.12223900697419,65.54534435870261,791.4518233605625,68.39682261348551,49.12484841270575
2025-08-14 10:15:00,9.208003870397183,60.425008856929026,64.3529411764706,26.12802846991012,65.63309698960956,792.5688063750665,68.90652486740859,49.310062675773466
2025-08-14 10:30:00,9.211231596601506,60.460927106905146,64.3529411764706,26.11941232523827,65.8180305404113,784.1987870172719,66.94334198603163,49.29281061310493
2025-08-14 10:45:00,9.06341563556154,60.529885913505304,64.3529411764706,26.156881454142205,65.76682389486344,782.1891251431047,68.68010355554131,49.50070260993136
2025-08-14 11:00:00,9.075629824714888,60.53012466221179,64.3529411764706,26.163147177170757,66.10238322658063,777.6800686511215,67.68127594996297,49.389571073504456
2025-08-14 11:15:00,9.200837238044521,60.52593896565339,64.3529411764706,26.115945279697602,66.17599130877133,775.0699829656722,67.73199139385652,49.98781135438847
2025-08-14 11:30:00,9.371773094743643,60.696109040360824,64.3529411764706,26.141578202032075,66.04791416017683,770.7283579559107,69.10460982674677,49.97670626095261
2025-08-14 11:45:00,9.602363295425317,60.73878801797613,64.3529411764706,26.100685405566313,66.46422515014703,769.0509837459741,68.37284427195121,50.39980823347522
2025-08-14 12:00:00,9.574588046696475,60.835482671257594,64.3529411764706,26.053362647796128,66.70949068380253,772.3863956161051,68.22515530904857,50.700119219874935
2025-08-14 12:15:00,9.68300081004121,60.91849829153198,64.3529411764706,26.028416169672433,63.59551002984257,775.0936126066191,66.39290413242203,50.167056845733725
2025-08-14 12:30:00,9.692358772343164,60.81311505450643,64.3529411764706,26.01185788870318,63.782931803630746,769.4131637302053,67.02892480904514,49.70672374024962
2025-08-14 12:45:00,9.67339764937388,60.99995274318366,64.3529411764706,26.037284352347342,63.65595912821924,767.763578232744,68.32780667492021,49.473374356468376
2025-08-14 13:00:00,9.923319834091604,61.12522886271472,64.3529411764706,26.058688451813346,63.82845162030795,765.533129233677,67.04945345452518,49.430157909712456
2025-08-14 13:15:00,9.499680997703747,61.08517577361093,64.3529411764706,26.125023989597526,63.93064026110124,774.8865386690622,66.42330060923797,49.053863272613164
2025-08-14 13:30:00,9.263319761602123,61.086256094366334,64.3529411764706,26.114839677086994,64.08548116917416,773.6915340304784,67.99494551132102,48.75903827876693
2025-08-14 13:45:00,8.653531631171237,61.16649621312778,64.3529411764706,26.155082299999705,64.03538355639161,779.1014221597662,67.7809573135609,48.917375369261414
2025-08-14 14:00:00,8.594886732399118,61.45091703564221,64.3529411764706,26.123589016378165,63.96602916659691,772.9963382838581,67.14152138445718,49.10103349515774
2025-08-14 14:15:00,8.363843722372897,61.382773014773264,64.3529411764706,26.176979823409457,63.962769321466645,775.727497095856,66.99029066191636,49.14315642967529
2025-08-14 14:30:00,8.344432021724108,61.49165065417462,64.3529411764706,26.169442495755828,63.80128864822949,775.6887604604025,67.99393825899723,48.9984754698227
2025-08-14 14:45:00,8.239249228123171,61.59150222229527,64.3529411764706,26.24253610163039,64.03566948733071,773.8459433351399,69.30993224505394,48.87268347541312
2025-08-14 15:00:00,8.16424263413999,61.647052731944605,64.3529411764706,26.182349789185682,64.0221460682337,780.8974525400448,67.16286920887855,48.91546590633696
2025-08-14 15:15:00,8.069829376692953,61.60354042578517,64.3529411764706,26.16585161958146,64.13578156201876,779.5243763142144,68.51244104504792,48.7082036436099
2025-08-14 15:30:00,8.197695475861845,61.73936574487408,64.3529411764706,26.18551692681215,64.19202908837592,782.052061794018,67.64580808416751,48.67667702501849
2025-08-14 15:45:00,8.497897735442647,61.84088632829383,64.3529411764706,26.201864723470003,64.24382192576907,781.0180282651147,68.83164162352362,48.890197928538555
2025-08-14 16:00:00,8.839994957921624,61.83868213566244,64.3529411764706,26.237818533697645,64.35003224868171,776.1310713205731,68.8625648378483,48.63819896831911
2025-08-14 16:15:00,8.819308599328172,61.641103747745746,64.3529411764706,26.208403144005917,64.4644397200412,779.9340352960827,67.34090912070081,48.25949378127894
2025-08-14 16:30:00,8.80441821133308,61.662110227903334,64.3529411764706,26.255956142492447,64.26389338335007,772.8173839767328,66.89685776623864,48.473168721673225
2025-08-14 16:45:00,8.569574560289839,61.656922474772536,64.3529411764706,26.240893925805093,64.2829697899318,778.413907186479,68.14137960817604,47.89114001087673
2025-08-14 17:00:00,9.033852375810168,61.55739021840373,64.3529411764706,26.220231948252266,64.08956522052277,776.4494981141812,66.94388597362408,48.27568760762758
2025-08-14 17:15:00,9.42307462779629,61.56947327766929,64.3529411764706,26.202684763031417,64.04853139623212,778.6988138060977,67.90359497139931,48.27351754881295
2025-08-14 17:30:00,9.909505664734573,61.53049487097818,64.3529411764706,26.22192857664649,63.76589789238683,774.5353652309284,68.8834854021937,48.36183835341761
2025-08-14 17:45:00,10.41356319451633,61.565955293017424,64.3529411764706,26.225042227080873,63.6431104758186,772.7054642015144,68.71590966767657,48.20984582719137
2025-08-14 18:00:00,10.273519481505438,61.60836640080008,64.3529411764706,26.250814941042805,63.55320376920783,763.3456588501762,68.05600736246207,48.04798791603656
2025-08-14 18:15:00,10.261931596343091,61.5054521693045,64.3529411764706,26.225802291381434,63.42898058242898,756.5663818448867,67.80196592270403,47.951649050881144
2025-08-14 18:30:00,10.31187424691143,61.4413630128278,64.3529411764706,26.20003102908725,63.45508484280936,755.6421510518475,69.02448032638839,48.09771838548499
2025-08-14 18:45:00,10.723905524376509,61.42992336858835,64.3529411764706,26.18214325914839,66.35922542906832,754.1970081758211,68.4043010229366,48.393301623083126
2025-08-14 19:00:00,10.946549969606687,61.37224297725482,64.3529411764706,26.141924042463064,66.42921630016204,761.8908789542063,68.90484308299754,48.38359943756128
2025-08-14 19:15:00,11.008835267258213,61.41970452560968,64.3529411764706,26.133183730187994,66.3395521839479,769.0333329278455,67.90434030125981,48.46529557704825
2025-08-14 19:30:00,10.754562497424205,61.40339453683837,64.3529411764706,26.11934896334111,66.1077113472737,764.8547978900049,68.94434441319926,48.06545830750449
2025-08-14 19:45:00,9.956289804688929,61.32332324678071,64.3529411764706,26.073352716959985,66.1976102502928,761.2548614321886,67.03794709693426,48.093360804315644
2025-08-14 20:00:00,10.085070027204157,61.34795981335888,64.3529411764706,26.070488886139405,66.36367393054842,762.8869638308706,68.32236638237478,48.322705035848166
2025-08-14 20:15:00,10.439274254947925,61.314166688598426,64.3529411764706,26.101653806717685,66.21508193285504,770.3348414922041,68.24665312425938,48.59552414998665
2025-08-14 20:30:00,10.414032834000968,61.17798257649935,64.3529411764706,26.09850621971488,66.18228204585387,760.3258195983643,67.4937956079096,48.28042640438828
2025-08-14 20:45:00,10.405794042275453,61.17607428394788,64.3529411764706,26.077024318282632,66.12008428652106,763.5985060133113,68.3345150249882,48.265822904444505
2025-08-14 21:00:00,10.208750336413742,61.10536469617527,64.3529411764706,26.099412498655315,66.15520322945007,755.3033738927901,67.79153618373003,48.16819915638168
2025-08-14 21:15:00,10.106311260085418,60.9454341201454,64.3529411764706,26.08765907402041,66.09421308525641,753.921993138137,67.72998890157413,47.91952916527173
2025-08-14 21:30:00,10.125202296788709,60.837612960383126,64.3529411764706,26.10479706588417,66.01511475830023,749.8987243077985,67.25572488055926,47.71263201310032
2025-08-14 21:45:00,10.441626184515655,60.874781967705836,64.3529411764706,26.120641043554404,65.88746155814184,749.753187922889,68.49923591892329,47.73578356317839
2025-08-14 22:00:00,10.861701209977445,60.872100933330934,64.3529411764706,26.098027756172524,65.79856070949597,750.453548122594,67.39151754064764,47.71481531930355
2025-08-14 22:15:00,10.99348145684166,60.84339364251327,64.3529411764706,26.10519860973323,65.96056841000345,752.0287739887196,68.22711994619137,47.631870195265094
2025-08-14 22:30:00,11.247931018650522,60.86981810631521,64.3529411764706,26.111059739898437,65.85052723841925,754.7182391729351,66.5130304551558,47.96264805964121
2025-08-14 22:45:00,11.154199632378983,60.82655225444219,64.3529411764706,26.061227798506305,65.90370977836986,754.8930744090584,67.49651923103903,48.184607445351915
2025-08-14 23:00:00,11.617048246818792,60.76226822737327,64.3529411764706,26.039336178450995,65.85146156493427,747.9924387355,67.42682312157157,48.100678603006905
2025-08-14 23:15:00,11.731111105833627,60.74082036392858,64.3529411764706,26.001288749917467,65.58843095689988,754.4593076386543,68.01033045036733,48.015186764676564
2025-08-14 23:30:00,12.218819551336024,60.75918597168229,64.3529411764706,26.015761743126596,65.54468037081202,750.8013868560259,67.36637741533454,47.910616987832654
2025-08-14 23:45:00,12.457149197596692,60.793357455730806,64.3529411764706,26.023405720621014,65.56724740100704,752.7786719011442,68.28799170742482,47.59736740021924
2025-08-15 00:00:00,12.383281366705596,60.79004146905566,64.3529411764706,25.94460012953915,65.6922828033138,752.0097932542445,67.32417133873133,47.57388855081465
2025-08-15 00:15:00,12.048550714205371,60.77243417399295,64.3529411764706,25.99238553832874,65.61540080670736,756.7347992661904,67.58419843299049,47.844933628068986
2025-08-15 00:30:00,12.21970500725835,60.78409231430871,64.3529411764706,25.935361619734305,65.75770409958771,754.2267518556379,66.79303989657515,48.08493719807657
2025-08-15 00:45:00,12.164606709369624,60.819149056802715,64.3529411764706,25.916773965610812,65.58355312010612,754.7916604693978,68.24295686099097,48.33809983411406
2025-08-15 01:00:00,12.43092587143588,60.774283782345655,64.3529411764706,25.923108837363948,62.416488873805825,762.1779221888804,67.80644514022764,48.05331041019413
2025-08-15 01:15:00,12.399150076192818,60.71089034105709,64.3529411764706,25.92389633886379,62.41777961487148,767.8777495173008,65.7732342118963,48.22782705204032
2025-08-15 01:30:00,11.927904959817974,60.7537805617195,64.3529411764706,25.961432622704123,62.333415977474026,768.5746630535854,66.85579526356435,48.261612992849294
2025-08-15 01:45:00,11.686524522598793,60.76734974534189,64.3529411764706,25.967321495735806,62.05337575704113,775.6459818598366,66.71798179778305,48.25890218737918
2025-08-15 02:00:00,11.638829653787619,60.608051595939,64.3529411764706,25.99363472270732,62.63498518181745,767.1023281837059,66.80091039627087,48.37366850305161
2025-08-15 02:15:00,11.564519375785684,60.59516400623931,64.3529411764706,25.952239145184535,62.67955334802242,770.3807491443748,66.14612103333634,48.229026203532364
2025-08-15 02:30:00,11.697630481307083,60.61734499799826,64.3529411764706,25.92753230126686,62.6389102287393,760.6824376218568,66.9593364224767,47.961033388042836
2025-08-15 02:45:00,11.529416288224976,60.44906864674849,64.3529411764706,25.982231500138774,62.949309781937615,766.5608451516705,67.64623472430814,47.88348514923825
2025-08-15 03:00:00,11.190660647934685,60.293507799223555,64.3529411764706,25.94148850542975,62.760190431669734,765.0021594656853,67.20123505828084,47.6057142384414
2025-08-15 03:15:00,10.839363077467386,60.165986353903335,64.3529411764706,25.93340989652262,62.88034614119652,761.5273416102699,66.53891396581709,47.691182413290136
2025-08-15 03:30:00,10.86704785484288,60.26307092111363,64.3529411764706,25.987130082728235,62.75968390343897,759.564208348488,65.77455858728443,47.48419813464922
2025-08-15 03:45:00,10.815631601657874,60.07672542814536,64.3529411764706,25.990606744186476,62.88556966513093,751.7390277495489,67.79808778269573,47.48341741342818
2025-08-15 04:00:00,11.062815894905523,60.06175207030507,64.3529411764706,25.98576699651711,62.71215655129081,744.0144533332848,67.65873273924903,47.133211073237085
2025-08-15 04:15:00,10.836296665451544,60.134570850781195,64.3529411764706,25.942957899811265,62.3569281961844,748.6195422229382,66.66335051082413,47.34131840645283
2025-08-15 04:30:00,11.044931449178542,60.09486071843386,64.3529411764706,25.932282003201554,62.19474143636631,744.7635452659179,67.35475335725815,47.49117950278714
2025-08-15 04:45:00,10.914076190169872,59.936711793441674,64.3529411764706,25.951631455749087,62.0541964682635,745.8438234496786,66.01966515571743,47.48088047436062
2025-08-15 05:00:00,11.067416490881193,59.90511757785969,64.3529411764706,25.990262653070676,62.13454344373274,749.2952550582481,64.54436214408084,47.7121422075069
2025-08-15 05:15:00,11.462005591218594,59.78029728353486,64.3529411764706,25.972019760080745,62.00312386911775,746.3876915147516,66.56554477012757,47.92816649692606
2025-08-15 05:30:00,11.85349948973553,59.649522907810734,64.3529411764706,26.01137127430032,61.85799461977751,742.063551269116,65.63249371796627,47.60010257657522
2025-08-15 05:45:00,11.855918224097026,59.58478177680466,64.3529411764706,25.985225737433602,61.87906011030674,736.7428817345516,67.04517326385336,48.029163043939626
2025-08-15 06:00:00,11.48054600053463,59.744784556668606,64.3529411764706,25.982560717053907,62.0217462999205,742.0122092684704,66.86337726136097,48.10072491409473
2025-08-15 06:15:00,10.935813151695216,59.71499976375307,64.3529411764706,25.95471470185101,62.015097179912914,743.0830070636424,65.0031178297256,47.7895008945515
2025-08-15 06:30:00,11.234501010696341,59.738707554683785,64.3529411764706,25.972408150155726,61.7364962997392,740.4467304529028,66.85555882102967,47.975513215460914
2025-08-15 06:45:00,11.398000693037865,59.91826077308237,64.3529411764706,25.902577105648838,61.9576697857531,742.0772991733247,66.17321423082277,48.034004706250485
2025-08-15 07:00:00,11.35591902920017,59.90396889628739,64.3529411764706,25.97838074020007,61.91293118217079,740.0569702745845,66.39111085821865,47.79938448239564
2025-08-15 07:15:00,11.012969209549802,60.00608955542762,64.3529411764706,26.012531475537152,65.10043709162545,736.2262650392411,67.48370108636647,48.52911742970031
2025-08-15 07:30:00,10.517333792474012,59.99339579467282,64.3529411764706,26.009960742572392,65.27614498887343,731.8268688230014,66.2114995983812,48.89710337667514
2025-08-15 07:45:00,10.206895840667762,59.94988943188476,64.3529411764706,25.95905899450354,65.56700827672894,735.0988507443637,66.58602216707679,48.61893810963986
2025-08-15 08:00:00,9.897904682827706,59.97323289370751,64.3529411764706,25.97840068181808,65.57366392559393,736.5612283004533,66.4326789573307,48.54540953721437
2025-08-15 08:15:00,10.042430192945885,60.042580500863224,64.3529411764706,25.981262154315946,65.73129191695644,734.1982372777644,67.82056879016581,48.65113580998856
2025-08-15 08:30:00,10.20226152654015,60.20848066009005,64.3529411764706,25.998010391384014,65.5379771021243,743.6553730090366,67.01552226512551,48.51910340125707
2025-08-15 08:45:00,9.807954793693224,60.31468098366192,64.3529411764706,26.035442225593275,65.44231615380517,737.8174681096847,65.96851000988354,48.5249114869257
2025-08-15 09:00:00,9.337020138830244,60.30531928528403,64.3529411764706,26.054692981711696,65.66402873918551,734.8199011363092,66.5910129692671,48.199009025088756
2025-08-15 09:15:00,8.96042345667739,60.36872697624083,64.3529411764706,26.057893608824447,65.75493851516353,732.9536379858768,67.81934007724892,47.94715929781377
2025-08-15 09:30:00,8.847532781106846,60.32213101047108,64.3529411764706,26.085425320794357,65.56861903067154,730.2892114753589,66.45265719600854,48.48684043831907
2025-08-15 09:45:00,9.118160794395122,60.21528089117946,64.3529411764706,26.086807543471718,65.52770497131239,736.1660878574985,67.49071804889789,48.44590035005979
2025-08-15 10:00:00,9.064859627434016,60.29053350729975,64.3529411764706,26.101546476359115,65.81370680329123,735.24175408728,68.13586096044223,48.75162375449869
2025-08-15 10:15:00,8.927629076843388,60.18634049244698,64.3529411764706,26.09654567882769,66.02159804409315,729.3696986759087,68.03509721947417,49.227199342900484
2025-08-15 10:30:00,8.941431676867193,60.16674919938348,64.3529411764706,26.15128692709646,66.04477343203583,727.3221148922123,68.08865334228743,49.243437370665916
2025-08-15 10:45:00,9.070884362549345,60.2202240445252,64.3529411764706,26.15426974594364,65.91496742170467,729.989574493308,67.86573202257884,49.28898542010107
2025-08-15 11:00:00,9.231176556028755,60.361524154076804,64.3529411764706,26.16301317543397,66.20943088085899,727.5816885227392,66.8379551743011,49.19105071889842
2025-08-15 11:15:00,9.480192593739943,60.47401255394247,64.3529411764706,26.160891511483843,66.30154430266768,734.2287127659021,67.45323733401365,49.946376889494786
2025-08-15 11:30:00,9.825860273859547,60.52719535147994,64.3529411764706,26.12396327602763,66.34865524022189,736.1317484440012,66.35916130496206,49.806366803746826
2025-08-15 11:45:00,10.04253707473633,60.49521726757223,64.3529411764706,26.183345387691247,66.68664332093108,735.7187305921582,67.29448688066022,49.40766422426665
2025-08-15 12:00:00,9.568023864718342,60.44063187674649,64.3529411764706,26.20099540070191,66.54184701553513,733.3189402831538,67.70288736457181,49.36547931825947
2025-08-15 12:15:00,9.470732154428612,60.513461083397374,64.3529411764706,26.166614250440862,66.47377895959723,739.9401075121156,67.27883773562306,49.23774372991238
2025-08-15 12:30:00,9.549002024732237,60.64208538342973,64.3529411764706,26.125096796840158,66.33778635221206,733.5476413981592,67.7327709683478,49.1676067793188
2025-08-15 12:45:00,9.49728346273315,60.73646596808358,64.3529411764706,26.19046950232892,66.38294852040121,734.2836831821725,67.62175851082824,49.49316241461868
2025-08-15 13:00:00,9.557455165957805,60.79120305968593,64.3529411764706,26.199298690206614,66.5484441632549,735.6342569367953,67.43135853668247,49.61572600245169
2025-08-15 13:15:00,9.273753924645026,60.83930866273787,64.3529411764706,26.157773157128904,66.44436787488029,740.6304900532156,67.30190885634381,49.68576832295363
2025-08-15 13:30:00,9.265360398325823,60.96077315222861,64.3529411764706,26.11634465436658,66.42129370602537,738.0655951805949,67.29730452540036,49.530344457967736
2025-08-15 13:45:00,8.93516824523676,60.97045728590649,64.3529411764706,26.189275778013247,63.400213824146014,736.7456635877392,68.98946895584572,49.259931699940495
2025-08-15 14:00:00,8.879737972195095,60.8136916530044,64.3529411764706,26.20106961902495,63.15871751501637,740.3049894503724,67.79900493887354,48.87161080592149
2025-08-15 14:15:00,9.177104118236956,60.803719513566506,64.3529411764706,26.212122624970966,63.41853331775224,736.1384350690557,67.99759298135184,48.78300634086363
2025-08-15 14:30:00,9.310432619112461,60.85129384799481,64.3529411764706,26.271762928758925,63.497947813629644,740.295905303041,67.76016863855502,48.79446058054454
2025-08-15 14:45:00,8.647848037486837,60.702757456052026,64.3529411764706,26.256347467635848,63.55128253245916,734.4424634111183,67.53109461030695,48.256302858653676
2025-08-15 15:00:00,8.28081098973109,60.634235967120226,64.3529411764706,26.177372264274137,63.42584875061457,736.0949699998038,68.38476942342523,48.33926969729392
2025-08-15 15:15:00,8.088125051613199,60.51351872382659,64.3529411764706,26.198789465471826,63.247881675625514,742.9855107987892,66.72010159542586,48.26254580441419
2025-08-15 15:30:00,8.179013027952992,60.38806254994533,64.3529411764706,26.213072749601352,63.19128514339547,731.1035784164511,68.08004692137585,48.24923884212377
2025-08-15 15:45:00,8.423908673828516,60.470598755197216,64.3529411764706,26.235602804827987,62.91095713723968,727.1147124477282,68.48986299556105,48.34418966905366
2025-08-15 16:00:00,8.50141459541946,60.52631442902881,64.3529411764706,26.279548539346422,62.91310501675626,729.705755758206,66.81923398669345,47.88786473295809
2025-08-15 16:15:00,8.692916757608149,60.618801982235766,64.3529411764706,26.26739955005454,63.08249131319265,727.6748983124485,67.05850943588028,47.68361768864004
2025-08-15 16:30:00,8.587015127962792,60.587168585542834,64.3529411764706,26.25911569144998,62.869868492662285,727.32312048848,68.80955933439245,47.85233490784894
2025-08-15 16:45:00,8.585474288932415,60.54408317865853,64.3529411764706,26.251637720120435,62.96122818861192,728.994204811784,68.56333355639072,48.02021177112161
2025-08-15 17:00:00,9.144017734019338,60.53285068868905,64.3529411764706,26.206969353257556,63.37781839599274,722.9851964686501,66.41539552866834,48.07558933706645
2025-08-15 17:15:00,10.14964964470303,60.58859183273898,64.3529411764706,26.208590101053005,63.251381617391445,729.7949262128291,67.13164752342993,48.119194945555975
2025-08-15 17:30:00,10.646200618867736,60.576110866685234,64.3529411764706,26.23367436306143,63.46354592854685,736.0471029363141,67.80790101650143,48.03294351057712
2025-08-15 17:45:00,10.790304127039082,60.615555241478106,64.3529411764706,26.153651019703496,63.57664531091067,732.7492578661871,67.01360462014564,48.53234021318982
2025-08-15 18:00:00,10.32975080073487,60.58234306673745,64.3529411764706,26.076517912982606,63.47980510294394,734.6964848923102,68.15378476172505,48.47282727450005
2025-08-15 18:15:00,10.051474775166863,60.61518634414491,64.3529411764706,26.091934645103013,63.60820228270529,731.5261905218437,68.17377740756831,48.31785300915242
2025-08-15 18:30:00,10.610426633484986,60.674514207917234,64.3529411764706,26.098441171544216,63.56160183326164,734.9749856593842,68.13557450000893,48.396940780094205
2025-08-15 18:45:00,10.899373215537262,60.805477171833466,64.3529411764706,26.121273726843963,63.68726693219821,735.668195210868,67.16021497488666,48.16571470785113
2025-08-15 19:00:00,11.268234839170145,60.73630567796218,64.3529411764706,26.070400775340243,63.521778141213105,734.6250409165261,67.68045617174475,47.95807978412778
2025-08-15 19:15:00,10.985022243916758,60.75760610563429,64.3529411764706,26.08824053514343,63.52040601287408,736.3370968291437,67.03921839876847,48.23978185943675
2025-08-15 19:30:00,10.7018249255977,60.8788392014502,64.3529411764706,26.042525101215908,63.568802735697794,733.0986820333275,68.21739294909682,48.18042380164693
2025-08-15 19:45:00,10.155395138474509,60.71147910308437,64.3529411764706,26.018814852734646,63.59020224160168,727.1354523087574,68.94940520885261,48.34542500927013
2025-08-15 20:00:00,9.951800794242972,60.65297479242335,64.3529411764706,26.027458144832593,66.27453865273627,735.9502756911204,67.49920861262586,48.53877601958965
2025-08-15 20:15:00,10.092354438754974,60.724587756321576,64.3529411764706,26.070742857495006,66.00819393004232,741.1405143613299,67.3473004190095,48.43438389658264
2025-08-15 20:30:00,10.522634305208335,60.65898658743276,64.3529411764706,26.032199198666355,65.92660379255176,740.3507454400143,68.47601492518321,48.674708869479964
2025-08-15 20:45:00,10.289569689431294,60.703051620843084,64.3529411764706,26.113920904451483,65.87664596045201,741.1674477172185,67.19648660957587,48.63917535470119
2025-08-15 21:00:00,9.980586545854004,60.64580289640731,64.3529411764706,26.053150577824336,65.95185769141466,741.0132004987938,67.81776407868317,48.598389810293554
2025-08-15 21:15:00,9.828502470282038,60.570770543663656,64.3529411764706,26.025521243909385,65.85159583176504,742.8366210724863,66.80817297091116,48.603323966147634
2025-08-15 21:30:00,10.195110554389279,60.47657434268476,64.3529411764706,25.976797907523807,66.00133586849932,748.2838061462538,67.61943023294884,48.615219782346955
2025-08-15 21:45:00,10.545520300471384,60.44542661381718,64.3529411764706,25.861445818147356,65.92619524479393,743.658751657716,67.54462482988538,48.43211376809
2025-08-15 22:00:00,10.918874476364506,60.38133320379623,64.3529411764706,25.85843573112058,65.92106866447308,749.7209138776423,65.90631589897252,49.115324913804145
2025-08-15 22:15:00,11.130112510138828,60.3394752981539,64.3529411764706,25.851585478767674,65.86285400085187,748.2547922425352,68.29766835924293,49.309505915796635
2025-08-15 22:30:00,11.06613350099473,60.34209376394116,64.3529411764706,25.806293215436135,66.11724620858764,749.2631648441321,66.97366224351033,49.302544186627344
2025-08-15 22:45:00,11.01016746629799,60.311920328146314,64.3529411764706,25.858666358340702,66.10640604412076,747.8937732624399,67.26149095900772,49.137328766933706
2025-08-15 23:00:00,11.256805008930742,60.31423871188645,64.3529411764706,25.905960969825873,66.3819400547356,749.072961568141,67.58896852972278,49.21959614720269
2025-08-15 23:15:00,11.965856491557611,60.223862103402,64.3529411764706,25.936475244183516,66.26582747333005,746.3742756815059,66.13578835827833,49.4595475559307
2025-08-15 23:30:00,12.458230594514198,60.31476824737425,64.3529411764706,25.9133452389324,66.01943804696813,743.404504013384,68.59484595319383,49.74167974232714
2025-08-15 23:45:00,12.538961059202698,60.291103309062066,64.3529411764706,25.924636008227832,66.0905811724957,743.6196498499176,66.96556311326198,49.654401150174344
2025-08-16 00:00:00,12.511057710980822,60.24721516750128,64.3529411764706,25.973826423921327,66.09043982776413,739.4366770547075,66.41808826938123,49.68728302204081
2025-08-16 00:15:00,12.249440054362013,60.206411643670286,64.3529411764706,25.964919749969745,65.87653930632635,740.1900577462244,68.12374510694899,49.725810118586146
2025-08-16 00:30:00,12.417814063186507,60.102402372113794,64.3529411764706,25.956378915513284,66.06957971232762,736.5677762620668,67.0245910287888,49.73969450147902
2025-08-16 00:45:00,12.452359809057798,59.920528953364474,64.3529411764706,25.932145120909595,66.30481057416549,739.2367186869537,67.0240366465064,50.11606456101787
2025-08-16 01:00:00,12.666670379527108,59.89417705437792,64.3529411764706,25.89288530744916,66.20767938094222,742.4389694848896,67.33393838255583,50.2660887579428
2025-08-16 01:15:00,12.448270664916059,59.95661469064737,64.3529411764706,25.903814417723854,66.3959417871241,739.2789359608638,66.04312361766439,49.811135830276704
2025-08-16 01:30:00,12.238198846582371,59.853267823615155,64.3529411764706,25.943108181606593,66.34291414760365,738.6418914364351,66.5033755046717,49.75162284702711
2025-08-16 01:45:00,11.657295142876295,59.933237286452304,64.3529411764706,25.918653549697584,66.17399213662749,744.1251726401724,66.94416402104726,49.85692825833921
2025-08-16 02:00:00,11.68979024736836,59.87228317685939,64.3529411764706,25.874358542195637,66.26653133515254,742.2546417623429,64.66074188511328,49.82800138174065
2025-08-16 02:15:00,11.542111636739984,59.82425227394077,64.3529411764706,25.873336146118973,63.27035362030865,736.7591757777933,65.67071746488655,49.495502280859824
2025-08-16 02:30:00,11.520044694966602,59.864678628731774,64.3529411764706,25.87228965985073,63.3539818503913,741.6529519257739,66.33503853396317,49.519604391466835
2025-08-16 02:45:00,11.218775711451968,59.90122054972821,64.3529411764706,25.855610381714474,63.335913003775474,740.37073042594,66.59962246516956,49.16844895048892
2025-08-16 03:00:00,10.600099321746454,59.84908552523696,64.3529411764706,25.82051593767699,63.36800757726346,743.1402512592325,67.00477634060927,49.45869396574881
2025-08-16 03:15:00,10.48656214731949,59.774592907519384,64.3529411764706,25.76314396003018,63.04364736505778,740.3245243172289,65.2458661331236,49.06399727443496
2025-08-16 03:30:00,10.597711323701361,59.74007247267887,64.3529411764706,25.745231415984886,63.08688115357122,737.5330033207322,66.94716641517627,48.89203238007748
2025-08-16 03:45:00,11.019347156679094,59.523842938594164,64.3529411764706,25.767541768093142,63.04683777606365,740.244899185836,66.13031038247924,49.17825099055426
2025-08-16 04:00:00,11.451708258467495,59.57229195766223,64.3529411764706,25.765266234465624,62.75181869211956,747.7285540842713,66.6508408009567,49.06071174833763
2025-08-16 04:15:00,11.461503175657166,59.51306480653992,64.3529411764706,25.75853220088458,62.29134533827691,746.7959563768457,66.83294046988897,48.69385207905005
2025-08-16 04:30:00,11.429113247623427,59.52303722360478,64.3529411764706,25.698073263976454,62.69816407782311,745.8159760021794,66.40888934977626,48.8226955318097
2025-08-16 04:45:00,11.418987852276597,59.5708902556738,64.3529411764706,25.731561189087213,63.00240203117662,742.9472943423297,66.01155070078562,49.01937339739557
2025-08-16 05:00:00,11.878606248582646,59.579302808118904,64.3529411764706,25.7750749590335,62.84230212289368,744.3883713108582,66.39062920400657,49.19582220695205
2025-08-16 05:15:00,12.032033441570452,59.506897245733825,64.3529411764706,25.748871675512376,62.76427607897812,744.4815982352089,67.04418279849959,49.149464514313784
2025-08-16 05:30:00,12.136311627186844,59.50945510359209,64.3529411764706,25.69441945044891,62.516070944854455,746.5521637137978,66.22207045038806,48.89266985318589
2025-08-16 05:45:00,12.134249790751891,59.54518806816304,64.3529411764706,25.75575633308142,62.578686302626714,739.2294601490013,66.27927021185717,48.971513859853545
2025-08-16 06:00:00,11.913282053359586,59.586938909160764,64.3529411764706,25.81108366961884,62.36733838534747,742.2848678284166,67.64537120469032,48.998691794526486
2025-08-16 06:15:00,11.63728682304364,59.58655989979792,64.3529411764706,25.84539362550448,62.28473141798683,742.5263984680331,66.22597913399672,48.75391123426226
2025-08-16 06:30:00,11.852564454946483,59.61552898243988,64.3529411764706,25.870923546271992,62.27861012121211,740.3508299547805,66.41350413409917,49.144524452421834
2025-08-16 06:45:00,12.297147746502617,59.61311913683051,64.3529411764706,25.887035559160356,62.487605452032405,749.9582529543396,65.41592628367357,49.41103219245023
2025-08-16 07:00:00,12.236283326442548,59.65130248050238,64.3529411764706,25.885383985357915,62.58170811706809,750.8388877286097,66.46304330079212,49.68272186956533
2025-08-16 07:15:00,11.773037897138128,59.617502177402976,64.3529411764706,25.989321905962207,62.87117129173747,750.7427212790172,66.36611694157892,49.78758617261369
2025-08-16 07:30:00,11.173995419639866,59.60421738814594,64.3529411764706,26.013977282283328,63.157309298817495,749.8320455289031,65.85912227798843,49.623406510388655
2025-08-16 07:45:00,10.667032656041751,59.609910569421054,64.3529411764706,26.022409778065647,62.8282319428575,740.9970075933369,66.38400194321595,49.289547320296194
2025-08-16 08:00:00,10.739910886159404,59.68883102193513,64.3529411764706,26.060835377034927,62.73424166807428,753.6461492989177,66.11256315033138,49.402638277712605
2025-08-16 08:15:00,10.702245476584771,59.68007202607287,64.3529411764706,26.104905298233266,62.96255255236676,756.1776335386494,66.59337031304607,49.49706085126919
2025-08-16 08:30:00,10.734219319497797,59.6176572135024,64.3529411764706,26.083692392036927,63.08876038919478,762.2651514359994,68.13706801816778,49.258619414411456
2025-08-16 08:45:00,10.662850560260932,59.645075550830306,64.3529411764706,26.081724957698917,66.0934920678901,758.9045666280169,64.91103410014983,49.56360281652392
2025-08-16 09:00:00,9.885534482677453,59.45406070086952,64.3529411764706,26.109080817627767,66.1356638341813,763.0722726675265,66.79184666324011,49.93664711155134
2025-08-16 09:15:00,9.44849838755655,59.487252010083985,64.3529411764706,26.126860059045043,65.98648692050384,765.8187005618372,66.21461936195787,49.98268204732953
2025-08-16 09:30:00,9.456636327749907,59.44156574679681,64.3529411764706,26.113561497401857,65.64894289150111,766.2415476813804,67.6855455531155,49.85166023615812
2025-08-16 09:45:00,9.879914354667713,59.40469523504816,64.3529411764706,26.143426394534018,65.56530283255177,768.9944674553013,68.23416872741187,49.66823674434256
2025-08-16 10:00:00,9.88679650973156,59.40521052272751,64.3529411764706,26.11895561000617,65.52511353726004,757.2440479038041,66.20106995688123,49.40902700182523
2025-08-16 10:15:00,9.891667967378298,59.55410720172107,64.3529411764706,26.151329274857893,65.74452036242556,754.609056323261,66.9612708147284,49.23906365914508
2025-08-16 10:30:00,9.617391079244584,59.50909202078575,64.3529411764706,26.12643025722573,65.80452956819907,755.5642285988041,66.8113984511345,49.37171560239983
2025-08-16 10:45:00,9.26647378167557,59.47444507742463,64.3529411764706,26.094503144703662,65.88631312685857,762.6918586592082,66.49268717574812,49.55916502406074
2025-08-16 11:00:00,9.531654237730713,59.54234436351035,64.3529411764706,26.10548792577825,65.91085958717339,766.285119027506,67.43954183631311,49.58830600037426
2025-08-16 11:15:00,9.62163776368295,59.67003988642414,64.3529411764706,26.11460185338383,65.72597500727014,769.876565591327,68.34698101055459,49.47201332382316
2025-08-16 11:30:00,9.96272216478506,59.751230633125374,64.3529411764706,26.180912749754018,65.68534290573369,763.161110535863,66.77394362948246,49.23061146346987
2025-08-16 11:45:00,10.139407364651717,59.85511141204706,64.3529411764706,26.222648607640743,65.98838743987511,765.0893079191566,67.74185046206523,49.5128746702022
2025-08-16 12:00:00,9.70239293629431,59.80112232184232,64.3529411764706,26.245530412027385,65.79470449297614,763.795948560261,67.11024827769307,49.545450349108144
2025-08-16 12:15:00,9.240849803372674,59.764642837300634,64.3529411764706,26.245822973461117,65.8446110030386,767.2840998353942,67.62483048349092,49.72588132329525
2025-08-16 12:30:00,9.052376566648567,59.69979179386925,64.3529411764706,26.198679840904358,65.95482836413882,766.4459988265531,67.75982230475292,49.61338342706262
2025-08-16 12:45:00,9.266166890706463,59.71234044674435,64.3529411764706,26.192854076946574,66.0575890278371,767.3186520624344,67.29489383524626,49.71337444526842
2025-08-16 13:00:00,9.319251215323987,59.60196865723897,64.3529411764706,26.166517902075903,65.88887917853747,769.5967079884223,66.44777782428136,49.89060695731929
2025-08-16 13:15:00,9.19810594819109,59.65369980302789,64.3529411764706,26.140196495207935,66.14363639691445,766.8033207584764,67.81906054637274,49.77229051158225
2025-08-16 13:30:00,9.043615583250398,59.6912590877659,64.3529411764706,26.171032803172377,66.00327644774332,761.8266736436901,68.14279094738951,49.66646076659352
2025-08-16 13:45:00,8.94238224506652,59.73177142462853,64.3529411764706,26.183385812682733,66.13863613905573,764.5767399849278,65.72252121465375,49.91560917699667
2025-08-16 14:00:00,9.032838187751054,59.7671568478947,64.3529411764706,26.232897220875504,66.14890028980791,765.105773500914,66.66612297377687,49.8765861266409
2025-08-16 14:15:00,9.16911278722351,59.770339542938835,64.3529411764706,26.242012822965204,66.14340401653315,767.214904012595,67.39625644927696,49.76261031247963
2025-08-16 14:30:00,9.041877523344565,59.817210744093906,64.3529411764706,26.252168415573067,66.18922836296602,764.8027357559511,67.36441030292507,49.825454879425706
2025-08-16 14:45:00,8.90579849089002,59.896506273310344,64.3529411764706,26.22455654991513,66.38634638982789,763.8224991054782,68.10660049169131,49.65209287348829
2025-08-16 15:00:00,8.331969956754364,59.978707683573376,64.3529411764706,26.214869392710725,63.48095340102619,763.1400202287448,67.26689859911423,49.38000517250622
2025-08-16 15:15:00,8.242698484264906,60.07477035355277,64.3529411764706,26.168508993755484,63.54684468414632,768.0176415829468,67.52894684701475,49.75602457603757
2025-08-16 15:30:00,8.19336211916745,59.99868863223215,64.3529411764706,26.186730952691402,63.480223316761844,768.9188711579823,68.29994113780539,49.782706584587544
2025-08-16 15:45:00,8.580467632678145,59.98757205963808,64.3529411764706,26.203113155519524,63.612238035108085,776.0231420862127,67.88507659388965,49.64678166834694
2025-08-16 16:00:00,8.720820193115028,60.06255254619799,64.3529411764706,26.163742316639055,63.67349809899404,770.6361423450215,67.46813601823487,49.68937242871119
2025-08-16 16:15:00,8.799406352565734,60.13963045621304,64.3529411764706,26.119396191147583,63.6448874299622,762.6535371533927,67.83758122281371,49.83217819078998
2025-08-16 16:30:00,8.958230758645424,60.09607409360639,64.3529411764706,26.041711011458606,63.52303891831223,765.1135843262406,66.54198175100814,50.08573924323747
2025-08-16 16:45:00,9.363668244447831,59.98872271540908,64.3529411764706,26.016882058821594,63.50062072405303,761.3497624053329,68.21034967530217,50.541155552070656
2025-08-16 17:00:00,9.78048572744856,59.97646498235196,64.3529411764706,26.020358080378696,63.210323433062435,768.3321285359463,67.05316524412272,50.532548066820766
2025-08-16 17:15:00,10.31970609568625,60.05835009084888,64.3529411764706,26.058654426589904,63.159580639530745,768.2979778219114,68.36438017993528,50.295065825779425
2025-08-16 17:30:00,10.94266484688088,60.088323724454256,64.3529411764706,26.024517907047617,63.463856282449036,764.6140107236641,67.10971248878923,50.62766167530618
2025-08-16 17:45:00,10.960764024614289,60.022637634506886,64.3529411764706,25.998420921751148,63.3118028343548,768.0833335679918,67.67895435008555,50.86451242513941
2025-08-16 18:00:00,10.667908800830697,60.08425747205819,64.3529411764706,25.95299060364056,63.59542745806703,764.3731088939102,66.96272150574971,50.67992425995647
2025-08-16 18:15:00,10.62221771195396,60.10014011201312,64.3529411764706,25.97364323183095,63.95529438408626,761.1884585310642,67.71172110446273,51.100253070179086
2025-08-16 18:30:00,10.69717986289465,60.14354051570076,64.3529411764706,25.947908571539795,63.54515822006533,760.4277573344375,67.29355858230234,51.13577957727445
2025-08-16 18:45:00,10.78744667686678,60.08822638403033,64.3529411764706,25.888738359623876,63.23101838947886,764.8846658099909,66.55700245168862,50.85680729741734
2025-08-16 19:00:00,10.731334158193668,59.92937078842916,64.3529411764706,25.81149272914887,63.49058002540128,763.8913269235902,67.26878868197308,50.86471426633044
2025-08-16 19:15:00,10.76109742110331,59.812200365999175,64.3529411764706,25.798201822959893,63.73922140975933,759.2232728229625,67.25064172051194,50.82891050795933
2025-08-16 19:30:00,10.058498891736503,59.94266612337596,64.3529411764706,25.828628019306123,63.526999698105996,761.1903270356045,67.068825760212,50.77132790162569
2025-08-16 19:45:00,9.86489416834202,59.932801242101824,64.3529411764706,25.803209894257346,63.6063931565305,771.2388841149493,68.20311990276574,51.10317315272567
2025-08-16 20:00:00,9.843807384427532,59.997878982614026,64.3529411764706,25.77832968462797,63.6600727086877,770.6804711200576,67.49352976222728,50.70901557366947
2025-08-16 20:15:00,9.803293213831392,60.04708666326536,64.3529411764706,25.7708901502591,63.51484005378327,776.278153130213,67.38376364575633,50.49097641290955
2025-08-16 20:30:00,9.719969767125129,60.02284461593442,64.3529411764706,25.729520340675897,63.9199969599621,766.8846728832759,68.23613492522544,50.989120346154905
2025-08-16 20:45:00,9.562963333659726,59.92248307145632,64.3529411764706,25.80138024239306,63.64462535794606,765.5573953781716,64.92437420622917,51.044086423086156
2025-08-16 21:00:00,9.360109700566587,60.00482299296489,64.3529411764706,25.80220909805218,63.536466285827075,763.5398744596607,67.8395661273258,50.66572445760299
2025-08-16 21:15:00,9.198880380930108,60.002805304257386,64.3529411764706,25.797103789534845,63.43794821413199,767.4019758143311,67.78186299240834,50.87486603350685
2025-08-16 21:30:00,9.531301671572628,59.85824278211358,64.3529411764706,25.82507256418622,66.68871435316872,771.2871853134912,67.62422830071077,51.51760121360955
2025-08-16 21:45:00,10.318752497192518,59.722354955912294,64.3529411764706,25.838211498265636,66.97063308631382,774.7038457557055,66.20336621187471,51.77417223694256
2025-08-16 22:00:00,10.724908121392811,59.806751876698755,64.3529411764706,25.76569695070063,67.13096370667606,770.7139223940044,66.1274763490541,51.89743644478557
2025-08-16 22:15:00,11.0050349900297,59.87739463471768,64.3529411764706,25.73923986694429,67.02731535965592,776.4317311502394,66.24239702851776,51.99623654324145
2025-08-16 22:30:00,10.896029153640738,59.95894307870085,64.3529411764706,25.753058249075846,67.3078793131923,775.3887685801517,65.92175567857497,52.31806505257792
2025-08-16 22:45:00,10.955174902439756,60.01105689380146,64.3529411764706,25.750789163564285,66.96119174006262,781.1044850110829,66.02617856825505,52.38519628979547
2025-08-16 23:00:00,11.627710533717833,60.000264403654604,64.3529411764706,25.723436253677768,67.23286657086625,782.0892849126677,66.78775283261389,52.37462753400101
2025-08-16 23:15:00,12.244251331542872,59.8506811032282,64.3529411764706,25.711985386662995,67.09922129366622,782.2515595346946,67.66739808780322,52.31099325827545
2025-08-16 23:30:00,12.524534892895657,59.844853134039674,64.3529411764706,25.69769720554094,67.27190311656429,784.8727723780156,66.80841483733137,51.650298650449564
2025-08-16 23:45:00,12.356339927754817,59.76265186966745,64.3529411764706,25.750592730234132,67.10019370104177,791.5135128640868,67.01233992274317,51.677200660488616
2025-08-17 00:00:00,12.291931114682008,59.73382872614408,64.3529411764706,25.75944608591175,66.92517448212764,788.3930878441789,67.33812906091529,52.07648075743214
2025-08-17 00:15:00,12.319409059579357,59.63543362226687,64.3529411764706,25.78665590310368,66.74505624259852,791.3938706495748,66.96350292659557,52.23526162887575
2025-08-17 00:30:00,12.490920702948392,59.57132718964985,64.3529411764706,25.78155160281092,66.71951267756953,786.9935134319443,66.27598416551766,52.74860476745958
2025-08-17 00:45:00,12.79329427515659,59.612147273274886,64.3529411764706,25.824318093155767,66.64442097693367,781.6919643832077,66.07185321268587,52.409006253122975
2025-08-17 01:00:00,13.057177425386286,59.54236498255671,64.3529411764706,25.76916254788653,66.7823811398856,786.549823414125,67.82162448717627,52.48179075453525
2025-08-17 01:15:00,12.850855943230036,59.41675722930763,64.3529411764706,25.773844164494886,66.88298930431094,792.9095184905492,64.66785548946211,52.39207421540228
2025-08-17 01:30:00,12.414217436758966,59.45829167390082,64.3529411764706,25.81934312555626,66.84281325437092,791.8647828303334,65.4446041361887,52.36032865255697
2025-08-17 01:45:00,11.935856419251465,59.29637266573358,64.3529411764706,25.776717975090712,66.40283647327439,783.9550302163256,66.59753128294047,52.09109336992827
2025-08-17 02:00:00,12.021003985293518,59.24376915104279,64.3529411764706,25.824510668443402,66.6059652337963,781.0866582862428,66.31616651080344,51.87211638229823
2025-08-17 02:15:00,12.125386622274274,59.15908302843391,64.3529411764706,25.87128216590107,66.83099250922126,787.3932926787792,67.56879688122346,51.698322193903756
2025-08-17 02:30:00,12.252728066038902,59.08255868166684,64.3529411764706,25.944290996802003,66.75757385543625,786.9316300176066,67.38563418590293,52.1291882039742
2025-08-17 02:45:00,12.19122373263398,59.0868685174288,64.3529411764706,25.938902909036912,66.4654544236628,783.6271455458498,65.93098349496259,51.67930801212212
2025-08-17 03:00:00,11.670064842905392,58.89837277262873,64.3529411764706,25.904160255815317,66.29739053283788,790.3717472527901,66.91773768224361,51.72362517508977
2025-08-17 03:15:00,11.268744267549813,58.86971613079077,64.3529411764706,25.92150610036661,66.36358665957036,781.7515502772804,67.11427404856161,51.569974967850186
2025-08-17 03:30:00,11.09305573167432,58.89595453380779,64.3529411764706,25.9352430936425,65.97257727436823,788.2175213595233,65.7093687810128,51.405680513128125
2025-08-17 03:45:00,11.777718816432618,58.77072646852071,64.3529411764706,25.939752160415917,62.77144491415468,782.0249855047043,66.07696507151991,51.24228872121921
2025-08-17 04:00:00,12.040529296694942,58.762035867833575,64.3529411764706,25.942297820799876,62.46306308199213,779.7626960262376,65.29236617723654,50.696347440959364
2025-08-17 04:15:00,11.875586856727207,58.753345558284465,64.3529411764706,25.964219091602022,62.594499307205176,781.9748335868208,66.54776328990783,50.67013073243331
2025-08-17 04:30:00,11.329666767988225,58.68440472836676,64.3529411764706,25.92636106553349,62.79373729335811,789.2982286077835,66.13371647004809,50.34273998479709
2025-08-17 04:45:00,11.079569044666764,58.769421356418185,64.3529411764706,25.905931000872187,62.81552625059548,790.8442417757883,66.35976502814619,50.37285332822467
2025-08-17 05:00:00,11.450600345561078,58.82286745987273,64.3529411764706,25.93827400154528,63.2769775933127,789.2802340271577,66.28000927335547,50.20786820311012
2025-08-17 05:15:00,11.682989066754796,58.82379235365895,64.3529411764706,25.966637262601232,63.26427626987804,791.1286674679544,66.31710064555895,50.252550379194524
2025-08-17 05:30:00,11.87292251978372,58.64574809419714,64.3529411764706,26.003295190086174,63.06463986261875,785.5599391356981,65.7484315716647,50.568036390154376
2025-08-17 05:45:00,12.21243051117192,58.55345149891839,64.3529411764706,25.988866328204807,63.361730519082165,792.7613063935996,66.2102797347681,50.60397547909462
2025-08-17 06:00:00,12.05226352270574,58.62487360901445,64.3529411764706,26.01331653435131,63.338211862396975,791.760309320414,66.0809992776723,50.561203434037026
2025-08-17 06:15:00,12.023490660812362,58.612741127029395,64.3529411764706,26.00206066780557,63.304523559410896,794.6551468864021,66.8697476819894,50.38399781851098
2025-08-17 06:30:00,11.983879816512328,58.565816816003235,64.3529411764706,26.0250137370142,63.05887464422816,798.8842582098758,66.68435122547099,50.62849015867697
2025-08-17 06:45:00,12.083523078545127,58.547097214841585,64.3529411764706,25.943663149776402,63.145931327293944,804.8430224484114,65.48208192377767,50.5680138324496
2025-08-17 07:00:00,12.036757547081828,58.45089383381068,64.3529411764706,25.961168539314908,63.17510574100257,802.2358183476582,66.39599530275655,49.947555309476485
2025-08-17 07:15:00,11.999312162924472,58.40153314789605,64.3529411764706,25.97717314138846,63.1189313096209,806.6373305079535,66.58664298205154,49.77558826674353
2025-08-17 07:30:00,11.161775621276282,58.260003711448995,64.3529411764706,25.95981781887414,62.999844184888154,801.7688996260182,67.0850668257633,49.73507204586862
2025-08-17 07:45:00,10.939936212621907,58.23003647940462,64.3529411764706,25.932777374995833,63.260077865610135,804.7906506525394,67.38324581466001,49.56499922458768
2025-08-17 08:00:00,10.89683660585667,58.195277282607805,64.3529411764706,25.914859757573613,63.03599665262172,801.3375277004886,66.10500393814522,49.26163289383031
2025-08-17 08:15:00,11.024681159551811,58.21772356313286,64.3529411764706,25.975094464482932,63.042561223435136,809.9719885817949,65.90449077315051,49.233679151172176
2025-08-17 08:30:00,10.945213153137399,58.280007565856735,64.3529411764706,26.02215531113544,63.19664725732477,808.0374599877201,66.91316267175154,49.42619978147978
2025-08-17 08:45:00,10.518973977391205,58.272212319143684,64.3529411764706,25.995907632904853,63.381662218767225,812.1903727607145,66.9637703856373,49.32685165254145
2025-08-17 09:00:00,10.003111199320207,58.345979414984356,64.3529411764706,25.99014417828638,63.68485195933822,802.7872207661525,67.57916917957516,49.19195746275434
2025-08-17 09:15:00,9.918361545182288,58.40732740992477,64.3529411764706,25.94041406451752,63.621632809149936,803.2130625884072,65.98689655719551,49.17260532045122
2025-08-17 09:30:00,9.686489287837151,58.41710202518603,64.3529411764706,25.962880734905614,63.47175443844036,808.0232633412389,65.47759553269388,48.941076331262686
2025-08-17 09:45:00,9.799395944520263,58.51031546543335,64.3529411764706,25.957290382119886,63.05948125690893,811.2743334362871,67.08027911405856,49.10588773513132
2025-08-17 10:00:00,9.994283993584663,58.50230115259188,64.3529411764706,26.000133753954444,66.07700998235718,807.2777660998705,66.35854118642125,49.481362711370245
2025-08-17 10:15:00,10.105686734782749,58.53185300090389,64.3529411764706,26.002633351253518,66.01918142405985,803.9959054758758,66.60906658599671,49.35215967001083
2025-08-17 10:30:00,9.951181992193396,58.399542258347665,64.3529411764706,25.942002311098328,66.29999302066636,801.2963164400536,66.34548716622048,49.6283857769583
2025-08-17 10:45:00,9.770664450901515,58.30458912526487,64.3529411764706,25.960859621542095,66.60737865950978,799.7692276006509,67.22898168880616,49.79200064374625
2025-08-17 11:00:00,9.900598603053158,58.41158908723593,64.3529411764706,25.934421390140226,66.41262838193077,802.7415890777463,66.67896504372617,50.15553657896111
2025-08-17 11:15:00,10.089889350790267,58.49926509552414,64.3529411764706,25.889242664605167,66.255816501824,803.8672056308963,66.22648510980956,49.9157160561821
2025-08-17 11:30:00,10.165527886608222,58.57428070264413,64.3529411764706,25.930399387898717,66.37191714978367,800.5162320307769,66.23524352088084,49.83097729303383
2025-08-17 11:45:00,9.941791495761187,58.45963851610881,64.3529411764706,25.878514189318615,66.37761009688079,805.7290870960214,67.5200948098929,49.881179661350295
2025-08-17 12:00:00,9.68660938203429,58.581612301785924,64.3529411764706,25.87785757846826,66.28476718900359,807.8811468142515,66.94795825260704,49.97342311142334
2025-08-17 12:15:00,9.529943534078903,58.55658453249831,64.3529411764706,25.80756807436999,66.56896766918199,796.6480653468226,66.21649451043562,49.837091491439644
2025-08-17 12:30:00,9.620564746574885,58.668882958249895,64.3529411764706,25.80771625627573,66.71518960965027,796.4131255853058,65.78593655496347,50.011591314804
2025-08-17 12:45:00,9.99999234268527,58.65215040929528,64.3529411764706,25.789885560599757,66.80965427722582,800.041480330426,66.15394479753638,50.02575495255298
2025-08-17 13:00:00,10.27456153976004,58.728676022831976,64.3529411764706,25.80318034807122,66.91164680407988,801.0535960095032,66.6546369365023,49.99063582745055
2025-08-17 13:15:00,10.090764339693376,58.68768042448471,64.3529411764706,25.84310895137707,67.11083522898356,813.8096541447148,66.97479591344207,49.813388151372436
2025-08-17 13:30:00,9.819577499513866,58.78809497546919,64.3529411764706,25.79372358800395,67.15460232081021,812.4694433182349,66.8680259889354,49.69544344339981
2025-08-17 13:45:00,9.124521142812103,58.75872205486926,64.3529411764706,25.80415654271377,67.036896747584,818.9345032496863,67.2599921816783,49.46022140001439
2025-08-17 14:00:00,9.142794558043784,58.75541020245128,64.3529411764706,25.806913011429938,67.08612625110526,821.7830218082306,66.19136700093891,49.44448013888321
2025-08-17 14:15:00,9.50429275092436,58.76633084387649,64.3529411764706,25.78633629517882,66.81611272067221,810.5624198401238,66.75834004001763,49.619293566289144
2025-08-17 14:30:00,9.446144904601141,58.7369026463344,64.3529411764706,25.802421590295854,66.4653888400697,810.4378501696863,65.76195448300288,49.71666801320906
2025-08-17 14:45:00,9.03347776079067,58.82308272182558,64.3529411764706,25.815989179228147,66.22976467140712,810.2803952478189,65.36943746829736,49.66232631322039
2025-08-17 15:00:00,8.427003501794973,58.756047564819816,64.3529411764706,25.867480102121707,66.38907962633907,808.2490396967587,66.18242730207712,49.43692063408415
2025-08-17 15:15:00,8.080396093571846,58.7270289694895,64.3529411764706,25.87246112400719,66.06291699043466,803.7270630049231,66.81278596045938,49.392854482908895
2025-08-17 15:30:00,8.470067515816881,58.667497297792785,64.3529411764706,25.852137454908533,66.18187300301081,806.0282179584425,67.63259133187958,49.350129483369486
2025-08-17 15:45:00,9.102580975976455,58.715164167740845,64.3529411764706,25.880709918029225,66.52742002209798,803.6739404509932,67.05888086733412,49.42756005589386
2025-08-17 16:00:00,9.62447490534881,58.741727655451406,64.3529411764706,25.901548915616413,66.75131053730561,810.5280320631216,68.13178841436381,49.35875813688327
2025-08-17 16:15:00,9.880637680479417,58.69869098033964,64.3529411764706,25.92667581908051,66.59094188432958,814.3553048937974,66.33801389134982,49.27826852723134
2025-08-17 16:30:00,9.752876181182817,58.71005175377366,64.3529411764706,25.8941657985548,63.67589795464293,816.9243811494055,66.13931466112598,49.15600580073127
2025-08-17 16:45:00,9.529850357122971,58.7150249080953,64.3529411764706,25.877253228960406,63.830794112506155,808.8095325586462,65.82416993407737,49.224149418487364
2025-08-17 17:00:00,9.840601449271068,58.67275149503417,64.3529411764706,25.89935599852001,63.88602167391056,808.7323819718745,66.82734354262502,49.23158338254069
2025-08-17 17:15:00,10.125226629432408,58.606776763478265,64.3529411764706,25.869437480992694,64.06120935417657,806.4897353741417,66.81225595272703,49.09224583852236
2025-08-17 17:30:00,10.580207073158645,58.655298302850674,64.3529411764706,25.8346332927155,64.08461029456983,808.484511889666,66.68219439778693,48.90649064529184
2025-08-17 17:45:00,10.712224181251909,58.51629197297717,64.3529411764706,25.7975273762888,64.5956255206337,820.0599628812993,66.60909988221884,49.47853751915242
2025-08-17 18:00:00,10.866368088454912,58.489576542736174,64.3529411764706,25.821704428173046,64.69520334735272,824.0405428904504,68.07313867755191,49.834907700544235
2025-08-17 18:15:00,10.543472976959244,58.53481710681971,64.3529411764706,25.80923960625678,64.58315281400392,823.7981751134088,67.15735969820169,49.70060956103137
2025-08-17 18:30:00,10.667224422326143,58.57217290793421,64.3529411764706,25.73752498711214,64.58841505291565,815.5900732256372,67.54676137600137,49.31682751661484
2025-08-17 18:45:00,10.911998255487351,58.433727387958115,64.3529411764706,25.734675031204862,64.70704242896194,818.1627031904036,66.74316102138792,49.779806593789985
2025-08-17 19:00:00,11.16659972231069,58.45618815920688,64.3529411764706,25.784314621130655,64.44059806479315,826.8306982003729,67.80899450658825,49.72166927488952
2025-08-17 19:15:00,10.95062780316522,58.44964558334402,64.3529411764706,25.743637059974972,64.37520630347473,832.2330057168833,67.93149582731748,49.651848583962604
2025-08-17 19:30:00,10.566747462984493,58.426842076384816,64.3529411764706,25.7272448960462,64.34522328807428,826.7373919369763,66.47955029052953,49.59001449362452
2025-08-17 19:45:00,10.254562793748498,58.380475503123314,64.3529411764706,25.769044863167167,64.6099164584531,823.9076525802018,66.98694870318103,49.35080977666819
2025-08-17 20:00:00,10.308567433123915,58.48331163202167,64.3529411764706,25.759234997577405,64.73104846548425,820.5820534826353,67.72652305276259,49.18566355757329
2025-08-17 20:15:00,10.774262466888176,58.4478276987686,64.3529411764706,25.740924407331676,64.62665032619743,816.8778867884267,67.59258112101722,49.4370484773236
2025-08-17 20:30:00,11.017584399048692,58.439901024665964,64.3529411764706,25.776194058457392,64.47182719582118,817.857023011477,66.95716305197399,49.326403510813925
2025-08-17 20:45:00,10.801105911259498,58.448663655171416,64.3529411764706,25.79180978892193,64.33993909316447,817.2915368343982,68.48922609298351,49.383753565614064
2025-08-17 21:00:00,10.570660948631758,58.46216740870048,64.3529411764706,25.758489019488774,64.34671162613331,832.2744309552287,67.60693851059614,49.577675277813626
2025-08-17 21:15:00,10.345661752619831,58.563723019706636,64.3529411764706,25.761296907333904,64.58092530957391,825.1043613755411,67.61145786380466,49.49420272265682
2025-08-17 21:30:00,10.70063095145148,58.54446168231427,64.3529411764706,25.760995339441738,64.53814574135139,833.9312009039953,67.36803390029543,49.72759098954739
2025-08-17 21:45:00,10.788320946159372,58.57356788721098,64.3529411764706,25.81825901195817,64.40602639579322,829.4821190868257,67.23982087776855,49.6796166766949
2025-08-17 22:00:00,11.239023362713619,58.502073249268136,64.3529411764706,25.829537640072555,64.53403293761261,824.8870430250448,68.0609722023455,50.034571863873694
2025-08-17 22:15:00,11.60983990075475,58.5683593059856,64.3529411764706,25.83075163056285,64.56506195722424,819.957066585584,67.9502244319986,50.149937148873065
2025-08-17 22:30:00,11.570257334527192,58.43218802479397,64.3529411764706,25.86791855292631,64.64327465254834,829.0224577164535,68.19893586505637,50.38233846317559
2025-08-17 22:45:00,11.610933751561815,58.36061220380476,64.3529411764706,25.884896920416,67.49230822563437,839.0884749682681,68.04708514574294,50.805040788269274
2025-08-17 23:00:00,11.831172009126842,58.34195254233745,64.3529411764706,25.87049210789918,67.47279916850067,851.0862415285525,67.23456811099666,50.71642783061723
2025-08-17 23:15:00,12.636178987263552,58.39635078961957,64.3529411764706,25.820327501776156,67.48529173561306,868.0695941146488,68.75888861970171,50.51048412754391
2025-08-17 23:30:00,13.109018628691251,58.3094370629598,64.3529411764706,25.834285950231955,67.39834188865645,875.9276207338348,68.03416161037188,50.39402117181366
2025-08-17 23:45:00,12.962658887712463,58.293111993412914,64.3529411764706,25.849424193622365,67.44587807668856,879.9761672565796,67.70176304597169,50.45566173064482
2025-08-18 00:00:00,12.621411730379354,58.38721109835685,64.3529411764706,25.88889399893771,67.41854098738366,874.9370885603339,67.55048535913905,50.340879637530506
2025-08-18 00:15:00,12.396050405733305,58.33699599669534,64.3529411764706,25.90428243854447,67.43826675564442,873.9554027892167,68.02804507365698,50.906025334166834
2025-08-18 00:30:00,12.279266898163405,58.3911559200497,64.3529411764706,25.88055553084004,67.16181369312643,861.3644968554794,67.07598552174487,50.70939583408623
2025-08-18 00:45:00,12.446137689302569,58.36790793500219,64.3529411764706,25.864241739847326,67.10312217776652,862.9305829316723,66.30440738420268,50.74608188837316
2025-08-18 01:00:00,12.530678474767148,58.30324198404594,64.3529411764706,25.84889661664531,66.9086785289221,850.7575739652527,64.95585794037497,50.657452379125736
2025-08-18 01:15:00,12.316282935928847,58.26966397721046,64.3529411764706,25.82848345697141,67.18754032189982,845.6647920072066,66.438665233103,50.667979081424015
2025-08-18 01:30:00,11.81816293488253,58.18818463059155,64.3529411764706,25.774937821267113,67.18460617279332,838.4726431018175,65.88368978586675,50.6599011241153
2025-08-18 01:45:00,11.178710478282662,58.089312240121124,64.3529411764706,25.81296141992034,66.92700564353831,836.2019248962156,64.8381951501533,50.88453967341458
2025-08-18 02:00:00,11.321883039896566,58.14478425104454,64.3529411764706,25.773754659629272,66.65214269824759,841.5888146011969,66.62064833430232,50.79250473372885
2025-08-18 02:15:00,11.73997876430555,58.11665002815236,64.3529411764706,25.71915256051688,66.53396528877943,840.4339508786991,66.17047694682938,50.605378020526985
2025-08-18 02:30:00,11.592577752081949,58.256234096120295,64.3529411764706,25.730629964196027,66.24492679612224,838.7160314714689,66.5198920755046,50.814071310090036
2025-08-18 02:45:00,11.308547578545769,58.296363062374525,64.3529411764706,25.75514597536594,66.26063766200774,846.0358965513911,65.42789485582742,50.880907891298314
2025-08-18 03:00:00,10.966966404142545,58.16322428275614,64.3529411764706,25.753663000927755,66.24313191187487,845.8441225907538,65.40398844164966,50.80109526041399
2025-08-18 03:15:00,11.146126273866342,58.146924306011115,64.3529411764706,25.78380414372367,66.16498718584971,854.7664860539907,66.98411506512582,50.71944001395794
2025-08-18 03:30:00,11.339296281775862,58.0819537632129,64.3529411764706,25.781859255862162,66.2206899391144,859.4937332631292,66.43431075127997,50.77278057560261
2025-08-18 03:45:00,11.619419004587863,58.0507706206647,64.3529411764706,25.767011369601633,66.12852657013424,857.9955435585241,65.70521852045552,50.805532243404386
2025-08-18 04:00:00,11.724549207200324,58.00595457941176,64.3529411764706,25.770465291363628,66.00128601795578,852.5682181000533,65.94623245350758,50.83049471220648
2025-08-18 04:15:00,11.572195392916477,58.05263316427593,64.3529411764706,25.838355277786253,66.18314554039358,850.9452145160076,64.98377416420684,50.66886532685446
2025-08-18 04:30:00,11.444044052050625,58.144024649160926,64.3529411764706,25.828165777092075,66.36888990554638,850.7341641642927,65.75945359180037,50.65194923234881
2025-08-18 04:45:00,11.53461725590694,58.12362153847183,64.3529411764706,25.867008765236694,66.20399620199058,858.6596656181985,65.75858456922114,50.66479963407268
2025-08-18 05:00:00,11.97636819675395,58.235718561249556,64.3529411764706,25.8802498165967,63.55584971793998,854.0598379716067,65.6666448213972,50.329951231642944
2025-08-18 05:15:00,12.165881217855082,58.198644495344745,64.3529411764706,25.88435507977048,63.68256425710514,848.1669709858429,66.18688359578705,50.52258956246896
2025-08-18 05:30:00,12.47142389775321,58.173487918264264,64.3529411764706,25.870638373966525,63.51944003319576,845.4123612129796,66.82584690031956,50.57036534715009
2025-08-18 05:45:00,12.538864176264834,58.20002526773284,64.3529411764706,25.965993121680235,63.71571147484226,842.3780953925237,65.92600184433037,50.437344460458775
2025-08-18 06:00:00,12.151306087585727,58.22719167357702,64.3529411764706,25.975303563597922,63.26911373103292,840.8510156469097,66.74563296667786,50.2203394376597
