t_stamp,GR06/ai/GR06_feature_7/eu,GR06/GR06_feature_1_block/eu,GR06/GR06_feature_1_block/setpoint,GR06/GR06_feature_3/eu,GR06/ai/GR06_feature_4_1/eu,GR06/ai/GR06_feature_8/eu,GR06/ai/GR06_feature_6/eu,GR06/GR06_feature_5
2025-06-14 17:00:00,20.09146279020849,65.91496504660502,63.78151260504202,27.246830120689623,62.16409239314348,937.5081246233503,77.51138002830115,50.67615809038409
2025-06-14 17:15:00,20.383868504368593,65.95012536782248,63.78151260504202,27.258341951493684,62.05433562128038,942.9038337658712,77.21122558075804,50.727535209170526
2025-06-14 17:30:00,20.72796701477928,65.91371525431066,63.78151260504202,27.27702046180133,62.12137493696809,937.017606327974,77.96924191255013,50.71797782263111
2025-06-14 17:45:00,20.873022069285934,65.98542773768433,63.78151260504202,27.250037525639186,62.06744333095907,945.3000619895195,77.39565373478533,50.784188870990334
2025-06-14 18:00:00,20.24943700542237,66.0242608847638,63.78151260504202,27.26495872602766,61.99072683393328,931.5644173531862,78.02703163324195,50.561569027423715
2025-06-14 18:15:00,20.454559677027156,65.95409931211034,63.78151260504202,27.281650633557287,61.72108423290695,929.1945320499584,77.51490921847976,50.918715109650506
2025-06-14 18:30:00,20.485227220548705,65.81620068815958,63.78151260504202,27.265915255782673,61.89756498009393,929.2532263654497,77.47317736273173,50.76449963328281
2025-06-14 18:45:00,20.85587347835033,65.78565382819875,63.78151260504202,27.27612462136225,62.293179768477586,930.4938617454369,77.28602204789651,50.71527005786891
2025-06-14 19:00:00,20.653225516202777,65.79618060244044,63.78151260504202,27.247750145616983,62.38409826556973,931.2311165080475,77.27065173946129,50.46265846068697
2025-06-14 19:15:00,20.288427355114965,65.75282246552189,63.78151260504202,27.299106075470213,62.10829213397395,936.913180063598,76.90912854844369,50.51175080887185
2025-06-14 19:30:00,20.26097545173183,65.73623640379007,63.78151260504202,27.331840589537702,61.78396016795854,935.7200547834018,77.42501830559857,50.11553821645627
2025-06-14 19:45:00,20.21634752419083,65.61629908370878,63.78151260504202,27.355401105518215,62.19102888243302,933.6597360575432,77.33634341601095,50.204543080044836
2025-06-14 20:00:00,20.143258944003765,65.66470958935781,63.78151260504202,27.37444652277735,60.19482432684646,935.6554750565931,77.38183583761874,49.684331565518534
2025-06-14 20:15:00,20.252660617115318,65.73674502782609,63.78151260504202,27.406694001708363,60.21214874702156,932.5485184966617,77.79199388973447,49.70669216859143
2025-06-14 20:30:00,20.072524315853006,65.65011938979391,63.78151260504202,27.40404641308592,60.14725481727104,930.5765979665009,77.60411942257633,49.83079283353755
2025-06-14 20:45:00,20.001099508199232,65.77169998702031,63.78151260504202,27.426328789944776,60.36356628322218,939.2901989902679,77.47183979679545,49.62659500658814
2025-06-14 21:00:00,19.79961146313803,65.6259872802529,63.78151260504202,27.430487702129177,60.34193392400573,935.6724047859698,77.54019664378554,49.52822222967096
2025-06-14 21:15:00,20.019030336818584,65.5167797873394,63.78151260504202,27.433341214948882,60.23617693599934,940.598939453824,77.33572411681857,49.53234043032614
2025-06-14 21:30:00,20.256736519684843,65.31823204467914,63.78151260504202,27.382813243341523,59.954684152996734,945.973121493767,77.36130768393353,49.63611250246936
2025-06-14 21:45:00,20.371143562223647,65.31006625740577,63.78151260504202,27.357160487443775,59.791175621790956,940.0893246062227,77.20127992529694,49.53727319370762
2025-06-14 22:00:00,20.58512061972361,65.3388101291236,63.78151260504202,27.34919164860711,59.883208988230336,945.0857939497005,77.12114886596856,49.34827512633199
2025-06-14 22:15:00,20.343024937562294,65.29620074144509,63.78151260504202,27.3737793360006,59.529471349378504,943.0095503777596,76.93006523178187,49.30954022543589
2025-06-14 22:30:00,20.458905116492204,65.19814221269495,63.78151260504202,27.334455704157303,59.74532557825511,939.719396769652,76.84986984579069,49.292386182785876
2025-06-14 22:45:00,20.458171749864498,65.10010527006325,63.78151260504202,27.28176584471149,59.72062806274952,941.1606452803715,76.62171582704805,49.567772070276696
2025-06-14 23:00:00,20.906799333907944,65.01133462648924,63.78151260504202,27.29589169989497,59.780578143286135,943.3775000818436,76.83019306161209,49.36232325502679
2025-06-14 23:15:00,21.066589095613757,65.03514513204858,63.78151260504202,27.33591548309165,59.84268730739063,944.6267087161831,77.18086344869553,49.3623335957438
2025-06-14 23:30:00,21.00284687442153,64.96118473457206,63.78151260504202,27.332020509406313,61.67148456121248,942.4303004938614,76.7976430860804,49.32307348704252
2025-06-14 23:45:00,21.090366091457053,64.91740198948534,63.78151260504202,27.26985158232283,61.620182230055185,941.9586403644369,76.99415562645457,49.54945583495606
2025-06-15 00:00:00,21.13923849911487,65.02442618078385,63.78151260504202,27.233542445202687,61.5027484257864,937.588078891928,77.22915346690745,50.121303290282896
2025-06-15 00:15:00,21.32789428364018,65.01373106052377,63.78151260504202,27.20820834147296,61.476784522143106,934.5840133615229,76.94886823860618,50.271490772638884
2025-06-15 00:30:00,21.354876872761288,64.8903903191842,63.78151260504202,27.180449405732052,61.61947665147542,943.3643159060462,77.12670563563266,50.25049762534562
2025-06-15 00:45:00,21.43772386591104,64.87155666472252,63.78151260504202,27.20180472029984,61.738722224129106,940.4476732067155,76.81607075337448,50.524047581001184
2025-06-15 01:00:00,21.64286116418574,64.83888154366792,63.78151260504202,27.141017206925365,61.40926203960165,942.4334866505468,76.58494327856516,50.24823538377929
2025-06-15 01:15:00,21.303094663523293,64.80671161498869,63.78151260504202,27.166723671713225,61.65114485348321,940.7798383309897,77.06538920107408,49.860957465408795
2025-06-15 01:30:00,21.20759989538402,64.8865976492028,63.78151260504202,27.191206890617753,61.144184705586696,937.7341514553632,76.88531530519751,49.54194462656412
2025-06-15 01:45:00,21.121541094364986,64.85009499905611,63.78151260504202,27.128073906192363,61.47195575122453,939.5174047175867,76.55348052088516,49.85270920146978
2025-06-15 02:00:00,21.178377567206365,64.91798022987882,63.78151260504202,27.080083177458636,61.638320902312195,943.4110961207481,76.2278182556767,50.049697178656395
2025-06-15 02:15:00,21.13004848845555,64.93195594662906,63.78151260504202,27.05562082218239,61.78177549305385,941.3695114790402,76.02483096195921,50.40794909558065
2025-06-15 02:30:00,21.14096361121783,64.8989270686929,63.78151260504202,27.01454211767248,61.6698241661962,938.3743621060711,76.4340664914608,50.17941529892965
2025-06-15 02:45:00,20.91526073000564,64.89422068994246,63.78151260504202,26.99586118743501,61.79729044062584,936.095762878265,76.38213806791413,50.06162376560424
2025-06-15 03:00:00,20.727652536373284,64.8322429192079,63.78151260504202,26.960316817305625,60.03491554952958,935.0787043200012,75.98116682386909,49.78925372376552
2025-06-15 03:15:00,20.738915830918852,64.99474844662893,63.78151260504202,26.963110619199202,59.89195848167728,934.315757011398,75.92283517464328,49.581053637952415
2025-06-15 03:30:00,20.53119511953172,65.01492896136877,63.78151260504202,26.9903785131112,59.48920265641213,936.1203935425025,76.07729406496095,49.25535662744069
2025-06-15 03:45:00,20.78627844895581,64.93332498191344,63.78151260504202,26.971031700158562,59.5888116836214,935.0952974263155,76.61726037918551,49.641328490905195
2025-06-15 04:00:00,20.56983764138076,64.9085376174447,63.78151260504202,26.977755182387117,59.61227634792515,924.9089176046035,76.07191923628692,49.506842015393644
2025-06-15 04:15:00,20.603932236821098,64.88809898508211,63.78151260504202,27.01773518071006,59.515656669204034,927.5970383710302,76.759587083473,49.24759342343766
2025-06-15 04:30:00,20.826290949946888,64.90517915800754,63.78151260504202,27.02902625595725,59.58590902895126,930.537097874622,76.37015974442839,49.1732647812638
2025-06-15 04:45:00,21.00993888550676,64.9752002022545,63.78151260504202,27.05617993836713,59.586534266626586,934.4504842157301,76.21779012582998,48.96810300213383
2025-06-15 05:00:00,21.42470396469352,64.92380799008814,63.78151260504202,27.11913436792457,59.50586815388706,934.9265430051906,76.37472933125079,49.08719125021401
2025-06-15 05:15:00,21.646313153038587,64.8850586128762,63.78151260504202,27.08258415394297,59.39046498533939,936.2711438012722,76.39871908579933,49.25958717703659
2025-06-15 05:30:00,21.509852475786563,64.9114338970656,63.78151260504202,27.073786227081015,59.43673039666347,938.2474497734482,76.23765136257612,49.28734671861057
2025-06-15 05:45:00,21.331028124024634,65.0067495102978,63.78151260504202,27.094117690097644,59.55825873250194,931.95127351888,76.2973826451245,49.3739574539145
2025-06-15 06:00:00,21.15946105848047,65.00245497658781,63.78151260504202,27.075940408825122,59.45609156971111,939.3060779696599,76.25282595002231,49.15554225057449
2025-06-15 06:15:00,20.78689684562587,65.18138990601447,63.78151260504202,27.05058133345098,59.41626664863046,933.0891514333962,76.41528912487884,49.30060379321145
2025-06-15 06:30:00,20.888920846885455,65.20497916763424,63.78151260504202,26.97257985771812,61.141543807893655,934.7720924714289,76.29623753977033,49.52747488345282
2025-06-15 06:45:00,21.050457788650245,65.3300983069759,63.78151260504202,26.980820415183466,61.258281946505214,934.4043144159289,76.1844978162772,49.52596023168849
2025-06-15 07:00:00,21.030033513335702,65.22319667916791,63.78151260504202,27.054625164920857,61.13005568036939,938.5061520719021,75.43733627724137,49.94997731231384
2025-06-15 07:15:00,21.009289734864723,65.20663323614227,63.78151260504202,27.08845633053755,60.72971763376383,944.0942652345773,75.69614251898533,49.67667752132864
2025-06-15 07:30:00,20.769500307293217,65.37397421165113,63.78151260504202,27.05064456735219,60.89524056101643,945.3126616194832,76.29729758463247,49.72887264693141
2025-06-15 07:45:00,20.525463667996476,65.42617107137636,63.78151260504202,27.038872578006018,60.93581341712154,943.2505834553012,75.94206034458561,49.92346903596099
2025-06-15 08:00:00,20.55471403091897,65.30274607138256,63.78151260504202,27.054244621704424,60.89963969152536,943.1865118469134,76.16689230509353,49.69067361153059
2025-06-15 08:15:00,20.69321546239576,65.4366540278861,63.78151260504202,27.07989548433712,61.093538044514354,938.5798113525933,76.39183655626343,49.61656931653714
2025-06-15 08:30:00,20.530932129220822,65.26840628069684,63.78151260504202,27.064176601260005,61.3034927454351,932.4082259045043,75.97897258031335,50.05156860286183
2025-06-15 08:45:00,20.081350715753775,65.33637328081966,63.78151260504202,27.129855118643498,61.13431466667491,938.3106039268242,76.75005819402712,49.80704951786217
2025-06-15 09:00:00,19.785853298084326,65.31150442156736,63.78151260504202,27.113382232535628,61.28953479413267,934.1302148385146,76.40475163972425,49.72766387755612
2025-06-15 09:15:00,19.701506591000808,65.35545929426056,63.78151260504202,27.143889835857944,61.28407152915335,934.0591568853891,76.23858871888788,49.93925110690345
2025-06-15 09:30:00,19.943971330704894,65.41505283212892,63.78151260504202,27.162637885147213,61.44868865455394,933.7988324204425,77.15352544246214,49.92415384288855
2025-06-15 09:45:00,20.20205010133446,65.40144229267939,63.78151260504202,27.184685364922377,61.42734232700286,943.0231645305188,76.89884411312168,50.06688984939433
2025-06-15 10:00:00,20.220968206910847,65.48197256248739,63.78151260504202,27.206788142183743,61.27343403222578,944.4820194858165,76.53969256453027,50.349913867141936
2025-06-15 10:15:00,20.25820489756157,65.53623096228159,63.78151260504202,27.149057247906462,59.5251846723112,949.7989427518611,76.29789068447039,50.36737580919743
2025-06-15 10:30:00,20.028580614884902,65.5787947563095,63.78151260504202,27.24853861193993,59.56296918163277,941.7912735250993,76.75550810112162,50.50492343975986
2025-06-15 10:45:00,20.060760855930752,65.48037584211313,63.78151260504202,27.24428811981148,59.754272760184996,949.5864881910386,76.68415917253967,50.60103570979139
2025-06-15 11:00:00,20.4106690476871,65.46495004762687,63.78151260504202,27.26913084080314,59.54368800808922,948.313866919863,76.807429828876,50.29611776539477
2025-06-15 11:15:00,20.54239040239778,65.4718692050678,63.78151260504202,27.28607974782044,59.62758945401845,942.5062799252347,77.07943848685612,50.24885735822976
2025-06-15 11:30:00,20.59375904025375,65.35967714541403,63.78151260504202,27.334105917544523,60.0039979764576,941.354531721518,76.65030903810501,50.012924903471315
2025-06-15 11:45:00,20.35015637359,65.32661527383036,63.78151260504202,27.284957090833657,60.02627079945613,939.6925545751714,77.20426478513535,50.21922826407102
2025-06-15 12:00:00,20.21146509956895,65.20895012490266,63.78151260504202,27.263727970602563,60.17787742983859,938.8047093519791,77.38470311927786,50.391730526681
2025-06-15 12:15:00,19.84199250347471,65.27225387745372,63.78151260504202,27.213887864347267,60.17818652283673,940.0890761797978,76.93963538270194,50.64184322995038
2025-06-15 12:30:00,20.073149884957687,65.41842669012593,63.78151260504202,27.192295080093302,60.226092031242125,941.3742363536012,76.88765477135946,50.337954240632236
2025-06-15 12:45:00,20.10724273520091,65.43280874520276,63.78151260504202,27.177470437049756,59.92152664587201,943.0657765344308,76.89167847254384,50.00626408422412
2025-06-15 13:00:00,20.159217605626377,65.45455236737213,63.78151260504202,27.16058881052999,59.957421477420304,942.8217669990097,77.50430407988844,49.91125717797951
2025-06-15 13:15:00,20.184844020322075,65.5227771237408,63.78151260504202,27.202564448390856,59.63402552011936,939.8358773685363,77.00550280843854,49.47662746790476
2025-06-15 13:30:00,19.948210192079927,65.56533070971737,63.78151260504202,27.200439774131816,59.74650552404861,945.4210457490426,77.16896458648161,49.3631674302747
2025-06-15 13:45:00,19.724147589846602,65.66807296275758,63.78151260504202,27.17562802192872,61.84856987718821,946.4935405926838,76.681634935976,49.531770757731906
2025-06-15 14:00:00,19.924055667980525,65.75087384320973,63.78151260504202,27.13738010672629,61.86683583758667,938.8565359246854,77.45614339431809,49.33387132498385
2025-06-15 14:15:00,19.9814364078645,65.79203855022477,63.78151260504202,27.10271584972534,62.24202987954433,944.331604270427,77.09946908338279,49.18334318027068
2025-06-15 14:30:00,19.79532109555454,65.8760581439452,63.78151260504202,27.05525774828694,62.318811955057555,948.8651197241354,77.10684795203044,49.12832877843842
2025-06-15 14:45:00,19.54732944904487,65.89754797303043,63.78151260504202,27.069263089053333,62.48027830926048,952.7898509972515,77.04570537237203,49.04627753677835
2025-06-15 15:00:00,19.42052885697941,65.99625292628113,63.78151260504202,27.071249571147963,62.529383162561004,945.0227252394723,76.6653769131285,49.33209895221869
2025-06-15 15:15:00,19.248186332893717,66.06100004280376,63.78151260504202,27.061605715442415,62.498725038736154,941.3046286204714,77.02363749287663,49.43511451265839
2025-06-15 15:30:00,19.664150650964466,66.12826524396357,63.78151260504202,27.08329655376629,62.47719087423067,939.1203425632079,77.68046819421892,49.411249513603245
2025-06-15 15:45:00,19.921052607364715,66.04306117849784,63.78151260504202,27.075466736690988,62.574234548150336,941.128342320987,76.7036668343971,49.30637920472921
2025-06-15 16:00:00,19.840064420508273,66.15317197390668,63.78151260504202,27.04114952077269,62.557298090315356,936.3227135411247,77.54941088598883,49.18120317684473
2025-06-15 16:15:00,19.854563925699917,66.10205085591988,63.78151260504202,27.03843029475215,62.48452257923059,938.7943205624952,77.26464124941245,49.09393522043144
2025-06-15 16:30:00,19.700211176089372,66.17928792037159,63.78151260504202,27.01411452149572,62.66034050488735,944.1525377419662,76.96858039452623,49.11886722968382
2025-06-15 16:45:00,19.79771515057239,66.20630674588644,63.78151260504202,26.99177440357485,63.04708146838688,943.4297610841935,76.93243737252018,49.180302277394475
2025-06-15 17:00:00,20.04121754981276,66.15512477122125,63.78151260504202,26.96363325665104,63.18443146807256,945.1483760645251,77.02289981025953,49.04081684300835
2025-06-15 17:15:00,20.533340388887446,66.09949006159002,63.78151260504202,26.90203816250174,61.271382948861856,943.9297580734312,77.55913405133093,48.97827567135126
2025-06-15 17:30:00,20.605434176134743,65.96731007265215,63.78151260504202,26.86719452403088,61.023154525363644,937.2567820345415,77.55319799393187,48.737257222177384
2025-06-15 17:45:00,20.54849033926047,65.88463794008801,63.78151260504202,26.835606485967602,61.22804184857113,940.0808311830885,77.71340771162748,48.729814309892724
2025-06-15 18:00:00,20.657796784524894,65.8812928985485,63.78151260504202,26.910097909912437,61.10284415942211,938.3757821438227,77.35774714967269,48.570577011400665
2025-06-15 18:15:00,20.611074451453028,66.04707769038501,63.78151260504202,26.90109002402452,60.92896700343714,945.2326358801834,76.24923729950365,48.55229240302287
2025-06-15 18:30:00,20.841780670473945,66.08449784570585,63.78151260504202,26.867340440822606,60.84232545838788,938.1530271283946,77.23494578954346,48.44398823435777
2025-06-15 18:45:00,21.135221357405122,66.12490873865956,63.78151260504202,26.858133822897635,60.67733874402301,939.7097260073117,77.52494228320916,48.5377718964576
2025-06-15 19:00:00,21.026673075893235,66.15126066142892,63.78151260504202,26.881781552859756,60.634883105703956,937.1160717167758,77.10340739077121,48.23260108514882
2025-06-15 19:15:00,20.833328316763275,66.1425028355671,63.78151260504202,26.849053643754775,60.566915063445165,940.026599676269,77.14092031996242,48.20036071783031
2025-06-15 19:30:00,20.652619864808408,66.19886439275989,63.78151260504202,26.84454507427097,60.479119616231586,937.2957752786498,76.92065352673922,48.116256248756336
2025-06-15 19:45:00,20.36690840760368,66.07407239416509,63.78151260504202,26.928770491218163,60.46541241935055,936.6176768035552,76.89251644389878,48.27455209680088
2025-06-15 20:00:00,20.45229824043087,66.12640038312,63.78151260504202,26.867453252984422,60.760729156516526,934.0800048124197,77.1173732779346,48.221738893675074
2025-06-15 20:15:00,20.539145972887923,66.17300989962843,63.78151260504202,26.8889348884245,60.98800060454236,940.6062895324325,77.02058277217155,48.25547905547063
2025-06-15 20:30:00,20.466599346944957,66.14788367480288,63.78151260504202,26.883117913869857,60.93194619745596,938.2779823955052,76.64670269919851,48.017023272931006
2025-06-15 20:45:00,20.557154938049393,66.07197885852135,63.78151260504202,26.888235598893214,62.851295897931216,942.3208771985687,76.92791097769307,48.50191433531084
2025-06-15 21:00:00,20.22235588652825,66.07435392576339,63.78151260504202,26.90721601702828,62.96896820605041,949.1010961122055,77.29729520979494,48.24825073271886
2025-06-15 21:15:00,20.261092670399897,66.06420431168314,63.78151260504202,26.93447182842782,62.84051622189529,956.8832943329237,77.07187244485912,48.209175056677964
2025-06-15 21:30:00,20.606735521700365,65.97980279648756,63.78151260504202,26.92201491837269,62.53535430817142,950.4426358381423,76.94404054852535,47.77994546136819
2025-06-15 21:45:00,20.585017445559583,66.08599050360208,63.78151260504202,26.943079662446713,62.438855155119505,943.9100573512351,77.21126135316572,47.74370157076058
2025-06-15 22:00:00,20.751800147772318,65.97549856585061,63.78151260504202,26.994014523812094,62.76175797133588,937.1311780584753,76.48599922653558,47.70596547838383
2025-06-15 22:15:00,20.629724433853156,65.95094252846673,63.78151260504202,27.000250988168514,62.84262504240089,936.7856710019136,76.61452959712835,47.600114602131676
2025-06-15 22:30:00,20.736850325659766,65.84076937383496,63.78151260504202,26.984474470297393,62.77790491807218,940.0160906688745,77.09150460893774,47.6901784063071
2025-06-15 22:45:00,20.946320564537675,65.64377073726646,63.78151260504202,26.98906545626383,62.511836052845624,936.7067028422493,76.94852068966027,47.65506690090427
2025-06-15 23:00:00,20.992917178102697,65.74453624590346,63.78151260504202,26.986568562229824,62.63796004600353,937.5951085752728,76.82336483673974,47.796050521794406
2025-06-15 23:15:00,21.20690465367486,65.68422512465996,63.78151260504202,27.038183252593033,62.70880601326826,934.2059971990678,76.69947292869578,47.943594752747124
2025-06-15 23:30:00,21.423444202806987,65.62174055855745,63.78151260504202,27.06639567208409,62.71230393726215,940.0948053174081,76.22217166187362,48.08567814060423
2025-06-15 23:45:00,21.331647256902947,65.60208242948,63.78151260504202,27.05861530120366,62.645727173067456,948.7987672109247,76.06316658837217,47.488951251082526
2025-06-16 00:00:00,21.124738031649187,65.58406498284238,63.78151260504202,27.084110929804453,62.42856953030732,951.0719931821102,76.6504525844779,47.47617129367613
2025-06-16 00:15:00,21.281502788294834,65.56865953538528,63.78151260504202,27.084823717851606,62.372925139749306,940.5850810192622,76.20995882253511,47.25212239819801
2025-06-16 00:30:00,21.498303594424772,65.57284485345379,63.78151260504202,27.05156775839962,60.28729098125988,933.6775537166826,76.68793139770789,46.582139955215354
2025-06-16 00:45:00,21.545229368616997,65.5169492052174,63.78151260504202,27.06006690141699,60.25757295133875,942.7974891202177,76.08521247029147,46.40487980828955
2025-06-16 01:00:00,21.534504440881626,65.37758868359431,63.78151260504202,27.051390012171144,60.48731696607765,937.0015973084153,76.5224820306974,46.57754057772503
2025-06-16 01:15:00,21.51925491183529,65.36785438846857,63.78151260504202,27.04800692545015,60.563862653398445,930.5595182538817,76.65902253290974,46.401200756784625
2025-06-16 01:30:00,21.312312255125985,65.41176955503225,63.78151260504202,27.023560119428424,60.19775125555908,928.9032893655834,76.0801738374031,46.594892094958446
2025-06-16 01:45:00,21.222816796544958,65.39012332840785,63.78151260504202,27.044578290364598,60.20353878172849,930.3709886818984,75.96868014748507,46.51349952073919
2025-06-16 02:00:00,21.30699800895404,65.47817265114436,63.78151260504202,27.013750093256963,60.180243334283915,934.9773601519959,75.9711247418388,46.29405446596642
2025-06-16 02:15:00,21.37614177383184,65.35014928760509,63.78151260504202,27.014340229307845,60.21892697334359,935.6087882388364,76.28132108798344,46.38550975380994
2025-06-16 02:30:00,21.495745987231253,65.39683680896492,63.78151260504202,27.01190025871262,60.09794217484862,933.516300142155,75.84448404935328,46.41830036148142
2025-06-16 02:45:00,21.37454299132143,65.33598967131287,63.78151260504202,27.05335274480371,59.95152555806115,930.7250600123537,75.84934273909398,46.303157932511155
2025-06-16 03:00:00,21.031695560623852,65.30432241743844,63.78151260504202,27.053209405437446,59.86992229096375,937.9620343102862,75.84307617593939,46.78486402477017
2025-06-16 03:15:00,21.011438104156955,65.25216043747534,63.78151260504202,27.037659516923227,60.00954192345128,936.9684775097146,75.77951811295604,46.75459616619845
2025-06-16 03:30:00,21.254967059746978,65.13250829352583,63.78151260504202,27.075923205614693,60.10534945315431,932.2058103724383,76.28932237581822,46.90878737450118
2025-06-16 03:45:00,21.425036472807882,65.16111961409355,63.78151260504202,27.112795061311555,60.12957219592247,927.95965988462,76.0321466423344,47.22416127638374
2025-06-16 04:00:00,21.598055428935965,65.12530305693805,63.78151260504202,27.15833111066594,61.81837559058273,927.6814490223151,76.17134792444736,46.95112777095871
2025-06-16 04:15:00,21.271268191163877,65.10896040380531,63.78151260504202,27.162073102013334,61.76191823552862,926.8401668752691,75.78493513505235,46.820406879155584
2025-06-16 04:30:00,21.192554126456756,65.04008910093279,63.78151260504202,27.16610526005836,61.66213994385939,928.3452734955928,76.37377788193886,46.749183761764456
2025-06-16 04:45:00,20.94132329701508,64.97249771845671,63.78151260504202,27.166183133819395,61.697988038182,927.5214144314498,75.90906155476189,46.364582726279735
2025-06-16 05:00:00,21.005708614638905,65.02128830107318,63.78151260504202,27.206085045737524,61.87654870139514,932.0932199996948,75.49127367969294,46.23692490544355
2025-06-16 05:15:00,21.132801609676505,64.94763445368514,63.78151260504202,27.225465704717983,61.797456774220564,927.8738008573828,76.30897536201371,45.836047764269395
2025-06-16 05:30:00,21.41193177647829,65.02139539812319,63.78151260504202,27.244591407797945,61.583470885579295,921.5556588982441,75.82987072854766,45.73698309414728
2025-06-16 05:45:00,21.211997352810933,65.01439369968757,63.78151260504202,27.25452002099912,61.900494165226824,925.6843175683896,76.1390339566765,46.11238426623994
2025-06-16 06:00:00,20.870332068450132,64.98813316831081,63.78151260504202,27.302620858397585,61.762541052993164,931.9072782067817,75.76881830845942,45.73910050001392
2025-06-16 06:15:00,21.08991325270789,64.96553849850855,63.78151260504202,27.31921834403434,61.84460716112093,924.0291693734622,75.94599123553846,45.835078421927726
2025-06-16 06:30:00,21.199252135578185,65.03331744132363,63.78151260504202,27.331973226984385,61.8944678326688,930.2374214256615,76.3649394010481,45.719419622967195
2025-06-16 06:45:00,20.992590781101846,64.98290666414194,63.78151260504202,27.314170734973782,61.95587623799346,923.8731424800444,76.02441159038419,45.737383765005916
2025-06-16 07:00:00,21.044529099063347,65.07628148008422,63.78151260504202,27.32838215041426,62.066396452908926,927.0323574734365,75.85139036025386,45.70281225501837
2025-06-16 07:15:00,20.81514590345104,65.07732942165666,63.78151260504202,27.407228619220483,61.98230503892184,930.3634725607275,76.03572715528267,45.98541455097209
2025-06-16 07:30:00,20.753961352373917,65.09616669893663,63.78151260504202,27.412831580538477,60.16768461354244,928.7589129622895,75.9778001192563,45.51551145915182
2025-06-16 07:45:00,20.76225465824885,65.11478189938587,63.78151260504202,27.44851838207165,60.1855695107856,919.9940675581875,76.25755028952288,45.66551889269592
2025-06-16 08:00:00,20.780784336308884,65.16498075857771,63.78151260504202,27.388069537118035,60.17509956232532,916.7955337782682,75.71453529110303,45.47179027233422
2025-06-16 08:15:00,20.66651872516009,65.21451553829898,63.78151260504202,27.379061965671646,60.388756263721454,914.8802418337641,75.81350412368747,45.94996954749094
2025-06-16 08:30:00,20.45232719575548,65.24764799928451,63.78151260504202,27.33943974708445,60.264111810162944,920.7786026240265,76.38603799763798,45.968376252562436
2025-06-16 08:45:00,20.267315660411793,65.26842072761865,63.78151260504202,27.343175924800594,60.48172545706526,920.5077185792258,76.13834753641292,45.911221265886184
2025-06-16 09:00:00,20.23517651172396,65.21303399153936,63.78151260504202,27.366394402520108,60.41661757653282,926.9900641030487,76.66151078674076,46.32747321582336
2025-06-16 09:15:00,20.393688540144016,65.21548483430261,63.78151260504202,27.349276278866874,60.46304771590051,931.8996961312754,76.20901328570295,46.20453842903448
2025-06-16 09:30:00,20.241208506513352,65.13513485550223,63.78151260504202,27.3891261343028,60.25490395699344,927.7421624730033,75.9554802709219,46.37992122115075
2025-06-16 09:45:00,20.38268023323758,65.14537773836905,63.78151260504202,27.455572059397237,60.41029321295102,930.3854946418671,76.2586966496977,46.13451531239942
2025-06-16 10:00:00,20.410180939383938,65.06930131977865,63.78151260504202,27.4666676652073,60.66651999634939,929.8041241618839,76.12740591184065,46.01645618940772
2025-06-16 10:15:00,20.33567727265893,65.19783243466773,63.78151260504202,27.422727887326083,60.601240132342134,928.5379135046895,76.71965744350325,45.85254473392085
2025-06-16 10:30:00,19.901905652032564,65.13030344220888,63.78151260504202,27.476095884484778,60.69059572024284,921.354600460872,76.71590904009099,46.11779494763754
2025-06-16 10:45:00,20.171649738234542,65.13169310093555,63.78151260504202,27.488078904806223,60.803129665248946,925.0673756874404,76.29939207629258,46.329500197564414
2025-06-16 11:00:00,20.293233775594345,65.32319469066354,63.78151260504202,27.53024685569533,62.439207500010546,922.8525823609328,76.83637092747445,46.90364253249988
2025-06-16 11:15:00,20.43773511706551,65.31489228700072,63.78151260504202,27.547352299690584,62.46686550177992,919.9241657756386,76.30293151842648,47.22729894690848
2025-06-16 11:30:00,20.65384732399264,65.34274594444302,63.78151260504202,27.524061699850353,62.65128483513216,924.196036025747,76.33833285939124,47.2610996890173
2025-06-16 11:45:00,20.376078256237882,65.31711120971883,63.78151260504202,27.51934442761837,62.85522509975197,927.0974584389526,76.75474058766635,46.94473575305987
2025-06-16 12:00:00,20.100754326776492,65.38245200021441,63.78151260504202,27.53985254854702,62.98080615739718,923.5448352025439,76.93169109527342,46.685772994801354
2025-06-16 12:15:00,20.245267470733204,65.55519964194941,63.78151260504202,27.502931277380114,62.56083207316794,927.0043049277184,77.04083253448148,46.912096732063034
2025-06-16 12:30:00,20.436578224517053,65.60328568862177,63.78151260504202,27.50087882667565,62.68900614935861,926.4836527368436,76.96127393598694,46.98756604809355
2025-06-16 12:45:00,20.52273926923193,65.60855273145562,63.78151260504202,27.473130096144203,62.47702613297054,928.9154789963501,76.8455985255522,47.09791895412575
2025-06-16 13:00:00,20.574152930341423,65.696394798082,63.78151260504202,27.388630870832746,62.90329734635501,931.1336993538499,77.24592832371737,47.204771281870364
2025-06-16 13:15:00,20.22149137727874,65.66126082310707,63.78151260504202,27.375210521371855,62.916023240495505,927.3673904320632,76.73719457584568,47.014806755786715
2025-06-16 13:30:00,20.15965871825534,65.64976216276645,63.78151260504202,27.420410371226325,63.15595553153115,926.8253292521242,77.37264683774812,47.05937111814131
2025-06-16 13:45:00,19.987331103888973,65.69863397818561,63.78151260504202,27.385744057754504,63.056752110443426,922.8717801592426,76.91502476734938,47.210510018531615
2025-06-16 14:00:00,20.265873529234188,65.7264418798849,63.78151260504202,27.400805910317256,63.10654235192432,930.6632947652828,77.3921834863235,47.375998622585215
2025-06-16 14:15:00,20.451021182428686,65.74031042619197,63.78151260504202,27.394468306516362,63.50928404554608,925.1301786899165,76.8586130725018,47.36209101440853
2025-06-16 14:30:00,20.322848244590915,65.79071530194956,63.78151260504202,27.361684416245804,63.6565448073579,925.3027042400054,77.12735369342039,47.34642695458327
2025-06-16 14:45:00,19.99593116157146,65.85504358500484,63.78151260504202,27.364486737599947,62.04466231482028,923.9261751494391,76.62258109886956,46.98495169330263
2025-06-16 15:00:00,19.97862634296449,65.79722360232903,63.78151260504202,27.371446107260805,61.81723519597481,923.4577208557109,77.02142722022438,46.874914251729436
2025-06-16 15:15:00,19.71839254691947,65.74936475372317,63.78151260504202,27.381670440820177,61.462959388667564,922.6980473885769,76.65901691677159,46.80714472580579
2025-06-16 15:30:00,20.060935840795917,65.77571235786488,63.78151260504202,27.366720973646796,61.498745687875385,924.6549996847459,77.10984449511774,46.52611139178743
2025-06-16 15:45:00,19.885554944207946,65.79471785243781,63.78151260504202,27.366161726165405,61.5362441104074,936.2021720494033,77.45378974271718,46.71315672759439
2025-06-16 16:00:00,19.8055836762078,65.89070726898268,63.78151260504202,27.3913767595502,61.839944987553274,932.5989634902016,77.30636288568691,47.05847779739483
2025-06-16 16:15:00,19.523919984552055,65.89983491898793,63.78151260504202,27.436214240487313,61.74395548194174,944.8810490570564,77.08371612405507,46.77773151657719
2025-06-16 16:30:00,19.349871520689064,65.99291953318347,63.78151260504202,27.39431472760067,61.73094306492267,949.7194030411607,77.56562750582835,46.493174118372906
2025-06-16 16:45:00,19.52752278694094,66.00072791809272,63.78151260504202,27.387303783796852,61.53062376535326,946.9230681703912,77.21941567947748,46.583131013429934
2025-06-16 17:00:00,19.76673286043763,66.07544793498215,63.78151260504202,27.407125177338784,61.598501939180785,951.1960183798014,77.93198609660287,46.50874519865707
2025-06-16 17:15:00,20.209661179493686,66.09431799891964,63.78151260504202,27.423816299811552,61.51120940691522,957.3550035243805,77.29897302025101,46.505770712900635
2025-06-16 17:30:00,20.60975913920316,66.04889954340297,63.78151260504202,27.43186148402703,61.82309678698092,961.2230006200053,77.37307537709644,46.6512886353596
2025-06-16 17:45:00,20.25510053795685,65.9431185597279,63.78151260504202,27.456523953620202,61.69278454591205,957.5124036062304,77.8777852074695,46.8744766713466
2025-06-16 18:00:00,20.50575739847748,65.9019308627592,63.78151260504202,27.404580159864107,61.83296249369154,954.2540916591189,76.81149167430395,46.340677523854886
2025-06-16 18:15:00,20.56245727549791,65.81447649724363,63.78151260504202,27.387399748905082,63.61991513622938,960.9545253437997,77.25915905311105,46.7649400986841
2025-06-16 18:30:00,20.785185049201424,65.75219064488253,63.78151260504202,27.389533114121676,63.95456430486511,964.5666934807077,77.20152946625147,46.79650052916779
2025-06-16 18:45:00,21.008818100291627,65.80961277741287,63.78151260504202,27.396240423440045,63.69089186576011,954.6250050704135,77.33821182595534,47.11898794327698
2025-06-16 19:00:00,21.068415315650977,65.77909813016426,63.78151260504202,27.394302920082843,63.80126211713543,955.7124564326978,77.20744580856065,47.272539224327126
2025-06-16 19:15:00,20.740922910564322,65.8135857646176,63.78151260504202,27.38611156965429,63.78903563878331,945.1032993757991,77.23482084695273,47.39506116908682
2025-06-16 19:30:00,20.506691512765794,65.69448224132996,63.78151260504202,27.410074433624274,63.72158483686946,944.6021573922828,76.81496789269494,47.480621251863305
2025-06-16 19:45:00,20.25282956178546,65.72692352390042,63.78151260504202,27.334941246762003,63.75946618070768,938.0839115230356,76.8995530740364,47.3315685687716
2025-06-16 20:00:00,20.31882561009,65.75972455139183,63.78151260504202,27.258082466380685,63.777060307576924,931.5588635997668,76.7352344642762,46.86441923003374
2025-06-16 20:15:00,20.35973669345364,65.6706054263142,63.78151260504202,27.31869004499909,63.760248874767434,929.0547252564528,76.88596554968898,46.95266676861131
2025-06-16 20:30:00,20.58606590807899,65.58146078762668,63.78151260504202,27.331925506063154,63.59187766915651,916.3586330187206,77.47562524667956,46.63120541602233
2025-06-16 20:45:00,20.326511819653795,65.38801857827545,63.78151260504202,27.357803902621725,63.74688688482408,913.7665470062617,76.5119382457412,46.75496275053391
2025-06-16 21:00:00,20.550199249192467,65.40548997357156,63.78151260504202,27.362865682901262,63.57943995600524,906.3537455192943,76.69235476941897,46.80738413009045
2025-06-16 21:15:00,20.46581897500817,65.50886060663693,63.78151260504202,27.3865508459737,63.56861451395332,900.0368984279421,77.1072813828966,47.54880765386018
2025-06-16 21:30:00,20.673218993563147,65.61124272939873,63.78151260504202,27.355485068211316,63.451797319059466,897.793682007866,76.95884908030874,47.37473522109052
2025-06-16 21:45:00,20.973949107194283,65.48495696238605,63.78151260504202,27.328030672804562,61.49114217430006,899.0922197102904,76.73356384249598,47.11130740372694
2025-06-16 22:00:00,21.342915785577794,65.42053339562842,63.78151260504202,27.315608797697585,61.57198116946913,900.6322990129047,76.541081782071,47.09783225417758
2025-06-16 22:15:00,20.986326320732076,65.49379252939485,63.78151260504202,27.2968110062644,61.45367572164652,903.5995409458478,76.65757294723578,46.992225349416316
2025-06-16 22:30:00,20.946379074515914,65.57990974845445,63.78151260504202,27.23744050459773,61.4422291149366,898.8702797282177,76.2142495726532,46.686439921007256
2025-06-16 22:45:00,21.083533725465873,65.55908337061508,63.78151260504202,27.240955031641658,61.218345602229455,891.5448699737324,76.52699736662917,46.775122266195076
2025-06-16 23:00:00,21.15776570072922,65.48382463783012,63.78151260504202,27.296698306197307,60.94808549911727,883.2435654454458,76.21889724776761,47.02216666429957
2025-06-16 23:15:00,21.365114930417942,65.41597737435488,63.78151260504202,27.253469664040633,60.64361070359743,881.6273908044616,76.26860229919218,46.92005254591618
2025-06-16 23:30:00,21.365921085982762,65.37331485477588,63.78151260504202,27.22461181193881,60.59431730726275,883.988893095235,76.0591936745298,46.95889564548387
2025-06-16 23:45:00,21.238256388831353,65.35362877812216,63.78151260504202,27.191761877939637,60.83761032394128,885.8145227161253,76.30448017654572,47.219217514029275
2025-06-17 00:00:00,21.121024914309416,65.32628042359347,63.78151260504202,27.176830141870873,61.11702628686741,887.0908959469654,76.49309187435021,47.089319277720854
2025-06-17 00:15:00,21.320114550929596,65.37785176985055,63.78151260504202,27.20478321356699,61.51877879877686,883.1539292464208,75.74088974542367,46.870358788820155
2025-06-17 00:30:00,21.37060995237131,65.28557382805462,63.78151260504202,27.14573168661317,61.35952348077439,889.8002574841001,76.15987375846142,46.95980866376114
2025-06-17 00:45:00,21.473145120628637,65.22727453398579,63.78151260504202,27.206980369525336,61.40322897457954,901.8813756231574,76.00016758303724,46.86985996590128
2025-06-17 01:00:00,21.404678606645312,65.19397641000086,63.78151260504202,27.20228777924336,61.498273905781794,904.4365459383231,77.05046890774578,47.06107550870006
2025-06-17 01:15:00,21.503916301143175,65.21990422888676,63.78151260504202,27.171503756072532,61.21435301804956,903.2033365593782,76.06815917866535,47.17195671977157
2025-06-17 01:30:00,21.381746311325795,65.14305153214491,63.78151260504202,27.238241654884177,63.00060885185536,899.1296868926534,75.89428605031159,47.123862393719115
2025-06-17 01:45:00,21.398205569563473,65.22286772720595,63.78151260504202,27.265327867238668,62.79860404479607,897.041834989689,76.34755688250142,46.87666275140884
2025-06-17 02:00:00,21.4426594803567,65.05529350984779,63.78151260504202,27.267679941350174,62.7996060857022,887.9089367095571,76.09318251310285,46.865870916536316
2025-06-17 02:15:00,21.387873034535,65.11197390567033,63.78151260504202,27.237766317160794,62.596835036539105,894.9571296207647,75.83195665321695,46.56973748608248
2025-06-17 02:30:00,21.352288045905894,65.00263857885878,63.78151260504202,27.24816618039549,62.6500632104425,885.658621307324,76.01483902938642,46.228648266547005
2025-06-17 02:45:00,21.12287561804422,64.92605282660222,63.78151260504202,27.229023136608916,62.8392871866403,888.6254523968681,75.98399821287059,46.21397080359745
2025-06-17 03:00:00,20.821907525657274,64.83470089269385,63.78151260504202,27.28424798317941,62.784288300874536,881.474784118277,76.29173693899394,46.2298212246845
2025-06-17 03:15:00,20.871945786070555,64.87638499145476,63.78151260504202,27.323446039665797,63.02124951715476,885.8507425298393,76.10889831137438,46.39410966388291
2025-06-17 03:30:00,21.046691203375033,64.86544966629742,63.78151260504202,27.373956085132665,62.98691217625358,880.9433518810075,76.18362888710551,46.49863918943086
2025-06-17 03:45:00,21.19422126891227,64.7975295031167,63.78151260504202,27.399567416858744,63.05793648962687,872.3348651926232,75.96788963104213,46.76462781873883
2025-06-17 04:00:00,21.199842095896702,64.71572470787666,63.78151260504202,27.45536015972027,62.80954107548142,882.4831082903077,75.84994346481002,47.23764656603472
2025-06-17 04:15:00,21.095703450982164,64.6228609922393,63.78151260504202,27.40168589690715,62.99142391931854,881.6322503439583,76.09739282334736,47.30260586693815
2025-06-17 04:30:00,21.168027512840908,64.67536483269946,63.78151260504202,27.41084499189496,62.79844546103033,884.2442275536947,75.80229141567915,47.47515412622942
2025-06-17 04:45:00,21.0512027701662,64.51542718414223,63.78151260504202,27.457502572804245,62.79572014403013,884.7664467944788,75.66294422455572,47.244892042041805
2025-06-17 05:00:00,20.861065151673223,64.46233106986818,63.78151260504202,27.399260031841813,61.350709715515656,889.7449959505699,75.55771232967587,46.605643787992136
2025-06-17 05:15:00,21.258364678683055,64.40091595089604,63.78151260504202,27.328010081807786,61.264508805433174,883.1892490284719,75.98681870123373,46.52458793717946
2025-06-17 05:30:00,21.880611769214603,64.32372850792314,63.78151260504202,27.315984107173406,61.04899417518071,880.2213447939425,75.691738004386,46.655541418375044
2025-06-17 05:45:00,21.64416528668651,64.2449378014068,63.78151260504202,27.39295934969325,61.274287187095645,888.77725193819,75.79230393840054,46.54463360389009
2025-06-17 06:00:00,21.42621968211612,64.27673806733426,63.78151260504202,27.371153975192986,61.383470280203966,882.692964690661,76.08936030965724,46.433385686125476
2025-06-17 06:15:00,21.40925286487607,64.2868407489137,63.78151260504202,27.349413148039805,61.247702555652346,884.0261247219225,75.66040295631417,46.76233374311141
2025-06-17 06:30:00,21.52768659909466,64.34132863479802,63.78151260504202,27.301769338315,61.314911430484244,887.9564224718425,75.90447604569893,46.30808349318837
2025-06-17 06:45:00,21.451404046602793,64.394363393668,63.78151260504202,27.337428166013616,61.307105692444544,890.0875185445132,75.69429724926565,46.33201828611907
2025-06-17 07:00:00,21.189618150233226,64.42359105232785,63.78151260504202,27.41026997165696,61.1567350798302,887.7904317337832,76.17438135910675,46.18895559737168
2025-06-17 07:15:00,20.854589155648508,64.40861427401417,63.78151260504202,27.467707012984146,61.05090156671366,884.875618109394,76.0352134752001,46.15895736192965
2025-06-17 07:30:00,20.398309034858972,64.43332003603432,63.78151260504202,27.44151234805035,61.07710328004585,884.9505338263724,75.76884874302255,46.42167331573074
2025-06-17 07:45:00,19.845933540745026,64.5252481991066,63.78151260504202,27.480588086777043,61.46981714562355,885.5842154576404,75.86580875133016,46.4502283667272
2025-06-17 08:00:00,20.040347886991338,64.52297426463605,63.78151260504202,27.45156123105402,61.76562541356837,881.5214895015039,75.98709413022166,46.18744170647401
2025-06-17 08:15:00,20.316889174226265,64.57353798155937,63.78151260504202,27.441762519811018,61.91616173247632,872.9454341615352,76.19821980221415,45.74146644885012
2025-06-17 08:30:00,20.384210472686426,64.55814836896512,63.78151260504202,27.436743037515047,63.81754571151173,882.9315605994298,75.61115637986241,45.77314296676541
2025-06-17 08:45:00,19.941842945184543,64.61413362739513,63.78151260504202,27.430692154870076,63.57725776695302,887.0220901254366,76.17485285833689,45.632920802533825
2025-06-17 09:00:00,19.779696411475594,64.64878211711425,63.78151260504202,27.452880881240112,63.79386854904787,888.4277736409848,75.67561968918972,45.848945621428214
2025-06-17 09:15:00,19.60438978662302,64.76877680093708,63.78151260504202,27.410291541580406,63.68790944137695,888.3359198350399,75.78179568220591,46.0109105265737
2025-06-17 09:30:00,19.581316390534603,64.80004041999479,63.78151260504202,27.390585691280425,63.57561619720968,882.2079482269583,75.75856606970329,45.46815094221844
2025-06-17 09:45:00,20.03422836721765,64.86597389593543,63.78151260504202,27.407020153499836,63.63512196436445,883.0083983237607,75.97244460104847,45.27620303483618
2025-06-17 10:00:00,20.28261772393981,64.82757960972364,63.78151260504202,27.43978505824679,63.999530040268425,884.98103434772,76.17697174809273,45.66496067104928
2025-06-17 10:15:00,20.167393128349982,64.98357440688724,63.78151260504202,27.40720555414271,63.757095883654976,877.4083014527603,76.45325680118248,45.968543240197924
2025-06-17 10:30:00,20.281793285498516,64.94108511213769,63.78151260504202,27.476161642068668,63.86802768743594,876.0701405614185,76.16762440181648,46.21700013899863
2025-06-17 10:45:00,20.309324933068158,64.99997050830282,63.78151260504202,27.488946035086204,63.779741964734015,878.2242497292989,76.21057082491365,46.22080820950169
2025-06-17 11:00:00,20.237996949739784,65.03466364582465,63.78151260504202,27.47948398032869,63.569405037913526,874.7703691586801,76.3791006812762,46.289736119126175
2025-06-17 11:15:00,20.56424362996175,65.12557167941743,63.78151260504202,27.49889806748193,63.476743858176704,868.3793527369028,76.2146940208873,45.86433919445126
2025-06-17 11:30:00,20.677389211326517,65.07866264948184,63.78151260504202,27.52774743359505,63.21482419284684,871.434028990467,76.51260592214607,45.86997987096152
2025-06-17 11:45:00,20.37742294832958,65.0465303636979,63.78151260504202,27.50338144490595,63.11765325534144,872.5961964955986,76.73885488607696,45.97706538606169
2025-06-17 12:00:00,19.986477365453904,65.00649278978646,63.78151260504202,27.438990004462532,61.269169415170644,872.3585536675871,76.65964307727029,45.63462073485131
2025-06-17 12:15:00,19.89486300753703,65.09465215506586,63.78151260504202,27.437913732715096,61.35121699175216,874.317598694149,76.52116680272783,45.777943168825196
2025-06-17 12:30:00,20.107356299686963,65.06830259589837,63.78151260504202,27.39667214577062,61.448238967390814,872.1789737725651,76.76620816670886,45.48422335431998
2025-06-17 12:45:00,20.206686365225632,64.96921794346164,63.78151260504202,27.432012395002022,61.23363298443077,871.1407470809886,76.50997114040798,45.23030809571877
2025-06-17 13:00:00,20.222289451798567,65.00201007681876,63.78151260504202,27.469149287790533,61.27436289730538,873.7735168954448,76.81286111894268,45.39990125723773
2025-06-17 13:15:00,20.12465320580744,64.92742878620163,63.78151260504202,27.506793216798858,61.464141455222816,868.0098796050115,77.43003633018269,45.85302273475236
2025-06-17 13:30:00,19.894285763718234,64.8624498351358,63.78151260504202,27.477194801351853,61.409317943372166,864.9085895951785,76.59929622695657,45.879550441398486
2025-06-17 13:45:00,19.761197436927063,64.87983684082684,63.78151260504202,27.469125477994798,61.175304840792656,864.6890816118195,76.77004744164331,45.479231466178966
2025-06-17 14:00:00,19.823471044639973,64.82899361619744,63.78151260504202,27.556778145401918,61.400092702444844,870.6260977544772,76.35419336703453,45.44195426699966
2025-06-17 14:15:00,19.813154280581166,64.88264530305558,63.78151260504202,27.593046314513572,61.482405135852645,873.1025253732439,76.7411165139308,45.71581702650369
2025-06-17 14:30:00,19.807577894124208,64.98103208818375,63.78151260504202,27.544732083154447,61.37070046808191,871.1800078022927,76.6754169298684,45.860440509395126
2025-06-17 14:45:00,19.61361073576618,64.92498446126,63.78151260504202,27.54660594315401,61.147352535388265,874.7669326211033,76.3912193500668,45.329306035402155
2025-06-17 15:00:00,19.71334322536781,64.92972127007887,63.78151260504202,27.61287010311485,61.24200364798029,878.3379283441744,76.9603161649266,45.35485454424509
2025-06-17 15:15:00,19.614281482557992,64.94008919153701,63.78151260504202,27.56210289055003,61.29777594584771,880.4432844041532,76.4005493223978,45.38289057341759
2025-06-17 15:30:00,19.859883851674212,64.98218687005097,63.78151260504202,27.6071245474779,61.323609687355514,875.3852746715661,76.64715654640517,45.38355717859986
2025-06-17 15:45:00,19.95463213744318,65.02548850289533,63.78151260504202,27.624098592815425,63.297958503577114,871.1772209353957,76.33806477322058,45.50288344622197
2025-06-17 16:00:00,19.96996028733967,64.92387212116485,63.78151260504202,27.637659978147358,63.28234224870648,871.9176560217803,76.5573263027893,45.360914710905504
2025-06-17 16:15:00,19.98281315463878,64.93314460200385,63.78151260504202,27.63089187980277,63.38288819163818,859.9785939000906,76.76270756834121,45.6542650797746
2025-06-17 16:30:00,20.065893062828398,64.95301971329332,63.78151260504202,27.639387946481225,63.266410234742025,860.4832867423245,76.74063879258694,45.644471739910756
2025-06-17 16:45:00,20.232498037234365,64.87018583177172,63.78151260504202,27.62706388406197,63.34724779880108,861.092739491722,76.7772434213468,45.35311694359577
2025-06-17 17:00:00,20.4252141299472,64.92044285269183,63.78151260504202,27.58077665484872,63.239096395541246,860.7129707364013,76.83030518555563,45.672657981602626
2025-06-17 17:15:00,20.59457361000621,64.94349690843747,63.78151260504202,27.57881481397868,63.11896387081788,866.3646905902193,76.7271625148469,45.58401382390981
2025-06-17 17:30:00,20.610367106563253,64.90014009708939,63.78151260504202,27.53545700388804,62.991510801683276,865.278421317583,77.0493681056938,45.29050708787052
2025-06-17 17:45:00,20.689195547764232,64.85957200391141,63.78151260504202,27.57526289924358,62.993398372727725,861.2637971263894,77.12728150840583,45.76074936840658
2025-06-17 18:00:00,20.74648462275038,64.92870757297621,63.78151260504202,27.555905049273694,63.05309686511224,858.2467384384199,76.77039746961465,45.641923713400416
2025-06-17 18:15:00,20.661465485623527,64.91411107950086,63.78151260504202,27.61284282461355,63.03694371970912,853.748515468318,76.57511557264712,45.821741490419804
2025-06-17 18:30:00,20.784712013820904,64.90552722733759,63.78151260504202,27.593702822777846,63.03661256045856,856.483656048509,76.82688507329013,45.75605237777137
2025-06-17 18:45:00,20.97693771518784,64.88665973096217,63.78151260504202,27.657071622208075,63.34039168870731,859.7787075452924,76.74638171827222,45.99175546700007
2025-06-17 19:00:00,20.99532217196446,64.93160124804663,63.78151260504202,27.6306383567878,63.31568330753578,854.5900419118705,76.91094086987506,45.99738428866939
2025-06-17 19:15:00,20.94060413335059,64.80397054013278,63.78151260504202,27.664723750720743,61.58182782191917,853.0056960068649,76.01131950518418,45.93846548673353
2025-06-17 19:30:00,20.669257825900058,64.82310564502265,63.78151260504202,27.60960954166954,61.508810042776254,850.7641884094792,76.4622652003538,45.922444866379756
2025-06-17 19:45:00,20.67590612778138,64.86251109132954,63.78151260504202,27.58560865751189,61.68024958718386,855.2875574479641,76.04623204366233,45.6446947051004
2025-06-17 20:00:00,20.687751079989503,64.79471227853651,63.78151260504202,27.606082607619193,61.47910702791262,845.0581599737579,76.71065880984207,45.836188530979
2025-06-17 20:15:00,21.08713781407955,64.80527563848338,63.78151260504202,27.648615091261334,61.39092822319381,841.3281380680115,76.19942525647258,45.603185620408624
2025-06-17 20:30:00,20.902738608955627,64.76173232303886,63.78151260504202,27.621993517218705,61.092882857742275,842.6184982099984,76.72499229680469,45.72971157097353
2025-06-17 20:45:00,20.7401069794071,64.66336359033781,63.78151260504202,27.600361215079896,60.716598600506735,841.2291584816542,76.57285934428064,45.395506474215615
2025-06-17 21:00:00,20.554735894045596,64.58138634069446,63.78151260504202,27.558557374623575,61.282123923708895,848.6254748182673,76.07580614276755,45.636916110251775
2025-06-17 21:15:00,20.519469797817045,64.50526489627624,63.78151260504202,27.51873531865495,61.50621858919117,854.4273555428529,76.51050444619476,45.86767864184199
2025-06-17 21:30:00,20.48130598226197,64.6249065743016,63.78151260504202,27.525217953043835,61.56117061090348,858.283383810149,76.99779963454985,45.747151680833255
2025-06-17 21:45:00,20.924143093562748,64.60816100972865,63.78151260504202,27.44372425501544,61.323083758121754,860.5657982542683,76.50231041236125,46.12782062608666
2025-06-17 22:00:00,20.921146638982876,64.67074396624264,63.78151260504202,27.424337745594823,61.3799486752513,867.6238853361905,75.41887763671205,46.17504968037679
2025-06-17 22:15:00,21.042403094063772,64.60585658773476,63.78151260504202,27.38724427988174,61.24562618405314,869.1463654720463,76.47048665116637,46.174777057562636
2025-06-17 22:30:00,21.127755801471903,64.61652675467727,63.78151260504202,27.348512868308102,60.79623600059876,874.1901396985322,76.02565078260413,46.5894995846237
2025-06-17 22:45:00,21.26204366333453,64.60546764006364,63.78151260504202,27.355733482535555,62.71671910266181,874.6915222221371,76.49167021195657,46.90382460942679
2025-06-17 23:00:00,21.526191781712196,64.47469791779505,63.78151260504202,27.356717015898113,62.68768608800584,872.4351430035482,75.8185863835038,47.109102626148676
2025-06-17 23:15:00,21.487136846214522,64.31893044201065,63.78151260504202,27.339371223112174,63.03064204260063,867.0482941615487,76.11891529482244,47.07771379659077
2025-06-17 23:30:00,21.379299776636156,64.26154132151926,63.78151260504202,27.365202675833,63.125143448840404,866.295122019184,76.06330188700858,46.939460893662
2025-06-17 23:45:00,21.02520886277387,64.395307533381,63.78151260504202,27.38348023639343,63.37562376902267,862.0300030642418,76.01949647739256,47.415932941124076
2025-06-18 00:00:00,21.10179319103521,64.49945073494166,63.78151260504202,27.433985066280272,63.12279273116679,866.0029543504851,75.47887454945084,47.6004617330494
2025-06-18 00:15:00,21.068080736743173,64.61063793068746,63.78151260504202,27.37119192158911,63.12068905608552,869.9234375285731,76.08244977716754,47.175622972228695
2025-06-18 00:30:00,21.56612462578215,64.58965826296574,63.78151260504202,27.402502941606265,63.149321958457534,864.6357445249844,75.95736127881395,47.22909092774465
2025-06-18 00:45:00,21.76087845886139,64.44523546159738,63.78151260504202,27.43132676306827,63.23228221963003,856.4855371357606,76.22378043347128,47.204702801490264
2025-06-18 01:00:00,21.79490754733206,64.431381788878,63.78151260504202,27.436336882343248,63.12663360969738,863.0113153824061,76.5347504785333,47.34908238817384
2025-06-18 01:15:00,21.65903048389463,64.40535384330182,63.78151260504202,27.47802031289468,63.46964083247435,861.1755715514713,75.63967473014449,47.001887656533356
2025-06-18 01:30:00,21.460282855953746,64.41809749339433,63.78151260504202,27.530703248937467,63.45539130865495,856.752743093941,75.7239934932641,47.00118264340166
2025-06-18 01:45:00,21.5195545925131,64.36458899352961,63.78151260504202,27.55108208424018,63.4043036925124,861.5560179892552,75.81278474245711,46.643350905375456
2025-06-18 02:00:00,21.431096421352652,64.37985411743695,63.78151260504202,27.5346788965325,63.25888383947907,857.5138883761897,75.12524350638607,46.817769351990314
2025-06-18 02:15:00,21.320155956999777,64.3425379754275,63.78151260504202,27.537330497011684,61.21471253972072,857.9964143486654,75.47058979201367,46.5369828127826
2025-06-18 02:30:00,21.21231146778031,64.25562425255819,63.78151260504202,27.56510566520854,61.11327821119948,859.0628120524445,75.28078781988103,46.15327488890803
2025-06-18 02:45:00,21.370548877389037,64.15369048505337,63.78151260504202,27.572199316759676,61.09639425671993,863.5838766739433,75.73552670517209,46.259384267229734
2025-06-18 03:00:00,21.148746095782695,64.0018351698021,63.78151260504202,27.574844295740565,60.92998617501767,864.4994782165431,75.27621556506038,46.70646473636994
2025-06-18 03:15:00,21.033142252546774,63.99903563909693,63.78151260504202,27.57503143963186,60.939345051457266,858.3853851715726,75.42134332751365,46.44240891957693
2025-06-18 03:30:00,21.099221896636198,64.08031680204094,63.78151260504202,27.514512612262894,60.71904957670446,861.5329177299446,75.87866189132546,46.37396116618256
2025-06-18 03:45:00,21.402918284921146,63.9072844540827,63.78151260504202,27.49638496574972,60.559642531567164,862.9266819575164,75.31494618033929,46.36614701847083
2025-06-18 04:00:00,21.634339098300515,63.880539629157354,63.78151260504202,27.45855819470881,60.56880195671688,856.8437159946938,75.08154897345602,46.06550631919573
2025-06-18 04:15:00,21.588540705517726,63.98528576216211,63.78151260504202,27.447908593030398,60.58464119581761,857.2462497352866,75.6350210596669,46.303265524090406
2025-06-18 04:30:00,21.66085027836577,64.09985592742166,63.78151260504202,27.398676912160177,60.59386419628333,859.9282627305346,75.69089632950418,46.41024436378528
2025-06-18 04:45:00,21.75203508903534,64.14003211357694,63.78151260504202,27.44520138679875,60.65133205988397,869.457236273536,75.97378997345722,46.70747573471901
2025-06-18 05:00:00,21.984212051930722,64.22833867027583,63.78151260504202,27.438415890193397,60.52793281272299,871.3393881725428,75.71204037360344,47.106189221969515
2025-06-18 05:15:00,22.17369872128994,64.37002854306903,63.78151260504202,27.41178448515524,60.56659158277637,874.3028373409167,76.21084373372521,46.97213886495237
2025-06-18 05:30:00,21.73116620493236,64.26500651317814,63.78151260504202,27.45595655910262,60.64243345591884,873.204652168439,75.47919453827811,46.97603479937374
2025-06-18 05:45:00,21.505293246863573,64.25410800091858,63.78151260504202,27.44498105922616,60.50746169614922,866.9151035531951,75.39927744804073,46.8272478573074
2025-06-18 06:00:00,21.41275294341459,64.24081315746287,63.78151260504202,27.46499002835271,62.442452834402715,858.5235640225003,75.71070785937304,46.776275284702116
2025-06-18 06:15:00,21.365539998572547,64.17623690803258,63.78151260504202,27.46628559317384,62.372071356394194,862.8553563134141,75.52505940442018,46.73722641081718
2025-06-18 06:30:00,21.496956557858542,64.16255840485906,63.78151260504202,27.47149086300708,62.32575029575688,858.3461476595555,75.25120823533904,47.01576248035931
2025-06-18 06:45:00,21.811810624166746,64.08538277151823,63.78151260504202,27.459955761589754,62.10210753865256,852.3314661287081,75.73409878293901,46.84851223907695
2025-06-18 07:00:00,21.40937042115383,64.29148713123637,63.78151260504202,27.498538421606614,61.8762065854347,849.2234470214233,76.12276971549053,46.5403245225465
2025-06-18 07:15:00,21.08649261560486,64.368436480855,63.78151260504202,27.49508940038227,62.161765167884624,846.3075499816432,76.51386807999317,46.54477319960534
2025-06-18 07:30:00,20.78289884138381,64.24429832586553,63.78151260504202,27.528212722683843,62.41665639433323,848.7133043651161,75.75383675560873,46.1189097337622
2025-06-18 07:45:00,20.89698938471031,64.34322825085025,63.78151260504202,27.562796639932916,62.50603899108857,855.0751017180907,75.38069614981968,46.25251262223686
2025-06-18 08:00:00,20.869826782942777,64.36874333842344,63.78151260504202,27.64161551542002,62.672604257016815,853.6302269660516,76.01346339562818,46.69506321613885
2025-06-18 08:15:00,20.702439023952078,64.3677318962057,63.78151260504202,27.617213363015995,62.869142863105594,857.2150119491783,75.39049097868323,46.38839455818535
2025-06-18 08:30:00,21.081156374883836,64.30061350076255,63.78151260504202,27.643602965826513,63.00759002313546,862.3119089271887,76.11199114319584,46.160200778187786
2025-06-18 08:45:00,20.739508313343435,64.16684060011524,63.78151260504202,27.658384689429425,63.14182860509775,857.4285717301486,75.97733483550374,46.51111729888075
2025-06-18 09:00:00,20.50187360705483,64.27221122716298,63.78151260504202,27.650582689936858,63.20231564019433,862.6362823957259,75.54403400904334,46.42696855077743
2025-06-18 09:15:00,20.25868231890627,64.34275757452666,63.78151260504202,27.68183638170598,63.31379481925184,857.9750477710463,76.33348396185293,46.28029581165674
2025-06-18 09:30:00,20.397433715046102,64.29522325482705,63.78151260504202,27.715058064120758,61.564709283459905,864.9766849751736,76.26985682230023,45.7397952983884
2025-06-18 09:45:00,20.611035285990777,64.33800529276765,63.78151260504202,27.712543344533778,61.54550839680695,857.8647478443712,76.25435027913785,45.89169610722942
2025-06-18 10:00:00,20.56064442206332,64.31194761071475,63.78151260504202,27.75202055942769,61.61835149765986,860.6835165403782,75.32883365759893,45.818449320515754
2025-06-18 10:15:00,20.341260476820697,64.36117915851551,63.78151260504202,27.763790612965263,61.41743927079616,860.9470537218472,75.58375682058444,45.79548201666624
2025-06-18 10:30:00,20.062222546492407,64.44020968399906,63.78151260504202,27.836307631329007,61.477912666848646,860.1564337243591,76.03135283535606,45.86877753816812
2025-06-18 10:45:00,20.099649628136394,64.44061112595006,63.78151260504202,27.798349219565655,61.64454760644889,861.4183008718393,76.03586517579689,45.94474898403649
2025-06-18 11:00:00,20.713247804077806,64.52774664365916,63.78151260504202,27.773071135661155,61.695223794649365,867.2354418942102,76.01655408309779,46.10368630599861
2025-06-18 11:15:00,20.75302544442703,64.58348331010347,63.78151260504202,27.784621697080855,61.5967785758999,862.4118675441161,76.07251816151374,46.0419721003177
2025-06-18 11:30:00,20.684140207841274,64.71329445759481,63.78151260504202,27.75093128146084,61.296408311837936,861.3680896776808,75.92841339073202,46.07589406338591
2025-06-18 11:45:00,20.553122575010843,64.94465488697075,63.78151260504202,27.72844312661263,61.08037629361261,854.0005607065341,76.12590672240651,46.22451290327997
2025-06-18 12:00:00,20.239527925277194,64.98450294970013,63.78151260504202,27.700213182690806,61.31638072809767,852.5429267732449,76.6378813313933,46.85101668791175
2025-06-18 12:15:00,20.402589414648862,65.00692155266441,63.78151260504202,27.737332432599107,61.525737148705154,852.8984210588736,75.93420204468879,47.06132795286188
2025-06-18 12:30:00,20.554224719545747,65.15053037205267,63.78151260504202,27.73945901699939,61.58357831006108,861.8133160082257,76.14051435006557,47.22965014163188
2025-06-18 12:45:00,20.057546516055197,65.14905268758717,63.78151260504202,27.723079625323905,61.452775153926346,858.3152048646083,76.71980271532975,47.049761768692605
2025-06-18 13:00:00,20.31047060651086,65.14196907179404,63.78151260504202,27.674251073975253,63.288978052472785,854.3165069488158,76.24413082031637,47.27093495633389
2025-06-18 13:15:00,20.27886941670847,65.19111608787554,63.78151260504202,27.66570527496785,63.34721666239257,858.2904209950876,76.03052682072239,47.27309555113741
2025-06-18 13:30:00,20.240769179857914,65.14500858372755,63.78151260504202,27.606742564284822,63.497199375939836,851.6502500847454,76.51156161664606,47.508781582470945
2025-06-18 13:45:00,19.846548668494574,65.1050592283986,63.78151260504202,27.58124436026123,63.5944884925487,853.5021890625404,77.18716682533756,47.529646212591345
2025-06-18 14:00:00,20.129379117760152,65.09179647868662,63.78151260504202,27.570857753093115,63.88621081132325,851.339662908572,76.57755032397137,47.367981039535415
2025-06-18 14:15:00,20.16454506781689,65.17468481771351,63.78151260504202,27.626357750990827,63.78430153171121,857.8650873998712,76.7987141374309,47.23216623671
2025-06-18 14:30:00,20.011640759241143,65.06171978938357,63.78151260504202,27.638316427033942,63.80716665052284,854.3939637801725,76.83592973299571,47.466137488880136
2025-06-18 14:45:00,19.951124197379734,65.00548244894689,63.78151260504202,27.597162151471103,63.923633259354446,849.2605779940154,76.49141048762249,47.295602530836675
2025-06-18 15:00:00,19.67722738559794,65.1323279825532,63.78151260504202,27.60675144748191,63.97757789716784,857.095751921867,77.18641905172268,47.28427656279583
2025-06-18 15:15:00,19.611413019003084,65.01208450932741,63.78151260504202,27.552692831253523,63.99282666162301,859.3281866287339,76.60258107855869,47.44041856278417
2025-06-18 15:30:00,19.82664396857389,65.00554536268082,63.78151260504202,27.583915684580848,64.28151153013835,856.6922011256519,76.83494932879597,47.20716208557523
2025-06-18 15:45:00,20.054305244385528,64.87960940224045,63.78151260504202,27.616868655380433,64.21825207964363,855.6915061355837,77.16019699526525,47.2979367891346
2025-06-18 16:00:00,19.86416351570857,64.87179859467054,63.78151260504202,27.57612614169915,64.26736551882144,853.6672809929412,76.90779938748048,46.94909228880993
2025-06-18 16:15:00,19.605646814671275,64.86091068104089,63.78151260504202,27.548343987098434,64.38962232174529,855.6599280975865,76.79124691387437,47.20423944643474
2025-06-18 16:30:00,19.819949910631546,64.90666846018124,63.78151260504202,27.54688477271376,62.31081989446448,860.0618027789437,76.72980047256304,46.99195533010199
2025-06-18 16:45:00,20.002177228757798,64.82095896787324,63.78151260504202,27.590209400428435,62.337296094595374,860.4857824868338,76.98838832433266,47.28660626277152
2025-06-18 17:00:00,20.55881983943309,64.90157891924223,63.78151260504202,27.582095557661177,62.186651037503346,851.7477769937453,77.00898526276178,46.9520209504762
2025-06-18 17:15:00,20.77351603414105,64.92115456714777,63.78151260504202,27.555942307485413,62.272923229465185,856.1336108853928,77.06659335290378,47.44706566503551
2025-06-18 17:30:00,21.100407219927035,65.0341128617857,63.78151260504202,27.51838339472861,62.18093022993514,858.7199690395639,77.17185016120888,47.31970257637055
2025-06-18 17:45:00,20.889937625085725,65.00503383558149,63.78151260504202,27.4986778333332,61.824231368546144,867.8976045103373,76.94958082871935,47.26420210843295
2025-06-18 18:00:00,20.45145515128536,65.07479607006549,63.78151260504202,27.555771963859442,61.95356079381329,869.6534234213917,76.69005164014794,46.884383047795446
2025-06-18 18:15:00,20.587300378139894,65.15069336687439,63.78151260504202,27.52477999156728,62.36407438289669,875.2770929498216,76.29331144081914,47.10846358518139
2025-06-18 18:30:00,20.861240150485255,65.08510025032304,63.78151260504202,27.53577742548859,62.25632575100748,875.720344555039,76.83933419710519,47.57270740940605
2025-06-18 18:45:00,21.111968199895013,65.14600933675328,63.78151260504202,27.58735371063336,62.414747850163586,877.4670945280536,76.3351263766222,47.44363913811795
2025-06-18 19:00:00,21.31996595598475,65.19067502156068,63.78151260504202,27.634707149562217,62.1248299738477,879.8181414528482,76.50043922168562,47.53051420059707
2025-06-18 19:15:00,21.247761032490843,65.36544963828423,63.78151260504202,27.671442504995685,62.17617477683928,883.2575718504357,76.8188558865852,47.012212761787914
2025-06-18 19:30:00,20.94605982173119,65.3669572827903,63.78151260504202,27.681274616380886,61.92688922439268,885.2446142889523,76.25016775349502,46.750739637182065
2025-06-18 19:45:00,20.564122556082317,65.32676399085925,63.78151260504202,27.62853724323915,61.82877260411122,878.1530415050158,76.49374615957309,46.600053481006086
2025-06-18 20:00:00,20.557828828692784,65.42450570823418,63.78151260504202,27.600642692330695,62.16079962114614,874.1080619300776,77.1750679175229,46.66991660252127
2025-06-18 20:15:00,20.48893045159921,65.34147256038591,63.78151260504202,27.663606383676406,64.23038976531353,870.3106435887537,76.42665797460715,47.192752378785315
2025-06-18 20:30:00,20.64962293209299,65.1855853750874,63.78151260504202,27.65973001006094,64.26450273398768,871.572857885833,76.39871586609023,47.28385725862812
2025-06-18 20:45:00,20.364978743139506,65.02455926524453,63.78151260504202,27.63084323384319,64.41190580287159,875.9786626473656,76.85603464614985,47.08254288074109
2025-06-18 21:00:00,20.64492830558228,63.816933956275975,63.78151260504202,28.16445853213089,64.23632606490739,913.4418961322926,76.29801120232395,46.868005031340225
2025-06-18 21:15:00,20.769198745139466,63.70722765569396,63.78151260504202,28.145506515718846,63.87216793506912,915.0057841245371,76.3264304681071,47.29338056411794
2025-06-18 21:30:00,20.76305359874562,63.619132586886835,63.78151260504202,28.07971022630137,64.16392674426027,919.6016983237502,76.67412800034471,47.44143824481313
2025-06-18 21:45:00,21.110902195327853,63.766041097826786,63.78151260504202,28.070724223115725,64.03416209815731,926.2418348924735,75.90646697489183,47.36362796995799
2025-06-18 22:00:00,21.331693613654853,63.7047835781158,63.78151260504202,28.008665603565753,64.23193891595977,922.3448877697077,76.16108626930581,47.76177265887823
2025-06-18 22:15:00,21.31105010642117,63.63950637808204,63.78151260504202,27.997171672514185,64.0201317990862,927.4724198648044,76.76733551580557,47.85576114861076
2025-06-18 22:30:00,20.9901741113745,63.62861194547214,63.78151260504202,27.9656273905083,64.12943986294277,936.8155347957083,76.34007363736336,47.76956626939335
2025-06-18 22:45:00,21.324799187222272,63.51664913940416,63.78151260504202,28.0118983097092,64.07337432587285,936.7694212084489,76.21576336709445,48.258494724960386
2025-06-18 23:00:00,21.66254224167429,63.43829399961171,63.78151260504202,27.977296753446048,63.9450136477003,935.0647145798512,76.12957577347792,48.362279674471665
2025-06-18 23:15:00,21.826827455033047,63.42637218957563,63.78151260504202,27.954862108077734,64.03339509028524,930.5365091478499,76.00573087949734,48.65733189928274
2025-06-18 23:30:00,21.817909722550986,63.409936999755494,63.78151260504202,27.92945908785025,63.868751259773134,929.3795085986608,76.57402075835464,48.422650564885636
2025-06-18 23:45:00,21.637381943120005,63.40277518024931,63.78151260504202,27.90323295007116,62.31133070428398,927.6806398806805,76.55533660961186,48.004284367927546
2025-06-19 00:00:00,21.487011879997983,63.34901668462052,63.78151260504202,27.81625970434892,62.256266478698784,920.8366778009588,76.46315737525121,48.33586415706089
2025-06-19 00:15:00,21.846682392502558,63.44920196117544,63.78151260504202,27.8105217658021,62.264943516094405,915.7710353011336,76.19990309964763,48.35788240907008
2025-06-19 00:30:00,22.263320478596583,63.28536735178289,63.78151260504202,27.834183375639014,61.94077011865921,914.3365658527922,75.89410135764521,48.21067433458455
2025-06-19 00:45:00,22.299189999137337,63.29292103403817,63.78151260504202,27.83171004813696,61.5438129739528,904.6163288682252,76.05287766902488,47.94854827235649
2025-06-19 01:00:00,22.36931776288709,63.29492317462337,63.78151260504202,27.845639083597945,61.29887548126468,903.5275838816378,75.59569139111278,47.924022161860655
2025-06-19 01:15:00,22.23908086943481,63.254469158112144,63.78151260504202,27.878050421355415,61.3093513075918,896.9021050922329,75.3896530149876,48.20475864741323
2025-06-19 01:30:00,21.91948446680746,63.11271032939136,63.78151260504202,27.831221213461138,61.02677633799833,888.1768118934762,76.32608860822931,48.5970316388968
2025-06-19 01:45:00,22.04783140398654,62.97676870162618,63.78151260504202,27.7871315808561,61.2088229166541,894.9961745347853,75.32121812831868,48.540637915571715
2025-06-19 02:00:00,21.85340272252881,62.70588002928824,63.78151260504202,27.81640975538295,61.35306609129606,891.228135120422,75.59917558534245,48.48265533253071
2025-06-19 02:15:00,21.614010991427335,62.691038458702444,63.78151260504202,27.819490751911218,61.22667926961995,885.6225566603206,75.59417552617417,48.60043411369561
2025-06-19 02:30:00,21.270699791698895,62.74560798170498,63.78151260504202,27.851516464528746,61.46803839476727,881.3831543244536,75.35950326308718,48.50966342500389
2025-06-19 02:45:00,21.13636800250764,62.922613011326874,63.78151260504202,27.876822189868427,61.49411669990302,881.3642362687128,74.7100266252681,48.43995172869979
2025-06-19 03:00:00,21.07421526410962,62.87248250390802,63.78151260504202,27.826850926023486,61.26726414445235,884.2734245616558,74.82151962657954,48.06762218098567
2025-06-19 03:15:00,20.877616319314292,62.74658853591374,63.78151260504202,27.80631603360268,63.67744616453893,887.7820885685486,75.72593155298702,48.403860655151874
2025-06-19 03:30:00,20.75051517448285,62.764999280328496,63.78151260504202,27.81708188588494,63.71845356923223,887.0458658403732,75.41257709053022,48.4700783881197
2025-06-19 03:45:00,20.968572028005028,62.774426913159,63.78151260504202,27.837469057763336,63.44096617105592,882.3704002353705,75.60888417332889,48.61662452937777
2025-06-19 04:00:00,21.22925439443657,62.64966501783931,63.78151260504202,27.772347089378723,63.31902937476385,879.6554799522048,75.67706992850331,48.39511050568642
2025-06-19 04:15:00,21.383597806518647,62.611487180476544,63.78151260504202,27.797668866368138,63.315623754347556,889.0015501244418,75.4613138535127,48.23985124823681
2025-06-19 04:30:00,21.176035599824814,62.73926169531988,63.78151260504202,27.770314496455764,63.475853566898564,889.9342568381207,75.6706246888432,48.413322502321
2025-06-19 04:45:00,21.34026870041238,62.70668792748916,63.78151260504202,27.76200601027582,63.533125365655046,892.2168983067637,75.65748838353376,48.95267233598569
2025-06-19 05:00:00,21.52804761793284,62.61740320822727,63.78151260504202,27.739267223186705,63.40987525598842,894.7257516454214,75.29896313102833,49.10077424403706
2025-06-19 05:15:00,21.624254816630973,62.7007799312848,63.78151260504202,27.834678907768993,63.35998901492824,896.473486635774,75.44719742844639,49.37254942580267
2025-06-19 05:30:00,21.823006589641707,62.766592389433576,63.78151260504202,27.824214670393776,63.25212444800572,898.33497306978,75.26576668919593,49.263874844004526
2025-06-19 05:45:00,21.708428523506466,62.865946104361356,63.78151260504202,27.829704265752454,63.17300817678122,895.6905808719731,75.35275469976072,48.93674888735633
2025-06-19 06:00:00,21.547061080577308,62.92113018958293,63.78151260504202,27.870579522066116,63.57641753422579,886.0472544509367,75.01715768004264,48.94945664212851
2025-06-19 06:15:00,21.58442905010479,62.87455504156425,63.78151260504202,27.89614812133024,63.39439670402713,883.0245395134426,75.2780002253462,48.95220297353727
2025-06-19 06:30:00,21.755834297702254,63.026041786815355,63.78151260504202,27.881705134065754,63.23767727715928,893.7905783099885,75.38283734375257,48.80164614866065
2025-06-19 06:45:00,21.64861944270303,63.07779031940325,63.78151260504202,27.923022139865243,61.374605523627224,894.124818296875,75.23552642771332,48.91742816492512
2025-06-19 07:00:00,21.490819229866506,63.016624976741966,63.78151260504202,27.912029353005572,61.385837111883,889.2906222559927,75.98504330460104,48.806702681927256
2025-06-19 07:15:00,21.13787169658182,63.048667538026315,63.78151260504202,27.924518595579684,61.010753769564005,894.2513212289375,75.72568932428231,48.82655706387619
2025-06-19 07:30:00,20.997053542946972,63.05550266079905,63.78151260504202,27.965380332625763,60.93073402649361,896.978083598976,75.37828238467343,48.69264945891217
2025-06-19 07:45:00,20.845394745170058,63.23920840339389,63.78151260504202,27.941112467145697,60.744521123189564,894.2473600898535,75.44760179427549,48.4697989681073
2025-06-19 08:00:00,20.75942352223864,63.28851736462473,63.78151260504202,27.923967236091528,61.093796428144636,892.1179948886377,75.80190084941567,48.8388593620725
2025-06-19 08:15:00,20.994664488797923,63.326421328756595,63.78151260504202,27.929969870675812,61.20676067061199,892.2430642324847,75.57217150453337,48.63112766136028
2025-06-19 08:30:00,20.80272910803821,63.39141755287027,63.78151260504202,27.88263883568029,61.03912125881927,898.6457705167791,75.82798492143145,48.85782606392181
2025-06-19 08:45:00,20.3332953954304,63.4324865716549,63.78151260504202,27.94157043156285,61.00349775669399,889.472937569543,75.4761723648505,48.872150262340824
2025-06-19 09:00:00,20.09967875408431,63.59870189212886,63.78151260504202,27.97050529251897,61.00850823892848,891.173836968431,75.977974387921,48.86600869579267
2025-06-19 09:15:00,20.00987157431598,63.59633822685899,63.78151260504202,28.015442534421336,60.96605269667504,886.1612299800981,75.66208648727951,48.90294277512041
2025-06-19 09:30:00,19.95702495813908,63.60769745264308,63.78151260504202,28.029927477177946,61.23907958384902,889.8157387371666,76.06177516480861,48.87817323305178
2025-06-19 09:45:00,20.283192027146118,63.633991311721736,63.78151260504202,28.012268203234846,61.10962313930573,888.1913422673555,75.36059797632436,48.76505360417508
2025-06-19 10:00:00,20.330356775810895,63.626443746910546,63.78151260504202,28.01069466626849,61.54337372234518,882.3124367025891,75.7332187030677,48.832795521935246
2025-06-19 10:15:00,20.33039818487071,63.719656297765404,63.78151260504202,28.0814676407396,61.34210395304993,879.8016142012847,75.6907067270725,48.873227745554544
2025-06-19 10:30:00,20.49778501499337,63.70512640840073,63.78151260504202,28.088752691964523,63.132313127739245,884.9839639467551,75.81483485257817,49.05456381441871
2025-06-19 10:45:00,20.530321185514904,63.82427694602665,63.78151260504202,28.115817089444317,63.32236374353123,885.3452563443918,75.66490394546966,48.90501358445097
2025-06-19 11:00:00,20.562639489774856,63.93364543005795,63.78151260504202,28.09576260655198,63.46545559447578,885.5765607707701,75.3266008122831,48.6502247064206
2025-06-19 11:15:00,20.429516811310112,64.01472469980844,63.78151260504202,28.094708879403473,63.48118430705115,886.5712695212922,75.80473644683647,48.44359698105664
2025-06-19 11:30:00,20.705792518024346,64.09782191410606,63.78151260504202,28.104106336960456,63.56096367927153,894.2091548309177,76.11403425188776,48.230178422567725
2025-06-19 11:45:00,20.86557437737599,64.20586026862082,63.78151260504202,28.168109112747523,64.00291840846502,901.1680873963815,75.76455841568341,48.180263448053104
2025-06-19 12:00:00,20.92902609422494,64.2637383064305,63.78151260504202,28.14083366496491,63.82780044627331,902.1366280825937,76.19099510014443,48.09773879712172
2025-06-19 12:15:00,20.70187890338703,64.1702522322153,63.78151260504202,28.149464744212363,63.79234835776735,899.4463838207969,76.00616558011993,48.063339139334914
2025-06-19 12:30:00,20.70173197031051,64.14771260416133,63.78151260504202,28.152913328411383,63.479416675039985,892.3606086839533,76.03929462329943,47.75312597056804
2025-06-19 12:45:00,20.76412579170345,64.1987563089081,63.78151260504202,28.095351872162837,63.81443732048774,879.5670755678345,76.03822947678185,47.67222057764745
2025-06-19 13:00:00,20.36636157465917,64.17655754017778,63.78151260504202,28.1663609328886,63.8076944980739,880.0576690832521,76.16661434226191,47.657444028177444
2025-06-19 13:15:00,20.176575820919584,64.18407317420062,63.78151260504202,28.130886153987074,63.7872388837919,883.9987315524809,75.77489260943747,47.4501309999526
2025-06-19 13:30:00,20.265528415009236,64.19608593308085,63.78151260504202,28.162036321449754,63.72026384083379,891.6917836362915,76.30429815248,47.255467566208736
2025-06-19 13:45:00,20.167920259617055,64.07495347973351,63.78151260504202,28.086447067267397,63.57778647044936,889.3887647511093,76.16076801188582,47.54002622074189
2025-06-19 14:00:00,20.011127099642156,64.05218810927185,63.78151260504202,28.088541502842457,61.527243064265164,897.520811547175,76.6044306206414,47.44858710585699
2025-06-19 14:15:00,20.25582117176137,64.11565617160785,63.78151260504202,28.056772761716022,61.230032433509535,901.2429156534489,76.55566882940315,47.589468446329576
2025-06-19 14:30:00,20.114447123781872,64.16238568879957,63.78151260504202,28.0995092319531,61.317389956330736,898.9071198125214,76.03543702991428,47.028317634833215
2025-06-19 14:45:00,20.182284609143792,64.18207172954631,63.78151260504202,28.130432328972883,61.680949942519376,896.7888008506866,76.38816304706059,47.052473188673844
2025-06-19 15:00:00,20.153627613919188,64.0384121072553,63.78151260504202,28.091602167837024,61.9559329002258,900.3304495401968,76.24188244656555,47.19139232940668
2025-06-19 15:15:00,19.933066116714738,64.04117303409711,63.78151260504202,28.036002801752645,61.99925586650451,900.0714329159878,76.16608689556817,47.45777938299525
2025-06-19 15:30:00,20.255847155663435,64.0461089337427,63.78151260504202,27.99039361308866,62.29477465724951,899.4393140853255,76.312889948078,47.42618783850137
2025-06-19 15:45:00,20.391114377683696,63.9828021950516,63.78151260504202,27.956089898928724,62.446638106780384,894.521739809358,76.22844585424636,47.406868040635985
2025-06-19 16:00:00,20.53784805747653,64.01041098393229,63.78151260504202,27.939594693170104,62.22513462447238,897.5228691212072,76.38095872895059,47.237573693041426
2025-06-19 16:15:00,20.266609986633526,64.1288153091168,63.78151260504202,27.923816264539923,62.270795939790894,892.9743453008348,76.72709608985745,46.98150737831972
2025-06-19 16:30:00,20.031354703624608,64.02803739151214,63.78151260504202,27.850567006247484,62.279013325255065,895.3097106184894,76.26205848072554,46.758902969370766
2025-06-19 16:45:00,20.21308866300167,63.939051302491194,63.78151260504202,27.899481375713407,62.42397773287948,891.5944528845035,75.89477676509017,46.9938904915391
2025-06-19 17:00:00,20.50627804063897,63.883340905975395,63.78151260504202,27.86023274595847,62.281195047218624,889.1185330812741,76.49789834314812,46.8652574382319
2025-06-19 17:15:00,20.544198920986563,63.842578883689875,63.78151260504202,27.890489997639317,62.42492334997219,891.6820839770361,76.15868827233255,47.084447569867415
2025-06-19 17:30:00,20.588995689728378,63.830426181506716,63.78151260504202,27.836382167146432,64.28797456491411,891.9364513817537,75.87597932580584,47.40552321845713
2025-06-19 17:45:00,20.728226204182608,63.70568323537778,63.78151260504202,27.892446703608865,64.67837531977773,893.7614550157643,75.55384399038152,47.63530087199566
2025-06-19 18:00:00,20.801404586986607,63.76116836381287,63.78151260504202,27.867923863692297,64.55964522427217,897.2329945952501,76.78932600138675,47.489792562984135
2025-06-19 18:15:00,20.760715586030255,63.90387628171755,63.78151260504202,27.816871374213527,64.672230815979,896.8521408167336,75.94361824555295,47.84447425035281
2025-06-19 18:30:00,20.696003516342845,63.8891558567688,63.78151260504202,27.80937309358369,64.45602383757307,898.294517347079,76.68050747485157,47.38605819685979
2025-06-19 18:45:00,21.012055423080398,63.78656230863144,63.78151260504202,27.81570856453286,64.40869880687727,892.5274036134185,76.31309370866683,47.64394694174337
2025-06-19 19:00:00,20.747241899338817,63.80791347564169,63.78151260504202,27.885218247744906,64.52661203841078,897.2390052162931,76.53345532183769,47.743572559278526
2025-06-19 19:15:00,20.75102988399891,63.86985957903213,63.78151260504202,27.87000104593554,64.66483578737787,894.6571441721877,76.20343975898763,47.60439510078425
2025-06-19 19:30:00,20.879750855117134,63.87387414443856,63.78151260504202,27.88543963653924,64.65690690927674,895.8539552063191,76.28103907827655,47.53589067591967
2025-06-19 19:45:00,20.873837638562524,63.808244275292886,63.78151260504202,27.856036915653338,64.63508771942169,890.8380055495217,76.05533225167515,47.252298323146185
2025-06-19 20:00:00,21.183802914480633,63.81543772555832,63.78151260504202,27.91320777715425,64.79196057191922,885.3218790496453,76.60205646217965,46.72332041824186
2025-06-19 20:15:00,21.298967635698112,63.82050371301288,63.78151260504202,27.85415351577571,64.64053923287005,884.6689538127479,76.01535361711659,46.460774327690636
2025-06-19 20:30:00,21.334169433123193,63.82028014813447,63.78151260504202,27.86227214407273,64.80614091967469,889.9022831695286,76.80182194438488,46.71091850147449
2025-06-19 20:45:00,20.875974269064873,63.71600224160635,63.78151260504202,27.887863261779625,64.74934529189468,889.5085706027679,75.7993821354657,47.18233358951366
2025-06-19 21:00:00,20.807911854532218,63.62427446093205,63.78151260504202,27.886222089721922,62.61033158148643,893.6798562575266,75.76873562618287,46.98073494506408
2025-06-19 21:15:00,20.79979856785233,63.69614652734968,63.78151260504202,27.942030961437766,62.64050531081397,893.3581794644374,75.90994846752446,47.05738600181151
2025-06-19 21:30:00,20.743200670065967,63.607618109291664,63.78151260504202,27.917748421573037,62.5301669415882,901.3259406617408,75.38752240981204,47.05967265032386
2025-06-19 21:45:00,20.499741714709227,63.51859801058665,63.78151260504202,27.948560414714578,62.47264871662798,898.5651955835914,75.93655141458261,46.89834487980798
2025-06-19 22:00:00,20.683236148676055,63.41302491251526,63.78151260504202,27.89705466159955,62.416363932403016,903.243294346834,76.03628996549656,47.146612216506966
2025-06-19 22:15:00,20.622426169123642,63.286312395877026,63.78151260504202,27.81501946041631,62.327769503689815,903.36978656934,75.27615087440114,46.91594403718947
2025-06-19 22:30:00,20.902993839469822,63.32480230372839,63.78151260504202,27.784432168285942,62.40423970091109,895.8021376117641,76.05096135834955,46.77440664817267
2025-06-19 22:45:00,21.125232049798594,63.26611148502715,63.78151260504202,27.772237362022928,62.02314243973342,894.222893134528,75.76717365618437,47.09238455524943
2025-06-19 23:00:00,21.61877949591306,63.23406166014363,63.78151260504202,27.75746170678104,61.990981783912105,897.5936219791719,75.66825045940512,46.92039476274391
2025-06-19 23:15:00,21.85250738939046,63.18490900876628,63.78151260504202,27.698647440908175,62.22766846942441,903.2966426232199,76.23097516508456,47.21840889603734
2025-06-19 23:30:00,21.74868884604271,63.275673376210726,63.78151260504202,27.723782967818938,62.50924213965911,905.5279726574636,75.92936239150035,47.485289524780555
2025-06-19 23:45:00,21.76375647913729,63.34264087400536,63.78151260504202,27.765105962361723,62.32340814298008,891.8017111338778,75.7768729112821,47.178769012644175
2025-06-20 00:00:00,21.899946756225848,63.28010920864638,63.78151260504202,27.714521361369652,62.23489913738199,887.8612745200652,75.99991992253446,47.713324089621544
2025-06-20 00:15:00,21.75277226636312,63.18792314802644,63.78151260504202,27.70460573992659,62.17784732830886,893.3817252530314,76.21724576398032,47.75593519233995
2025-06-20 00:30:00,21.740115081965182,63.0605289899641,63.78151260504202,27.643348430723126,62.32700020191859,890.9972507493133,76.35503514963233,47.82624467385892
2025-06-20 00:45:00,21.821787617642048,63.04052990661319,63.78151260504202,27.61179559060168,64.11328552351537,893.3220201112473,76.53275736610354,48.0363181380281
2025-06-20 01:00:00,22.12925197607397,63.020242666055545,63.78151260504202,27.581388707893367,64.32608899214694,893.8096730808452,76.53435398680101,48.24623575114666
2025-06-20 01:15:00,21.86654966112211,63.066187261630155,63.78151260504202,27.569520934417657,64.05013155238517,890.1366613323081,76.19462273519139,47.809653691185105
2025-06-20 01:30:00,21.418533243494483,63.15818004261602,63.78151260504202,27.501581644892642,63.95233749723148,891.5353481880471,75.92301213028045,47.692124343014335
2025-06-20 01:45:00,21.47211957231974,63.04142470445858,63.78151260504202,27.482647312572205,64.27418642328179,886.615471915709,75.92234044539829,47.505265787628254
2025-06-20 02:00:00,21.696616384901535,63.04615435914911,63.78151260504202,27.442594443342934,64.0167555305057,893.0066484963338,76.05986893089087,47.45677675766315
2025-06-20 02:15:00,21.591328736618728,63.077509472287204,63.78151260504202,27.40561376383856,64.05640609365739,887.3770962800419,76.05158961399366,47.63482546396862
2025-06-20 02:30:00,21.45955960988398,63.017166333271746,63.78151260504202,27.433717631736066,63.67736100941281,888.3934354589388,75.95464719486979,47.47212997843379
2025-06-20 02:45:00,21.34411528524401,63.03163924989096,63.78151260504202,27.447062773499717,63.828193068493924,879.5341719329574,75.0202488876369,47.480288839313225
2025-06-20 03:00:00,21.32791371768303,63.03591574449442,63.78151260504202,27.375092661033097,63.880707428221065,879.9989892515824,75.15581352280371,47.35710654784529
2025-06-20 03:15:00,21.466510261037232,62.950946765282715,63.78151260504202,27.409158698553593,63.81187951019526,882.4009293613107,74.7622924092968,47.73191450450543
2025-06-20 03:30:00,21.753593523484682,62.9465282179224,63.78151260504202,27.440099130429825,64.119217402705,883.8028639193417,75.02520740481357,48.167599562027306
2025-06-20 03:45:00,21.821580747281878,63.05337802355617,63.78151260504202,27.452114840939394,64.04168552658861,890.1077850945035,74.56584082343716,48.05371034436276
2025-06-20 04:00:00,22.08116199846138,63.02739898707509,63.78151260504202,27.522271067840883,63.745288909283396,886.8417139186664,74.80306608946368,48.159149254667334
2025-06-20 04:15:00,21.899834271239282,63.02097792528318,63.78151260504202,27.525064054269887,61.78238113743716,891.7241083617387,74.86346021561245,48.244923545330266
2025-06-20 04:30:00,21.426283218856906,63.07434056514632,63.78151260504202,27.592340734235542,62.045800312421484,890.7641981853275,75.1488697378389,48.34597007818166
2025-06-20 04:45:00,21.450094576612237,63.15796533499791,63.78151260504202,27.525422273630987,61.901151787952756,883.9047241895373,75.54340211084536,47.93742165467504
2025-06-20 05:00:00,21.676350931790548,63.18835364040378,63.78151260504202,27.522447623156832,61.85284993949576,885.6190435062954,75.5156526593827,48.0253449212151
2025-06-20 05:15:00,22.02945853197697,63.30396201668228,63.78151260504202,27.555241233148852,62.003398656063816,888.7308209116792,75.67830998261915,48.11327249341044
2025-06-20 05:30:00,22.011608400885596,63.331379794362306,63.78151260504202,27.58115346769583,62.209386744633925,883.0091072845775,75.72898815649853,48.381359702740774
2025-06-20 05:45:00,21.895745391781674,63.24594952200603,63.78151260504202,27.58073656807586,62.05474336596061,883.5154098885768,75.39935540149627,48.823217837734006
2025-06-20 06:00:00,21.965192791542492,63.177239558165894,63.78151260504202,27.665365377447433,61.86445314218998,892.1631149864897,75.53597650873107,48.834802385036376
2025-06-20 06:15:00,21.88645183600566,63.10563725310851,63.78151260504202,27.67440570792287,61.75374219611823,894.2167190388084,74.84289488615144,48.57067857701715
2025-06-20 06:30:00,21.880136308498287,63.15356731951234,63.78151260504202,27.72897447843867,61.98813432690535,888.1308151112827,74.74114134045391,48.95088205293535
2025-06-20 06:45:00,21.930987393169513,63.12915642984423,63.78151260504202,27.76194793498672,61.932659817618024,887.1487445845625,74.90253118103371,48.93846266293122
2025-06-20 07:00:00,21.653930857668847,63.069989801988186,63.78151260504202,27.77926129813737,61.745932613694315,885.0054488709883,74.99586449759455,48.83354714618675
2025-06-20 07:15:00,21.42539734561523,63.0880522240759,63.78151260504202,27.786639458300904,61.45815355648733,885.011368214204,74.81487099636958,48.95066144950407
2025-06-20 07:30:00,21.077056498902262,63.1120698578643,63.78151260504202,27.783422286879492,61.50764967922269,878.675886930859,74.756577974806,49.16176257276768
2025-06-20 07:45:00,20.915845791456377,63.17244529108314,63.78151260504202,27.848296154768096,63.22577384139316,880.1366563482303,74.86701361010603,49.288494192993646
2025-06-20 08:00:00,20.946810216562195,63.05974147356021,63.78151260504202,27.814425578982885,62.97560175272426,880.8833439121448,75.91362330708218,48.959845389264984
2025-06-20 08:15:00,20.91154715826429,62.993978276106255,63.78151260504202,27.834457571742977,63.05462522020619,885.6294498051515,75.73968799548229,49.03999615293852
2025-06-20 08:30:00,20.69704594015422,62.99521180624985,63.78151260504202,27.859152820462857,63.16184442754865,887.4469385149821,75.62285429525998,48.620872749613305
2025-06-20 08:45:00,20.524452108602283,63.17604130366696,63.78151260504202,27.82256162718604,63.55359521846693,890.6014143077862,75.16521077259455,48.94265980624297
2025-06-20 09:00:00,20.302758091001813,63.147472766231886,63.78151260504202,27.835817071120083,63.52065874876931,889.284567365245,75.10161697615094,49.14164123200049
2025-06-20 09:15:00,20.593840928182058,63.07336436875883,63.78151260504202,27.82947134533627,63.31477572345054,880.840760987834,75.1942814058534,49.074266723660116
2025-06-20 09:30:00,20.358520152093323,63.114526535045385,63.78151260504202,27.84423884997869,63.45228151268316,887.3132270850756,75.78338939265977,49.02455353323048
2025-06-20 09:45:00,20.69310297375136,63.253385662330984,63.78151260504202,27.831247937361375,63.52628821004932,892.1541235096845,75.62455521150186,48.925987341629344
2025-06-20 10:00:00,20.532049955477618,63.29186551895711,63.78151260504202,27.885604003245707,63.60605635010295,888.3582013438275,75.53964633071256,49.140679434758276
2025-06-20 10:15:00,20.53144367511274,63.32152178427354,63.78151260504202,27.88519818846869,63.50353306775896,887.676964952726,75.66609281300875,48.71677837632641
2025-06-20 10:30:00,20.51755158116905,63.134612095275116,63.78151260504202,27.902329816681906,63.79602583250959,888.1112535477279,75.59715325460466,48.93600480724151
2025-06-20 10:45:00,20.596779401307227,63.22520069438218,63.78151260504202,27.87867717040677,63.73006498488969,897.6557559565302,75.63387358585345,48.94370216934234
2025-06-20 11:00:00,20.872276844307315,63.30327593671788,63.78151260504202,27.819147508684324,63.72277453569631,891.6105978804185,75.32820733961074,49.24156902588124
2025-06-20 11:15:00,20.728754295308594,63.34796131486862,63.78151260504202,27.814573723625564,61.7130336108242,889.8273375075987,75.54439578003884,49.142773999511384
2025-06-20 11:30:00,20.595089663783504,63.28779083044138,63.78151260504202,27.83842303345884,61.67816187182296,884.4818873257293,75.52910784168674,49.36150528787552
2025-06-20 11:45:00,20.519675107612088,63.41330599200236,63.78151260504202,27.86233456392153,61.95747487844662,883.0847628460796,74.95392788579218,49.76572558072561
2025-06-20 12:00:00,20.608177488626797,63.359062549590845,63.78151260504202,27.867285600506495,61.96340204205754,873.5775951434603,75.94859850908969,49.579908092140705
2025-06-20 12:15:00,20.395421422872253,63.29762496692566,63.78151260504202,27.872579638620643,61.991500543759365,876.2930253758716,75.0932120234662,49.62222221390586
2025-06-20 12:30:00,20.50777467582098,63.29764952749043,63.78151260504202,27.89754793885217,62.287807389381825,876.2377047324752,75.48503389738264,49.672366927478706
2025-06-20 12:45:00,20.623518206744812,63.42052033716054,63.78151260504202,27.934992633534765,62.360986074973205,876.1861020828001,75.85716916221078,49.7060457631497
2025-06-20 13:00:00,20.47052881196915,63.53696507037921,63.78151260504202,27.965588124208587,62.23945983213468,878.2873563326607,75.62035860090793,49.45055028792505
2025-06-20 13:15:00,20.33682181483501,63.53943818400746,63.78151260504202,28.003760891590957,62.357108143381566,881.5909496643894,75.54535837579648,49.41232068733472
2025-06-20 13:30:00,20.39383199876895,63.69237528882006,63.78151260504202,28.050680117847612,62.50175434625677,882.3294659396942,76.7130906115585,49.22791298011138
2025-06-20 13:45:00,20.318910910738435,63.64113736557876,63.78151260504202,28.075294603359286,62.344042777670346,886.0234682474547,75.78274950116078,49.11782159128112
2025-06-20 14:00:00,20.08150161525274,63.630854204529655,63.78151260504202,28.062139864571833,62.26289564813364,883.1270514891543,76.0891037486659,48.89429646481328
2025-06-20 14:15:00,20.201252538306957,63.63265396430783,63.78151260504202,28.0417247242696,62.61504816905125,876.2386696470137,75.54541678514862,49.133834815892634
2025-06-20 14:30:00,20.081197859829732,63.66031208766391,63.78151260504202,28.02910565925099,62.61897466195971,879.8009379266742,75.78375689387653,49.10556517603275
2025-06-20 14:45:00,19.896365182432103,63.78958819576951,63.78151260504202,28.018439163923418,62.73407666785078,878.3075228113137,76.29267911935985,48.77058474790138
2025-06-20 15:00:00,19.869489424919646,63.80114290156264,63.78151260504202,28.02123649105625,64.61867476360975,881.6378859808501,76.01410848338878,48.66397869510605
2025-06-20 15:15:00,20.07437101333516,63.76377553110053,63.78151260504202,27.97691886208456,64.5486884037012,882.8737275740832,75.86398331278984,48.697788107669176
2025-06-20 15:30:00,20.276299220537112,63.71550284989444,63.78151260504202,28.004568453699136,64.53031701566373,889.1739586036308,76.61469870073968,48.52267343082235
2025-06-20 15:45:00,20.46477345629989,63.80495656544224,63.78151260504202,28.02165222268819,64.7920911756725,888.9352215926975,76.50343323701944,48.640387774210524
2025-06-20 16:00:00,20.536485579702685,63.82354047093578,63.78151260504202,28.012690719833326,64.61600616031262,885.1315988291633,76.1859683533822,48.538945552170375
2025-06-20 16:15:00,20.468002184760454,63.92751442995262,63.78151260504202,28.02250726034981,64.7375837324566,879.5240499212988,76.07387476054889,48.51010510187513
2025-06-20 16:30:00,20.469643066595026,63.97952053724825,63.78151260504202,27.998104528805364,64.68411642723281,890.3753092157023,76.75979039094703,48.65955460576986
2025-06-20 16:45:00,20.600044700859073,63.99605192767072,63.78151260504202,27.95658096603264,64.65202809630165,884.7418679519801,76.09329914268126,48.51133830859051
2025-06-20 17:00:00,20.754817257634848,64.02554034405924,63.78151260504202,27.916480146114342,64.91837908257973,884.9957489901643,76.00127796025177,48.5731744090466
2025-06-20 17:15:00,20.955530383022698,63.99751785425122,63.78151260504202,27.950928316516066,64.83489809417576,884.7751269524929,75.83764359326311,48.633217107762974
2025-06-20 17:30:00,21.19400267483529,63.9922100708286,63.78151260504202,28.021797714080634,65.06931552708541,886.4675712840541,75.85095442173834,49.023597475288405
2025-06-20 17:45:00,20.989275543084506,63.979771082335944,63.78151260504202,28.026152191913138,65.12405733621384,886.2498245532184,76.05328266992936,48.83633558247501
2025-06-20 18:00:00,21.369043472197056,63.86640340016211,63.78151260504202,28.053418340594302,65.24935889893543,886.5013273078692,75.8438284679023,48.65360028717044
2025-06-20 18:15:00,21.479110287143367,63.82703608398012,63.78151260504202,28.047706526955555,65.28008753396061,880.3644753197891,75.6833565718408,48.47920327945332
2025-06-20 18:30:00,21.6728692643292,63.86516476643991,63.78151260504202,27.98863432338293,63.03574885355648,881.7771679505436,76.22195770446375,48.50199820711852
2025-06-20 18:45:00,21.75266301028168,63.805970011646586,63.78151260504202,27.99663902328862,62.86393372289162,879.6943166600992,75.77135116561956,48.240668870986404
2025-06-20 19:00:00,21.5288935970469,63.65750989188621,63.78151260504202,27.969201200179302,62.83154676127787,890.2937133118696,75.73660614628781,48.166854935443965
2025-06-20 19:15:00,20.92864551283298,63.80119739587268,63.78151260504202,27.972178693728647,62.88818947363101,891.8676898585225,76.48034814986727,48.00395808170905
2025-06-20 19:30:00,21.021662346279477,63.779520989505826,63.78151260504202,27.973788354161485,62.6095691735251,889.0226395202158,76.55924324212512,48.31437618122461
2025-06-20 19:45:00,20.891046593946147,63.757807812630965,63.78151260504202,28.017248243667535,62.921648147892206,884.1741094094459,75.50634804877029,48.01611064410069
2025-06-20 20:00:00,21.383493898903133,63.65555724722645,63.78151260504202,28.018730022561552,62.89182319861567,893.5840129765163,76.0581073157385,47.69185122745147
2025-06-20 20:15:00,21.30336705775668,63.75313616683622,63.78151260504202,27.99232049584208,62.664049730392286,888.8465498567283,75.8357303075571,47.63154572922275
2025-06-20 20:30:00,21.417718417877115,63.73089080926268,63.78151260504202,27.910658762600796,62.62311229684223,897.003247352683,76.40893409026664,47.731433968895
2025-06-20 20:45:00,21.279697558679924,63.66858717591054,63.78151260504202,27.888448630150855,62.6773828848294,891.3902121823852,75.58771148901708,47.50004342809163
2025-06-20 21:00:00,21.151546972385596,63.656249792719336,63.78151260504202,27.911470544796448,62.665524408405275,892.6670127418053,75.84076063374755,47.51843519755374
2025-06-20 21:15:00,20.973507476530106,63.65206749483662,63.78151260504202,27.88746858330079,62.70307138149078,887.8488151428646,75.97603114155409,47.38780683211206
2025-06-20 21:30:00,21.016120043462752,63.73076816676563,63.78151260504202,27.881476113070086,62.63444219040495,886.4357567656286,75.75212813835093,47.610265179072755
2025-06-20 21:45:00,21.347245845812818,63.70408325789949,63.78151260504202,27.8878384752313,63.00768243789507,873.7782478948436,75.58582357700999,47.93222518609326
2025-06-20 22:00:00,21.57729344907803,63.81418065267286,63.78151260504202,27.82785527924038,65.11050755728238,879.4023343533713,75.44892593184329,48.262964100685586
2025-06-20 22:15:00,21.512548319383484,63.97530577315271,63.78151260504202,27.80694615345481,65.16746891688686,874.4160325741225,75.59936131908908,48.242758484141554
2025-06-20 22:30:00,21.516246019932666,63.96406249061089,63.78151260504202,27.756361341859616,64.7880857858926,875.6061777982134,75.93978398605624,47.86355074088956
2025-06-20 22:45:00,21.73581914512701,63.86779602301477,63.78151260504202,27.763388900144385,64.79515038821837,874.1542238939962,75.87997948896447,47.76562102472071
2025-06-20 23:00:00,21.84321973373066,63.89491702514316,63.78151260504202,27.765183135613082,64.98961080642086,874.7014975613679,75.76307014449088,47.7199131682833
2025-06-20 23:15:00,21.89247778118135,63.80559691018558,63.78151260504202,27.78054701798689,65.1047652664729,877.9310579266507,75.70749363499405,47.65923475915373
2025-06-20 23:30:00,21.8989649442046,63.868865797967615,63.78151260504202,27.777942777189708,64.66485861165967,876.2036149352521,75.48194308328058,47.51134225422086
2025-06-20 23:45:00,21.8788809559424,63.77858360896025,63.78151260504202,27.772580052670232,64.48311125964607,881.4630622837828,75.49309304696106,47.76059707943717
2025-06-21 00:00:00,21.656825730027315,63.80065020892979,63.78151260504202,27.78924843335834,64.60382528453525,876.1310084146651,75.49170733472285,48.02720353921035
2025-06-21 00:15:00,21.78681911850015,63.7696463527792,63.78151260504202,27.770934097854994,64.73584143968156,873.3261510412833,75.26689420063573,48.0465977482085
2025-06-21 00:30:00,22.036663867938454,63.778998090075106,63.78151260504202,27.774566098829553,64.64275486234219,866.0002404399685,75.34429624090944,47.841187257724705
2025-06-21 00:45:00,22.32339931666777,63.66598829869721,63.78151260504202,27.72769911893842,64.3787264340596,869.8145460766741,75.29029890974007,47.66854937477954
2025-06-21 01:00:00,22.15659372365639,63.5142936092899,63.78151260504202,27.709289345357465,64.69933181916348,874.2308835700538,75.26042525851122,47.535892338884466
2025-06-21 01:15:00,22.196205933391973,63.4905131570278,63.78151260504202,27.719012436094978,64.76387045713848,873.3116578431998,74.93193093247969,47.47720772557448
2025-06-21 01:30:00,21.8514193968228,63.40677814783789,63.78151260504202,27.717533569456588,62.823027739402924,867.1292452801961,74.65269943018845,46.875435605670916
2025-06-21 01:45:00,21.89622614235441,63.444571290779955,63.78151260504202,27.73069846532561,63.02296837148733,872.0736453647183,74.93810563221157,47.33056191006682
2025-06-21 02:00:00,21.849584291806938,63.41647372498808,63.78151260504202,27.679867273175446,63.06832591925134,880.3204187917103,74.91088788360742,47.29362879123556
2025-06-21 02:15:00,21.74688515743504,63.37871671849807,63.78151260504202,27.668041639306864,62.83980868989027,878.6855919702036,74.57571444674521,47.6052897374616
2025-06-21 02:30:00,21.746992275992497,63.454176243968845,63.78151260504202,27.659240944177203,62.490637898843474,875.9056060063825,74.8468152028824,47.55741529413894
2025-06-21 02:45:00,21.690085885163416,63.33950581107118,63.78151260504202,27.652295712937626,62.63070887944249,881.510849066273,74.98345777337998,47.53498420368696
2025-06-21 03:00:00,21.616040387265183,63.4031912530047,63.78151260504202,27.65001824096067,62.293204034019965,885.4703723359472,74.77184688993384,47.53208018620228
2025-06-21 03:15:00,21.37005753289494,63.491861534647384,63.78151260504202,27.671142934656405,62.40025379936332,886.9117899356411,74.82950193110807,47.26338934488345
2025-06-21 03:30:00,21.521665052539735,63.50761014731076,63.78151260504202,27.716007830349664,62.49717392201001,884.0951856544443,74.73535674589596,47.26064020126576
2025-06-21 03:45:00,21.86330246999256,63.37825520175127,63.78151260504202,27.648096788229736,62.286763955608954,882.0325916610125,75.02931923588956,47.22658303271842
2025-06-21 04:00:00,21.858855213686557,63.51817889418789,63.78151260504202,27.607276378070313,62.12647136131776,874.7299556151004,75.62365936479307,46.75807465365609
2025-06-21 04:15:00,21.833284439309896,63.51380759919265,63.78151260504202,27.63457462626956,61.994120095504044,874.3867585527233,75.39697914901433,47.22005451962659
2025-06-21 04:30:00,21.732691921617192,63.52930159994529,63.78151260504202,27.604329745728535,62.097026207900704,879.917101582335,74.80480490651719,47.680435361056226
2025-06-21 04:45:00,21.64306025917036,63.58775698553676,63.78151260504202,27.56269230392974,62.16792010239897,883.4652274361639,75.47048658004246,47.562767990913635
2025-06-21 05:00:00,21.9960146452458,63.620573990577114,63.78151260504202,27.557850281802,62.40680373354299,879.5067216845274,75.61104522789718,47.7961575379853
2025-06-21 05:15:00,22.246489638124125,63.598713750029766,63.78151260504202,27.534551778770346,64.05425025786587,879.317355479332,75.18763845596077,48.42534389905784
2025-06-21 05:30:00,22.1496924404608,63.50166003735478,63.78151260504202,27.463709234841566,63.91287685280236,879.4862274975586,74.40259051894903,48.37137362009955
2025-06-21 05:45:00,21.883246419672673,63.61695872013671,63.78151260504202,27.48333174184442,63.77124495524812,875.3625482899029,74.7013403258327,48.38678702573072
2025-06-21 06:00:00,21.70296674003396,63.6276147042174,63.78151260504202,27.49381390557363,63.85037780384966,871.5048870091257,75.24291950054139,48.533158558206864
2025-06-21 06:15:00,21.767680035254628,63.684520628497786,63.78151260504202,27.50404562263719,64.19934225203119,868.3098863754138,74.72826586726879,48.1512104339141
2025-06-21 06:30:00,21.63596815075947,63.88252686667046,63.78151260504202,27.58949192976414,64.10712057734548,871.9018667616405,74.79221563431459,48.23891873093845
2025-06-21 06:45:00,21.752403384640264,64.01932740571857,63.78151260504202,27.650552627597683,63.87542870563752,867.2177552742019,74.63429870258796,48.188357143418
2025-06-21 07:00:00,21.633616230828704,63.89846807660501,63.78151260504202,27.62489170076305,63.761908011695894,867.6693928551133,74.86420292658528,48.21817929503364
2025-06-21 07:15:00,21.164866191946807,63.9356063352132,63.78151260504202,27.646729495189103,63.562901347800526,868.1774147807242,75.07927116298782,48.322782659223556
2025-06-21 07:30:00,21.05278485043344,63.85069252780435,63.78151260504202,27.67681238165674,63.54929908403823,866.6684291480277,74.89681706174292,48.69501731047825
2025-06-21 07:45:00,20.918676797947274,63.80959069254717,63.78151260504202,27.711354701376003,63.704070036817484,863.4093666438758,75.27025420150933,48.46416621830555
2025-06-21 08:00:00,21.11741350672836,63.85768682815311,63.78151260504202,27.7318721941701,64.01889862465033,864.4031727897396,75.15206261533307,48.61097309490738
2025-06-21 08:15:00,21.43669866037742,63.86464425765202,63.78151260504202,27.783405199358214,64.13318316734923,869.7967638497039,74.19556148624224,48.829549887957626
2025-06-21 08:30:00,21.45002696903495,63.80316210653144,63.78151260504202,27.763922649319742,63.89981020195162,874.1513614728566,74.481772362936,48.52976407903947
2025-06-21 08:45:00,21.365136515882753,63.87261577857328,63.78151260504202,27.78152301342693,62.200725500604634,874.2989297177724,74.15053521131388,48.43387006839276
2025-06-21 09:00:00,20.974566865957023,63.83581802203291,63.78151260504202,27.817641649099524,62.25943529260869,878.0493660850468,74.8784961876134,48.12748468308424
2025-06-21 09:15:00,20.920620055229,63.84135052629517,63.78151260504202,27.78645235528284,62.45767380244921,876.7853652125746,75.15881402799103,48.50537327615264
2025-06-21 09:30:00,21.175076529837536,63.91300597754773,63.78151260504202,27.851684266135443,62.4530436857741,874.5865817058905,74.90257075893247,48.396225928676046
2025-06-21 09:45:00,21.246684414456208,63.9272499141601,63.78151260504202,27.77268518356541,62.15410033779479,869.0999647143569,75.09256719317048,48.357858472828006
2025-06-21 10:00:00,21.22924501450573,63.99146145661149,63.78151260504202,27.82323329071213,62.14253660361598,869.745050104302,75.64783089850025,48.37108300271979
2025-06-21 10:15:00,20.943501627974516,63.99004387131033,63.78151260504202,27.780713140921282,62.28064403909946,869.2238524847966,75.86223243862266,48.135605185676745
2025-06-21 10:30:00,20.97310809720195,63.93342130950119,63.78151260504202,27.75419517992559,62.37548834974903,864.7936304339164,75.66867104809313,48.27881445803602
2025-06-21 10:45:00,21.17873923922501,64.08214694188905,63.78151260504202,27.767825001703553,62.15181932144199,863.6875540305706,75.50166732015133,48.2932471925577
2025-06-21 11:00:00,21.186383322028572,64.07708818898239,63.78151260504202,27.80346539116592,62.14247940734161,866.6476028771356,75.60176525698468,48.08518132577365
2025-06-21 11:15:00,21.230469002008725,64.01183831322429,63.78151260504202,27.828810997073965,62.251250750535874,868.2600336642683,75.617267520492,48.29121462401361
2025-06-21 11:30:00,21.174038556700555,63.95665849072472,63.78151260504202,27.83338993647567,62.635310413855144,871.0192440355885,75.45496929184053,47.969575473497756
2025-06-21 11:45:00,21.341016847494565,63.99597029986632,63.78151260504202,27.801176467858078,62.84299520593971,870.0667871761347,75.45596717381734,47.719800915550735
2025-06-21 12:00:00,20.946893420052277,63.955534789875585,63.78151260504202,27.839380252659257,62.91024646135821,876.5049443729438,76.33036147383957,48.044696947672534
2025-06-21 12:15:00,20.847151890938044,63.985402620210486,63.78151260504202,27.799825769851143,64.96611457008228,873.5109381974113,75.79547280308924,48.407515099195976
2025-06-21 12:30:00,21.19936096093629,63.9995803118466,63.78151260504202,27.837232904496084,64.4932322623216,872.9508108673011,75.71988319487899,47.911997160442255
2025-06-21 12:45:00,21.198944536177432,64.01715056429481,63.78151260504202,27.851612323236562,64.45152811194141,875.4868206083748,75.36548256968224,47.49855582716122
2025-06-21 13:00:00,21.01264834616093,64.03884740782388,63.78151260504202,27.838550455112905,64.59108573474249,873.5563068696679,75.87937100797849,47.82502920062804
2025-06-21 13:15:00,20.760043753271166,63.94049184342253,63.78151260504202,27.86093062556268,64.40229561557372,872.9855501421185,75.69060008731141,47.50659127860219
2025-06-21 13:30:00,20.5278136068998,63.84039537992117,63.78151260504202,27.849282373093498,64.62039001870221,871.6905902884606,75.63938130843873,47.36982825587048
2025-06-21 13:45:00,20.589220620712286,63.87142714292267,63.78151260504202,27.775210693825535,64.73454876915196,871.698057469412,76.09920829081788,47.37800615618035
2025-06-21 14:00:00,20.56444489672156,63.78842497759367,63.78151260504202,27.740740378014,64.61453147838291,868.5635019303826,75.46935377079694,47.457954006341986
2025-06-21 14:15:00,20.550833483661023,63.81244985554174,63.78151260504202,27.687822629802863,64.58628515140413,869.4168397952322,75.54794291159192,47.42920118272248
2025-06-21 14:30:00,20.421577065374485,63.74493808716794,63.78151260504202,27.683096196069926,64.45046894374067,871.1724250823216,74.98560388815882,47.331316443969264
2025-06-21 14:45:00,20.30057376591999,63.7327888942934,63.78151260504202,27.6301514208088,64.22823145535595,869.5947907255743,75.43288398803861,47.53631102071331
2025-06-21 15:00:00,19.855442747403817,63.79077684197147,63.78151260504202,27.633390270776633,64.53951966411317,869.0459005028674,76.32725919468263,47.77142340204817
2025-06-21 15:15:00,19.929247354710967,63.774114075229775,63.78151260504202,27.596077162249667,64.6329176290824,863.0075163786873,75.76085845041686,47.6890565312681
2025-06-21 15:30:00,20.221873977416106,63.88915117816473,63.78151260504202,27.641614002544543,65.07210584186629,859.2148410096934,75.98351423548257,47.5214268150755
2025-06-21 15:45:00,20.336416016769242,63.96604991946287,63.78151260504202,27.6109580676086,63.515716836413084,853.1370533153911,76.07058137844874,47.21293639752283
2025-06-21 16:00:00,20.358954815297515,64.05358433763543,63.78151260504202,27.640338785108035,63.51262357137162,859.3042539845376,76.37123323441915,47.233774794417535
2025-06-21 16:15:00,20.33845298436605,64.11756551000191,63.78151260504202,27.67415050072745,63.440913624694616,859.4606845462146,76.16984208756524,47.46693431710188
2025-06-21 16:30:00,20.70387197011378,64.1129189168678,63.78151260504202,27.67816164295723,63.503635943798876,860.1231267621837,76.09166844359963,47.5339584290684
2025-06-21 16:45:00,20.575877254380845,64.20302741057952,63.78151260504202,27.68144204701487,63.272899902749785,865.2340258582984,75.60943343549904,47.51738892348814
2025-06-21 17:00:00,20.74885518448558,64.37962445835588,63.78151260504202,27.691425964499583,63.06672863053944,874.5157542307223,75.86218804574877,47.89124277953325
2025-06-21 17:15:00,20.921030995670666,64.40353518063625,63.78151260504202,27.64687143344312,63.12756240782065,876.9604745155697,76.12638344195088,47.6695719828133
2025-06-21 17:30:00,21.027847677840303,64.35245604895248,63.78151260504202,27.59523195769943,63.261460977556524,874.150362009787,75.73415085632888,47.18453906184756
2025-06-21 17:45:00,21.25760834250883,64.28850063185165,63.78151260504202,27.597188662948543,63.47462253511945,875.4961068778628,76.00844920349292,47.53475528726987
2025-06-21 18:00:00,21.22017276720459,64.17723357675534,63.78151260504202,27.597497326592162,63.20476406154044,870.4380106642891,76.00661084063206,47.688601282045845
2025-06-21 18:15:00,20.905496565379263,64.14318808262922,63.78151260504202,27.578739450028667,63.092634879612795,872.054623084104,75.78964345608973,47.82428084134564
2025-06-21 18:30:00,21.219846902623242,64.09182608353916,63.78151260504202,27.602300761756844,63.13965255489976,869.9462151473512,75.59517667536394,47.50212749015364
2025-06-21 18:45:00,21.350011677428764,64.01308835984351,63.78151260504202,27.63298623139126,62.67783889793682,863.6180336842405,75.78204172632239,47.77681802258617
2025-06-21 19:00:00,21.400335881329564,63.93707944645819,63.78151260504202,27.581354459933657,62.751360682759525,864.5242129156086,75.71198491651494,47.54413799733307
2025-06-21 19:15:00,21.47132344969494,63.911017669132,63.78151260504202,27.587705007445233,62.815705437955415,869.1579134157502,75.81436642605125,47.62312290210046
2025-06-21 19:30:00,21.393102489541338,63.83139803840267,63.78151260504202,27.514311754967917,64.71725878648533,865.7244099049965,76.05516008518757,47.44078028416783
2025-06-21 19:45:00,21.319034668036903,63.93425954481173,63.78151260504202,27.5200152013493,64.61863317923392,867.7747536978919,76.14923630885093,47.19658219112139
2025-06-21 20:00:00,21.409783464574726,63.8976699822781,63.78151260504202,27.503231131744982,64.36300554114139,863.4792471910635,75.96418644372433,46.97710080702617
2025-06-21 20:15:00,21.510716543648048,63.82183117214349,63.78151260504202,27.447489525355927,64.58297198747121,869.3255017605859,75.47805820276794,47.352126888799205
2025-06-21 20:30:00,21.353114876617546,63.8927283321758,63.78151260504202,27.47289439326703,64.69601454198947,869.2512264687821,75.55785297828639,47.15812347507598
2025-06-21 20:45:00,21.2694485660791,63.73923773466099,63.78151260504202,27.467557466727598,64.69827313512813,873.1808810499924,75.65840506926257,47.38119086685102
2025-06-21 21:00:00,20.811461002789287,63.793232199526955,63.78151260504202,27.522800172727578,64.81836015264466,870.0863277282853,75.23337660926994,47.518483245881164
2025-06-21 21:15:00,20.75033521903156,63.84476788107058,63.78151260504202,27.473946995962738,65.00855110362555,874.0288621363086,75.4182868363986,47.23615467389253
2025-06-21 21:30:00,21.161020877168855,63.790353298415056,63.78151260504202,27.483839878183346,65.21325290132225,878.398924738623,76.05622531391721,47.29234456734275
2025-06-21 21:45:00,21.65377417801659,63.81458370853098,63.78151260504202,27.459911877714305,64.83055751432435,877.0521342740382,75.2979145652898,47.44478650045437
2025-06-21 22:00:00,21.661361516974708,63.850174308579,63.78151260504202,27.45864120980986,64.94788393576998,877.1708174653431,75.52668719503674,47.498144279113326
2025-06-21 22:15:00,21.7899485542048,63.83766928880069,63.78151260504202,27.429194637923143,65.18115799766478,876.4502077235015,75.85037951504103,47.398306198438405
2025-06-21 22:30:00,21.51075813720993,63.91540745284318,63.78151260504202,27.402038448697407,65.03166417835223,868.440784682148,75.18120410044075,47.331111793941616
2025-06-21 22:45:00,21.47022346169224,63.907865722828355,63.78151260504202,27.432469812725927,64.90371682396575,868.0863372523116,75.0952863318661,47.287085249324676
2025-06-21 23:00:00,21.878485661285808,63.87554997969677,63.78151260504202,27.43173094328844,63.1543715375298,868.5725120467607,75.68696297786707,47.04322223850899
2025-06-21 23:15:00,22.13469069841031,63.74642719869713,63.78151260504202,27.40457075473914,62.90606060982786,868.4882327330176,75.07593495147542,46.866380684983824
2025-06-21 23:30:00,22.05491108555894,63.82330687008392,63.78151260504202,27.37255761642431,63.0802968854323,867.0091304300994,75.30711306045282,46.935759369044845
2025-06-21 23:45:00,21.697126534081544,63.776898106368435,63.78151260504202,27.38315370892463,63.1079579584177,865.1257397799533,75.27598964919387,46.94834390116075
2025-06-22 00:00:00,21.510540243025865,63.76270929269856,63.78151260504202,27.411943934336872,63.22091136406098,873.3576428626455,75.4130007181012,46.48806652253261
2025-06-22 00:15:00,21.875989280334032,63.82117881601726,63.78151260504202,27.398886050252877,63.21280439787345,873.1323970614836,74.93364090574345,46.8375362399492
2025-06-22 00:30:00,21.99252820441564,63.96207678004802,63.78151260504202,27.416590672053175,63.088802894834245,870.2063064037008,74.74556410552482,46.47957853994458
2025-06-22 00:45:00,22.21929896024385,63.869153034841226,63.78151260504202,27.411718702912882,62.91943812765241,875.8045600082376,74.87191913019399,46.643150916686665
2025-06-22 01:00:00,21.98637226973963,63.96843530195003,63.78151260504202,27.484369670357,62.91283515280027,877.0249439647217,74.8645621886956,46.73446918442254
2025-06-22 01:15:00,21.847525244564643,64.0436307479196,63.78151260504202,27.50594002622539,63.14754755693433,879.1034996196479,74.97015956780993,46.94578423846558
2025-06-22 01:30:00,21.937758660943217,64.10465279413447,63.78151260504202,27.52634361757649,63.07926134216007,876.3002609492186,74.35255300251738,47.36656654822822
2025-06-22 01:45:00,21.845500557924147,64.133165282135,63.78151260504202,27.48951662513724,63.129382060731125,874.0057372563052,75.41034536333221,47.420693220193755
2025-06-22 02:00:00,21.54889667230907,64.110995831643,63.78151260504202,27.50697614079459,62.98207730600321,871.7482063206186,75.26242679703007,47.42348412933621
2025-06-22 02:15:00,21.689545867353143,64.04765691484845,63.78151260504202,27.52916215925507,63.021614479275456,874.7995241674481,74.63512793049009,47.469056582218556
2025-06-22 02:30:00,21.524355352650502,64.02736214915508,63.78151260504202,27.50306994270535,64.7535345794442,868.947055165192,74.69091926119634,47.512004918121015
2025-06-22 02:45:00,21.429282976328377,63.934295532783295,63.78151260504202,27.512362441715293,64.6225057083356,868.5232321876089,74.35660953475363,47.3669069377324
2025-06-22 03:00:00,21.281928133062827,63.71818203818551,63.78151260504202,27.501284180433572,64.630888071627,867.0875385031275,74.93799708143032,46.961370695960184
2025-06-22 03:15:00,21.238125552192834,63.682151610218725,63.78151260504202,27.525388607930118,64.62179738565655,868.6146723578398,74.06754696694597,46.61099391459339
2025-06-22 03:30:00,21.43835995385181,63.61507820100509,63.78151260504202,27.560638034048107,64.67189073285172,872.3073385874313,74.40778534182274,46.86586380767542
2025-06-22 03:45:00,21.45520530776566,63.56813643193555,63.78151260504202,27.563494984697932,64.82393773047828,876.902769461822,73.90309023252996,46.95341115193303
2025-06-22 04:00:00,21.603882218772117,63.521059642610766,63.78151260504202,27.581170107796737,64.53048543731963,873.6285126766908,74.70459651249622,47.28434669841785
2025-06-22 04:15:00,21.698357235280376,63.54329609756466,63.78151260504202,27.625468105549476,64.36025546817052,877.6073037513308,74.79792746730318,47.468344445343476
2025-06-22 04:30:00,21.762737062575365,63.47350959667537,63.78151260504202,27.58888554717648,64.56264485524355,881.9821936258718,74.44159402669335,47.37136676409941
2025-06-22 04:45:00,21.708835210865484,63.535969568264555,63.78151260504202,27.615225524907014,64.4287639816769,877.6063147702079,74.51944292666164,47.768797410594075
2025-06-22 05:00:00,21.52454283226529,63.529171995121686,63.78151260504202,27.59873457204236,64.63341175679695,873.3917622730748,74.45489785476772,47.42656965152891
2025-06-22 05:15:00,21.576845021226934,63.56078866792885,63.78151260504202,27.581534980468625,64.42246069773178,873.2192903246931,74.23485841711113,47.088072652627076
2025-06-22 05:30:00,21.445509201961837,63.60155053555507,63.78151260504202,27.59828451608514,64.5809130313679,871.1905425940068,74.99330345757147,47.05280414010982
2025-06-22 05:45:00,21.409914529515124,63.56163229619395,63.78151260504202,27.61344079860274,64.76327515316561,870.7352338391563,74.97587948543097,47.028729295909024
2025-06-22 06:00:00,21.257654352969716,63.586087815908144,63.78151260504202,27.60434280471086,64.4984404032636,876.046646141517,74.54522623514475,46.67013416357617
2025-06-22 06:15:00,21.331176814283957,63.61043753190088,63.78151260504202,27.610162253895577,62.21123395053118,884.3712284534241,74.62545165078767,46.4747798186501
2025-06-22 06:30:00,21.45208211733506,63.59966780487016,63.78151260504202,27.6638877532198,61.94880096071897,883.0325159208139,74.92402398221836,46.763553931853714
2025-06-22 06:45:00,21.610467437649632,63.517900924100026,63.78151260504202,27.675776619966722,62.07315762903083,881.2115749414488,74.12429417836574,46.986149957964216
2025-06-22 07:00:00,21.32379254913672,63.33776005268097,63.78151260504202,27.695902783253278,62.297438941395036,882.1188769116305,74.64060778298274,47.28565370595588
2025-06-22 07:15:00,20.985504009422485,63.29687295923054,63.78151260504202,27.68287408022991,62.48427471318585,885.4585973756328,75.2605372098778,46.77963010968118
2025-06-22 07:30:00,20.623668767521924,63.22825988539533,63.78151260504202,27.73470886742908,62.441289757915044,883.3684333604147,74.27327224217457,46.63926038650332
2025-06-22 07:45:00,20.849908151240047,63.294313843323266,63.78151260504202,27.73390556726759,62.424752271972245,870.1463628798853,74.95613404999986,46.49218165224603
2025-06-22 08:00:00,20.65765263032189,63.345738948661825,63.78151260504202,27.809674774443433,62.64802663817771,870.020351009625,74.92595022543516,46.955829110448846
2025-06-22 08:15:00,20.83486585712485,63.377658064704214,63.78151260504202,27.848962127520153,62.72383340050552,876.9502382378834,74.9689844136655,47.065683202553124
2025-06-22 08:30:00,20.9850216157391,63.39184182728223,63.78151260504202,27.863680124239675,62.82065039901945,877.4656301127056,74.79092605304325,47.56047918191849
2025-06-22 08:45:00,20.75967049557362,63.50126890582054,63.78151260504202,27.923608953218913,63.10928695653022,883.0763903315083,74.6102064207463,47.63821127907949
2025-06-22 09:00:00,20.501445876909596,63.48480457666923,63.78151260504202,27.976743967681088,63.22429502537598,881.7394575570052,74.61201404811374,47.959304784673215
2025-06-22 09:15:00,20.527386268794338,63.53110636319054,63.78151260504202,27.99167355286326,62.90752555448903,879.923876221557,74.84937462577977,48.015104056528465
2025-06-22 09:30:00,20.648865182463602,63.6150988006284,63.78151260504202,28.009433123426103,63.12402539961799,877.0241039466663,74.60379270482431,47.85998910414151
2025-06-22 09:45:00,20.86153340087885,63.69800787368135,63.78151260504202,27.945979183065223,64.88244849893242,873.202401924926,74.89606607218742,48.00869623181538
2025-06-22 10:00:00,20.94041906152455,63.73282630125558,63.78151260504202,28.0137022810209,64.58737014907888,875.3567558701167,75.02313920637981,48.43847646384722
2025-06-22 10:15:00,20.64777501779307,63.77093700600416,63.78151260504202,27.96777166383473,64.59109215547298,878.5034105239664,74.76993103959943,48.482499070872166
2025-06-22 10:30:00,20.736253165851274,63.832323329796,63.78151260504202,28.00806542126386,64.5492347296937,881.0552865873466,74.7430628784264,48.305264545889095
2025-06-22 10:45:00,20.964519653378577,63.87789269458858,63.78151260504202,28.004318692220124,64.36774077293173,885.5257960181036,74.80287583662668,47.942921926276284
2025-06-22 11:00:00,20.959237863411083,63.91040675955499,63.78151260504202,28.03355093766807,64.32557941319911,885.786722744003,75.01593702573818,48.258460789683625
2025-06-22 11:15:00,21.25384013579658,63.88625492170737,63.78151260504202,28.006452566484477,64.56746957352819,888.8986816676085,75.01786039792935,48.25386236251814
2025-06-22 11:30:00,20.980471374291017,63.93519940299927,63.78151260504202,27.98899596956813,64.48001845615666,891.5747888899283,75.87798376093625,48.17754010542296
2025-06-22 11:45:00,20.867062818016482,63.939365013170445,63.78151260504202,27.993229624082165,64.6501648273233,885.4849815515272,75.5676613727547,48.0931510757731
2025-06-22 12:00:00,20.80175168054928,64.01973105612934,63.78151260504202,27.956330321208682,64.86258184488597,881.721552272562,75.43137079356177,48.4914675969706
2025-06-22 12:15:00,20.979858549087005,64.0247665409678,63.78151260504202,27.97473116614136,64.90191176900069,887.7442742750906,75.11536010238703,48.62996699751491
2025-06-22 12:30:00,20.89244809823251,64.03041669726889,63.78151260504202,28.066227076888776,65.0564888204489,886.6153791786696,75.20310193392281,48.7351651667803
2025-06-22 12:45:00,20.99427329459547,64.15242400928389,63.78151260504202,28.041423769122417,65.11720760158386,878.6817570907982,75.06516728458092,48.91155492202151
2025-06-22 13:00:00,20.802038120832822,64.03947290048592,63.78151260504202,28.01976715962898,65.28257274853011,877.1224561419044,74.82687489594275,49.136716449182906
2025-06-22 13:15:00,20.78133659796702,64.04244877027448,63.78151260504202,27.989257814873564,63.79763017271849,872.3381497909577,75.18843724667042,49.297022350529275
2025-06-22 13:30:00,20.834532562007816,63.955236892847076,63.78151260504202,28.034145975231464,64.19702495484582,877.9870019128244,75.90230347013357,48.93048744707165
2025-06-22 13:45:00,20.73057973644119,64.11455435253784,63.78151260504202,28.038178015770438,64.36938575433436,879.8579405438695,75.27437872252472,48.699296119703824
2025-06-22 14:00:00,20.596030788717005,64.01871488012289,63.78151260504202,28.04783588192405,64.34455536544968,880.9594243168098,75.14852114469477,48.29242919127698
2025-06-22 14:15:00,20.146291541129266,63.9414163079362,63.78151260504202,28.068774808668284,64.30633248674083,880.522535615731,75.46907610271961,48.228581135028556
2025-06-22 14:30:00,20.05054029418973,63.89333575247407,63.78151260504202,28.09319194190662,64.09018271983723,882.1857661333873,75.82070766522041,48.475305349969226
2025-06-22 14:45:00,19.80313311688334,63.916194565856344,63.78151260504202,28.08605882177061,63.92958481919294,890.1002133424937,75.68750002059873,48.49870219131632
2025-06-22 15:00:00,20.01376362641095,63.879737434244916,63.78151260504202,28.090636116527996,63.66353684224273,890.6782991447263,75.39500433451236,48.321201959638195
2025-06-22 15:15:00,20.093238111939694,63.9184348742366,63.78151260504202,28.05312430567198,63.226886326096896,896.989767529897,75.50495531453298,48.12265466208047
2025-06-22 15:30:00,20.175475406699796,63.83875829176838,63.78151260504202,28.079923352756236,63.26083284618859,900.8222497920631,75.71655661326324,48.34808578142423
2025-06-22 15:45:00,20.403467052388198,63.70290874776999,63.78151260504202,28.1148588426232,63.622615189472775,898.3849080537001,75.13177265139998,48.50098721265613
2025-06-22 16:00:00,20.41992237345122,63.7422370545849,63.78151260504202,28.122401794847075,63.39101219565694,894.6410694641789,75.70211194442568,48.10719694679315
2025-06-22 16:15:00,20.18694098862346,63.7984096495266,63.78151260504202,28.12890469513128,63.41266803306021,893.8324296078957,75.87882542911548,48.58954980321541
2025-06-22 16:30:00,20.154304719417713,63.63395368742641,63.78151260504202,28.163065335248387,63.49894716236149,892.2731299544081,75.66015699961594,49.1296638945741
2025-06-22 16:45:00,20.360472320260772,63.64092318801448,63.78151260504202,28.14987935886863,65.54559330853299,898.496676663655,75.73450328480236,49.11889086040414
2025-06-22 17:00:00,20.520783016640365,63.622421756799255,63.78151260504202,28.147967733252496,65.06157677352043,899.2360343684039,75.48715502736653,49.29757058674117
2025-06-22 17:15:00,20.760525702472773,63.646934902070804,63.78151260504202,28.186833361578575,65.03954577705454,890.6948651367272,75.28564967114006,49.62119267245222
2025-06-22 17:30:00,21.111372852610568,63.71983642352597,63.78151260504202,28.200634607075344,64.96567178173521,887.1306961782096,75.24088926240663,49.42720626851712
2025-06-22 17:45:00,21.049024306393573,63.809941721132006,63.78151260504202,28.21069739164548,65.1407855082655,883.7022249026041,75.31172620897856,49.41517563969389
2025-06-22 18:00:00,21.077344324835376,63.71400960156226,63.78151260504202,28.221950882792346,65.38116575754798,883.923383430888,75.2921052288465,49.15395242277352
2025-06-22 18:15:00,21.157492718546244,63.68921720777638,63.78151260504202,28.1771710908573,65.09470137903203,882.3741696326954,75.28245984534726,49.041877291423376
2025-06-22 18:30:00,20.958762105172518,63.63902232750727,63.78151260504202,28.149684031395218,65.2854292239912,893.9138907929181,75.85196069971687,48.845610628349476
2025-06-22 18:45:00,21.4557416814222,63.62057879842393,63.78151260504202,28.207047983632044,65.61950939846164,897.3218648149234,76.24005652664486,48.89747649479281
2025-06-22 19:00:00,21.166023229623075,63.60629343238962,63.78151260504202,28.12132366346184,65.74922174853094,900.4554098419599,75.7289321902789,48.91256237945592
2025-06-22 19:15:00,21.296000139691547,63.53396297004812,63.78151260504202,28.15728378567909,65.79064728708879,901.5412192775249,75.9217975985128,48.81310525354492
2025-06-22 19:30:00,21.21811672310009,63.561006215007076,63.78151260504202,28.16121136922401,65.55780374881894,895.3471898208281,75.22701281917676,48.60994058657551
2025-06-22 19:45:00,21.08876263390582,63.507598211161415,63.78151260504202,28.15199318263182,65.96682222506834,895.3669592922197,75.19313102456285,48.53088257551291
2025-06-22 20:00:00,21.038243745817105,63.453271751169666,63.78151260504202,28.199900191865915,65.79022537738427,897.963265942909,75.02213064682716,49.0381032471454
2025-06-22 20:15:00,20.954497517516486,63.430967738074294,63.78151260504202,28.267623159045854,65.57147237371686,897.4343756530766,75.5657094521328,48.726643405686026
2025-06-22 20:30:00,20.860559185682636,63.3425755258384,63.78151260504202,28.274970703790306,63.876976830111964,895.9414273992251,75.312730179637,48.261999798264824
2025-06-22 20:45:00,20.63380075063762,63.314080966068786,63.78151260504202,28.25599478868326,63.82606939935542,908.4124164473642,75.32926087196066,48.462973339342355
2025-06-22 21:00:00,20.620496648351537,63.367453438404404,63.78151260504202,28.178160502219427,63.75512574661697,906.4771362976882,75.2372897880451,48.29837437057507
2025-06-22 21:15:00,20.71165688446394,63.20577326907808,63.78151260504202,28.123882790352493,64.05486805857393,902.9227977023726,75.08767503060884,48.270286048713935
2025-06-22 21:30:00,20.952400083328346,63.24409347556343,63.78151260504202,28.15486532900836,63.9358588407328,895.3951998583117,74.89070212102266,48.387694823459455
2025-06-22 21:45:00,21.205332649476645,63.13060241683838,63.78151260504202,28.153240266489348,64.12330912440207,895.8322069795951,74.85544127543785,48.73140178642207
2025-06-22 22:00:00,21.010170718789432,63.07435843751816,63.78151260504202,28.12052871797876,63.928663615789986,900.0356478540687,75.35148712921198,48.70923111112194
2025-06-22 22:15:00,21.159905727322595,63.05247426355563,63.78151260504202,28.06663367253347,63.905142283109484,895.5986244104166,75.60557229830077,48.55670327064571
2025-06-22 22:30:00,21.231239693298267,63.11373133669294,63.78151260504202,28.079486414687693,63.721038096519194,892.2440378671424,76.01640996788214,48.59614571596898
2025-06-22 22:45:00,21.43725530011753,63.027876943656004,63.78151260504202,28.074345800909988,63.62071641581224,894.4288556560674,75.83593874135958,49.09835605449029
2025-06-22 23:00:00,21.891648979579127,63.152456770891156,63.78151260504202,28.100592730419514,63.6490633706571,894.8326405009385,74.90302248959568,48.741096636401224
2025-06-22 23:15:00,22.095446775045975,63.121561880609875,63.78151260504202,28.074107519909823,63.780139924520064,897.3717879725791,74.97867728832547,49.026174158623576
2025-06-22 23:30:00,21.876262300707243,63.13344373928481,63.78151260504202,28.097087862308612,63.71394172673097,897.1775047781161,75.19732674790085,48.964754577401216
2025-06-22 23:45:00,22.12687751326986,63.093554115394795,63.78151260504202,28.118245041138103,63.75952486683776,904.396054686231,74.58232109418162,48.892846017107885
2025-06-23 00:00:00,21.96583972569608,62.92648263558962,63.78151260504202,28.04487153801922,65.3539968312986,904.8577683032229,74.79370358546625,49.28680797612565
2025-06-23 00:15:00,21.864376942736815,62.965104816368104,63.78151260504202,28.022754128535805,65.11811510983347,908.037330642778,74.7507283282846,49.30967296001867
2025-06-23 00:30:00,22.153007454657125,62.96466755404867,63.78151260504202,27.967953984377495,65.01478491457269,913.0707281576575,74.49781265989125,49.421279516812966
2025-06-23 00:45:00,22.227322169750742,62.82286220348822,63.78151260504202,27.96781643751312,65.12107319846237,911.501476232092,74.84520257502975,49.22495421737053
2025-06-23 01:00:00,22.208929584609535,61.00903540102536,63.78151260504202,27.350263678526176,66.91090488641026,847.4933368849939,72.93256229415532,49.35071686397042
2025-06-23 01:15:00,22.183529713161974,60.94430912656367,63.78151260504202,27.371494500207856,67.09444504602357,848.7357347987104,73.43074256046765,49.51004169365971
2025-06-23 01:30:00,22.097180402317957,60.87079719739731,63.78151260504202,27.411773036860975,67.52114911848605,850.7165431287012,73.22643944282039,49.48811333433756
2025-06-23 01:45:00,21.976817012829397,60.89038069568754,63.78151260504202,27.426001630057083,67.59273471158936,849.9935101353541,73.37951637712384,49.222334592307064
2025-06-23 02:00:00,21.715066299938247,60.87072410474702,63.78151260504202,27.4390669592824,67.30737130738288,846.4216877903422,73.30001133136065,49.298816925612876
2025-06-23 02:15:00,21.68412319462414,60.88951147733718,63.78151260504202,27.485902717678034,67.28257299445421,847.3432325820169,73.49998013785421,49.196921126128544
2025-06-23 02:30:00,21.594309551676602,60.85246782766126,63.78151260504202,27.48888642280075,67.28003423593032,839.8533554367649,73.45347870243432,49.22810017454379
2025-06-23 02:45:00,21.710321236903713,60.73379490378416,63.78151260504202,27.466716378795613,67.20545707247982,841.3250875648134,73.15860551208128,49.449337442760516
2025-06-23 03:00:00,21.37854732433597,60.83214414467677,63.78151260504202,27.472466367795395,67.01771188263464,849.2894891355068,72.83535045679639,49.2823251039172
2025-06-23 03:15:00,21.147343549905035,60.80149157708928,63.78151260504202,27.42918892787457,66.91208638620243,852.3721261783464,72.29557684647544,49.18353333263666
2025-06-23 03:30:00,21.271937311808813,60.663857415377855,63.78151260504202,27.455849996652766,65.24077354371938,845.9267650035857,72.16387065367427,49.376610043442504
2025-06-23 03:45:00,21.41223505932397,60.63002992640078,63.78151260504202,27.429762829323394,65.10640935490314,846.057335570342,72.70644504294422,49.16579152216357
2025-06-23 04:00:00,21.508465756027572,60.646242033935685,63.78151260504202,27.463623741941063,64.91151303000036,848.9053276645774,72.44021926537194,48.696122271020464
2025-06-23 04:15:00,21.53203559297079,60.664659578274986,63.78151260504202,27.462084844591743,65.00759513214105,847.2851570525743,72.8309105237506,48.89119851675817
2025-06-23 04:30:00,21.5317583296279,60.61584129752167,63.78151260504202,27.47379371053021,64.8859023914927,845.013537423283,72.56912589790117,49.029914033789304
2025-06-23 04:45:00,21.440669907098464,60.5359143326019,63.78151260504202,27.432217043088297,65.18476921947395,852.9729916052476,72.87422853215507,49.16809449553764
2025-06-23 05:00:00,21.788314988551956,60.5174512326568,63.78151260504202,27.433432995790014,64.90021061048986,845.7352822116189,72.88279864317467,48.96591451320298
2025-06-23 05:15:00,22.035112822251616,60.52046316089886,63.78151260504202,27.488861769027906,65.24316611994578,842.4808156960416,72.53774130187523,48.98454178869395
2025-06-23 05:30:00,21.97315129852395,60.57657557357668,63.78151260504202,27.426597652397977,65.2941989798566,852.2824941151422,72.686548656299,48.85863904742787
2025-06-23 05:45:00,21.77324242372366,60.625779522532824,63.78151260504202,27.358355036341315,65.26304534645975,849.74778207207,72.37649977543485,48.86349481610857
2025-06-23 06:00:00,21.7465794559037,60.590938546666656,63.78151260504202,27.367250652726227,65.04346177191572,850.1139137405722,72.5544508649683,49.0412186003916
2025-06-23 06:15:00,21.68290239929315,60.60548245956372,63.78151260504202,27.39907030421281,65.07528595374181,849.5135795371345,72.7000138018347,48.99076709049939
2025-06-23 06:30:00,21.676955098559624,60.7127617484173,63.78151260504202,27.431867654268704,65.11812260742788,855.4865584940567,72.4668674413801,49.45240447543838
2025-06-23 06:45:00,21.901223051863102,60.67179208492472,63.78151260504202,27.388065456058168,65.13161196815852,854.3982359517793,72.54240461446817,49.37825188551546
2025-06-23 07:00:00,21.914956409714176,60.616016171547244,63.78151260504202,27.3920877516101,67.01711752144688,853.0570802573899,72.8732617778881,49.59952959768019
2025-06-23 07:15:00,21.78903777655356,60.605181714024546,63.78151260504202,27.40568055453701,66.67668411767332,854.7520915648506,72.78976111402724,49.4376776530372
2025-06-23 07:30:00,21.394957712267406,60.68661222094431,63.78151260504202,27.39538571537489,67.09004160675893,858.5774325046627,73.28322851857078,49.67252994577688
2025-06-23 07:45:00,21.321533163731996,60.556689831419796,63.78151260504202,27.39709732125353,67.24388745207027,854.0331387629687,73.45785236991132,49.42922837400771
2025-06-23 08:00:00,21.546005595655746,60.49843523659545,63.78151260504202,27.398274004059438,67.16088511049998,847.1731164629351,73.26897951140552,49.39298299930984
2025-06-23 08:15:00,21.163677489992946,60.519924225524306,63.78151260504202,27.40898533997014,67.39536099022698,851.017723539713,73.44465502838058,49.30365293589058
2025-06-23 08:30:00,21.141514450501447,60.44134207608956,63.78151260504202,27.434835848990648,67.73412191568403,847.2873575353475,72.76811358587025,49.57968609265886
2025-06-23 08:45:00,21.095274434858293,60.43863427946404,63.78151260504202,27.435810814711836,67.89813330923579,850.1504673141455,73.28642074534608,49.31578013379802
2025-06-23 09:00:00,20.621036693405472,60.45449870743762,63.78151260504202,27.408629320727247,67.59497017366935,855.8300732187386,72.94097631778898,49.340920496269
2025-06-23 09:15:00,20.652664152192227,60.450793595848296,63.78151260504202,27.424467270501104,67.49711880236313,857.4178391785391,72.75119681315185,49.3362538963277
2025-06-23 09:30:00,20.581623080960984,60.5449789226373,63.78151260504202,27.406404271732324,67.39152581046173,853.7996972469462,73.08955097863624,49.16131221455311
2025-06-23 09:45:00,20.687351170081353,60.49934468055312,63.78151260504202,27.380931631600827,67.49734249290483,854.918797874356,73.14539770801404,49.21337555891535
2025-06-23 10:00:00,20.839484558301404,60.288781071872066,63.78151260504202,27.404249621196776,67.43367118283712,862.5022230372897,72.96080583837247,49.09589280922364
2025-06-23 10:15:00,20.812982310232236,60.4063875423533,63.78151260504202,27.37284911562508,67.49831757476358,867.7698874664845,73.25052387533043,49.31812373475769
2025-06-23 10:30:00,20.83511870173295,60.53862698475057,63.78151260504202,27.3837683930317,67.38834962621122,869.6054013976491,73.15473207306565,49.114384271334934
2025-06-23 10:45:00,20.767216879142637,60.54263257771645,63.78151260504202,27.367466882060114,65.44343850173223,861.9628273069222,73.62445390906925,48.80449412316245
2025-06-23 11:00:00,20.796850017745463,60.61723242950186,63.78151260504202,27.36398757145728,65.4427129934822,861.6936107946475,73.56307248607013,48.64046147576185
2025-06-23 11:15:00,20.744363518224716,60.56557675741218,63.78151260504202,27.37753713490656,65.64667694999778,865.5874187095562,73.3542393019914,48.82630812447368
2025-06-23 11:30:00,20.839727821852737,60.65125763399727,63.78151260504202,27.359996643254444,65.84190522472196,859.8109512689302,72.99922767528662,49.01681748048346
2025-06-23 11:45:00,20.846415540570444,60.70815336733485,63.78151260504202,27.3337816321029,66.12289051364937,860.0175033697614,73.70866410871442,49.08391694615935
2025-06-23 12:00:00,20.604187215968036,60.636513186642695,63.78151260504202,27.297149125638587,65.86160605859669,861.8646420444314,73.1065414082322,49.175109759765725
2025-06-23 12:15:00,20.805762502309555,60.57103557377413,63.78151260504202,27.2732115330656,66.24657477448092,862.7080923087476,73.2318442172173,48.96647258547291
2025-06-23 12:30:00,20.957276897651578,60.55033984568793,63.78151260504202,27.22342264717665,66.30842582997394,863.9756019022584,74.08479304062782,49.20415673607131
2025-06-23 12:45:00,20.793464377610164,60.4175642394294,63.78151260504202,27.25143229728953,66.32313079350594,865.7708934481694,73.33172246336349,48.78654619521904
2025-06-23 13:00:00,21.14542973567728,60.16611869895516,63.78151260504202,27.192937451416263,66.34340442484437,867.0689488257971,73.38617776319026,48.68656551455389
2025-06-23 13:15:00,21.044660725115577,60.10526312992896,63.78151260504202,27.206942529782005,66.44667983890932,870.1998981275863,73.62159875823167,48.82568601103871
2025-06-23 13:30:00,20.71986076491462,60.091903004722276,63.78151260504202,27.17440381967746,66.67201046302962,867.0088920135086,73.53490637445789,48.87398222591374
2025-06-23 13:45:00,20.91835618076999,60.12578104172906,63.78151260504202,27.158653753852686,66.80664974265949,869.8997922865354,73.56521082234973,48.98362104368596
2025-06-23 14:00:00,20.93260071350884,60.174561273809566,63.78151260504202,27.15525609486074,66.75460655929847,867.2127466872969,74.0208382270046,49.24706963890863
2025-06-23 14:15:00,20.952922146213222,60.23233273065961,63.78151260504202,27.198769171400553,68.3851064847989,874.4626740082973,74.39134865869974,49.36471135372604
2025-06-23 14:30:00,20.749238742769577,60.15117296922744,63.78151260504202,27.184132579489397,68.37775077970448,866.7465281787448,73.68019759826352,49.51992024027603
2025-06-23 14:45:00,20.340221909988212,60.143300923745905,63.78151260504202,27.209006810232573,68.23081919508479,866.4746354418311,73.12823948066726,49.9713187850674
2025-06-23 15:00:00,20.238530618133737,60.090355282101235,63.78151260504202,27.188711629075502,68.23467850442343,867.8459756544152,73.89569886595936,50.004890872491615
2025-06-23 15:15:00,20.02553072146546,59.99989926527614,63.78151260504202,27.194912519610256,68.24284745811622,869.6403312412242,73.75819019255684,50.18780837922324
2025-06-23 15:30:00,20.27682214338947,59.94374467009049,63.78151260504202,27.18925190818958,68.30073995802223,868.9835797159906,74.22223462049136,50.091715003875564
2025-06-23 15:45:00,20.629881723565372,60.02495064543312,63.78151260504202,27.184321927887787,68.35338198765285,865.2537775734205,73.70588958947714,50.12701090746319
2025-06-23 16:00:00,20.923487108152127,59.959488927483385,63.78151260504202,27.15339214084957,68.40466524136296,866.0744964998872,74.1966059148229,49.86145356532688
2025-06-23 16:15:00,21.0126330008709,59.801913768485534,63.78151260504202,27.102371471242897,68.11037469019465,876.89699817688,73.67829393531267,49.43368428580609
2025-06-23 16:30:00,21.21489143474446,59.838384522047946,63.78151260504202,27.053660575529676,68.2287885446031,868.7483311900484,74.03493471698063,49.33929624338398
2025-06-23 16:45:00,21.21218563335529,59.79329191045806,63.78151260504202,27.00845271388393,68.81590086767656,872.3507562253842,74.32421065715153,49.653554761945394
2025-06-23 17:00:00,21.57514670724513,59.75642689186525,63.78151260504202,27.009749441660514,68.9489756845953,871.9501559642005,73.91160483228947,49.97306111197626
2025-06-23 17:15:00,21.643571935656794,59.818902586594156,63.78151260504202,27.023420515727572,68.8317410692722,867.4393176442115,73.93470015466278,49.908793418709244
2025-06-23 17:30:00,21.718358293838314,59.892779489154734,63.78151260504202,27.0089986584237,68.60905553247198,873.5608460413752,74.00609227517673,49.81053553870691
2025-06-23 17:45:00,21.748208165468427,59.850460450959986,63.78151260504202,27.01734128126998,66.50780638427612,870.7299579828773,73.80301082356046,49.64266632375993
2025-06-23 18:00:00,21.72310096327725,59.772072718709055,63.78151260504202,27.086128473875828,66.47305080842798,865.8876663944018,73.41361110920124,49.408941233451586
2025-06-23 18:15:00,21.80013113191895,59.79298183172706,63.78151260504202,27.026655503339907,66.53158195645638,874.8662467785502,73.93331073014976,49.322971899877324
2025-06-23 18:30:00,21.47427198667216,59.77859149919277,63.78151260504202,26.95275589874651,66.64556983114656,879.5575424136304,74.02151255921947,49.309877006155496
2025-06-23 18:45:00,21.56815318426864,59.64291440169015,63.78151260504202,27.064606882440543,66.56742491209873,878.6433058627774,74.2051292877499,49.262231879760414
2025-06-23 19:00:00,21.373056358874013,59.60059994391928,63.78151260504202,27.07031471612257,66.60139529753228,873.0497817749548,74.45955801423408,49.48068625353215
2025-06-23 19:15:00,21.332249982680928,59.64256534460181,63.78151260504202,27.073357157981548,66.4263320516467,874.2912053649286,74.2676669668188,49.66032124506207
2025-06-23 19:30:00,21.249680113131348,59.72564290776563,63.78151260504202,27.09257301627683,66.60622186484221,879.3278365325679,73.71008090301599,49.849938170188075
2025-06-23 19:45:00,21.248419497487404,59.72685791055844,63.78151260504202,27.153779768755456,66.61741239137017,877.0957619067199,73.91081661316885,49.57403637901882
2025-06-23 20:00:00,21.374264313232814,59.82696018812698,63.78151260504202,27.116611420689537,66.58004738490567,876.9857753153908,73.87170961319728,50.03240820887681
2025-06-23 20:15:00,21.350407588304147,59.84169753468473,63.78151260504202,27.084308084806487,66.50786232438014,879.5740473086578,73.9856328182252,49.558236707159836
2025-06-23 20:30:00,21.624969157855574,59.70995615673991,63.78151260504202,27.128524422072374,66.65817354830708,884.8839969657216,73.62514308700543,50.02689206890782
2025-06-23 20:45:00,21.091564655061376,59.797984925446684,63.78151260504202,27.057962647849894,66.56458595802073,885.1594412125878,73.60292020414428,49.79757614720844
2025-06-23 21:00:00,21.171407038566617,59.79373941529637,63.78151260504202,27.0189023384538,66.47695302803841,878.7135035484982,73.96795281137815,49.842558036831115
2025-06-23 21:15:00,21.312827892854674,59.731869718206056,63.78151260504202,26.97643743347527,68.44799954961195,878.3681543341922,73.38649589104793,50.15948347091004
2025-06-23 21:30:00,21.584169820824933,59.65200063637183,63.78151260504202,26.988571160126636,68.20747512345025,884.4200889087016,73.04226868114688,50.16750520940107
2025-06-23 21:45:00,21.634148313379622,59.60840345719806,63.78151260504202,26.937509998109892,67.9864296165298,878.7771465890152,73.49415096114397,50.35426755385032
2025-06-23 22:00:00,21.83055448216762,59.64404410159228,63.78151260504202,26.929776305592195,67.70571550430003,880.6969095743253,73.31854946511652,50.355460868602414
2025-06-23 22:15:00,21.99068551946588,59.58124143591735,63.78151260504202,26.925129145374054,67.8239606577313,880.649626825665,72.76504339952493,50.0222173850471
2025-06-23 22:30:00,21.609284629982227,59.51634956376166,63.78151260504202,26.91767697452951,68.14809719433558,869.0571020718872,73.18441222308377,50.13387709918361
2025-06-23 22:45:00,21.526294533610475,59.371517624294285,63.78151260504202,26.896790318453807,68.11070879497481,872.802681632467,73.23856893739458,50.07989200505585
2025-06-23 23:00:00,21.899059073870472,59.423132070734184,63.78151260504202,26.845910623538963,68.32556622141588,873.8672676766528,72.7784872291203,50.19909229174834
2025-06-23 23:15:00,22.04918693220202,59.4387811074068,63.78151260504202,26.806315916808707,68.51279923222911,871.3805932144385,73.26691029680308,50.475415990054394
2025-06-23 23:30:00,22.027642814640323,59.373380379974996,63.78151260504202,26.79254938726193,68.49318295724454,877.4016332505893,73.09943953270982,50.20388468076967
2025-06-23 23:45:00,21.91897594319852,59.37399306808089,63.78151260504202,26.767767444351666,68.13788647767119,881.782275841985,72.76808562397603,50.01245556949244
2025-06-24 00:00:00,22.012995741797486,59.413025562728855,63.78151260504202,26.738437376943693,68.20226662477423,887.9350296644033,72.87915725221451,50.31228803575483
2025-06-24 00:15:00,22.241703312144303,59.31643073105503,63.78151260504202,26.771983663848857,68.04783514722014,876.3622950390991,72.71937449209693,50.37838799871993
2025-06-24 00:30:00,22.152980183756476,59.31062464046594,63.78151260504202,26.773893212916143,68.44141565439948,877.3144186674919,73.3824744692616,50.24707099146833
2025-06-24 00:45:00,22.402287959142814,59.34830152269494,63.78151260504202,26.76448157177141,68.50133867621851,879.9940293505475,73.22256334129912,50.59598564539793
2025-06-24 01:00:00,22.607619107372205,59.271764001566616,63.78151260504202,26.790720754405477,66.57380048589742,876.7202959380014,73.08281996761679,50.20787331218379
2025-06-24 01:15:00,22.349952721092105,59.15050396571702,63.78151260504202,26.826210429804235,66.73334438930536,878.3274129313028,72.94715707297513,50.00614925191208
2025-06-24 01:30:00,22.147733382628168,59.075098645631726,63.78151260504202,26.84017508690226,66.72428558824777,880.211341136571,72.75893003065757,50.16372680430236
2025-06-24 01:45:00,22.137799942593162,59.02691207860398,63.78151260504202,26.848003561398773,66.76985871839075,870.786559044976,72.60209559499074,50.16001726786771
2025-06-24 02:00:00,22.105300419632012,59.0294613185163,63.78151260504202,26.849554697395053,66.55382904137606,880.703983321554,73.19191202394566,50.3228565100627
2025-06-24 02:15:00,22.031719948979944,59.04871365199478,63.78151260504202,26.797466113398016,66.34111395219533,877.0555000922933,72.31089510078695,50.287756490457326
2025-06-24 02:30:00,22.012945409701942,59.063735607118396,63.78151260504202,26.79901641589455,66.54517783493698,873.5677455623854,72.74385226334289,50.579747727813995
2025-06-24 02:45:00,21.78151213645337,58.882938270981455,63.78151260504202,26.797268561451663,66.46576293631185,881.7458177960854,72.92134820961967,50.69817466476195
2025-06-24 03:00:00,21.727404524151726,58.9095153841003,63.78151260504202,26.767376962110703,66.22351047591941,882.5712806789378,72.57774976454269,50.85540614941723
2025-06-24 03:15:00,21.56816047880842,58.78127199640124,63.78151260504202,26.78626826625161,66.15532067421559,888.6938748342809,72.52229129158921,50.84505682882718
2025-06-24 03:30:00,21.638829834850892,58.79964700636474,63.78151260504202,26.802707820199487,66.27402833554028,884.5812620998848,72.49369248764829,51.348470713864835
2025-06-24 03:45:00,21.932944530818222,58.80482333918406,63.78151260504202,26.739881013057833,66.07944874307324,881.4551729805445,72.26211829239516,51.73977523608572
2025-06-24 04:00:00,21.877404003835828,58.761781044381834,63.78151260504202,26.75567512926634,66.41487550964426,865.8451940336963,72.24781823002176,51.99072541060897
2025-06-24 04:15:00,21.898073053915983,58.77449019645286,63.78151260504202,26.808947125523076,66.42314452629758,875.139286992956,72.42361329341989,52.1377066143443
2025-06-24 04:30:00,21.881539293186272,58.77320383917116,63.78151260504202,26.79380097074311,68.42791509731626,873.1868877164654,72.51613460855496,52.158830555102924
2025-06-24 04:45:00,21.79933323104873,58.69007921170349,63.78151260504202,26.839518067259334,68.202065799733,872.6854176762349,72.69334688404051,52.107936979691274
2025-06-24 05:00:00,22.114119367514668,58.66393913420101,63.78151260504202,26.82654367018266,67.98444196925234,871.42628602135,72.96051967165701,51.85731161922692
2025-06-24 05:15:00,22.14755683387809,58.50763125549215,63.78151260504202,26.811329676639716,68.15701258613046,871.1166522022745,72.77811317860052,51.83261955558825
2025-06-24 05:30:00,22.209588077227767,58.534633883426466,63.78151260504202,26.85768612477918,68.31766520406013,872.9928411865342,72.6776652866888,52.011875587618476
2025-06-24 05:45:00,22.081479802070284,58.56567993697934,63.78151260504202,26.86823573174264,68.01005976072736,879.2226960693383,72.48360382682236,51.87898670268878
2025-06-24 06:00:00,21.913857870763465,58.555185346285946,63.78151260504202,26.919377406769673,67.97371287836835,879.8709244115738,72.51548011403604,51.89098455232806
2025-06-24 06:15:00,21.61274170122859,58.585590002397446,63.78151260504202,26.94377927884276,68.15504219984575,885.8631831382272,72.84103637996219,51.60801754882482
2025-06-24 06:30:00,21.50993770968504,58.53111003655545,63.78151260504202,26.92380710910852,68.0785536491458,872.7542757374747,73.12164820594843,51.87727638809378
2025-06-24 06:45:00,21.649123377952375,58.57290652865228,63.78151260504202,26.895108435599006,68.17448885242902,874.045365639284,72.94059732646117,52.00953146695573
2025-06-24 07:00:00,21.803966631236378,58.67463560942053,63.78151260504202,26.866765067242312,68.24742039606154,875.5462592512177,72.90473809163592,51.743836299291864
2025-06-24 07:15:00,21.76083252444738,58.75442612004752,63.78151260504202,26.873375911914376,68.32425376001741,872.6949182515567,73.04781757768039,51.87592890384354
2025-06-24 07:30:00,21.547033002521978,58.915575663409555,63.78151260504202,26.88233375281449,68.45067851141637,881.4218187559628,73.29526998386659,51.83153874302474
2025-06-24 07:45:00,21.245171662895945,58.887478778691246,63.78151260504202,26.914774470761543,68.32342486461243,890.5558566934621,73.76617884372051,52.170297305160965
2025-06-24 08:00:00,21.250677083570494,58.89332834954569,63.78151260504202,26.908211251769828,66.49599752664734,891.8830395111427,73.31345264194037,52.06092520486564
2025-06-24 08:15:00,21.300323021098,58.97040638622191,63.78151260504202,26.914203670128792,66.60984043062172,884.7506918501288,73.37084759954651,52.08520174862285
2025-06-24 08:30:00,21.219343421235465,58.94000329608085,63.78151260504202,26.94842104819255,66.85197686773235,885.673601444498,72.76165368844461,51.65403635349466
2025-06-24 08:45:00,21.21610912985348,58.893668600596264,63.78151260504202,26.97472539344687,66.86812252557075,887.0835673319152,73.00298839906182,51.90138242974499
2025-06-24 09:00:00,21.153451235742608,58.92532526426502,63.78151260504202,26.999321322807294,67.29997039960794,879.6989117991983,73.86601680052385,51.61460699297199
2025-06-24 09:15:00,21.08825748807559,58.845213233937976,63.78151260504202,27.04007852583066,67.26568616496587,877.0496752556852,73.19798733370828,51.792276262051324
2025-06-24 09:30:00,20.638695756809852,58.856126341984336,63.78151260504202,27.034942736055758,67.2280536646634,878.8562505363664,73.18268542805708,51.99698844943907
2025-06-24 09:45:00,20.597994141030167,58.827916313643506,63.78151260504202,27.084612035669796,67.220216195462,872.0733448606816,72.44043231647844,51.854443165886934
2025-06-24 10:00:00,20.827250935676613,58.795483500143376,63.78151260504202,27.09844611826557,67.29447253066971,877.3850937205978,72.85842628609286,51.93425842108219
2025-06-24 10:15:00,20.746517557018546,58.872358947102505,63.78151260504202,27.06099561007569,67.52046772740135,874.3107358452568,72.51869123269456,51.72159228730583
2025-06-24 10:30:00,20.5518714426198,58.754283281909515,63.78151260504202,27.079641149591346,67.45354974816232,881.4246360380148,72.97969194651274,51.853349432058494
2025-06-24 10:45:00,20.75798886898674,58.84802074308331,63.78151260504202,27.09981401668746,67.13960235809698,877.3152062911896,73.05793727783697,51.74460907822691
2025-06-24 11:00:00,21.17347588405761,58.877982406922115,63.78151260504202,27.12763165540753,67.21498774887344,881.3837906111512,73.09832830528912,51.82595379538496
2025-06-24 11:15:00,21.2327999258289,58.84108884795324,63.78151260504202,27.130686714028236,67.19122322454866,879.3374402248256,73.24233701668199,51.769194247935914
2025-06-24 11:30:00,21.283361520957854,58.912961225313985,63.78151260504202,27.12188884488199,68.80166219245956,879.8719506166583,72.72723083074688,51.88544662733652
2025-06-24 11:45:00,21.17091294921842,58.84788136965872,63.78151260504202,27.182716756100643,68.78470542450565,878.1586581464918,73.06844587661081,51.97635492779538
2025-06-24 12:00:00,20.967966599263107,58.78618601407657,63.78151260504202,27.184190233363044,68.76034620718656,876.4494628305972,73.46929584916974,51.46736934283696
2025-06-24 12:15:00,20.976795446289202,58.72923390018466,63.78151260504202,27.16869913417717,69.05030758150798,885.359482035425,73.07875914771853,51.373830586609074
2025-06-24 12:30:00,21.057867906655666,58.80030295234781,63.78151260504202,27.16212130494853,68.93684051486687,885.1165034073879,73.29563677747413,51.184227427937515
2025-06-24 12:45:00,21.302775126643894,58.85160509414455,63.78151260504202,27.136685874929213,68.78642966179417,883.7865836644842,73.6639695853235,51.19229141215804
2025-06-24 13:00:00,21.179355568165285,58.78649496254716,63.78151260504202,27.130242853339947,68.96557636105757,887.0047423024489,73.5054416758454,51.48682125361326
2025-06-24 13:15:00,21.1232749806187,58.792001004246934,63.78151260504202,27.12327214786231,68.85860769846064,886.4573776412101,72.98706192512725,51.42431145034739
2025-06-24 13:30:00,20.84273981875819,58.75096132592344,63.78151260504202,27.135547557912272,68.7746319229453,877.8118068682463,74.10496417737073,51.310411335207505
2025-06-24 13:45:00,20.817852427968134,58.77565826324701,63.78151260504202,27.18845363067826,68.95375364797766,876.4573353601922,73.22395941848607,51.77792653998784
2025-06-24 14:00:00,21.08287217851558,58.84203318901346,63.78151260504202,27.191173944883595,69.01767339020861,887.223737998332,73.77190932909512,51.58640067266944
2025-06-24 14:15:00,20.75026555831307,58.86880473125527,63.78151260504202,27.191341975166445,69.0240043277434,886.8435760353206,73.5098994447671,51.63789614323014
2025-06-24 14:30:00,20.90808092526362,58.93314010320923,63.78151260504202,27.174514467812436,69.29785015588469,886.7424322867286,73.35023919419692,51.82271984180593
2025-06-24 14:45:00,21.113332639285176,59.124451501375944,63.78151260504202,27.087511231279173,69.48668840211089,884.2824511546414,73.50083552387481,51.940403394170815
2025-06-24 15:00:00,20.75030028276295,59.1174027265713,63.78151260504202,27.065060803141726,69.31355801837006,882.5641943611766,73.3680943268044,51.844620745937945
2025-06-24 15:15:00,20.95037563218367,59.24673705748624,63.78151260504202,27.059287781459222,67.56867423081974,886.2901979217298,73.61391925069388,51.80972802072266
2025-06-24 15:30:00,21.081611193082693,59.27000501338895,63.78151260504202,27.054976946694094,67.63786423378487,879.2610561201313,73.31160518609282,52.02481915082712
2025-06-24 15:45:00,20.914156680833216,59.24239776979596,63.78151260504202,27.002773334226287,67.35715379927201,880.5474787936711,73.70084129811671,51.627693386954896
2025-06-24 16:00:00,20.97902411480549,59.26661750062122,63.78151260504202,27.005686809073723,67.27426755836085,883.349783731176,73.6704494495735,51.31006258357456
2025-06-24 16:15:00,21.21094876085261,59.352521073984946,63.78151260504202,27.00348248364574,66.84522747034558,878.8562844668832,74.12609167935706,51.26250183025165
2025-06-24 16:30:00,21.050091442487282,59.37974135319834,63.78151260504202,27.049586904417307,66.95003238146018,879.9300130601457,73.36920380391383,51.13500038854739
2025-06-24 16:45:00,20.792003776257438,59.47874963599836,63.78151260504202,27.04367329541701,67.05621399949973,884.7586597036571,73.67801228611572,51.3622571000667
2025-06-24 17:00:00,21.068012329284475,59.42112483468176,63.78151260504202,27.026702635001488,66.96609476652195,874.3642704501212,73.6966632085963,51.66112565795786
2025-06-24 17:15:00,21.247460027795572,59.392060533126376,63.78151260504202,27.025717946765585,67.0161189958682,877.3799091032871,73.50222953661361,51.75675379981313
2025-06-24 17:30:00,21.392150558349524,59.37145511434682,63.78151260504202,27.043909370335196,66.99286819795834,876.784767575011,73.73222670334121,52.02899278122842
2025-06-24 17:45:00,21.490182205412445,59.45602036076532,63.78151260504202,27.05255511845738,66.90391050599315,879.081888924952,73.35823710205136,52.00938501533009
2025-06-24 18:00:00,21.398763044975755,59.51823721156517,63.78151260504202,26.9745671430046,67.01138660592997,878.8241364590763,72.94480667589379,52.04674966406186
2025-06-24 18:15:00,21.375915377286045,59.565276617969346,63.78151260504202,26.91897612319338,67.18267753205053,878.882849702105,73.4837041622306,52.180101009684094
2025-06-24 18:30:00,21.545368142094606,59.52553725226779,63.78151260504202,26.881419129484158,67.13319314935,879.2770133555457,73.51900094851143,52.181296812357
2025-06-24 18:45:00,21.924704911947014,59.424113709641844,63.78151260504202,26.873470528898377,68.82384978819721,876.70311356092,73.50020904942404,52.65246117758638
2025-06-24 19:00:00,22.126021066422872,59.406602455499446,63.78151260504202,26.813695095500158,68.91800021183239,875.7112689564186,73.45066220672018,52.78891337626344
2025-06-24 19:15:00,21.6926001204128,59.46678344786397,63.78151260504202,26.764893526918748,68.90701341683223,872.4065734540062,73.38953642831048,52.69838362042201
2025-06-24 19:30:00,21.596922817210366,59.519808109412544,63.78151260504202,26.708425431705873,68.98515055379735,875.094164940679,73.19743477696488,52.679641622126645
2025-06-24 19:45:00,21.74240862390318,59.51426518032654,63.78151260504202,26.742851047126504,68.70988928875838,883.2361833061186,73.9546943143753,52.65984798977674
2025-06-24 20:00:00,21.739043912933802,59.50271644304625,63.78151260504202,26.738442535056265,68.64560482310677,890.0622349193106,73.36569680224457,52.52246961433293
2025-06-24 20:15:00,21.67502844444732,59.57436155590353,63.78151260504202,26.71294805650552,68.94630858030779,883.3048912709236,73.35797589443787,52.96065955728243
2025-06-24 20:30:00,21.76920033383238,59.55837592279926,63.78151260504202,26.72979697790984,68.98813692912925,882.3979649843443,73.23607166383202,52.77331364640225
2025-06-24 20:45:00,21.58496859333349,59.501458355092865,63.78151260504202,26.728236042257027,68.88494893784402,880.1664904185044,73.36421087197185,52.575075174098835
2025-06-24 21:00:00,21.557722018394873,59.456523061942754,63.78151260504202,26.696832986402722,68.88187206956681,877.1906496957185,73.68228376269187,52.563930463472495
2025-06-24 21:15:00,21.533324669838148,59.49345480701415,63.78151260504202,26.718264215385247,68.4293892240527,879.370100601648,73.86178237775054,52.8051040324651
2025-06-24 21:30:00,21.841360109579757,59.41642593509818,63.78151260504202,26.766927277824408,68.75205226803061,884.0611925265484,73.74018994235992,52.66497564441851
2025-06-24 21:45:00,21.60045124482112,59.406621909350484,63.78151260504202,26.78046638183692,68.62386531972571,887.4099155968539,73.10678155731772,52.26806084426591
2025-06-24 22:00:00,21.87794153483818,59.44290303834254,63.78151260504202,26.77041169543894,68.64195698592077,884.4484874727818,73.65030037648711,52.617165727275044
2025-06-24 22:15:00,22.091974858811056,59.41787067464438,63.78151260504202,26.75142060100824,66.88443250516904,889.5547369507574,73.74144102822574,52.5474343864586
2025-06-24 22:30:00,21.87544102693385,59.480847863896344,63.78151260504202,26.72477143287676,66.58809717783342,893.0199080014613,72.76114317484276,52.86178162033471
2025-06-24 22:45:00,21.967448274902168,59.41361991007646,63.78151260504202,26.748345344431296,66.32926440842334,886.5424720787812,73.1099916939121,52.997686775947955
2025-06-24 23:00:00,21.980103455610635,59.38607632794516,63.78151260504202,26.758907801862932,66.22497348441541,884.2611155365661,73.0643268899965,52.70131879552233
2025-06-24 23:15:00,22.023053445982878,59.30910735723042,63.78151260504202,26.79150737199769,66.13794484125181,888.0867144595858,72.92147299103515,52.57626661150409
2025-06-24 23:30:00,22.214171584989785,59.349581653098106,63.78151260504202,26.797489344760542,65.722753517505,883.90645207286,72.71649132893795,52.54337927741508
2025-06-24 23:45:00,22.234714177444435,59.36376130536358,63.78151260504202,26.755831384490076,65.80938079142886,882.7301029512192,72.6392940319227,52.72180679337054
2025-06-25 00:00:00,22.2688673399603,59.361336618984005,63.78151260504202,26.758061666822037,66.02971987440282,884.8996766167911,72.34470256485379,52.771787208697845
2025-06-25 00:15:00,22.298198142005905,59.35469390186559,63.78151260504202,26.77224531656798,66.35993749212619,883.2711331086495,73.26805742867465,52.81777618434902
2025-06-25 00:30:00,22.22724402170259,59.370450536557,63.78151260504202,26.801546178236773,66.48051343527183,887.979865914987,72.38351979136594,52.488569457411714
2025-06-25 00:45:00,22.397701017772047,59.31098252283859,63.78151260504202,26.852021782491086,66.40535618320665,884.5059058176317,72.69561306948799,52.52740738922745
2025-06-25 01:00:00,22.491227830153836,59.29108109964504,63.78151260504202,26.946223964870338,66.2198933450352,881.0917298229324,73.0045684159155,52.35643466903088
2025-06-25 01:15:00,22.176974206076853,59.41715956223606,63.78151260504202,26.945718072660803,66.38731131800951,882.8694008576164,72.36233776452602,52.22736851365882
2025-06-25 01:30:00,21.730861845572793,59.37776727289208,63.78151260504202,26.937993315733344,66.01318245126511,878.5492027924201,72.74914728042053,51.820538817085385
2025-06-25 01:45:00,21.53863481724092,59.289923953285644,63.78151260504202,26.936870466505162,67.7320495321236,877.5099651455739,72.29219451209755,52.42246013719962
2025-06-25 02:00:00,21.58758883633248,59.126357074813804,63.78151260504202,26.91969623717527,67.37364592191507,882.7899200225175,72.75585675997404,52.21171156961427
2025-06-25 02:15:00,21.68098953398079,59.08624405770116,63.78151260504202,26.94599824484671,67.72171108791524,880.9161671949803,72.67779011165702,52.05578333956907
2025-06-25 02:30:00,21.94810659001435,59.04901899624889,63.78151260504202,26.978132846762982,67.83016879392416,877.189547574151,72.51178177945417,52.537797397082095
2025-06-25 02:45:00,21.649021057967243,59.02839713871548,63.78151260504202,26.96519575029563,68.12582463068885,864.0839752972956,73.0240661610238,52.8555569276636
2025-06-25 03:00:00,21.667471635521693,58.83290544764893,63.78151260504202,26.968080653801266,67.81381688184096,870.7017563548433,72.04460165766086,52.53070040557944
2025-06-25 03:15:00,21.77967226886396,58.722995483068956,63.78151260504202,26.93619559832426,67.78284719585389,868.8591976256639,72.47683437193807,52.579456477687934
2025-06-25 03:30:00,21.59694749026603,58.84599924604531,63.78151260504202,26.964034916406984,67.84224241196198,870.6576944793811,72.55510591369236,52.44253863621489
2025-06-25 03:45:00,22.075940150632942,58.96014708639847,63.78151260504202,26.937967933279573,67.71282984344779,870.9596329178446,72.64416194661182,52.74745675127894
2025-06-25 04:00:00,21.946450556847275,58.95366280918833,63.78151260504202,27.01200400241656,67.41524318705184,880.2397007827428,72.52949581726189,52.49933445472418
2025-06-25 04:15:00,21.6323474658739,58.80205960042172,63.78151260504202,26.97571533796095,67.38679589998465,883.0072588302737,72.8953233647252,52.1954638355845
2025-06-25 04:30:00,21.548322927759163,58.82229501074085,63.78151260504202,26.946880422221138,67.52986258190535,874.7985522528628,72.31793571748506,52.0440603755243
2025-06-25 04:45:00,21.62616464400448,58.79231214547878,63.78151260504202,26.950737076767943,67.26131597872873,877.3031635750946,72.22477367122502,51.72598528652377
2025-06-25 05:00:00,21.95058390477411,58.66878574324432,63.78151260504202,26.92883610378647,67.6056027946494,868.7766571152334,72.53420634485065,51.45742647345128
2025-06-25 05:15:00,22.12900181258822,58.6148125013521,63.78151260504202,26.96144042057043,67.3579628221946,872.8758181857431,72.69248488332357,51.39758825029709
2025-06-25 05:30:00,22.042631058017257,58.57940473074262,63.78151260504202,26.95095294244248,65.50596906023013,870.8149496416116,71.76460087450477,51.20346327023758
2025-06-25 05:45:00,21.89305518163945,58.62919250449079,63.78151260504202,26.94324030685346,65.52554762251351,868.4771623717686,72.02719521786943,51.27931189060257
2025-06-25 06:00:00,21.987887047314338,58.566864302839704,63.78151260504202,26.86053282732948,65.75627697685076,869.9414054174475,71.91540697593055,51.334558719993204
2025-06-25 06:15:00,21.60151975691789,58.616823410254746,63.78151260504202,26.83498667572436,65.92273262071808,864.3611146705138,72.42178457495422,51.1338647416447
2025-06-25 06:30:00,21.796902260947263,58.655877188830175,63.78151260504202,26.861005049122532,65.90162033750181,863.1455099426084,72.49876650819509,51.253101763418016
2025-06-25 06:45:00,22.033935892057695,58.625129463335846,63.78151260504202,26.909561371137745,65.68854497415906,866.9346172845171,72.92792225813591,51.39566221040532
2025-06-25 07:00:00,21.77624909850371,58.77676430484139,63.78151260504202,26.929217356482393,65.66686894314086,871.7540003496879,72.43814492101141,50.94843300056891
2025-06-25 07:15:00,21.796780092028275,58.68522802962637,63.78151260504202,26.908504262474022,65.56203872480677,864.6615841069902,72.24007084313692,51.06585951606878
2025-06-25 07:30:00,21.516271855979177,58.600001297628204,63.78151260504202,26.946018121270843,65.86467808812698,869.1812359828297,72.6022887665064,51.05309709626694
2025-06-25 07:45:00,21.0122995698313,58.72162756553259,63.78151260504202,26.98272875352781,65.78793317404198,870.1083411337468,72.64464322111802,50.93460150557394
2025-06-25 08:00:00,21.15963094225776,58.761085373350234,63.78151260504202,26.954443602003472,65.97963612244102,875.5047965870283,72.53814832116089,50.71798829101509
2025-06-25 08:15:00,21.126246742423362,58.79648536237736,63.78151260504202,26.953512950037656,66.16036154439618,872.044153125549,72.68911726001082,50.46221374572051
2025-06-25 08:30:00,21.044821516821255,58.739256109610054,63.78151260504202,27.050713376162953,65.77842852694941,873.7428640236093,72.55436031303509,50.37614068354346
2025-06-25 08:45:00,20.744018767535913,58.642156067469344,63.78151260504202,27.143555275840505,65.56702439985291,876.7264393311424,72.99015765992469,50.149557834285055
2025-06-25 09:00:00,20.59541984042621,58.64563112105138,63.78151260504202,27.16104229886017,67.30000237911695,882.317602596649,72.8502380451525,50.49243725272781
2025-06-25 09:15:00,20.477541629535505,58.64430994914154,63.78151260504202,27.188994023713338,67.5588433133063,884.9239675058866,72.6896000844181,50.89169648166377
2025-06-25 09:30:00,20.786330079912716,58.504832985375195,63.78151260504202,27.2736581174603,67.54667587048779,879.4645032765077,72.66761895018684,50.89038591479535
2025-06-25 09:45:00,20.857458598885206,58.50991850564417,63.78151260504202,27.29856585141652,67.87723820477447,877.7070138992593,72.27110705297684,51.02903243389942
2025-06-25 10:00:00,20.860264946625072,58.49116542788002,63.78151260504202,27.29381405886199,67.80522051971822,883.8400197624113,72.43852597185925,50.57935041016991
2025-06-25 10:15:00,20.966979212373186,58.45637447051101,63.78151260504202,27.3405471435382,67.94936109757397,882.2145419475319,72.80621880299017,50.4154354666521
2025-06-25 10:30:00,20.907520227346172,58.460590765074514,63.78151260504202,27.366039985144013,67.97701369977781,875.2589932332253,72.59770064185463,50.950195264234594
2025-06-25 10:45:00,21.0060199421962,58.53493075227041,63.78151260504202,27.41137423512095,67.78336074534344,865.9811332729722,73.02748858742453,51.09061856744439
2025-06-25 11:00:00,21.33701836584122,58.56859464744989,63.78151260504202,27.39330801073905,67.79011813953528,872.1648088843613,72.8359002424257,51.847875388086806
2025-06-25 11:15:00,21.40006659803174,58.657549136642714,63.78151260504202,27.447204860320635,67.9409588447428,877.9720820794364,73.20062459864074,51.73718642024291
2025-06-25 11:30:00,21.335932828749158,58.760719149272326,63.78151260504202,27.459579247767053,68.38636860899265,880.1221756980882,72.84287950237238,51.5256414270584
2025-06-25 11:45:00,21.361005977990487,58.89155516178542,63.78151260504202,27.46839518762475,68.63241162645518,878.0428694843138,73.2121697027283,51.373246525218065
2025-06-25 12:00:00,21.347809461329827,58.94168028951935,63.78151260504202,27.50507575032016,69.00545613938476,878.888884282955,72.60385128775881,51.37463045155125
2025-06-25 12:15:00,21.02483075985765,58.96045099982585,63.78151260504202,27.516587042176507,68.68610736929755,887.0496801359423,72.72194083740149,51.405877293317175
2025-06-25 12:30:00,20.768228785668924,58.918563315968974,63.78151260504202,27.524142241832056,67.46107429063836,883.6470691771656,73.52852059407321,51.48730741367469
2025-06-25 12:45:00,21.082698921152115,59.025462177806155,63.78151260504202,27.570204702515483,67.65993422123077,876.5453592945585,72.93537155014774,51.49638374897973
2025-06-25 13:00:00,21.08431345139973,59.06253642589525,63.78151260504202,27.545855760332298,67.87019457240875,879.92667486485,72.5464164706774,51.352156971073
2025-06-25 13:15:00,21.006305582987878,58.97658606848972,63.78151260504202,27.557983148142345,67.94940477186307,876.4031295447335,73.35829901211213,51.13262106512855
2025-06-25 13:30:00,20.771710063932378,58.747796075102244,63.78151260504202,27.5653025792505,68.1303719139104,868.5134826880033,73.53475792291748,50.99150449875866
2025-06-25 13:45:00,20.563284045779625,58.848914141338774,63.78151260504202,27.513143432787977,68.50587362507471,863.0319143402883,72.87672080699429,50.766130262224365
2025-06-25 14:00:00,20.51268343947376,58.91790592751575,63.78151260504202,27.50711883035756,68.85797805788415,864.0750605143775,73.56819133063095,50.64221111716057
2025-06-25 14:15:00,20.53703937428587,59.03465127621506,63.78151260504202,27.511799857124934,69.12202623260059,863.1236204260239,73.42898428126443,50.82808061893672
2025-06-25 14:30:00,20.535771267089743,59.00620708076148,63.78151260504202,27.584251289777445,69.13019029856665,869.2470284816582,73.11254391181829,51.06137916158164
2025-06-25 14:45:00,20.481119851648053,58.953300792174836,63.78151260504202,27.635684386995482,69.10588919705037,866.9440619508904,73.31970303119736,50.78208637939143
2025-06-25 15:00:00,20.371787945910395,58.925018446797175,63.78151260504202,27.660983454644597,69.59842526807212,866.5568918281763,73.40428444697504,50.71241678809759
2025-06-25 15:15:00,20.46729758078075,58.97294784376759,63.78151260504202,27.66834183950858,69.68877339460802,858.1237090642194,74.10920578294123,50.69681444886346
2025-06-25 15:30:00,20.632423455908103,59.012755971669215,63.78151260504202,27.65629258277348,69.68146916118604,863.2541849178605,74.30410444116012,50.14839219366704
2025-06-25 15:45:00,20.671930925270345,58.873370570647054,63.78151260504202,27.69003898330796,69.56620206960659,864.9256589630211,73.36359738166755,50.26677570874595
2025-06-25 16:00:00,20.51317336891203,58.93965006331886,63.78151260504202,27.74011068034723,71.5381133663061,861.2196967523112,73.50505980061209,50.66887785109095
2025-06-25 16:15:00,20.867162541115484,58.84422543934057,63.78151260504202,27.75416131859255,71.97670559801627,859.0340748976907,73.85288035427816,50.71950557392427
2025-06-25 16:30:00,20.986248655744593,58.89418539634776,63.78151260504202,27.7549662693443,72.01713287267607,861.7582414518959,73.6037781653708,50.819970008933254
2025-06-25 16:45:00,20.927237755205926,58.95694098016833,63.78151260504202,27.750164020281087,71.90845862365812,858.808322708522,73.27024179678544,50.894933838111015
2025-06-25 17:00:00,20.95841442737184,59.075355862881736,63.78151260504202,27.74898182353528,71.73866452323043,858.942775925703,74.10832189647982,50.75098488030673
2025-06-25 17:15:00,21.107193560969726,59.01060779600156,63.78151260504202,27.76868239323814,71.57944560772026,860.2589851026582,73.4833958898795,50.76105148268459
2025-06-25 17:30:00,21.143378020705043,59.13302446086679,63.78151260504202,27.775266848880197,71.38695881584502,854.3095358320602,73.38548411178937,50.959341582741175
2025-06-25 17:45:00,21.340360101792147,59.02732449508556,63.78151260504202,27.79104413878582,71.32920304515862,857.0429291651159,73.25643176958025,50.83151894085804
2025-06-25 18:00:00,20.926619080534923,58.90070137034935,63.78151260504202,27.82690616486562,71.32063244404334,858.4140917225702,73.28486656395019,50.13572400395754
2025-06-25 18:15:00,21.14445653249899,58.842055022189285,63.78151260504202,27.85688248055776,70.9870125706767,860.6783883500334,73.2694397089532,50.67572138087265
2025-06-25 18:30:00,21.354422837197667,58.81472843506802,63.78151260504202,27.943227295801524,70.89601138911205,863.8257867976473,73.86619198425112,50.74956171899498
2025-06-25 18:45:00,21.66553860722164,58.79875645988353,63.78151260504202,27.904988812740605,71.06416488436615,860.9971647751803,73.69969298887179,50.52522597674738
2025-06-25 19:00:00,21.792351630066737,58.7083353815834,63.78151260504202,27.92917336161268,70.83522150517298,868.0755522820857,73.44596722292033,50.41346545797496
2025-06-25 19:15:00,21.708194689902562,58.66426255617049,63.78151260504202,27.90985380508491,70.47687226644518,865.9478960533935,72.98745295028931,50.3047127242968
2025-06-25 19:30:00,21.17991825160439,58.60252739346043,63.78151260504202,27.85714341598799,70.40369044494365,857.2873269497923,73.55826203393441,50.27901181014076
2025-06-25 19:45:00,21.066720760568664,58.57831189242707,63.78151260504202,27.87356639454982,68.35852367788247,852.7705355079279,73.05570628353783,50.166435098199536
2025-06-25 20:00:00,21.25805480485255,58.58656740002136,63.78151260504202,27.879807459340288,68.02401442619598,859.2905987140173,72.87445237855857,50.28487141684476
2025-06-25 20:15:00,21.413616552844264,58.50395791180533,63.78151260504202,27.829321866200434,68.1076519331774,859.8382414779296,72.9835635261319,50.11236857185627
2025-06-25 20:30:00,21.17493803463326,58.40697827978409,63.78151260504202,27.83835100461243,68.20085199911391,862.8847392638717,73.37617668878501,49.9820318548956
2025-06-25 20:45:00,21.254986329778248,58.40875141245839,63.78151260504202,27.715887190771173,68.01545689516023,858.0831907561388,73.5980959563799,49.917273027801954
2025-06-25 21:00:00,21.093250537421223,58.43630897887266,63.78151260504202,27.70104957091236,68.11301551805893,866.8330300483645,73.47214344648606,50.32497794373443
2025-06-25 21:15:00,20.853421571786008,58.45420330072695,63.78151260504202,27.66364786654904,67.97185280049533,867.4916268787863,73.60286200496401,50.381857032329826
2025-06-25 21:30:00,21.152779011351747,58.463780336493144,63.78151260504202,27.663987314093045,67.76205659329189,870.2944607965202,72.90289700017965,50.246662391175136
2025-06-25 21:45:00,21.40923658104609,58.32459117601487,63.78151260504202,27.743791887774773,67.44270839211264,864.4867513497448,72.96179534846625,49.94791037846966
2025-06-25 22:00:00,21.525897828372702,58.22663487916532,63.78151260504202,27.700781032568038,67.45962702382573,873.1983273296148,73.71172251643168,49.855380822621036
2025-06-25 22:15:00,21.37585212350625,58.31809199878826,63.78151260504202,27.642677893682993,67.4853939663104,861.8048347250592,73.73108872345334,50.22762545829906
2025-06-25 22:30:00,21.569544926273984,58.17628648584631,63.78151260504202,27.584161750415905,67.3929108926273,848.8114243602,73.41235828136648,50.26950873480038
2025-06-25 22:45:00,21.98804048658748,58.22462578356759,63.78151260504202,27.533129144620226,67.62391529096689,851.2359337688086,72.69275117979947,50.24713309222404
2025-06-25 23:00:00,22.24774391926268,58.10265745998016,63.78151260504202,27.50519426673465,67.49577275213329,852.2601397394017,72.65647849726498,50.85477445759469
2025-06-25 23:15:00,22.416278672611735,58.00375762264398,63.78151260504202,27.492556191054923,69.31100737339908,847.818372425013,71.81251607555373,50.9943849579005
2025-06-25 23:30:00,22.57161081187195,58.058032262326606,63.78151260504202,27.456342911690307,69.32921621354603,844.4523971378878,72.56773050746962,50.93759127269175
2025-06-25 23:45:00,22.41326445023237,58.044478489628396,63.78151260504202,27.48789392054782,69.36515617747058,847.6468188114892,72.43748874495111,51.0836516963064
2025-06-26 00:00:00,22.34886940684321,57.91061306796699,63.78151260504202,27.50949944297094,69.50090380100441,847.210114989679,72.5392666583558,51.265047346336466
2025-06-26 00:15:00,22.64575462101099,57.905354445095696,63.78151260504202,27.465626668859052,69.51250810996461,851.9648571373748,72.87749803931197,51.335016706771384
2025-06-26 00:30:00,22.573886434893005,57.76873698375039,63.78151260504202,27.512591100529352,69.3205777531519,854.1882799724656,72.07619231607059,51.009638651050544
2025-06-26 00:45:00,22.708461217726814,57.86865827644945,63.78151260504202,27.54415809204442,68.98629432144605,862.3812446300044,72.2887515213976,50.70706313680667
2025-06-26 01:00:00,22.718447506841155,57.860217257654696,63.78151260504202,27.512421967282634,68.79473848618086,861.3382336856566,72.13615657224628,50.66861497017036
2025-06-26 01:15:00,22.457834959114063,57.77461545395777,63.78151260504202,27.4371041848223,68.7829332809348,855.5230514877918,72.23705523718735,50.958192582896835
2025-06-26 01:30:00,22.203313741253996,57.690839561080395,63.78151260504202,27.407491439894436,68.83410344423032,852.4616395277978,72.26738561679369,50.9801389405669
2025-06-26 01:45:00,22.106079350666196,57.620149040614365,63.78151260504202,27.396964713975485,68.62436841038942,841.8141213993711,71.83521480280902,51.12260962419483
2025-06-26 02:00:00,22.299620349673926,57.65729086932421,63.78151260504202,27.42770360370584,68.50684615940658,839.009650260952,72.55262879418322,51.30561115103438
2025-06-26 02:15:00,22.3570292518288,57.67684791863164,63.78151260504202,27.370608683970893,68.54728381557213,845.5039184470925,72.37357713957512,51.375883545288616
2025-06-26 02:30:00,22.24080196520518,57.632673195103784,63.78151260504202,27.34734015587485,68.57715040655765,847.230908401502,72.02143447439884,51.307488249446095
2025-06-26 02:45:00,21.94381801350828,57.57671509097567,63.78151260504202,27.35292259529241,66.70974279228861,845.1957026229135,72.12559207916452,50.9817918278425
2025-06-26 03:00:00,21.790066170199246,57.51689504593891,63.78151260504202,27.35709299226798,66.96657612137773,844.1948244070433,71.8976446020662,50.912221866215845
2025-06-26 03:15:00,21.955598113398207,57.52170544567034,63.78151260504202,27.300289580610368,66.89061045840604,841.3907913520313,72.5034820295801,50.94270207792689
2025-06-26 03:30:00,22.07363434797326,57.392708248709944,63.78151260504202,27.344572430679357,66.84839450095156,838.7776404090309,72.18931968615418,50.64875698491183
2025-06-26 03:45:00,22.215572928515822,57.294132071406175,63.78151260504202,27.376715376936794,66.54392466065248,846.496616011994,71.87211402172606,50.48342768027229
2025-06-26 04:00:00,22.297023402691238,57.39658587394219,63.78151260504202,27.359552260015327,66.73633407257833,845.4426778828235,72.10734815364762,50.3688898367183
2025-06-26 04:15:00,22.33943355277525,57.291124262643784,63.78151260504202,27.41597001320858,66.83181619324847,847.9391748024442,72.11039244583945,50.36422254602387
2025-06-26 04:30:00,22.159174203559058,57.27592111415956,63.78151260504202,27.39476508579814,67.15392101614408,843.2958280273182,72.15225490999428,50.66404691362987
2025-06-26 04:45:00,22.28341964012026,57.26798345755168,63.78151260504202,27.35334015105283,66.74494076567261,843.6383741897699,72.77009600345653,50.90390781517057
2025-06-26 05:00:00,22.49538185877432,57.27339178195544,63.78151260504202,27.3831787222054,66.47113004751019,849.1739831174211,72.14776414784839,51.32314624394394
2025-06-26 05:15:00,22.49504204211339,57.30368870275271,63.78151260504202,27.400232958290488,66.41417396762968,849.2157358764464,72.17025623295902,51.312816276521374
2025-06-26 05:30:00,22.360561410431153,57.26199094287689,63.78151260504202,27.33697319876867,66.17270936836066,850.3105425413139,71.73387022045056,51.0616568330427
2025-06-26 05:45:00,22.441660981334064,57.32363223261051,63.78151260504202,27.316597568484763,66.30688308100392,848.5917121972627,72.08009969015951,51.0061557431849
2025-06-26 06:00:00,22.14908001517159,57.30424382075705,63.78151260504202,27.335680572321362,66.09196779815022,844.3053847789474,71.92128874573405,50.542078879975826
2025-06-26 06:15:00,22.29134313765884,57.38414124311405,63.78151260504202,27.377129360696124,68.28236223480646,850.351579635494,71.96802716177524,50.65041565312259
2025-06-26 06:30:00,22.039347101839553,57.29821147135576,63.78151260504202,27.375579945676993,68.10454267232694,849.3280591911938,72.1448291536613,50.4517777164093
2025-06-26 06:45:00,22.014198943439247,57.277238020948985,63.78151260504202,27.37267021748156,68.07637524895479,854.1457288249187,71.88031666697906,50.38340001626857
2025-06-26 07:00:00,21.70105348131955,57.07485224712035,63.78151260504202,27.313959864480832,68.28401219818096,844.7462376365623,72.67551552890592,50.340375048761025
2025-06-26 07:15:00,21.801735299325326,57.11040481192125,63.78151260504202,27.330631031094985,68.41900732635251,845.342526978138,72.39771426827325,49.8826737145583
2025-06-26 07:30:00,21.71090239547945,57.25851901298227,63.78151260504202,27.32580172177824,68.35711403188459,846.4955598105003,72.47036895076208,49.887201466709854
2025-06-26 07:45:00,21.22558246736178,57.251302467388754,63.78151260504202,27.321278077606845,68.34420307577369,837.3240272297784,72.35390225643077,49.68485181599442
2025-06-26 08:00:00,21.098838064612803,57.33728269192474,63.78151260504202,27.301562462858392,68.34468180617893,837.6007203827013,71.81403064612529,49.56354045074475
2025-06-26 08:15:00,21.091459364459958,57.294186985927276,63.78151260504202,27.307253115050507,68.03793941980732,836.785221162414,72.09250147275847,49.53621128573053
2025-06-26 08:30:00,21.191907150284848,57.287137258328144,63.78151260504202,27.354926012705665,68.03867499201647,836.9014630069136,72.1452855828278,49.7145967613209
2025-06-26 08:45:00,20.921349388688306,57.16154890240079,63.78151260504202,27.376283046193166,68.00096103523903,831.5473974284628,71.97984075221808,49.99038277981967
2025-06-26 09:00:00,20.729430949652553,57.14237697727491,63.78151260504202,27.413315940318107,67.76412610603658,830.7342539594133,71.67389510950044,50.05102099907403
2025-06-26 09:15:00,20.643327408567604,57.14436744453856,63.78151260504202,27.35319587128922,67.80920668611797,828.9818257512391,72.10630613711518,50.236092580532734
2025-06-26 09:30:00,20.63550579194399,57.150081189107375,63.78151260504202,27.42390237953875,68.45730896994559,829.2533041099543,71.82558786025638,50.147041225972316
2025-06-26 09:45:00,20.452714035491255,57.25867024873881,63.78151260504202,27.442979258161998,68.42722954855115,843.3113385731519,72.5518296816221,49.849702615101066
2025-06-26 10:00:00,20.70159729323842,57.38907743857015,63.78151260504202,27.434267959875395,66.3832639734055,843.3141157776273,73.01643729802508,50.126675956395296
2025-06-26 10:15:00,20.83801110734115,57.421630618476335,63.78151260504202,27.452878039192896,66.42463834802196,841.5329926964287,72.56917049696075,50.05238515100151
2025-06-26 10:30:00,20.574728407851374,57.4990912218675,63.78151260504202,27.447837616331505,66.69555290806193,843.2467340202073,73.10058940260923,49.924110761599835
2025-06-26 10:45:00,20.984537937828968,57.544005865609485,63.78151260504202,27.45499111040716,66.57860068177457,846.6865120043506,72.90522331219705,49.92178417638865
2025-06-26 11:00:00,21.468435774766174,57.551280145488576,63.78151260504202,27.510779035327086,66.79103185077089,847.1216119781286,72.97090585477329,49.89623690914443
2025-06-26 11:15:00,21.604003320197524,57.61327912656414,63.78151260504202,27.467666345526737,66.65223268551304,839.6524924622094,73.21854725255152,49.948880641249566
2025-06-26 11:30:00,21.63251120715527,57.62318452336875,63.78151260504202,27.491380458781215,66.44767161968632,846.8695380676407,72.6193423345075,49.84723891262334
2025-06-26 11:45:00,21.630371792229234,57.66907031354018,63.78151260504202,27.469718653044982,66.75000537315952,850.6552968036984,72.84498369214054,49.878716657201586
2025-06-26 12:00:00,21.692590027748444,57.75759999332351,63.78151260504202,27.515492923205933,66.46887496486981,850.45985161949,72.81362789582712,49.493640572443304
2025-06-26 12:15:00,21.75333593509341,57.66820982661098,63.78151260504202,27.57565197895627,66.50109623704344,852.3198079231902,72.89303525413997,49.61313861367367
2025-06-26 12:30:00,21.705460219682795,57.743760270671444,63.78151260504202,27.57295193886019,66.55745899557225,850.2216348332759,73.0986721163128,49.62865264617114
2025-06-26 12:45:00,21.804129608025917,57.64763380531477,63.78151260504202,27.598901069317538,66.56876279911383,855.8503124505202,72.86775093344875,49.73550582205964
2025-06-26 13:00:00,21.621671607220616,57.68044925389142,63.78151260504202,27.587644957562915,66.5359648401798,853.5895837576851,72.84413401846362,49.741334157891586
2025-06-26 13:15:00,21.393445359416,57.763811894571646,63.78151260504202,27.659141802865772,66.15895069173051,852.2347504570188,72.63153958037927,49.60915360099148
2025-06-26 13:30:00,21.160176912622763,57.8005438784321,63.78151260504202,27.707370748286472,68.15258915614857,854.3490060849806,72.60291993186536,50.06621940537395
2025-06-26 13:45:00,21.02876816116807,57.85203249761826,63.78151260504202,27.787729114098283,68.0570714509717,840.1071931137756,72.76931784352077,50.34923171479369
2025-06-26 14:00:00,20.857142538780753,57.8616863023257,63.78151260504202,27.748179259625175,68.07522451459803,833.1218605920687,73.04213705758397,50.5203853120232
2025-06-26 14:15:00,20.868209486071052,57.957120428402725,63.78151260504202,27.689973398267547,68.10905651361092,832.6618059492708,72.28633998940127,50.95417299563879
2025-06-26 14:30:00,20.35466757864914,57.95219641096746,63.78151260504202,27.65623581120699,68.43670962090462,826.4402614041388,73.19742613365386,51.10120671402141
2025-06-26 14:45:00,20.305191632459493,58.02062375449753,63.78151260504202,27.655781756643087,68.35704374020568,830.711540959057,72.29353182420672,50.718756098509665
2025-06-26 15:00:00,20.175429078445045,58.017398038927425,63.78151260504202,27.656624041624756,68.43780451088138,836.9331922849772,73.0693121412395,50.78034531871299
2025-06-26 15:15:00,20.18664517523926,58.12468237305689,63.78151260504202,27.639545851208506,68.45436974836647,831.6665378087503,72.6447659845405,50.64123874318562
2025-06-26 15:30:00,20.14961107442038,58.145001954819705,63.78151260504202,27.67533921083238,68.72396718103354,833.8632953419277,73.30881729195906,50.85811344814628
2025-06-26 15:45:00,20.32866574083392,58.226781495326215,63.78151260504202,27.663352016393087,68.72770195022323,835.940439625018,73.046130541476,51.0928032421728
2025-06-26 16:00:00,20.53832514768147,58.287811463392714,63.78151260504202,27.65615191474127,68.87529317941657,841.2173728758703,72.14674052976254,50.74721059827335
2025-06-26 16:15:00,20.62107176402063,58.32887394113394,63.78151260504202,27.63636685044509,68.61076029613169,845.8376961259765,72.79953864884642,50.354706391325806
2025-06-26 16:30:00,20.764845413210452,58.311550769289994,63.78151260504202,27.673298658771888,68.92546545735887,842.2596294794631,73.55504999428818,50.37824205398985
2025-06-26 16:45:00,20.647016782303147,58.36722556824194,63.78151260504202,27.70609300354655,68.95908587060364,843.386709586645,72.93813146519817,50.19246149551948
2025-06-26 17:00:00,21.04322623646573,58.41491375792821,63.78151260504202,27.658073306204727,67.16524894359233,845.4311885418132,72.65368812659256,50.01459857468578
2025-06-26 17:15:00,21.709599833452327,58.44974204861785,63.78151260504202,27.60914669109381,67.17347859403597,836.1464051839558,73.01305412252482,50.091036290939854
2025-06-26 17:30:00,21.600206365067386,58.59276981594007,63.78151260504202,27.581638797143306,67.19604056841823,838.2170398192599,73.20855820895447,49.905666493135584
2025-06-26 17:45:00,21.29511582733747,58.350017223747045,63.78151260504202,27.587136448906733,66.99610139572583,829.2117059089946,73.27763110023781,49.938282306650216
2025-06-26 18:00:00,21.3912036477629,58.34943192516182,63.78151260504202,27.600405898068917,67.2983091140296,826.3052116997325,73.01714347788513,49.73811925684871
2025-06-26 18:15:00,21.500232528244243,58.399620252133985,63.78151260504202,27.633119646636647,67.35809210824321,838.2943940370563,72.93880637713495,49.80455692717863
2025-06-26 18:30:00,21.95300107496118,58.471005526458185,63.78151260504202,27.67633437997443,67.53276479170286,837.5562705836788,72.60754707834954,49.72773206780413
2025-06-26 18:45:00,21.935931463790364,58.51871185767941,63.78151260504202,27.691906409017903,67.66123638503741,832.9139801440056,73.3205994980508,49.83126078814609
2025-06-26 19:00:00,21.755657435947132,58.373503084639275,63.78151260504202,27.67169784242959,67.53464430664565,835.7747373513167,72.8094012215406,49.27414032275195
2025-06-26 19:15:00,21.76157698607211,58.4421494896368,63.78151260504202,27.656617623443445,67.59833608646777,837.8199473546803,73.27746274393178,49.09171414915038
2025-06-26 19:30:00,21.661099864637123,58.32583944050566,63.78151260504202,27.6380567869717,67.91916901391686,838.5195920964544,73.65327603991672,49.30434792754243
2025-06-26 19:45:00,21.65741945718789,58.22826231528925,63.78151260504202,27.62983952715727,67.76270346145921,833.9657916571509,73.07894298853827,49.346718315538865
2025-06-26 20:00:00,21.41202261532784,58.329114585916855,63.78151260504202,27.72821289917744,67.56989171531922,838.7805692236992,73.13338936992247,49.28791147728245
2025-06-26 20:15:00,21.28222360584907,58.287012760316635,63.78151260504202,27.72414258780075,67.68210972193872,834.6749317089159,73.83191994215167,49.223589092136656
2025-06-26 20:30:00,21.47402647985892,58.297450504354806,63.78151260504202,27.714815626788585,67.91010573054723,834.3653582935221,73.27915766675514,49.316619135593164
2025-06-26 20:45:00,21.440870948623488,58.25777714680684,63.78151260504202,27.685004196837394,69.575477103429,837.7925835340826,72.74083701709421,49.96710638984634
2025-06-26 21:00:00,21.264204454956708,58.216147313647596,63.78151260504202,27.67352621477085,69.86350344352458,840.151789674866,72.71794916728656,49.65922570416898
2025-06-26 21:15:00,21.3330080903228,58.144901051165576,63.78151260504202,27.63481563491712,69.86772273864283,839.1691662843089,72.92088782431851,49.5412888398546
2025-06-26 21:30:00,21.61431229110772,58.17530593018621,63.78151260504202,27.64502256955302,69.92335921590872,836.9147856667996,72.63303934495957,49.67232078031515
2025-06-26 21:45:00,21.836935261364964,58.15290919409139,63.78151260504202,27.57639483466594,69.53737057616226,840.5227777299555,72.9379753127254,49.73397629135217
2025-06-26 22:00:00,21.928599830931333,58.03441259934878,63.78151260504202,27.582800180767364,69.28507903704094,832.8651113960519,72.42650668344285,49.453342356086466
2025-06-26 22:15:00,21.98195023903597,57.9466024003943,63.78151260504202,27.556981396542238,69.32197017432865,835.1829619537467,72.16820727761952,49.73181743549127
2025-06-26 22:30:00,21.995902103845424,58.09445828756139,63.78151260504202,27.613987980875077,69.22820644220418,831.4878659070806,72.50952229254935,49.571812205467126
2025-06-26 22:45:00,22.04108102450061,57.97683408709666,63.78151260504202,27.581615639576945,69.08815806829338,834.606383883239,72.60965419344332,49.549546996746855
2025-06-26 23:00:00,22.577516167318038,58.03684649248626,63.78151260504202,27.584740567510718,68.86070231732069,838.1316112172382,72.67675280612282,49.69857102958469
2025-06-26 23:15:00,22.708868601870186,58.022626414417715,63.78151260504202,27.539821441064102,69.12512066221537,835.3610500186019,72.65025857979936,50.13382581076378
2025-06-26 23:30:00,22.76970231844233,57.87578011898553,63.78151260504202,27.49731983015859,68.90557888192579,839.5133057863438,72.7428806985495,49.91674778114608
2025-06-26 23:45:00,22.784560701337895,57.8381741876198,63.78151260504202,27.51211722037015,68.98700116714637,843.2341229851637,72.57217896891768,49.69042757368361
2025-06-27 00:00:00,22.781031636312726,57.91280619486632,63.78151260504202,27.482733581227226,69.133474895422,842.2854213830038,71.91786379725859,49.90000211356561
2025-06-27 00:15:00,22.77770355919851,57.895645116375746,63.78151260504202,27.506425670608117,67.25250465501271,839.4201316734298,72.1446574647383,50.02396809268213
2025-06-27 00:30:00,22.646415381128058,57.837093449246225,63.78151260504202,27.508147610426327,67.34994751588215,838.166092693683,72.60352683944936,49.83194958905139
2025-06-27 00:45:00,22.72296111089846,57.727724573178065,63.78151260504202,27.52212034917783,67.07156135552636,843.2222924273512,72.07404165650861,49.769459854213125
2025-06-27 01:00:00,22.553352614147258,57.67268721564816,63.78151260504202,27.511328959951108,67.1410243745133,845.2156700374708,72.15443256961093,49.82461270910133
2025-06-27 01:15:00,22.486210921626615,57.64962478635603,63.78151260504202,27.562567782698043,67.49481974098371,848.0190493159029,72.51658615758906,49.90967516793618
2025-06-27 01:30:00,22.253777371429244,57.73743050355256,63.78151260504202,27.576777355269957,67.58204915615423,844.1654467281521,72.00815300689106,50.151793453657326
2025-06-27 01:45:00,22.099508159904712,57.66113707956421,63.78151260504202,27.59119951639476,67.19672129586998,842.1192514760605,72.58992011606801,49.80649611053107
2025-06-27 02:00:00,22.097232836776872,57.78071920143287,63.78151260504202,27.578603317348264,67.1277220567572,835.3692864013943,72.15460617221311,49.79837074796837
2025-06-27 02:15:00,22.12897375904533,57.67683160537608,63.78151260504202,27.59821036953047,67.13429863229959,842.3267482875035,71.77660189828941,49.53081377854273
2025-06-27 02:30:00,22.03905176261104,57.646698774900415,63.78151260504202,27.558599252343896,66.74669210114376,840.8743039900356,71.62749819890232,49.55054019553373
2025-06-27 02:45:00,22.020567990803002,57.76566185361791,63.78151260504202,27.521140733512677,66.61794494943645,846.7624556584661,72.16487534971925,49.729047028377394
2025-06-27 03:00:00,21.82658752547115,57.76856177487688,63.78151260504202,27.53729425783078,66.62865037072338,836.203658454622,71.91541458815377,49.77019068530888
2025-06-27 03:15:00,21.846523495882845,57.877078943399134,63.78151260504202,27.565733507124946,66.81964472081525,830.6114833554451,72.2769710015893,49.500288185943994
2025-06-27 03:30:00,21.890869406278128,57.74633167649637,63.78151260504202,27.585856144955788,66.95928223319493,833.2404916713443,71.78347289363172,49.391893915043056
2025-06-27 03:45:00,21.928918459536963,57.64779557897215,63.78151260504202,27.61390265223004,68.67704806896398,837.4411655080105,71.47252109213892,50.034360895847286
2025-06-27 04:00:00,22.185428858776717,57.68833812843477,63.78151260504202,27.587746093338644,68.81680738160291,844.8709963081873,71.61430541199681,50.15064057780128
2025-06-27 04:15:00,22.10313671861487,57.690455765260765,63.78151260504202,27.61436129622503,68.88305845012141,842.9057242309408,71.79275028047739,50.35289726371949
2025-06-27 04:30:00,22.064352346064695,57.72998356032118,63.78151260504202,27.656967573571155,68.81594740044818,835.936354311805,72.16305998483354,50.55614805032254
2025-06-27 04:45:00,22.322341664730843,57.76909231817298,63.78151260504202,27.627028724324255,68.59577364695906,838.1851554879064,71.7521204206598,50.32360086785953
2025-06-27 05:00:00,22.54835174748367,57.66142281636797,63.78151260504202,27.5889982111111,68.50433120873677,832.8382241032948,71.77778081661813,50.42579653065799
2025-06-27 05:15:00,22.781937055534115,57.69589715324255,63.78151260504202,27.512774517814876,68.5913956408686,830.8212366673243,72.1710812473661,50.379206858663736
2025-06-27 05:30:00,22.327893843918734,57.62584745052643,63.78151260504202,27.52384078551019,68.40436551680345,846.740614134423,72.44529557822796,50.04482184986746
2025-06-27 05:45:00,22.216909721749214,57.609530904965546,63.78151260504202,27.55833312998782,68.09064187267178,847.7750283328782,71.4434320845996,50.014355227280696
2025-06-27 06:00:00,22.067928029773636,57.57117568550662,63.78151260504202,27.555417346465898,68.08731579148898,842.6463450189416,71.84639217111473,50.10071072145603
2025-06-27 06:15:00,21.844199427516145,57.56618273836056,63.78151260504202,27.55986648118194,68.48643554119417,850.5282033281811,71.70770487814276,50.43651544679847
2025-06-27 06:30:00,22.202817460939276,57.535790596538654,63.78151260504202,27.628746840087427,68.27852995858589,848.3306462012982,71.97472373663703,50.61558701824526
2025-06-27 06:45:00,22.247753643962668,57.506302766620855,63.78151260504202,27.603000006114165,68.278561049028,847.5870753169228,72.22933382868963,50.54058051732519
2025-06-27 07:00:00,22.236804989742126,57.57793051368997,63.78151260504202,27.69120512247904,68.1744999940492,836.8548650123705,71.52292014951335,50.602031622438794
2025-06-27 07:15:00,21.83389338263324,57.51337728857463,63.78151260504202,27.668717921944918,66.26738091959517,840.3614394864143,72.33730757808563,50.49385167017931
2025-06-27 07:30:00,21.88670952248831,57.40053698981104,63.78151260504202,27.66559009258248,66.22143259209663,839.7198008585593,71.15157777394052,50.55596581663003
2025-06-27 07:45:00,21.580989170087456,57.43403187033115,63.78151260504202,27.687263350119117,66.50333636322381,829.363240757225,71.85068509747757,50.72161301240449
2025-06-27 08:00:00,21.427007885975243,57.46818790289393,63.78151260504202,27.69032504346592,66.4638506873784,840.5717350580095,71.83283731276823,51.1022890713211
2025-06-27 08:15:00,21.545520892142196,57.46802584145528,63.78151260504202,27.69006179908155,66.56863689025376,842.1603493928636,72.75448907955895,50.56953618488874
2025-06-27 08:30:00,21.334982996230405,57.58591009859868,63.78151260504202,27.708099686465463,66.51517857314204,848.5012869917365,71.3059741402209,49.9699624320581
2025-06-27 08:45:00,21.320382528015337,57.47796119675929,63.78151260504202,27.722032005249098,66.46565497625171,840.6016889522781,72.13576747712632,49.92877465309146
2025-06-27 09:00:00,21.44773465977397,57.54137261840871,63.78151260504202,27.71454199169622,66.32251817840083,832.8106706015175,72.1524626781004,49.95041116149811
2025-06-27 09:15:00,21.406042951410793,57.602228666458984,63.78151260504202,27.73021919532169,66.53797975822533,832.9383304106641,72.92512441792405,49.73199771290622
2025-06-27 09:30:00,21.62796692378833,57.69721026220892,63.78151260504202,27.72317062970811,66.49464275653088,832.9910387581717,71.69815121782719,49.82362539068313
2025-06-27 09:45:00,21.70370960659511,57.61639951076702,63.78151260504202,27.76829901625027,66.45350657383885,841.4947321118675,72.24022766180406,49.983430645469475
2025-06-27 10:00:00,21.857268324305664,57.5832070877211,63.78151260504202,27.740179796805702,66.81988796961632,843.6443025075062,72.28254799699577,50.26901179064538
2025-06-27 10:15:00,21.53197262804206,57.65090567000465,63.78151260504202,27.744007296225814,67.13315875040438,844.4711378122773,72.1521237018414,50.65747819113815
2025-06-27 10:30:00,21.36931265260964,57.798916593118356,63.78151260504202,27.718008824688138,67.374146913671,844.8605812906177,72.26003291990759,51.002839894643884
2025-06-27 10:45:00,21.39341511355493,57.789902562741965,63.78151260504202,27.634777139955627,67.31587176077097,841.9812306563391,72.1884948015761,50.57318438823024
2025-06-27 11:00:00,21.501755074155493,57.78808884663911,63.78151260504202,27.64023637230808,68.86063140030699,842.6641706863386,72.26428229986041,50.51642192697752
2025-06-27 11:15:00,21.659279332100983,57.8292062322413,63.78151260504202,27.63146298990318,68.40687897946485,843.0074056596823,72.25563539176889,50.578853012479875
2025-06-27 11:30:00,21.427917598808126,58.03887755725344,63.78151260504202,27.694832490662563,68.68040190030571,838.3313736454003,72.05612036155561,50.25659932337326
2025-06-27 11:45:00,21.477812133103274,58.1827467293954,63.78151260504202,27.70596801516537,68.82998909877129,837.1590717261503,72.62806321548435,50.17560531206804
2025-06-27 12:00:00,21.33884638098634,58.20519913676338,63.78151260504202,27.697974708947044,68.8102699054302,836.5704234185357,72.42650208079482,50.6334623042772
2025-06-27 12:15:00,21.007321079947843,58.1956863180797,63.78151260504202,27.69294000681187,69.02610092360403,837.0105537412228,72.10980974327245,50.48584717561439
2025-06-27 12:30:00,21.362995133793127,58.19962060026953,63.78151260504202,27.70626248377233,68.97018017886174,834.4214091078863,72.40934055334571,50.870038489596254
2025-06-27 12:45:00,21.32982928825073,58.238871527441546,63.78151260504202,27.694558375946627,69.30848156243992,835.6885962000194,72.80466754262582,50.421496409980676
2025-06-27 13:00:00,21.245129487017994,58.3913844939935,63.78151260504202,27.721622405295914,69.25059444008778,839.1498073476613,71.867645527166,50.018303074049584
2025-06-27 13:15:00,21.07164969060414,58.379974025067334,63.78151260504202,27.7465788176266,69.10551404292173,841.6043342430236,73.07427165582625,49.97713924200732
2025-06-27 13:30:00,20.974201957831347,58.25905536720858,63.78151260504202,27.76600972573273,69.27004278996931,841.2222161012722,72.58656367979849,49.78575341115252
2025-06-27 13:45:00,21.279208373698957,58.22169658693472,63.78151260504202,27.818291391353313,69.21756533299606,840.0203480040022,73.17627356132333,49.83094162291569
2025-06-27 14:00:00,21.118243908191772,58.42847159244892,63.78151260504202,27.861608307449877,69.18543531178426,836.3653679526468,72.85747720405412,49.966066829678965
2025-06-27 14:15:00,21.313290973646524,58.458030952685746,63.78151260504202,27.9486684931301,69.01624519738574,831.3650899272685,72.8595783155766,49.88258040387435
2025-06-27 14:30:00,21.355270673127468,58.423962448502124,63.78151260504202,27.927464683164214,67.44637316459097,833.1488290770134,72.76448354041317,50.05723741549543
2025-06-27 14:45:00,20.97094817809261,58.37993013975507,63.78151260504202,27.902815271076516,67.23841696179332,836.7538516708565,72.78409329801251,49.75184397484064
2025-06-27 15:00:00,20.60078689347,58.378919453079085,63.78151260504202,27.93397319677755,67.36377208559261,843.0664021392274,72.95599026833942,49.57298521811262
2025-06-27 15:15:00,20.64559270931053,58.558794757282335,63.78151260504202,27.93299598111615,67.34721344737648,842.1545585940321,72.75239927229077,49.59936914384986
2025-06-27 15:30:00,20.605852186707327,58.59543013806646,63.78151260504202,27.936336051241334,67.63070143601512,846.2716426337182,72.5239135774853,49.822390666117684
2025-06-27 15:45:00,20.769180027594565,58.51835228370334,63.78151260504202,27.94961387945656,67.37813552917035,847.1798219877487,72.62914304686876,49.57683012424555
2025-06-27 16:00:00,21.155366585593786,58.459887101551864,63.78151260504202,27.90403330863005,67.33702024996911,838.7922736892112,72.58527304608162,49.301984009194975
2025-06-27 16:15:00,20.929318381053655,58.54412875350618,63.78151260504202,27.902654777154197,67.2311584234887,842.0221925649004,72.8745272124042,49.26574636818506
2025-06-27 16:30:00,20.79427866747356,58.50573330204198,63.78151260504202,27.869840392975984,67.5888497203322,847.3994828735662,73.1662894136811,49.45414455428938
2025-06-27 16:45:00,20.910656188816233,58.61385553914607,63.78151260504202,27.793471579265137,67.52541570326657,843.2158253479838,72.76243064087119,49.33573540241619
2025-06-27 17:00:00,21.25857096783398,58.61192195406178,63.78151260504202,27.86035465583462,67.48355263332752,846.369736738861,73.30934886608576,49.36288384926881
2025-06-27 17:15:00,21.631698128525382,58.638658054695775,63.78151260504202,27.858932120395664,67.47021768362995,837.1633843462719,73.17079958750246,49.21348648490189
2025-06-27 17:30:00,21.69381935852394,58.76035203577118,63.78151260504202,27.844187272388933,67.59997184981863,828.9057611261815,73.37211277331059,48.94209547923601
2025-06-27 17:45:00,22.11011383857061,58.75622005940585,63.78151260504202,27.85365131070626,67.61230685400979,840.0508636094492,72.42590208419372,49.107182839779256
2025-06-27 18:00:00,22.059427191908902,58.63397107745555,63.78151260504202,27.866652217884802,69.81341481000015,843.2245239975539,72.70070719286156,48.93993576632947
2025-06-27 18:15:00,21.933842977074978,58.84553856881609,63.78151260504202,27.84958081011871,69.87184178234338,837.2734091013888,72.98659185878019,49.172761283390074
2025-06-27 18:30:00,21.838074302750087,58.869547208532154,63.78151260504202,27.851278950316352,69.55837531966009,844.8504463161951,72.88965265868265,49.142264701083974
2025-06-27 18:45:00,21.837634859839035,58.77693069707998,63.78151260504202,27.80963447952199,69.44348221018389,839.8449850729379,72.91387770187154,49.1022784739208
2025-06-27 19:00:00,21.87597583111133,58.779548769044034,63.78151260504202,27.827829718310127,69.4036938411588,843.2731934625683,72.52003377627337,49.43211970664401
2025-06-27 19:15:00,21.82908848020864,58.82384897941131,63.78151260504202,27.832107784002677,69.56814093356225,835.4181973466302,72.84034730617572,49.75236512123674
2025-06-27 19:30:00,21.452022951092733,58.66914787879726,63.78151260504202,27.811185053545202,69.55533664606263,839.1234535819628,72.23809288954989,50.32623351979987
2025-06-27 19:45:00,21.468102921262098,58.662333253147125,63.78151260504202,27.73832011487217,69.55001642474801,844.1972392749349,72.24233895464118,50.29322681579186
2025-06-27 20:00:00,21.345528067938712,58.6171285662045,63.78151260504202,27.782549050620045,69.78859426075506,837.6664583015715,72.52556146549138,50.34967411209675
2025-06-27 20:15:00,21.3779980818535,58.53891791391895,63.78151260504202,27.869771449235014,69.7849197042532,841.8026210680264,72.62598522204316,50.607699694483074
2025-06-27 20:30:00,21.163974922623556,58.616217928929885,63.78151260504202,27.847580540334437,69.80255388669723,840.0089471161466,72.12387982005019,50.45184545757071
2025-06-27 20:45:00,21.222121676533487,58.64604230559791,63.78151260504202,27.861253992061283,69.79683961173541,842.2827178817715,72.720442030255,50.83882710911499
2025-06-27 21:00:00,21.361145341137316,58.59366731408554,63.78151260504202,27.860223750393885,69.71663227243414,834.8189400036522,72.62494294481118,51.10181003679088
2025-06-27 21:15:00,21.453145800326233,58.481270669576666,63.78151260504202,27.876077173076297,69.58389044820001,837.3442171901254,72.84733510130783,50.97154424752757
2025-06-27 21:30:00,21.731866954075493,58.55603524345985,63.78151260504202,27.829519137231703,68.16096118021512,835.440527826363,71.97852509466477,50.993098090850914
2025-06-27 21:45:00,22.035778047882154,58.458123856739846,63.78151260504202,27.785922930933555,68.48061487312134,834.4365228353203,71.84606061787414,51.196794638681176
2025-06-27 22:00:00,22.144419423835625,58.46262225980712,63.78151260504202,27.807338875631437,68.28626219337406,835.5354875417394,71.83333053836539,51.227434486996835
2025-06-27 22:15:00,22.11612526952815,58.447848017720425,63.78151260504202,27.762794022751784,67.96041870033277,836.5350108559902,71.99600577023182,50.823350406557125
2025-06-27 22:30:00,21.966884871258546,58.449113698200655,63.78151260504202,27.749025437851813,67.9429652999793,842.2416969289616,72.4088970177012,50.71749550179184
2025-06-27 22:45:00,21.975785508852187,58.47541808015667,63.78151260504202,27.734415302367335,67.73172887870935,844.1605317717388,71.94012834687713,50.532620550985726
2025-06-27 23:00:00,21.93312382237526,58.63142422996397,63.78151260504202,27.67005410152168,67.603675196926,850.3920281479244,72.6683109900361,50.65707969013332
2025-06-27 23:15:00,22.352061359514394,58.68207151392286,63.78151260504202,27.661037907285923,67.46401759129247,851.225831267295,72.42016379558063,50.62599050371222
2025-06-27 23:30:00,22.46278803611768,58.75845617703088,63.78151260504202,27.677838141549937,67.60511145301395,848.5743650210551,72.67798402455053,50.663594943405
2025-06-27 23:45:00,22.499855144750363,58.78865783331809,63.78151260504202,27.70838185042942,67.63375271797297,847.328507470077,72.03834667455187,50.447425285981794
2025-06-28 00:00:00,22.688791242768332,58.8113323390293,63.78151260504202,27.724682557946455,67.78857227342009,848.6781972970765,72.59417119923951,50.54719359783674
2025-06-28 00:15:00,22.637970049821806,58.82830885605929,63.78151260504202,27.730929245970955,67.47965366539442,853.5599635549426,71.73494318733701,50.571488776421525
2025-06-28 00:30:00,23.018592488959538,58.857480360269946,63.78151260504202,27.674251953386538,67.23535526404994,852.9963855164681,72.46470683112727,50.341154102345655
2025-06-28 00:45:00,22.817714488073793,58.82564452053466,63.78151260504202,27.7296413764819,67.20024754434651,843.949853703028,72.32270476304572,50.62960403348526
2025-06-28 01:00:00,22.590075025374237,58.73860353423476,63.78151260504202,27.682194986922486,67.09856488173945,842.9945001513221,71.84206747810742,50.43621672458449
2025-06-28 01:15:00,22.68384936495324,58.72801921459602,63.78151260504202,27.690078974624708,69.10579755031391,841.403099720669,71.6626857823562,50.28424637535442
2025-06-28 01:30:00,22.414324015137552,58.66242564083221,63.78151260504202,27.668040633580283,69.39851074923871,838.026699357644,72.13574206115766,50.20212961365846
2025-06-28 01:45:00,22.522136696570705,58.595047089727096,63.78151260504202,27.688253882527725,69.58406330890155,834.6172304249119,71.74654747216125,50.48500411225538
2025-06-28 02:00:00,22.453057881257877,58.59006141146239,63.78151260504202,27.649623639699957,69.442949244982,833.1780833641271,71.69392847441536,50.56977750807224
2025-06-28 02:15:00,22.62772675177399,58.57203479394493,63.78151260504202,27.63818254233813,69.33984644857496,842.7108615629608,71.65861887973423,50.31368688592841
2025-06-28 02:30:00,22.449736381901765,58.46011194884541,63.78151260504202,27.605528644553182,69.10168607853208,834.0628720112463,71.19395495182364,50.04918450270004
2025-06-28 02:45:00,22.256941963536864,58.45754192126076,63.78151260504202,27.532199164149823,68.92203398893022,835.1344581834538,71.52089779601488,50.42218836238893
2025-06-28 03:00:00,21.999861494128385,58.407202269675984,63.78151260504202,27.513609372453978,68.92977940286474,835.2561999496014,71.934807320308,50.15588736541368
2025-06-28 03:15:00,21.882914796053782,58.32080426566368,63.78151260504202,27.5110284190705,68.99893401488426,839.3594726626378,71.69178174101059,50.28854076681619
2025-06-28 03:30:00,22.01425347435612,58.30017136645025,63.78151260504202,27.50907635492003,69.04408884398761,842.7537198220325,71.31644311091064,50.16268813611279
2025-06-28 03:45:00,22.178443653090056,58.185093148244114,63.78151260504202,27.46726371795672,68.97903031854061,842.6433365575587,71.42566234618157,49.82686969752979
2025-06-28 04:00:00,22.3423533733286,58.14065297681748,63.78151260504202,27.429251664922198,68.80947617226137,842.2121138216926,71.30817550602818,49.65541039588869
2025-06-28 04:15:00,22.440682694678397,58.116812588019044,63.78151260504202,27.482859748880223,68.30141685797574,848.6951535561915,71.36854032521404,49.68669065105378
2025-06-28 04:30:00,22.201237618183274,58.104269374728375,63.78151260504202,27.53150268225004,68.27973839678161,840.7522522471802,71.75426723216337,49.817106301755054
2025-06-28 04:45:00,22.208741382027185,58.22274044539489,63.78151260504202,27.503899092778976,66.75914355785362,842.4953535048603,71.52107886824082,49.743912796237105
2025-06-28 05:00:00,22.636996591818573,58.108117671572494,63.78151260504202,27.521821048693468,66.78221617234696,847.7062271754035,71.29332056954364,49.82362842354999
2025-06-28 05:15:00,22.667756637773017,58.01767761241341,63.78151260504202,27.512874552134043,66.6251143275158,846.9189408625016,71.42884436478379,49.984133882858686
2025-06-28 05:30:00,22.71479376492667,57.976360976379794,63.78151260504202,27.569621241398764,66.73769773797063,849.7094474664449,71.06714051937881,50.03921274336683
2025-06-28 05:45:00,22.58710036513936,58.09718678648586,63.78151260504202,27.627886856655408,66.89077924206445,845.9870312017144,70.92351219567178,50.22032079696118
2025-06-28 06:00:00,22.60626852789132,58.10626253794229,63.78151260504202,27.657193465332654,66.67933727228541,840.6214374569647,71.39108376996369,49.88705096114231
