t_stamp,GR02/ai/GR02_feature_7/eu,GR02/GR02_feature_1_block/eu,GR02/GR02_feature_1_block/setpoint,GR02/GR02_feature_3/eu,GR02/ai/GR02_feature_4_1/eu,GR02/ai/GR02_feature_8/eu,GR02/ai/GR02_feature_6/eu,GR02/GR02_feature_5
2025-03-04 17:00:00,21.32141902931484,68.75952191752148,62.63865546218487,29.431581060171407,60.37588714641869,1061.2369711078788,82.12959893905372,47.550605334706454
2025-03-04 17:15:00,21.739130678196418,68.76529635914213,62.63865546218487,29.3424635365403,60.35719982541214,1065.513738080873,82.49352927752192,47.38420961858245
2025-03-04 17:30:00,21.772812379285348,68.84808475025172,62.63865546218487,29.359108555320116,60.52924854695188,1059.955189930962,81.8450728824801,47.40744904894444
2025-03-04 17:45:00,21.770124017637343,68.97799705812598,62.63865546218487,29.34884623009455,60.70606232560548,1056.9817157008333,81.93954530401129,47.54792295830211
2025-03-04 18:00:00,21.70373977199604,69.05140073309254,62.63865546218487,29.36046831244028,60.738592689539345,1059.34091275479,81.93494440558248,47.657411961646346
2025-03-04 18:15:00,21.962794041573392,68.94737017585817,62.63865546218487,29.39979400525748,62.35112746596714,1063.5876314836073,82.18637958048949,47.87362391888081
2025-03-04 18:30:00,21.968560793084215,69.13871172629065,62.63865546218487,29.398120810852593,62.49430583514084,1064.9881123692876,82.81188598735412,47.59837560121045
2025-03-04 18:45:00,22.067434805672473,69.15677890777582,62.63865546218487,29.407991818518216,62.35246230540417,1065.887957144742,82.32985259442104,47.32391196376533
2025-03-04 19:00:00,21.9561767198414,69.27800763244227,62.63865546218487,29.476751929666634,62.33723333926618,1064.8740331242818,82.19411958489485,47.72552454663056
2025-03-04 19:15:00,21.672718333185994,69.24202648592582,62.63865546218487,29.437249529276485,62.28306840952946,1064.663394762555,82.12769043977013,47.24572207176678
2025-03-04 19:30:00,21.92215107209924,69.19867662434953,62.63865546218487,29.39168879682323,62.48346451622555,1062.6927507365365,82.96916724830632,47.52162348473791
2025-03-04 19:45:00,21.80307301015928,69.16522754990964,62.63865546218487,29.35808556280285,62.717526849910115,1067.5108781096176,82.77861679182543,47.390808607735295
2025-03-04 20:00:00,21.987352348852585,69.18739948877177,62.63865546218487,29.314936366737008,62.888827092016584,1060.6708950027685,82.89138540659185,47.40592053245755
2025-03-04 20:15:00,21.848009722640604,69.2384656944348,62.63865546218487,29.282321196154626,62.57288539828487,1056.6846716859716,82.87572619625784,47.42676265485976
2025-03-04 20:30:00,21.76561596385664,69.15944686873654,62.63865546218487,29.258386713746983,62.6097100166273,1057.692094402792,82.5258609383943,47.26586061790697
2025-03-04 20:45:00,21.55061400085937,69.05448233370534,62.63865546218487,29.222540376743467,62.2325146834013,1061.8413114531998,82.05749467495006,47.49954627806314
2025-03-04 21:00:00,21.63973764255967,68.99426209130355,62.63865546218487,29.275190942519394,62.24954505608744,1066.9666671872974,82.2514189011184,47.56124623583839
2025-03-04 21:15:00,21.590771776377892,68.91027869796737,62.63865546218487,29.254107808503992,62.14936339076146,1066.6185154274851,81.51595122105648,47.41845611515893
2025-03-04 21:30:00,21.843255739793676,68.89314451244567,62.63865546218487,29.30895053362365,62.23936786570479,1067.0174194938277,82.47621246881873,47.47807787802915
2025-03-04 21:45:00,22.2423100255428,68.79186310126283,62.63865546218487,29.31878036152462,62.10650722378406,1065.030902670324,81.46469337114105,47.31017341483027
2025-03-04 22:00:00,22.38129479447995,68.62127839534159,62.63865546218487,29.28946690722235,62.02328421294261,1061.290699725979,81.42005887841803,47.335273996617715
2025-03-04 22:15:00,22.326023579481188,68.66027524517725,62.63865546218487,29.28760138033258,60.324013936285944,1056.9050346633976,81.28819301455863,47.39977429400356
2025-03-04 22:30:00,22.174510037030437,68.51683571609017,62.63865546218487,29.265659958585506,60.233982970882735,1059.2961718458048,81.42357089726545,47.551176885967486
2025-03-04 22:45:00,22.453854721711103,68.55959438563936,62.63865546218487,29.231654120047686,60.364688502898204,1059.8658220869165,80.94654860538583,47.56643895876887
2025-03-04 23:00:00,22.48270268347445,68.60953053615603,62.63865546218487,29.18858821819907,60.42346089134197,1052.0550118115,80.96869340315757,47.55545144812458
2025-03-04 23:15:00,22.70584104254545,68.52819242993661,62.63865546218487,29.167473147429046,60.06597054332787,1056.6445235864392,81.56512696599448,47.51038467996523
2025-03-04 23:30:00,23.02427852868398,68.4403916457868,62.63865546218487,29.170346479624975,59.951568946436616,1055.8686301433518,81.58062502671098,47.33446203842423
2025-03-04 23:45:00,23.139888902557345,68.33591022091305,62.63865546218487,29.219509693201616,59.827675068786114,1052.3304534483982,81.81723971286472,47.5682824992724
2025-03-05 00:00:00,23.107824288544833,68.37962475339923,62.63865546218487,29.20288800923788,60.300689400420346,1060.478983690193,81.03834641289097,47.92329098794459
2025-03-05 00:15:00,23.38222030175785,68.35155151930218,62.63865546218487,29.265879093386058,60.279615442238835,1054.6678447319919,81.11334887675943,47.558409534733684
2025-03-05 00:30:00,23.404544442454846,68.2962891247554,62.63865546218487,29.198038321227674,60.58782050697797,1046.1415066036298,81.37144156218346,47.135776066111525
2025-03-05 00:45:00,23.303185633060327,68.23721620046868,62.63865546218487,29.214146847518787,60.433255092273676,1046.883502790667,80.69680519360031,47.217953449362724
2025-03-05 01:00:00,23.30294812347293,68.17424627973557,62.63865546218487,29.28322200962344,60.32353745369663,1046.3336165327378,81.52679798348608,47.17019863582087
2025-03-05 01:15:00,22.92338279674629,68.18388158301003,62.63865546218487,29.250791970001654,60.143270557946394,1061.272226822837,81.23801539669078,47.16491381795564
2025-03-05 01:30:00,22.938857093171105,68.27621744665103,62.63865546218487,29.20717588410908,60.13383001324858,1064.0787092764554,80.08626172376782,47.429325529471484
2025-03-05 01:45:00,22.829343510934873,68.1617299501353,62.63865546218487,29.249644033294395,60.211051933177394,1071.4979739488194,80.49452738307234,47.47192849827175
2025-03-05 02:00:00,22.853701889031807,68.07515751112612,62.63865546218487,29.212322536128283,61.98682538182465,1063.0652908166958,80.24164800351133,47.5976695000011
2025-03-05 02:15:00,23.026749251378558,68.07118284305294,62.63865546218487,29.21490421303999,62.313200133461905,1061.845319249399,80.8826426308206,47.821284607658896
2025-03-05 02:30:00,22.628257899329565,68.10587856706798,62.63865546218487,29.23174911557874,62.4494293554395,1059.056302186807,80.78478128554043,47.94148552029611
2025-03-05 02:45:00,22.34295507411054,68.19490148494883,62.63865546218487,29.213870685976314,62.06854679446465,1056.9029564570217,80.05672092303296,48.050779113770844
2025-03-05 03:00:00,22.094268578542263,68.1661044341471,62.63865546218487,29.20103999475103,61.9603685401751,1064.122226408137,80.81031821584699,47.995144256856
2025-03-05 03:15:00,22.15366585824766,68.21323012016727,62.63865546218487,29.25833053954087,61.62430909633291,1061.1304036263664,80.50383206164862,48.175641950553356
2025-03-05 03:30:00,22.297268613160632,68.27093860128886,62.63865546218487,29.301173471999572,61.41990526665541,1061.2451976423874,80.08166124724104,47.921660850515785
2025-03-05 03:45:00,22.645067222818756,68.2509297936022,62.63865546218487,29.333229237049146,61.50646698246169,1064.7343552845484,80.98464082269268,48.21603211276965
2025-03-05 04:00:00,22.749783461008985,68.17395395791178,62.63865546218487,29.38543683316635,61.740917450977896,1056.4312297681106,80.79969931660405,47.83963600726516
2025-03-05 04:15:00,22.459275376105182,68.07146264305742,62.63865546218487,29.356712476419062,61.63164038040368,1060.451292332754,80.33213957834653,48.03994081499436
2025-03-05 04:30:00,22.238449487458734,68.21421030493238,62.63865546218487,29.339768072914595,61.786639825221236,1064.4364617955537,80.82586767768075,47.84510843667194
2025-03-05 04:45:00,22.38817564988903,68.06193706982572,62.63865546218487,29.32193392461683,61.76619586185369,1061.5626867440014,80.32412785182115,47.588318963968256
2025-03-05 05:00:00,22.64088058523598,67.94084105113174,62.63865546218487,29.268478930027648,61.55403162639779,1060.1494339410212,80.08124580648665,47.32560525199529
2025-03-05 05:15:00,22.734833148256037,67.8540750327693,62.63865546218487,29.29075322536935,61.31183790250684,1060.8404965881396,80.16915843076019,46.98018006510506
2025-03-05 05:30:00,22.681806657756965,67.77798486136217,62.63865546218487,29.32952628449886,61.525088007085,1065.1986145523783,80.94296697898477,47.40562045140552
2025-03-05 05:45:00,22.593247679149083,67.83477779381477,62.63865546218487,29.298970984131415,61.09882927333885,1062.7911559633922,80.48740414075695,47.67007537068782
2025-03-05 06:00:00,22.396208229592403,67.86797453173433,62.63865546218487,29.252295729597048,59.179391798226646,1060.9196448016824,80.44455729683833,47.338763700884634
2025-03-05 06:15:00,22.810130770429836,67.82567594964213,62.63865546218487,29.214425006151778,59.165336153834744,1069.5422074231387,80.44720299097057,47.54341337247962
2025-03-05 06:30:00,22.977502013352378,67.88135413777287,62.63865546218487,29.28679243303951,59.30410349214085,1066.7839865042763,80.25597589902345,47.85989716399373
2025-03-05 06:45:00,22.99977543362723,67.86457073845546,62.63865546218487,29.34087175049715,59.25834694390991,1058.0890824786904,80.41669325111576,47.76537615525291
2025-03-05 07:00:00,22.871605347200205,67.76478700666033,62.63865546218487,29.31819752959527,59.46352429112733,1062.5537494118407,80.75804656946066,48.32172234227067
2025-03-05 07:15:00,22.447562615396226,67.74916848259078,62.63865546218487,29.31115710758183,59.24083444580716,1060.7969786946983,81.12826512181476,47.918125059916726
2025-03-05 07:30:00,22.067980114853334,67.67416155434206,62.63865546218487,29.32198943801149,58.98660323035129,1056.849670617703,80.43346319982794,48.12974875753749
2025-03-05 07:45:00,21.969008968356853,67.62914149587753,62.63865546218487,29.339248144462843,59.13831241525979,1062.7566622543,81.31007066493495,48.05892551668112
2025-03-05 08:00:00,22.11329631864045,67.59603457881714,62.63865546218487,29.358262265667104,59.05264460171822,1062.1290366528108,80.62253656722633,47.79191504309089
2025-03-05 08:15:00,22.15586504600948,67.51094573911007,62.63865546218487,29.32315133148068,59.2094475950068,1062.0483404177858,80.55457364825455,47.97124381132293
2025-03-05 08:30:00,21.963999427882452,67.45721847842859,62.63865546218487,29.32404697281338,59.149626402740715,1059.30175322067,79.95349852065085,48.07627776150886
2025-03-05 08:45:00,21.68093096585825,67.46647048224814,62.63865546218487,29.289186956419382,59.549240370339916,1063.168160124038,80.41097420022939,47.86322297494032
2025-03-05 09:00:00,21.445634383947706,67.37739277192061,62.63865546218487,29.306036223202877,59.533419719748196,1059.9041105512104,80.80327800767334,47.98330279448533
2025-03-05 09:15:00,21.348262457685685,67.35985914990833,62.63865546218487,29.302123651013176,59.66905398345391,1064.4039457780189,80.46334325154841,48.54978715503988
2025-03-05 09:30:00,21.540184569726225,67.30689873626149,62.63865546218487,29.245049383185588,59.777712086737615,1060.9675444278757,81.03516241299036,48.38765538336293
2025-03-05 09:45:00,21.53421734791358,67.24015748812795,62.63865546218487,29.249135544575573,59.95742392970422,1057.10740987019,80.45137841532137,48.49800721711498
2025-03-05 10:00:00,21.53201186189515,67.26746511043282,62.63865546218487,29.258473808966638,61.740059663839475,1065.0170285308914,80.69234068764588,48.68970333992136
2025-03-05 10:15:00,21.23449162645372,67.30191077080565,62.63865546218487,29.242584661539844,62.02232426186319,1057.0977403911866,80.99063988767317,48.82602372595878
2025-03-05 10:30:00,21.187586872898756,67.27708398558674,62.63865546218487,29.218718442037524,62.38505913553042,1057.2755905333197,81.02650389542562,48.789929231203935
2025-03-05 10:45:00,21.86405322216868,67.15352938274978,62.63865546218487,29.178903394235093,62.17531151100472,1064.435909654081,82.16475972953701,48.81279853568996
2025-03-05 11:00:00,22.198149040129096,67.22767763471354,62.63865546218487,29.2343057792431,62.06626684314895,1072.4365323899306,81.62106720852411,48.6815439001697
2025-03-05 11:15:00,22.05693381896657,67.19619335011876,62.63865546218487,29.125635396518877,61.95275511740515,1067.326172460896,81.62987423968737,48.65403885218227
2025-03-05 11:30:00,22.087963246564065,67.14345003984455,62.63865546218487,29.146514166023806,61.61069421028843,1066.4863253776612,81.67875023789689,48.79495721592423
2025-03-05 11:45:00,21.84700065148589,67.22304439617454,62.63865546218487,29.132843523433127,61.90260390327284,1057.7545881946846,81.63658546939487,48.55986405256694
2025-03-05 12:00:00,21.993758743783957,67.29387508313825,62.63865546218487,29.104022153809495,61.95824469982998,1053.90266759623,80.80267055499762,49.04664644347958
2025-03-05 12:15:00,22.08899407957081,67.32354535818268,62.63865546218487,29.074967401450408,62.174881317643084,1052.4105427830127,81.37346746560583,49.212245216389164
2025-03-05 12:30:00,21.964926205626973,67.34278024323889,62.63865546218487,29.105813798541952,62.42081216284589,1055.890159211667,80.80387419961387,49.316855998596566
2025-03-05 12:45:00,22.216245350486645,67.29665321746683,62.63865546218487,29.05079486879134,62.477227985313455,1058.9265140091359,82.35169056397805,49.46284750227248
2025-03-05 13:00:00,22.158405268753704,67.24825346954262,62.63865546218487,29.0675067073114,62.620265091931756,1069.311732477501,81.97028618311002,49.75773683467099
2025-03-05 13:15:00,21.37250646752071,67.32210297136504,62.63865546218487,29.072462623825032,62.62446558616003,1058.7933650458515,81.9740149942645,50.00748407503119
2025-03-05 13:30:00,21.12017093389435,67.28236861614712,62.63865546218487,29.005839878343274,62.264726700365685,1051.340484896354,81.74516497463631,50.25734956985135
2025-03-05 13:45:00,20.92994972229542,67.50112899421715,62.63865546218487,29.05343150622839,62.38537409004015,1054.3761339617713,82.19202472038964,50.32906912273159
2025-03-05 14:00:00,21.01812156810203,67.53149257477739,62.63865546218487,29.077607285134363,60.627622521762774,1055.4524353159989,81.08278867858544,49.63859673088901
2025-03-05 14:15:00,21.312062832930387,67.58790242092921,62.63865546218487,29.138240549701766,60.29814191291803,1055.3750355379952,82.12509804074702,48.989176455452714
2025-03-05 14:30:00,21.22187377481549,67.6307157268758,62.63865546218487,29.097860971835377,60.34952577641658,1050.8103120061762,82.08792959436809,49.054720033825305
2025-03-05 14:45:00,20.95364212906795,67.5955855362588,62.63865546218487,29.05102483702987,60.36189931600787,1051.2226578424577,81.51374895864078,48.65931378228269
2025-03-05 15:00:00,20.629154599461646,67.5635426876336,62.63865546218487,29.03383342261299,60.350739366357836,1051.153314463405,82.03250471861448,48.69048116889098
2025-03-05 15:15:00,20.40543906222128,67.45860141188894,62.63865546218487,29.124160604406082,60.5992091422891,1050.2443447935098,81.19729855790214,48.55778643706199
2025-03-05 15:30:00,20.310897515147992,67.47140833964704,62.63865546218487,29.135341603661725,60.78424277529721,1049.415990308832,81.4938557984829,48.567255153024206
2025-03-05 15:45:00,20.518970526396657,67.48638609850583,62.63865546218487,29.121714154075164,60.761055168661855,1051.4759848485612,81.73630182600414,48.40044732568213
2025-03-05 16:00:00,20.767731848220983,67.47342700222713,62.63865546218487,29.159697594072604,60.28503828065102,1049.8336270971963,81.38982666952379,48.3566841653834
2025-03-05 16:15:00,20.94740369501561,67.40964962277651,62.63865546218487,29.14841114128076,60.405244264586905,1049.3763951965805,81.64113061319473,48.354150568665524
2025-03-05 16:30:00,20.80179424621786,67.41150409875887,62.63865546218487,29.08127616225499,60.43515995835655,1055.2702111240062,82.58364868676374,48.03807857680591
2025-03-05 16:45:00,21.26503652435455,67.47449514728662,62.63865546218487,29.08075183786104,60.68575878972284,1057.7536252499162,82.03319839624731,48.16369401818924
2025-03-05 17:00:00,21.691663708145885,67.4375565209621,62.63865546218487,29.07605024467667,60.62123538474136,1059.3617598746437,82.4199610151666,48.06917889130112
2025-03-05 17:15:00,21.75408556630225,67.47478283381795,62.63865546218487,29.061721700074425,60.646304680592436,1054.4249469817112,81.82727975195283,48.54734761027837
2025-03-05 17:30:00,22.05546499049752,67.47607098568155,62.63865546218487,29.057301006777656,60.81788955102441,1063.9538481002837,81.84314510387563,48.760728016274
2025-03-05 17:45:00,21.97441156161539,67.60493852142578,62.63865546218487,29.04345938012514,62.728375404454006,1056.0023991158018,81.81041789987056,49.1084878013213
2025-03-05 18:00:00,22.039825106112318,67.66437890096037,62.63865546218487,29.03075153737645,62.57124389938618,1056.3873424538642,82.40548244628823,49.05467881387067
2025-03-05 18:15:00,22.302203829169265,67.8167699240118,62.63865546218487,29.03572637708134,62.616479180446454,1061.0552395496597,81.14136463326946,49.097519525248885
2025-03-05 18:30:00,22.48720052326992,67.87894790164368,62.63865546218487,29.02546183933084,62.47725483892015,1052.8861843185687,81.77270555029378,49.28021104049676
2025-03-05 18:45:00,22.49976927884154,67.96656457065791,62.63865546218487,29.072842065837822,62.753067533387764,1055.9646149214298,81.14210176909528,49.5003941794564
2025-03-05 19:00:00,22.38654887100527,67.80480444824929,62.63865546218487,29.04322327898045,62.80044574551375,1042.5797965175007,82.38586035261584,49.4136937377835
2025-03-05 19:15:00,22.18612816883933,67.84981409799182,62.63865546218487,29.002800491499354,62.68345937847674,1036.0741231753213,81.51944901429735,49.507125195180784
2025-03-05 19:30:00,22.151017312211547,67.79029966209612,62.63865546218487,28.967257329063045,62.68321833247938,1046.0395478313167,82.32406492875438,49.651525448222266
2025-03-05 19:45:00,22.132420084045606,67.91990741315591,62.63865546218487,28.93771221343223,62.59034562911347,1053.2448622050356,81.3069806469664,50.06969629028676
2025-03-05 20:00:00,22.03851887514325,67.86087108045989,62.63865546218487,28.961806326645767,62.994734561892415,1047.8474265779648,81.72191317790443,50.05584569174375
2025-03-05 20:15:00,22.291037129016914,67.92207477725619,62.63865546218487,28.96917410885716,62.86086104809891,1044.3143681362812,81.66802845658331,49.89328118537957
2025-03-05 20:30:00,22.178496903965968,67.88540305787565,62.63865546218487,28.94694398446463,62.6349903673169,1046.6333049798893,81.10282494824835,49.983133237456904
2025-03-05 20:45:00,22.01489408440097,67.81539904295498,62.63865546218487,28.946422899100472,62.50439208840889,1050.601214311579,81.33491899294661,50.135140759130124
2025-03-05 21:00:00,21.778290089081878,67.82816216626952,62.63865546218487,28.884642117243782,62.27196817276523,1058.9666769793807,81.47788594273005,50.0662173866499
2025-03-05 21:15:00,22.087825919182933,67.93384521934651,62.63865546218487,28.80890240287573,62.351446996228674,1062.1252259546457,81.50009783301385,50.266021390487104
2025-03-05 21:30:00,21.893807717449413,67.76330299419166,62.63865546218487,28.789854343944345,62.594835651588554,1055.0298897141595,81.50943993380446,50.020793970600614
2025-03-05 21:45:00,22.06249922688508,67.81139259866906,62.63865546218487,28.746578221952365,60.9712888680311,1041.909125409437,80.90493373078924,49.774405120162285
2025-03-05 22:00:00,22.41847410847099,67.90665422608454,62.63865546218487,28.77500954583549,61.14045966371622,1042.28953168026,80.89106321874941,49.847407088249774
2025-03-05 22:15:00,22.41033130084736,67.97214115590633,62.63865546218487,28.779660175674554,60.97569775508694,1043.421925884404,81.32586774672139,49.49360630437718
2025-03-05 22:30:00,22.203508905507263,67.9273493274394,62.63865546218487,28.742597202799416,60.93496644745642,1044.8078322966348,81.42866858123449,49.296036375666155
2025-03-05 22:45:00,22.521559019145425,67.89827745559857,62.63865546218487,28.65565267224865,61.107894898187766,1038.7134602129004,81.41830066557156,49.43977706045059
2025-03-05 23:00:00,22.801935490296177,67.95775548412445,62.63865546218487,28.608129487878358,60.94050989917909,1032.7792658671144,81.82547510032637,49.51959333314691
2025-03-05 23:15:00,23.118356342503564,67.86690561101001,62.63865546218487,28.678260658788215,60.73914435640584,1036.3043424577172,81.42101928418315,49.37875644859261
2025-03-05 23:30:00,23.443813346078027,67.91923528236855,62.63865546218487,28.74229504979089,60.64756092846404,1036.331183557033,81.22730503554764,49.36564721235066
2025-03-05 23:45:00,23.37124782109328,67.9025365074661,62.63865546218487,28.738661271059247,60.42544329192866,1038.7569456904632,80.4972876877257,49.10480344928203
2025-03-06 00:00:00,23.323357474538007,67.8622001871838,62.63865546218487,28.738807564801814,60.5005526025783,1040.1864685063697,81.0462244853787,49.50457434737642
2025-03-06 00:15:00,23.399224537844088,67.78985841369342,62.63865546218487,28.733952410086356,60.52555287947965,1039.3074495706157,80.25010028517178,49.14205229539922
2025-03-06 00:30:00,23.539370086293694,67.69348975284798,62.63865546218487,28.6964728300063,60.43601495808515,1033.8494466737125,80.71541611197033,49.40071701907077
2025-03-06 00:45:00,23.774063585035037,67.61983805184062,62.63865546218487,28.6615305959649,60.14863833179243,1034.5400003049524,81.14556597854872,49.07086597460792
2025-03-06 01:00:00,23.59013843436238,67.65649370160463,62.63865546218487,28.638267302188588,60.25261195979686,1033.2317988900493,81.0494473538354,49.1948405498494
2025-03-06 01:15:00,23.29343606149619,67.69388617063574,62.63865546218487,28.607078602870317,60.217265864038936,1029.6224173701269,80.68580148119366,49.36094520332007
2025-03-06 01:30:00,22.860601435863394,67.63241176125429,62.63865546218487,28.597478889412677,60.41679345910851,1032.985762404164,81.48681431307092,49.536623226701074
2025-03-06 01:45:00,23.061044322402353,67.65059121697003,62.63865546218487,28.55953668795279,62.329223497460475,1038.3846254590878,80.86330822592245,49.80118211354501
2025-03-06 02:00:00,23.03566339665256,67.60702428251656,62.63865546218487,28.543183168357345,62.374996368684926,1042.606568293109,80.87887286769842,49.75902578565648
2025-03-06 02:15:00,23.23804037164098,67.70427550136426,62.63865546218487,28.571773092555222,62.226050015189024,1042.728386664843,80.27293851716534,49.39872991433855
2025-03-06 02:30:00,22.87822404319237,67.82395579280148,62.63865546218487,28.62375694206233,62.19976420386412,1044.5781297463109,80.88441756828814,49.57335653742144
2025-03-06 02:45:00,22.501897240839444,67.83365937137944,62.63865546218487,28.59538922326797,62.40116905169811,1044.1159197730435,79.87286931466953,49.3103686989444
2025-03-06 03:00:00,22.428317787301744,67.87048557575761,62.63865546218487,28.598571365616408,62.69409867942281,1048.9094580451037,80.2092947623849,49.066126235683576
2025-03-06 03:15:00,22.71044021786837,67.74588535782001,62.63865546218487,28.60879989009467,62.6511631894188,1039.5527125930919,80.75878785276637,48.93622504303682
2025-03-06 03:30:00,22.539933006228985,67.59214847450755,62.63865546218487,28.600586744625556,62.46743222473641,1034.4165819220907,80.23886175502047,49.22156311904944
2025-03-06 03:45:00,22.403179716013756,67.51651435824074,62.63865546218487,28.627807895076305,62.11729684783606,1036.8213342731028,80.28627764688703,49.004354931412806
2025-03-06 04:00:00,22.337638970314195,67.40946458640242,62.63865546218487,28.6625916462713,62.455823094245034,1037.91719168589,80.75181347908638,49.08616977568528
2025-03-06 04:15:00,21.990837858821507,67.31797822101913,62.63865546218487,28.70011312480208,62.330716100504,1026.6049023027215,80.30586974231682,48.98642805326863
2025-03-06 04:30:00,22.04191539474164,67.3085545189057,62.63865546218487,28.813619174728508,62.35933909146333,1022.2185715390714,80.64682580097627,48.98207951308258
2025-03-06 04:45:00,22.255896258047297,67.28254794552961,62.63865546218487,28.807041844043823,62.36099248364017,1024.1001959621756,80.66240081992729,48.9107672120096
2025-03-06 05:00:00,22.629549180291523,67.34351426723458,62.63865546218487,28.774166899571796,62.322475939174986,1031.3364954271572,80.35207480313925,48.62551573528097
2025-03-06 05:15:00,22.906691499019097,67.33301652116491,62.63865546218487,28.829744435834332,62.26171341413663,1038.4086973010242,80.08868143972063,48.90163797362771
2025-03-06 05:30:00,23.199409277512572,67.35146061700121,62.63865546218487,28.851940577671556,60.44723625051646,1037.6167876116447,80.99875789392061,48.893466951361425
2025-03-06 05:45:00,22.979490497206402,67.39180621467119,62.63865546218487,28.808363522002704,60.60344630341551,1034.1744245849195,80.63195128327243,49.06774324615684
2025-03-06 06:00:00,22.8008892538449,67.35457668328279,62.63865546218487,28.854502711241608,60.776147598139126,1035.650211470919,80.35321832598153,49.413234379898945
2025-03-06 06:15:00,22.902302835906312,67.21507286474181,62.63865546218487,28.878075633443462,60.656359402791416,1031.8625136783428,80.21568547297072,49.15790673951208
2025-03-06 06:30:00,22.997220328454443,67.2187519146061,62.63865546218487,28.91420018435789,60.6008119867616,1031.0139034347592,80.07765368421305,49.45532303458398
2025-03-06 06:45:00,23.291617707467225,67.19980906257524,62.63865546218487,28.980620225423298,60.32910541780588,1035.515926735964,80.31176087780386,49.312840749051475
2025-03-06 07:00:00,23.16980476701657,67.19228194768607,62.63865546218487,28.956819147697658,60.517111262058975,1035.0615665771368,80.5780843044783,48.755867985513824
2025-03-06 07:15:00,22.734094637119316,67.34471095152597,62.63865546218487,28.992302523519115,60.53516233886775,1041.4597898398367,80.14781747704673,49.30129177267907
2025-03-06 07:30:00,22.39157904598361,67.40274524938462,62.63865546218487,29.014408152695346,60.561545806936046,1041.5186136988996,80.04808408419055,49.194527001408325
2025-03-06 07:45:00,22.41765911135943,67.48588604841208,62.63865546218487,28.9907417913695,60.487564204542124,1031.0549518620603,79.6178601737755,49.138388150093704
2025-03-06 08:00:00,22.16702977716924,67.47429230963517,62.63865546218487,28.99471763511139,60.42397830523358,1031.3930065304257,80.49974557295931,49.3168645563407
2025-03-06 08:15:00,22.20086380791178,67.3852525416234,62.63865546218487,29.004742634201573,60.45727220834022,1033.461790523183,80.9087104344321,49.36336089206953
2025-03-06 08:30:00,21.869383430647105,67.45609967271143,62.63865546218487,28.972418073262382,60.3501146207478,1034.8148116470913,80.93875439554193,49.334679035105836
2025-03-06 08:45:00,21.70426098929734,67.57946905006774,62.63865546218487,28.943878102830773,60.24800932967393,1030.4234142090465,81.37297010876098,48.95477377122635
2025-03-06 09:00:00,21.510184495112625,67.58593314954209,62.63865546218487,28.9241284130819,60.530855041576245,1028.402945380071,80.28159831162156,49.106624287307895
2025-03-06 09:15:00,21.63300127370153,67.60586986938974,62.63865546218487,28.92335821691574,60.883547202306914,1026.5002734381019,81.05353041610567,49.136728459417384
2025-03-06 09:30:00,21.648843631294866,67.52933613070925,62.63865546218487,28.895464653941428,62.49254418967791,1031.3783007359464,80.52366820764614,49.58841403703025
2025-03-06 09:45:00,21.866071672952437,67.66429788543158,62.63865546218487,28.92900818965289,62.27246520191447,1026.0202952995285,80.2717450602026,49.71177002273433
2025-03-06 10:00:00,21.659661868698528,67.6340936478113,62.63865546218487,28.9523710364115,62.22683626381305,1027.3669862777042,81.09940430174741,49.5999128702665
2025-03-06 10:15:00,21.576279046621433,67.58184807046983,62.63865546218487,28.899632849005023,62.316740438996256,1026.7842803138376,81.23323445830108,49.718240006488394
2025-03-06 10:30:00,21.595425751239524,67.69979704819414,62.63865546218487,28.918183260654153,62.41999469982869,1025.9411670058441,80.75128135441066,50.182062431373154
2025-03-06 10:45:00,21.508893588480408,67.69117940079585,62.63865546218487,28.91995141643496,62.134766369129316,1023.2503675246282,80.86172020004737,49.603578281808566
2025-03-06 11:00:00,21.664630025957692,67.6722236377419,62.63865546218487,28.901757285071216,62.21030750209695,1021.2365791251664,80.79290137199067,49.38143183349097
2025-03-06 11:15:00,21.8443203032393,67.76841432858923,62.63865546218487,28.905932291881598,62.437904719412714,1024.4872602948733,81.31139237551558,49.86803335804481
2025-03-06 11:30:00,21.753994758892667,67.69339271309622,62.63865546218487,28.93231650770717,62.37344234050697,1020.8097588825995,81.16311370255451,49.791605516388586
2025-03-06 11:45:00,21.68662901620404,67.76310835610707,62.63865546218487,28.98514261782624,62.21760893810799,1026.0534196952408,81.50406354834557,49.71493925151765
2025-03-06 12:00:00,21.732023487464307,67.8566236963931,62.63865546218487,28.98281630385223,62.23948732417901,1025.5095205857797,80.58472798238512,49.51788059702482
2025-03-06 12:15:00,21.711273536970033,67.8945107381236,62.63865546218487,28.984960435211388,62.13783895507739,1028.0827075666316,81.4968689227279,49.92036559934301
2025-03-06 12:30:00,21.93808349204313,67.91223800836917,62.63865546218487,28.969161875403078,62.205705203185296,1022.0715893172198,81.00494861614014,50.44857283736436
2025-03-06 12:45:00,21.86392891086107,67.93320407695374,62.63865546218487,29.01930554579488,61.89601812379912,1016.6502215321302,80.34914702924556,50.13623532895039
2025-03-06 13:00:00,21.70923401289212,67.9579970562324,62.63865546218487,29.058708233325014,61.98482418248618,1021.357992630555,80.73915867566654,49.87040955630618
2025-03-06 13:15:00,21.246640457590704,68.07835991934469,62.63865546218487,29.030713688943642,62.10967703863977,1025.5620544060318,81.17523929686242,49.869954762010494
2025-03-06 13:30:00,21.213900359806598,68.10085543477334,62.63865546218487,29.04058133512271,60.41401864820068,1029.5447825152517,81.82416592594689,50.02585113121742
2025-03-06 13:45:00,21.15174112493754,68.17516521343312,62.63865546218487,29.061679343765203,60.570159393899246,1034.7761646596382,81.63662802620635,50.28544995893131
2025-03-06 14:00:00,21.29335928481558,68.23098950413919,62.63865546218487,29.059274799542017,60.75400856683284,1030.6420609352424,81.28553518623558,50.34814014338121
2025-03-06 14:15:00,21.39713423501315,68.22946248955883,62.63865546218487,29.146774952787386,61.27529260241631,1020.898110206435,80.96434995831464,50.44034387763296
2025-03-06 14:30:00,21.10744241005582,68.1745182389737,62.63865546218487,29.151385501113733,61.30522180657798,1012.9850008703172,81.18484652537221,50.468844045944586
2025-03-06 14:45:00,21.065104824261528,68.21341213190924,62.63865546218487,29.164286867381158,61.32158620368478,1019.5415946164887,82.1467069465504,50.689635958051795
2025-03-06 15:00:00,20.868654663107925,68.38581522290342,62.63865546218487,29.168813492590736,61.36704079862766,1021.4244435770382,81.97579486490241,50.85703884986867
2025-03-06 15:15:00,20.587496969007713,68.30826695466996,62.63865546218487,29.163650365857123,61.48111290378801,1023.2408068049751,81.2241872974079,50.72534654693284
2025-03-06 15:30:00,20.65692880946729,68.30359381526532,62.63865546218487,29.130227219000343,61.47971745054088,1024.8946400868308,81.39455486907575,50.95841209415844
2025-03-06 15:45:00,21.2071439098361,68.33641775711611,62.63865546218487,29.157157989110644,61.23617844098872,1021.012616121278,80.6332633789187,50.63560163974353
2025-03-06 16:00:00,20.856124296232167,68.37088825851605,62.63865546218487,29.14147705932494,61.496858430323456,1025.7219952463965,81.49042245204208,50.565721478627204
2025-03-06 16:15:00,20.685157475412588,68.35701769002065,62.63865546218487,29.098899430751334,61.311957478338044,1024.2704589090622,81.75857574484384,50.55288821070023
2025-03-06 16:30:00,20.661186626487872,68.33755595046263,62.63865546218487,29.133208517528807,61.388266813276346,1021.9838662882673,80.79823726526155,50.48351263749705
2025-03-06 16:45:00,20.96808954550944,68.43875789966869,62.63865546218487,29.074325998126398,61.36934005184265,1020.4539559685466,82.02894955738833,50.341464957717044
2025-03-06 17:00:00,21.353620837962573,68.48342709089846,62.63865546218487,29.058642638845292,61.32532684727912,1023.923150945433,81.31838503629525,50.44715743583868
2025-03-06 17:15:00,21.657821680058557,68.48995948073771,62.63865546218487,29.063085818289256,63.04486075685343,1021.6304910119723,81.36312846917866,50.07198477337088
2025-03-06 17:30:00,21.95708211047562,68.63391204268207,62.63865546218487,29.06921053320579,62.88779294873717,1029.9656957625753,81.41245752984587,49.99840573698319
2025-03-06 17:45:00,21.976694071675073,68.5168161026569,62.63865546218487,29.118841719114545,62.96345452908911,1026.342809831604,81.66620187605604,50.26647935814297
2025-03-06 18:00:00,21.960206540867464,68.59876439920482,62.63865546218487,29.105638891814486,63.14534209053949,1028.5780624706458,81.50744601442793,50.306904080901376
2025-03-06 18:15:00,21.907077416941505,68.63022886515807,62.63865546218487,29.124734877809743,63.366154449251404,1032.4702784396698,81.66180088930015,50.3511764381314
2025-03-06 18:30:00,22.17084832774245,68.67736568129416,62.63865546218487,29.114219626130613,63.304494028845276,1031.9612234960914,81.27144406058385,50.12760486879568
2025-03-06 18:45:00,22.47767519663374,68.61617147437892,62.63865546218487,29.069501977734937,63.468381448801615,1039.3752685568636,80.81810408089757,50.36609755750818
2025-03-06 19:00:00,22.306865004335858,68.56077718568346,62.63865546218487,29.079849419859162,63.383656750664784,1034.4541973546122,80.40877699808502,50.49699554883557
2025-03-06 19:15:00,22.204337840446446,68.72460066869115,62.63865546218487,29.11915499063322,63.24084683625116,1025.1241068735294,81.02977760483172,51.00308139807737
2025-03-06 19:30:00,22.028316535323235,68.61925835764103,62.63865546218487,29.107342334780142,63.01416430379752,1024.7486616610324,80.34106553252163,51.154070745497016
2025-03-06 19:45:00,22.35659838686225,68.64014585668012,62.63865546218487,29.07104425319273,63.155626726796065,1011.6179645103028,80.67668501938009,50.79484456785844
2025-03-06 20:00:00,22.352560341349648,68.6230682403741,62.63865546218487,28.995457374104003,62.88015199781874,1025.492458194734,81.0055460517256,51.06233026368601
2025-03-06 20:15:00,22.245049414086186,68.7310381541328,62.63865546218487,29.026351334986188,62.969772333275124,1021.7223246827108,81.29758903329062,51.15069357696969
2025-03-06 20:30:00,22.336278961247757,68.72670667408038,62.63865546218487,28.985762187773027,62.805274390982966,1023.6714251402153,81.07722636480756,51.41782621147252
2025-03-06 20:45:00,22.090428629737396,68.79006484499686,62.63865546218487,29.038286765588765,62.803350857586736,1028.420171970675,81.04011818521215,51.42510982478199
2025-03-06 21:00:00,21.666235815159652,68.8914992117229,62.63865546218487,29.030062483654234,62.73673145460939,1032.861957894688,81.26952743140747,51.49893240071198
2025-03-06 21:15:00,21.863596984010076,68.97189714391659,62.63865546218487,29.022408238030497,61.00484086175435,1032.1886813061851,80.83067103380598,51.38766829500201
2025-03-06 21:30:00,21.981115367150583,68.98174408189004,62.63865546218487,29.01285569027655,61.03478922427221,1035.0802997145315,80.57848329120249,51.48929558061604
2025-03-06 21:45:00,22.28646971167735,68.97915275345298,62.63865546218487,29.01607795975758,60.860464298872195,1033.3484647928622,81.41794294957067,50.94905009859109
2025-03-06 22:00:00,22.575578508638703,69.01073338261679,62.63865546218487,29.113766169322666,61.12643522240479,1032.5232231561479,81.07991277094808,51.13199226837109
2025-03-06 22:15:00,22.337064027792195,69.01067842163017,62.63865546218487,29.080755175737174,60.96659679060707,1031.6114988511274,81.90676814885927,51.120144959504344
2025-03-06 22:30:00,22.425885215462888,69.15928993243845,62.63865546218487,29.109241934412804,61.05415477185811,1026.155054387992,81.06762428847186,51.266735180947556
2025-03-06 22:45:00,22.741999903007002,69.1758053505013,62.63865546218487,29.128996922727403,61.014971412708974,1026.4881399204376,80.51039948379933,51.54447448804199
2025-03-06 23:00:00,23.028487259736472,69.15314954449065,62.63865546218487,29.094984022908204,60.92656759055022,1023.0827849646535,80.85507612692511,51.28584756548761
2025-03-06 23:15:00,23.53810640723464,69.17387698125748,62.63865546218487,29.14432704889381,60.760449606495435,1023.6377677843054,80.90257651101649,51.351334073284086
2025-03-06 23:30:00,23.24235846740205,69.05692038372182,62.63865546218487,29.112153595596336,60.62308514788227,1029.948498703036,80.5620344703555,51.07789969207081
2025-03-06 23:45:00,23.19637576138511,69.13380439020129,62.63865546218487,29.134589994594986,60.77510976903421,1034.3286999040586,80.63349899761582,51.35536619890572
2025-03-07 00:00:00,23.115035299669696,69.08951482151227,62.63865546218487,29.09986223708078,60.273675894691756,1029.4683285661904,80.68063289313265,51.248086765848356
2025-03-07 00:15:00,23.232726007579263,69.0977521740995,62.63865546218487,29.106615750762685,60.43505683105128,1025.040638510157,80.62757289991998,51.07905822582917
2025-03-07 00:30:00,23.44887608505431,69.03513652957074,62.63865546218487,29.120345016174234,60.21008781450642,1029.2922567806404,80.96067893875905,50.91985983672039
2025-03-07 00:45:00,23.666192756578987,69.01677253427424,62.63865546218487,29.165781648483595,60.41843021252142,1029.1008646496539,80.32416525978044,50.99744352137124
2025-03-07 01:00:00,23.56102852645044,69.0036750800628,62.63865546218487,29.160080252197517,60.626118035218255,1030.5324784629056,80.27126181680573,51.30465834906935
2025-03-07 01:15:00,23.422318176688357,69.09186260940429,62.63865546218487,29.19076273750868,62.50845597262859,1032.8767870748175,80.2365033096134,51.5708236030303
2025-03-07 01:30:00,23.328740082601808,69.16539766156582,62.63865546218487,29.203430024782907,62.38480106294308,1030.5352126824218,80.62245603400362,51.31151098456316
2025-03-07 01:45:00,23.392748978734403,69.24953845037915,62.63865546218487,29.207356426711534,62.40090808728954,1020.7689032430293,80.07725037978084,50.784690299590835
2025-03-07 02:00:00,23.728999475107003,69.3022958171148,62.63865546218487,29.228909579132218,62.560629572991026,1016.5574493272669,80.19280652582903,50.8847431683423
2025-03-07 02:15:00,23.749834979828147,69.41913539228456,62.63865546218487,29.171651908724147,62.49033758323409,1021.9321939864559,80.56370664581407,50.98383784357445
2025-03-07 02:30:00,23.45421927721533,69.24717582080473,62.63865546218487,29.142697932291473,62.43644530787735,1028.5311768278098,80.9274375519947,50.83481027433533
2025-03-07 02:45:00,22.94856340425491,69.3289923899146,62.63865546218487,29.191637874826505,62.39336940060299,1024.1271130395057,80.03056973633849,50.58305035883041
2025-03-07 03:00:00,22.832811512129712,69.32034536187845,62.63865546218487,29.21186500919129,62.2771944653864,1026.4001759924918,80.16067241258621,50.44814648910258
2025-03-07 03:15:00,22.828537691308362,69.36403309303773,62.63865546218487,29.145410570664993,62.491347687019136,1038.6486321172106,80.21449152117357,50.70543149361254
2025-03-07 03:30:00,22.944864536516555,69.30717696554231,62.63865546218487,29.150858954633122,62.54397777754184,1038.285640458657,79.79053601462438,50.934457335519745
2025-03-07 03:45:00,23.05102227444979,69.27969288656512,62.63865546218487,29.226492989436927,62.38628124249174,1041.85043388652,80.91238481455825,50.79947842063122
2025-03-07 04:00:00,23.16527201209321,69.26944847198955,62.63865546218487,29.239672971558026,62.236489499387936,1037.1307256582315,79.52148510726288,51.06263073345936
2025-03-07 04:15:00,22.996560930546984,69.2826347475585,62.63865546218487,29.260898729052034,61.94612031409482,1042.32418696605,80.22663820393029,51.26345968504556
2025-03-07 04:30:00,22.867721945709228,69.3409811007353,62.63865546218487,29.281430124687446,61.86279717156814,1038.741309096897,80.30105290877572,51.2582972677508
2025-03-07 04:45:00,22.90747673207524,69.31515268768386,62.63865546218487,29.256734178665454,62.20747772566496,1035.2447891043835,79.583006746633,51.24308116511924
2025-03-07 05:00:00,22.809056368921542,69.23651583821379,62.63865546218487,29.33774849512862,62.28099306693404,1036.703514206326,80.19924875548176,51.37986340049165
2025-03-07 05:15:00,22.719580228693392,69.27436256989668,62.63865546218487,29.34568829900997,60.15689005267267,1033.899664453136,79.94856835613373,51.436538283524236
2025-03-07 05:30:00,22.642598182044722,69.26632086522461,62.63865546218487,29.334527420357098,60.13192740441275,1026.9799246207417,80.02025622475865,51.56847432251007
2025-03-07 05:45:00,22.48375781411739,69.25148938744628,62.63865546218487,29.261384127886807,60.1384226525717,1030.1074932747292,80.59175076622697,51.241736907819885
2025-03-07 06:00:00,22.776781532552214,69.22469516012806,62.63865546218487,29.30982839331387,59.94449170768387,1033.9958547864203,80.39527113528052,51.53875366115728
2025-03-07 06:15:00,22.89708006989481,69.13312337824236,62.63865546218487,29.286829829481825,59.92438241603502,1034.3337759718522,79.49719563892891,51.19292262464167
2025-03-07 06:30:00,23.148966396555057,69.1258682764796,62.63865546218487,29.309272076099813,60.30752512271963,1025.081546491825,80.67014338881393,51.4050689013632
2025-03-07 06:45:00,23.450973359958258,69.17441604972046,62.63865546218487,29.326250739159573,60.551630148795475,1032.15594672681,80.03576918772568,51.27411603943528
2025-03-07 07:00:00,22.97686338617097,69.10672667078664,62.63865546218487,29.312830185544723,60.44501427579536,1026.1495904611174,80.10543339190009,51.30599440528567
2025-03-07 07:15:00,22.8360362182358,69.08452034899547,62.63865546218487,29.314845781576235,60.43146045860363,1022.537084603582,80.34874650570735,51.04670185588984
2025-03-07 07:30:00,22.511063305838594,68.91996009921458,62.63865546218487,29.329708749815335,60.66604041468591,1023.824796220911,80.74696163387019,51.14737458847533
2025-03-07 07:45:00,22.287937267132673,68.86029902216991,62.63865546218487,29.381328901947967,60.9015162375375,1032.2047770183215,80.98777747084652,51.109749918255616
2025-03-07 08:00:00,22.455314506705175,68.79866923603005,62.63865546218487,29.38642691266115,60.96999097981774,1032.3111933168711,80.48986133595568,50.70307332542346
2025-03-07 08:15:00,22.878717083809775,68.65253371721074,62.63865546218487,29.460165656536418,60.78699066474807,1039.942268389426,80.55647457435813,51.094942480314266
2025-03-07 08:30:00,22.488006870042103,68.82980702491093,62.63865546218487,29.46282756830152,60.88043304996163,1037.0534700498283,81.11809711880291,51.06666419859221
2025-03-07 08:45:00,22.179144059592016,68.72744793921586,62.63865546218487,29.44506394703483,61.128001465734854,1034.9482390138214,80.89382089790061,50.96028607576839
2025-03-07 09:00:00,21.722920891567302,68.75423073764756,62.63865546218487,29.425356571518392,63.17031002824516,1034.4955070879384,80.84407282299503,51.09300461394189
2025-03-07 09:15:00,21.684756073699734,68.76239060071882,62.63865546218487,29.44299697823669,63.08129072628843,1036.6364882221487,80.85860410632421,51.147303343491025
2025-03-07 09:30:00,21.476457187907393,68.84268758819282,62.63865546218487,29.448214680843744,63.003022186816565,1033.452145392949,81.23254663173822,51.66466897483644
2025-03-07 09:45:00,21.411532054896373,68.90178184856067,62.63865546218487,29.412634791097048,62.6014475819162,1029.4321723186613,80.60625126316732,51.44651067540348
2025-03-07 10:00:00,21.466328422036185,68.96774441411404,62.63865546218487,29.401564638665075,62.61821587901566,1022.2775727141318,80.65995386981136,51.67259035797376
2025-03-07 10:15:00,21.57920448357006,68.91260020141317,62.63865546218487,29.430663630587645,62.296194636016835,1023.0995482462217,80.29041881674098,51.7854496843057
2025-03-07 10:30:00,21.316422432775443,68.95967592353895,62.63865546218487,29.443213379766096,62.28559917296844,1012.4726576543075,79.77388544797923,51.43501185344445
2025-03-07 10:45:00,21.59708729132745,69.05200956554522,62.63865546218487,29.483490560652402,62.27903093997692,1015.5679143458714,80.2306076579507,51.276999626098416
2025-03-07 11:00:00,21.298074200102857,69.08563033745106,62.63865546218487,29.44804161645594,62.24123749584643,1017.2101081486742,80.71674991522877,51.1602818127058
2025-03-07 11:15:00,21.52098762809699,69.14699676635466,62.63865546218487,29.432162730653143,62.27448548677082,1019.6584116932536,80.8656435894571,51.371817213810566
2025-03-07 11:30:00,21.36666448218981,69.21092221266863,62.63865546218487,29.43281923887001,62.455896609089976,1024.6107903466068,81.21318155386287,51.58205493787938
2025-03-07 11:45:00,21.30702109869767,69.25858691930334,62.63865546218487,29.385260913951647,62.172530853709766,1031.458882579959,81.25621999312212,51.395386893488975
2025-03-07 12:00:00,21.246184846749884,69.22418133656168,62.63865546218487,29.40297023041034,62.32890936973235,1028.377638044807,81.30619015336018,51.55537155787821
2025-03-07 12:15:00,21.497125045789645,69.2125165956953,62.63865546218487,29.39410560171784,62.23869861916966,1042.52462947569,80.54369372200607,51.38163437777397
2025-03-07 12:30:00,21.945969288190113,69.24734826075928,62.63865546218487,29.376128487136427,62.32007003464625,1043.631568573279,80.94439118647796,51.13062340114931
2025-03-07 12:45:00,22.009908887961007,69.38559754299713,62.63865546218487,29.408484954586235,62.54724415771478,1044.8638794594583,81.78187028879502,51.09846168611393
2025-03-07 13:00:00,21.904182199124396,69.45897718827537,62.63865546218487,29.433599397057105,60.76498157269395,1045.6542980079373,81.10168748023851,51.07454112915535
2025-03-07 13:15:00,21.70046486250783,69.42437996276203,62.63865546218487,29.42397143229773,60.976886177334784,1034.9646837587425,81.13976647212628,51.28722613076481
2025-03-07 13:30:00,21.47518522532219,69.47938208741563,62.63865546218487,29.48312819113618,61.24550113140267,1041.789671631146,80.9691837896473,51.22099640744692
2025-03-07 13:45:00,21.765559493890134,69.41478569676029,62.63865546218487,29.528578186115006,61.16765720330511,1036.9951901251366,81.39305203304204,51.353079572150726
2025-03-07 14:00:00,21.70559565270944,69.50928216565893,62.63865546218487,29.516228143097226,61.283159326930814,1035.6091388072682,81.01325060595194,51.306412398221745
2025-03-07 14:15:00,21.7790093691458,69.59819482598462,62.63865546218487,29.552672676813383,61.21142913542002,1039.0672026602278,81.24400715473561,50.90265877722716
2025-03-07 14:30:00,21.64192850826991,69.63319777738037,62.63865546218487,29.539044851010193,61.332156471946774,1037.4534398457793,81.04787348061913,51.331979783312725
2025-03-07 14:45:00,21.384268481289464,69.78400569230219,62.63865546218487,29.47493191087338,61.247206466563824,1035.067450715997,80.2868111595117,51.28647420831124
2025-03-07 15:00:00,21.07279544818817,69.75545462676827,62.63865546218487,29.4643470072971,61.343460398829606,1036.2359459380061,81.30068334996353,51.134215756178136
2025-03-07 15:15:00,21.415781493601482,69.85350178563488,62.63865546218487,29.47263477317894,61.480557334645745,1032.4100402984027,81.53252182345214,51.0277028879893
2025-03-07 15:30:00,21.57529314004342,69.83822394085057,62.63865546218487,29.439788452475714,61.58802879932651,1034.4975101961536,81.40740971769095,50.98547708604125
2025-03-07 15:45:00,21.527954058304328,69.89778017322831,62.63865546218487,29.41940496328489,61.270138236876264,1028.1753494773238,81.42287464629177,50.77666587703154
2025-03-07 16:00:00,21.552394192703225,70.1361729551493,62.63865546218487,29.42826396952345,61.40191171614299,1021.7815269587586,81.40674608098513,51.18570740371819
2025-03-07 16:15:00,21.307799378325765,70.1730426001796,62.63865546218487,29.402563707240308,61.58826244965571,1025.384557850849,81.15161122932044,51.16077629816832
2025-03-07 16:30:00,21.185121564665394,70.27844468587699,62.63865546218487,29.381948585030695,61.541429681688534,1029.95697586341,81.56346837764268,51.242016623034786
2025-03-07 16:45:00,21.359735654974855,70.41733621900921,62.63865546218487,29.325615355223423,61.559105034921586,1032.6402736072696,81.33360567059792,50.81963691428357
2025-03-07 17:00:00,21.64813148971842,70.30571886215104,62.63865546218487,29.37668642375918,63.458312896829895,1031.942367308634,80.89757141089761,50.8428993202237
2025-03-07 17:15:00,21.875759752238352,70.43408706577497,62.63865546218487,29.37374782097119,63.57290581811968,1035.3821510818614,81.68939022162746,50.63268791700784
2025-03-07 17:30:00,22.163935508338646,70.47341691045948,62.63865546218487,29.387909480205906,63.718317292407754,1033.9968164819122,80.70310161698679,50.37972977061853
2025-03-07 17:45:00,22.26395919309416,70.59043177556059,62.63865546218487,29.393518126518423,63.62302379884853,1023.8054866966819,81.34479235001854,50.55066696917838
2025-03-07 18:00:00,22.293932662897475,70.63360754111497,62.63865546218487,29.386074471765788,63.43715751138955,1019.6318899456713,81.51749819552347,50.73207050649663
2025-03-07 18:15:00,22.32763837321404,70.6874771257412,62.63865546218487,29.3854172175767,63.36650539693449,1021.9717907997734,81.49561773399661,50.675718682872386
2025-03-07 18:30:00,22.553230688863255,70.68667869236909,62.63865546218487,29.36350301890026,63.3144927562243,1021.4402144173911,80.84262106944765,50.6623388652776
2025-03-07 18:45:00,22.82246418389573,70.69871782540437,62.63865546218487,29.36740760886186,63.08145660123001,1026.9430144528778,81.43431304068291,50.86430718729774
2025-03-07 19:00:00,22.62070470176512,70.61920404953936,62.63865546218487,29.344670876290447,62.94678510688435,1030.5354464671352,81.48159928825683,51.05673354189446
2025-03-07 19:15:00,22.514857796928595,70.6677702286662,62.63865546218487,29.31700389219295,63.00537114511721,1024.4535707302678,81.17681681442662,51.02547666595257
2025-03-07 19:30:00,22.370712724348525,70.68780903490794,62.63865546218487,29.310065228233768,63.21169966619628,1031.4142752740104,80.94099654070861,50.93744110263516
2025-03-07 19:45:00,22.295935640052402,70.65693484221542,62.63865546218487,29.289616735089957,63.36391521021885,1036.5807834387285,81.40359526492593,51.302556670486744
2025-03-07 20:00:00,22.33179540857041,70.80263221251806,62.63865546218487,29.291896513780138,63.32549392645995,1030.608655391672,81.00656798488414,51.33772663167278
2025-03-07 20:15:00,22.244526636047954,70.84343198792486,62.63865546218487,29.258463869968157,63.525090757047614,1028.0054142416354,80.79633557797948,51.48737419201662
2025-03-07 20:30:00,22.002683180389592,70.87080972998807,62.63865546218487,29.29283375310062,63.6127787143778,1023.1089769429375,80.73812362112429,51.75805309593905
2025-03-07 20:45:00,22.008722059152444,70.9186524050354,62.63865546218487,29.245783983422903,61.64602253695674,1027.0036768736813,81.08623568494288,51.68603814564116
2025-03-07 21:00:00,22.006355728076603,71.06219861785722,62.63865546218487,29.2212666790806,61.564821032326954,1028.9053861891266,80.53327302801648,51.50275856499442
2025-03-07 21:15:00,22.26252868485606,71.18543771124959,62.63865546218487,29.195406669351087,61.511438180865454,1021.8956786316105,80.4189384765093,51.362891860933516
2025-03-07 21:30:00,22.371869790363334,71.18918577368277,62.63865546218487,29.115370987255396,61.48112047410152,1026.34919940609,80.4255480032249,51.44457238516234
2025-03-07 21:45:00,22.365400147719818,71.2088153952377,62.63865546218487,29.089591076883274,61.648140231914496,1032.6378885474014,80.04138609206099,51.85232578691785
2025-03-07 22:00:00,22.172492944214266,71.18055586363833,62.63865546218487,29.077920874323304,61.89905601918387,1023.8705424373838,79.80272613484861,52.02828440841841
2025-03-07 22:15:00,22.30105666134903,71.25057217926843,62.63865546218487,29.098289007736014,62.07413058371231,1016.3230958245931,80.16532922836073,51.85336506411204
2025-03-07 22:30:00,22.252987390228174,71.25353907937611,62.63865546218487,29.075253578417815,62.00781680166123,1031.2854125707486,79.80975376905239,52.14489041223181
2025-03-07 22:45:00,22.28536477715522,71.28787280068123,62.63865546218487,29.059981309127835,61.93139970212082,1035.4497875201628,80.11845571220954,52.08183940157254
2025-03-07 23:00:00,22.483298497031214,71.3501161331787,62.63865546218487,29.079133911066823,62.14597615060459,1032.7728462476784,81.15399075343753,51.722683845072076
2025-03-07 23:15:00,22.72755430744445,71.30184854885177,62.63865546218487,29.034536946955235,62.148638506422614,1036.02313801129,80.27905840466167,51.63241277590169
2025-03-07 23:30:00,23.035219981025534,71.3412926927125,62.63865546218487,29.034546854992694,62.25254561574625,1044.5870193084352,80.34260926061748,52.08206316493651
2025-03-07 23:45:00,23.067132838693066,71.28545470037876,62.63865546218487,29.02667607294071,61.89362852184173,1047.3825584074277,80.03378477044242,51.99262582963228
2025-03-08 00:00:00,23.196399720802557,71.10764270833296,62.63865546218487,29.008597105926643,61.67598688684052,1045.4572198744645,80.2027561872198,51.99868894676179
2025-03-08 00:15:00,23.249872316068355,71.06348771314491,62.63865546218487,28.995494680643215,61.85437828342888,1044.3098701798197,80.44920987923395,51.9182181942505
2025-03-08 00:30:00,23.34018293509723,71.0790669857232,62.63865546218487,29.005513055983446,62.06866786568244,1041.476033752119,79.84123295865624,51.48021761724582
2025-03-08 00:45:00,23.325158080399753,71.00777557645877,62.63865546218487,28.999279259551674,63.91981905019046,1037.7848977181363,80.6356530794734,51.36479346012463
2025-03-08 01:00:00,23.308854282625486,71.02873476856445,62.63865546218487,29.040567951094356,63.94348557111044,1036.1779975046475,79.71084871145607,51.157542286761405
2025-03-08 01:15:00,23.150757684234957,71.00922194864924,62.63865546218487,29.07228316628167,64.00678727555525,1035.5082894607795,80.01419092831546,51.374520681579305
2025-03-08 01:30:00,23.063491295895354,70.90386898599859,62.63865546218487,29.011434184215066,64.10101903783772,1034.037976629441,80.3929964334302,51.46420164266043
2025-03-08 01:45:00,23.290769165631154,70.8127550407226,62.63865546218487,29.028546205683703,64.30866498583948,1028.9431972937982,79.69006316552613,51.130919594354694
2025-03-08 02:00:00,23.44298333697684,70.7452441429737,62.63865546218487,29.041064634410876,64.71020861278868,1035.6869790752933,79.959530464689,51.22957803273685
2025-03-08 02:15:00,23.863957687531993,70.7212308040056,62.63865546218487,28.995543649064096,64.5121872553814,1028.2804392542394,79.21775552201815,51.40577550323703
2025-03-08 02:30:00,23.268599150541473,70.64152964751662,62.63865546218487,29.01282468405067,64.7567773900182,1035.9252414545222,80.06633355696637,51.48057980443438
2025-03-08 02:45:00,22.939374082131486,70.61844528149085,62.63865546218487,28.950660799538383,64.3632698673271,1044.337168618925,79.87757395341865,51.535238782655135
2025-03-08 03:00:00,22.708577868917967,70.49693402212799,62.63865546218487,28.9416960431345,64.37973275979006,1042.247389395421,80.68319255118972,51.690044298921094
2025-03-08 03:15:00,22.647410187032182,70.46875890085049,62.63865546218487,28.9255445917105,64.22020342220935,1045.5497260468087,80.07083570861214,51.2469746299876
2025-03-08 03:30:00,22.488213694985625,70.41364047275181,62.63865546218487,28.935285731146294,64.28340033178061,1035.559283815386,79.81894007729375,51.534903460488756
2025-03-08 03:45:00,22.585659272424593,70.40002087042843,62.63865546218487,28.951645649414978,64.074912336639,1033.7101443131653,79.90812650338891,51.26829296192384
2025-03-08 04:00:00,22.65130615376381,70.51777381237378,62.63865546218487,28.96483592794908,63.77150405726745,1029.3715451785424,79.55843445838775,51.222013079619074
2025-03-08 04:15:00,22.416829188304934,70.43804085198397,62.63865546218487,28.879777518760772,64.02707088471769,1027.0762855213293,79.72031208761736,51.0186419163245
2025-03-08 04:30:00,22.61963152003071,70.46924348064576,62.63865546218487,28.93094840811954,63.943907793599536,1028.4884037903323,80.43232291438282,50.99155077051903
2025-03-08 04:45:00,22.69937012037795,70.59321251872625,62.63865546218487,28.920319329456213,61.76482687119471,1025.1557159708168,79.30987008135777,50.82297140807374
2025-03-08 05:00:00,23.00014469290091,70.58594607136595,62.63865546218487,28.953744384206374,61.829315750562685,1030.6895375293307,80.50933354800766,50.88556218148449
2025-03-08 05:15:00,23.229334376880278,70.59510959233585,62.63865546218487,28.96805974563554,61.83442845372427,1037.1902471312235,79.63556859986029,50.927670132681236
2025-03-08 05:30:00,23.222539341257544,70.56481875078846,62.63865546218487,28.92814419700718,61.430365606369726,1028.8745346438996,79.29704375763214,50.503992953646296
2025-03-08 05:45:00,23.06684859796301,70.45415705517979,62.63865546218487,28.97261185318954,61.32259361784046,1022.5416500501932,79.99174228903588,50.81954992701612
2025-03-08 06:00:00,22.862945570875134,70.3586935605306,62.63865546218487,28.94219478617557,61.608588860957035,1021.3147613946485,79.55443794622535,50.75294440875132
2025-03-08 06:15:00,22.86348115904417,70.36382309047478,62.63865546218487,28.963598491934718,61.85770329898688,1024.4738637117184,80.2379220407844,50.59348737456073
2025-03-08 06:30:00,23.240957711833964,70.44555630342579,62.63865546218487,28.982175640122318,61.78327544725697,1019.1900867633171,80.26140626596211,50.97751100812415
2025-03-08 06:45:00,23.137234413449008,70.57428151850479,62.63865546218487,28.94096089809094,61.588860372570494,1015.3881019189464,79.88066121475735,51.10702339428382
2025-03-08 07:00:00,23.251418329439716,70.60312360375178,62.63865546218487,28.92353942633594,61.38820172472877,1019.5233465141534,79.45619370259514,50.968977645887676
2025-03-08 07:15:00,22.689046863118442,70.67950238479668,62.63865546218487,28.95387111210082,61.16962807039954,1023.8324349949091,79.38420991722084,51.08614562221774
2025-03-08 07:30:00,22.774101878474536,70.6971697707776,62.63865546218487,28.90829416019639,61.18579792984594,1029.861987020963,79.79546258498596,51.03960161962892
2025-03-08 07:45:00,22.64432133753022,70.6888705843038,62.63865546218487,28.99647748911842,60.930465110865796,1025.2899055091254,79.21370685070669,50.77836419571416
2025-03-08 08:00:00,22.439167242313825,70.65060206769996,62.63865546218487,29.014050912530376,61.17070169293292,1028.8514782084583,79.50980119807586,50.589671375950616
2025-03-08 08:15:00,22.4491114635827,70.52669993495728,62.63865546218487,29.097253424659996,61.105285730688216,1029.4675570538848,79.76463047849073,50.380481097485216
2025-03-08 08:30:00,22.19281468051529,70.4551315246848,62.63865546218487,29.0685414049797,61.08797363846925,1033.6973369261148,80.78739669072351,50.57503516319103
2025-03-08 08:45:00,21.809117438287227,70.50324489001031,62.63865546218487,29.085048697535164,63.003621424316165,1023.065005286766,79.76644720010908,50.85551273606744
2025-03-08 09:00:00,21.275292068405236,70.45758527260504,62.63865546218487,29.114837703098924,62.88164266674662,1024.218500760063,79.38788234708291,50.68751848724548
2025-03-08 09:15:00,21.284590416688182,70.47540318374253,62.63865546218487,29.117686634273056,62.684478403297206,1021.6184309752975,80.51195625356046,50.883225042026844
2025-03-08 09:30:00,21.242855609064915,70.44281043115708,62.63865546218487,29.11846352361536,62.53403414922443,1025.3129592290124,80.29777269965112,50.809764183518574
2025-03-08 09:45:00,21.43363504998907,70.44359742782818,62.63865546218487,29.130049796187674,62.37663550155131,1019.5777239094472,80.0457058375729,50.29541463554098
2025-03-08 10:00:00,21.198315522424597,70.38886461077539,62.63865546218487,29.129159234626243,62.766737066561134,1017.8283938148116,80.57087077743715,50.53719367643418
2025-03-08 10:15:00,21.213224741925426,70.42240443012484,62.63865546218487,29.11534507193201,62.904220789341494,1025.9505371464327,79.93598491676045,50.69238524648853
2025-03-08 10:30:00,21.115859779243355,70.40892778885285,62.63865546218487,29.227548487283112,62.95410690283025,1029.244579050042,80.67385456444285,50.542545113380534
2025-03-08 10:45:00,21.577882828950457,70.30550330180854,62.63865546218487,29.229975541844667,62.86045791244848,1022.6710197874893,79.5955205987891,50.781295435272646
2025-03-08 11:00:00,21.60943173179054,70.255937883561,62.63865546218487,29.216391680241557,63.347242075467925,1025.6384389280252,80.97018074447897,50.666865715133255
2025-03-08 11:15:00,22.03258953162281,70.27147848677822,62.63865546218487,29.19963690089299,63.54189417722083,1017.8928384095119,81.25981448836707,50.31027708182942
2025-03-08 11:30:00,22.000108525119124,70.29508628303944,62.63865546218487,29.235024575834377,63.686171786152435,1020.3281831339174,80.5985404815216,50.503573495285664
2025-03-08 11:45:00,21.922977000239765,70.29126845082311,62.63865546218487,29.308435697946265,63.598524651526006,1023.561386609426,81.14367805039618,50.40901537997487
2025-03-08 12:00:00,21.956100220815216,70.26265419546536,62.63865546218487,29.372176236861613,63.443108513709106,1020.838757039384,81.16962094996066,50.571876951388866
2025-03-08 12:15:00,21.832252453198468,70.24310872581388,62.63865546218487,29.424090557172203,63.57454762067169,1017.0057354020341,80.46444253878511,50.65124850260168
2025-03-08 12:30:00,22.274048695362957,70.2391021065365,62.63865546218487,29.46390701134859,61.92884453916641,1023.6140552383574,80.86168655293142,50.206677780316674
2025-03-08 12:45:00,22.30677532439166,70.17168462956566,62.63865546218487,29.506192204812912,61.93105614216523,1016.4885863582298,79.80017502812915,50.15842797305715
2025-03-08 13:00:00,22.22697977299164,70.20331719333764,62.63865546218487,29.574898722196632,61.98779189099664,1017.7860750861021,81.321329355752,49.93308617361956
2025-03-08 13:15:00,22.030431915378287,70.33376198975894,62.63865546218487,29.591142259319508,61.93993153467021,1019.6873080675489,81.13344789456086,50.060537715232634
2025-03-08 13:30:00,21.511862608384032,70.18886701192686,62.63865546218487,29.62472029954708,61.714063138682,1026.3457504004111,80.82442104788187,49.86656886987323
2025-03-08 13:45:00,21.59099329641886,70.14511774481512,62.63865546218487,29.677791641174245,61.83591936751318,1017.0579806755322,81.37796893599972,49.849317768964625
2025-03-08 14:00:00,21.835085117281967,70.14042232150796,62.63865546218487,29.713264573117506,62.13742281804167,1018.4567738259378,81.30266474324212,49.738914138113415
2025-03-08 14:15:00,21.766674022687713,70.17327587254016,62.63865546218487,29.680538715114377,62.2058179945905,1022.6046712809618,80.7856640792433,49.600815750663706
2025-03-08 14:30:00,21.645488462724824,70.18960579007174,62.63865546218487,29.71227367263421,62.258873294864344,1019.8246152268887,80.75770182437466,49.736901386080916
2025-03-08 14:45:00,21.20906287426187,70.17913516063958,62.63865546218487,29.745486940377276,62.403362513973164,1025.7013375297013,81.27677568353027,49.76360097399462
2025-03-08 15:00:00,21.128289057216993,70.12809281151335,62.63865546218487,29.706361251222976,62.38657913529583,1031.6929144406447,80.90527397132493,49.70469450632712
2025-03-08 15:15:00,21.05922588548974,70.08024410235258,62.63865546218487,29.7584844625456,62.52465819303838,1020.6828879524953,81.58563537785341,49.55380407192857
2025-03-08 15:30:00,21.31384832488808,70.15310177451829,62.63865546218487,29.746585938450227,62.33474018154339,1013.440084086517,82.43120802792626,49.345889519053905
2025-03-08 15:45:00,21.591480492386932,70.19031671959121,62.63865546218487,29.74884177517642,62.80911053730651,1019.4701526350899,81.66641854294157,49.16992924342744
2025-03-08 16:00:00,21.527410843585532,70.22772654263271,62.63865546218487,29.767568357932536,63.40519660152265,1015.5883797530196,81.5345052868435,49.2388680915411
2025-03-08 16:15:00,21.295644964600417,70.34334144044017,62.63865546218487,29.795666159101813,63.6629798882556,1019.6685531574075,81.36479084549842,49.150247339335884
2025-03-08 16:30:00,21.1349571406341,70.24043858886658,62.63865546218487,29.7686945037317,65.13644417520874,1022.1977799392198,81.6069551017962,49.684997636843185
2025-03-08 16:45:00,21.26378530705923,70.19419035344967,62.63865546218487,29.787213477092756,65.14093504004921,1021.0197289843537,81.01273186458232,50.180045329145024
2025-03-08 17:00:00,21.477671252241898,70.01356452687871,62.63865546218487,29.730712717788705,65.34305998026461,1022.856781382319,81.36475177112612,49.94625109334963
2025-03-08 17:15:00,21.654328863518014,70.02301613673215,62.63865546218487,29.695339925588296,65.68233342869313,1016.593096212028,81.021218896224,50.25227648507364
2025-03-08 17:30:00,21.844983343490156,69.929539656048,62.63865546218487,29.672456742933495,65.79353806994251,1017.8370886955777,81.33180237068105,50.097976511673544
2025-03-08 17:45:00,21.945609085866682,70.01477426991408,62.63865546218487,29.630501163894984,65.92474076898459,1013.7600825580722,81.49609977196084,50.43150960159718
2025-03-08 18:00:00,21.935912276607358,70.23682485195603,62.63865546218487,29.60464469517947,65.85279958689962,1013.6999736539932,81.08705893305,50.21772662036617
2025-03-08 18:15:00,22.349724015340385,70.22653695777967,62.63865546218487,29.565512067542468,65.95529010295552,1014.5119831786526,81.2018196138718,50.4249819712434
2025-03-08 18:30:00,22.502170882642726,70.22954588150415,62.63865546218487,29.585784579861034,66.32276197024493,1010.5589991732129,80.61309283279836,50.47047002283158
2025-03-08 18:45:00,22.855887209517533,70.25134796624528,62.63865546218487,29.615611920598845,66.48912998619913,1014.2814555860382,81.03235912283195,50.374964089168735
2025-03-08 19:00:00,22.736969820443395,70.2527499840547,62.63865546218487,29.707140407418393,66.43533610081273,1009.5935268507828,81.18034795680254,50.57942786575849
2025-03-08 19:15:00,22.618834035320134,70.15166935464997,62.63865546218487,29.652985929698325,66.46208483408957,1006.1868204052498,81.17069102447125,50.236369103539865
2025-03-08 19:30:00,22.578282006066903,70.14054236604326,62.63865546218487,29.698257302289836,66.20245534429269,1008.4845714666682,80.22159621364953,50.209568759265025
2025-03-08 19:45:00,22.345163412860966,70.31431356962115,62.63865546218487,29.660480446304813,65.78573281887283,1005.024277326378,81.04927327085959,49.80360380207895
2025-03-08 20:00:00,22.432203920827977,70.34694246759786,62.63865546218487,29.605826658161785,65.82399324131214,1002.6984125886115,80.82275814680928,49.446608947216745
2025-03-08 20:15:00,22.5647768187112,70.43952536348831,62.63865546218487,29.572535685891946,65.64044957976535,1004.2109646325503,81.2233700707675,49.2222887444628
2025-03-08 20:30:00,22.445757908751105,70.40289603256252,62.63865546218487,29.564334010117875,63.819613082839105,1008.0203614970064,80.80441391421684,48.939249010600065
2025-03-08 20:45:00,22.441031175942786,70.51093874363268,62.63865546218487,29.525480176874463,63.57718021469714,1005.9572569858551,80.91172532414723,49.14932560169943
2025-03-08 21:00:00,22.341921841741996,69.37647366579773,62.63865546218487,30.050723279412086,63.39059048950212,1027.9565401990887,81.50608810438378,49.01544742211049
2025-03-08 21:15:00,22.553652549468406,69.48386335940478,62.63865546218487,30.019578804343908,63.41376566135947,1030.2727433797234,81.58445681773145,48.62917874357658
2025-03-08 21:30:00,22.71073571381527,69.47011679851623,62.63865546218487,30.019777005756122,63.362984024937575,1024.5441852564695,80.90999892237947,48.91791256280543
2025-03-08 21:45:00,22.65129439031744,69.41538946734994,62.63865546218487,29.984682663421726,63.66593483247864,1024.5116650545306,80.6238124137192,49.16629250801245
2025-03-08 22:00:00,22.774429200777202,69.33481683456806,62.63865546218487,29.936913771503026,64.19624028232528,1024.67477347246,80.88572169752123,48.87935701235199
2025-03-08 22:15:00,22.382264274561354,69.51153877928377,62.63865546218487,29.969190680185108,63.840545361427566,1023.9876518202359,80.73914465475188,48.95714742492471
2025-03-08 22:30:00,22.39841816953659,69.58760978295184,62.63865546218487,29.943736926681076,63.71927480710224,1025.7638064615303,80.63019849717087,48.989104185113945
2025-03-08 22:45:00,22.534895021858567,69.55113633748921,62.63865546218487,29.95353989830201,63.43666754349583,1025.850078314891,80.32852760484772,49.0453779011387
2025-03-08 23:00:00,22.669358027119298,69.39906304719818,62.63865546218487,29.969125381898536,63.34739496006562,1030.2435137461214,80.45984265244803,49.25916298904184
2025-03-08 23:15:00,22.724921469888894,69.33267179273419,62.63865546218487,29.96725201117721,63.34926497862519,1024.3943071743447,80.06501790774101,49.42726780873201
2025-03-08 23:30:00,22.58328502764089,69.33269488868359,62.63865546218487,29.948623785103532,63.467304456437695,1022.3442853519533,80.75531377816877,49.55211823014431
2025-03-08 23:45:00,22.765704123009023,69.3453428329453,62.63865546218487,29.95849076225971,63.25291903234188,1028.5828955577006,79.87592277548244,49.545963506160255
2025-03-09 00:00:00,23.167633469977545,69.3119289760839,62.63865546218487,29.93932551164334,63.242852346444494,1022.8281597473633,79.6490307979258,49.895470836289384
2025-03-09 00:15:00,23.260683798234272,69.18848855844614,62.63865546218487,29.9331074871028,65.02651881396257,1026.1224156820201,80.54332227430197,50.10898362919052
2025-03-09 00:30:00,23.63801402022704,69.12260215284562,62.63865546218487,29.972934104757606,65.39513678133707,1025.3006113271144,80.61105085718151,49.97639692583232
2025-03-09 00:45:00,23.931388598530134,69.26440615166226,62.63865546218487,29.905654989170518,65.10031685916924,1022.0718220501233,80.64026828597046,49.90661859869322
2025-03-09 01:00:00,23.83886148067655,69.17277206211281,62.63865546218487,29.912618196653565,64.9812748793618,1029.4108208792884,80.84544936527,49.53234331877845
2025-03-09 01:15:00,23.526407236567838,69.21220885130477,62.63865546218487,29.959328734608697,64.97876451472487,1029.0265009935115,80.22692904733228,49.425524786999226
2025-03-09 01:30:00,23.228974364043186,69.23109830970233,62.63865546218487,29.940309113865556,65.060593345467,1028.9290878620711,79.87458360184512,49.586650620293646
2025-03-09 01:45:00,22.98040671908509,69.3080104709897,62.63865546218487,29.923723244516385,65.1553589660349,1024.426989250101,80.14162098161282,49.5545427388261
2025-03-09 02:00:00,22.94292226904793,69.3216473945725,62.63865546218487,29.984806728012167,65.19696796404519,1024.1275355880346,80.0622788099387,49.67595733684278
2025-03-09 02:15:00,23.072357985439,69.25294982201558,62.63865546218487,30.033110276955043,65.19577403397948,1028.4283431114466,79.82978536223051,49.40301428737771
2025-03-09 02:30:00,22.792894614351074,69.23870221589486,62.63865546218487,30.055102415769348,64.96473017084188,1023.8869796590567,79.7252031153771,49.41919863869052
2025-03-09 02:45:00,22.47189682307133,69.20884317106106,62.63865546218487,30.149645556674226,64.6428713325185,1015.1207497954174,80.12074571561135,49.480360933176165
2025-03-09 03:00:00,22.398331525427725,69.19475956805823,62.63865546218487,30.08456262890069,64.74063012439183,1015.4732630957444,79.52910831253281,49.2772177533154
2025-03-09 03:15:00,22.35380544567157,69.08074058921795,62.63865546218487,30.03202594382133,64.84302322708783,1013.3195887553474,79.32267595843696,49.50812298115869
2025-03-09 03:30:00,22.776456434383306,69.04093681829946,62.63865546218487,29.99533820227855,64.47105582362543,1015.4100981929756,79.53263572911557,49.5868648563941
2025-03-09 03:45:00,22.82111178167702,68.92585501901107,62.63865546218487,29.985118916939527,64.23865564643474,1014.8060666809007,79.4389063864833,49.183656368894376
2025-03-09 04:00:00,22.641546943486432,68.92961464465934,62.63865546218487,30.005088137052287,64.2141941623279,1012.8880852681401,79.52707155194379,49.27071995049254
2025-03-09 04:15:00,22.42182420476578,68.9214023011906,62.63865546218487,29.95292868810856,62.420754243335914,1016.1335434537533,79.18671074919693,49.08875613585188
2025-03-09 04:30:00,22.58003515089511,69.00820788468504,62.63865546218487,29.966574153764174,62.30758925656994,1015.8143647064202,79.22055772433426,49.30369461862713
2025-03-09 04:45:00,22.75246317505697,68.94957840870434,62.63865546218487,29.967343380847268,62.65970969780794,1014.2887167368195,79.65873647555244,49.35903113981502
2025-03-09 05:00:00,23.02235824842654,68.83512282772136,62.63865546218487,29.88225545305345,62.659435118544714,1009.971540207635,79.49025409690134,49.37436635820876
2025-03-09 05:15:00,23.333440763836542,68.74844622981684,62.63865546218487,29.843709553068614,62.983397125107224,1015.3306628721018,79.28436393054542,49.67615118005499
2025-03-09 05:30:00,23.66445624157229,68.70399900548516,62.63865546218487,29.84027268596263,62.68462098571043,1015.5970167088203,79.1302847714674,49.456050531003356
2025-03-09 05:45:00,23.318547250334188,68.67444819589856,62.63865546218487,29.867968254582173,62.46495972851431,1020.4901543060686,78.94763549898386,49.64530297759378
2025-03-09 06:00:00,23.238128959694787,68.58965270286596,62.63865546218487,29.922263151133325,62.89280122127939,1019.3221560748796,79.00376777759566,49.27021698994647
2025-03-09 06:15:00,23.190419867625064,68.58525417675902,62.63865546218487,29.929928969085626,63.230274236128274,1012.119888077804,79.55164237162785,49.246951866402654
2025-03-09 06:30:00,23.0874434329882,68.60968003864734,62.63865546218487,29.93708586796244,63.45698399504975,1008.2541355416154,79.511900792677,49.40232485015634
2025-03-09 06:45:00,23.220328556400833,68.66531514744018,62.63865546218487,29.905054698451938,63.38356542760391,1008.8454000902765,79.14689981980582,49.498388570358834
2025-03-09 07:00:00,22.90542244986823,68.60283781036894,62.63865546218487,29.910880242558918,63.200848393144504,1007.4117921895631,79.53694522204997,49.34959266924927
2025-03-09 07:15:00,22.59586852075421,68.53750560381518,62.63865546218487,29.906733985875793,62.93316119541857,1003.1021323046355,78.91502577446445,49.30608357941261
2025-03-09 07:30:00,22.439122611126432,68.54299858018483,62.63865546218487,29.926176549708224,63.03577021348192,1003.1407045311944,79.17796917330371,48.941034845250414
2025-03-09 07:45:00,22.605552258129073,68.68594557178594,62.63865546218487,29.967528607931243,62.93237554015614,1010.1329673338001,79.32898914347219,49.041791523918256
2025-03-09 08:00:00,22.485213487471185,68.67499490032924,62.63865546218487,29.950539650866244,63.10759444512062,1009.7266598315382,79.7192864504397,48.83125546362338
2025-03-09 08:15:00,22.498533832333006,68.52050626170191,62.63865546218487,29.9642327411788,65.12358544185797,1006.411976099506,79.003784297323,48.68076902141266
2025-03-09 08:30:00,22.31012500453432,68.48258847843105,62.63865546218487,29.916343127659125,65.11606459011196,1010.1766370961698,79.73139907307433,48.535153341236004
2025-03-09 08:45:00,22.314985737424802,68.29226177413148,62.63865546218487,29.879810225833566,64.96572839639622,1020.6653109698968,79.65080278867558,48.48834110885542
2025-03-09 09:00:00,21.883882125833686,68.28862602586659,62.63865546218487,29.931292723937197,64.90695139238407,1015.4530998456399,80.43866157663136,49.13337349129587
2025-03-09 09:15:00,21.716440566724895,68.31060258998612,62.63865546218487,29.941623723720497,64.67237789095437,1021.8301895946131,80.50592986148645,49.5824457569872
2025-03-09 09:30:00,21.65199163478828,68.41852808202486,62.63865546218487,29.9723624533721,65.01334295080657,1016.4924971018597,79.68710352945075,49.75591848885349
2025-03-09 09:45:00,21.854946057561385,68.38654638842107,62.63865546218487,29.99410758395208,64.93656859846101,1004.2319226157252,80.16342134499075,49.67199289951068
2025-03-09 10:00:00,21.502120215474232,68.38237528403118,62.63865546218487,30.01220085933662,64.48377670778378,999.517164105485,80.71714404966978,49.88695002491061
2025-03-09 10:15:00,21.603958481704396,68.37780056659528,62.63865546218487,30.0801345560544,64.52252531357084,1001.2852494232379,80.24252319998996,49.701898681830095
2025-03-09 10:30:00,21.560026182745908,68.40442213325201,62.63865546218487,30.113332236130674,64.88418357253009,1007.4068665129079,80.38502864610966,49.94866883907681
2025-03-09 10:45:00,21.582885019264737,68.3334519891164,62.63865546218487,30.12831183173963,65.09674017960836,1004.2143415784624,81.11318274911034,49.88892756078279
2025-03-09 11:00:00,21.695148017098816,68.33633455346947,62.63865546218487,30.061669105881407,64.77338484320748,1004.4848635927337,81.71181492052509,49.87476810546656
2025-03-09 11:15:00,21.929114020158796,68.33125163608868,62.63865546218487,30.061083589846042,64.96921423619031,1001.3262314852041,81.07337596316191,50.093897144327855
2025-03-09 11:30:00,21.96186468312545,68.41825889632132,62.63865546218487,30.068730775885278,64.99363742228016,995.720962506825,81.15206265799604,49.95422094969575
2025-03-09 11:45:00,21.76127698495101,68.54508943521257,62.63865546218487,30.041440903033237,64.8113125328833,1001.2037894452446,81.34219209634652,50.0007100680941
2025-03-09 12:00:00,21.97148971157231,68.57834459113171,62.63865546218487,30.02360596807984,64.7858203724081,994.5418269064037,80.9889686639409,50.229524213035354
2025-03-09 12:15:00,21.800396168972117,68.56755089343483,62.63865546218487,30.04267988152153,62.90897584532951,989.7168900480071,81.77252936064104,50.15912025741706
2025-03-09 12:30:00,22.073630608205697,68.60915539558967,62.63865546218487,30.141505348828606,62.44169552474367,996.3684753675517,80.66780383833749,49.95244685753172
2025-03-09 12:45:00,22.078673117972826,68.6585630340152,62.63865546218487,30.13387543103586,62.500965802465515,994.164334309301,81.45630901134977,49.716678091717384
2025-03-09 13:00:00,22.03908226396596,68.54930361970133,62.63865546218487,30.082735831377864,62.489774502715505,993.3465429340542,80.82579359261258,49.414012478208576
2025-03-09 13:15:00,21.855790783080415,68.57293505524052,62.63865546218487,30.118992520596443,62.357787350628705,999.7369529648445,81.52278127629984,49.50801876492701
2025-03-09 13:30:00,21.77692944767344,68.60978314620459,62.63865546218487,30.177754482972425,62.53299533392935,991.5607972003431,80.77825841633425,49.83838754332367
2025-03-09 13:45:00,22.00837963112673,68.57004928011187,62.63865546218487,30.168844906449976,62.53286252422591,986.9415247272358,80.98635064217022,49.82256227581288
2025-03-09 14:00:00,22.074986569856062,68.65111598256121,62.63865546218487,30.19741038805614,62.97962309450575,993.2719535685095,81.10220263496288,50.3549502516143
2025-03-09 14:15:00,21.79896090102241,68.6764395837631,62.63865546218487,30.145465741604557,63.11616787881318,985.7385994005322,81.0609785483717,50.49615130575032
2025-03-09 14:30:00,21.922956827043656,68.71704480799335,62.63865546218487,30.16772557191387,63.167913219743376,990.3941265243682,81.12419162391434,50.486337624975874
2025-03-09 14:45:00,21.37268317290357,68.83441008757859,62.63865546218487,30.18967035193934,63.30071888684006,989.9528062007585,80.16354283578826,50.442961727924995
2025-03-09 15:00:00,21.246418795048932,68.84665432659995,62.63865546218487,30.14550092734191,63.11788653585764,987.9874856846578,80.36872385583366,50.52064720617796
2025-03-09 15:15:00,21.28519480018347,68.88452763809113,62.63865546218487,30.160354254619456,63.32348046464979,986.1467823423178,80.48668489154294,50.63001882595806
2025-03-09 15:30:00,21.54229653342772,68.99094715514953,62.63865546218487,30.156412506894608,63.15560867134978,987.4525892142908,81.4537998154098,50.317763679053236
2025-03-09 15:45:00,21.60784556759368,68.98158220645126,62.63865546218487,30.176059110154224,63.28212825929103,987.5076214944868,80.70230474897998,50.08005520110732
2025-03-09 16:00:00,21.23563705146951,68.86341226584403,62.63865546218487,30.135734076501848,64.95665284272891,990.0871750828315,80.90265429924399,50.19500809030916
2025-03-09 16:15:00,21.138805640771352,68.85871571893372,62.63865546218487,30.111762836174872,64.79453757337727,994.548154423107,80.8325433648387,50.49125802169243
2025-03-09 16:30:00,21.04478147255924,68.89018382410212,62.63865546218487,30.100636271631135,64.7592673430725,986.9282139238624,80.35079364667659,50.24965028336325
2025-03-09 16:45:00,21.300439128365863,68.8849029659751,62.63865546218487,30.014854319407313,64.83527742159245,990.0829801708819,80.78656634381163,50.323401381837286
2025-03-09 17:00:00,21.483693384677142,68.97973974893529,62.63865546218487,30.02910292512882,64.89758418119935,988.0122268344735,81.23513375868602,50.0444617535354
2025-03-09 17:15:00,21.9039969396386,68.88656319301313,62.63865546218487,29.984552492937464,64.83005244794106,982.8827758482241,80.69143315937659,50.45579593038676
2025-03-09 17:30:00,21.993967573548193,69.04475824899559,62.63865546218487,29.96710891656756,64.91313999733079,979.0243839561929,81.10062534965662,50.72136018580273
2025-03-09 17:45:00,21.981680509013945,69.06738551153917,62.63865546218487,29.9699763586041,65.06076683917264,974.9446298345499,81.05708119030193,50.704175921815676
2025-03-09 18:00:00,22.17975595879124,69.1857827059119,62.63865546218487,29.884602837333016,65.09670950099942,979.918169794603,80.50344387481954,50.72701988913415
2025-03-09 18:15:00,22.27124123030678,69.12020288814429,62.63865546218487,29.859400590358813,65.29636662236192,987.1050210036872,80.9697771571245,50.645836101479034
2025-03-09 18:30:00,22.657446769553154,69.09693343795254,62.63865546218487,29.831380782893067,65.10135602028164,974.2609355411723,80.68350562014614,50.46143291991728
2025-03-09 18:45:00,22.645357259249334,69.06677477781842,62.63865546218487,29.822223402314027,64.91417292069676,980.5836403726053,80.56366290107557,50.401178097838624
2025-03-09 19:00:00,22.533713711850385,69.06995594211348,62.63865546218487,29.845711090325757,64.53188530504038,990.2629198591419,80.9601673238206,50.49084029235865
2025-03-09 19:15:00,22.726438876728082,69.06686754376605,62.63865546218487,29.868844690685464,64.6235898198921,986.8766418879036,80.76454739539038,50.55361278974465
2025-03-09 19:30:00,22.6792568066502,69.09170544656389,62.63865546218487,29.881961184578106,64.5277583238605,985.1261665899802,80.81965703299375,50.63674808774819
2025-03-09 19:45:00,22.75612299085941,69.0580209482317,62.63865546218487,29.894572639674156,64.5857026956087,985.7060704079163,81.35742344659175,50.59810701437288
2025-03-09 20:00:00,23.1569291272813,69.09695206197398,62.63865546218487,29.8246886644383,62.6250469979644,981.5263198564912,80.7496379827747,50.41898485092459
2025-03-09 20:15:00,23.22102782370474,69.09564524949712,62.63865546218487,29.782074868476563,62.64674175037088,985.481461584637,80.69251254567217,50.01115534811699
2025-03-09 20:30:00,23.078255458304714,69.11827712506316,62.63865546218487,29.845945433085742,62.590670363768346,980.3414193718168,80.46169146263806,49.69990710022335
2025-03-09 20:45:00,22.511701295811918,69.14548833388527,62.63865546218487,29.773903816203553,62.89263315055708,985.9143297629021,80.44107524495125,50.0457910094425
2025-03-09 21:00:00,22.41459333337072,69.19487802214302,62.63865546218487,29.799428191867303,62.73967404671118,980.8546821107894,80.48993079306624,49.78425160530706
2025-03-09 21:15:00,22.558765594417885,69.22337041456946,62.63865546218487,29.763308385842528,62.35575095201854,978.751929335094,80.30369244295112,49.80394608236584
2025-03-09 21:30:00,22.64685695413281,69.28870169071902,62.63865546218487,29.7748049445484,62.201794945916,975.4601240788137,80.4747805872513,49.76547147892579
2025-03-09 21:45:00,22.698939857268343,69.21845318785469,62.63865546218487,29.799510664148844,62.11100279667742,972.3129548568826,80.4222741850146,50.02512056013127
2025-03-09 22:00:00,22.70794234826847,69.16390751793962,62.63865546218487,29.783814825510877,62.21225307300519,972.2554539467222,80.36003279231062,49.70183397284977
2025-03-09 22:15:00,22.628815794440463,69.12350386853467,62.63865546218487,29.827907661693786,62.025954908318404,969.7491168457515,80.79853321453838,50.11367381427139
2025-03-09 22:30:00,22.745783607005354,69.15754892050512,62.63865546218487,29.759574942211444,62.16030273800905,969.3419952519955,80.09470825248141,50.35871872565732
2025-03-09 22:45:00,23.020663627105005,69.15166625323543,62.63865546218487,29.736528835757515,62.20160365956537,969.3759484556792,80.35349003293389,50.17143206397087
2025-03-09 23:00:00,23.549295647982614,69.13176813035358,62.63865546218487,29.659697842787068,62.13907994536503,972.0958928870956,80.53054423624647,50.09203326751994
2025-03-09 23:15:00,23.697105853049653,69.23922157964763,62.63865546218487,29.664295042799512,62.078415634521846,970.7249294492607,79.83933523518094,50.091356769385435
2025-03-09 23:30:00,23.981736320545455,69.30721331753551,62.63865546218487,29.65501888369029,61.82945214958178,966.3278228217226,80.52979025939605,50.17461499000319
2025-03-09 23:45:00,23.804478555140726,69.36911381901385,62.63865546218487,29.638521979494303,61.60155331464605,969.4267821957,79.67738350877663,50.22684236651898
2025-03-10 00:00:00,23.68915389240828,69.33568167708034,62.63865546218487,29.690665618759006,63.233686996168146,973.189064432655,80.03475631282002,50.04721427260027
2025-03-10 00:15:00,23.825970757054712,69.31565533892372,62.63865546218487,29.64439896459945,63.21195751745534,971.7636267949946,80.55705490251509,50.07171147904659
2025-03-10 00:30:00,24.18614777398943,69.3022059929433,62.63865546218487,29.639665586477367,63.364026412641316,968.1019842685345,79.74656583701099,50.10522839068135
2025-03-10 00:45:00,24.092626083728096,69.27188608084853,62.63865546218487,29.592575758075753,63.448964631285534,971.0299956187653,80.0871406572568,49.82207109326857
2025-03-10 01:00:00,23.89743931333776,69.22677717440226,62.63865546218487,29.621712545717013,63.41340114488516,971.5819158331454,79.42545356612605,50.23952785605457
2025-03-10 01:15:00,23.809942091670052,69.23693515910486,62.63865546218487,29.624985553136323,63.55050808698554,975.7512543106465,79.70881185161883,50.12295521415123
2025-03-10 01:30:00,23.41242661436308,69.17155508131859,62.63865546218487,29.553575410059217,63.37296956611199,973.3579942632135,79.5561739637114,50.11144019456706
2025-03-10 01:45:00,23.531062616395715,69.07727412805525,62.63865546218487,29.59164308945691,63.526616910522,971.6073953506,79.76199497283162,49.69541551634751
2025-03-10 02:00:00,23.801951732072165,69.07634515353563,62.63865546218487,29.54396511074185,63.35177872104545,974.9035118159802,78.84549186971321,49.884537764439735
2025-03-10 02:15:00,23.61313163039434,69.07047323979954,62.63865546218487,29.579675493898655,63.51483458578395,968.8814172585554,78.88357202308683,50.04405154515949
2025-03-10 02:30:00,23.538474246090217,69.00331056694209,62.63865546218487,29.593097994881422,63.44258904260233,964.1376950055112,79.83579222127281,50.09044434701268
2025-03-10 02:45:00,23.332895640430355,68.95781820477461,62.63865546218487,29.62495117528292,63.634719341265,963.1651196707758,79.17825855540224,50.26687448554313
2025-03-10 03:00:00,23.231907574084833,69.00602465071694,62.63865546218487,29.628375863098494,63.35440313943887,968.643100635855,79.47887767748232,50.361371667355485
2025-03-10 03:15:00,23.265108954257823,69.1074738990786,62.63865546218487,29.629695353917924,63.77526917213516,961.6516781484136,79.3219078784522,50.64200265384774
2025-03-10 03:30:00,23.480113951125613,69.04874638585214,62.63865546218487,29.63772961524457,63.678773808358436,955.7528476512404,79.55283140980222,50.16307857958346
2025-03-10 03:45:00,23.489022406980105,69.21061901310658,62.63865546218487,29.622016309707284,61.943295565273694,964.1290800819266,79.07328962969787,50.1937763878944
2025-03-10 04:00:00,23.560757068249206,69.18689088905195,62.63865546218487,29.579049549936595,62.12447486790985,968.157896189847,79.47544407650965,50.14890786042255
2025-03-10 04:15:00,23.4031558396608,69.18789187149075,62.63865546218487,29.561471740873728,62.36441470058649,968.794423268981,79.71130714315242,50.33049371853588
2025-03-10 04:30:00,23.11940943564084,69.23129400127499,62.63865546218487,29.561069129924046,62.231265842319175,960.7775326092609,79.44494677618303,50.29080253323895
2025-03-10 04:45:00,23.2861197575758,69.26769550683468,62.63865546218487,29.60514640054701,62.07240965434402,957.5929049518293,79.35122131310555,50.44737982857087
2025-03-10 05:00:00,23.34215576611411,69.28119000288169,62.63865546218487,29.594917522081552,62.02247008965485,963.1207448516649,79.29087439384112,50.511156729909054
2025-03-10 05:15:00,23.373513552154115,69.22713357484832,62.63865546218487,29.636433566990444,61.54047217320706,967.2975073504542,79.0466634761137,50.556215023696716
2025-03-10 05:30:00,23.477351597158584,69.37280069916095,62.63865546218487,29.72335999895589,61.61635542031152,965.7953796491615,79.63818105992405,50.966639721534406
2025-03-10 05:45:00,23.117516353278,69.4936986646249,62.63865546218487,29.772417731513972,61.67294656898909,960.5553286203561,79.62990641003327,50.97590256691732
2025-03-10 06:00:00,23.03034883082425,69.56952324594401,62.63865546218487,29.81318535225204,61.793441068554465,955.7736600896108,79.51495734343469,50.91276366074987
2025-03-10 06:15:00,23.47862872929841,69.65279841973681,62.63865546218487,29.840538557720507,61.660289639557256,957.7089313121625,79.64115934763544,50.99518889281559
2025-03-10 06:30:00,23.447953503517063,69.63000800548265,62.63865546218487,29.818580188459343,61.90881080028345,964.5352874422903,79.42930581221827,50.906433332937844
2025-03-10 06:45:00,23.20107606374887,69.5700067605345,62.63865546218487,29.79062859323301,61.751250411475496,968.7175725436645,79.8402014506932,50.7469479507159
2025-03-10 07:00:00,22.923753781784036,69.5764925349413,62.63865546218487,29.816012883691798,61.782437356522124,978.2998042269779,80.07414043835354,50.597678049765534
2025-03-10 07:15:00,23.050775280921247,69.48853073887135,62.63865546218487,29.835722867863698,61.83398102941917,973.0948010478783,79.63476964111202,50.491111382927016
2025-03-10 07:30:00,22.919730373889283,69.42532550619316,62.63865546218487,29.842342164030544,61.93020762091966,969.2885376847549,79.59769050553615,50.791885116106435
2025-03-10 07:45:00,22.741527504563653,69.3004342993233,62.63865546218487,29.84010725234264,63.70987300269378,967.8072634141613,79.46140079799584,51.06515613980043
2025-03-10 08:00:00,22.720508660528598,69.37242632326158,62.63865546218487,29.777089773123976,63.741614070161305,968.6338976597228,79.47706065218324,50.900148447725755
2025-03-10 08:15:00,22.68959555983084,69.37808637960353,62.63865546218487,29.75595119668855,63.47230716549762,970.5729799821888,80.45617569003409,50.93044965974606
2025-03-10 08:30:00,22.213688690326727,69.36798635247767,62.63865546218487,29.76202755523951,63.40735690872368,971.1329197445544,79.13179993760515,50.910241876777846
2025-03-10 08:45:00,21.98640473043618,69.46782151168158,62.63865546218487,29.798275711643836,63.80572459844372,964.9466418097526,79.55686013205566,51.18394439077375
2025-03-10 09:00:00,21.440894059248507,69.4814898311147,62.63865546218487,29.78259178066662,63.74618366729942,966.6744743693292,79.81322847372475,51.1066950345971
2025-03-10 09:15:00,21.37943035468774,69.5143202145618,62.63865546218487,29.86455960460954,63.67614566144171,966.5227535963548,78.79087281490567,50.980985298358334
2025-03-10 09:30:00,21.518630199492492,69.41655356062887,62.63865546218487,29.87957423657555,63.658801284881875,967.9994839656267,79.53989481438687,51.20489549053293
2025-03-10 09:45:00,21.758861405132595,69.4718545717766,62.63865546218487,29.88860208842503,63.384713299530084,970.4431601476462,79.84486150587455,50.72250233814308
2025-03-10 10:00:00,21.785070923233548,69.49630333895635,62.63865546218487,29.908992788540075,63.64922472553931,970.4185759614446,80.32357915186866,50.37336066435547
2025-03-10 10:15:00,21.661266233116258,69.41645172111923,62.63865546218487,29.922186095493974,63.875688003152774,972.3362057584405,80.28326954905651,50.50435455928728
2025-03-10 10:30:00,21.443007999000237,69.36278230245905,62.63865546218487,29.94532652609472,63.65900371550196,967.0789556903685,80.82541643913034,50.53202300162634
2025-03-10 10:45:00,21.668068927897288,69.34541900082579,62.63865546218487,29.96184576308144,63.959495859959596,962.0655201229808,80.0171853896058,50.45568214701465
2025-03-10 11:00:00,21.755955723839833,69.31420592651236,62.63865546218487,29.989777053616045,63.95134563067038,964.7817110797639,79.74785825035535,50.84460026345573
2025-03-10 11:15:00,22.105350564719764,69.33116031206482,62.63865546218487,30.030319410566452,63.93918907280901,964.342171997638,80.03181945219688,51.1858497718503
2025-03-10 11:30:00,22.217546311053262,69.3121726096676,62.63865546218487,30.042638850455496,63.97922732957095,967.3480534446525,80.54351177057035,51.33072453705645
2025-03-10 11:45:00,22.031534005357837,69.2828088054289,62.63865546218487,30.0471363392376,62.05446332189104,967.21567530168,80.4613886918554,50.94190223102734
2025-03-10 12:00:00,22.234106881367474,69.28025463267419,62.63865546218487,30.07618341077897,62.17026960336576,963.3983742927361,79.94706759162392,50.407309204293014
2025-03-10 12:15:00,22.353648753466338,69.3197774972722,62.63865546218487,30.113675237169783,62.482630244040045,962.9028014586471,79.94687467329823,50.09233514673752
2025-03-10 12:30:00,22.046104205245214,69.3249602753909,62.63865546218487,30.144067074532458,62.54597124351323,968.2447561076673,79.84249277054418,50.23017880478499
2025-03-10 12:45:00,22.26906075759169,69.38734127115859,62.63865546218487,30.073590885309596,62.72749076252724,971.4852905268377,80.29840203670003,50.56096187414256
2025-03-10 13:00:00,21.779258222858218,69.42425887692289,62.63865546218487,30.085872672080402,62.62047609711908,973.8479052398214,79.9086209650643,50.34378395800912
2025-03-10 13:15:00,21.93490289551845,69.47792119543318,62.63865546218487,30.13682610358689,62.65834689170948,969.6911127154749,80.38255962859103,50.36148421353475
2025-03-10 13:30:00,21.63313368615921,69.46864371984125,62.63865546218487,30.07141104811497,62.38064650449748,975.182736531241,80.06820579704203,50.401168270682064
2025-03-10 13:45:00,21.760675992358223,69.65027414679916,62.63865546218487,30.09108161607884,62.68788189901117,973.7788086259933,80.46886198042984,50.41123590514168
2025-03-10 14:00:00,22.0512119427677,69.5757248778973,62.63865546218487,30.091448952624223,62.58373151476541,968.1201362645717,79.96443251999126,50.590474893245606
2025-03-10 14:15:00,21.877168044737918,69.57854475227332,62.63865546218487,30.131509764147054,62.75384191831291,968.4880821611645,80.05488658606636,50.87262559439424
2025-03-10 14:30:00,21.863752944827386,69.5677784688727,62.63865546218487,30.119935701670933,62.469892914249485,977.612364203701,80.82290139112654,50.896313740712905
2025-03-10 14:45:00,21.419392449334424,69.64069861236668,62.63865546218487,30.133066027227066,62.35956359649435,982.8452892568596,80.94784280632994,51.06462452364298
2025-03-10 15:00:00,21.022898931639602,69.69221651040974,62.63865546218487,30.15045111228768,62.473308523704745,982.9486636155862,80.50610786887933,50.67508489900717
2025-03-10 15:15:00,21.235910571018064,69.78808983393508,62.63865546218487,30.18456827236075,62.790902277776105,980.7316594427932,80.05478028608474,50.863294905050914
2025-03-10 15:30:00,21.49836886729413,69.91058200970026,62.63865546218487,30.171534657204347,64.55145560201427,985.9252917075576,80.3424270018899,51.006266396430966
2025-03-10 15:45:00,21.495652167732377,69.94216605995925,62.63865546218487,30.122361179768347,64.62938768785547,984.0191435185361,80.23986593218035,51.29273616303339
2025-03-10 16:00:00,21.707991346772207,69.90822367972072,62.63865546218487,30.057381578560424,64.76200676830143,984.8990323955115,80.77589290079197,51.051026922057694
2025-03-10 16:15:00,21.373564921744524,70.01694417499401,62.63865546218487,30.041378249110455,64.51059404304188,978.6422546865979,80.72214011610914,50.923205437074834
2025-03-10 16:30:00,21.269728464541462,70.07099317581002,62.63865546218487,30.010525046320552,64.73512090700278,981.6544088038622,80.7081272543846,51.28313687388386
2025-03-10 16:45:00,21.281618237314696,70.10538690244353,62.63865546218487,30.040877284898052,64.84997833314077,979.1247370049512,80.62877904391847,51.3139549314324
2025-03-10 17:00:00,21.556759827761077,70.09380409312493,62.63865546218487,29.99719803209325,65.07348485177582,982.7534012592564,80.66390228382564,51.345226553270706
2025-03-10 17:15:00,21.81706068414426,70.12643132504468,62.63865546218487,30.07916575659654,65.18961749592584,981.7915525345837,80.74374211442478,51.31840906170764
2025-03-10 17:30:00,21.878726043491294,70.1947554107905,62.63865546218487,30.092298345730715,64.85540029955634,973.1398815546281,80.14708670425792,51.51043874112809
2025-03-10 17:45:00,22.29303974165486,70.30891269533613,62.63865546218487,30.106022462837597,65.13674196949569,977.8113600669983,80.79591668964699,51.78729678430437
2025-03-10 18:00:00,22.167248378876575,70.2386029986739,62.63865546218487,30.14631951846162,64.91798992703688,974.9564213635457,80.6397654474865,51.855153537864574
2025-03-10 18:15:00,22.222726805416762,70.34507111619945,62.63865546218487,30.08007636038882,65.28243091616746,971.0860831502403,80.39291623536644,51.956094345094876
2025-03-10 18:30:00,22.5878024396694,70.49408734362865,62.63865546218487,30.100364623251906,65.15337536554391,971.8823687529243,80.03315412187197,51.86215182799799
2025-03-10 18:45:00,22.86080996596878,70.52563814857314,62.63865546218487,30.152881906086435,64.92039915811729,975.6107869233826,79.72052093107474,51.81737292351383
2025-03-10 19:00:00,22.755800355335907,70.57457401704195,62.63865546218487,30.114380471752355,64.69724986327012,981.674807295861,81.26785868801149,51.81572903966381
2025-03-10 19:15:00,22.474442695204164,70.6177025689767,62.63865546218487,30.171057389158765,64.82417260364589,977.9348065852638,80.2014086338779,51.79162161304019
2025-03-10 19:30:00,22.233247915327937,70.54324284873742,62.63865546218487,30.228997434230575,62.936643043772875,978.4952620389245,80.36663944700813,51.263290881698474
2025-03-10 19:45:00,22.386417050684592,70.59376626223462,62.63865546218487,30.25262330262665,63.11317821618451,978.9515316809649,80.66763022915592,51.47221490120387
2025-03-10 20:00:00,22.54066454074445,70.61487400257103,62.63865546218487,30.21807977788609,63.255253688214225,987.0508916219275,80.04222813332545,51.34269759409277
2025-03-10 20:15:00,22.446342687330684,70.67492787691577,62.63865546218487,30.260170877999315,63.39998809975857,990.0500569942003,81.05038131553327,51.42732875996457
2025-03-10 20:30:00,22.305166432803425,70.73608958904019,62.63865546218487,30.323852363428415,63.22789850937186,990.6504413639241,80.79285492554804,51.78417933179796
2025-03-10 20:45:00,22.19045406301963,70.69075984419463,62.63865546218487,30.32923461111189,62.9935396569309,991.701140160455,80.95978683407671,52.01641681787166
2025-03-10 21:00:00,21.897053949147914,70.68371394177967,62.63865546218487,30.372686476947873,63.00229838488114,993.548188659451,80.37387044532251,52.202733722595205
2025-03-10 21:15:00,22.192970958561368,70.69847396212526,62.63865546218487,30.440539950008265,63.16293990020049,988.7692037929156,80.6126853491677,51.713064877800775
2025-03-10 21:30:00,22.483936210696125,70.7698521780779,62.63865546218487,30.38581676913143,63.05216928086631,988.1763615641448,80.04420628995416,51.40248281236146
2025-03-10 21:45:00,22.689776008084444,70.76548825710006,62.63865546218487,30.399588238774832,63.05240366334502,982.4665766037307,79.9086698181443,51.40797875438903
2025-03-10 22:00:00,22.952113001859725,70.75784940557578,62.63865546218487,30.40972017575375,63.077509882032324,983.3676362779864,79.82865122400591,51.229479294268124
2025-03-10 22:15:00,22.931006153724244,70.71591992220384,62.63865546218487,30.350832606314054,62.91461055788228,980.3960298506512,79.76070171966316,51.21789169994297
2025-03-10 22:30:00,22.871039134147896,70.73299761725733,62.63865546218487,30.32607714275986,63.12713483314453,976.8789191933581,79.56307185847821,51.27053239922377
2025-03-10 22:45:00,23.23411838271065,70.68039617100492,62.63865546218487,30.33391934321254,63.4878656142953,981.3227788275178,79.24315241827176,51.38268051470022
2025-03-10 23:00:00,23.46043995551848,70.74307472003838,62.63865546218487,30.31123786354803,63.29235979156016,982.9131988269106,80.37460793564286,51.566335066636405
2025-03-10 23:15:00,23.531367419104978,70.63013967861367,62.63865546218487,30.359053950627032,63.451020994238746,986.0425146610078,79.93778917665158,51.44623175358651
2025-03-10 23:30:00,23.49084509209407,70.53914366439754,62.63865546218487,30.423225508431713,65.35967974668844,990.4525845435925,80.54189043772354,51.64467046627768
2025-03-10 23:45:00,23.543557049806623,70.65865919320224,62.63865546218487,30.40488675079125,65.10321065640048,991.3387366683851,79.10335287617555,51.53100320640799
2025-03-11 00:00:00,23.465511588367892,70.56436622960817,62.63865546218487,30.4194650043426,64.88639805415973,986.8000867700906,80.373780153193,51.43864910428233
2025-03-11 00:15:00,23.86593253234213,70.6380947764996,62.63865546218487,30.47090724954578,64.73518341624356,991.3609704548711,79.9693925028487,51.61676476943094
2025-03-11 00:30:00,23.951083895335504,70.56097535538862,62.63865546218487,30.445471530897805,64.52516599173369,993.0654358565274,79.87338706100421,51.59989455869773
2025-03-11 00:45:00,24.203638179547063,70.46764063576838,62.63865546218487,30.410085879230124,64.39840958913035,998.1291052647565,79.29906664494607,51.596768397071514
2025-03-11 01:00:00,24.224293595903138,70.45572579190751,62.63865546218487,30.389461545509235,64.19407510085149,988.8532373143909,79.7340504282816,51.22648405391691
2025-03-11 01:15:00,23.904000219279165,70.35657979494574,62.63865546218487,30.409781137022307,63.870965495621235,983.0007509171343,79.49766834841634,50.94018656271212
2025-03-11 01:30:00,23.468843748035308,70.34988449970986,62.63865546218487,30.397836747048288,63.958011287702895,988.5636596006356,80.06349790617551,50.689756304601985
2025-03-11 01:45:00,23.420447955232063,70.46096045880475,62.63865546218487,30.36824098927993,64.33353890671417,993.1829141554757,79.45288405127042,50.578591952042615
2025-03-11 02:00:00,23.532296820060118,70.45332113572674,62.63865546218487,30.42257375346866,64.0842287542799,989.272616926899,79.15543603839433,50.76488311032808
2025-03-11 02:15:00,23.63735785188632,70.35389204267236,62.63865546218487,30.462226239179778,64.23915991572294,985.0037482688924,79.24157285303131,50.63073796205863
2025-03-11 02:30:00,23.66614223662993,70.32029542527957,62.63865546218487,30.476863665855305,64.23652121627809,989.6644012189515,78.6635610077682,50.23843009657015
2025-03-11 02:45:00,23.169447105718096,70.26040524971943,62.63865546218487,30.492702569439643,63.820947268847384,992.2095623149188,78.99686267555316,50.439986694152275
2025-03-11 03:00:00,23.034267380035903,70.11260890696083,62.63865546218487,30.483060617251045,63.74562263310452,991.7179013777255,79.03785348872258,50.29657056911038
2025-03-11 03:15:00,23.129727166281334,70.17383983089147,62.63865546218487,30.506457656025397,63.58893832670553,991.2856963353372,79.8486429878819,50.259532638284966
2025-03-11 03:30:00,23.42021148585435,70.22263470135333,62.63865546218487,30.538615057904977,62.23833571366137,990.7728963613384,79.41214830522809,50.100757616734946
2025-03-11 03:45:00,23.403212642964583,70.20584246293332,62.63865546218487,30.51529493477751,62.1084083513458,993.6608613410499,79.62475396172493,50.36821472389525
2025-03-11 04:00:00,23.286269061088436,70.11788839088155,62.63865546218487,30.535264518448347,62.06055385168628,998.7773104702319,79.07034815528968,50.14324313931173
2025-03-11 04:15:00,23.005348778985592,70.229014949739,62.63865546218487,30.547577889604966,62.16479717809975,994.2797300752741,79.05754318713626,49.920844768846536
2025-03-11 04:30:00,22.888006776791418,70.15351244738368,62.63865546218487,30.523132654996274,62.2164712550201,1008.3612770595778,79.24995074002294,49.82528584862653
2025-03-11 04:45:00,23.051671954346297,70.04835067556698,62.63865546218487,30.53543250492355,62.104417874112634,1008.3184281498804,79.52399500724388,50.0267732001117
2025-03-11 05:00:00,23.001312558749405,70.0699144173637,62.63865546218487,30.52332824784258,62.00132828506324,997.9770104836155,79.97772621867472,49.99261699708482
2025-03-11 05:15:00,23.299189890808233,70.00949563256846,62.63865546218487,30.543567310007543,62.08349875994825,1005.7517203031705,78.58490743085218,49.898214660928744
2025-03-11 05:30:00,23.14872517815114,69.97124335540455,62.63865546218487,30.48672391931579,61.94794900531007,1009.8257469571813,79.06131255946165,50.071325741434435
2025-03-11 05:45:00,23.04710081275917,69.95077056083169,62.63865546218487,30.444069910488672,61.71630699281258,1007.8250956453721,79.49438955359396,49.938561147960414
2025-03-11 06:00:00,23.02979797356418,69.81572965329616,62.63865546218487,30.448711396814616,61.8873221633486,1006.1842952980771,79.51493470196917,50.262470637088285
2025-03-11 06:15:00,23.033936412490856,69.8193063791249,62.63865546218487,30.422714260898623,61.94188204538765,1004.7951292459334,79.70765821456231,50.209410252484844
2025-03-11 06:30:00,23.207243732255645,69.72944480534444,62.63865546218487,30.448295227604824,61.878195954399295,992.883009064688,79.30571443086797,50.42388059474509
2025-03-11 06:45:00,23.338146542199848,69.78636530274615,62.63865546218487,30.456853670166335,61.75005630403375,991.7517695487662,79.06161406652491,50.32394750897407
2025-03-11 07:00:00,23.179778958263967,69.69734485145388,62.63865546218487,30.497349042992536,61.90155288453549,995.4455923344885,79.63717994202183,50.22210622841765
2025-03-11 07:15:00,22.98189324110186,69.75181171547676,62.63865546218487,30.50283771397485,63.73564344735772,995.8446346535322,78.69688369242641,50.559317788497694
2025-03-11 07:30:00,22.731838076847012,69.7260620401834,62.63865546218487,30.43735627265144,63.60975056620316,988.0834285751592,78.63111909253058,50.31305883965763
2025-03-11 07:45:00,22.546592961324823,69.59626550765981,62.63865546218487,30.454029715591407,63.74646934613749,987.9172168588666,79.00374406149746,50.462881723002035
2025-03-11 08:00:00,22.364879605672943,69.47930672732089,62.63865546218487,30.462362426022214,63.8688063844097,995.7250937608178,79.34255790232079,50.54610475821641
2025-03-11 08:15:00,22.56871950484299,69.3370694592174,62.63865546218487,30.44598457935332,64.09489312000697,992.0531014404728,79.36963492523745,50.71938937012804
2025-03-11 08:30:00,22.345832931683457,69.42561991685439,62.63865546218487,30.539708130074462,64.29110020474346,986.6492858718289,79.61221070408632,50.72951740195115
2025-03-11 08:45:00,22.212861032687876,69.53311917506444,62.63865546218487,30.50770705754324,64.39777613281923,991.3598835995749,79.45873424164044,50.83920474058626
2025-03-11 09:00:00,22.075102642231716,69.59690875753982,62.63865546218487,30.472675192849632,64.29561463531196,999.5228522593571,79.5240485963058,50.97956382421076
2025-03-11 09:15:00,21.951320821956426,69.45099420966116,62.63865546218487,30.436242936963783,64.448490570758,1003.3961898559598,79.64179460618253,50.92652334729505
2025-03-11 09:30:00,22.04241724140428,69.3612681167066,62.63865546218487,30.383784327455512,64.44456906419688,1008.50561158922,79.83634786076537,50.57467098609466
2025-03-11 09:45:00,21.858646660179613,69.27328246230927,62.63865546218487,30.392095615696494,64.65574979969008,1004.750887690237,79.30487879938525,50.736321393584866
2025-03-11 10:00:00,21.873277069441226,69.23894030919973,62.63865546218487,30.45108827034565,64.57381108133939,1005.2475489427833,79.97012436942582,50.929541540324074
2025-03-11 10:15:00,21.653022446823485,69.22999367921078,62.63865546218487,30.427051535053547,64.49985802926896,1008.0780034328246,80.11387507109535,51.10537659072735
2025-03-11 10:30:00,21.648444170015427,69.21951821014694,62.63865546218487,30.488592301687053,64.65776034508905,1009.3703323709359,80.02284267185894,51.26723537650587
2025-03-11 10:45:00,21.796271361027227,69.23374360081417,62.63865546218487,30.506736514596877,64.75976546184957,1004.3421351297025,79.28114912177536,51.28772436810275
2025-03-11 11:00:00,21.778651854056342,69.28076489682053,62.63865546218487,30.507746611813328,64.55201784846737,1001.9105770967963,79.18529359096091,51.227642497869425
2025-03-11 11:15:00,22.33632111762196,69.31401770218952,62.63865546218487,30.524561507031233,62.656124758772066,1004.3504105541392,79.0562487004629,50.64660748221072
2025-03-11 11:30:00,22.2792126550594,69.40528370151604,62.63865546218487,30.524083832178253,62.682523108817556,1005.4643221285897,79.48552239570078,50.9482343826123
2025-03-11 11:45:00,22.126323365500276,69.37131443429509,62.63865546218487,30.501623852634683,62.58043721222502,1003.24104164594,79.7776799391021,51.32180961294783
2025-03-11 12:00:00,21.91184882053045,69.38275876961781,62.63865546218487,30.445681356965267,62.42438564614047,1004.1992685415468,79.93585937398345,50.97580661242085
2025-03-11 12:15:00,22.3196483070255,69.23067527012303,62.63865546218487,30.472002825413476,62.47437894083853,1004.8376609370001,79.80541907754137,50.723196030717624
2025-03-11 12:30:00,22.634506561312705,69.24248193409814,62.63865546218487,30.53525529859471,62.70602640168345,997.625292013241,80.29311115198685,50.788328029789774
2025-03-11 12:45:00,22.69645548433041,69.24556357210732,62.63865546218487,30.515812034000994,62.7402023191485,1001.3215348417987,80.51675666132614,50.8196448304499
2025-03-11 13:00:00,22.423459955936217,69.24727379282095,62.63865546218487,30.54992475281426,62.69265851107717,1003.6642252184666,79.39907165724424,50.86227020728214
2025-03-11 13:15:00,22.29735143892817,69.17073800900683,62.63865546218487,30.565231315946043,62.75306138910588,1005.3155179285396,79.34043974721467,50.23296030677363
2025-03-11 13:30:00,22.16430515681463,69.1934141288373,62.63865546218487,30.61212309550949,62.72063503390533,1015.8726171908,80.71690219080902,50.10173046530705
2025-03-11 13:45:00,21.716312688379794,69.15825614117156,62.63865546218487,30.66008710860587,62.87972078970974,1016.7866470612204,80.22720137308026,49.87610958862805
2025-03-11 14:00:00,21.51878085575785,69.1032408649829,62.63865546218487,30.764682798730792,62.81149210388773,1017.8272393594486,80.8559637979581,49.89829282936919
2025-03-11 14:15:00,21.49869985364056,69.13477493107413,62.63865546218487,30.76959842709284,62.81849929132443,1011.5766215300009,81.15419425332622,49.86287046108659
2025-03-11 14:30:00,21.528984051586313,69.080954748377,62.63865546218487,30.78367795072268,62.99977367790813,1006.763271731096,80.53778191569707,50.164002852597186
2025-03-11 14:45:00,21.605087533672382,69.07150050430634,62.63865546218487,30.75213845583744,63.21726028589314,1012.6794970850642,80.61104746640902,50.086534293948006
2025-03-11 15:00:00,21.400069545576084,69.0104586433994,62.63865546218487,30.750111262875546,63.16683355386493,1012.4875300961729,80.86040037700874,50.18478657423736
2025-03-11 15:15:00,21.43378126495831,69.0471249106004,62.63865546218487,30.764175768012873,64.68623346672712,1020.5380500465093,80.6251395582078,50.64114340443786
2025-03-11 15:30:00,21.454631505216167,69.28748632228042,62.63865546218487,30.73061399799635,64.69520321063155,1010.4855823692582,80.20670955153545,50.3263205724685
2025-03-11 15:45:00,21.953110396411553,69.24356319947147,62.63865546218487,30.674854703418323,64.8558800962729,1010.7561549120313,80.45693655458132,50.03488918524545
2025-03-11 16:00:00,21.70098912295598,69.18940777904427,62.63865546218487,30.604646703010857,65.01086477663455,1016.1232973826906,80.2966271718858,50.25573459594131
2025-03-11 16:15:00,21.798129633943873,69.18853161163257,62.63865546218487,30.6046203002898,64.94206648545187,1020.0775492531016,80.1712150666203,50.64691326489428
2025-03-11 16:30:00,21.74052567660736,69.23383598979333,62.63865546218487,30.625106569894886,65.04805722492118,1020.6447102591775,80.19495457974242,50.326435903055206
2025-03-11 16:45:00,21.953248899277963,69.39804328188183,62.63865546218487,30.54327908946014,65.10972888317313,1014.631046335846,80.26521032844354,50.26459687362283
2025-03-11 17:00:00,22.261274984035662,69.45030046907878,62.63865546218487,30.57247454230188,65.20314997427953,1010.0745974287503,79.8956973394564,50.115273049721715
2025-03-11 17:15:00,22.78385364945155,69.58464135013908,62.63865546218487,30.59443606246084,65.35173444637081,1013.9007225045971,80.72214918408292,50.061241118033614
2025-03-11 17:30:00,22.711432076024042,69.6344973589499,62.63865546218487,30.619054968325685,65.2984522350886,1010.3654280041774,80.29449622736547,50.0161562919985
2025-03-11 17:45:00,22.32635807729041,69.59304202364497,62.63865546218487,30.637889612534423,65.22146696363474,1000.4112047537836,80.38192085579311,49.98620904387048
2025-03-11 18:00:00,22.41875381436482,69.50945994002048,62.63865546218487,30.62194939759921,65.00183344497648,1004.3343706569998,80.39108051138702,50.474666040604426
2025-03-11 18:15:00,22.73642422598942,69.53923028829436,62.63865546218487,30.63162186805888,64.83476563928771,1001.2647854490875,80.64630785303787,50.56750771442966
2025-03-11 18:30:00,23.12049799733017,69.67225296491023,62.63865546218487,30.65890358998785,65.27489017419244,997.037290636265,80.35243630350612,50.321865053850026
2025-03-11 18:45:00,23.442592200721933,69.71300794354177,62.63865546218487,30.645862568930703,64.91775864229862,1001.6331156126558,79.47831827609352,50.4276155689951
2025-03-11 19:00:00,23.339936332824912,69.8787634351949,62.63865546218487,30.56371801917613,63.1723375054677,1003.7712138897336,80.68428770959291,50.32728032265522
2025-03-11 19:15:00,23.009711480428386,69.87993381270864,62.63865546218487,30.579922856707714,63.035267795327194,1003.975909823892,81.07995990998414,50.37793643679095
2025-03-11 19:30:00,22.728364834135462,69.79970809807187,62.63865546218487,30.61498508089416,62.98948691651698,1006.6757774700998,80.41950089646886,50.26704107944355
2025-03-11 19:45:00,22.52515792018608,69.88256413354651,62.63865546218487,30.626029560395203,62.742159370526,1011.806205831934,79.95491136919946,49.93812694160423
2025-03-11 20:00:00,22.736446223035564,69.83092620212683,62.63865546218487,30.560289807253294,63.204351184278806,1016.2955897477865,80.00943703899479,50.147074656560676
2025-03-11 20:15:00,22.68828650435194,69.84193173833663,62.63865546218487,30.59128146374139,63.48059072460965,1017.940984454576,80.24340287399578,50.321204003973484
2025-03-11 20:30:00,22.78066210685458,69.93705216818604,62.63865546218487,30.61384242053284,63.44446835498339,1019.9145752690233,79.97723399779373,50.48403129938392
2025-03-11 20:45:00,22.83016816818933,69.78572736994448,62.63865546218487,30.562153568148496,63.110557698149066,1022.9937990665095,79.52086586496301,50.248966584281895
2025-03-11 21:00:00,22.65835267194373,69.88071341131653,62.63865546218487,30.584018105241437,62.88345915972828,1018.4204300607623,79.72800098939304,50.05294779283152
2025-03-11 21:15:00,22.508434828401324,69.8792184260356,62.63865546218487,30.545847418357166,63.1426225297667,1017.7619334667535,79.0473580746429,50.2624873581022
2025-03-11 21:30:00,22.775900812709374,69.9756612293744,62.63865546218487,30.5750068459896,63.09553941892642,1021.0562531424911,79.67676263523468,49.95932173765011
2025-03-11 21:45:00,22.75760259034723,70.01996593851268,62.63865546218487,30.566708333179676,63.17376088884664,1028.2799124431651,78.79653262627606,50.1686128128078
2025-03-11 22:00:00,22.898450284354215,69.87074509217531,62.63865546218487,30.547177412183526,63.28913699003088,1027.4053135317301,78.94414809666074,49.917952826578734
2025-03-11 22:15:00,23.051958217208426,69.97559797193234,62.63865546218487,30.554215140795932,63.44099024310934,1037.3224461569623,79.31710266445191,49.43924203406126
2025-03-11 22:30:00,22.732735711618368,70.05158532242152,62.63865546218487,30.595850033999234,63.2384447349889,1032.3302121125564,79.02145289759333,49.32902750687028
2025-03-11 22:45:00,23.069387498756242,70.08033416450493,62.63865546218487,30.534746783253237,63.1645534110771,1034.9862007358865,79.06431629637775,49.381865011412515
2025-03-11 23:00:00,23.544201633554817,70.0819475549461,62.63865546218487,30.540324158145093,65.06248598223054,1036.9756028316551,78.38525783315926,49.601168086195976
2025-03-11 23:15:00,23.588124409196418,70.1185845507391,62.63865546218487,30.507940965910034,64.93024287350917,1034.6832248651413,78.90161368511178,49.68760693468109
2025-03-11 23:30:00,23.564402603564996,70.1399705229028,62.63865546218487,30.55694466457451,64.71471535869502,1030.6251321696939,79.5377492757307,49.41543984391834
2025-03-11 23:45:00,23.50378079867915,70.04532195940075,62.63865546218487,30.512352461073235,64.57638842265546,1029.6496237929728,79.08639531917922,49.47646388097788
2025-03-12 00:00:00,23.371259474724145,69.89949104387475,62.63865546218487,30.533750178920695,64.77168506588268,1032.5550360599177,78.9702679233124,49.37793909611718
2025-03-12 00:15:00,23.595478295128043,69.8518903661861,62.63865546218487,30.49275979811152,64.58789063312763,1036.2851452919656,79.1050034743233,49.970149725521736
2025-03-12 00:30:00,24.04377154187357,69.8744654160132,62.63865546218487,30.481670163874334,64.70361809209862,1027.7210071717473,79.00890755687497,49.776873377391624
2025-03-12 00:45:00,23.978345833038535,69.91699623364757,62.63865546218487,30.501311639525145,64.99420730094533,1030.230363086712,79.42033364724074,49.84087240972908
2025-03-12 01:00:00,23.894294188939778,69.93248872864837,62.63865546218487,30.48836389147322,65.00121820122861,1026.8346482158477,78.74567740384107,49.807266840058276
2025-03-12 01:15:00,23.689927269538774,69.78707089009305,62.63865546218487,30.45237021354659,64.87191932564372,1020.4602025010054,78.82351695753727,49.88461075648605
2025-03-12 01:30:00,23.340838279039318,69.66054210109446,62.63865546218487,30.44069604187071,64.86185966436702,1012.4476462126019,79.00953963347519,50.34169125425884
2025-03-12 01:45:00,23.408077043364923,69.60151064706743,62.63865546218487,30.431201329359485,65.03232657854807,1010.7907671912584,79.1771297592174,50.19442142788492
2025-03-12 02:00:00,23.54782739033987,69.68946025648371,62.63865546218487,30.451745185863917,65.0710924020383,1004.29822169338,79.12955776685298,50.22794594911838
2025-03-12 02:15:00,23.595388799443224,69.524099409457,62.63865546218487,30.462541471072864,65.37119916957457,1010.8726835784158,78.733976839722,50.33946296915325
2025-03-12 02:30:00,23.653600746853762,69.55962774128368,62.63865546218487,30.485004090828635,65.08570831564532,1008.872207204554,78.8872591239475,50.08755219051218
2025-03-12 02:45:00,23.56078404152945,69.5544145030112,62.63865546218487,30.46507816533082,64.89572638678801,1000.9982736037127,78.69082999700598,49.87981743359853
2025-03-12 03:00:00,23.45834666923658,69.51465503047183,62.63865546218487,30.483811182006292,62.959998199777004,1002.2849708010486,78.68481833783906,49.41111446622207
2025-03-12 03:15:00,23.226754275872928,69.50217766008608,62.63865546218487,30.41997981823601,62.91531085370517,1008.5185224594409,78.89156153737143,49.375525237300636
2025-03-12 03:30:00,23.29203241014445,69.49572529704066,62.63865546218487,30.377104182089308,62.91063918482667,1005.2219147745666,79.00195460678354,49.41046985587671
2025-03-12 03:45:00,23.532199374763575,69.38359071282345,62.63865546218487,30.379054858928086,63.07179147357717,1004.8915065852025,78.82787819346919,49.341817739728974
2025-03-12 04:00:00,23.228258574540067,69.49020703079091,62.63865546218487,30.343398900870703,62.86312659797515,1003.5125106618482,78.29995145936503,48.90931259091337
2025-03-12 04:15:00,23.291056205684022,69.6648167675369,62.63865546218487,30.33395515709503,63.271460087411285,1002.9145994036605,79.13704264198785,49.00480533823371
2025-03-12 04:30:00,23.20355043705256,69.73192767227553,62.63865546218487,30.349679276304506,63.01907263843789,996.0103542594169,78.83633519675271,48.980932099127976
2025-03-12 04:45:00,23.543943967510128,69.74983677149682,62.63865546218487,30.262845064374034,62.894597688773516,996.5872735995733,78.3821227267737,49.35267776377718
2025-03-12 05:00:00,24.02793001350608,69.69792671773466,62.63865546218487,30.25480684975363,62.65862491286269,1004.5644128359506,78.44816989218366,49.20937303047299
2025-03-12 05:15:00,23.867001474163228,69.6353356385717,62.63865546218487,30.264859516711695,62.63788062381205,998.624498178859,78.48692247012448,48.84475830821092
2025-03-12 05:30:00,23.861260269974267,69.69866396166857,62.63865546218487,30.290989123837143,62.208345681640566,999.486757399514,79.0335416551399,48.938862030357384
2025-03-12 05:45:00,23.706242621960236,69.56489356585752,62.63865546218487,30.402127669109376,62.084188041245056,995.8244523483605,78.58839716519792,48.77546348659815
2025-03-12 06:00:00,23.54642651980445,69.51615566682572,62.63865546218487,30.444862611496244,62.358979986349205,988.1128187902151,79.15994001262438,49.04460559722639
2025-03-12 06:15:00,23.613216532969634,69.57074944808785,62.63865546218487,30.431429406979156,62.02171349402308,993.815954022214,79.34608431309259,49.284570232143004
2025-03-12 06:30:00,23.794097221880648,69.54441776420252,62.63865546218487,30.506203447743673,62.0863741890614,996.945407449566,79.10204427462102,49.023859041218635
2025-03-12 06:45:00,23.71426634652061,69.43570356827628,62.63865546218487,30.51730513400919,62.170694974844295,986.6320234881126,78.71881370678284,48.86999365843596
2025-03-12 07:00:00,23.334527663330167,69.37087598402341,62.63865546218487,30.54792356277063,63.938285685892154,994.2260704810849,78.50505652152549,49.27023811484599
2025-03-12 07:15:00,23.252387010071747,69.40800437323396,62.63865546218487,30.528006063601172,64.10622852265375,995.2084285762244,78.89317912124446,49.16678240084661
2025-03-12 07:30:00,22.896756298800344,69.39969713773627,62.63865546218487,30.550642524397116,64.17808076930797,987.1876298243053,78.31118082977243,48.89216634089022
2025-03-12 07:45:00,22.819143082196994,69.38655426039111,62.63865546218487,30.537485854189658,64.08240811383628,985.1299581612489,79.28349974867322,49.067576844241394
2025-03-12 08:00:00,23.22947244890019,69.24470401512173,62.63865546218487,30.549699728617977,64.42028136683572,992.4020168970119,78.89726664022213,49.243203218721
2025-03-12 08:15:00,23.490179379563234,69.20011044172249,62.63865546218487,30.491099837513474,64.7576311040663,997.9689338220928,78.90184843868099,49.38170093150482
2025-03-12 08:30:00,23.12728678712334,69.08200033129691,62.63865546218487,30.503759203756697,64.88928922717629,996.157834422288,79.30055988014668,49.537444530558
2025-03-12 08:45:00,22.57641994996978,69.24016998366768,62.63865546218487,30.464267263826486,65.14750281639563,993.0354972887196,78.62235346261578,49.89428938986685
2025-03-12 09:00:00,22.507131421263193,69.25552080167893,62.63865546218487,30.40820968249758,64.9568177822844,1001.59002473702,78.45700457572131,49.7688498348763
2025-03-12 09:15:00,22.065220475877048,69.22303112279162,62.63865546218487,30.428858045472822,65.00895236373137,1001.9545607488753,78.56327640732573,49.710961559240616
2025-03-12 09:30:00,22.23917171244733,69.26642179311871,62.63865546218487,30.370646565505805,64.88070849195854,1004.1600372949232,79.45069491577594,49.49978745932989
2025-03-12 09:45:00,22.16291101952501,69.3413290292989,62.63865546218487,30.34559718426132,64.97131457948662,1003.7849299803452,79.15654399464482,49.7006644755528
2025-03-12 10:00:00,22.117713556584643,69.31290432482736,62.63865546218487,30.322916718319636,64.7456677206292,1006.5806393298562,79.64075194760372,49.85191737442181
2025-03-12 10:15:00,21.87950275379231,69.2660356612024,62.63865546218487,30.34060787077844,64.74875614174387,996.2360590438784,79.31281416527926,49.61013498673682
2025-03-12 10:30:00,21.82748034678125,69.26225663065621,62.63865546218487,30.36720360395416,64.55484987868452,994.8782666246134,79.60779486945808,49.61940197103454
2025-03-12 10:45:00,21.943645697937765,69.29020535739775,62.63865546218487,30.415581101468646,62.894344119137166,996.2994029833583,79.37667840833963,49.26603794766994
2025-03-12 11:00:00,21.98836692666043,69.27847067071009,62.63865546218487,30.437380865453395,62.93182059939209,992.5650806816122,79.95865850881209,49.28637182512944
2025-03-12 11:15:00,22.046103965411813,69.34915476261638,62.63865546218487,30.497219453602998,62.90889062773053,992.5375280839729,78.83340532571003,49.46141184699815
2025-03-12 11:30:00,22.39833480251178,69.36086826847108,62.63865546218487,30.550917350434002,63.045950716668735,990.4813558457108,78.81923234320784,49.88587927857665
2025-03-12 11:45:00,22.246313954887047,69.48116871253785,62.63865546218487,30.552908204170226,63.34391988752729,994.5218935425869,79.49931203384425,49.98629513075647
2025-03-12 12:00:00,22.18489065547202,69.40885931462176,62.63865546218487,30.47884410856999,63.178261373666246,994.1549950295877,79.8043221666237,49.934380546619074
2025-03-12 12:15:00,22.2023892362633,69.43318419510477,62.63865546218487,30.511052467933684,63.00832786439204,1004.170003309275,79.1705776969545,49.65383121247034
2025-03-12 12:30:00,22.312986544345325,69.50705212585832,62.63865546218487,30.521436456807663,62.94294467199238,995.5599357054102,80.24538819729044,49.65841531455113
2025-03-12 12:45:00,22.342475402963288,69.58326710989839,62.63865546218487,30.530431329078542,63.06990831438833,1000.7443470604915,80.11180394891889,49.558681561504194
2025-03-12 13:00:00,22.314533955395948,69.53476096475026,62.63865546218487,30.54172697315244,63.25466781119709,994.2201833105556,79.90209999977453,49.641744830057114
2025-03-12 13:15:00,22.13357633385075,69.6730490102616,62.63865546218487,30.529101822407906,63.24530476897968,991.8686624724238,79.79003148973791,49.54225222797547
2025-03-12 13:30:00,21.814842505385514,69.59603583716527,62.63865546218487,30.54721319707214,63.39748690811834,992.9554200649796,79.58847009812203,49.674657519229775
2025-03-12 13:45:00,21.661537750945303,69.73156275316418,62.63865546218487,30.59676342373358,63.409019539069654,995.030589606577,79.99253371024407,49.75321158766284
2025-03-12 14:00:00,21.720047143879267,69.7642419700037,62.63865546218487,30.551385834647835,63.17902336988363,989.7542254290559,80.32795703141583,49.69383492159794
2025-03-12 14:15:00,21.722143400374353,69.77655587179177,62.63865546218487,30.561343887715644,63.277579591707934,992.4032557881327,79.71484350405808,49.598069475315725
2025-03-12 14:30:00,21.414191826239225,69.83179363552432,62.63865546218487,30.567785008912097,63.53122163096967,1000.533662135069,79.99638613657012,49.69776507673186
2025-03-12 14:45:00,21.254447479379767,69.82006544585808,62.63865546218487,30.467986126547803,65.30584654277115,995.7244692511848,79.76109863343382,49.74051440660179
2025-03-12 15:00:00,21.078466952762806,69.83739738204845,62.63865546218487,30.478481593236218,65.33880241416836,1001.6224053808359,80.03184631549982,49.714843877303025
2025-03-12 15:15:00,21.103129496548053,70.00852160296286,62.63865546218487,30.51083166039725,65.3465230505712,997.3422536978618,80.50914389235172,49.755945677068944
2025-03-12 15:30:00,21.44897242303618,70.0860161805351,62.63865546218487,30.468093497968237,65.40466167941855,988.137454565335,79.82652707816408,49.905404722024386
2025-03-12 15:45:00,21.589940164820916,70.01114510905828,62.63865546218487,30.53451234516614,65.60010530963964,982.7485502260303,80.94170242377687,49.90117051129578
2025-03-12 16:00:00,21.739555951442018,70.0781660587515,62.63865546218487,30.488220444680064,65.62961399600547,984.6586625018449,80.44609213442608,50.697184393882104
2025-03-12 16:15:00,21.489153339174674,70.14711043288027,62.63865546218487,30.46979457746891,65.40464808176804,985.4863439559566,80.60429927350268,50.946760202456154
2025-03-12 16:30:00,21.49024274575284,70.20816423211012,62.63865546218487,30.50388747795308,65.23666949057127,986.3928992236033,79.97206335945998,50.7456493428097
2025-03-12 16:45:00,22.039888095980714,70.34832621307672,62.63865546218487,30.499237426899725,65.22670910872387,987.5328019909402,79.75724084533424,50.033669398913666
2025-03-12 17:00:00,21.84539835040999,70.28060763764181,62.63865546218487,30.474061449934577,65.09634139705034,981.2235444215271,80.15536689472657,50.39598766136681
2025-03-12 17:15:00,22.04621908856323,70.37290437350788,62.63865546218487,30.469713883259352,65.44508954180803,981.0309956774252,80.4777870746911,49.90232157978382
2025-03-12 17:30:00,22.41261220544408,70.46576232459994,62.63865546218487,30.44709931664359,65.61277154741242,981.5442246115206,80.30236335913966,50.2018391861769
2025-03-12 17:45:00,22.52638970711456,70.42435678421452,62.63865546218487,30.50814128573168,65.66262085598491,982.0181641043515,80.65678355166563,49.76427482660217
2025-03-12 18:00:00,22.79671112857855,70.46124779686187,62.63865546218487,30.48846157993798,65.59095474191541,974.2581754155907,80.25470632006704,49.76629272194493
2025-03-12 18:15:00,22.98973701369637,70.54700595286778,62.63865546218487,30.50219919045432,65.88766113522549,971.8345677866758,79.12648001272268,49.966583728650875
2025-03-12 18:30:00,22.90415120488593,70.65731695879273,62.63865546218487,30.466577975515833,65.74181580943103,963.5060256759001,79.99514805640726,50.238330701113306
2025-03-12 18:45:00,22.90238307303068,70.57708706481391,62.63865546218487,30.527852414550665,63.88029940896935,970.1814547839294,79.7234753953173,50.42970634970561
2025-03-12 19:00:00,22.977411869294503,70.73458981670048,62.63865546218487,30.54196731625645,63.72606054705526,968.1145999435067,79.51676643587246,50.8613961637403
2025-03-12 19:15:00,22.848830114714982,70.85017567690547,62.63865546218487,30.555146204164576,63.70671546607435,954.0446572906678,79.65211501078745,51.05357203051895
2025-03-12 19:30:00,22.673757395694196,70.89847842391512,62.63865546218487,30.524604956001415,63.752440541185535,952.2928405966609,80.06275468699431,50.827277509189436
2025-03-12 19:45:00,22.509597439634636,70.73793275931013,62.63865546218487,30.51740956937658,63.86711463214323,933.1162066895486,80.13699183130288,50.78255543199787
2025-03-12 20:00:00,23.003082613233396,70.78926242460432,62.63865546218487,30.554036049871257,63.87160731591293,930.1386546562143,79.98692339858461,50.84868401093161
2025-03-12 20:15:00,23.082128921972256,70.86881701109905,62.63865546218487,30.550021469909883,63.7300798857586,938.4303981738472,80.67184652961265,50.73028613665272
2025-03-12 20:30:00,22.943608460243507,70.75383652369723,62.63865546218487,30.533421576070918,63.83144633831547,937.6245872759905,79.87359697495593,50.736367921463746
2025-03-12 20:45:00,22.795485484878444,70.82596902042582,62.63865546218487,30.560063870197762,63.64403728984006,936.232050694561,80.02629578820512,50.93462778851711
2025-03-12 21:00:00,22.669388418271822,70.78100104805796,62.63865546218487,30.515484396831695,63.79601580145203,939.3529534364026,79.75254206364323,51.03156654105883
2025-03-12 21:15:00,22.593636139940937,70.79287424500224,62.63865546218487,30.514932424998246,63.67490819331164,927.6547580833465,80.18380809721612,51.09624687636663
2025-03-12 21:30:00,22.93795129722304,70.77557272943574,62.63865546218487,30.48785626332152,63.6625608564992,934.1504974389533,79.41345287956999,51.117448173291606
2025-03-12 21:45:00,22.981051791167072,70.76402394670613,62.63865546218487,30.46427498349489,63.75902588411258,939.508925119651,80.06410923868201,51.37265883139855
2025-03-12 22:00:00,22.869042172088026,70.66856200983145,62.63865546218487,30.419885385873478,63.68641635095865,946.014339314343,79.93738345624627,51.29921501223657
2025-03-12 22:15:00,22.87605369042783,70.60992148464075,62.63865546218487,30.463698872328212,63.63827512583907,950.6762684088677,79.9998255976224,51.23611780812254
2025-03-12 22:30:00,22.90454091312461,70.61434792571151,62.63865546218487,30.487385734918092,65.4360444399555,953.5549937672695,79.92770499185762,51.08830203223583
2025-03-12 22:45:00,23.317926840321817,70.64018404762696,62.63865546218487,30.523132352098294,65.45563361731612,954.1851232110386,79.54589783555127,50.985479006347425
2025-03-12 23:00:00,23.28740135837062,70.70992064676258,62.63865546218487,30.601341777097176,65.28465043408093,955.6004169895078,80.00028822488618,50.68970295813784
2025-03-12 23:15:00,23.85810340792334,70.71191971022091,62.63865546218487,30.629779600435366,65.25837261531176,957.7507340012494,79.59752711534497,50.76009829550904
2025-03-12 23:30:00,23.763516499387084,70.66019571633036,62.63865546218487,30.624780840833434,65.30578011282245,961.3809760539056,78.78572237565334,50.44075491287943
2025-03-12 23:45:00,23.99409849918933,70.64091580219903,62.63865546218487,30.660001792329574,65.0013340179629,959.8741985118604,79.05751507987145,50.30981975181452
2025-03-13 00:00:00,23.814345354873716,70.5712391995634,62.63865546218487,30.63951733984781,65.32350221722598,959.0959770469077,79.0064315044894,50.11368628875046
2025-03-13 00:15:00,23.84736436250344,70.66791624295121,62.63865546218487,30.571119997157396,65.62614004696447,966.027145410442,79.65374428300689,50.194353211843875
2025-03-13 00:30:00,24.45372128282952,70.65550927478927,62.63865546218487,30.596036788920244,65.43860627655025,968.7763364047428,78.47706035357088,49.9964767290806
2025-03-13 00:45:00,24.379691962887993,70.65163639310512,62.63865546218487,30.583257006035193,65.47747265991937,981.3374856770621,79.32976690309671,50.03703238256803
2025-03-13 01:00:00,24.073604051252524,68.93461710140447,62.63865546218487,30.011748284832347,67.64109104656902,930.3987379481516,78.23387680837256,50.58428761577379
2025-03-13 01:15:00,24.006471174139133,68.843336237159,62.63865546218487,30.04678732197851,67.4786191036428,929.0185382729678,77.92519484637782,51.02586541090525
2025-03-13 01:30:00,23.841229401407812,68.8387594841417,62.63865546218487,29.980446066324035,67.55042022964969,928.372064275545,77.00569302558644,50.87459054605587
2025-03-13 01:45:00,23.83874921467519,68.78351342581333,62.63865546218487,29.997576543139644,67.58641766885341,929.8326397954198,76.62925047616835,51.213619589509925
2025-03-13 02:00:00,23.678423105192046,68.6812398849773,62.63865546218487,30.015274748156013,67.57523033002742,924.7529689752575,77.21484320107685,51.45142288655121
2025-03-13 02:15:00,23.413420359208445,68.62189277368357,62.63865546218487,29.954049945585197,67.5470602329175,923.9322872576155,77.1631222063537,51.65892128132199
2025-03-13 02:30:00,23.37138250698467,68.69475002766048,62.63865546218487,29.986561677451487,65.62409400343816,926.1224534794873,76.92618814342978,51.44215253180711
2025-03-13 02:45:00,23.02091258731859,68.74911986396116,62.63865546218487,29.985842528106662,65.47680911402969,927.244859297285,76.64555587196433,51.36580604035345
2025-03-13 03:00:00,23.081233950965622,68.72403094137584,62.63865546218487,30.013802646372778,65.66578932573138,929.2047001784865,76.30852978677102,51.38722914700955
2025-03-13 03:15:00,23.046772086536517,68.6734309293187,62.63865546218487,30.010621143200602,65.59454261564464,927.9379862098244,76.80682020858139,51.16781566143247
2025-03-13 03:30:00,23.057417943808268,68.74010177215811,62.63865546218487,30.08778430627769,65.49604765841698,929.5826005596086,76.7075222986259,51.002307620332054
2025-03-13 03:45:00,23.374468428927933,68.65624128025425,62.63865546218487,30.05974365701711,65.38760454601926,935.9300814403772,76.7539621024452,50.56277444665761
2025-03-13 04:00:00,23.295675144274295,68.64323207211959,62.63865546218487,30.016190112557474,65.48354697668398,939.7907378809368,77.06826589722054,50.523671497149486
2025-03-13 04:15:00,22.906334471439024,68.60686064908195,62.63865546218487,29.94477913068407,65.44050585071241,933.1941158893646,76.73661742252506,50.092948714296085
2025-03-13 04:30:00,22.88878848899184,68.59185491038794,62.63865546218487,29.945899482464146,65.03999432606501,926.7179708001748,76.76911382858938,50.158897786519866
2025-03-13 04:45:00,23.09532720858152,68.5694084267249,62.63865546218487,29.952208660135263,65.02505571447345,934.6408838092534,76.36753165425779,49.83713030840567
2025-03-13 05:00:00,23.406518611794183,68.59771685929323,62.63865546218487,29.92125931270441,65.0328438539217,927.3637172457122,76.75893899318937,50.081033069203706
2025-03-13 05:15:00,23.23320421210753,68.53009248315243,62.63865546218487,29.930004262179995,65.21109475340786,936.1259808253388,77.39747615523429,50.349449455152744
2025-03-13 05:30:00,23.499067932884042,68.44988282535274,62.63865546218487,29.942742670065382,64.93200446404681,926.77045252242,77.21263420126354,50.46218048049454
2025-03-13 05:45:00,23.454269762011897,68.41408821499235,62.63865546218487,29.944710076628066,65.09006243780483,926.2266839823736,76.95501352290042,50.54274532462973
2025-03-13 06:00:00,23.242218289195616,68.46277555133504,62.63865546218487,29.88399263015366,65.01815260291487,926.8775065476651,77.03064237356493,50.69121861305226
2025-03-13 06:15:00,23.46244726526272,68.53942989632071,62.63865546218487,29.901255177438124,64.96135765864739,930.364706645512,77.22672367255458,51.02750113326594
2025-03-13 06:30:00,23.666547297108032,68.50386909571515,62.63865546218487,29.915580868385305,66.59698202592284,932.1055781463126,77.45356469280358,51.277431847276475
2025-03-13 06:45:00,23.598234688898543,68.4305744713252,62.63865546218487,29.865071039000092,66.45779600887569,931.8530345227327,77.25769934876507,51.355478859771175
2025-03-13 07:00:00,23.704292259434403,68.3935783160695,62.63865546218487,29.892113498821754,66.8068201659475,927.755539782615,76.96868327531692,51.38266937498962
2025-03-13 07:15:00,23.237820770707316,68.48282742181814,62.63865546218487,29.782537535160014,66.76567995401062,926.6506677120133,77.56431286070516,51.45576857355489
2025-03-13 07:30:00,22.938816607540957,68.52734815693694,62.63865546218487,29.76231825843452,67.17434963960237,930.49491477777,77.1976399041593,51.52515378230906
2025-03-13 07:45:00,22.80408834146197,68.56512224706526,62.63865546218487,29.76981328926185,67.31146840747056,926.3573005262746,77.71458614777168,51.06691807664153
2025-03-13 08:00:00,22.89123173475404,68.62996177640606,62.63865546218487,29.785552130690498,67.05957711380482,926.192982062048,77.56729036634451,50.99311287339876
2025-03-13 08:15:00,22.675986311840994,68.63330405848805,62.63865546218487,29.783813352912123,66.81797227511792,917.6046381225838,77.30351041428548,51.136306893496545
2025-03-13 08:30:00,22.514060780353482,68.64538919456467,62.63865546218487,29.733258440191868,67.02516054084748,919.6089360615255,77.57494894457889,50.67530962189018
2025-03-13 08:45:00,22.5920279690237,68.55959762704866,62.63865546218487,29.717707081511612,66.94391095486547,920.3737441203504,77.93224619353484,50.78054375497864
2025-03-13 09:00:00,22.309802638996377,68.56511602209676,62.63865546218487,29.747564145242915,66.85717296538968,918.4664826978743,78.30322436684851,50.45643296038518
2025-03-13 09:15:00,22.118545752753175,68.58940536163301,62.63865546218487,29.682229592359135,66.77755579239034,920.1854403746381,77.18169085709489,50.25715273352584
2025-03-13 09:30:00,22.1476572720716,68.55268020820179,62.63865546218487,29.630656549930546,66.71458002583346,923.1213963403608,77.86031035904566,50.40433820560347
2025-03-13 09:45:00,22.139590693208106,68.57074913374149,62.63865546218487,29.643769805529267,66.7827831419659,923.907526521314,77.56874226783805,50.77125926584811
2025-03-13 10:00:00,22.05867666504679,68.57243170603546,62.63865546218487,29.69274358910354,66.70419558976063,913.5100325742748,77.55567674287059,51.03810843854205
2025-03-13 10:15:00,22.016833511053974,68.60156632917007,62.63865546218487,29.74928464773787,65.02149907830974,921.0724813042632,77.41018174662707,50.518396748603124
2025-03-13 10:30:00,21.635249774253154,68.65498422136488,62.63865546218487,29.796381886007588,65.02880574594803,924.0916752430189,77.94600429597963,50.372754250291706
2025-03-13 10:45:00,21.602968763172715,68.58422337250329,62.63865546218487,29.827889620915002,64.84876591736023,928.7450387778609,77.81383530658438,50.39974690884561
2025-03-13 11:00:00,21.753270304945364,68.72903595537346,62.63865546218487,29.84254979613252,65.0947768111704,932.6434326707777,77.44143894715528,50.51283682627119
2025-03-13 11:15:00,22.030010589695397,68.63677634788141,62.63865546218487,29.79865557197815,65.38769571977133,925.5303272951728,77.74572639885713,50.44618784741992
2025-03-13 11:30:00,22.007229391811876,68.73094727195438,62.63865546218487,29.839555471337423,65.53207565172336,919.9940933130218,78.55581432593546,50.4924708397015
2025-03-13 11:45:00,21.95024427422422,68.64301590091141,62.63865546218487,29.85907153951706,65.59523723861419,923.1201853613592,77.77323231676019,50.16520228484707
2025-03-13 12:00:00,21.96606156054508,68.54248109442766,62.63865546218487,29.810755240250153,65.69977270009733,932.0342134686565,78.21408026799787,50.5478180058384
2025-03-13 12:15:00,21.98064745763252,68.49220976946215,62.63865546218487,29.818749462475814,65.70274639831366,936.2876059554261,78.7773570189513,50.518514908347775
2025-03-13 12:30:00,22.50705374511219,68.46922050737099,62.63865546218487,29.760968697443392,65.83745990411954,938.1252465857469,77.88451130117338,50.78618644589232
2025-03-13 12:45:00,22.421320010256892,68.49012957392216,62.63865546218487,29.768632237664878,66.10707598445796,936.494240417019,78.14989992028144,50.68831825281011
2025-03-13 13:00:00,22.33709159617654,68.51374097756867,62.63865546218487,29.820660724842995,65.80630075173183,938.142192884427,77.99028773696416,50.51260684930536
2025-03-13 13:15:00,22.245286146390796,68.49785560173844,62.63865546218487,29.835765902322844,65.71876869681611,936.7088805994105,78.62204799621932,50.32038137895861
2025-03-13 13:30:00,22.137662927094524,68.43902316549365,62.63865546218487,29.84988850510726,65.85450976275159,934.1448500269936,77.60917448912966,50.58263176497918
2025-03-13 13:45:00,22.26489813919227,68.49698374029138,62.63865546218487,29.83251828687349,66.0403366059564,933.233264615363,78.211272068762,50.36367432493768
2025-03-13 14:00:00,22.368652453753295,68.4369733898054,62.63865546218487,29.921081432551514,66.15298809639538,937.0468987471119,77.84892803776013,50.310314478710616
2025-03-13 14:15:00,22.343337367169624,68.54404707342049,62.63865546218487,29.917030896718153,67.91092452809109,928.9517318298031,77.7757309122734,50.49717775406259
2025-03-13 14:30:00,21.955900042957705,68.52855926052695,62.63865546218487,29.91964512557272,68.0652486279757,937.6104347234946,77.84659327189166,50.437565280018354
2025-03-13 14:45:00,21.66919647033434,68.54232296920509,62.63865546218487,29.921788207745536,67.90149408836758,937.6978706081364,77.99625698080244,50.37167536783044
2025-03-13 15:00:00,21.443561574780254,68.48451861009016,62.63865546218487,29.84770708355775,68.25409998569334,933.962396436776,78.40160617773593,50.295043099210446
2025-03-13 15:15:00,21.765511217109278,68.60829262400347,62.63865546218487,29.842020571415354,68.15400180247501,932.026903693756,78.49739500304072,50.21100091298495
2025-03-13 15:30:00,21.90797300486561,68.81881460599287,62.63865546218487,29.83150630797278,68.41790961640159,927.2369317918216,78.24995454237495,50.488891845677394
2025-03-13 15:45:00,21.763863477801173,69.109480151121,62.63865546218487,29.760403615665798,68.32026445412066,923.1458325955055,77.65134541915543,50.391259998993476
2025-03-13 16:00:00,21.97654006300611,69.09484303756322,62.63865546218487,29.842711073368175,68.21856441855334,920.8377279859012,78.32149548688861,50.61394715589454
2025-03-13 16:15:00,21.736128397214703,69.19525426157074,62.63865546218487,29.829452369182874,68.0875261967511,930.0584849262098,78.43272681158662,50.75671794756797
2025-03-13 16:30:00,21.93287158086294,69.14279979760605,62.63865546218487,29.795043120734732,68.60518913444052,930.9047451609352,77.99698846644924,50.50489049897921
2025-03-13 16:45:00,22.120907425982654,69.09063624054205,62.63865546218487,29.76024925803943,68.41746890284982,937.172301640377,78.14174105586739,50.22240984088507
2025-03-13 17:00:00,22.62013459081561,69.24951082239716,62.63865546218487,29.829589331928073,68.61294802953527,937.3253221798961,78.3674846458463,50.58631284553247
2025-03-13 17:15:00,22.850467888656276,69.11410872447385,62.63865546218487,29.852243554137694,68.48157050750126,945.5475202086643,77.99999420391444,50.508165820314524
2025-03-13 17:30:00,22.750629882264064,69.10851093005526,62.63865546218487,29.87988556173317,68.26575560323839,936.0258946699404,78.07046033936074,50.802735527599324
2025-03-13 17:45:00,22.704667768453543,69.10706516734403,62.63865546218487,29.941094034327588,67.89930314217033,940.1251088546076,77.3843948162317,50.94234023619793
2025-03-13 18:00:00,22.891181707277827,69.2008379741532,62.63865546218487,29.955181410492976,68.01194360267812,938.3530019881639,77.96543910370897,50.59215136719197
2025-03-13 18:15:00,23.087866277762323,69.29439168460001,62.63865546218487,29.935872747294948,66.27608690602386,933.0301663888062,79.02683215928893,50.79954524367841
2025-03-13 18:30:00,23.354079896407107,69.27483770317329,62.63865546218487,29.882850870562713,66.2515250527312,931.9730016181068,78.84810558318235,50.8401540728268
2025-03-13 18:45:00,23.55893886177111,69.25432916215652,62.63865546218487,29.892334986770372,66.32048279391893,929.7504786635212,78.47908645220836,50.999866875878865
2025-03-13 19:00:00,23.151191907410087,69.3414470044451,62.63865546218487,29.940918382381223,66.54211746557337,930.2366466961187,77.99243087299271,51.06872593330463
2025-03-13 19:15:00,22.942445882808983,69.29222496562811,62.63865546218487,29.887936969131434,66.56873192604286,940.3899094586852,78.04581241022231,51.207085657823164
2025-03-13 19:30:00,22.824005336178242,69.28784325988394,62.63865546218487,29.88921623356811,66.61850332502812,935.3789577755344,78.69166554533828,51.308503669096886
2025-03-13 19:45:00,22.750827212347655,69.2946022499076,62.63865546218487,29.910037535397237,66.82249941409016,935.2454880352916,77.96078485559681,51.58021067776909
2025-03-13 20:00:00,22.878012762377107,69.47055901551757,62.63865546218487,29.901784990760405,66.76906886855221,932.1006247619039,77.74590081185939,51.69871027850716
2025-03-13 20:15:00,22.938509066866636,69.50857266668017,62.63865546218487,29.905113076898118,66.59715390145965,934.9469250061197,77.4146536761453,51.89525013679704
2025-03-13 20:30:00,22.69359276806722,69.50055251696241,62.63865546218487,29.904658460409628,66.49290019107035,944.2987254809279,78.24895487500243,51.434305473083064
2025-03-13 20:45:00,22.48201051469002,69.57273550363469,62.63865546218487,29.867527818107884,66.48819551458666,955.6099348589605,77.96499597325904,51.34208660496439
2025-03-13 21:00:00,22.291702782981186,69.51370769495507,62.63865546218487,29.866146959054003,66.31146112359122,947.4124417432093,78.54456259120845,51.80472327419046
2025-03-13 21:15:00,22.454200043341462,69.67396182430211,62.63865546218487,29.87722566738047,66.51801617780613,951.8598179868823,78.06662734695053,51.73177428558026
2025-03-13 21:30:00,22.61582636123158,69.61971680020662,62.63865546218487,29.834555034374652,66.17792077321813,956.2139356072756,78.34600572078787,51.52216188192289
2025-03-13 21:45:00,22.839591157943115,69.72839879448722,62.63865546218487,29.8526509259382,66.10017233006371,950.0050372002145,78.56839857812672,51.249830609586844
2025-03-13 22:00:00,23.009315061905045,69.83921272176282,62.63865546218487,29.79809986334262,66.12385583124752,945.0998218177671,77.55798564369724,50.79871162909515
2025-03-13 22:15:00,22.963909301279376,69.94650958058003,62.63865546218487,29.84304967510625,67.82526513096664,946.0361931366223,77.80715146660721,50.66925129369076
2025-03-13 22:30:00,22.821595383600577,70.02768009606545,62.63865546218487,29.88105629372005,67.62528002027834,952.6237255063996,77.61055167669959,50.5771745133853
2025-03-13 22:45:00,23.092450747849337,70.09112067588927,62.63865546218487,29.86931435214807,67.75715633486779,947.2771084623539,78.22839103873223,50.66838039695926
2025-03-13 23:00:00,23.43918772412159,70.11795150745495,62.63865546218487,29.866589508960605,67.77070241972072,945.1332396398759,77.92669345974126,50.6900187421942
2025-03-13 23:15:00,23.67846871275016,70.19444329039887,62.63865546218487,29.82067440211878,67.82777027929544,947.9863535097128,77.69854382227119,50.94893370049023
2025-03-13 23:30:00,24.126337745556416,70.11622318478457,62.63865546218487,29.767717854822454,67.69654966729898,952.6914688148853,77.32966318494674,51.196208283302745
2025-03-13 23:45:00,24.234805976863665,70.07143488652764,62.63865546218487,29.77787991731306,67.66132113567213,951.5610284297207,77.69620586619476,51.36989810718595
2025-03-14 00:00:00,24.224497087894207,70.02112780990326,62.63865546218487,29.81354149312293,67.74652336704875,948.5321602532887,77.39759474667247,51.32365877094095
2025-03-14 00:15:00,24.180516261151674,70.21628871554465,62.63865546218487,29.78478043378487,67.47803243165609,956.8403041693231,77.4534974820812,51.03762916413788
2025-03-14 00:30:00,24.10412614518912,70.1939646524909,62.63865546218487,29.79335944395873,67.60228010636787,959.9150402491367,77.28646689202485,51.37364388446069
2025-03-14 00:45:00,24.311142856525304,70.20862721268519,62.63865546218487,29.774098620410104,67.67844648951981,958.0103190227201,77.72033109581731,51.50703670312228
2025-03-14 01:00:00,24.529570368621584,70.19558172548523,62.63865546218487,29.753525086867572,67.49070873327071,969.9989957746652,77.76461948900699,51.85071754635796
2025-03-14 01:15:00,24.39317347665267,70.34591052636388,62.63865546218487,29.723362840070727,67.53555679713152,963.3727605742956,77.85220532156251,51.8428481653723
2025-03-14 01:30:00,23.815785822839,70.35096043080156,62.63865546218487,29.70505950786133,67.57652358027471,970.4460595066876,77.4660002551559,51.73473451113859
2025-03-14 01:45:00,24.23993849002604,70.31360585983492,62.63865546218487,29.66076930863102,67.6911938804176,979.1263151651568,76.40906673420204,51.650405140332516
2025-03-14 02:00:00,24.415334001631635,70.28441641074619,62.63865546218487,29.675072291370732,65.32660367151891,986.3972023381987,77.65082648317711,51.388115929788604
2025-03-14 02:15:00,24.360282434654486,70.24530453013506,62.63865546218487,29.564060602661982,65.21359974374973,981.9227890310462,77.87973812008265,51.05562927908465
2025-03-14 02:30:00,23.87528523293127,70.28538836976072,62.63865546218487,29.621913065078886,65.48970362530606,980.7989656542067,77.62939781365664,50.92474605770952
2025-03-14 02:45:00,23.626210343177053,70.32275253290967,62.63865546218487,29.657336688300354,65.2758284459267,979.8253122068227,76.35648299703041,51.03811591534843
2025-03-14 03:00:00,23.306796711756903,70.2821552305491,62.63865546218487,29.681742309277947,65.283929954783,968.018761918233,76.53006383565726,50.8785138095709
2025-03-14 03:15:00,23.00616520754783,70.12829718129991,62.63865546218487,29.747557824286094,65.35285275970561,970.6425649714295,76.25741446922837,50.56157636738991
2025-03-14 03:30:00,23.208798245781075,70.1361660063494,62.63865546218487,29.714684286618585,65.29366741576776,973.113408439018,76.95348899357197,50.52527635726058
2025-03-14 03:45:00,23.086270052306908,70.09192293813197,62.63865546218487,29.67249072900099,65.38861973851607,975.8514842372783,76.89565628197322,50.577867829965214
2025-03-14 04:00:00,22.912823696150802,70.22768563752791,62.63865546218487,29.6910769448519,65.37840500978997,973.9240581316802,76.71677474031468,50.59979374757957
2025-03-14 04:15:00,22.91606991295843,70.21188166383688,62.63865546218487,29.68821395860408,65.44235574653402,972.9848913376733,77.06415852379644,50.7862923734571
2025-03-14 04:30:00,23.05317534364885,70.04612885797701,62.63865546218487,29.6850936483308,65.43920904866569,965.2260923729172,76.88834347109129,50.535506206465826
2025-03-14 04:45:00,23.194677692565893,69.98656567291117,62.63865546218487,29.637353373596458,65.04934661745976,969.1564866626056,76.99436446797093,50.01170082188592
2025-03-14 05:00:00,23.597783779438537,69.88809176518056,62.63865546218487,29.63297143557235,65.39819376523177,961.4721653030701,76.77909407848107,49.95994926147192
2025-03-14 05:15:00,23.764737648546856,69.89796359154032,62.63865546218487,29.695968241825348,65.24206716300385,965.7664318959174,76.48356408576309,50.103854295436044
2025-03-14 05:30:00,23.594975318067796,69.8164398306417,62.63865546218487,29.694461754007037,65.28313025785113,966.5567510776893,75.83436293237621,50.306118476941656
2025-03-14 05:45:00,23.8009504587396,69.80538699802894,62.63865546218487,29.738599081996796,64.9928728472965,960.2738014843543,76.57069615618592,50.083382891971404
2025-03-14 06:00:00,23.799163669748918,69.85684411761689,62.63865546218487,29.728476695692116,66.99364665245388,969.3446446234387,76.60100906070359,50.437067675728976
2025-03-14 06:15:00,23.95947709855832,69.89793669555156,62.63865546218487,29.695729186696514,67.15245896000354,969.7947583878893,76.5100351329918,50.80499342083917
2025-03-14 06:30:00,24.219048024911803,69.8977124788771,62.63865546218487,29.67378586837746,67.22142873414981,966.8797783812572,76.52017776652644,50.6665041483739
2025-03-14 06:45:00,23.979333322927555,70.00998107778499,62.63865546218487,29.73054802661936,67.18528661701804,964.0759927748471,76.55938989983088,51.124007546367665
2025-03-14 07:00:00,23.988324427311525,70.01582314012234,62.63865546218487,29.642364012349205,67.15067963251977,965.6441599831068,76.43196544010108,50.57694380234929
2025-03-14 07:15:00,23.499655334073164,70.1088680259075,62.63865546218487,29.654153538531997,67.21934324826503,961.953873653262,77.21627018333038,51.0605245242525
2025-03-14 07:30:00,23.347527433712642,70.13838350358216,62.63865546218487,29.678997934539236,67.05540245927348,966.9865364760415,76.96310934373354,50.851439087674066
2025-03-14 07:45:00,23.057576527433067,70.07483801480424,62.63865546218487,29.664812359557832,67.21557579518309,961.8553641209252,76.87146890003082,50.8180608286297
2025-03-14 08:00:00,23.123336967009916,70.06989570950184,62.63865546218487,29.654392991417907,67.34773851108787,960.4886020631059,77.47431628373276,50.38523883637254
2025-03-14 08:15:00,23.422823533131268,69.95800095205938,62.63865546218487,29.675375584016656,67.44551596437675,965.1677610701765,76.997481438389,50.2755513019968
2025-03-14 08:30:00,22.621227415667597,70.01534081798407,62.63865546218487,29.692521525569774,67.61438652550733,965.0460583566004,77.31482026843778,50.6201183887826
2025-03-14 08:45:00,22.336730079988516,69.89040482761902,62.63865546218487,29.676095214149953,67.146797259102,963.6654120177609,77.27973926377734,50.55708878788716
2025-03-14 09:00:00,21.83475568827397,70.05520746779654,62.63865546218487,29.665359711679613,66.99075656668191,967.7668508834781,77.54946826731653,50.688689719948414
2025-03-14 09:15:00,21.63127700560864,70.12263213160458,62.63865546218487,29.635872854192684,67.06008968889674,970.1609154467399,77.89839753478097,50.679760001462064
2025-03-14 09:30:00,21.976476290567273,70.17406600838535,62.63865546218487,29.662305448880122,67.09624011082886,976.0632701593269,77.97925753496799,50.8407649003896
2025-03-14 09:45:00,22.344809273335517,70.22251906632967,62.63865546218487,29.68043448674911,66.9058964748026,976.0891977927986,78.13507305237599,50.66673760474549
2025-03-14 10:00:00,22.08357127817204,70.21126893629935,62.63865546218487,29.667208923759063,64.77872560642889,972.6576685522774,76.80671903899612,50.23338876000045
2025-03-14 10:15:00,21.978580431378973,70.16286785450643,62.63865546218487,29.6079969201209,65.03617302739144,974.9604434034245,77.13398825499361,50.505385998341765
2025-03-14 10:30:00,21.84039076609395,70.09611800392464,62.63865546218487,29.631550352072214,65.55184754872306,972.8746251793656,77.39838918284484,50.50051039533757
2025-03-14 10:45:00,21.816742625817817,70.1109120273356,62.63865546218487,29.67376524693467,65.64629916122315,975.3591263886647,77.52737982914925,50.896848540375586
2025-03-14 11:00:00,22.1623059819166,70.11458976343346,62.63865546218487,29.65412988857583,65.43021247730321,974.7876215908738,77.6349779911717,50.825485112363424
2025-03-14 11:15:00,22.358038322424125,70.07887480517408,62.63865546218487,29.687568442954,65.50096930978933,976.787214311895,77.9513719419438,51.04975059735886
2025-03-14 11:30:00,22.40189342383181,70.09536263080277,62.63865546218487,29.747606133609224,65.42051247225494,978.9363341009695,77.6978614514678,50.77905655807861
2025-03-14 11:45:00,22.245045243418087,70.17923130970821,62.63865546218487,29.749379553477215,65.36251006849865,983.1231170089517,77.89100358933949,50.89301797728605
2025-03-14 12:00:00,22.208680936355968,70.1227122475102,62.63865546218487,29.70986832818516,65.68548542666134,985.7031912310305,77.91467206381441,51.01988599564919
2025-03-14 12:15:00,21.980811231173547,70.11348286399475,62.63865546218487,29.765610264678347,65.77392480509843,993.1884728166934,77.80399194218634,51.30010386796854
2025-03-14 12:30:00,22.35955328589508,70.2666263983059,62.63865546218487,29.80051934184495,65.88627943876654,994.6021673828867,77.44704665880828,51.24213974749528
2025-03-14 12:45:00,22.279585523163266,70.420067833493,62.63865546218487,29.741382383009373,65.57369931438855,981.75347561834,77.96364661026809,51.57830052194782
2025-03-14 13:00:00,22.274431605431804,70.36180027992582,62.63865546218487,29.797506021727234,65.71757849995109,981.7009387307504,78.1068625351457,51.54598691894695
2025-03-14 13:15:00,22.132934530282427,70.38172506293488,62.63865546218487,29.770120844684197,65.89616605413856,983.2378131106336,77.71617329123947,51.48130932914949
2025-03-14 13:30:00,21.9125298160123,70.4474184246003,62.63865546218487,29.741313145049688,65.88049375748652,991.0826649201309,77.83537123495033,51.270209159709474
2025-03-14 13:45:00,21.79486453035212,70.49158887647664,62.63865546218487,29.718887721847082,67.59184195950726,984.6040011827863,78.19481606788186,51.415689678021145
2025-03-14 14:00:00,22.212538504160058,70.47329150633335,62.63865546218487,29.66867893615301,67.70353918329361,978.0501652136963,77.54418516046957,51.075402264219235
2025-03-14 14:15:00,22.092468726383967,70.40181794926002,62.63865546218487,29.715551625882156,67.80617338517227,979.5904631671768,78.4069151181109,51.088828881562634
2025-03-14 14:30:00,22.213856639858193,70.50986619891137,62.63865546218487,29.657901672733285,67.53147846728754,983.5184759730628,77.71309850937578,51.09310309397761
2025-03-14 14:45:00,21.73495910548656,70.65200712632517,62.63865546218487,29.714347163090604,67.6598124612499,980.8971360415394,77.65884530502429,51.258087558144496
2025-03-14 15:00:00,21.74587328225492,70.57062496444203,62.63865546218487,29.72496031698097,67.7598580027992,978.271528159969,78.01817180842298,51.309849621940074
2025-03-14 15:15:00,21.497248253058903,70.59313767542133,62.63865546218487,29.740049547631944,68.11559545430764,981.8328976567427,77.80998752664651,51.09296918110237
2025-03-14 15:30:00,21.488550335879843,70.60746428802652,62.63865546218487,29.707918680584054,68.01670426926388,982.4578966600577,78.213393521274,51.22317533991938
2025-03-14 15:45:00,21.6982343318638,70.58968564818905,62.63865546218487,29.683171626391783,67.95054720867361,979.6745999768673,78.37984913324007,51.23228159846341
2025-03-14 16:00:00,21.516786053386966,70.77760494124877,62.63865546218487,29.654687619754988,67.85697380188499,978.9533683936302,77.38875460231816,51.23771144917882
2025-03-14 16:15:00,21.33502440840857,70.8314993215192,62.63865546218487,29.682072246949954,68.03082372971518,985.4825322986544,78.42598396418613,51.11978435734243
2025-03-14 16:30:00,21.408196238713757,70.9212041353306,62.63865546218487,29.6831873958931,67.81198500925518,983.2020693115932,77.96073703937373,50.532032340179356
2025-03-14 16:45:00,21.804032881666075,70.78919409600083,62.63865546218487,29.708128725723487,67.89342566853519,983.9051760031525,79.00989456794672,50.605450547195616
2025-03-14 17:00:00,22.080307391461726,70.83722874997028,62.63865546218487,29.639005503292772,67.74571841585671,984.0089760260341,78.09651345655458,50.65662654265625
2025-03-14 17:15:00,22.55527380115972,70.81876379006484,62.63865546218487,29.642150609255733,68.08787073399394,984.2996618700375,78.9058220395035,51.168023493356095
2025-03-14 17:30:00,22.75708049909323,70.72332374559508,62.63865546218487,29.661788297917226,68.02881886436516,989.6160080009437,77.72768740949645,51.174485036111896
2025-03-14 17:45:00,22.916498699554605,70.78990385929491,62.63865546218487,29.60268296922463,66.17822035028216,990.4135729934706,78.5463199279541,50.71962501538096
2025-03-14 18:00:00,22.965856948273014,70.8070687997396,62.63865546218487,29.535483353540982,66.28572835846794,993.2162072884802,78.647205847126,50.71531528592394
2025-03-14 18:15:00,23.143566734384727,70.84864685897618,62.63865546218487,29.55137692946856,66.66787462022707,998.7166116167515,77.87066718182817,50.765958594939676
2025-03-14 18:30:00,23.326577180067112,70.95901080018494,62.63865546218487,29.56581536563876,66.65908990971784,989.4936993065113,78.75570839678043,50.30565254763735
2025-03-14 18:45:00,23.14572019650357,70.91910812527796,62.63865546218487,29.542707085300727,66.57674814504335,996.7631134258288,78.21928475508265,50.19611493653989
2025-03-14 19:00:00,23.530999772575402,71.012207997313,62.63865546218487,29.50205634526011,66.68717322516666,990.7207287187673,78.11909156909569,49.924165099302584
2025-03-14 19:15:00,23.241451915060534,71.15073258225968,62.63865546218487,29.50008638717763,66.83625619239766,998.4372406882799,77.49702195216537,50.06381311812096
2025-03-14 19:30:00,23.183156015227507,71.23577841630872,62.63865546218487,29.518682959286533,67.00314436706795,994.7738807151259,77.77741918269088,49.98500449473863
2025-03-14 19:45:00,22.940445686279656,71.30589056248718,62.63865546218487,29.52480436287906,67.07954183212834,995.2846644784913,78.06132208297392,50.362279907414205
2025-03-14 20:00:00,22.767719009420677,71.48101805237876,62.63865546218487,29.522352149961637,66.55010645122297,991.967730634696,77.67318933128287,50.18618236480779
2025-03-14 20:15:00,22.751963324391014,71.48231443689382,62.63865546218487,29.569551101550406,66.59775874861094,985.7538952421232,77.75065278644598,50.11918377216654
2025-03-14 20:30:00,22.517182540467132,71.57644516076273,62.63865546218487,29.661546516920342,66.70247454952893,985.4158304720806,77.84158387463255,50.18354075398049
2025-03-14 20:45:00,22.216810518691798,71.62344152506373,62.63865546218487,29.62919957891125,66.51297739697772,993.1076799516397,77.62989788707242,49.89345818773477
2025-03-14 21:00:00,22.210953726370626,71.70918319827052,62.63865546218487,29.596983786747728,66.59345279968375,995.6927824186324,77.14559504332838,49.399365012702305
2025-03-14 21:15:00,22.355775559310867,71.72459874362643,62.63865546218487,29.638661055370715,66.39362862506088,1001.6458193172127,77.32468348901655,48.83750832024878
2025-03-14 21:30:00,22.77730456988715,71.87046659632573,62.63865546218487,29.613497229968115,66.47194255735734,999.505428081794,77.47253271562418,49.0203887953801
2025-03-14 21:45:00,22.96009907517589,71.77856967539053,62.63865546218487,29.60021846233518,68.19367101246159,1000.3021049508424,77.75378674733523,48.90589395500247
2025-03-14 22:00:00,23.117065819372478,71.89042717310043,62.63865546218487,29.53479853768822,68.01705164350882,998.7031652830265,77.76067977390987,48.78065539023995
2025-03-14 22:15:00,23.050972328069275,71.76936452346459,62.63865546218487,29.54754328996429,67.9359110780803,1004.2794380419372,76.92919908394775,49.12939716951384
2025-03-14 22:30:00,23.134314212803893,71.88382518672175,62.63865546218487,29.55792666695221,68.25116456942173,1003.1918189459747,77.36659697153307,49.30235412989375
2025-03-14 22:45:00,23.237574060017003,71.85366263606952,62.63865546218487,29.533062761143185,68.20611618289841,996.3937438745323,77.30469224358616,49.21774319695057
2025-03-14 23:00:00,23.761836790717652,71.82702890539402,62.63865546218487,29.554726809106267,68.23063755915483,993.1005924028232,77.74145142758172,49.48721629909662
2025-03-14 23:15:00,24.038836856199026,71.84312972850955,62.63865546218487,29.555919301867625,68.15039502833578,987.9300341350433,77.31965574911823,49.818611661263624
2025-03-14 23:30:00,24.08003491853311,71.77999105231933,62.63865546218487,29.575928464653728,68.21676082872854,986.9494308823402,77.59838370771932,49.90191085505169
2025-03-14 23:45:00,23.981529664282434,71.87158189209116,62.63865546218487,29.59765417104699,68.0507643956674,1004.9404443949211,77.08964357800755,50.33240122443855
2025-03-15 00:00:00,24.10662144645415,71.98222975774232,62.63865546218487,29.56018711552079,67.89291821298774,1000.5451093251258,76.44283217432924,50.502000047706545
2025-03-15 00:15:00,24.13824366451396,71.91478661608093,62.63865546218487,29.55750230463056,68.03015777209782,1002.6278980177352,76.90786031201041,50.4129223384602
2025-03-15 00:30:00,24.201933243627142,71.82289387408287,62.63865546218487,29.498160574081833,68.01281729712268,997.5031965655546,77.74982145365682,50.319438870082
2025-03-15 00:45:00,24.663840742135914,71.73271019989511,62.63865546218487,29.41040662823461,67.73134370494147,999.71947774498,76.93225914763175,50.10641724097074
2025-03-15 01:00:00,24.616044365429932,71.61486558773638,62.63865546218487,29.443649473535544,67.67176423497321,1001.5238090478792,77.31526668982903,50.260776797150555
2025-03-15 01:15:00,24.529201010396445,71.61385997285328,62.63865546218487,29.45588087326334,67.56003811004234,998.0785985712095,76.73636362241552,50.000640259240555
2025-03-15 01:30:00,24.127694784999473,71.63104146643252,62.63865546218487,29.44287804626007,67.40712561318743,996.6492048560305,76.75128331837855,50.190448521106724
2025-03-15 01:45:00,24.151308129134115,71.55813012968717,62.63865546218487,29.44956061382448,65.8402121900339,993.851698498599,77.22530269018247,50.215676884966285
2025-03-15 02:00:00,23.918783813031904,71.50322151224175,62.63865546218487,29.47657631813236,65.75637098886037,990.2023453825649,76.62500710919953,50.4447163752513
2025-03-15 02:15:00,23.844644682717423,71.45188559927554,62.63865546218487,29.51138107673986,66.02362939539255,988.7798980910953,76.57223700749863,50.41666353796732
2025-03-15 02:30:00,23.820643432471844,71.39089703887558,62.63865546218487,29.51685508748214,66.05246091868268,992.931144197538,77.55732872418437,50.23907513335497
2025-03-15 02:45:00,23.43309722061199,71.20600080297348,62.63865546218487,29.49377092996631,65.89289819456253,990.2177134257772,77.02960691303201,50.29151612248283
2025-03-15 03:00:00,23.311559610789597,71.3035468855462,62.63865546218487,29.470324876595722,66.08236780394147,995.5484549051611,77.37630207802364,50.40151277205013
2025-03-15 03:15:00,22.99578120999374,71.24975938358858,62.63865546218487,29.45301192358825,66.16069484029985,998.8640137832622,76.65498443090642,50.35025677829251
2025-03-15 03:30:00,23.074206806239815,71.34062555459523,62.63865546218487,29.51745693657622,66.30955728343521,1001.6553702220451,76.77318616414422,50.475008016350486
2025-03-15 03:45:00,23.32516507099566,71.33009379375756,62.63865546218487,29.55431599980782,66.29648385818882,999.4451519622419,76.61521764633096,50.47350424368781
2025-03-15 04:00:00,23.38094409570091,71.2330640188924,62.63865546218487,29.530522806691394,66.25213013887603,998.0290862246364,76.33112342301219,50.426871894658014
2025-03-15 04:15:00,23.291899000588213,71.35618093173608,62.63865546218487,29.538971898017312,66.27483118153309,996.104745472161,75.99671507777911,50.19225021852318
2025-03-15 04:30:00,23.285449556863966,71.2088866904266,62.63865546218487,29.503810380263253,66.32427639548456,998.1452817276842,76.27533768297481,50.11841254461981
2025-03-15 04:45:00,23.579334560275342,71.22777650466595,62.63865546218487,29.473322740707445,66.63270545274852,999.4459071335815,76.38634413451238,50.44357444012318
2025-03-15 05:00:00,23.72179036978068,71.18132138311587,62.63865546218487,29.464216707621723,66.41289448284073,991.4851088944869,77.12293655184429,50.59556375841839
2025-03-15 05:15:00,23.773898674205373,71.18237804038846,62.63865546218487,29.48961866639031,66.3035872759124,994.8724476582164,76.49837031290372,50.28070224321061
2025-03-15 05:30:00,23.8243562607688,71.24445260310023,62.63865546218487,29.548577304428743,67.9094375957402,998.7055998083238,76.63908100377536,50.30254835087427
2025-03-15 05:45:00,23.90628041754355,71.19949996348375,62.63865546218487,29.55845060455647,67.91544949925023,990.6410034338368,75.80579841117229,50.63328444569922
2025-03-15 06:00:00,23.828220621445315,71.12537705064759,62.63865546218487,29.576529614899524,67.89253391816156,986.3090926888929,76.85197490148728,50.51550953460987
2025-03-15 06:15:00,23.929246590932518,71.26207562064988,62.63865546218487,29.593426514111613,67.88965414516137,984.524932231227,76.86732192905849,50.81233690767321
2025-03-15 06:30:00,24.053931362948788,71.2439677827308,62.63865546218487,29.57734191647336,68.1088182822734,989.221557411271,76.51349788263757,51.19716770901692
2025-03-15 06:45:00,24.125649767884124,71.1821902439851,62.63865546218487,29.596126455168864,68.02146558015711,995.7057028582761,77.0873223040624,51.31641724713811
2025-03-15 07:00:00,24.111276979989093,71.18275728265826,62.63865546218487,29.611604299804327,67.76831418660608,991.3832035768104,76.9041092575368,51.015332140531065
2025-03-15 07:15:00,23.767383831493376,71.23792870107663,62.63865546218487,29.54571594490247,68.03185672150367,995.7643365338225,76.28405994705474,51.352867432207574
2025-03-15 07:30:00,23.559794080226702,71.17767233302565,62.63865546218487,29.48225255627423,67.56691399949099,998.425304903287,76.29277082216989,51.35763696474732
2025-03-15 07:45:00,23.51976155857596,71.07319997174038,62.63865546218487,29.387424764740807,67.70394857148513,1001.6276812510289,77.1746341364068,51.35019925936226
2025-03-15 08:00:00,23.11720158502705,71.06497522841666,62.63865546218487,29.41795548271649,67.57768530527824,998.7010206333292,76.62635788798114,51.024978779249516
2025-03-15 08:15:00,23.20248760812303,70.97052165607174,62.63865546218487,29.407559775040156,67.28063171130657,1002.6758057752536,76.47551386125109,51.04755581649804
2025-03-15 08:30:00,22.741092476659674,70.95786652873339,62.63865546218487,29.36408195034877,67.09000896125181,1008.6813399604355,76.49545832219496,50.804145776083786
2025-03-15 08:45:00,22.387174656848426,70.85724753991455,62.63865546218487,29.413840559636906,67.3991713519765,1000.6488340901743,76.29971480575355,51.08384396662525
2025-03-15 09:00:00,22.165476561285654,70.84266784598533,62.63865546218487,29.44532350847132,67.59332112542926,997.3329565085752,77.21010375634026,51.25017098236314
2025-03-15 09:15:00,22.19119221631262,70.83999123964017,62.63865546218487,29.439651829277896,67.91772744492454,998.9553616678434,76.90181960095863,50.93182650021663
2025-03-15 09:30:00,22.461775087041,70.7938339520534,62.63865546218487,29.454353114735127,66.37258087671054,1008.130847632232,76.96116647320311,50.606100724272245
2025-03-15 09:45:00,22.419882607431713,70.74893142033153,62.63865546218487,29.413062519240462,66.26869792716364,1004.980145176221,77.58088015018313,50.756760513177866
2025-03-15 10:00:00,22.40788171021402,70.72940607478574,62.63865546218487,29.43217026863741,66.19163765121628,1009.7574741228312,76.62890306230227,51.151279320801365
2025-03-15 10:15:00,22.24094080508672,70.61872505687971,62.63865546218487,29.44998736269649,66.07697310532905,1001.0929934227984,77.47707803336269,51.32238023462816
2025-03-15 10:30:00,22.104263095818972,70.61285667250937,62.63865546218487,29.404140713088786,66.3315225683592,999.7789322121837,77.6440518702847,51.38316593427238
2025-03-15 10:45:00,21.81588234381054,70.57684421011568,62.63865546218487,29.418315577537605,65.93151345825302,999.1294221307214,77.4117460089595,51.099290835819886
2025-03-15 11:00:00,21.984057139116256,70.63519295698937,62.63865546218487,29.409800544884817,65.84437191116601,998.0097008934242,77.52885961413547,50.84538049414796
2025-03-15 11:15:00,22.32713945910377,70.76124539717958,62.63865546218487,29.446533048254004,65.70992716619816,1000.4634810957688,77.25841367028525,50.481164921272146
2025-03-15 11:30:00,22.15872275625899,70.666621030844,62.63865546218487,29.4341341536565,65.78215034963134,1008.0727084861389,77.31415076877684,50.34067609772994
2025-03-15 11:45:00,22.058045260837083,70.61941034887016,62.63865546218487,29.43966246551634,65.89827690371658,1008.561090877764,77.29033447179503,50.62063291979782
2025-03-15 12:00:00,22.069243639949775,70.72093013568958,62.63865546218487,29.487538846308468,66.32919097595799,1013.2660631055213,77.71583031422213,50.64535695979455
2025-03-15 12:15:00,22.408031622027707,70.65992579973668,62.63865546218487,29.52342043883918,66.22526031945698,1005.5464485685225,77.39426727913998,50.28342343403111
2025-03-15 12:30:00,22.611929476222517,70.69871393167038,62.63865546218487,29.546598298393167,66.34988852332586,998.4134759725451,77.26139368137393,50.1831557037249
2025-03-15 12:45:00,22.639400003770696,70.74899330987282,62.63865546218487,29.53590363686416,66.30939223230232,999.0716992693526,77.85292257216744,50.35524475902463
2025-03-15 13:00:00,22.847304757343547,70.91026157018334,62.63865546218487,29.57109652190339,66.67783564987617,1002.8677169574057,76.72747859484349,50.473059750480445
2025-03-15 13:15:00,22.689885473901246,70.97795799534302,62.63865546218487,29.553151742282374,66.3707386231009,1000.3289238884685,77.77741722465798,50.312434234175605
2025-03-15 13:30:00,22.275027250931366,71.03363906433964,62.63865546218487,29.57760092649557,68.53310794275457,1000.6256020409214,77.85674807688264,50.51137117284413
2025-03-15 13:45:00,22.329667798212185,70.96772825543736,62.63865546218487,29.557440197561515,68.36908781523181,998.9616737405383,77.76768800271955,50.22671012281125
2025-03-15 14:00:00,22.31436393805041,70.96205163013072,62.63865546218487,29.567380846064594,68.51289101598483,1006.208406456497,77.90338728472629,50.16029344355345
2025-03-15 14:15:00,22.043883382127614,70.92984068334808,62.63865546218487,29.65918667749017,68.34557452617523,1009.2493775432707,78.09775742528142,50.597268775876856
2025-03-15 14:30:00,21.797628658316196,71.01046693709466,62.63865546218487,29.683066924579062,68.22852223422777,1012.8531785029652,77.60392188134016,50.91835477358919
2025-03-15 14:45:00,21.35493692645351,71.05146026760826,62.63865546218487,29.667254972309276,68.53362573516551,1007.2559001975167,78.28872132999446,50.77625103592274
2025-03-15 15:00:00,21.504942868333647,71.0042975633813,62.63865546218487,29.69944981474468,68.6355905620115,1000.9869103077417,77.37157433757525,50.80103426270339
2025-03-15 15:15:00,21.807328254441643,71.01673897790748,62.63865546218487,29.646399628873382,68.45416864134462,997.1653593656869,77.74383500342745,50.59404168714046
2025-03-15 15:30:00,21.9322640368721,71.10603454785604,62.63865546218487,29.663357166326467,68.72536443509728,999.8260536465895,77.54732534469846,50.64157996663895
2025-03-15 15:45:00,21.99561736429831,71.16087847770685,62.63865546218487,29.691405122301838,68.78476285491004,1004.79731294557,78.08294660083858,50.67807353108404
2025-03-15 16:00:00,22.352396734170288,71.05078589480479,62.63865546218487,29.729417915633928,68.8749824462313,1001.2790825385736,77.53613273926777,50.59374736783258
2025-03-15 16:15:00,22.28071715844208,71.08104914294526,62.63865546218487,29.6988908003125,68.61579097993386,998.5598638726142,77.58239608899342,50.35701814231871
2025-03-15 16:30:00,22.350683327092835,71.21297581609413,62.63865546218487,29.760672989447826,68.49927847003882,997.7786553206502,77.79812686866721,50.142470013153336
2025-03-15 16:45:00,22.63816488340531,71.13540996436296,62.63865546218487,29.75406011261109,68.78235963828403,999.9989793361532,78.59094899789599,50.35222466851721
2025-03-15 17:00:00,23.05548775494322,71.15055464339112,62.63865546218487,29.77760895921403,68.83972737205129,1002.5126022692731,77.67361145439854,50.45890299067938
2025-03-15 17:15:00,23.49162156598454,71.26059230344784,62.63865546218487,29.809022405307566,67.30237007395397,1013.3796478392024,78.27998232383008,50.44559085437568
2025-03-15 17:30:00,23.49133865141467,71.21199067979087,62.63865546218487,29.781977150073004,67.41174411510121,1010.5688212213539,78.09952760428598,50.80205368933707
2025-03-15 17:45:00,23.447509233371807,71.15779843253705,62.63865546218487,29.790917347704912,67.46115386672257,1008.3935464624947,78.23593643315584,50.99304183256211
2025-03-15 18:00:00,23.524433455690456,71.2508158238698,62.63865546218487,29.788080217073265,67.39719710910339,1004.9295070861276,78.4274466643488,51.22401232214217
2025-03-15 18:15:00,23.530399626317447,71.28895179213744,62.63865546218487,29.76857119508119,67.50877966710942,1012.5619615920182,78.97736983192199,51.34401688380658
2025-03-15 18:30:00,23.63486358942577,71.3090857387051,62.63865546218487,29.753822100276874,67.50677093139622,1006.8530414285759,78.01056880442431,51.17759616113367
2025-03-15 18:45:00,23.76914540137046,71.3920928305907,62.63865546218487,29.767429027919,67.6064543985577,1003.825417426359,78.77313128241283,50.814128380094814
2025-03-15 19:00:00,23.607882313764893,71.40144800295637,62.63865546218487,29.783306556546673,67.59724843435171,999.2077010497063,77.92713947622055,50.41954594846776
2025-03-15 19:15:00,23.399579715775932,71.58946564983383,62.63865546218487,29.81748035827203,67.48612572883634,998.0809113434761,77.17405260082069,50.633425095123464
2025-03-15 19:30:00,23.14025849655713,71.70659962951233,62.63865546218487,29.80684966655837,67.15907348064505,990.8609098128696,77.30247655668819,50.378322856021576
2025-03-15 19:45:00,23.096384884438002,71.68663352461124,62.63865546218487,29.810746997007502,67.13634527603867,987.1344014513787,77.36669773103556,50.175291294902706
2025-03-15 20:00:00,23.430590912735813,71.78321097175994,62.63865546218487,29.771269769785285,67.35997573581692,995.8420661209025,78.07857611163968,50.20696801131004
2025-03-15 20:15:00,23.232482692953678,71.77636007975214,62.63865546218487,29.778406269675482,67.32774021104122,998.8807215699926,77.47707899798169,50.532551195914444
2025-03-15 20:30:00,22.831593715085944,71.79464421074493,62.63865546218487,29.783477415833193,67.275217026324,995.3694037454062,77.34209951608959,50.24700120978588
2025-03-15 20:45:00,22.501406961095253,71.82323490510394,62.63865546218487,29.71149517219964,67.14182724352344,996.5108308126527,77.3452961283036,50.12295868246337
2025-03-15 21:00:00,22.391374332992292,71.78787699240902,62.63865546218487,29.685813133767944,67.15076039833542,998.2153424423508,77.14992236126645,50.20397102715042
2025-03-15 21:15:00,22.091490672433203,71.68076097423017,62.63865546218487,29.651791892067827,68.81013593785059,1004.1732051321522,77.31539046934928,50.73720276616291
2025-03-15 21:30:00,22.334504096741696,71.7862307553241,62.63865546218487,29.669783185082355,68.64978449726382,1002.0817308590731,77.79710167676564,50.961374615637574
2025-03-15 21:45:00,22.49635780424299,71.78566917137205,62.63865546218487,29.6708324124344,68.52245707884106,996.7112040917256,77.95409220824112,50.925724738025195
2025-03-15 22:00:00,22.374964132938103,71.89512785043456,62.63865546218487,29.655774449984975,68.27333726368269,994.6599347938603,77.45794835325226,50.709414890467386
2025-03-15 22:15:00,22.671844458848064,71.81588912875765,62.63865546218487,29.669341798659943,68.52582334558609,993.5072267443768,76.81714504717758,50.41199938220224
2025-03-15 22:30:00,23.176009628847698,71.87415758933516,62.63865546218487,29.658746449248646,68.44095082644294,992.4003673007292,77.60897604671487,50.6442689885118
2025-03-15 22:45:00,23.165794708119147,71.95821188145732,62.63865546218487,29.621305902223778,68.70415368917483,995.9311340935278,77.26595099907965,51.197730509529684
2025-03-15 23:00:00,23.685812336458675,71.90269246831812,62.63865546218487,29.650631641688644,68.84054755805317,998.7691844253999,76.96693822384952,51.08345451512564
2025-03-15 23:15:00,24.060433074505273,71.79194171508034,62.63865546218487,29.71231257551352,68.74586062628478,999.5249717057138,77.25113345810398,50.903690340815
2025-03-15 23:30:00,24.066929245438615,71.72773555966978,62.63865546218487,29.735829900661077,68.71515394903983,999.6854182330417,76.79985324288047,51.11856477527163
2025-03-15 23:45:00,24.31767338919337,71.61998096567642,62.63865546218487,29.71238517948369,68.72208868141085,1001.8990918661901,77.56365746875353,51.3824282144121
2025-03-16 00:00:00,24.233581443810976,71.65696632864497,62.63865546218487,29.76506372135549,68.88212087491763,1003.0893485053152,76.50180378586036,51.5925722834058
2025-03-16 00:15:00,24.429999959728086,71.59683525024187,62.63865546218487,29.748992362412903,68.82581035339248,997.828870314953,77.33069481397487,51.498845245059364
2025-03-16 00:30:00,24.010806557485406,71.56508266656768,62.63865546218487,29.79993049225582,68.6996154277397,999.2173468302935,76.79341825497951,51.151877513728365
2025-03-16 00:45:00,24.649030071668754,71.62604509903048,62.63865546218487,29.80684877571487,68.71982774061696,988.8859503424447,77.15078839415555,50.75645191713606
2025-03-16 01:00:00,24.781269888794487,71.73818541862664,62.63865546218487,29.776313743232524,68.63828245484626,986.3665103820781,76.61121162048347,51.224916915989965
2025-03-16 01:15:00,24.556199502120627,71.67352904609527,62.63865546218487,29.77806267605908,66.91688149732957,992.4943285809184,76.72201790809441,50.893124840834474
2025-03-16 01:30:00,24.500291645166286,71.63145863829212,62.63865546218487,29.752112676902755,66.73483693620706,987.7335618318805,76.40728891862071,50.76170575202276
2025-03-16 01:45:00,24.4046931404906,71.56475169974787,62.63865546218487,29.80476420738423,66.56651490819738,980.6703402445713,76.80058652597306,50.65678489252961
2025-03-16 02:00:00,24.17059165219206,71.51972620442348,62.63865546218487,29.814667458670137,66.46926295932002,978.2037521185382,76.898718639404,50.65558931370891
2025-03-16 02:15:00,24.274353964411976,71.5629528639548,62.63865546218487,29.89546448714093,66.28846753668125,983.1246094790577,76.72446928315142,50.65149731774287
2025-03-16 02:30:00,23.966071930183528,71.55399110516274,62.63865546218487,29.87546414848922,66.19385406385274,984.3715676935899,76.37828967921405,50.607853381650585
2025-03-16 02:45:00,23.554845980646288,71.60945846753121,62.63865546218487,29.8668241855957,66.1628215675127,982.6975767605023,76.27679931682154,50.604453998713765
2025-03-16 03:00:00,23.35451067915457,71.53630251528878,62.63865546218487,29.89931308444052,66.08315171205064,983.0635750388961,76.23664919627038,50.87952095868876
2025-03-16 03:15:00,23.454586246105197,71.43481571414945,62.63865546218487,29.89466630830673,66.06999062413709,985.3568140201668,76.76147466112408,50.614036282483276
2025-03-16 03:30:00,23.444429920002598,71.3117859631751,62.63865546218487,29.91912559096192,66.07806131036905,986.9170294018882,76.18441046331284,50.7729971369504
2025-03-16 03:45:00,23.462246661363633,71.47812898335523,62.63865546218487,29.96184782926557,66.00878880895281,988.7236734095687,76.1201042209415,50.545401781430634
2025-03-16 04:00:00,23.73339660078116,71.45123577741087,62.63865546218487,29.98245623727287,65.9550276366447,991.5867058412289,75.79741051166012,50.48529897761477
2025-03-16 04:15:00,23.593644165740088,71.35447214406146,62.63865546218487,30.025284094341526,65.74977689314048,992.54065931377,75.81107814882616,50.35125887210285
2025-03-16 04:30:00,23.401722676398318,71.43438146810178,62.63865546218487,29.98154980462715,66.02089495030843,994.2062814926544,76.38573893384,50.42258417801919
2025-03-16 04:45:00,23.311582520185823,71.40824859285235,62.63865546218487,30.03109710354354,66.11182088133341,997.4786799076362,76.16911195677274,50.57124648672068
2025-03-16 05:00:00,23.669124749573985,71.38874489526033,62.63865546218487,30.03090842660271,65.70091157119549,1000.5126003573329,75.76811003779041,50.083545294387996
2025-03-16 05:15:00,24.15550975026844,71.43294226171938,62.63865546218487,30.02879078439865,67.78979295060252,1001.000235850804,75.83165327786276,50.375342953572826
2025-03-16 05:30:00,23.98252758204398,71.40893220304308,62.63865546218487,29.988048089656502,68.32497244067723,993.8856316584452,76.17431793310634,50.30033414995573
2025-03-16 05:45:00,23.738823094999024,71.45743792657295,62.63865546218487,29.909225300075047,68.1262435646107,999.0613268343467,76.6859129526098,50.232498087142886
2025-03-16 06:00:00,23.541414452997234,71.45767271496992,62.63865546218487,29.84509653933001,68.26637261306705,998.0992595325913,76.37046596242348,50.852929793526286
2025-03-16 06:15:00,23.618983548418672,71.46197327385511,62.63865546218487,29.87512216123173,68.08086292973032,991.1233717769927,76.34149395336537,50.74583981915332
2025-03-16 06:30:00,23.733180943082587,71.53400822083249,62.63865546218487,29.914643962391494,68.08943801657736,988.4534706781624,76.11192221770322,50.84792241198017
2025-03-16 06:45:00,23.870973675455236,71.36060131463944,62.63865546218487,29.935092702031167,68.00038770423208,975.5936335468401,75.89888896403423,50.82976203029752
2025-03-16 07:00:00,23.690741640087136,71.29233494664334,62.63865546218487,29.90702379289255,67.96980550055551,980.5842140427272,75.82775423633909,50.76298672949807
2025-03-16 07:15:00,23.350224191897112,71.2313738512667,62.63865546218487,29.90424547375928,67.93127169231413,980.4097095555596,75.93034808892328,50.79006438069321
2025-03-16 07:30:00,23.526422209970246,71.24757210998445,62.63865546218487,29.963203419737734,67.97456773795152,988.4676732740116,76.59551512329581,50.66994738350527
2025-03-16 07:45:00,23.425469217091027,71.23868793478216,62.63865546218487,29.915776754131844,67.98221202239652,989.800663007905,76.69206683255338,50.7270679216132
2025-03-16 08:00:00,23.45800900172187,71.19250700587726,62.63865546218487,29.881562293445086,67.85589180532091,985.2753667578528,77.00797751729995,50.78763071837652
2025-03-16 08:15:00,23.455839979518572,71.14822022320415,62.63865546218487,29.81475226043693,68.02903741073322,988.7604225702187,76.20893534682351,50.20710256858324
2025-03-16 08:30:00,23.111599019843872,71.18049204559313,62.63865546218487,29.815491130883153,67.88384104722202,991.6294463686191,76.66123272377504,50.39349448250095
2025-03-16 08:45:00,22.488270274609,71.16140104296156,62.63865546218487,29.803608364006646,68.09983475331896,992.6552149584178,75.50239945568602,50.58332385615884
2025-03-16 09:00:00,21.97425404056153,71.09503641258277,62.63865546218487,29.840480998375426,66.46088846260521,988.6570707915588,76.77715875877132,50.610706024923175
2025-03-16 09:15:00,22.10188645526608,70.99339141678077,62.63865546218487,29.84210621099888,66.28049772716804,978.8447435115488,76.48052374551038,50.86454792055891
2025-03-16 09:30:00,22.286012551800322,70.94193860463773,62.63865546218487,29.808229006485885,66.49865867863267,981.2524964818689,77.21279580534137,51.15556748049698
2025-03-16 09:45:00,22.31540334036285,70.88674757929257,62.63865546218487,29.7772646084367,66.36034101135287,988.1984942601537,76.23833979538523,51.07253043049451
2025-03-16 10:00:00,22.416899379365113,70.94067639668583,62.63865546218487,29.68218037351106,66.45204941302389,991.3405239495411,76.20892120762109,50.76911685593843
2025-03-16 10:15:00,22.106468930400336,71.0232861728962,62.63865546218487,29.695254831440746,66.53455879363206,992.0540522395496,76.60431311174099,50.588362011497644
2025-03-16 10:30:00,21.866709441434914,70.9881100997488,62.63865546218487,29.68577074336294,66.76585758093991,989.7774074261137,76.69098148004316,50.489193648348845
2025-03-16 10:45:00,22.149083290662624,70.96028124673808,62.63865546218487,29.684465665027734,66.64199431313433,986.5636234350812,77.80800063907617,50.40660131303241
2025-03-16 11:00:00,22.341518806905626,70.92091867379467,62.63865546218487,29.68822732243391,66.78065463842186,986.6231143909238,76.77949147702024,50.28581092230675
2025-03-16 11:15:00,22.630269889942756,70.95409313158855,62.63865546218487,29.700685909758448,66.57336269692952,988.0543314043856,77.6525569570484,50.49819856185581
2025-03-16 11:30:00,22.642325624988374,70.95241568585445,62.63865546218487,29.677119436692795,66.37220212413327,991.469428052468,76.39113161229709,50.45301411134687
2025-03-16 11:45:00,22.470100185562835,70.89938010115664,62.63865546218487,29.67288563746459,66.45507115646272,993.3099760810384,77.25444066349928,50.783748849784075
2025-03-16 12:00:00,22.420751676765367,70.86289353456836,62.63865546218487,29.675472729308623,66.56678845798541,988.356558611015,76.88429735964002,50.84059319289307
2025-03-16 12:15:00,22.29127251296833,70.95940209655252,62.63865546218487,29.685603811224905,66.46025585709425,991.4013417731836,77.19029724385673,50.514313503357016
2025-03-16 12:30:00,22.668701002439366,71.03435293156095,62.63865546218487,29.681129315289976,66.41679722342201,996.4411757131334,77.29920993364675,50.471524932051985
2025-03-16 12:45:00,22.817035259840278,71.10263080732254,62.63865546218487,29.695507829577732,66.87776794667414,992.7869567446988,77.16504504983081,50.793211224711015
2025-03-16 13:00:00,22.912464507693866,71.05306422682045,62.63865546218487,29.721630333249202,68.70555713515301,994.0806418128401,77.69904686853293,51.07838903020138
2025-03-16 13:15:00,22.762119811769473,71.05736752261383,62.63865546218487,29.7091547415462,68.78310158319951,996.1048659380671,77.2602227544645,50.95314872319893
2025-03-16 13:30:00,22.455010506774187,71.11241829532874,62.63865546218487,29.713936255554955,69.18016461687296,1000.5366124592998,78.11026437124859,51.34043006655545
2025-03-16 13:45:00,22.293409286923286,71.15142139240113,62.63865546218487,29.692439751543084,68.72559786386472,1001.0998572123635,77.11284989278613,51.13827081405271
2025-03-16 14:00:00,22.556160325869524,71.2369722192109,62.63865546218487,29.652862228154117,68.68190067820618,1003.1365206935088,76.97175543426634,51.02293695575917
2025-03-16 14:15:00,22.50222195948607,71.19524192095903,62.63865546218487,29.68756153199444,68.8390172248018,997.6928608198414,77.11133466597016,51.165748609917955
2025-03-16 14:30:00,22.535002961084565,71.21381797878807,62.63865546218487,29.73359480937911,69.04760140172448,1003.0052750142063,76.71232489930944,51.51527376569836
2025-03-16 14:45:00,22.295886980026197,71.27077501741165,62.63865546218487,29.75584597547497,69.1730170606077,1005.9121746474326,77.19410901566464,51.862550655528295
2025-03-16 15:00:00,22.057811198688928,71.31204935131323,62.63865546218487,29.780951922887308,69.14959251048057,1002.7814987827134,77.09415570108304,51.784788847215054
2025-03-16 15:15:00,22.01499968908596,71.39910768619905,62.63865546218487,29.838043226163116,69.227444299755,995.85578277863,76.75263221206723,51.58932736145482
2025-03-16 15:30:00,21.8745937362419,71.40580376477124,62.63865546218487,29.851942467557862,69.12537314617596,994.3139144707211,77.5059285918543,51.979493786650885
2025-03-16 15:45:00,21.99629461913977,71.41419994238431,62.63865546218487,29.85363555812872,69.19477378282151,994.96806475866,77.27598391644622,51.58497640301879
2025-03-16 16:00:00,22.18722431588619,71.59245147502028,62.63865546218487,29.83249629116633,69.43385483922748,995.8204294687462,77.25874753509935,51.89902589251966
2025-03-16 16:15:00,21.796409914767942,71.71964673398374,62.63865546218487,29.82493891316567,69.23340233757656,994.498311236698,77.77803104523416,51.86938591072044
2025-03-16 16:30:00,21.605193410512346,71.67186821911876,62.63865546218487,29.875010916535942,69.06888073783274,992.6812981633498,77.38784001555995,51.9720886176971
2025-03-16 16:45:00,21.64902167118276,71.83272496245917,62.63865546218487,29.847958422297683,69.06861760985495,997.8104616202736,77.42044933098646,52.001687709389635
2025-03-16 17:00:00,22.1399419847136,71.90724707354528,62.63865546218487,29.80758124798129,67.25926214213597,1002.3687668972639,76.97078105275914,52.30283824585862
2025-03-16 17:15:00,22.470762735944483,71.97016436702177,62.63865546218487,29.81568390035087,67.20239624110897,987.5368593176432,77.21027468104408,52.42007447893626
2025-03-16 17:30:00,22.61661799691161,71.97519509095665,62.63865546218487,29.850051598971692,67.27859515544284,984.082983883055,76.9634538109678,52.24834257019728
2025-03-16 17:45:00,22.815117926205918,72.03900008666335,62.63865546218487,29.867760185969843,67.55923134315583,986.8309644974357,77.27547591821448,51.90210607135025
2025-03-16 18:00:00,22.711887044698763,72.03401423894432,62.63865546218487,29.904539137215423,67.5470705763227,987.7641905991624,78.02106836422524,51.61469623431329
2025-03-16 18:15:00,22.87029064445811,71.94893382425845,62.63865546218487,29.88172820415617,67.59387029570325,982.8710534630237,77.30230395063934,52.116547593263746
2025-03-16 18:30:00,22.9670015587441,72.03598730837443,62.63865546218487,29.824889160910136,67.4533924336766,984.172390131098,78.27408444134696,52.198297598203276
2025-03-16 18:45:00,23.527326179066556,72.1216008639841,62.63865546218487,29.849185786113875,67.34538271273712,988.8028875952676,76.8868162790314,51.84287485055903
2025-03-16 19:00:00,23.286932823378287,72.03247523340626,62.63865546218487,29.860292232542204,67.47007670415347,987.9083065425837,77.0379320918313,51.41326373102284
2025-03-16 19:15:00,23.302927927836237,72.01367649816792,62.63865546218487,29.820269530474427,67.41689289482652,989.2903634950666,77.26897095286137,51.742366285994514
2025-03-16 19:30:00,23.102568842956927,72.02365114487631,62.63865546218487,29.7478074481075,67.62925533561453,990.9708713332033,77.18446473242852,51.585233500844815
2025-03-16 19:45:00,23.471986347796605,72.04242924323935,62.63865546218487,29.70409989238835,67.55521592502697,993.1749057810742,77.57590185862959,51.893454530683584
2025-03-16 20:00:00,23.424720790280414,72.01664470457018,62.63865546218487,29.73663291568997,67.31357116854647,991.0949893570794,76.67354173321571,51.94866162099174
2025-03-16 20:15:00,23.620821112451765,72.15405811999779,62.63865546218487,29.75387200212179,67.32472586983454,993.9171613432222,77.7727382251003,52.16554619579381
2025-03-16 20:30:00,23.33412324038109,72.22980741643131,62.63865546218487,29.769923324861356,67.29631556457647,1000.4806768788244,77.71135656687667,51.90203749219693
2025-03-16 20:45:00,22.911067941558414,72.15573397209309,62.63865546218487,29.739391560171757,69.25730477750518,1000.1179448355463,77.68152439722789,52.33930941166357
2025-03-16 21:00:00,23.248710630599135,72.16646738750005,62.63865546218487,29.756005421171395,69.19947263312197,1004.686114191234,77.51710883049962,52.23627655504421
2025-03-16 21:15:00,22.98775210752766,72.12416400465494,62.63865546218487,29.737723125409634,69.14887192621107,1008.8485122298805,76.915349328733,51.847985945135726
2025-03-16 21:30:00,22.903526772708233,72.0627264521491,62.63865546218487,29.798884338917574,69.15892532987942,1007.4394292767179,77.14462576007915,51.807933569746766
2025-03-16 21:45:00,23.072427134306952,72.1401703227905,62.63865546218487,29.76369647757522,69.35001031865218,1002.5353096387449,77.18692031104203,51.96367258089923
2025-03-16 22:00:00,23.011131323699786,72.17709294990773,62.63865546218487,29.765101725569114,69.75045577589644,1003.3443123476927,77.47794000738638,52.11534199112806
2025-03-16 22:15:00,23.220633012735256,72.25949408223752,62.63865546218487,29.84889804456152,69.7231419940026,999.7402235676668,77.77911741246227,52.39957023247559
2025-03-16 22:30:00,23.27544025768926,72.22811234972208,62.63865546218487,29.868395147722648,69.48203980531024,1000.8653264685323,78.08692803186392,52.322899842584164
2025-03-16 22:45:00,23.657885904391616,72.15649456785486,62.63865546218487,29.91718854040026,69.74144728521627,999.6867075500061,77.1276953471652,52.19154077065467
2025-03-16 23:00:00,24.015405248053053,72.14186398970763,62.63865546218487,29.933410325618297,69.5536848174593,998.6105102910159,76.55964137060423,52.154745159200814
2025-03-16 23:15:00,24.361150554305514,72.16018478169407,62.63865546218487,29.957712996261318,69.33612099870489,1002.6925101713127,77.89416443589494,52.485112683088126
2025-03-16 23:30:00,24.433218115012856,72.2341538746829,62.63865546218487,29.924532656659686,69.3191228195395,1003.864740208454,76.66383155151512,52.37406685953748
2025-03-16 23:45:00,24.10956241539461,72.49226603629138,62.63865546218487,29.882707146717557,69.42591867818858,1000.4700913839882,77.28577018096773,52.184708179683994
2025-03-17 00:00:00,24.16142089781533,72.45642887807539,62.63865546218487,29.88787631148997,69.13130706574275,998.8006737377528,76.75578179767017,52.116797624344116
2025-03-17 00:15:00,24.374216936343963,72.57281399646506,62.63865546218487,29.87648361233247,69.15695276328798,999.8845537643972,76.64461689564509,52.28051591483686
2025-03-17 00:30:00,24.777126031908082,72.5691441315779,62.63865546218487,29.858911093963172,69.21492332922084,1001.5152819948745,76.90533654067896,51.95528202049034
2025-03-17 00:45:00,24.835414190830416,72.50314997052317,62.63865546218487,29.845349640884628,67.37998158954764,1004.6363453768042,76.18965308700727,51.92142637509409
2025-03-17 01:00:00,24.951196139537053,72.36005262910395,62.63865546218487,29.858565425722997,67.71149560129213,1008.193086674364,76.81319862939283,52.48589865173248
2025-03-17 01:15:00,24.734666045586497,72.26956680427949,62.63865546218487,29.938914320951618,67.56043510115762,1008.2726219250425,76.86123103201194,52.69490850805416
2025-03-17 01:30:00,24.681575876426606,72.22886431694945,62.63865546218487,29.951269186349343,67.45883585632279,1004.4616570265839,76.56326627541559,52.332240750844235
2025-03-17 01:45:00,24.45226745484351,72.25743470717737,62.63865546218487,30.035742732336,67.04986231412903,1003.4779671871335,76.64349239457302,52.44671228758375
2025-03-17 02:00:00,24.48353367929481,72.20328528099897,62.63865546218487,30.073736811486672,67.20134084452536,1008.1562878002355,76.73770880802195,52.42346975026971
2025-03-17 02:15:00,24.39405828265319,72.20657893290748,62.63865546218487,30.04957633155644,66.99367930945105,998.8355064356958,76.23612627170027,52.242145638278465
2025-03-17 02:30:00,24.329250748195932,72.27623833000733,62.63865546218487,30.057686210146247,66.91413510054369,1001.6532253759807,75.65495887149893,52.02681818283094
2025-03-17 02:45:00,24.241708902228588,72.29400713346024,62.63865546218487,30.00092182169326,67.28133199976375,1001.8823860684897,77.2486896813274,52.22111786899754
2025-03-17 03:00:00,23.91406799553047,72.39978057556198,62.63865546218487,29.985649241715045,67.11243099429691,1006.5327602894398,76.62462654542018,52.045625740759505
2025-03-17 03:15:00,23.90897683767697,72.42346616966424,62.63865546218487,30.001251408194012,66.96033085886944,1006.9553383813538,76.58656899185254,52.23940599415646
2025-03-17 03:30:00,23.873833908400027,72.53582866302213,62.63865546218487,29.984582857847183,66.93083470926214,1002.7932699017874,76.20669945807656,51.74233843460424
2025-03-17 03:45:00,23.748695543445567,72.47289840101301,62.63865546218487,30.01797588811387,66.89006050465505,1007.7203717354644,75.73652498713989,51.25907552987242
2025-03-17 04:00:00,23.84707825062664,72.44306200816727,62.63865546218487,30.053078658311097,66.67245653570322,1008.4818018811304,76.70677709045144,51.02902219681816
2025-03-17 04:15:00,23.517470971885267,72.38065592814016,62.63865546218487,30.065317286294768,66.69933049241713,1012.1508121698123,76.30758501133722,50.86344587094962
2025-03-17 04:30:00,23.22093314327968,72.36137505062597,62.63865546218487,30.036945258614914,66.55679696262096,1005.9584019411358,75.71972365563249,50.76285175688851
2025-03-17 04:45:00,23.44543210622572,72.30071771830183,62.63865546218487,30.05712047252861,68.68300936085693,1007.0053690571459,75.78555304253784,51.45465613952829
2025-03-17 05:00:00,23.853967551551346,72.30347111885597,62.63865546218487,30.02888161239863,68.77489702762527,1008.6871222123071,74.98156765283234,51.336709202715376
2025-03-17 05:15:00,23.86974906604273,72.25863464319096,62.63865546218487,29.98348594873546,69.03656850713043,1008.9603869728609,75.85429925701803,51.43406362282781
2025-03-17 05:30:00,24.090867999557688,72.32195975054357,62.63865546218487,29.96082060777224,68.85558410462708,1017.9984717155812,76.07435154425043,51.22353011659578
2025-03-17 05:45:00,24.155927451852932,72.35590026316893,62.63865546218487,29.89111192381991,68.61771955788699,1013.7776078580939,75.57358846322998,51.09818944312215
2025-03-17 06:00:00,24.062546287742745,72.26207567133281,62.63865546218487,29.88504447115393,68.39601390905278,1008.7495700606117,75.85229889279377,51.00169054713579
2025-03-17 06:15:00,24.17191601998631,72.19396912483543,62.63865546218487,29.886158598821616,68.56456743704896,1003.5820705664486,75.7650303063677,51.02131494943929
2025-03-17 06:30:00,24.495035437884777,72.21320684774939,62.63865546218487,29.869673524727432,68.35347899968365,1006.7023663837066,75.57518151916841,50.88036333790714
2025-03-17 06:45:00,24.413586346107454,72.3507608621923,62.63865546218487,29.932309847331343,68.81858464822801,1006.0333063778629,76.15172556542959,51.029500196879646
2025-03-17 07:00:00,24.21573315106406,72.33219374481914,62.63865546218487,29.94514414965392,68.72497197746316,1007.0842437041666,75.75987937030538,51.28010323326214
2025-03-17 07:15:00,23.850924968742195,72.3745440659724,62.63865546218487,29.933867421825006,68.9827916129662,1014.8195503450778,75.2317939036383,51.490123838170234
2025-03-17 07:30:00,23.663507201221517,72.44705234311921,62.63865546218487,29.91783772928727,69.1937562870943,1011.3201346875384,75.65926757629471,51.31356946614433
2025-03-17 07:45:00,23.859648574827194,72.51168726404258,62.63865546218487,29.90423175286549,69.15752198197919,1015.6511202145409,76.50784235394548,50.989080483040205
2025-03-17 08:00:00,23.805331134968164,72.49874867554493,62.63865546218487,29.92776146899509,68.86435615266323,1011.9950880983833,76.0465241529285,50.64191514897647
2025-03-17 08:15:00,23.5350988218643,72.39787174857811,62.63865546218487,29.858535773533358,68.73632424522106,1004.4401724153101,76.14432203759874,50.89949796909308
2025-03-17 08:30:00,23.41618332092098,72.45118726150915,62.63865546218487,29.91887056162892,67.06490191146732,1000.2976325427469,76.04073303987316,51.07605717460293
2025-03-17 08:45:00,22.570125093097047,72.5737389921656,62.63865546218487,29.89571120028663,67.16771802427107,1002.6537214705064,76.82547793987234,50.861970154271916
2025-03-17 09:00:00,22.47332857564348,72.66830215735473,62.63865546218487,29.921768330826275,66.89561606370769,998.5119301347814,76.40547884411419,50.60736380026218
2025-03-17 09:15:00,22.473164768978997,72.58488709035093,62.63865546218487,29.92724512834055,66.83584369346858,1006.1182486340983,76.46786025900192,50.45607522118583
2025-03-17 09:30:00,22.57130233297728,72.73237955363247,62.63865546218487,29.968496923111612,66.81709106524613,1011.5127976430592,76.3734959350822,50.833625808917
2025-03-17 09:45:00,22.42806389562855,72.67556165303999,62.63865546218487,30.004730182387245,66.86312223122982,1016.6269180259145,76.94684437404683,51.23997042293318
2025-03-17 10:00:00,22.393765445149203,72.72648658424606,62.63865546218487,29.98434786368547,66.8530894640933,1022.9523826373193,77.20919948345067,51.58213831294003
2025-03-17 10:15:00,22.469173237439914,72.81883328038764,62.63865546218487,30.001294163991915,66.78088057526749,1024.3458618501502,77.09600348195947,51.44711630098917
2025-03-17 10:30:00,22.21361391410495,72.7625190753955,62.63865546218487,29.953069503977005,66.91797815238577,1020.5182297323014,76.67904993899228,51.37139536946298
2025-03-17 10:45:00,22.358557863772212,72.8428831689976,62.63865546218487,29.98791485420538,67.08626911825814,1023.6605980670914,76.6312885396887,51.456793926435644
2025-03-17 11:00:00,22.6599969588957,72.74939706053102,62.63865546218487,30.073027929563956,67.2072511972069,1011.8082879780376,76.60601489087612,51.55380206245173
2025-03-17 11:15:00,22.831234448362565,72.58707292755248,62.63865546218487,30.058070378963702,67.25113179877434,1013.9941395328885,77.30099774500975,51.11242314154718
2025-03-17 11:30:00,23.002930392735774,72.53321059991133,62.63865546218487,30.04768095288283,66.86908665172673,1012.0662775322788,76.18935532817771,50.575781626028224
2025-03-17 11:45:00,22.974494119726593,72.5496879070547,62.63865546218487,30.08619623463686,66.78874369712275,1010.6775163708883,76.87934511682242,50.27577690456664
2025-03-17 12:00:00,23.03795784711902,72.52800856726108,62.63865546218487,30.09798989676376,66.85887479406522,1013.3581689500627,76.77391132605194,49.68112544577472
2025-03-17 12:15:00,23.11564844415232,72.53919284009928,62.63865546218487,30.099481071181074,67.25601739717033,1016.4481250355631,77.06223008348991,49.54902929901875
2025-03-17 12:30:00,23.32020732435686,72.65498455726775,62.63865546218487,30.09823430973764,68.89365225856695,1021.9987038922975,76.93291405934396,49.835656962107734
2025-03-17 12:45:00,23.38545509821254,72.72922230716459,62.63865546218487,30.084056026453354,68.90869905130677,1021.2061340351054,77.29614894087884,49.66611610854183
2025-03-17 13:00:00,23.35117223259345,72.85164251500797,62.63865546218487,30.113396472787965,69.17561157758267,1021.4670736555944,77.92086348473897,49.874868454847416
2025-03-17 13:15:00,22.98941433609906,72.84920988558898,62.63865546218487,30.121535062942755,69.6014372723842,1025.4783952194393,77.05124432682372,49.70126858926184
2025-03-17 13:30:00,22.84801526825333,72.9511251362529,62.63865546218487,30.151820869878,69.68499979491533,1027.264923228941,77.08532036656781,49.84059716555424
2025-03-17 13:45:00,22.532903364431643,72.99185731569895,62.63865546218487,30.158495267062335,69.73204739885516,1030.1776177516615,77.40352782241008,50.11588308241374
2025-03-17 14:00:00,22.38063110884494,72.9586731270772,62.63865546218487,30.158177603537137,69.66747931470138,1026.44406292827,77.28476292391866,49.76514047544566
2025-03-17 14:15:00,22.299302148657276,73.05261583779638,62.63865546218487,30.16551417803681,69.88514681015752,1026.0441062084187,77.4805471507229,49.507950447093386
2025-03-17 14:30:00,22.075507842108735,73.09991024355448,62.63865546218487,30.195118228735602,69.8836156985545,1025.1987033910975,77.16900353102565,49.962873384212564
2025-03-17 14:45:00,21.943392763032342,73.21073468743619,62.63865546218487,30.181817845108363,70.05171807089461,1033.0518451722585,77.44160277913846,49.96087235665196
2025-03-17 15:00:00,22.068561021600836,73.22533053858253,62.63865546218487,30.181126547591848,69.6974523894392,1035.5485195300812,77.29146453904465,49.65507282237543
2025-03-17 15:15:00,21.985082467207796,73.20121277270877,62.63865546218487,30.157331080229877,69.8052567291128,1038.986821465744,77.11384254324484,49.51857075498915
2025-03-17 15:30:00,22.046179704965766,73.24331174139758,62.63865546218487,30.134149062982935,69.90865860813217,1041.4508065769073,77.32796843700518,49.593092983586125
2025-03-17 15:45:00,21.743264003226727,73.38887293856112,62.63865546218487,30.14430538110282,69.94087881388353,1040.5222188420407,76.93026290236347,49.33687211160097
2025-03-17 16:00:00,21.735974603283726,73.32153332182496,62.63865546218487,30.19826991044531,70.02923409151734,1040.7032898641617,76.61204125879031,49.75444769865978
2025-03-17 16:15:00,21.657867962284225,73.53975457430364,62.63865546218487,30.17085297749964,70.06874689009375,1041.7325769921272,77.41801180058393,49.71670649476432
2025-03-17 16:30:00,22.078001662466082,73.60654170830931,62.63865546218487,30.17591569362718,68.12299511516274,1040.6612037018467,77.56964424353967,49.63307649707896
2025-03-17 16:45:00,22.21260366072405,73.70842686926522,62.63865546218487,30.2000196842263,68.14303686385607,1037.7187110923676,77.28490460357052,49.56376390779313
2025-03-17 17:00:00,22.552667055936517,73.64393258562042,62.63865546218487,30.203617434465293,68.51740019138914,1039.3775959060995,77.11396485014122,49.56204995140227
2025-03-17 17:15:00,22.78139259677459,73.77371258165167,62.63865546218487,30.194911441316496,68.5781189878992,1038.5071658752272,77.45294929563518,49.36500303266882
2025-03-17 17:30:00,22.56721419429297,73.88356867472943,62.63865546218487,30.239681547729138,68.39777262658399,1035.4631122395092,77.39698196219885,49.601196345539734
2025-03-17 17:45:00,22.845715124175523,73.74450307505049,62.63865546218487,30.282947303613785,68.277184002847,1032.220583016281,77.58399843992179,49.563301075664285
2025-03-17 18:00:00,22.891941305265842,73.80543429423895,62.63865546218487,30.303584989563454,68.1414879306267,1035.5570570889754,77.97426263951412,49.624706809777976
2025-03-17 18:15:00,23.123313461602297,73.8034189054212,62.63865546218487,30.27862452679204,68.18526213046262,1034.358765239567,77.26571392386576,49.700650402950224
2025-03-17 18:30:00,23.295576069539,73.79499508325611,62.63865546218487,30.26102003180611,68.32228192745222,1025.2658461130757,77.38526744317903,49.60948769267525
2025-03-17 18:45:00,23.448207003175042,73.78421158259522,62.63865546218487,30.25274731939822,68.45765266953839,1025.5357999683408,77.44460546801626,49.38271146692614
2025-03-17 19:00:00,23.538543560751513,73.85902091239912,62.63865546218487,30.2267376114987,68.53295206845013,1026.8764777215597,77.23732277432639,49.488152537565846
2025-03-17 19:15:00,23.295029309752742,73.83706197255071,62.63865546218487,30.214521903098618,68.62745207375022,1035.0497752743524,77.97765469935385,49.441557189388156
2025-03-17 19:30:00,23.214090794731653,74.02420918219346,62.63865546218487,30.222441800633124,68.48492598181458,1034.4178472492415,76.53130319513517,49.43319359917653
2025-03-17 19:45:00,23.49039749673256,73.97028427892064,62.63865546218487,30.221075889069173,68.32449279297684,1037.2496783724703,76.9231421019145,49.52016950940962
2025-03-17 20:00:00,23.85812141396564,73.9465038144648,62.63865546218487,30.176496893819216,68.58669002700323,1042.4190486280227,77.08621887500675,49.54852160561231
2025-03-17 20:15:00,23.856007837241737,73.89252854633949,62.63865546218487,30.185662024877228,68.71666968625117,1040.8009564755776,77.68999469676068,49.431169270185386
2025-03-17 20:30:00,23.578312826708284,73.98282031839997,62.63865546218487,30.16311414575643,70.40725275008923,1033.953947709668,76.81545799863416,49.38079677479269
2025-03-17 20:45:00,23.370304732113492,74.05079219380168,62.63865546218487,30.13498854004663,70.4468079927105,1038.1762790972439,76.59176941217397,49.08447625292513
2025-03-17 21:00:00,23.294311200485286,74.04797772499592,62.63865546218487,30.13039733268646,70.38322007160247,1039.2489423560758,77.30285979862826,49.52514663050979
2025-03-17 21:15:00,23.389711847687835,73.94474546921454,62.63865546218487,30.162108186149865,70.53519681088784,1035.899406498713,76.74065454853817,49.470559365780176
2025-03-17 21:30:00,23.505519586894454,73.89897829011126,62.63865546218487,30.15992495061191,70.35215626435068,1037.6211352392888,77.07705293657322,49.32074962621053
2025-03-17 21:45:00,23.752767279776915,73.82464141705304,62.63865546218487,30.123298957332228,70.36958685972995,1045.7124596115452,76.43279668860335,49.42780554116186
2025-03-17 22:00:00,23.419925483407372,73.83676334138713,62.63865546218487,30.14332460723396,70.4015903078815,1048.2042597259326,76.9753902822942,49.40359513507675
2025-03-17 22:15:00,23.418571835320098,73.81500164657719,62.63865546218487,30.14335236711863,70.49308143975811,1055.6805393987986,76.84796385438868,49.521185575161944
2025-03-17 22:30:00,23.211083827544392,73.86119710331188,62.63865546218487,30.13218229424884,70.23957117565551,1049.579766127539,76.31228478379467,49.49650630602659
2025-03-17 22:45:00,23.382809030824173,73.81849680919122,62.63865546218487,30.13244755747403,69.95156839585376,1047.7690847970212,77.41646320817536,49.350363186233146
2025-03-17 23:00:00,23.813204168442592,73.8280850881112,62.63865546218487,30.149210921401078,69.97009380926336,1053.9951751240917,76.8546205524463,49.09432140622313
2025-03-17 23:15:00,24.15433552973135,73.94772869894621,62.63865546218487,30.17805713062188,70.01132994307461,1050.119471247559,76.87232503332088,49.41791685123345
2025-03-17 23:30:00,24.288648713888904,73.9017570875137,62.63865546218487,30.15854102117008,69.91792351169465,1053.2374690763104,75.93015960326481,49.39546654073483
2025-03-17 23:45:00,24.387970921218542,74.07269872326037,62.63865546218487,30.158268801949212,69.80009704385829,1051.8834090345488,77.02908655482042,49.63524998366153
2025-03-18 00:00:00,24.57206032104851,74.04808821000412,62.63865546218487,30.14080955912075,69.5707567350527,1047.5349582039844,76.96917296348286,49.556765420433926
2025-03-18 00:15:00,24.77573113943759,74.09402254355693,62.63865546218487,30.14902782353977,67.76643673961411,1044.789301728429,76.35944558471773,48.84238647279455
2025-03-18 00:30:00,25.012700146671538,74.0640192698939,62.63865546218487,30.076522029854342,67.78542242894797,1042.9705093756163,76.80407533285985,48.517626574353336
2025-03-18 00:45:00,24.987124049086574,74.03861295503042,62.63865546218487,30.05256015018841,67.48632278671485,1049.0763203167833,76.43960419147633,48.40213223892809
2025-03-18 01:00:00,24.9157473518764,74.021040759059,62.63865546218487,30.062563769057196,67.3784840980232,1053.5559869983033,76.58300298086873,48.52841564283772
2025-03-18 01:15:00,24.752020070590053,74.16158278747892,62.63865546218487,30.04565759199518,67.50405326216637,1064.6308378446724,76.20705550782603,48.58252482218775
2025-03-18 01:30:00,24.661031845743917,74.18233795325855,62.63865546218487,30.00684619759854,67.46681025046921,1075.731261376231,75.82204259369676,48.61925908442871
2025-03-18 01:45:00,24.64170883939705,74.22092902116553,62.63865546218487,29.963410697768307,67.13524580087093,1081.449346311561,76.02873466904447,48.28436525479532
2025-03-18 02:00:00,24.66581425808841,74.17917715040159,62.63865546218487,29.94988962410901,67.39116345105452,1092.9214015753544,76.10330056917557,48.08174769078586
2025-03-18 02:15:00,24.419057831831342,73.98327320152167,62.63865546218487,29.92316962194005,67.27033228831024,1104.2359373981471,76.43653316802582,48.04261630115385
2025-03-18 02:30:00,24.21398815804202,73.88984190688711,62.63865546218487,29.895256027558368,67.40537696775951,1096.943485147542,75.87035956693344,48.14761093560261
2025-03-18 02:45:00,24.17563829124488,73.77147367893927,62.63865546218487,29.91113185551968,67.6344850035486,1100.385998369478,75.73953342181261,48.03920563549584
2025-03-18 03:00:00,23.759179968495225,73.76732879803852,62.63865546218487,29.956131457363135,67.49986282274774,1095.589935429414,76.36199648219517,47.65911348506659
2025-03-18 03:15:00,23.929354316713336,73.60619420989639,62.63865546218487,29.987839098191916,67.39095910207537,1093.144514492383,75.33256552250307,47.44224342880154
2025-03-18 03:30:00,24.027962744794404,73.64459790245469,62.63865546218487,30.017658635561776,67.4454014380295,1082.8278222053946,75.46985139546382,47.45938516216033
2025-03-18 03:45:00,24.08333567154173,73.54843089326312,62.63865546218487,29.981140495597387,67.4074648232132,1081.9559432033711,75.8327775645856,47.52675503957582
2025-03-18 04:00:00,23.874656691718215,73.50883776559685,62.63865546218487,29.97153124090648,67.65091729627338,1073.707255476581,75.11120179795111,47.363069639058
2025-03-18 04:15:00,23.77338777120724,73.36973671523813,62.63865546218487,29.990801773440488,69.5376830204275,1068.5426276956396,75.2205967105578,47.75741260957667
2025-03-18 04:30:00,23.7446568473672,73.4004898110832,62.63865546218487,30.004960227521806,69.57718375415845,1060.7527437049862,75.51492231556942,47.780840101428026
2025-03-18 04:45:00,24.029607408370637,73.32701184594872,62.63865546218487,29.983030804213584,69.46341695964544,1061.0204152096435,75.46942173797893,47.51879262614649
2025-03-18 05:00:00,24.231511373903864,73.37870556350377,62.63865546218487,30.058243766660922,69.65974634734411,1053.598640150705,76.09216836781887,47.409058717159155
2025-03-18 05:15:00,24.177024972681682,73.26763627506307,62.63865546218487,30.062881945358015,69.65635175750013,1044.6445292450676,76.28498516527546,47.36305691850077
2025-03-18 05:30:00,24.325128452037852,73.29506323709904,62.63865546218487,30.07879023639391,69.169567702562,1047.9376119344931,75.20870151610167,47.12483627291717
2025-03-18 05:45:00,23.97727121516812,73.25588112135269,62.63865546218487,30.098439220169773,69.29821157029892,1058.652242542411,76.26476769050491,47.65711791194972
2025-03-18 06:00:00,24.06229246637879,73.16707400375344,62.63865546218487,30.04740391752937,69.24425492580922,1061.4900391446758,75.67098575845662,47.5050991161708
