t_stamp,GR02/ai/GR02_feature_7/eu,GR02/GR02_feature_1_block/eu,GR02/GR02_feature_1_block/setpoint,GR02/GR02_feature_3/eu,GR02/ai/GR02_feature_4_1/eu,GR02/ai/GR02_feature_8/eu,GR02/ai/GR02_feature_6/eu,GR02/GR02_feature_5
2025-09-18 17:00:00,4.308570596990553,62.9168432643621,66.35714285714286,27.507990406559312,59.467443866098655,776.1446618378418,67.20710156691084,52.76557230037963
2025-09-18 17:15:00,4.845381397997,62.92082508323457,66.35714285714286,27.473774947064975,59.37389803810034,777.0740241403144,67.56692640684322,52.746159788817565
2025-09-18 17:30:00,4.954665834583229,62.975737232656655,66.35714285714286,27.383365224133644,59.410078917772594,782.3982884628364,67.19331605576764,52.76646700004459
2025-09-18 17:45:00,5.192945028122088,62.93253288882674,66.35714285714286,27.3040996530991,59.49132414742008,781.0610628780486,67.87486365866289,52.96682813476225
2025-09-18 18:00:00,5.1041787953652324,63.04838416040811,66.35714285714286,27.27077775099848,59.597729782294344,778.8163610540803,67.37168582587152,53.12355658821848
2025-09-18 18:15:00,5.055325332849236,63.176057504133574,66.35714285714286,27.272661911706493,62.10993139177719,778.4552319689167,66.70405578045994,53.34931337869584
2025-09-18 18:30:00,5.715024348236531,63.13559533362225,66.35714285714286,27.263982256496057,62.094605773267624,782.4770808952736,67.44000247325299,52.984702313275754
2025-09-18 18:45:00,5.868567498947587,63.217315745115236,66.35714285714286,27.274196339313722,62.262351294241455,780.5840413818657,67.1860467495913,53.238878007742564
2025-09-18 19:00:00,5.514962372209956,63.31196078725447,66.35714285714286,27.241231347972743,62.23300443511215,779.705462861138,67.84215389141704,53.28972402263931
2025-09-18 19:15:00,5.067213227942294,63.36364912244042,66.35714285714286,27.264892764177734,62.01951250040053,781.5293645083461,67.71872765328736,53.144349610836606
2025-09-18 19:30:00,4.673181833103243,63.34375714853834,66.35714285714286,27.264087239691268,61.86867352298202,777.6208016921687,68.19341301981245,53.47479316878469
2025-09-18 19:45:00,4.515814131013137,63.39897901499911,66.35714285714286,27.265450056712393,61.89788326472981,773.4989661676982,68.23111186634584,53.23969833973281
2025-09-18 20:00:00,4.590142930446386,63.43636465888617,66.35714285714286,27.218291207049266,61.82018923494071,777.3272107658706,67.84883183507104,52.916574853988266
2025-09-18 20:15:00,4.736495444634426,63.4006740256133,66.35714285714286,27.241383200994626,62.05801174463526,773.2757691879851,68.07151352146256,53.11761307351361
2025-09-18 20:30:00,4.658507030874322,63.31883285913682,66.35714285714286,27.190775674934358,62.1057936611104,781.2532364074445,67.21389780638933,53.07675097609411
2025-09-18 20:45:00,4.469047837889599,63.306676195706885,66.35714285714286,27.229776189181877,61.920179662285996,785.8995297076408,67.01797733533081,53.09321384281693
2025-09-18 21:00:00,4.200508717915554,63.341591474503524,66.35714285714286,27.218152216140126,61.69822288677655,779.0042840794445,66.80135557539036,53.10240519536917
2025-09-18 21:15:00,4.091073597622443,63.30699887033602,66.35714285714286,27.162109441857094,61.80346570722835,780.9006120465644,67.78678344031358,53.32258049894155
2025-09-18 21:30:00,4.56651843056208,63.32928680924919,66.35714285714286,27.12957487865974,61.79637592886393,778.0233518472625,66.03529495049989,53.38960463117969
2025-09-18 21:45:00,5.079639348438129,63.4363122207847,66.35714285714286,27.109654866881417,61.546725560393305,778.859845722607,67.64324882461051,53.249562683139196
2025-09-18 22:00:00,5.519633032504428,63.29603066828121,66.35714285714286,27.14559509302357,61.385691669772925,779.9515442444275,67.4345519260581,53.11679408049702
2025-09-18 22:15:00,5.825824701258847,63.29259515941266,66.35714285714286,27.141381289794918,61.43890665482216,781.6565322642557,67.71522576182377,53.24466093925558
2025-09-18 22:30:00,5.761770712193178,63.432668478822656,66.35714285714286,27.11026923530145,58.8347235578868,780.0868764816854,66.09885868228602,52.87411161424192
2025-09-18 22:45:00,6.129897247405612,63.3689935890825,66.35714285714286,27.096069692374495,58.98868309787296,781.4210372201534,67.46842705560732,52.764584606344805
2025-09-18 23:00:00,6.693037395356328,63.41710855058414,66.35714285714286,27.116952821660163,58.773627055578054,784.2902391695025,67.10731776336573,52.513946985208804
2025-09-18 23:15:00,7.693689816257042,63.41429623477356,66.35714285714286,27.110883763417945,58.56175645251872,780.9646474670582,67.72523724228371,52.58211487647953
2025-09-18 23:30:00,7.906368311333865,63.336540388110464,66.35714285714286,27.10106195184202,58.57583507367268,787.695164797621,66.0906484144912,52.65898390189974
2025-09-18 23:45:00,7.663974695226193,63.3203178023877,66.35714285714286,27.0802824883399,58.69346539533932,792.4292331325618,66.03327651762459,52.668537889072844
2025-09-19 00:00:00,7.275404619490788,63.20963947916188,66.35714285714286,27.168580695374107,58.48667406265814,791.3004838265566,66.59705771834341,52.250050032497455
2025-09-19 00:15:00,7.560988219573402,63.19305641582015,66.35714285714286,27.155442540380314,58.305676336066355,788.2176135390824,66.09334522688124,51.98148536136306
2025-09-19 00:30:00,7.689827406453072,63.14872053438608,66.35714285714286,27.16727121950572,58.7289963142396,785.3552970362435,66.24619368691457,52.26833190021701
2025-09-19 00:45:00,7.703335306796674,63.12118416950569,66.35714285714286,27.203575922296334,58.72490719424476,788.3248720825499,66.15822840694405,52.590537265883256
2025-09-19 01:00:00,7.820617545744141,63.065470930764036,66.35714285714286,27.22893489520282,58.785972303047025,787.6974395912612,66.22245262108149,52.68382027317033
2025-09-19 01:15:00,7.34106958751964,63.10170981020318,66.35714285714286,27.214665948416744,59.35043219403531,791.523039484653,66.37981332214612,52.610179523680294
2025-09-19 01:30:00,6.916292749358157,63.05839676942736,66.35714285714286,27.15746052938705,59.156771049775344,797.3564298289594,65.8268065024662,52.31246194380921
2025-09-19 01:45:00,6.754066798972142,63.041429138769274,66.35714285714286,27.113488137344536,58.87575184438784,795.0779010640072,65.76366941655778,52.01838577218617
2025-09-19 02:00:00,7.062846902732374,62.95280795070778,66.35714285714286,27.09729759942169,58.92924287267428,788.2183987664622,66.40579144143857,52.10856945468341
2025-09-19 02:15:00,7.05114816076905,63.014847552072816,66.35714285714286,27.05404315601729,58.83658877799004,785.8753087008525,66.36468780086143,52.03160443947662
2025-09-19 02:30:00,6.80813671114671,62.93070504298274,66.35714285714286,27.058920623423397,58.768183414500164,781.2003294870485,65.9159403952808,52.06573678021711
2025-09-19 02:45:00,6.155008488571039,63.08044800807666,66.35714285714286,27.054370139352333,58.92051942428684,775.9496070329636,65.9307992240806,51.53445856352532
2025-09-19 03:00:00,5.55966903629563,63.00009365636334,66.35714285714286,27.009336407057955,61.6266326819342,788.0318144934532,66.50584026637478,51.94086938326922
2025-09-19 03:15:00,5.578366047750772,63.00935185468843,66.35714285714286,27.036317416227128,61.42948259731947,784.8388241416228,65.89388105068669,52.141839289627825
2025-09-19 03:30:00,6.200702884802732,63.098144437769776,66.35714285714286,27.054851625800108,61.35961090157908,791.0585716457462,65.27968477850422,52.08757523392835
2025-09-19 03:45:00,6.656761633874107,63.030866531715404,66.35714285714286,27.08509594465228,61.44547267431676,788.4465840428707,66.14878712115379,51.98375553350192
2025-09-19 04:00:00,6.721655675719535,62.967996391116365,66.35714285714286,27.06310538855244,61.222995757141895,786.8109345267454,65.29642107335567,52.222549300173675
2025-09-19 04:15:00,6.540526344746155,62.8379861715008,66.35714285714286,27.099268651450167,61.34493132803955,785.5248863306834,65.38285330201073,52.504717672645896
2025-09-19 04:30:00,6.529580692318202,62.74825041448725,66.35714285714286,27.100300023114826,61.13603708351356,785.3622203207482,64.78024277295101,52.595985294975236
2025-09-19 04:45:00,6.508303234798207,62.64247253470445,66.35714285714286,27.13858761403091,61.412665498831615,781.2445236748005,65.74105571272015,52.550351403000626
2025-09-19 05:00:00,6.985291638765292,62.686176437533355,66.35714285714286,27.08604639889106,61.06221323284732,782.0969742171446,65.94770273714246,52.38412513191988
2025-09-19 05:15:00,7.390118788942554,62.484653194954106,66.35714285714286,27.120524352822283,61.34424109597351,794.5690556928665,65.3283994711852,52.17908625029326
2025-09-19 05:30:00,7.343380746435138,62.45151698072643,66.35714285714286,27.068930414514625,61.31766865393733,787.7635977291771,66.24285167467775,52.22403710447503
2025-09-19 05:45:00,7.252818495046451,62.48247259199491,66.35714285714286,27.11147969834407,61.03027743634296,790.1005710208847,65.38898798477304,52.36854419889694
2025-09-19 06:00:00,7.081944577596778,62.50595544786102,66.35714285714286,27.05462567185798,61.50549657384729,790.1408704512733,66.06345392012032,52.45437273646136
2025-09-19 06:15:00,6.7686173496540185,62.556704650015845,66.35714285714286,27.071343456349204,61.645002328026294,787.0249274334311,65.80639978339104,52.55148952359602
2025-09-19 06:30:00,7.277427353418323,62.50281418268858,66.35714285714286,27.122551594513077,61.40059408850501,790.6108720888462,66.37362782333727,52.38948514071686
2025-09-19 06:45:00,7.1440640402344595,62.401211246113,66.35714285714286,27.201476340165826,61.09427408256277,787.0163008314362,65.68829219428508,52.34034246623549
2025-09-19 07:00:00,6.947857761137678,62.11917997541149,66.35714285714286,27.254105673632967,61.14689839611429,794.7838748485368,66.00774670665305,52.079894540193614
2025-09-19 07:15:00,6.346357734692691,62.174318676282645,66.35714285714286,27.272828508614552,61.3103347630559,799.8154009659755,65.5335820002533,52.42814712456577
2025-09-19 07:30:00,5.4977022619695735,62.111715290768856,66.35714285714286,27.324456695332206,58.63717932098862,793.6944423718086,65.87552396038542,52.19442509530548
2025-09-19 07:45:00,5.229551542118026,61.99467954232566,66.35714285714286,27.31759924941318,58.968688865560786,794.723777948261,65.50863155557657,52.31897560485485
2025-09-19 08:00:00,5.103911428041864,61.928692226616285,66.35714285714286,27.28580693346519,59.09412436564554,797.7966987379858,65.78013843041404,51.99040807581316
2025-09-19 08:15:00,5.406163935972805,62.06971679622451,66.35714285714286,27.284052354719993,58.954002422644926,797.1924334102406,65.442297464922,51.787908002118144
2025-09-19 08:30:00,4.895714983954947,62.10860317378447,66.35714285714286,27.331956620919875,59.20892914843285,796.2305696677488,65.87965275699636,51.67401375513587
2025-09-19 08:45:00,4.184405215767015,62.14323915825169,66.35714285714286,27.36198012171143,58.95494042263829,802.7754715169978,65.42763807056694,51.63669795652479
2025-09-19 09:00:00,4.025972438417656,62.1224298417889,66.35714285714286,27.322564536613378,59.00493972909536,799.1322468151342,66.95203451491513,51.446318173363885
2025-09-19 09:15:00,3.833063464587294,62.13001878874727,66.35714285714286,27.317762845855146,59.06471206483729,799.8496951604195,65.72638468499657,51.52358894230097
2025-09-19 09:30:00,3.8284871520735213,62.0300245395338,66.35714285714286,27.303860279382942,59.26437213833664,806.1876634117089,66.07482485058804,51.86965554359843
2025-09-19 09:45:00,4.056905860994774,61.997595285073395,66.35714285714286,27.327222327835727,59.07971963379013,801.7900934777512,66.21310437094772,52.06005481685455
2025-09-19 10:00:00,4.083960141735469,62.056517761328195,66.35714285714286,27.307294749600626,59.10632832509826,812.003602532305,66.39146100736107,52.08468317272533
2025-09-19 10:15:00,3.752213514675395,62.03108895200512,66.35714285714286,27.25892175991559,59.17276978279506,801.0990299045587,66.01995061129917,51.878645005110826
2025-09-19 10:30:00,3.909904207745211,62.04908050196867,66.35714285714286,27.28569575623075,59.18691185610014,802.3456107110331,66.60213711554779,51.60363404038371
2025-09-19 10:45:00,3.993470038413109,61.99971445110213,66.35714285714286,27.335897687107224,59.091495824399836,800.0094484219221,65.84120331711769,51.222967706333876
2025-09-19 11:00:00,4.678043557054715,62.098943433138615,66.35714285714286,27.42515853450362,59.040246166767126,796.0919251081576,67.01411910678455,51.26942671602204
2025-09-19 11:15:00,5.064387452564285,62.003069342722995,66.35714285714286,27.451191364536463,59.303201916531236,799.770423223307,66.4135068330308,51.509390845094856
2025-09-19 11:30:00,4.909300236887344,62.0370812606464,66.35714285714286,27.490957237229274,59.19337000444457,808.8925966199155,66.88122290855247,51.71861809130668
2025-09-19 11:45:00,4.617636790090761,62.03997401379026,66.35714285714286,27.488492113307196,61.89595320010912,812.3246104756394,66.2628824170523,51.82221529719067
2025-09-19 12:00:00,4.11848684652791,62.03493034836428,66.35714285714286,27.510736380723806,61.87921957361294,812.1766312354547,66.81841445829905,51.47220047470313
2025-09-19 12:15:00,4.317747544465792,62.056890515977315,66.35714285714286,27.537087287512776,61.652534979637984,811.5202040073125,67.2807563808796,51.48685192256161
2025-09-19 12:30:00,4.54416194170954,62.01164041827011,66.35714285714286,27.56567364065263,61.80559072997459,810.2544835758024,66.31366370302369,51.59184665439071
2025-09-19 12:45:00,4.513624020889144,62.01606998063591,66.35714285714286,27.492705756667196,61.314038739337875,806.2746846521745,67.03733429182094,51.21455004275925
2025-09-19 13:00:00,4.306946781356037,62.005566324250125,66.35714285714286,27.556520095978595,61.47590734524431,815.3206316422696,66.58720044373348,51.52048469117446
2025-09-19 13:15:00,3.547274464962014,62.02107829947226,66.35714285714286,27.58101454791679,61.70239246995785,816.305440228984,67.04411490804075,51.46391401181344
2025-09-19 13:30:00,3.2153823476229477,62.169185461769985,66.35714285714286,27.615489908178215,61.94619034603586,819.3541479522542,67.6616579604577,51.71460519896958
2025-09-19 13:45:00,3.021066195330243,62.151608953626265,66.35714285714286,27.666881769174157,61.709038011682566,814.5140942300311,67.39543590867824,51.49765728955365
2025-09-19 14:00:00,3.133497705466252,62.11548206034537,66.35714285714286,27.644899411470426,61.75360791989156,814.389991800352,66.71053873347631,51.34740133949179
2025-09-19 14:15:00,3.282206048665966,62.2022513737692,66.35714285714286,27.707271451244665,62.15099647311984,823.768420027092,66.74603672378917,51.51877425396885
2025-09-19 14:30:00,2.712020096746202,62.17055732117557,66.35714285714286,27.77902440867003,62.23344832422419,819.6727417589434,67.30991882809096,51.6856081388601
2025-09-19 14:45:00,2.069633762176841,62.17934340335091,66.35714285714286,27.780353772524265,62.17332267632295,811.0382329076582,67.45201682051058,51.914987971029106
2025-09-19 15:00:00,2.246850205970514,62.12503069689591,66.35714285714286,27.73944159406104,62.0498051250538,811.7592374890062,68.01346532777345,51.65861205499183
2025-09-19 15:15:00,2.269888108270802,62.19480368793559,66.35714285714286,27.69708421439272,61.96050752570597,809.0937203841011,67.82305100334536,52.16700796446543
2025-09-19 15:30:00,2.9376091249241294,62.358433120490325,66.35714285714286,27.629347280925362,62.14140894829821,813.2980344570666,67.41956872612789,52.4007404835919
2025-09-19 15:45:00,3.4448392125989193,62.408279669535666,66.35714285714286,27.643393455166166,62.02112396122472,810.266851687604,67.28901622862767,52.30521045094165
2025-09-19 16:00:00,3.2614653698888505,62.54425806139636,66.35714285714286,27.611084128689523,62.117551939490866,811.2051547958786,66.85462764635956,52.18926640632902
2025-09-19 16:15:00,3.4162033537817185,62.60580380107868,66.35714285714286,27.60368755519619,59.61902448930156,818.5952216617504,66.27435379243661,52.018440360497074
2025-09-19 16:30:00,3.3473405633474482,62.577122107349645,66.35714285714286,27.60158550547893,59.37224675265916,821.8952659876868,67.03905089549087,51.89032687336475
2025-09-19 16:45:00,3.6697931855975936,62.55840460674984,66.35714285714286,27.606259791341536,59.44552372959427,831.822681682156,67.41739547711168,51.47198514646558
2025-09-19 17:00:00,4.416201722534062,62.639406992081476,66.35714285714286,27.58064442473454,59.41243517829638,826.5808656765407,67.81685871799179,51.41813558467741
2025-09-19 17:15:00,4.8783039974669675,62.53931944602547,66.35714285714286,27.565554834376943,59.28389646436843,828.1142265039941,67.20929204596838,51.73179704141428
2025-09-19 17:30:00,5.271866047707426,62.624728295108035,66.35714285714286,27.578017765352346,59.68480482429914,827.5616643310468,67.69239818769616,51.796834344996704
2025-09-19 17:45:00,5.039667421171636,62.75702718179528,66.35714285714286,27.541306084981084,59.80641929122761,826.0887823507038,66.80217873060235,51.42614116557984
2025-09-19 18:00:00,4.843828990445787,62.821205619410414,66.35714285714286,27.53035368235379,59.82285465791951,825.4475052683176,67.37405946486663,51.38600586146551
2025-09-19 18:15:00,4.879279547515246,62.792555342213724,66.35714285714286,27.521574011001935,59.85745140180908,821.5859416352398,68.33198022091436,51.62827398030965
2025-09-19 18:30:00,5.548961821926974,62.84661180398801,66.35714285714286,27.505025631758702,59.76481238521307,818.7610895467692,67.76412138094047,51.69380511557204
2025-09-19 18:45:00,5.8805800486438216,62.90211959459999,66.35714285714286,27.49377805426753,59.85502323286879,826.5728326017269,68.18937266751014,51.60231302600536
2025-09-19 19:00:00,5.753464292277184,62.95570830212494,66.35714285714286,27.482297920379818,59.797023378445544,831.1677049031925,68.78845970652768,51.69873207616025
2025-09-19 19:15:00,5.553481795150798,62.97391711920311,66.35714285714286,27.524514700485103,59.5874204342466,826.6634055476229,66.78975170934439,51.88201492045572
2025-09-19 19:30:00,5.312529231315809,62.98847103945561,66.35714285714286,27.51504511371259,59.42498854763951,819.5036918520418,67.29361506948233,52.14090214839351
2025-09-19 19:45:00,5.347159451364131,62.99411484966706,66.35714285714286,27.49530472419249,59.58537779881737,822.2450076273689,67.44271805321779,52.13574837030091
2025-09-19 20:00:00,5.287727591022493,63.04179943596421,66.35714285714286,27.470841208344787,59.5369772761025,818.7825116713958,67.01223563040371,52.18491065043661
2025-09-19 20:15:00,5.522882374823709,62.963065811167354,66.35714285714286,27.498517510047918,59.65232833846576,812.2990730657532,67.11277624223358,52.069071613370156
2025-09-19 20:30:00,5.391285014373744,63.06486996195959,66.35714285714286,27.475599052031388,61.83207172356519,810.3516233138376,66.7543507944309,52.26283321601417
2025-09-19 20:45:00,4.920934365526498,63.154620761820766,66.35714285714286,27.404418207971865,61.703298845902694,804.8774343272312,66.38242267148559,52.168254974906354
2025-09-19 21:00:00,4.942960556785787,63.225667869327786,66.35714285714286,27.311581680841368,61.61227284393716,807.5652670097945,67.48355291707614,52.341282763655386
2025-09-19 21:15:00,5.0544129360437715,63.445195551207874,66.35714285714286,27.319354190319356,62.17101551231826,811.509878729593,67.07410776412561,52.73348996243763
2025-09-19 21:30:00,5.442055208902444,63.47293386738463,66.35714285714286,27.364386393261942,62.17183967873116,815.3079977702979,67.27675937824196,52.46388483103759
2025-09-19 21:45:00,6.185263414353763,63.404087022758965,66.35714285714286,27.420844564391704,62.2595037717212,817.5381802009741,66.5163340292015,52.477218306175175
2025-09-19 22:00:00,6.2571573898086195,63.39948971863749,66.35714285714286,27.41348411919462,62.22079283396304,830.6389746837436,66.86101397442584,52.48092666028846
2025-09-19 22:15:00,6.390812124042984,63.28687823671124,66.35714285714286,27.418147107014725,62.26438099827263,828.1657957113193,67.40788920041541,52.60373906457524
2025-09-19 22:30:00,6.367270566114089,63.1787057506569,66.35714285714286,27.471817209218788,62.28502396234493,830.3966808032997,66.0297377747472,52.471184633200146
2025-09-19 22:45:00,6.334763735839333,63.102873152669716,66.35714285714286,27.50279932041748,62.027017083550334,832.192076845135,66.21783179573387,52.43995887332581
2025-09-19 23:00:00,6.960279758727485,63.16737223644972,66.35714285714286,27.509474352006634,62.05871686327835,829.8154708310684,66.13140093543082,52.5171226803835
2025-09-19 23:15:00,7.272098374291806,63.223138910970036,66.35714285714286,27.512595508356107,62.1914301225426,828.1635825099871,64.87340217151154,52.488309848398245
2025-09-19 23:30:00,7.500845281959031,63.1309924882611,66.35714285714286,27.56941094839639,62.19992307887345,830.6642710861046,66.65109161969737,52.27867542711787
2025-09-19 23:45:00,7.6361677769038865,63.13880498811748,66.35714285714286,27.60332548398041,62.04201327632584,825.7063840401231,66.15117120611565,52.55820830735134
2025-09-20 00:00:00,7.632725827828477,63.159438391029965,66.35714285714286,27.57241577690551,61.936388105162635,820.8103264935852,66.96659013647586,52.11175030322835
2025-09-20 00:15:00,7.7435980028890725,63.204542629011186,66.35714285714286,27.566661000687894,62.0433607306816,819.9229753908315,66.2571423985778,51.93228575614668
2025-09-20 00:30:00,7.732816216670347,63.22527391361252,66.35714285714286,27.595028869969656,62.46107265779662,815.8343624685306,65.58213800415444,51.990163549947646
2025-09-20 00:45:00,7.997092214380555,63.27402146074804,66.35714285714286,27.60373291907964,62.519242662068,826.124023581391,65.92443672422957,51.863325117734696
2025-09-20 01:00:00,7.9601985858194,63.28070304443963,66.35714285714286,27.543800574036176,59.722299434568164,825.67422976792,65.55870887663654,51.26870062187444
2025-09-20 01:15:00,7.4157409770366725,63.21850780808821,66.35714285714286,27.50811151550682,59.6012911368756,820.0845309879592,65.95202240657466,51.12007421934837
2025-09-20 01:30:00,6.968357932846645,63.15195907690839,66.35714285714286,27.500588636549175,59.7097512244344,825.8502030878446,66.04700451700455,50.98996017124535
2025-09-20 01:45:00,6.76349506420956,63.16532649408385,66.35714285714286,27.478106139647704,59.518245255213984,827.5977496755196,66.15096675560679,50.83321627588977
2025-09-20 02:00:00,7.177148801537781,63.2301590603358,66.35714285714286,27.527758640345915,59.17023741719912,826.7284566079046,66.47215362839974,51.11829364082396
2025-09-20 02:15:00,7.505221480880143,63.22802679561873,66.35714285714286,27.494031717143436,59.155937005304914,825.2662231776908,66.67750876088466,50.95284117656481
2025-09-20 02:30:00,7.015033904890872,63.294907338879895,66.35714285714286,27.5031444130505,59.211654598215354,831.6083058122308,65.80697420744609,50.61143071198002
2025-09-20 02:45:00,6.759944354531057,63.307124324204366,66.35714285714286,27.462793112830088,59.30461288881861,835.2401932707493,66.19341783871695,50.453471290259195
2025-09-20 03:00:00,6.283777145497567,63.243891517014895,66.35714285714286,27.507815584458072,59.171751439948295,830.9831264109423,66.2870202471882,50.172155021202975
2025-09-20 03:15:00,6.4833900628107966,63.338564200279066,66.35714285714286,27.44576169768065,59.09189461768699,836.9897263425514,66.47212902018885,50.07815305514913
2025-09-20 03:30:00,6.653739003815305,63.22511031010878,66.35714285714286,27.426252134473646,59.29739454045662,834.6054625684333,65.7942412038725,49.98243204841317
2025-09-20 03:45:00,6.786522459189228,63.314808224560934,66.35714285714286,27.42868917801113,59.63680351791221,832.4969441588348,65.54923442812115,49.97586328962799
2025-09-20 04:00:00,6.644946425184928,63.16872132246084,66.35714285714286,27.43543271241353,59.735331214180974,832.6844549365615,66.0830256346747,49.65344552545049
2025-09-20 04:15:00,6.662890990973251,63.13277262970403,66.35714285714286,27.463543241194866,59.729808565338445,832.6837782904261,65.10264898243159,49.805103773360266
2025-09-20 04:30:00,6.35164912900103,63.15033911042741,66.35714285714286,27.431648812841672,59.49613173388535,831.6674264941439,65.56264607960891,49.82964821680096
2025-09-20 04:45:00,6.759054198698109,63.15758745860854,66.35714285714286,27.413485133502533,59.574440622569576,833.3813856089691,65.4327504129903,49.696121129400794
2025-09-20 05:00:00,7.18466726817427,63.10703190307775,66.35714285714286,27.44455998767153,59.62774553658895,839.3784075464748,65.81787009610335,49.34253670410516
2025-09-20 05:15:00,7.558954314521426,63.19717057512383,66.35714285714286,27.41477031256595,59.585189359256766,832.0645030518234,65.39615083281384,49.80458943669177
2025-09-20 05:30:00,7.564157629780579,63.30632764626371,66.35714285714286,27.47051605886906,62.278825245612836,827.7593004635648,65.52859286941502,50.35857504323726
2025-09-20 05:45:00,7.384877431870604,63.271913237084384,66.35714285714286,27.557436728856402,62.15373083683328,830.8727425264098,65.85957672764452,50.06130242951703
2025-09-20 06:00:00,7.042087474098396,63.18384882890202,66.35714285714286,27.567966440077264,62.07730671059561,835.0944716138407,65.89781931472608,49.700489472665154
2025-09-20 06:15:00,7.043629856022089,63.161429571692686,66.35714285714286,27.509038047494936,61.89320541676113,830.0814346606663,66.23510333197447,49.91262221900865
2025-09-20 06:30:00,7.315868550963832,63.00765092769293,66.35714285714286,27.53741548035311,61.83942839108143,838.6668873074512,66.48179826442185,49.99905020935906
2025-09-20 06:45:00,7.581261023717823,62.96076016743044,66.35714285714286,27.560937868263423,61.9866527622911,838.8277938811918,66.00481509065544,50.030693309131294
2025-09-20 07:00:00,7.239836083713673,62.93635034572398,66.35714285714286,27.61652660986122,62.246736038536625,838.8006816309422,66.12165931421731,50.147938041550944
2025-09-20 07:15:00,6.181791171750303,62.898632143334964,66.35714285714286,27.60756495935181,62.418900641455174,840.7812572642181,65.01190085525887,49.99027582254924
2025-09-20 07:30:00,5.515455147351097,62.70143947695948,66.35714285714286,27.61857280064483,62.220074735002626,841.4330992951741,65.67546329338623,49.90726533930893
2025-09-20 07:45:00,5.129295964890435,62.688663702322074,66.35714285714286,27.632033593002824,62.0294984569188,845.7514595914714,65.9188532130186,50.31649886172522
2025-09-20 08:00:00,4.9377011391465055,62.72588717452721,66.35714285714286,27.701363172486047,62.23432405193307,833.0723541097275,65.45702185674777,50.357986887272126
2025-09-20 08:15:00,4.851930425780142,62.66206936336279,66.35714285714286,27.7563299696989,62.23790015859291,844.349584189083,65.69552992652518,50.24607409409952
2025-09-20 08:30:00,4.593655556039031,62.67901632700993,66.35714285714286,27.76679781810086,62.50007393407906,841.062991749901,66.2045164596506,50.15385541862685
2025-09-20 08:45:00,4.0211603326668275,62.63422716170065,66.35714285714286,27.751199792754022,62.45746958204689,834.78753688792,65.60526236410536,50.15624798791432
2025-09-20 09:00:00,3.2520354444695094,62.38195878496757,66.35714285714286,27.784484315415952,62.42097044077996,837.6269588101427,65.27724889676442,50.12927008422809
2025-09-20 09:15:00,3.265180920843962,62.32436789268308,66.35714285714286,27.765833817561155,62.234808964899536,841.9929872992162,66.0224642695444,50.12372027037712
2025-09-20 09:30:00,3.9927672081518204,62.29049846784305,66.35714285714286,27.79837057377728,62.066520052409764,841.4037851080865,65.68317573527743,50.24786761997475
2025-09-20 09:45:00,4.051391465686804,62.234543443255,66.35714285714286,27.85512148167387,59.65096507919008,845.6384888898679,65.56297938656563,50.232375561940245
2025-09-20 10:00:00,4.264847570559685,62.29817311647464,66.35714285714286,27.837067615259862,59.7668309195513,844.0465871277378,66.33744895745622,50.45470429235289
2025-09-20 10:15:00,3.735369023547366,62.181502017920536,66.35714285714286,27.77808925382031,59.75869337240214,849.8764176633467,66.24555042638424,50.79794987409683
2025-09-20 10:30:00,3.3580911290464304,62.18279565041874,66.35714285714286,27.76019551052555,59.80493903463546,852.5126364415712,65.92763076203323,50.42703952713974
2025-09-20 10:45:00,3.463643679867593,62.17722461603145,66.35714285714286,27.84726049982342,60.045400766920906,850.0667084551577,66.00852669949889,50.718404955364534
2025-09-20 11:00:00,4.443902839165976,62.240037978329255,66.35714285714286,27.865826671575753,60.01823931970895,847.4684559327513,66.26777092888338,50.48921570733076
2025-09-20 11:15:00,4.634143501012163,62.13808964536866,66.35714285714286,27.87354650052922,59.69784282432965,848.0883174219413,66.09367484423154,50.67031227187713
2025-09-20 11:30:00,4.991749196459306,62.09414051146866,66.35714285714286,27.84785018520666,59.89641553968525,846.0573464972953,66.45951713112561,50.86871191177326
2025-09-20 11:45:00,4.8036779987650995,62.15443262395077,66.35714285714286,27.849657594994525,59.51963154787573,835.5538136316586,66.56431285945673,50.93614743818484
2025-09-20 12:00:00,4.41256005601341,62.08832504148268,66.35714285714286,27.84604772795783,59.603972244814216,835.8221340760609,66.78293350274676,50.892147176057726
2025-09-20 12:15:00,4.262507459314106,62.112792224916134,66.35714285714286,27.837154348277387,59.16611733509564,835.4173787502506,67.35602230748474,50.603367221260704
2025-09-20 12:30:00,4.114969394913935,62.02913968995212,66.35714285714286,27.832697980826534,59.497311360756186,835.3104443940404,65.78812868526043,50.537944869253266
2025-09-20 12:45:00,4.292731586069004,62.01552409939074,66.35714285714286,27.819327716241585,59.73954193286171,835.7511556249551,67.14910767392091,50.78309788878071
2025-09-20 13:00:00,4.2183465323443485,61.98789658931611,66.35714285714286,27.846371287196845,59.78257958662489,838.1396194782664,67.14586960943073,50.72671694149825
2025-09-20 13:15:00,3.7880266251007875,62.00384415802559,66.35714285714286,27.846623880392528,60.035975983035286,834.1506297091133,67.60844259247813,50.85024714642791
2025-09-20 13:30:00,3.53676771243373,62.14106504268576,66.35714285714286,27.876592910801875,59.951918611028994,834.356475876022,66.90535281145631,50.862496647917084
2025-09-20 13:45:00,3.4540420426503897,62.13202597374732,66.35714285714286,27.88673188838959,60.08478697575196,843.1860493473465,66.79961683417622,50.758582306781456
2025-09-20 14:00:00,3.4495658713967483,62.2785535231103,66.35714285714286,27.886149026455872,59.96281334338447,849.4536263227099,67.05778796540339,50.99093714572837
2025-09-20 14:15:00,3.39513750793529,62.3627924720527,66.35714285714286,27.9139180482785,62.81864289743649,845.0336075018706,67.25590317061395,51.323606825972085
2025-09-20 14:30:00,3.2593848239575536,62.333385148253754,66.35714285714286,27.859065155956696,62.716874071176576,839.5453934023718,67.38867392295535,51.42034635835128
2025-09-20 14:45:00,3.1524595565975986,62.47038989551048,66.35714285714286,27.88379070763144,62.681976222221586,845.8352034496088,66.37889523694854,51.44912064992342
2025-09-20 15:00:00,2.7470866892148433,62.49031895823349,66.35714285714286,27.873091760641966,62.96183837668753,843.3129002186099,67.3943480972805,51.484115209444994
2025-09-20 15:15:00,2.6292539619609636,62.52952867501419,66.35714285714286,27.90015483316158,62.97620771643238,840.2636415975272,67.18135351072247,51.405887324389596
2025-09-20 15:30:00,3.040733248354889,62.39805081937859,66.35714285714286,27.857762124323816,62.912825735955785,839.4396535695474,66.43121329175139,51.53185854682008
2025-09-20 15:45:00,3.3804874638665257,62.51985045939631,66.35714285714286,27.875922036465777,62.838332709057035,845.1213588507945,66.43171358359761,51.4695687789398
2025-09-20 16:00:00,3.4211048338485597,62.504489981490124,66.35714285714286,27.842013026377536,62.982393541541065,835.6912660115422,66.91462947086767,51.35217135205896
2025-09-20 16:15:00,3.3264969310297428,62.457280833791394,66.35714285714286,27.84231828306882,62.78351100400328,829.1337512634865,67.33739238495218,51.27899859051427
2025-09-20 16:30:00,3.567418288427222,62.35244434052639,66.35714285714286,27.8157063908668,63.1855586218733,828.7881000153398,66.69441538970905,51.48645939848037
2025-09-20 16:45:00,3.8372280833027457,62.485965109293836,66.35714285714286,27.85017036465269,63.14229947435257,835.2302057296163,66.51406964776393,51.70199239124834
2025-09-20 17:00:00,4.5613503374138125,62.6101647849999,66.35714285714286,27.878931369363226,63.45090186828803,839.0443035606762,67.7043592445748,51.615679941509654
2025-09-20 17:15:00,4.91415781951166,62.56632997451818,66.35714285714286,27.858684627149536,63.57584428535846,832.2729381752227,67.10329538346336,51.503633632559506
2025-09-20 17:30:00,5.268698963053262,62.45537014938159,66.35714285714286,27.819787573069203,63.38773674317381,841.5341044824952,67.13942168252098,51.34529141154143
2025-09-20 17:45:00,5.25546065498083,62.47189884927901,66.35714285714286,27.828409941028355,63.43986693091859,839.8849439752775,66.83808900896499,51.16917537141052
2025-09-20 18:00:00,5.224819795052471,62.46247645593432,66.35714285714286,27.84265419594448,63.386305965033586,835.7669303211759,66.87865073805719,51.26277883347972
2025-09-20 18:15:00,5.271105263514336,62.38190755089499,66.35714285714286,27.865764015046423,63.50399585821721,837.1554789125446,66.80545108936485,51.28319217759501
2025-09-20 18:30:00,5.506639650697883,62.434941268501696,66.35714285714286,27.891173126413985,63.26647944537684,843.2131540854767,67.03352618182043,51.39153846570394
2025-09-20 18:45:00,6.120694111262216,62.4325190954061,66.35714285714286,27.881492775056657,60.39511756224434,838.5265304852113,67.06273874480736,51.19405341903795
2025-09-20 19:00:00,6.117402641850202,62.5278345537273,66.35714285714286,27.83568535325767,60.50630141715559,835.3630127472146,66.94499384381089,51.202819973643386
2025-09-20 19:15:00,5.762943490650579,62.58121009398505,66.35714285714286,27.81935461643812,60.66027246205061,834.749277120341,67.18536001017965,51.453205341193595
2025-09-20 19:30:00,5.37579144246065,62.48958880758489,66.35714285714286,27.80569457820512,60.68179579737851,842.2968730279226,66.32195594216688,51.58537975537044
2025-09-20 19:45:00,5.046249051934686,62.39579721751157,66.35714285714286,27.771316274423928,60.67303236092272,841.499483449508,66.83171997062905,51.42204393249767
2025-09-20 20:00:00,5.452305307665837,62.473253173691134,66.35714285714286,27.750962449614423,60.555006372875035,845.1578545266376,67.36531992257663,51.339148927209926
2025-09-20 20:15:00,5.581366090891564,62.50384373810949,66.35714285714286,27.736031977304574,60.565495419720236,852.742500585428,67.44039928943198,51.855367461080014
2025-09-20 20:30:00,5.506982269237561,62.487620166755384,66.35714285714286,27.697712050279605,60.3679227595259,849.1017554020665,66.31318316903372,51.81533400414927
2025-09-20 20:45:00,4.8799913080477,62.466765147329724,66.35714285714286,27.63146236756906,60.312201644990914,852.3543923840032,67.3619986970595,51.60199667787708
2025-09-20 21:00:00,4.740097942647373,62.512831384681554,66.35714285714286,27.624982260064257,60.323414695833485,854.2194174375445,67.3025623461649,51.71563260707837
2025-09-20 21:15:00,4.705228412111967,62.59172250163054,66.35714285714286,27.577105315565664,60.31363095446725,857.9317937744398,66.79633909019186,52.0047199134366
2025-09-20 21:30:00,5.081984168042365,62.585142102422694,66.35714285714286,27.639367460284262,60.44068335027853,863.397373631001,66.98960761375513,51.72496603634525
2025-09-20 21:45:00,5.520896176515718,62.577359380047575,66.35714285714286,27.571998091083508,60.033614451077014,856.197978034114,66.65955848078995,51.386822084553486
2025-09-20 22:00:00,5.8423525449205185,62.51464638382593,66.35714285714286,27.54072523081175,59.990436968379754,855.6229869968233,67.05565961180884,52.07603318123881
2025-09-20 22:15:00,5.928490418270732,62.57634419002886,66.35714285714286,27.452910180276167,59.77490297005817,853.1724302828547,66.39114629674374,52.10418549060852
2025-09-20 22:30:00,6.161024626651082,62.516562767173404,66.35714285714286,27.463174562005403,59.796632130722315,845.106050403139,66.19279534118972,52.372118190269774
2025-09-20 22:45:00,6.299431049136581,62.60331273517377,66.35714285714286,27.416644878104854,59.90983311544033,850.4728652264284,66.96497395214018,52.460168206432435
2025-09-20 23:00:00,6.954470065051745,62.604311349301575,66.35714285714286,27.391539242480114,62.497030965564264,847.9266984813481,66.58297407822575,52.4831238662952
2025-09-20 23:15:00,7.577886293077816,62.49442199008369,66.35714285714286,27.370798608309986,62.27797358844764,857.3424229599792,66.79603705432488,52.60609031666729
2025-09-20 23:30:00,7.844358922535367,62.40690588215766,66.35714285714286,27.351395446946597,62.29288719510389,846.8526640500138,65.71833477995011,52.79480371318383
2025-09-20 23:45:00,7.8051227449989495,62.33066981438029,66.35714285714286,27.37048879243501,62.566188254489944,848.9942241801467,66.60867237001608,52.90444591629621
2025-09-21 00:00:00,7.639478312748583,62.35152652263301,66.35714285714286,27.343498945424862,62.40750378813248,851.7354627849371,66.92582505026189,52.67458516707906
2025-09-21 00:15:00,7.868349280934616,62.26051830238126,66.35714285714286,27.33838532127,62.920755127675434,852.0654007267606,65.9314582228817,52.54046705933603
2025-09-21 00:30:00,7.9850320581924885,62.18025113991948,66.35714285714286,27.31940699871761,62.860949621487975,844.4202807365319,64.97533882022854,52.42291872102239
2025-09-21 00:45:00,8.301770415669207,62.11397622185909,66.35714285714286,27.30441945142785,62.56830073226798,843.8018687194887,65.8627354815057,52.17647271679579
2025-09-21 01:00:00,7.880589723489127,61.95846526048845,66.35714285714286,27.318895798763275,62.56053444814927,849.9765971179944,65.99242857886134,52.35722690276769
2025-09-21 01:15:00,7.33916432868543,62.06535990257215,66.35714285714286,27.318076769853132,62.442420378240726,854.7899967034367,65.61545617041013,52.78879035850886
2025-09-21 01:30:00,7.313451941459813,62.00154829229519,66.35714285714286,27.329135882096008,62.467415134509345,855.6181462970426,65.00267110307915,52.90713436948355
2025-09-21 01:45:00,7.012844722777533,61.867859028202055,66.35714285714286,27.335132980811405,62.87919762299885,851.8216284202491,65.85957477223805,52.97933385749976
2025-09-21 02:00:00,7.058374196446948,61.8995108955046,66.35714285714286,27.285546488444698,62.73740138860564,854.2110152789445,65.3676695619688,53.10650011526691
2025-09-21 02:15:00,6.900609217600027,61.96049376867648,66.35714285714286,27.23113798610939,62.667802457902376,850.0528715363113,64.49794409679937,52.8547376056309
2025-09-21 02:30:00,6.761139633546833,61.93730124703263,66.35714285714286,27.20140874626669,62.46813380205372,849.1323519798814,64.75558592844502,52.90218227773055
2025-09-21 02:45:00,6.27732047684022,61.83110259550693,66.35714285714286,27.205527023076698,62.54967486678931,844.250118567098,65.33146425801517,53.19124484321667
2025-09-21 03:00:00,6.004207989345431,61.707387431704,66.35714285714286,27.20516505369575,62.71327009163381,844.01212066754,65.70056895487157,53.47157719009917
2025-09-21 03:15:00,6.251082503399237,61.684487619881274,66.35714285714286,27.196929162045702,62.90328338141046,847.0847348923701,65.41048891745366,53.64886904156109
2025-09-21 03:30:00,6.39645716019023,61.45344870836546,66.35714285714286,27.194802825632387,60.16083192545754,849.3468733673309,65.06836461694857,53.29432674081448
2025-09-21 03:45:00,6.510798749207018,61.42237194092602,66.35714285714286,27.181806256478804,60.02955392218504,845.852241507275,65.02436734238407,53.0876511457634
2025-09-21 04:00:00,6.452526164291242,61.346622943336726,66.35714285714286,27.18159007017271,59.833829250579925,849.6336778153307,65.91993244062347,52.98165058016172
2025-09-21 04:15:00,6.119240259857568,61.38600406003875,66.35714285714286,27.179202708939684,59.906833369162115,845.5410374459041,64.53828736960541,52.641124971854005
2025-09-21 04:30:00,5.747142593417523,61.264006105699494,66.35714285714286,27.156906890138124,59.72742584240089,839.0515173992891,66.4603802391412,52.38063650524178
2025-09-21 04:45:00,6.044803141139033,61.210731412878054,66.35714285714286,27.13762624416834,59.47970178379875,844.0510890406829,65.14986052335273,52.350764422177065
2025-09-21 05:00:00,6.762322900448543,61.146851138086795,66.35714285714286,27.16538638046338,59.75774301767762,841.1721789180485,65.18166743471583,52.59728419014861
2025-09-21 05:15:00,7.355343777467631,60.94980231282824,66.35714285714286,27.219787733282335,59.27380075145533,845.7685559035244,65.2398017146023,52.6554442716638
2025-09-21 05:30:00,7.29135088837566,60.89286707505003,66.35714285714286,27.2277049282058,59.30455815749436,835.0464263023414,65.00380466267092,53.05932219293042
2025-09-21 05:45:00,7.255812311296583,60.854088452669885,66.35714285714286,27.179499055413178,59.489580091292474,833.1868647248031,65.36768688164429,52.75394744887263
2025-09-21 06:00:00,6.859697596637064,60.74514852648552,66.35714285714286,27.232797905210468,59.59921230821722,844.8597812144358,65.80905180402404,52.54643229504924
2025-09-21 06:15:00,7.103159029577702,60.71932590602616,66.35714285714286,27.278856288595524,59.284792720893144,848.4105648566463,65.14164081502527,52.179607322297834
2025-09-21 06:30:00,7.4614051536230015,60.690232723549165,66.35714285714286,27.27706778424706,59.131501303124374,848.7823414174248,64.6360570574613,52.02468912484859
2025-09-21 06:45:00,7.4517610908933705,60.69893247768296,66.35714285714286,27.2526026615296,59.19232191528206,846.751403187521,65.30585558588878,52.10703388809512
2025-09-21 07:00:00,7.023561302164755,60.761981936691406,66.35714285714286,27.25141355092753,59.166429262367274,843.2255702775952,64.9419593489996,52.43368984693967
2025-09-21 07:15:00,6.273603536825637,60.72382523226414,66.35714285714286,27.27512998945833,59.248617223709445,844.0098463430463,65.093877545667,52.4327843959134
2025-09-21 07:30:00,5.77189205129068,60.661959766907,66.35714285714286,27.318608060059073,59.33621390151304,851.4208060399762,65.00710016189286,52.67825013254204
2025-09-21 07:45:00,5.5094726963332645,60.60411708103836,66.35714285714286,27.349943344504855,59.41644356013831,851.9597263631964,65.53740312144015,52.602202857180586
2025-09-21 08:00:00,5.525480554085245,60.59057597417001,66.35714285714286,27.40512253843819,61.870872362054804,852.9007345575691,65.18972476174893,52.80633453625043
2025-09-21 08:15:00,5.3393000879577155,60.47708563265159,66.35714285714286,27.498323331567374,61.95513281575074,853.1146260972381,64.57309382507229,52.72466908854406
2025-09-21 08:30:00,4.934727094961703,60.307045127312755,66.35714285714286,27.48208170977983,62.18122718367428,855.6334585078794,65.21888496972457,52.68978592101476
2025-09-21 08:45:00,4.5007069867819105,60.18037524016073,66.35714285714286,27.456818777778917,62.223167286576256,852.2839726812853,65.44862524141783,53.112762293960174
2025-09-21 09:00:00,4.140560864959106,60.07880547830155,66.35714285714286,27.471351493379515,62.00029095458462,847.8223125631342,65.56551546591622,52.81434544806739
2025-09-21 09:15:00,3.936463893496598,60.00158373683772,66.35714285714286,27.48389033005971,62.006446747182984,850.5407592275631,64.93920552846411,53.03148462528631
2025-09-21 09:30:00,4.117891418245037,59.924372965758074,66.35714285714286,27.502966542263643,61.86427061577045,850.6883974906569,66.09316450780626,52.887476786253636
2025-09-21 09:45:00,4.409916045372304,59.836358393795635,66.35714285714286,27.507158235362112,62.19163600243225,845.7399847124854,64.55067636156285,53.3742135626151
2025-09-21 10:00:00,4.532866987834972,59.79955001444803,66.35714285714286,27.45651266372815,62.1970554819579,838.1193092425266,65.90329774904693,53.13557129250939
2025-09-21 10:15:00,4.1338304775389005,59.70132449537425,66.35714285714286,27.468487272075468,62.397284471588435,842.4501233306647,66.3044773634376,53.168747858007606
2025-09-21 10:30:00,4.028766386103037,59.64803315832131,66.35714285714286,27.394683890791764,62.54617642599726,846.4115273103738,65.84189404228627,53.22049614634624
2025-09-21 10:45:00,4.538257369355314,59.60285283998091,66.35714285714286,27.458142910547597,62.66871672033769,852.5766477700158,65.38367242313674,53.14297986126962
2025-09-21 11:00:00,5.094223829903542,59.64776407601367,66.35714285714286,27.45621359825532,62.503863567648274,849.8349186779083,65.77879067456236,53.04962925126865
2025-09-21 11:15:00,5.524012694243542,59.64888998437814,66.35714285714286,27.461083212823617,62.750585030664595,845.0783894917918,66.34598200562688,52.82371275356846
2025-09-21 11:30:00,5.281696949340981,59.711555571363846,66.35714285714286,27.494627622286053,62.94816254090459,842.0832832511966,65.68982488853442,52.877608734297475
2025-09-21 11:45:00,4.8151236180370995,59.621765311662806,66.35714285714286,27.513781083513315,62.81371753667306,838.5403705018373,66.31138699065289,52.71242561407543
2025-09-21 12:00:00,4.516655359211878,59.62102432791663,66.35714285714286,27.516317584740065,63.023920811733774,838.6372275526386,67.08634871884298,52.637898577393855
2025-09-21 12:15:00,4.610962441726304,59.62439834463875,66.35714285714286,27.51104699912789,60.518487312830096,847.080589767302,66.97927660592717,52.440169922925584
2025-09-21 12:30:00,4.947956128623946,59.7128493549258,66.35714285714286,27.541455812125875,60.3585997131477,839.8594312167718,66.6484875599137,52.926453498141036
2025-09-21 12:45:00,4.928872512822883,59.7344402845123,66.35714285714286,27.539727829654698,60.642842981578006,842.6205157817966,65.66572076350502,53.04638303122479
2025-09-21 13:00:00,4.912679058081718,59.79182718559207,66.35714285714286,27.580637557238084,60.898003967549506,841.5742643102828,66.3570593625528,53.30016916846784
2025-09-21 13:15:00,4.436998500353669,59.89084101431041,66.35714285714286,27.61251546788146,60.76256663839448,848.3944158289288,66.06449928799387,53.45723663667992
2025-09-21 13:30:00,3.7916527951651657,59.96733371421729,66.35714285714286,27.641798070180798,60.82058830328588,832.3178705350798,66.07540669271707,53.66391148195915
2025-09-21 13:45:00,3.6794109830175943,59.99779142871379,66.35714285714286,27.61809777787064,60.54697585812945,840.7451532525296,66.45610421687006,53.97342123881118
2025-09-21 14:00:00,3.459302238083984,59.97697741738785,66.35714285714286,27.631310003480912,60.60074188958596,839.3732743183004,66.80125866167585,54.07141102879012
2025-09-21 14:15:00,3.406644043690349,60.07724440918555,66.35714285714286,27.68384810781691,60.62884514251939,844.5334489226341,67.1787468081289,54.00863597585769
2025-09-21 14:30:00,3.3189654081225344,60.125095884698304,66.35714285714286,27.712593306815883,60.77673462666506,844.3955781457503,66.55475303097938,54.22134135846543
2025-09-21 14:45:00,2.9151633708060043,60.16438158561655,66.35714285714286,27.703926376991976,60.80212645966382,844.2579431151595,66.58295549111214,54.26415902460838
2025-09-21 15:00:00,2.448326845818899,60.09959584739454,66.35714285714286,27.717530458309238,60.871015192242886,842.9972432463727,66.97646962389922,54.13654186960185
2025-09-21 15:15:00,2.87615658144987,60.0216871188112,66.35714285714286,27.68101098038139,60.80313949324194,840.8065237093759,65.79587121418483,54.25792331650074
2025-09-21 15:30:00,3.208383567904801,59.90853823548196,66.35714285714286,27.6755802872808,60.65144528515377,840.6468051332524,66.66665286874088,54.408949159182356
2025-09-21 15:45:00,3.665512897975114,60.009125557445365,66.35714285714286,27.65255745231917,60.92325113923944,842.4559197369723,67.48044665829254,54.17836465350836
2025-09-21 16:00:00,4.040220853217227,60.15355756947736,66.35714285714286,27.63076474658013,60.751403466105565,837.5962550523473,67.28533946475804,54.53904826152872
2025-09-21 16:15:00,4.0679306773563155,60.18049196976629,66.35714285714286,27.647808400961857,60.77902387477232,842.5351350497156,66.74838604850763,54.82075782460364
2025-09-21 16:30:00,3.9483493083832037,60.14621238692993,66.35714285714286,27.62378943704454,60.58586147267295,835.3682768086286,66.60884533105964,54.745876275916096
2025-09-21 16:45:00,4.210247464532429,60.26365344208865,66.35714285714286,27.625264093116723,63.25392059839851,838.7293887782367,66.76872098478232,55.0743163551716
2025-09-21 17:00:00,4.555043936717433,60.11648048826407,66.35714285714286,27.63595936787232,62.98263913936641,837.3277299113118,66.3644291901814,54.98305403685373
2025-09-21 17:15:00,5.225623355462227,60.06512562581698,66.35714285714286,27.639805913440167,63.28703059193212,833.3187185863275,66.0367865806156,55.06596244141175
2025-09-21 17:30:00,5.330300842419748,59.889747835724364,66.35714285714286,27.685062324617114,63.253572712949946,841.7491947200762,67.24049522487572,54.61045131599303
2025-09-21 17:45:00,5.270313210403675,59.85850374092538,66.35714285714286,27.65780130256359,63.49192640700682,837.8979337067768,66.69823552092431,54.406557300837605
2025-09-21 18:00:00,5.551622940801918,59.81844080121649,66.35714285714286,27.640979404613915,63.332810803690215,837.078275882023,66.96682763168663,54.295195197209694
2025-09-21 18:15:00,5.848496672364649,59.777361753017374,66.35714285714286,27.609904835371225,63.372562163369594,835.9965147174182,66.63390799065266,54.26249226388826
2025-09-21 18:30:00,5.886685570928657,59.7988318238021,66.35714285714286,27.667573605018678,63.483409534315165,839.0327607333943,66.49266749913875,54.649680775369966
2025-09-21 18:45:00,6.265886456952741,59.87247212830345,66.35714285714286,27.606741603596745,63.62729230769739,838.8983558821352,66.99405714605378,54.853376708333826
2025-09-21 19:00:00,6.264596916431713,59.98344630289673,66.35714285714286,27.57027566236896,63.85604613137679,844.5901922778145,67.88682759031627,54.84850655811814
2025-09-21 19:15:00,5.775454289147171,60.00984532244387,66.35714285714286,27.56368626625854,63.85490817557528,843.9938338222373,66.787788060312,54.79642966328977
2025-09-21 19:30:00,5.531804931037391,59.90792446309664,66.35714285714286,27.58301143367508,63.919093605636455,849.6427260449487,66.51353626860563,54.760385386741156
2025-09-21 19:45:00,5.459676575506944,59.89287262451395,66.35714285714286,27.552281300651224,63.9499117482236,849.5332477425486,66.16099372926271,54.716231235700484
2025-09-21 20:00:00,5.59978244457603,60.004089281696324,66.35714285714286,27.63042541373062,63.661506813231036,841.4001514606302,67.05279195474408,54.35901728255744
2025-09-21 20:15:00,5.850475633224145,59.97962977480296,66.35714285714286,27.632496066608585,63.708076526147416,837.4414175320113,65.59892922951366,54.601555832579734
2025-09-21 20:30:00,5.707132892960719,60.12806500069098,66.35714285714286,27.58053441301248,63.49127098835059,835.5062120328305,66.43724658159455,54.31847430638882
2025-09-21 20:45:00,5.0875475181483765,60.24798282725634,66.35714285714286,27.56554773985234,63.760081740842004,835.5330283519019,66.98810723814333,54.17272776644668
2025-09-21 21:00:00,5.104306955528394,60.212807629411046,66.35714285714286,27.54405456090568,61.2976340856562,841.661137712455,65.96696042005546,53.98823615354006
2025-09-21 21:15:00,5.171074978675145,60.26007757221019,66.35714285714286,27.487482659966037,61.087638455719755,834.196393411752,66.91727125811636,53.59023278191422
2025-09-21 21:30:00,5.667954484703295,60.19446798032189,66.35714285714286,27.478691497529933,61.01828187270665,833.6868872012687,66.88160945271257,53.57714725122737
2025-09-21 21:45:00,5.816075182379271,60.19487855148472,66.35714285714286,27.526497113815466,61.371252097221785,845.1181402625912,66.01724393683435,53.61868724987936
2025-09-21 22:00:00,5.837477137571844,60.11245919593838,66.35714285714286,27.470594694980655,61.29859153499978,841.9209110122331,66.03709672060825,53.59558398463188
2025-09-21 22:15:00,5.814237489280866,60.10526511058256,66.35714285714286,27.460705691205717,61.1134157807349,844.4757095106446,65.56042806685308,53.49346969670935
2025-09-21 22:30:00,6.0085827867620125,60.1463472869468,66.35714285714286,27.440209125033704,61.1920635816805,845.1041867214971,65.88008033440732,53.318612445222286
2025-09-21 22:45:00,6.235372491453858,60.19117490080029,66.35714285714286,27.419647732842744,60.798630959777284,845.9062520086244,66.2648766437587,53.28938554423895
2025-09-21 23:00:00,7.031305475425523,60.232896029345866,66.35714285714286,27.440525418879304,60.95836538126622,845.0381724342683,66.43129778580031,53.28248826455856
2025-09-21 23:15:00,7.45912488201547,60.19976235716212,66.35714285714286,27.343276756852994,60.79787970820079,842.1489318109215,66.7094038084165,52.932917696807905
2025-09-21 23:30:00,7.943969220711689,60.11352042440576,66.35714285714286,27.344178745700532,60.9730660114796,834.3788355336974,66.01676218419722,52.921643472418246
2025-09-21 23:45:00,8.104071756171916,60.12276502470817,66.35714285714286,27.382903039046727,61.07378076380961,841.3711293200442,66.02199538691347,53.15555486415576
2025-09-22 00:00:00,8.13687299761178,60.13044992885116,66.35714285714286,27.45298617237173,60.94001071078484,846.2312050937359,66.96722143573429,52.86394325427644
2025-09-22 00:15:00,8.245551438746043,60.077735026317896,66.35714285714286,27.45207277455325,60.74668549969368,845.2823133535559,65.37623768697665,52.668197468400095
2025-09-22 00:30:00,8.40889751164514,60.011718604419016,66.35714285714286,27.47519158224602,61.03397834689904,839.2868921341283,65.16469353108248,52.74955632444752
2025-09-22 00:45:00,8.763440187876615,60.01518793836736,66.35714285714286,27.488687696212565,61.23533034261078,839.3780245113193,65.5551071940785,52.50384989271609
2025-09-22 01:00:00,8.35192789467323,60.06430048229751,66.35714285714286,27.50456076770274,60.84806695600718,842.4922395767642,65.98578366139225,52.28074758994942
2025-09-22 01:15:00,7.945611741701512,60.01242798817434,66.35714285714286,27.564562256743447,60.615328397143834,843.1469951358013,65.2422464136749,52.20720854303035
2025-09-22 01:30:00,7.453250469925246,60.06923516868938,66.35714285714286,27.507767599131007,63.097072771398004,842.0459837571095,65.40961404601565,52.0767125968322
2025-09-22 01:45:00,7.384087594344667,60.04860581383616,66.35714285714286,27.45692338134382,62.955140240479956,836.1509510898336,65.66347777244569,52.0193704891537
2025-09-22 02:00:00,7.423026028517766,59.88381597749339,66.35714285714286,27.48607157837428,63.108626472859136,837.2830778082367,65.10207092280582,51.85586209220892
2025-09-22 02:15:00,7.280535232346389,59.79508432308358,66.35714285714286,27.439020229518686,63.07767876605508,838.2148816650814,65.4564679973221,51.9496029634297
2025-09-22 02:30:00,7.19839090755625,59.77589956171205,66.35714285714286,27.414257560318,62.75391395171502,832.3901424406434,65.55219868154924,52.15298012923901
2025-09-22 02:45:00,6.742206209149668,59.80054589343831,66.35714285714286,27.40593827520615,62.76507331185962,833.7541875365828,65.94517679871541,52.17492625339192
2025-09-22 03:00:00,6.417794331838168,59.82053940240461,66.35714285714286,27.391589561606164,62.70626614130236,832.2721412150647,65.43472034194697,52.056238833964294
2025-09-22 03:15:00,6.1814292968961,59.76688290587134,66.35714285714286,27.36792384543427,62.65987794234936,833.6711923171667,64.81127659109652,52.05995020275121
2025-09-22 03:30:00,6.545501702950415,59.741217413529185,66.35714285714286,27.316465984110355,62.26688187769005,835.9030554685456,64.69379028892776,51.98510820208845
2025-09-22 03:45:00,6.702823090617132,59.71064592062072,66.35714285714286,27.319118016940752,62.23314708885176,836.8494875005883,65.30909794420735,52.413959207557966
2025-09-22 04:00:00,6.618684440791449,59.758246802000954,66.35714285714286,27.29497100380889,62.11740611017647,838.2213722246848,65.46331467306219,52.52409060536071
2025-09-22 04:15:00,6.449066812079551,59.7329126557295,66.35714285714286,27.326009653132118,62.25565066652839,838.1627552434189,65.72816243946912,52.835799964052335
2025-09-22 04:30:00,6.452882775512976,59.72932999603931,66.35714285714286,27.318577085871382,62.407431768892486,830.4666996455404,65.55348196701357,53.06467894505411
2025-09-22 04:45:00,6.859751794445028,59.61166565089546,66.35714285714286,27.332454445289443,62.24340228103783,840.7999386388584,65.14869794788352,52.84782493382857
2025-09-22 05:00:00,7.735059123226702,59.602226157037414,66.35714285714286,27.323081458852894,62.16103152818574,839.0665230347287,64.7915314628141,52.889373177987785
2025-09-22 05:15:00,8.143854346774607,59.49622583807127,66.35714285714286,27.382086181002325,61.82997472579594,832.0746026557242,65.76200459108243,52.86618499670724
2025-09-22 05:30:00,8.292337300765027,59.37191541797479,66.35714285714286,27.465294478742504,61.95433157584517,834.0848335403014,65.60240203408355,52.6599022938079
2025-09-22 05:45:00,7.918764989053472,59.21232691104609,66.35714285714286,27.462938739230133,62.04646900530669,833.3883600255856,64.83918380257715,52.61335647663531
2025-09-22 06:00:00,7.490845522564253,59.231783159774416,66.35714285714286,27.470551356179797,59.228333483329415,830.4842349608906,63.71701727547959,52.530385350640145
2025-09-22 06:15:00,7.468969364865102,59.255424399201374,66.35714285714286,27.44554680108285,59.07242238609434,835.1027765329823,64.4094134561426,52.60920993974376
2025-09-22 06:30:00,7.732347787921222,59.30803791559066,66.35714285714286,27.43857701286759,59.35002904075382,841.4943490480438,65.218036682128,52.73891104119692
2025-09-22 06:45:00,7.792072062692185,59.3684960571142,66.35714285714286,27.417334497142356,59.44066153687528,838.8570082312353,64.25179895470166,52.90915728874575
2025-09-22 07:00:00,7.5558968391554995,59.34357863416123,66.35714285714286,27.475167641146136,59.44564971033917,837.1354139497967,64.98639944440356,52.740694662367595
2025-09-22 07:15:00,6.862431042786381,59.23208131619723,66.35714285714286,27.489101949895073,59.49008714978037,835.0780806706639,64.56768756635596,52.542226990338214
2025-09-22 07:30:00,6.025033758665899,59.232617821534234,66.35714285714286,27.457178956913065,59.7488906518569,834.3629657055484,64.74808372233564,52.62517424605884
2025-09-22 07:45:00,5.67551975912721,59.17924834413585,66.35714285714286,27.51924206494848,59.55954756742873,832.7587298754838,65.35651971928529,52.751697401437724
2025-09-22 08:00:00,5.154468948747864,59.114832444144014,66.35714285714286,27.528568265813696,59.758259929448606,837.2468301863208,65.01000141228798,52.89160580716388
2025-09-22 08:15:00,5.104731745832793,59.23109260630188,66.35714285714286,27.498289272175256,59.60417087110123,837.7751318129892,65.16457486560066,52.859799234847024
2025-09-22 08:30:00,4.465470249095107,59.25882780796406,66.35714285714286,27.477547715595055,59.75454150315435,843.5749365621109,65.81002422380382,53.01231256412614
2025-09-22 08:45:00,3.7978504401777866,59.06816417461203,66.35714285714286,27.510328819796996,59.85319842477374,846.068103611157,64.90556437261921,53.002724889132196
2025-09-22 09:00:00,3.6557503892634977,59.003054307221774,66.35714285714286,27.501778159211092,59.8085891805862,849.0788030135337,65.58681378878748,53.27660661413685
2025-09-22 09:15:00,3.5760919667940154,58.944514559443576,66.35714285714286,27.562800670491768,60.00512508473284,849.3327155017118,65.71808772447895,52.72040339288607
2025-09-22 09:30:00,3.9160356199105277,58.99723412683138,66.35714285714286,27.549066213301053,60.127372310156304,841.0603465637332,64.55480661716774,52.70510043771436
2025-09-22 09:45:00,4.244355078172166,59.0234391983873,66.35714285714286,27.59927938711908,60.36373154670031,845.0636527401099,64.57187241509212,52.89832623823605
2025-09-22 10:00:00,4.197491923260685,58.95608594618628,66.35714285714286,27.633899257927823,60.312941213897616,848.6715235912473,65.53427908168642,52.67289787367408
2025-09-22 10:15:00,4.193938708915147,58.93300399375856,66.35714285714286,27.64431690310831,62.620772152047245,845.2860669407164,65.212692364042,53.41621234754309
2025-09-22 10:30:00,4.031636032982806,58.95494023176857,66.35714285714286,27.69049699763038,62.456815029139825,846.5485575342097,64.99223039377064,53.241584579291334
2025-09-22 10:45:00,4.143466175790438,58.84076714168701,66.35714285714286,27.616701358032028,62.50147078310521,844.3732825850358,65.72144275746278,53.831908210024594
2025-09-22 11:00:00,4.960809177364403,58.93490640576449,66.35714285714286,27.655205081103627,62.362733500242236,848.3059756871105,65.66676561925014,53.83933382967155
2025-09-22 11:15:00,5.158376930926952,59.02834650392251,66.35714285714286,27.635568397126985,62.34148738078954,848.6929556122809,65.2316247512168,53.70831644036646
2025-09-22 11:30:00,4.938253913091047,59.01965838680102,66.35714285714286,27.67390276906713,62.569005085447465,843.3910620697378,67.02279426113913,53.52195603182483
2025-09-22 11:45:00,5.000450146594618,59.07899746518794,66.35714285714286,27.646951297331054,62.55586188272149,844.0789503845676,66.0337121805754,53.87260146510597
2025-09-22 12:00:00,4.737038002584591,59.16796000218958,66.35714285714286,27.650595741766615,62.41727127228951,843.6872079366364,65.98480849480075,53.824894819766286
2025-09-22 12:15:00,4.802866835159359,59.14811494902793,66.35714285714286,27.652101567358375,62.59569502715462,844.968593578367,66.6338451849746,53.96534308400461
2025-09-22 12:30:00,4.95183643010496,59.17509452657046,66.35714285714286,27.637523660468837,62.75794512014354,842.8713951138839,66.04288404501064,53.78174139019073
2025-09-22 12:45:00,5.084474341797893,59.22701509118837,66.35714285714286,27.62195714858442,62.78904033237946,838.5134270175217,66.18388947916557,54.05517853457029
2025-09-22 13:00:00,4.983843501684908,59.16830223097067,66.35714285714286,27.678173351121075,62.935493656235934,836.0117006468541,66.56677187480884,54.11553263823092
2025-09-22 13:15:00,4.460916089352757,59.12023153212374,66.35714285714286,27.692534284850236,62.78584669711851,837.0952382535027,66.88796438497472,54.27186755928471
2025-09-22 13:30:00,3.827736659041491,59.0671283343173,66.35714285714286,27.62982997970584,62.89562506995295,831.3847327553182,67.24378744802547,54.31084771056703
2025-09-22 13:45:00,3.545176573767478,59.137480339630514,66.35714285714286,27.641801907072306,63.13746214083403,837.4878420744142,66.39299301324783,54.38579123599725
2025-09-22 14:00:00,3.2577815384808644,59.20443077266129,66.35714285714286,27.611847444129275,62.82419512080402,836.5035624154341,66.91737051391452,54.10348837015102
2025-09-22 14:15:00,3.528105418493725,59.18353350723976,66.35714285714286,27.621428475971353,62.853945559241325,844.19377891792,66.35222269390401,54.47805880507505
2025-09-22 14:30:00,3.376010240091048,59.11749912917915,66.35714285714286,27.67579770499587,63.12058877064506,845.2640282560699,66.38160118542558,55.0272710847287
2025-09-22 14:45:00,2.8556482596439126,59.12635579627706,66.35714285714286,27.666766943964618,60.7604394438333,841.5683027453489,67.15416375342521,54.68137519594888
2025-09-22 15:00:00,2.551294796207369,59.16557319616113,66.35714285714286,27.65691399180482,60.69742808425868,830.8944394765606,66.0356169246954,54.490272901581626
2025-09-22 15:15:00,2.568072452659947,59.26724222069723,66.35714285714286,27.618758403575136,60.66316228352272,835.5673684548211,67.32916688813535,54.337521881522555
2025-09-22 15:30:00,3.2574057309487636,59.150958337620835,66.35714285714286,27.60800999623044,60.90349026329881,832.0368154768199,66.44180673007342,54.528693468143295
2025-09-22 15:45:00,3.5733033088617367,59.16673920505857,66.35714285714286,27.589903992587004,61.215790706934136,839.3363750550914,66.3057409446079,54.21629096309315
2025-09-22 16:00:00,3.7104458805642064,59.09015744544551,66.35714285714286,27.585229199800573,61.16310921732821,843.5837495728163,66.28936596032719,54.02208067838599
2025-09-22 16:15:00,3.948224108009657,59.165198600968694,66.35714285714286,27.649343504185826,61.09874257041492,838.0654730979084,65.94384045511043,53.65670663653193
2025-09-22 16:30:00,3.661083085269921,59.123003723701025,66.35714285714286,27.67248237094954,61.25357356968501,838.9864106666244,66.56459396129753,53.82649467907326
2025-09-22 16:45:00,4.166813547689738,59.19499312732516,66.35714285714286,27.652863721399537,60.88452236745053,839.7508709961141,66.78886517318642,53.66448586765889
2025-09-22 17:00:00,4.5777560567985285,59.23857425381704,66.35714285714286,27.676451668497272,60.96383732353427,836.3563201985156,65.90408287874259,53.45723266107171
2025-09-22 17:15:00,5.103753606482071,59.31287789840174,66.35714285714286,27.63988747235577,60.9475074088243,835.5888820388155,66.50404004559515,53.28744682797134
2025-09-22 17:30:00,5.612908834928409,59.33937330552701,66.35714285714286,27.59875751379078,60.9291119087117,832.3817215244817,66.96667059503625,53.33289735817347
2025-09-22 17:45:00,5.521330222207129,59.39228807015314,66.35714285714286,27.62638319373352,60.84383473052994,840.1065739151805,66.96092533030784,53.4824017943385
2025-09-22 18:00:00,5.508039911566803,59.38135523574876,66.35714285714286,27.62149974235572,60.974900478898576,837.4432306108625,67.06165374496284,53.67903665629106
2025-09-22 18:15:00,5.830153597192712,59.389508942338544,66.35714285714286,27.60476533992554,60.86063367440672,844.5907794872643,66.3903548160457,53.63338220949764
2025-09-22 18:30:00,6.154930200832753,59.245917219718855,66.35714285714286,27.655081602114656,61.02685573412875,842.5771041168969,66.81427124810028,53.48804674807821
2025-09-22 18:45:00,6.169526784623457,59.31279767165645,66.35714285714286,27.600236070997745,61.257046648734566,845.9375756696979,66.01096573497927,53.721208200314365
2025-09-22 19:00:00,6.199589770112967,59.479005445785646,66.35714285714286,27.69199372811458,61.27941960915125,843.6922674552864,67.34546970213339,53.50513938284427
2025-09-22 19:15:00,5.736719003629708,59.51737788821958,66.35714285714286,27.69831775209794,63.90466702128676,849.5866299591061,66.04507097014465,53.82202034719297
2025-09-22 19:30:00,5.310334823065191,59.62188105722344,66.35714285714286,27.72818640220789,63.688648959740355,853.4585641054766,66.97146961844189,53.83441460141876
2025-09-22 19:45:00,4.989584614084159,59.80415110347145,66.35714285714286,27.699559673027704,63.602141880232516,846.4364721387392,65.92410205754187,53.529742083148385
2025-09-22 20:00:00,5.367991439629766,59.83798201700681,66.35714285714286,27.699409160271443,63.83432966260649,849.6288104062711,66.53894437361099,53.735698712156434
2025-09-22 20:15:00,5.624492517545456,59.73123960209281,66.35714285714286,27.71647581843478,63.53515108071363,836.2349766714933,66.26459079469,53.889173384065856
2025-09-22 20:30:00,5.617343753816421,59.773535535202925,66.35714285714286,27.74627516299204,63.85635833170976,844.8676878326047,67.00592587670727,54.16822214171458
2025-09-22 20:45:00,5.530998974451107,59.79052228959032,66.35714285714286,27.739621498696152,63.93880696164622,846.3946928931186,66.2080078585227,53.814057656363325
2025-09-22 21:00:00,5.191389376676791,58.5983808354637,66.35714285714286,28.252908153989974,63.91682722628705,870.6652785927273,66.24000827990609,53.64268372626447
2025-09-22 21:15:00,5.314421885507843,58.59961494790387,66.35714285714286,28.27059785864945,64.16574038600216,869.0205717176814,65.97418021681582,53.858964192569914
2025-09-22 21:30:00,5.690262490177492,58.667780749962255,66.35714285714286,28.28361177930761,64.42672339023652,864.0734506587072,65.75977357243826,53.68354694353189
2025-09-22 21:45:00,6.394086193184875,58.639538173854284,66.35714285714286,28.314432846471377,64.10185203661827,864.8164830161949,66.52649566212592,53.61417063430188
2025-09-22 22:00:00,6.649008476130101,58.61966703142298,66.35714285714286,28.29434214940141,64.17657879525022,865.6780785062058,66.16468381027194,53.79067521530697
2025-09-22 22:15:00,6.348192082797907,58.606189473935586,66.35714285714286,28.22232632569047,63.78182680993475,869.3590304543392,65.67538399637638,53.40093069871168
2025-09-22 22:30:00,6.538422252582994,58.64323025150348,66.35714285714286,28.264829411036107,63.6531611804504,865.1093492925091,65.78749344777218,53.54000472495623
2025-09-22 22:45:00,6.918377974045008,58.648658151647304,66.35714285714286,28.25800508793244,63.75913290492491,860.3225547875938,66.31211050270753,53.77028601721517
2025-09-22 23:00:00,7.337202706171358,58.529484041806796,66.35714285714286,28.293503623399456,63.69873951220581,854.7044370917107,65.73379064292301,53.45171985890728
2025-09-22 23:15:00,8.136083624643328,58.52771650917821,66.35714285714286,28.28719354844046,63.37637452516959,844.2837295474624,65.98752047952377,53.54280274795878
2025-09-22 23:30:00,8.080745581489852,58.45052908402518,66.35714285714286,28.30163930049123,60.96216167793652,834.7797298662354,65.70219660620859,53.211006584965205
2025-09-22 23:45:00,8.250798395520452,58.39406685578243,66.35714285714286,28.26307471535827,60.89982979500071,832.5956602037442,65.57975174273027,53.35976086039461
2025-09-23 00:00:00,8.279447346730926,58.40398683226312,66.35714285714286,28.178634787178623,60.816841900461384,840.5281159293788,65.53581023659083,53.49325805319443
2025-09-23 00:15:00,8.28537855671854,58.27921766672221,66.35714285714286,28.16739731740914,60.62391941797762,848.2957716743573,65.77641331509118,53.77652013087775
2025-09-23 00:30:00,8.687540230348805,58.167226099425356,66.35714285714286,28.18619895342996,60.7312699220248,856.7695146243445,66.40338717480837,54.10187862902947
2025-09-23 00:45:00,8.781586841746817,58.29633784112894,66.35714285714286,28.164582259348272,60.973118254950876,857.42057330808,64.64335954194672,54.05059274174348
2025-09-23 01:00:00,8.765093785491423,58.29152331285337,66.35714285714286,28.112776659075323,60.96301794584517,868.6849999802293,65.63146421208818,54.26574122089666
2025-09-23 01:15:00,8.616982042776025,58.36479264116466,66.35714285714286,28.101762704312293,60.88493270991452,875.7586178938697,65.38824752011742,53.96738572681476
2025-09-23 01:30:00,8.026092543366092,58.28822046546729,66.35714285714286,28.12545849752881,60.79332809034066,871.3803588123851,64.76177637669169,53.68605812519559
2025-09-23 01:45:00,7.697276429155527,58.16079961112843,66.35714285714286,28.15711372844174,60.66001598844172,870.0542439476352,64.81065094297628,53.61430974550652
2025-09-23 02:00:00,7.8023424056573445,58.22762302864117,66.35714285714286,28.158173150710983,60.53199610143593,870.7222550227787,64.82792483420634,53.48620182744742
2025-09-23 02:15:00,7.564270712177924,58.18654086599257,66.35714285714286,28.140483397980883,60.33574797824912,869.7651869136442,65.01268487485308,53.69607510386789
2025-09-23 02:30:00,7.3601159770796265,58.11372606558019,66.35714285714286,28.15709328476533,60.47964109980895,866.3384571960443,65.37766617165677,53.49339757366047
2025-09-23 02:45:00,6.823075772187289,58.0565768819916,66.35714285714286,28.17068160922819,60.67557317055241,863.7754263038539,64.92775855749788,52.94127365731803
2025-09-23 03:00:00,6.372553028383431,57.97974004939995,66.35714285714286,28.1521119602302,60.57883069255356,864.156275891323,65.00080578763757,52.56632862728029
2025-09-23 03:15:00,6.447380849542952,57.940453779937314,66.35714285714286,28.161466795895638,60.474357026204366,868.0080367680331,65.00366632894836,52.77324172745352
2025-09-23 03:30:00,6.547159633479229,57.97192701291741,66.35714285714286,28.16498098181763,60.68559966962257,875.5748037499393,64.6608519903097,52.81882519405126
2025-09-23 03:45:00,6.79462059188777,57.926999170038364,66.35714285714286,28.12799710441153,60.35741547327571,871.9525830013425,64.38692075276477,52.53967411642536
2025-09-23 04:00:00,7.030549748490171,57.74708152640775,66.35714285714286,28.12686536680126,63.095054917888994,872.998312607553,63.851195981053905,52.78778552123678
2025-09-23 04:15:00,6.895566526708403,57.73831695695658,66.35714285714286,28.065485401539853,63.01245774543831,867.6260375184405,64.11822238208696,52.55769328595903
2025-09-23 04:30:00,6.881260069544761,57.601669974966704,66.35714285714286,28.015718060211373,62.930232615045234,867.9231191062222,64.91584324349961,52.46989067061163
2025-09-23 04:45:00,7.076911071241021,57.56991851180527,66.35714285714286,28.017919319571707,63.431771126335796,871.973894312779,65.17399746261138,52.788131202608106
2025-09-23 05:00:00,7.454620979484436,57.508242249919874,66.35714285714286,28.04724255357169,63.693211762352384,881.6814694634783,64.30407995193524,53.09529604938235
2025-09-23 05:15:00,7.85945482312067,57.55784735589971,66.35714285714286,27.991142742621026,63.38977518810942,877.6070219887464,63.79296226384468,52.69605748868329
2025-09-23 05:30:00,7.694526391540865,57.53444122453108,66.35714285714286,27.973873775008922,63.69380657647454,876.4705473065253,64.67553537218512,52.50208373051123
2025-09-23 05:45:00,7.409876035176743,57.48761413784193,66.35714285714286,27.95956286900656,63.78906532908256,870.4731971019764,64.27404991951265,52.6100464488189
2025-09-23 06:00:00,7.239348741057691,57.48603161447754,66.35714285714286,27.986801846366777,63.91651376375048,869.6968065426761,64.75213662288975,52.9747451911314
2025-09-23 06:15:00,7.236877851027612,57.50583255622358,66.35714285714286,28.00880272226928,63.79325039611853,866.85092094041,65.28111366530501,52.935064947579775
2025-09-23 06:30:00,7.72282614922572,57.45241164042394,66.35714285714286,27.998269548784517,63.951526737429184,870.2881483309588,64.84521486302626,52.799041931988235
2025-09-23 06:45:00,7.504168658325949,57.26279259820488,66.35714285714286,28.012119783781994,64.06423425482068,880.949532122286,64.95925444769146,52.77070943648369
2025-09-23 07:00:00,7.516801698507892,57.188582888507526,66.35714285714286,27.989868130869603,64.01216311900761,870.9810838267142,63.70061114862595,52.55832262259675
2025-09-23 07:15:00,6.79505921715046,57.21753214102406,66.35714285714286,28.01705685394492,63.90964719004189,878.5523783782096,64.85054470069718,52.40363028771393
2025-09-23 07:30:00,6.386140193395313,57.20814223540561,66.35714285714286,27.995734239925557,64.1281514334059,877.7355042709969,64.0326771383306,52.596013802276445
2025-09-23 07:45:00,6.053218313901603,57.3304471152462,66.35714285714286,28.017412161050377,64.31108680735514,874.7205039787096,65.66333046317703,52.77803953128879
2025-09-23 08:00:00,5.660232356832248,57.34564800271463,66.35714285714286,28.023284915645437,64.16784201894761,876.8393866075986,64.79218176562162,52.5192624140686
2025-09-23 08:15:00,5.6077127086338185,57.228877052285505,66.35714285714286,28.020766876214232,64.25355896028158,875.3473035394663,64.83937856324577,52.92420858676433
2025-09-23 08:30:00,5.361266731619753,57.36129780538858,66.35714285714286,27.988402592898254,61.8637930936621,875.7388864501264,65.50382593999156,52.63548474135396
2025-09-23 08:45:00,4.700306232419284,57.31881023922649,66.35714285714286,27.948228721591672,62.16832631035919,877.1841894900091,64.32730375363022,52.529762076418095
2025-09-23 09:00:00,4.59214658163163,57.24310588819012,66.35714285714286,27.98140611074859,61.92940208222746,876.4790143151981,65.01856690164189,52.89114297057188
2025-09-23 09:15:00,4.416462650762377,57.202124934883535,66.35714285714286,27.981089864351606,61.940132707632365,880.4033415012411,65.55737992897461,53.23119634207892
2025-09-23 09:30:00,4.596490869048237,57.269434806832955,66.35714285714286,27.9989416737116,62.101031718517945,888.2198978082947,64.88458712624902,53.109741817376715
2025-09-23 09:45:00,4.7809797947712065,57.2490062409241,66.35714285714286,27.971468572592933,62.493329984240674,890.9853099659737,64.60856750314899,52.73438250476535
2025-09-23 10:00:00,4.716249142427878,57.31037541571066,66.35714285714286,27.97782445866073,62.34662102183093,893.6215497982796,64.55040958025026,52.974158753349634
2025-09-23 10:15:00,4.715727309862284,57.2554885520957,66.35714285714286,28.021435558504542,62.24636419294523,892.2493365197851,64.67616282373999,52.901762140032666
2025-09-23 10:30:00,4.610775240863825,57.22599507365325,66.35714285714286,28.05355985189036,62.27243219692216,886.279257965567,64.77846231974296,52.83983424805232
2025-09-23 10:45:00,4.804895503055938,57.28747060170205,66.35714285714286,28.11325452008094,62.29652189765082,891.6972852614125,65.53866039036187,52.69075275280645
2025-09-23 11:00:00,4.811226124789962,57.25851639182149,66.35714285714286,28.103121225703042,62.278585091000046,890.7980164181231,65.04270812032946,52.325661754761136
2025-09-23 11:15:00,5.168386975850354,57.32024302699226,66.35714285714286,28.135452579816505,62.108243807465215,888.0515609316102,65.56085779877215,52.74320926465355
2025-09-23 11:30:00,5.212350657368147,57.35278711707889,66.35714285714286,28.11195100492867,61.999958477928416,891.1409410048516,65.01281445571006,52.9616251291134
2025-09-23 11:45:00,4.9290299082884195,57.50827517202753,66.35714285714286,28.096235437669723,61.58221878153751,890.0012424756387,64.81902834101686,52.932882128723016
2025-09-23 12:00:00,4.618035293748937,57.518704770722756,66.35714285714286,28.144339988484784,61.57623184043188,893.8324313542942,65.40960635907294,53.25584174500625
2025-09-23 12:15:00,4.549545641133421,57.587210020031165,66.35714285714286,28.12738294200065,61.73689391966145,896.9635960839523,65.44744695290757,53.375428852443754
2025-09-23 12:30:00,4.876312847953126,57.59565947073381,66.35714285714286,28.16863360529195,61.71500204372781,906.609163148147,65.64484959012955,53.34217641318257
2025-09-23 12:45:00,5.133959535228382,57.630471560500105,66.35714285714286,28.130911029792152,64.03169747827702,896.7536288984026,66.29688797378816,53.62543833295824
2025-09-23 13:00:00,4.928804174786043,57.62048087174003,66.35714285714286,28.157614602846998,64.14669490083473,903.7424427908122,65.63356560335241,53.414566490995256
2025-09-23 13:15:00,4.488460262187255,57.64429656922266,66.35714285714286,28.172715738446087,64.45927941895692,905.2149795275544,66.10936698470634,53.68176356238958
2025-09-23 13:30:00,3.4324963671579614,57.6829903456418,66.35714285714286,28.11376570629566,64.10161487730873,909.832044730439,66.37078869602371,53.787411326533736
2025-09-23 13:45:00,3.045254260295165,57.75975746170267,66.35714285714286,28.13201473548303,63.969878691007466,922.7325802028498,65.67580742508237,53.74639157504775
2025-09-23 14:00:00,3.6539428880540523,57.722786167865024,66.35714285714286,28.094943634309185,63.83789237562127,933.7868359665987,66.13778582364736,53.36556858694377
2025-09-23 14:15:00,3.588890970395545,57.78181486456866,66.35714285714286,28.094618183784867,63.96979910628957,939.0952525058971,66.32200159310106,53.39205679224714
2025-09-23 14:30:00,3.3715978987910145,57.578104811107615,66.35714285714286,28.147631335174918,64.10194467214355,941.7433848346866,66.77943848549067,53.228250147243834
2025-09-23 14:45:00,2.6088221152832105,57.59577334163432,66.35714285714286,28.158954631386468,64.29817107017253,932.5964176762261,67.91250958899491,53.33285250331899
2025-09-23 15:00:00,2.3191289616696174,57.61167924565897,66.35714285714286,28.14977292990627,64.30964314564777,922.8162374096835,66.11736383266395,53.74218117469586
2025-09-23 15:15:00,2.3990043850072236,57.61481428931735,66.35714285714286,28.145192488935947,64.13948656450522,915.3757984615837,65.94499098550321,53.986478633019274
2025-09-23 15:30:00,2.805486376031511,57.684843524347066,66.35714285714286,28.130184767030762,63.9899674715432,913.7430150998574,66.35169388174201,54.05455798692179
2025-09-23 15:45:00,3.136681264109143,57.74398908657988,66.35714285714286,28.120116229850936,64.32842527755923,908.0641321554963,66.76824924033248,54.35100780503535
2025-09-23 16:00:00,3.388442169544717,57.88857844508872,66.35714285714286,28.15681282582009,64.27149268705762,902.5632523343993,66.36826068416818,54.23386840352089
2025-09-23 16:15:00,3.5531941882077023,57.92336080740152,66.35714285714286,28.141544083118184,64.36811984642964,904.496671259878,65.89859560629921,54.053400613352494
2025-09-23 16:30:00,3.724929167928257,57.918181481021634,66.35714285714286,28.198100449279096,64.43678884406663,904.1970901608387,66.47424492415765,53.685766331385324
2025-09-23 16:45:00,4.247554138630963,57.928219486276745,66.35714285714286,28.22480144043388,64.30910085124512,905.3496952307723,66.9234491450718,53.71268188418955
2025-09-23 17:00:00,4.953260591384524,58.03198505421365,66.35714285714286,28.27437927335231,64.5549755706545,895.6761125088499,65.96897901108427,53.634616990980774
2025-09-23 17:15:00,5.365080071567606,58.03842483885349,66.35714285714286,28.25024740449786,61.92352697485889,890.7987644450868,66.2314663498793,53.19496348076094
2025-09-23 17:30:00,5.525716871779812,58.01156964846045,66.35714285714286,28.2570448908036,61.97543748334468,896.4801351524691,66.0359928317781,53.137576613892
2025-09-23 17:45:00,5.672023020764668,57.96040932390456,66.35714285714286,28.247148567450274,62.12185055651157,896.2935208331068,65.53330194689413,53.4642670470796
2025-09-23 18:00:00,5.717735786588093,58.129856421643495,66.35714285714286,28.252816308699543,62.30070331975079,888.0753695272007,66.88243947943259,53.434522437358424
2025-09-23 18:15:00,5.752438561184962,58.234886088087,66.35714285714286,28.17099810085068,62.09015145847905,896.7466134137849,66.44536450251496,53.7444256470404
2025-09-23 18:30:00,6.336226636246309,58.30821239289945,66.35714285714286,28.125210403123045,62.29663581797867,893.8670686287834,65.98475682040865,53.99782088701269
2025-09-23 18:45:00,6.4169788521769275,58.35242997078106,66.35714285714286,28.141562733482164,62.01447131418552,891.9733382832463,66.67113117963386,54.12684024194851
2025-09-23 19:00:00,6.3935606870324095,58.378025937956686,66.35714285714286,28.10418814691187,61.831821527471845,892.4170153463796,65.93664960599945,53.99401512457224
2025-09-23 19:15:00,5.8323748659962815,58.338624029075454,66.35714285714286,28.085672741866237,61.64959673033025,893.1624808699835,66.27489737093467,53.835244026545375
2025-09-23 19:30:00,5.020737535863186,58.27737154927148,66.35714285714286,28.05183097693856,61.88258819579925,893.4225384140902,66.66464727899083,53.765119808648095
2025-09-23 19:45:00,5.076038677409047,58.34144800253479,66.35714285714286,27.987084261452246,61.97167906860074,901.3284599308026,65.45299529432947,53.51448195926101
2025-09-23 20:00:00,5.341410846420032,58.320181663634074,66.35714285714286,28.000183305790443,61.92608967162954,902.4682065309073,65.98843147941129,53.56098296550283
2025-09-23 20:15:00,5.466806966254374,58.392085403750414,66.35714285714286,28.01055758141264,61.74576636053616,901.1004425945338,66.75879940002368,53.68388035529903
2025-09-23 20:30:00,5.268220694775922,58.330665538851534,66.35714285714286,27.96262436146648,61.6656562768001,912.1161813091398,66.22862174625128,53.51558048701253
2025-09-23 20:45:00,5.156588647745327,58.31106009746584,66.35714285714286,27.90833268854286,61.77816567994673,910.3769414874373,66.1931699098613,53.599243132187176
2025-09-23 21:00:00,4.820002907614487,58.33367678791658,66.35714285714286,27.901654464660144,61.41312317837497,906.5238591245333,65.93612833985776,53.202222676188214
2025-09-23 21:15:00,5.165579697485414,58.264158733703624,66.35714285714286,27.892427246537256,61.446455457318464,912.3925222239695,66.51060003647416,53.42858265368135
2025-09-23 21:30:00,5.855485810430707,58.315004461144504,66.35714285714286,27.877343384790336,64.30306120305467,910.1156270113422,66.69883300923223,53.781483629528864
2025-09-23 21:45:00,6.330558893199676,58.223792941401264,66.35714285714286,27.84641089243625,64.37326816112716,899.7449985493882,65.41585448308939,53.63071797374253
2025-09-23 22:00:00,6.262598193930058,58.089929828753,66.35714285714286,27.801913751068085,64.55623581641507,900.0092735833274,65.33653893975738,53.7845200629904
2025-09-23 22:15:00,6.234608252108116,58.13418345686094,66.35714285714286,27.814640803634582,64.6022554008675,901.5385148054648,65.72168323490749,53.88545453281377
2025-09-23 22:30:00,6.2353171348627106,58.03992389433921,66.35714285714286,27.837385372421345,64.75479861216546,910.3454616661717,64.6774611137416,53.725828150685516
2025-09-23 22:45:00,6.827378541164037,58.160176520909665,66.35714285714286,27.842774644087488,64.65202057589364,910.9107894490197,65.35557730165647,53.67561432422284
2025-09-23 23:00:00,7.66685983116979,58.05256101068206,66.35714285714286,27.819880597519802,64.28342640558522,918.3163541025327,65.34544599044182,54.073982821308576
2025-09-23 23:15:00,7.865127942374139,58.04772059262587,66.35714285714286,27.79868780658987,64.21946613926656,916.1409435112313,65.63727668773633,54.414909469973935
2025-09-23 23:30:00,8.000006512752416,57.931375055543924,66.35714285714286,27.753998215851045,64.0412538316627,917.781981210577,65.8131970644469,54.55390301045376
2025-09-23 23:45:00,8.14320021257451,57.8572089637537,66.35714285714286,27.760227958293598,64.11722893094256,912.9243183501501,65.39229031047938,54.664088502313625
2025-09-24 00:00:00,8.224721672925646,57.94265551368476,66.35714285714286,27.7631210360477,63.97564316766254,913.8232146385125,64.79430816073126,54.67612288963862
2025-09-24 00:15:00,8.134614386693405,57.94451150712355,66.35714285714286,27.78222560487743,63.989029028445174,916.729010006483,65.36917813464662,54.99206200517041
2025-09-24 00:30:00,8.752160019870008,57.69011305343055,66.35714285714286,27.793814449275057,63.7858504764935,920.6308904386299,65.57901266002779,55.18219053562018
2025-09-24 00:45:00,8.998441049252092,57.49687666302983,66.35714285714286,27.84580768618449,63.56454326016028,911.4309553823822,64.23395614721406,54.566351074901455
2025-09-24 01:00:00,8.90729774516522,57.57623599665046,66.35714285714286,27.840524154290133,63.343315294259284,906.1557077299665,64.64846450189651,54.788972007328596
2025-09-24 01:15:00,8.384097242347778,57.53155967546721,66.35714285714286,27.867331437546433,63.2625215220876,906.3740221951091,64.25640668846711,54.949585607942566
2025-09-24 01:30:00,7.900167915424195,57.44769438811782,66.35714285714286,27.88884525586896,63.49095234930041,907.3557007571973,64.14243882963633,54.992815255124285
2025-09-24 01:45:00,7.7460308794296875,57.41869167631244,66.35714285714286,27.856844978845686,63.619932359192575,910.2476541705511,64.83973596090732,54.81411405588187
2025-09-24 02:00:00,7.852359298353477,57.38502182403445,66.35714285714286,27.807676882663436,61.106860091455935,914.973620193228,64.23927565025225,54.27638961127098
2025-09-24 02:15:00,7.7850649546647395,57.39140920854414,66.35714285714286,27.835233655575745,61.27990218848871,916.7290935341042,65.41262207265044,54.408291737968845
2025-09-24 02:30:00,7.3818617130121735,57.4110961179151,66.35714285714286,27.802330028352024,61.25933361771215,918.5427773274233,64.34258281778035,54.16670502822059
2025-09-24 02:45:00,6.851732881803346,57.27375229550343,66.35714285714286,27.861038826647064,61.331266979423596,917.9468520365828,64.99251247552873,54.18798438035358
2025-09-24 03:00:00,6.508950537010619,57.24689587120371,66.35714285714286,27.86060252028052,61.70066313402762,915.555849844595,64.61290135040056,54.258506795015215
2025-09-24 03:15:00,6.268416555251643,57.17107844506522,66.35714285714286,27.84853450180267,61.489740524779215,907.352427865108,63.73217069883965,54.4352378891233
2025-09-24 03:30:00,6.505517949121475,57.1524722855332,66.35714285714286,27.824006883272137,61.60575073663821,906.2768897129944,64.3247864594955,54.41626953907912
2025-09-24 03:45:00,6.852501074752627,57.09518994274172,66.35714285714286,27.78086769077342,61.5810778506813,905.094145226967,63.98036375844768,54.67304714060452
2025-09-24 04:00:00,6.968700831864518,57.142176135624986,66.35714285714286,27.768570010014336,61.4559445614999,905.4022236397674,64.42455113805568,54.75380540315604
2025-09-24 04:15:00,6.652004249005026,57.12784720892482,66.35714285714286,27.79199347205622,61.35130036709154,907.1750402011725,64.38152243452537,54.44774997425703
2025-09-24 04:30:00,6.752288437260001,57.0783983208499,66.35714285714286,27.772865696367536,61.22555599221405,911.3526079724325,65.30994458479616,54.13101141051259
2025-09-24 04:45:00,6.784960909891541,56.97137503960851,66.35714285714286,27.82179228489943,60.892937830108266,916.0152399053715,64.53172398105303,54.17099887399543
2025-09-24 05:00:00,7.191354412969628,56.88672091239561,66.35714285714286,27.8719517851694,60.92961310570679,915.8374956014231,63.828848155645176,54.037194716977645
2025-09-24 05:15:00,7.613869525721853,56.8138927032407,66.35714285714286,27.870790013809394,61.185498468043335,918.0013350860986,64.17489988365638,54.01073473272368
2025-09-24 05:30:00,7.785088459571255,56.74738823830946,66.35714285714286,27.886491934652074,61.00707889119614,914.4670616882337,64.50261806062191,53.59411119390487
2025-09-24 05:45:00,7.571096428811466,56.64373167114582,66.35714285714286,27.88524221795187,60.8684057904232,911.8620196701613,64.28275599130284,53.51950106464444
2025-09-24 06:00:00,7.134539147521557,56.49757654927396,66.35714285714286,27.912173929139062,60.603597122409234,916.3937576164907,64.45247715338246,53.443766301025
2025-09-24 06:15:00,7.433948881970038,56.574769221952465,66.35714285714286,27.906254494537556,60.59907627321039,912.7512609737271,64.7521044752049,53.396993847017754
2025-09-24 06:30:00,7.489343973020419,56.502086979002975,66.35714285714286,27.94654450129437,63.33795169741808,907.045033255423,64.36245021125684,53.568587679202814
2025-09-24 06:45:00,7.31810874014075,56.42460945635275,66.35714285714286,27.982578838750655,63.22344855403107,914.3606522186855,64.46449719951522,53.35192215048936
2025-09-24 07:00:00,6.761814346256811,56.382223665264945,66.35714285714286,28.05464294539912,63.61843824100703,914.0761857801148,64.5545135302889,53.401366261578055
2025-09-24 07:15:00,6.183709136843017,56.43357469760534,66.35714285714286,28.004132173910225,63.61612254534422,913.4073920933597,64.71463586968108,53.68418189382483
2025-09-24 07:30:00,5.879556455584911,56.50588460536114,66.35714285714286,28.027345908156278,63.43785601335532,913.2945214130251,64.28951295813197,53.85260639668607
2025-09-24 07:45:00,5.4670432548082575,56.507707648226926,66.35714285714286,28.001039254407274,63.47590641649263,907.5169294906277,64.35543346277952,53.95194569956205
2025-09-24 08:00:00,5.655756433054359,56.40557722201263,66.35714285714286,27.979808157707463,63.6906103183805,913.131848067738,65.37108725417751,54.17970987171185
2025-09-24 08:15:00,5.511062374512134,56.38752400351937,66.35714285714286,27.950360466966583,63.88780153831884,916.5804989254794,65.03921955281255,54.307510418601524
2025-09-24 08:30:00,5.040084714312937,56.438555593356654,66.35714285714286,27.951745195488776,63.84129396440681,924.1140767760746,65.46684174420321,54.690694807745196
2025-09-24 08:45:00,4.573497906906615,56.34782879525028,66.35714285714286,27.991358006039622,64.07106560693703,917.0664484717488,65.24844956245141,54.598379410147075
2025-09-24 09:00:00,4.158961431354441,56.328972528822476,66.35714285714286,28.01612224023708,64.05421251658518,919.448463952541,64.97951020922049,54.620143792801386
2025-09-24 09:15:00,3.919090246579751,56.41433482318875,66.35714285714286,28.01973855913867,64.11725846409678,919.849929924324,64.67809096893963,54.76710802849211
2025-09-24 09:30:00,4.591517218516465,56.33285174936301,66.35714285714286,28.02702066455955,64.09926495540911,915.886632856019,65.03397862987161,54.524255578977034
2025-09-24 09:45:00,4.805039571521011,56.3275631841444,66.35714285714286,28.04483190873888,64.09323449910127,902.8943638828307,65.24341359674781,54.26422405804329
2025-09-24 10:00:00,4.679671215879264,56.322274404559124,66.35714285714286,28.1262889959628,64.54472961119525,903.7719634494248,64.6238842452444,54.331943312279485
2025-09-24 10:15:00,4.3175919735563335,56.29773837285962,66.35714285714286,28.159972646900176,64.79842598498432,905.6816661185111,65.05041408466809,54.545806735743234
2025-09-24 10:30:00,4.17066385920934,56.27636405301769,66.35714285714286,28.149391834649656,65.29562098099288,903.9050184043815,65.75558515259017,54.430532003548734
2025-09-24 10:45:00,4.574880300521647,56.22424165047484,66.35714285714286,28.198576717273948,63.227617344744914,898.7872831057897,65.1903497369947,54.184924746272884
2025-09-24 11:00:00,5.429747866804097,56.344752323435344,66.35714285714286,28.143598817123685,63.3482606018278,903.9916002615279,66.45689177769145,54.62330830443269
2025-09-24 11:15:00,5.804348817077538,56.37910757490445,66.35714285714286,28.13571134900945,63.701562653078454,905.299239981179,65.344375384722,54.886653933685054
2025-09-24 11:30:00,5.5488345281715015,56.412312548183664,66.35714285714286,28.197592884474137,63.536340936969204,913.4917552429605,65.27580391693787,54.96421989118598
2025-09-24 11:45:00,5.215267452350295,56.441893560614304,66.35714285714286,28.246400562820682,63.43062733871313,922.4694913867925,65.501628321716,54.95616520356171
2025-09-24 12:00:00,4.860797390779506,56.55405448333454,66.35714285714286,28.264115919572433,63.531986411828605,915.9943453849935,66.13547143197128,54.98004252064793
2025-09-24 12:15:00,4.650415745014712,56.58526537242158,66.35714285714286,28.29794882373628,63.62844904954335,912.9772826672714,66.04759118659403,54.86755448379947
2025-09-24 12:30:00,4.971382113848829,56.64702966378327,66.35714285714286,28.318191043401725,63.70358678465002,909.5861963730707,65.04018894676635,55.030368116029535
2025-09-24 12:45:00,5.2835513474580695,56.76735852094299,66.35714285714286,28.25049751789093,63.76013029225712,908.6307449481984,65.98205112973737,54.96715999066848
2025-09-24 13:00:00,5.021296757576283,56.78295387079807,66.35714285714286,28.20471984260388,63.88589216017117,919.0313642085774,65.886212343137,54.62569294828925
2025-09-24 13:15:00,4.3583626679190886,56.746849998802446,66.35714285714286,28.25371682106369,64.01459049083495,915.5047780970189,65.4391949631353,54.382460753903146
2025-09-24 13:30:00,3.7972982904976895,56.827451258113385,66.35714285714286,28.251276746426754,63.66771135943088,916.4262902281082,66.4130792241631,54.083688554278396
2025-09-24 13:45:00,3.3988500173475593,56.97150540442353,66.35714285714286,28.20837418851964,63.46665707562807,917.500411136545,66.10309374184682,54.34053353542627
2025-09-24 14:00:00,3.3597211662765014,57.03580296758856,66.35714285714286,28.266836587757115,63.330343602508194,904.6998006273261,65.94740471876,54.20671667654608
2025-09-24 14:15:00,3.6546242772669686,57.02227168946905,66.35714285714286,28.260497846860886,63.109643717099594,911.2544746155936,66.69163397239004,54.10191048259507
2025-09-24 14:30:00,3.2191598543575473,57.034433287052316,66.35714285714286,28.29417701561011,62.88115092710118,912.7579412260068,65.27134714410596,54.24342327686023
2025-09-24 14:45:00,2.7377672115787632,57.06344173493423,66.35714285714286,28.31510663178553,62.68539974616969,909.2412589800637,65.91849631126155,54.217496103152136
2025-09-24 15:00:00,2.2967309178616238,57.076760305503555,66.35714285714286,28.25889911096256,62.60354531924834,904.7744698535222,65.7611946002387,54.61093036695762
2025-09-24 15:15:00,2.7035878750638416,57.18062068834525,66.35714285714286,28.334170089956668,65.13620949660188,905.8035132930595,66.67003864813528,54.89583065791622
2025-09-24 15:30:00,3.2444799319934057,57.30670369062454,66.35714285714286,28.307263383501372,65.3497783037346,909.7972070223054,66.37504002139849,55.14547387212605
2025-09-24 15:45:00,3.529545491158701,57.38333663767382,66.35714285714286,28.301591205927906,65.31482027397084,909.430791586117,65.34712244970181,55.09115133203215
2025-09-24 16:00:00,3.7090595457098967,57.310944956355144,66.35714285714286,28.323872299054063,65.2273563745759,909.0512711774327,66.54408779012734,55.47712475897126
2025-09-24 16:15:00,3.4424744793840776,57.1427609148729,66.35714285714286,28.276415898181813,65.17903207098382,906.9044539584819,66.36868264734994,55.43955242766452
2025-09-24 16:30:00,3.6232759819508558,57.12908716942348,66.35714285714286,28.294438183300542,65.04330297648987,903.9311205859465,66.36090066210005,54.95820036685302
2025-09-24 16:45:00,3.9631165842410767,57.24625061088785,66.35714285714286,28.295239900851165,65.28553353305286,908.0573874920474,65.87662614834994,54.81153419876643
2025-09-24 17:00:00,5.0137181584751325,57.2848148072954,66.35714285714286,28.261997769209756,65.49580095295724,902.6961364071748,65.89214378716267,54.67740244450477
2025-09-24 17:15:00,5.676994059664333,57.294241822180915,66.35714285714286,28.18617002398511,65.55937954568778,903.0084482265598,66.109506572726,54.60555226699283
2025-09-24 17:30:00,5.607848288570311,57.312088146878644,66.35714285714286,28.251496744905577,65.38667050647192,904.0928465435713,66.52988980427453,54.68031045683485
2025-09-24 17:45:00,5.472150268586249,57.48273596748005,66.35714285714286,28.207550451860186,65.12352247374626,896.6275143530555,65.91734797337487,54.77366464351438
2025-09-24 18:00:00,5.53256190097744,57.4277543503779,66.35714285714286,28.25162284823592,64.9176314631156,893.931926520517,66.84255639350533,54.398084573678695
2025-09-24 18:15:00,5.650954894806167,57.51235332827304,66.35714285714286,28.18333142954086,64.83745767750018,901.0694441816496,65.52824259843082,54.329028665439026
2025-09-24 18:30:00,6.235674993130868,57.5570180284142,66.35714285714286,28.21155832105105,64.86924830815506,895.592513159604,65.50194653818879,54.07566428261632
2025-09-24 18:45:00,6.575331133418677,57.595747693953896,66.35714285714286,28.207794446668863,64.64538816894053,891.6624015397128,66.30915781879543,54.17354517548717
2025-09-24 19:00:00,6.550299044317707,57.650550180342364,66.35714285714286,28.18494788311552,64.75642868543409,888.7768230591445,65.62715230771235,54.53145932443261
2025-09-24 19:15:00,6.086212779714194,57.53649298726624,66.35714285714286,28.162902604995445,64.55165297075764,897.025374425088,66.5452551516128,54.52716486624158
2025-09-24 19:30:00,5.591691416958416,57.55542269182395,66.35714285714286,28.14948781572653,64.36465706094688,893.7476958057341,66.19383270484032,54.31703204775878
2025-09-24 19:45:00,5.5255143951978605,57.54161916255572,66.35714285714286,28.14705419021408,62.10056130280272,895.2427296514262,66.72036753199026,54.370857822825144
2025-09-24 20:00:00,5.693872282583811,57.517481785358186,66.35714285714286,28.15263815681158,62.167382344845265,901.3705571410221,66.34616731005224,54.31592133055054
2025-09-24 20:15:00,6.085813009978237,57.54811630263933,66.35714285714286,28.156860538772264,62.021411856347086,899.5649326583381,66.56188096781511,54.32722774163097
2025-09-24 20:30:00,5.667907351700241,57.47457949823853,66.35714285714286,28.178793651388567,61.70327681084503,900.2366141823369,65.64400063999014,54.63320297146472
2025-09-24 20:45:00,5.261465266254513,57.56571485090521,66.35714285714286,28.16667221922707,61.86726521497834,902.7868860046734,64.95919248519682,54.29597691573826
2025-09-24 21:00:00,5.233440465179537,57.57014266354523,66.35714285714286,28.17079972539414,62.27584527385367,900.5953117004486,65.75590807029916,54.14398433474748
2025-09-24 21:15:00,5.553741844540556,57.60459486024144,66.35714285714286,28.15487313752461,62.01705040677176,901.0244449934203,65.56743456538794,54.00255773006324
2025-09-24 21:30:00,5.847998506791079,57.44997733451154,66.35714285714286,28.162652343882986,61.93747151710598,900.3448483071047,64.94389407556619,53.785950077584054
2025-09-24 21:45:00,5.995335206897142,57.44282718946085,66.35714285714286,28.197486302713504,61.941184983581614,900.5475581987166,65.57136971138571,53.75058606092869
2025-09-24 22:00:00,6.453436207273962,57.412823819418854,66.35714285714286,28.19999641719922,61.96109141887212,902.1462843329828,65.60120186175514,54.081986444352204
2025-09-24 22:15:00,6.499915006424627,57.3240094064948,66.35714285714286,28.20125156308914,61.92638454859521,897.1647843788578,65.64869026592605,54.152826203372406
2025-09-24 22:30:00,6.239446784948045,57.194394466531655,66.35714285714286,28.186445358326633,61.889389620905256,898.9254676704028,65.41605300589325,53.9300026720786
2025-09-24 22:45:00,6.857439274995218,57.14796516821661,66.35714285714286,28.147327995137776,61.785945189388784,896.5260557603062,65.32414876342753,54.234629106566814
2025-09-24 23:00:00,7.7179962109933555,57.113402683514416,66.35714285714286,28.19791273490677,61.920758860025174,894.7900575958258,64.92939943798055,54.083368227990974
2025-09-24 23:15:00,8.411655299636429,57.099430239072916,66.35714285714286,28.224013546031017,61.97820010740232,892.0425939649101,65.28820339488455,54.05224224783934
2025-09-24 23:30:00,8.629357370030391,57.167856148733854,66.35714285714286,28.23924851054351,62.122977276469584,893.7946019276538,65.0406401702447,54.14728174441065
2025-09-24 23:45:00,8.334142107211349,57.26848552463071,66.35714285714286,28.218350506341988,61.84482419068953,896.3416397718383,64.48339215166334,54.452112939121626
2025-09-25 00:00:00,8.363296539654499,57.12628905877596,66.35714285714286,28.17950741583832,64.28695790227209,901.3675623548986,65.53464888645581,54.9316297479597
2025-09-25 00:15:00,8.346034683924431,57.19031496077074,66.35714285714286,28.136003591334767,64.39471166240124,897.4428522957879,65.44418149007502,55.0667175256498
2025-09-25 00:30:00,8.719193290883721,57.150527165648604,66.35714285714286,28.194719497469524,64.16156495600346,900.488544338412,65.0217153237534,55.17633200312684
2025-09-25 00:45:00,8.894660291265938,57.15115287758429,66.35714285714286,28.14712924882229,63.852008883668425,895.9550775906305,65.18666532508246,55.174563484312465
2025-09-25 01:00:00,8.660811004171398,57.223658588229235,66.35714285714286,28.195260246141846,64.10618282057388,889.9495594878543,64.71069887568339,55.23814517668804
2025-09-25 01:15:00,7.772128741402822,57.219720089881044,66.35714285714286,28.114538801068804,64.04645232773446,891.0888270531659,63.984840514485,54.90259835038007
2025-09-25 01:30:00,6.9427444660738935,57.259397813112166,66.35714285714286,28.081689518437507,64.11786719628225,893.5893467514035,64.12346771130964,54.971469051641066
2025-09-25 01:45:00,6.854774712415354,57.33321435592017,66.35714285714286,28.02375770002193,64.3318164723173,898.0121289798838,64.36049791724916,55.039396419684486
2025-09-25 02:00:00,6.944088679101458,57.33713731882401,66.35714285714286,28.03974795707939,64.09679113692104,892.112165883294,63.73130929531672,55.07016334211779
2025-09-25 02:15:00,7.1689726539664695,57.28462681114588,66.35714285714286,28.002005696114068,64.32385915641298,893.762792886313,64.2777633374063,55.267910609885284
2025-09-25 02:30:00,6.804450310346896,57.33082537083816,66.35714285714286,27.976937758168514,64.03400590122502,895.9227898533298,64.2390260841741,55.37676683353785
2025-09-25 02:45:00,6.6976525676608,57.11778085739866,66.35714285714286,27.949646530833352,64.20253945764222,899.3406193937614,64.09351867245971,55.211235629937526
2025-09-25 03:00:00,6.605638539020101,57.157621310675765,66.35714285714286,27.967735825229397,64.42731221895154,893.983525999911,64.57874711905528,55.196348990881916
2025-09-25 03:15:00,6.630803649918817,57.1148425807277,66.35714285714286,27.949239107426067,64.5845722345634,888.7838484460393,64.44164743636163,54.9668496338938
2025-09-25 03:30:00,7.027583470027993,57.02172805226615,66.35714285714286,27.930722075667642,64.7579031455304,885.7721406255932,64.18909086025913,55.175511402649086
2025-09-25 03:45:00,7.27927235705158,56.92893591422759,66.35714285714286,27.88371468295139,64.58008052892077,880.0791979876816,63.433117257741785,55.382191595770664
2025-09-25 04:00:00,7.192025690255933,56.918396875212274,66.35714285714286,27.904464785269905,64.7245938978205,891.2202940458122,64.1327667361226,55.69781146607269
2025-09-25 04:15:00,6.950223660580814,56.97546384761239,66.35714285714286,27.842886340835108,64.61161325058245,891.9643623444795,64.24282068868793,55.40529430569187
2025-09-25 04:30:00,6.9503442370839865,56.98303262135429,66.35714285714286,27.854331446574154,61.933794421291815,889.0498002456769,64.6448083707054,55.116200101592625
2025-09-25 04:45:00,7.160657853856362,56.93435866805456,66.35714285714286,27.80491942351017,61.90851878308979,892.2827796972996,64.53225290881356,55.03220540121555
2025-09-25 05:00:00,7.9303239968986565,56.84012230775932,66.35714285714286,27.85916511713437,61.757906261809,886.0407365868284,64.67099829287996,55.18443082733925
2025-09-25 05:15:00,8.233623276236319,56.69580096294417,66.35714285714286,27.87530248005671,61.62136204549732,891.9123858388275,64.18391186963214,54.81230508264476
2025-09-25 05:30:00,8.24692896342252,56.582975222328876,66.35714285714286,27.84469954691358,61.46165658225351,883.7563733149036,64.6086298644568,55.174088138243164
2025-09-25 05:45:00,7.910370018271949,56.590260940598746,66.35714285714286,27.87870541506702,61.54758044697859,885.4776206843404,63.70920875510515,55.1667515622327
2025-09-25 06:00:00,7.629275278453963,56.34702370420568,66.35714285714286,27.881845664138,61.437255930073846,890.6369649059177,63.976903749482275,55.02714656244661
2025-09-25 06:15:00,7.588999987496811,56.25170801126051,66.35714285714286,27.826950550023298,61.152721683014704,887.9776338022758,63.50810216578842,54.76043972105744
2025-09-25 06:30:00,7.502085966940095,56.25335293898198,66.35714285714286,27.892265729497538,61.23946155865581,884.17254363603,62.92817797431102,54.58248579778854
2025-09-25 06:45:00,7.598349804083261,56.19056505351414,66.35714285714286,27.82955299753735,61.25785869359435,879.252029286465,64.72949602669361,54.7550167503073
2025-09-25 07:00:00,7.4579163186222495,56.12234597944455,66.35714285714286,27.828039083946194,61.14258068280069,876.167889629708,64.16907313946385,54.71128597606802
2025-09-25 07:15:00,7.031127535259481,56.08193101319212,66.35714285714286,27.84150284090362,60.8667980461486,878.2497295277165,64.42518569165469,54.7316233423808
2025-09-25 07:30:00,6.373171107448212,56.08367012288375,66.35714285714286,27.89099431498876,60.986532347637066,885.9667759010442,64.68093957563244,54.80298621989134
2025-09-25 07:45:00,6.020311476086649,56.04960317625518,66.35714285714286,27.89358560228624,61.04395211963366,883.2051861820453,65.0354002212857,54.86704130214765
2025-09-25 08:00:00,6.039290001492691,55.87146157166521,66.35714285714286,27.897699565732257,61.22556534747559,886.9315274694269,64.00585619126088,54.84103375785247
2025-09-25 08:15:00,5.797031380350379,55.991916456422324,66.35714285714286,27.954398057148843,61.383012055690536,889.5873241230831,64.73561435590757,54.91645053651353
2025-09-25 08:30:00,5.608870891873797,55.90018340961535,66.35714285714286,27.95751397246532,61.55679578461927,890.1765472842214,64.15446286509355,55.40748386499272
2025-09-25 08:45:00,4.891333865361033,55.82734719575844,66.35714285714286,27.999240330958294,61.902681034344035,886.5154894262542,65.50339544118148,55.75012024562351
2025-09-25 09:00:00,4.290806780641906,55.81340497728953,66.35714285714286,28.029248457236857,64.82455204004637,877.6833251768634,65.34930348411827,55.645783014968124
2025-09-25 09:15:00,3.9842158795700535,55.855420617333785,66.35714285714286,27.952098418064185,64.70021851695203,876.1588067930224,64.71841803312391,55.96020158771877
2025-09-25 09:30:00,4.151575425937136,55.809536381146174,66.35714285714286,27.975016031947487,64.59360561934304,872.2954382331458,64.5709657736889,55.96935257409259
2025-09-25 09:45:00,4.352119550843432,55.614541756632846,66.35714285714286,27.98933068618895,64.63233962608702,873.7779425407665,65.20356926607384,56.05400699877065
2025-09-25 10:00:00,4.567397974428184,55.62466227970329,66.35714285714286,28.027527363559,64.40759091652211,875.0150967842102,64.64235927191909,56.20949520764806
2025-09-25 10:15:00,4.600773237228715,55.61772025238107,66.35714285714286,28.005309264319905,64.23743022083667,864.8279185870736,65.82157860362453,55.82081104974708
2025-09-25 10:30:00,4.491758215894323,55.53944888566366,66.35714285714286,27.96410739585087,64.4853011743152,874.6128723445461,65.41266312862315,56.04183861363237
2025-09-25 10:45:00,4.71446031125503,55.63029654001295,66.35714285714286,27.966403216383178,64.57578977873602,872.9419971358991,64.69334866390741,55.79295574777965
2025-09-25 11:00:00,5.199174348421819,55.542005171902204,66.35714285714286,27.98586164506115,64.45790338365818,880.1367418665934,65.73035972733359,55.07642488819635
2025-09-25 11:15:00,5.680293824818684,55.57969194188359,66.35714285714286,28.04959676278183,64.26650710501767,891.2368196979994,65.37857855120596,55.19586045591452
2025-09-25 11:30:00,5.392386458151914,55.65721649057945,66.35714285714286,28.058469408074203,64.41719583248455,889.4639505779169,65.71691535996322,55.20285026452867
2025-09-25 11:45:00,5.088507221972206,55.66451077550567,66.35714285714286,28.022834063098134,64.53668181369947,885.330359833477,65.38280681106623,55.47162190011348
2025-09-25 12:00:00,4.816066982184642,55.65318164882227,66.35714285714286,28.054472301764342,64.48771578492031,884.6464807087244,65.33527246336241,55.32083528712956
2025-09-25 12:15:00,4.698297162674306,55.6851672403542,66.35714285714286,28.105309519127147,64.4610494290593,885.535338637011,65.13999206157614,55.21943916050129
2025-09-25 12:30:00,4.839289666593342,55.739170813362854,66.35714285714286,28.111193888516574,64.49238807232894,887.9535498736373,65.46338809796036,55.42600300999022
2025-09-25 12:45:00,5.0020693954859485,55.800383560329905,66.35714285714286,28.14456844114023,64.88455266361457,885.8860981670352,65.48466096669458,55.57550292813977
2025-09-25 13:00:00,4.80635756009247,55.752762040999826,66.35714285714286,28.12787791601632,65.13427344775523,884.7902826850636,65.03114873843695,55.708181596541706
2025-09-25 13:15:00,4.361117441167931,55.77946992976121,66.35714285714286,28.1434465514339,62.55420780148858,881.151671357971,65.1192966493381,54.88280779140232
2025-09-25 13:30:00,3.8512003044756664,55.77815054445787,66.35714285714286,28.16834599586,62.78525077321264,886.5822713097064,66.25951710470487,54.82183187985066
2025-09-25 13:45:00,3.7853123686774546,55.770850904511164,66.35714285714286,28.204823686226078,62.72647059086665,884.6711618998894,65.87782627828699,54.88668172351914
2025-09-25 14:00:00,3.6535277073406576,55.71149286289196,66.35714285714286,28.231822757430223,62.922077581248985,885.6925987692401,66.46895650829235,55.00511019729964
2025-09-25 14:15:00,3.912642633251728,55.670061445453825,66.35714285714286,28.304778168825734,63.24346318966494,883.8536363679236,65.65596258169404,55.23335687568255
2025-09-25 14:30:00,3.845871810497759,55.795248883506524,66.35714285714286,28.298936023281662,63.356399874590096,880.646824859343,65.97224373628082,55.33628625723282
2025-09-25 14:45:00,3.4249701586823322,55.803782288613974,66.35714285714286,28.317261312102083,63.667076790325396,879.6334309820074,66.03713187995588,55.592973865810585
2025-09-25 15:00:00,2.74258598703278,55.81511727663572,66.35714285714286,28.368133636478017,63.49427696966561,876.1125975583988,65.80432467444794,55.513224336422354
2025-09-25 15:15:00,2.7741935715269594,55.73138683497779,66.35714285714286,28.39696241518795,63.63184061552562,873.3831981389507,66.13267566069418,55.34545145004812
2025-09-25 15:30:00,3.108186344756298,55.728853536371275,66.35714285714286,28.44990304957251,63.527016979449485,872.0427540301048,64.52563108995928,55.575863460294286
2025-09-25 15:45:00,3.6917990444963116,55.77848675447613,66.35714285714286,28.451086166571567,63.570995126853056,870.3207381239228,66.0104512451688,55.550008593856546
2025-09-25 16:00:00,3.676407769541692,55.734745852081325,66.35714285714286,28.43441803892972,63.71318053355507,877.1786468893727,64.76219829509718,55.51414330931813
2025-09-25 16:15:00,3.799966022862137,55.78547356929311,66.35714285714286,28.496371338448952,63.96233200934057,871.6272659795118,65.40357158494142,55.91775206300981
2025-09-25 16:30:00,3.7959715830406533,55.730107870102486,66.35714285714286,28.479123798243375,63.865367896880585,873.8333853799901,65.44493880276312,56.206312682269115
2025-09-25 16:45:00,4.336911517758939,55.784417515311105,66.35714285714286,28.4587920758778,64.19242907361192,872.8292126995156,65.58652684867545,56.456694228955435
2025-09-25 17:00:00,4.91604719806157,55.5832594770378,66.35714285714286,28.46592656416462,63.97973194265611,871.7890985490209,66.20510998131584,56.36007601488944
2025-09-25 17:15:00,5.469266046627987,55.535367397173395,66.35714285714286,28.4440768609813,64.00419103057622,868.2840438390939,65.6294933566021,56.32257963360472
2025-09-25 17:30:00,5.609038863078869,55.543689099063926,66.35714285714286,28.445282801585076,63.862121122746125,856.1481748897488,66.33885908770438,56.40138654914176
2025-09-25 17:45:00,5.687837552064162,55.549119470428224,66.35714285714286,28.439580251477235,66.35476597203173,851.1181617758257,65.14499778483619,56.79970527784395
2025-09-25 18:00:00,5.576361194630001,55.6915662606014,66.35714285714286,28.441914028096864,66.23843233238956,846.7087720561663,65.80055018395733,56.75560921406942
2025-09-25 18:15:00,5.744706463273137,55.646360308555266,66.35714285714286,28.39983632475868,66.08421004050624,840.2731596722849,65.20215095041988,56.39906496889239
2025-09-25 18:30:00,6.015248946091991,55.68244722336166,66.35714285714286,28.326183130511538,65.91838809603101,832.4415423750821,65.16313716264881,56.08677296179789
2025-09-25 18:45:00,6.217432202338404,55.58791094209049,66.35714285714286,28.318239989126162,65.78806326287534,820.5401933161008,65.76914658607005,56.35394541679238
2025-09-25 19:00:00,5.976613313163608,55.616730753648234,66.35714285714286,28.311853649277037,65.50893642027803,818.0928320502853,65.67095153774866,56.60103978617819
2025-09-25 19:15:00,5.714457673325906,55.64100447090486,66.35714285714286,28.333234232435963,65.07363552382864,824.0195917083258,65.75401215154639,56.76517699957602
2025-09-25 19:30:00,5.453014349932555,55.62654687353146,66.35714285714286,28.297767547742886,64.76300798303217,819.891311548758,66.18741918997004,56.82082012483938
2025-09-25 19:45:00,5.343025800317779,55.76669676680202,66.35714285714286,28.319592849209027,64.71680853147058,829.064041431398,65.70651621292554,56.283736357652096
2025-09-25 20:00:00,5.671005188838917,55.88573223688795,66.35714285714286,28.306468209760524,64.51519789513966,829.6571106943712,65.84140954994906,56.0182272434744
2025-09-25 20:15:00,5.637373887508087,55.92920271633539,66.35714285714286,28.262511117494377,64.89461615673798,832.7030623598413,66.05143927192239,55.73418736185134
2025-09-25 20:30:00,5.754069739311143,55.74952546861064,66.35714285714286,28.202662571305765,64.64343977248501,837.5224916235984,65.02834123431256,55.77533525386402
2025-09-25 20:45:00,5.500073413221606,55.785193438676835,66.35714285714286,28.213017439472875,65.10861237631599,839.1245668377711,65.02635232824069,55.94939523982124
2025-09-25 21:00:00,5.309705988970473,55.75291661672471,66.35714285714286,28.24402685944111,65.14200997332031,848.2585194881905,65.28151198335121,55.87153044929769
2025-09-25 21:15:00,5.362965777217062,55.8198590691403,66.35714285714286,28.26974330552685,65.0481840237464,849.2289644279932,66.18338568825722,55.496146797933235
2025-09-25 21:30:00,5.865846320970428,55.87124557244821,66.35714285714286,28.27145133261909,64.99709231051995,847.6587327419596,65.3302512418744,55.37100358115281
2025-09-25 21:45:00,6.2293813392416775,55.881506944031166,66.35714285714286,28.254797506767293,64.9627637147081,857.114429323476,64.68118119035134,55.48040338057538
2025-09-25 22:00:00,6.320427685416413,56.02276676787286,66.35714285714286,28.2506076344948,62.41950677200179,858.7671165222592,64.78401402888478,55.35864212680872
2025-09-25 22:15:00,6.31915384609921,55.98422009787896,66.35714285714286,28.312514648941992,62.321118169691545,853.3850875935125,65.26613427414274,55.43620855404774
2025-09-25 22:30:00,6.147933296495589,55.95660951367366,66.35714285714286,28.308347148936704,62.20934332804504,850.4890019361593,64.3116048305803,55.82856689147104
2025-09-25 22:45:00,6.644802866361961,55.98143495531169,66.35714285714286,28.325534782919476,62.06775080888921,854.739367827604,65.47054183364648,55.94461858575514
2025-09-25 23:00:00,7.350491215942136,56.00496631900013,66.35714285714286,28.334179951147267,62.08635864938365,854.3971386096665,64.90957936806089,55.81885790783867
2025-09-25 23:15:00,7.696716257681238,55.94228227322914,66.35714285714286,28.350625194318052,62.14429806253762,864.9357598827555,65.26357615059956,55.79216309535627
2025-09-25 23:30:00,8.250116406592761,55.893927904586576,66.35714285714286,28.294282719538778,62.49501897894668,864.017200705543,64.84333494270237,55.7979695101978
2025-09-25 23:45:00,8.061881108565991,55.9155574353004,66.35714285714286,28.298134655769136,62.528295402315266,857.9541891014975,64.59815648338429,55.770708921586674
2025-09-26 00:00:00,8.012884203681155,55.958512540084335,66.35714285714286,28.309692124469983,62.428139956368184,857.9627491784206,64.55953935245984,55.429990621578455
2025-09-26 00:15:00,8.30632232547947,55.94841434816445,66.35714285714286,28.378275051084383,62.57719971594536,849.1311470535471,64.4703749706727,55.78300669659993
2025-09-26 00:30:00,8.56910811905553,55.95859623137542,66.35714285714286,28.373318521550566,62.56274850466084,855.9503391764268,64.44173645345279,55.930675404883274
2025-09-26 00:45:00,8.872902250012297,55.99689467813383,66.35714285714286,28.374887075346834,62.51669042921454,848.6524064661847,64.71244117274135,55.823282767316456
2025-09-26 01:00:00,8.990765143868469,55.824010116080835,66.35714285714286,28.34037595645835,62.15239885708944,847.9441066369542,64.4716147276939,55.52360527440865
2025-09-26 01:15:00,8.572804139290795,55.78848688838056,66.35714285714286,28.294945834707388,61.76234395307804,844.3683582211434,64.13022216520922,55.08551349600188
2025-09-26 01:30:00,8.081049574903746,55.74612234018907,66.35714285714286,28.259189792902685,61.69668550025157,838.8763698226857,64.23392355787051,55.59813118386038
2025-09-26 01:45:00,7.784568571628819,55.65701161709819,66.35714285714286,28.199603340011905,61.55592424532525,841.3225121926358,63.96922991584043,55.980840669573944
2025-09-26 02:00:00,7.901551084861795,55.537373085184335,66.35714285714286,28.22677222115529,61.866437901610524,836.7653340763369,64.34230282087161,56.27639779493063
2025-09-26 02:15:00,7.747072949091382,55.51634044692015,66.35714285714286,28.181507612983644,61.920562634533944,837.3319897989012,64.9465581511931,56.31610889428419
2025-09-26 02:30:00,7.396821711653781,55.419045229232175,66.35714285714286,28.16323135914912,64.52178165163879,837.7422121966528,63.71879361503238,56.34940034869375
2025-09-26 02:45:00,7.1605109350300875,55.28018044742477,66.35714285714286,28.154124156452784,64.22777888033798,833.5709330231718,64.54504162608949,56.42880334924244
2025-09-26 03:00:00,6.746380466320509,55.29337772331253,66.35714285714286,28.024582047390066,64.49167032783038,835.3675337846628,64.32367224708655,56.413712445207764
2025-09-26 03:15:00,6.846145895055045,55.23631384005165,66.35714285714286,28.012072564065846,64.73036386710996,834.3343233138885,64.64368638669337,56.09729484566048
2025-09-26 03:30:00,7.053324913766944,55.10233548192744,66.35714285714286,28.020748972754394,64.58335080281508,836.1731859111999,63.75672939254713,56.154153982455455
2025-09-26 03:45:00,7.187787247155854,54.97608989643579,66.35714285714286,28.008492532090898,64.60470209304293,840.7340462639726,65.3868416309468,55.88206837017422
2025-09-26 04:00:00,7.2517213754298,55.013535588025235,66.35714285714286,28.05202258681045,64.5713191414619,837.480028313058,63.222886269272045,55.727957887832154
2025-09-26 04:15:00,7.1537455122404845,54.898033221549454,66.35714285714286,28.03665859129854,64.72661399715979,832.2030500737263,63.77859479702916,55.695541821833075
2025-09-26 04:30:00,7.282888577517139,54.87452272842089,66.35714285714286,28.097975270846405,64.8659629105625,831.8674505597812,64.50444292161974,55.716843974674276
2025-09-26 04:45:00,7.636828223237499,54.894652783390384,66.35714285714286,28.102783363931366,65.08133434784466,829.7138793284067,64.57956360825696,55.80460283934538
2025-09-26 05:00:00,8.374930299357091,54.82848102684857,66.35714285714286,28.135418156593033,65.06607056232431,828.8429817983093,65.34354136373145,55.89311768148007
2025-09-26 05:15:00,8.323757238008781,54.84765238150926,66.35714285714286,28.14463664770811,64.98649986200869,837.8502908622434,63.46604944755627,56.318502436169254
2025-09-26 05:30:00,8.314032173608068,54.8283817251674,66.35714285714286,28.20211923424065,64.57522215975902,834.2108107517586,63.068890801506164,56.494786147645605
2025-09-26 05:45:00,7.940930166680936,54.88861085697989,66.35714285714286,28.21146416296603,64.49934767653491,840.322164047983,64.68418415798983,56.35146316114976
2025-09-26 06:00:00,7.9719585668443615,54.80699522428894,66.35714285714286,28.267299543352745,64.49219295988551,838.1939744761265,64.34729625762756,56.28202480969388
2025-09-26 06:15:00,7.970948213891208,54.67945868650788,66.35714285714286,28.286640585854652,64.1705079849359,838.7053344014025,63.987089478969914,56.00551668050611
2025-09-26 06:30:00,8.04015304502771,54.6582614490551,66.35714285714286,28.27184654664451,63.813976283122564,844.346058104446,63.627031132934,55.9532893476234
2025-09-26 06:45:00,7.9829849181866965,54.70219433512996,66.35714285714286,28.23357309763679,64.01165900533087,844.008373720881,64.66355774311182,55.63327151907307
2025-09-26 07:00:00,7.571129834389905,54.63925242918519,66.35714285714286,28.211815833816466,61.366392108186496,842.3362019922251,64.16775095952096,55.330168150034986
2025-09-26 07:15:00,7.1547407077500855,54.590232413862985,66.35714285714286,28.21488175725543,61.39336230817275,838.4315063937008,64.70532135346842,55.45761083198162
2025-09-26 07:30:00,6.439382831871381,54.39666612268733,66.35714285714286,28.220888223579095,61.416583130016114,839.3400911968919,64.50996759899137,55.54895901028433
2025-09-26 07:45:00,6.153992439318458,54.418147897038246,66.35714285714286,28.239411156942978,61.620125199923045,835.0452308005899,64.68449150743643,55.60086098289778
2025-09-26 08:00:00,6.197451185817792,54.285171614984556,66.35714285714286,28.27225841076733,61.84096840121879,836.2765526237527,63.93460276002803,55.52598742924542
2025-09-26 08:15:00,6.03422602290916,54.42349534957638,66.35714285714286,28.299013911630304,61.69389828916582,830.8329819523221,64.12409238950832,55.36377918598716
2025-09-26 08:30:00,5.647108685719788,54.43202515333468,66.35714285714286,28.286901138217477,61.67654694605817,832.5179081821855,65.33426262214758,55.37209106033756
2025-09-26 08:45:00,5.0485514473929065,54.44233065585371,66.35714285714286,28.318310557960114,61.80674292180236,824.9759360332307,64.006848527107,55.24832919859964
2025-09-26 09:00:00,4.629613643652529,54.52515740960234,66.35714285714286,28.297834749779827,61.99972708395893,819.5058493023494,64.19039732564593,55.24426377974293
2025-09-26 09:15:00,4.429440652934115,54.53165330235544,66.35714285714286,28.293702238945357,61.67624596117661,817.874488368255,64.7464091825786,55.14696755675281
2025-09-26 09:30:00,4.800087422040445,54.441568977782566,66.35714285714286,28.332125780661936,61.660604118483484,818.1816677215443,64.89934430352345,55.33868014081132
2025-09-26 09:45:00,5.0875482925476865,54.50215808416119,66.35714285714286,28.308771178464923,61.62311110195797,816.1774421850736,65.29791342132312,55.271014552881496
2025-09-26 10:00:00,5.385262124909852,54.434250433366465,66.35714285714286,28.31924444270952,61.47201131476949,821.9485546153765,64.87144610624192,55.60416993251483
2025-09-26 10:15:00,5.137785419810544,54.47980202815702,66.35714285714286,28.32450470685846,61.62662303372356,814.9398969232742,64.70390314655711,56.35524496081395
2025-09-26 10:30:00,4.990652838328739,54.565873445486254,66.35714285714286,28.334423320478205,61.5583651643413,818.399365763791,64.60411412935515,56.40184886129948
2025-09-26 10:45:00,4.892091228527913,54.59309020771241,66.35714285714286,28.302921451107515,61.82708254751197,819.4418970243357,64.6248820565791,56.30150797423948
2025-09-26 11:00:00,5.383510704036687,54.48645375389522,66.35714285714286,28.367425868110065,61.86417050840258,818.4268965195649,64.81140403750264,56.052021328884805
2025-09-26 11:15:00,5.961045718615364,54.44592724854542,66.35714285714286,28.434351014952163,64.48464972941183,815.919753818984,65.65316384724885,56.22551021912287
2025-09-26 11:30:00,5.676303133011005,54.54968288236554,66.35714285714286,28.46054825008122,64.63699302711564,820.4119926326572,65.07868113947966,56.31450697328784
2025-09-26 11:45:00,5.382098555929909,54.442778970690114,66.35714285714286,28.428632351677564,64.68131227804355,821.1370954747965,63.72200928246183,56.114218490926845
2025-09-26 12:00:00,5.269262502485136,54.41821324824018,66.35714285714286,28.397019861718075,64.74869866499047,828.6895344651684,65.6536656061429,55.65335761663108
2025-09-26 12:15:00,5.086365971384776,54.47955320079064,66.35714285714286,28.393329534696075,64.84409205445095,818.713506963343,65.33440783070957,55.63087413661074
2025-09-26 12:30:00,5.27442964828131,54.442380581153195,66.35714285714286,28.41267304390486,65.0352226732922,819.8096924585975,64.89061035907022,55.42449034115135
2025-09-26 12:45:00,5.653410504267056,54.480614138101835,66.35714285714286,28.356926870069337,65.02449429786088,817.7757285792466,64.86384645122043,55.595604285947736
2025-09-26 13:00:00,5.662014571210423,54.56368585024179,66.35714285714286,28.327089677498098,65.14851691224057,817.9206709746117,65.27674607533869,55.678583561844206
2025-09-26 13:15:00,4.774479596028974,54.578587944676435,66.35714285714286,28.351229742604765,64.57643619390788,815.4272304559591,65.28003067482929,55.54563520706737
2025-09-26 13:30:00,4.133142244864632,54.39404828496251,66.35714285714286,28.381706727296358,64.63490924862143,816.1949569045937,64.84340473379024,55.40732725584675
2025-09-26 13:45:00,4.023236655781476,54.372844218693686,66.35714285714286,28.356916802852144,64.5342255756549,819.665052560638,64.7255936374849,55.59223765735977
2025-09-26 14:00:00,4.23234731923495,54.391571236214745,66.35714285714286,28.29751890199176,64.60544553487067,827.134329919281,66.24908398612747,55.42678146045629
2025-09-26 14:15:00,4.219289600078956,54.34953733791673,66.35714285714286,28.2636328835948,64.68951719295184,824.2132564232049,64.68669152985915,55.694513857767525
2025-09-26 14:30:00,3.62698083097455,54.41483757579176,66.35714285714286,28.30160295144957,64.75891508217472,815.7557044843063,65.85445415697785,55.89871092710364
2025-09-26 14:45:00,3.2515432110880953,54.49384395398897,66.35714285714286,28.32213145036814,64.70379573715985,821.2562201281222,65.69653964012656,55.691815721030316
2025-09-26 15:00:00,3.0600594035713633,54.568861251391105,66.35714285714286,28.336787548953012,64.64028311320044,815.4276492598843,65.5878620385872,55.476698065335626
2025-09-26 15:15:00,2.962035582068058,54.6219599773311,66.35714285714286,28.386546108430686,64.94589077036271,814.2876680926277,65.49558011133969,55.720301592280705
2025-09-26 15:30:00,3.123377158643533,54.77142016540657,66.35714285714286,28.370738582360133,65.2017166932235,816.633219405761,64.58518986212125,55.83401107428099
2025-09-26 15:45:00,3.808360314191654,54.80128471873643,66.35714285714286,28.351807358167452,63.01486009487186,812.50924815051,64.87857222328665,55.488924438997834
2025-09-26 16:00:00,4.0517301448594765,54.82918130272076,66.35714285714286,28.273123442417408,63.160928265725204,816.0678354182155,65.14690870484802,55.71469250548766
2025-09-26 16:15:00,4.067541460460899,54.779264064682444,66.35714285714286,28.318170848272075,63.06369517377011,815.4511970621047,64.97429751489335,56.211683302298184
2025-09-26 16:30:00,3.9291969118553496,54.786955814476386,66.35714285714286,28.359590349891985,62.80749966374282,816.9079671977942,65.57929268287457,56.1780630675685
2025-09-26 16:45:00,4.49366407318385,54.850132708393474,66.35714285714286,28.39261819880052,62.93472278744702,821.5093743786138,65.00123175994017,56.1307452402093
2025-09-26 17:00:00,5.33833542952227,54.956976316950794,66.35714285714286,28.293839407177302,62.95422004693496,819.788597115153,65.25991653457416,56.03737600714498
2025-09-26 17:15:00,5.659686808705884,54.96870702293356,66.35714285714286,28.2620609333055,63.06219847471378,809.4452797021203,64.85822908318548,56.27254528476091
2025-09-26 17:30:00,6.067156015898865,55.045295121173396,66.35714285714286,28.246152102190205,63.22779994775819,809.9354346075563,65.23214349511848,56.45818959036378
2025-09-26 17:45:00,5.701360834163983,55.0809928681787,66.35714285714286,28.25611123049001,63.04865143977614,806.1667980176125,64.52201320369166,56.28634971018013
2025-09-26 18:00:00,5.700411902434195,55.17540425262218,66.35714285714286,28.239089606774215,62.97597101122232,811.2283742706508,63.798736942304245,56.36909133933414
2025-09-26 18:15:00,5.9529154581078805,55.12373723564216,66.35714285714286,28.27392978605402,63.06977238574736,805.2721514982879,64.48516023325895,56.761724280838905
2025-09-26 18:30:00,6.390038679892295,55.25090178283624,66.35714285714286,28.238747166818012,63.30119261032598,811.259589196442,64.84722790663497,56.452199266804314
2025-09-26 18:45:00,6.574464546961564,55.27818707996562,66.35714285714286,28.223769174186835,63.283528124935174,810.7362141310329,65.00841410593574,56.26343075867843
2025-09-26 19:00:00,6.3029276179862155,55.34688751865225,66.35714285714286,28.24038348641138,63.42683033807518,815.9471994320074,65.5403942382407,56.280040545871465
2025-09-26 19:15:00,5.893142169297314,55.33544719280134,66.35714285714286,28.210469062695573,63.31982692157998,812.2769051074699,64.9937915066185,55.85455870137285
2025-09-26 19:30:00,5.429867764993908,55.385906673539466,66.35714285714286,28.252294821047354,63.22073937603962,809.4679397459214,65.05851007419743,56.032473547980565
2025-09-26 19:45:00,5.436073081171611,55.476344064860776,66.35714285714286,28.188144092323952,63.23976551326584,807.9389049272348,65.47842473230538,56.268347276716476
2025-09-26 20:00:00,5.505854395256512,55.45425130609096,66.35714285714286,28.16126037283156,63.23154255625682,808.0529814736645,65.2142448570704,56.51581655838963
2025-09-26 20:15:00,5.653998407895431,55.597818469212065,66.35714285714286,28.186256639479847,65.87070000592162,799.4558691303799,64.94668911071645,56.82759972734034
2025-09-26 20:30:00,5.762830264027131,55.45977901273283,66.35714285714286,28.221039498727905,65.98990304632892,793.2025080553186,65.48497984075098,56.851784453392376
2025-09-26 20:45:00,5.262652885054869,55.435933975207334,66.35714285714286,28.24026976089148,65.97167817060185,798.1921080804077,64.87308187685886,56.875564471888595
2025-09-26 21:00:00,5.122931989442832,55.32126876826222,66.35714285714286,28.30024569569227,65.77712363985682,800.8836047008891,64.36914681899862,56.843013106720754
2025-09-26 21:15:00,5.523104331542714,55.2070808897751,66.35714285714286,28.307812207475713,65.8527457206445,812.4230655475741,64.85871059322555,56.745553041921085
2025-09-26 21:30:00,5.858475440977517,55.27419099026897,66.35714285714286,28.26916239197406,65.73876063243989,808.6217770164998,65.14256075961609,56.85549546174456
2025-09-26 21:45:00,6.355488915688036,55.2611738538946,66.35714285714286,28.305099000014522,65.83452910424046,804.8999592848609,65.51276560267263,56.07168813857241
2025-09-26 22:00:00,6.812143828444744,55.35588590276077,66.35714285714286,28.261481820791143,65.85277144452104,801.9149153499948,65.19488387502761,56.08055484373168
2025-09-26 22:15:00,7.068179538561669,55.35065552774302,66.35714285714286,28.235087729989544,65.84344526002292,808.2995925317914,65.18613890288891,56.33765432820644
2025-09-26 22:30:00,7.165539296513551,55.48775479305589,66.35714285714286,28.225225882920128,65.55317380582073,808.3467287822839,65.3957147466866,56.08733408590935
2025-09-26 22:45:00,7.477849684118003,55.64396439640855,66.35714285714286,28.175028489658686,65.40579139070647,819.4974525406178,64.97597677194416,55.957862522638926
2025-09-26 23:00:00,7.873731980099831,55.58710016439256,66.35714285714286,28.144808644850325,65.2309104252486,810.363041177916,65.66931590440348,55.89069831031065
2025-09-26 23:15:00,8.628040117264764,55.45249193410341,66.35714285714286,28.1576843385089,65.29024667937188,815.0361282137761,64.95379658094265,55.88575046209925
2025-09-26 23:30:00,8.854427113315943,55.41048035531587,66.35714285714286,28.133103905644965,65.33588899041504,805.5475042866879,64.07223522640415,56.199713628161604
2025-09-26 23:45:00,8.617664497138104,55.476743956390386,66.35714285714286,28.179746511787165,65.10426014995552,806.8740334253118,65.09693494519752,56.25208356492481
2025-09-27 00:00:00,8.58244843659353,55.54239563662016,66.35714285714286,28.233366977647908,64.8846062971483,806.6920706722751,64.65906918538674,56.34572695870323
2025-09-27 00:15:00,8.694801806457617,55.530028361931805,66.35714285714286,28.199500481517003,65.01053783395304,805.2056999236146,64.29596898651768,56.074545660747376
2025-09-27 00:30:00,8.955144149294084,55.511551406721935,66.35714285714286,28.24914769276991,62.4803665660988,805.065278557828,64.30378246888459,55.67106876059254
2025-09-27 00:45:00,9.180442518987812,55.4575945693234,66.35714285714286,28.24747774171603,62.229274725813596,802.3372458385595,64.36940111285858,55.30708649827402
2025-09-27 01:00:00,9.042299116952654,53.69434747614772,66.35714285714286,27.665169102985196,64.22506190930302,750.0596955013528,62.44926909169027,55.86968342450095
2025-09-27 01:15:00,8.486945231050948,53.64948693234583,66.35714285714286,27.62991126842871,64.16992950713896,744.4661564761634,63.28091244022436,55.943225960901366
2025-09-27 01:30:00,7.994095276303409,53.56755783856172,66.35714285714286,27.671340339477936,64.16733846945691,743.2475552171351,63.14488923591088,56.033137508152336
2025-09-27 01:45:00,7.95401267557169,53.57619332769902,66.35714285714286,27.645743494779904,64.11329174547087,740.1148016213976,61.77827364858696,55.812562026020835
2025-09-27 02:00:00,7.6805603449979,53.647920080407694,66.35714285714286,27.57758148458825,64.10348370924078,746.8523354677583,62.32375398023284,55.968492644382955
2025-09-27 02:15:00,7.719103249911532,53.57230737610333,66.35714285714286,27.58344223778785,64.25053284316111,746.8329472476865,62.53280128219703,56.1917511803839
2025-09-27 02:30:00,7.823265797328553,53.70618439447334,66.35714285714286,27.54283428228564,63.857770811093175,750.6222819012993,62.40870909676449,56.22426374817466
2025-09-27 02:45:00,7.147053840066657,53.67931406955376,66.35714285714286,27.517259789605443,64.05078180878142,749.0990568028917,62.722747214657716,55.95638554767085
2025-09-27 03:00:00,6.67745863994637,53.708361197781265,66.35714285714286,27.517040186548208,64.2071463496254,752.7231454232061,62.30779331750637,55.77843687858914
2025-09-27 03:15:00,6.6079213385128845,53.6962310078116,66.35714285714286,27.493751062947485,63.965999890823674,759.8654772045172,62.11489768892099,55.74797378783955
2025-09-27 03:30:00,7.258426563604723,53.616769101058324,66.35714285714286,27.48639968473269,63.96298924603386,757.910844821538,62.63396734270107,55.753927068585156
2025-09-27 03:45:00,7.6174249642538445,53.50931578304167,66.35714285714286,27.478189585860374,63.82260764404814,752.457398319195,61.39530387922767,55.57831827968359
2025-09-27 04:00:00,7.824744950984215,53.61014653573539,66.35714285714286,27.554091750629635,63.90463441051346,755.7887411830338,61.905965325879706,55.211047265837585
2025-09-27 04:15:00,7.539976690496043,53.57532584464541,66.35714285714286,27.554452692248717,63.73683032013032,753.9237303896703,62.122009186934754,55.148894154845884
2025-09-27 04:30:00,7.749183468660202,53.571071723043545,66.35714285714286,27.508547233213573,63.972117860335516,752.0711459786968,61.492283285904044,54.96675774335279
2025-09-27 04:45:00,7.601618018053577,53.530270233403314,66.35714285714286,27.525634122689237,64.19969440048679,752.2086201757688,62.105129677149435,55.08595261500187
2025-09-27 05:00:00,8.344158916260989,53.41337223168159,66.35714285714286,27.499141410993207,66.8382248161238,745.1411052766828,61.01605464822472,55.40562096674252
2025-09-27 05:15:00,8.175523261940171,53.39352445711773,66.35714285714286,27.52535488713381,66.85608372020344,745.0526759413257,62.03217555649271,55.35884332218289
2025-09-27 05:30:00,8.230964970233519,53.307232165776846,66.35714285714286,27.523998176978935,66.70599994832241,749.1056483114651,62.27531494674293,54.73185377236645
2025-09-27 05:45:00,7.962351583341534,53.25612936760634,66.35714285714286,27.5110248574262,66.58761553395368,748.229821509707,62.71159175727655,54.85628090330285
2025-09-27 06:00:00,7.779675516958066,53.16734055376779,66.35714285714286,27.486101567668022,66.73839679409922,752.9560491749899,62.60752428941574,55.001592347195405
2025-09-27 06:15:00,7.9902239050660215,53.06819860608011,66.35714285714286,27.5148557466117,66.89359516562705,756.2875704255073,62.83290684932906,55.191666381096724
2025-09-27 06:30:00,8.040370683285811,53.09702153739134,66.35714285714286,27.52916681578725,66.55692651460382,757.9653429154155,61.3657659072512,54.95623514120039
2025-09-27 06:45:00,7.5067069348001585,53.10569074771495,66.35714285714286,27.50553064226465,66.5544214039598,760.7179001774132,61.612086247427094,54.95389193059348
2025-09-27 07:00:00,7.196783013638147,53.09591015364021,66.35714285714286,27.574014789657756,66.7246724363706,759.8364314139675,61.952362836083886,54.89610648631849
2025-09-27 07:15:00,6.740822376337662,53.03242980847218,66.35714285714286,27.572095331242405,66.62154409173297,758.3788359925643,63.017996392844964,55.136232040208014
2025-09-27 07:30:00,6.047483063972026,53.09676759586644,66.35714285714286,27.620774809408946,66.54863012794765,758.9564301248705,61.485178206417054,55.40121985496506
2025-09-27 07:45:00,5.751290333703671,53.06765676049486,66.35714285714286,27.611468008163452,66.5930153597876,759.1468818523836,61.92340164823187,55.559579281111866
2025-09-27 08:00:00,5.938204906723387,53.219769062243856,66.35714285714286,27.60929497762332,66.88393047629631,757.2500099292761,62.53500965049873,55.56801567211985
2025-09-27 08:15:00,6.078998248284831,53.21895492465168,66.35714285714286,27.62499469083134,66.89560667001037,756.825682242566,63.097868881197385,55.54736784507973
2025-09-27 08:30:00,5.742355392736002,53.25322930657451,66.35714285714286,27.659790720595407,66.72805303865492,748.9105774887083,62.40470228422138,55.69551241776101
2025-09-27 08:45:00,5.086522490789943,53.19569965419374,66.35714285714286,27.64486499645718,66.8376767233905,754.6010851819802,62.06457090038771,55.38496786708662
2025-09-27 09:00:00,4.555740379957319,53.18267773623091,66.35714285714286,27.706393507532642,66.91812635178124,755.9449717977693,61.952942366162105,55.39742406094758
2025-09-27 09:15:00,4.5740624941232575,53.1912818501269,66.35714285714286,27.768677572204492,67.05802208896208,763.1101377284024,63.05298454670661,55.31177743908035
2025-09-27 09:30:00,4.563997788508539,53.12359658226154,66.35714285714286,27.76375430283167,64.37563660252405,758.1192414098922,62.81063908512041,54.90324476393682
2025-09-27 09:45:00,4.93046911149199,53.15345647389261,66.35714285714286,27.780322251158385,64.53493412155316,751.7099831130827,62.58897573326273,54.92604560824109
2025-09-27 10:00:00,4.724363591435713,53.09191851197197,66.35714285714286,27.817415891674504,64.4784969067818,750.8514419961972,62.82614777136983,54.999004431183195
2025-09-27 10:15:00,4.576232243551873,53.12495090550858,66.35714285714286,27.78566296011078,64.50519067095975,758.3177941971475,63.60624274666095,54.94584249514209
2025-09-27 10:30:00,4.740295237871709,53.11955442170749,66.35714285714286,27.768965106823654,64.50710100458406,755.0495281336746,64.10034243005344,55.025063890103695
2025-09-27 10:45:00,4.838785768281757,53.068119349668706,66.35714285714286,27.751617317715112,64.39671832328516,749.912366461159,62.975281329111375,54.88119692428403
2025-09-27 11:00:00,5.109856252555687,53.05194138549893,66.35714285714286,27.77280116791483,64.45580494678826,749.8166454706992,63.49370036833294,54.83636793281659
2025-09-27 11:15:00,5.374136341090253,53.22079267260075,66.35714285714286,27.756777943102307,64.69788763081756,757.4282024276998,63.11623833074343,54.89198026467894
2025-09-27 11:30:00,5.580680246221935,53.1489869162763,66.35714285714286,27.706536853594628,64.83109449471044,757.3908641986658,63.17898792512515,55.120565426898466
2025-09-27 11:45:00,5.4900045126303425,53.13096550650661,66.35714285714286,27.768562655893877,64.84767365630455,761.1073215046681,63.21004968202784,55.04343938094353
2025-09-27 12:00:00,5.099998129629058,53.21334896104368,66.35714285714286,27.81314443586308,64.9350943463106,756.4282201849676,63.65162749093111,55.58099857111646
2025-09-27 12:15:00,5.181743310496891,53.25117499275248,66.35714285714286,27.77947029871885,65.25857322724222,758.0218522121354,62.72842416449603,55.87578248696932
2025-09-27 12:30:00,5.53961317650223,53.268335052279426,66.35714285714286,27.85167330336049,64.99224324615021,758.7033787651271,63.08386340900279,55.73210373984177
2025-09-27 12:45:00,5.620581641763687,53.24112123346258,66.35714285714286,27.86744220518129,64.8760135037479,752.0418656158978,63.09245817480373,55.55568021364924
2025-09-27 13:00:00,5.292255025076226,53.229183446617824,66.35714285714286,27.936757550278212,65.09290176330188,759.9909454555979,63.36301317219467,55.59277154366748
2025-09-27 13:15:00,4.934306469145345,53.285474761329574,66.35714285714286,27.95543899190494,65.3502662647991,762.3766569419787,63.23503252161911,55.2885933107469
2025-09-27 13:30:00,4.51339045631291,53.353853562111766,66.35714285714286,28.006693972494162,64.94447650194793,771.835390467312,63.59716677390476,55.17533349338729
2025-09-27 13:45:00,4.215451145856143,53.26880729688425,66.35714285714286,28.023970037146107,67.79947074413714,774.4433452125174,63.53399598530526,55.75924802634055
2025-09-27 14:00:00,4.451631358369215,53.26061531833801,66.35714285714286,28.005207891941676,67.80426140332803,776.903399013781,63.66645338406174,55.69582756200492
2025-09-27 14:15:00,4.104040261003395,53.318557828568544,66.35714285714286,27.98098609630969,67.74070186121672,773.90219632105,63.34310675425288,55.58090093966608
2025-09-27 14:30:00,3.7902865196191526,53.29916137659866,66.35714285714286,27.99310101339986,67.84239913390671,775.5874159165602,63.69322284594095,55.497677587290276
2025-09-27 14:45:00,3.443818726132788,53.30850033414025,66.35714285714286,27.91565881828132,67.84329448151954,774.9345695723312,63.393615119310596,55.62318868725618
2025-09-27 15:00:00,2.8996058087658665,53.268074829816314,66.35714285714286,27.825100747479105,68.05849676473606,771.2551658934949,62.909104597492544,55.957699970513566
2025-09-27 15:15:00,3.1165781238415287,53.07691216935097,66.35714285714286,27.833483643215665,68.17777745020277,770.5022338105294,63.96388286790374,55.66581095338786
2025-09-27 15:30:00,3.7484661312530707,53.09347829123094,66.35714285714286,27.834198113281637,68.17493804036711,761.1971290563747,63.582453556169476,55.86574720273829
2025-09-27 15:45:00,3.844301340794805,53.03574051234957,66.35714285714286,27.761656024779807,68.27478677488449,770.3395806632311,63.13850012041845,55.79668595242043
2025-09-27 16:00:00,3.8577117105832524,53.008106454177444,66.35714285714286,27.777165781145374,68.3039039390803,770.7157167645639,63.5654425315936,55.71479091876424
2025-09-27 16:15:00,3.791966757268895,52.99104819232095,66.35714285714286,27.763516648646608,68.09042390173315,771.7328995070063,63.60626980618267,55.402517180173504
2025-09-27 16:30:00,3.7725280221530664,53.12307521527931,66.35714285714286,27.765648819458484,67.80850365506349,767.7367984785827,64.61737885782082,55.77262815511202
2025-09-27 16:45:00,4.671155792422758,53.05480257114783,66.35714285714286,27.79088165038066,67.67380378938945,764.7503536994856,63.6098951640145,55.7606367643347
2025-09-27 17:00:00,5.226778254020788,53.14191132811193,66.35714285714286,27.793830278415374,67.59247964903554,764.9478846562333,63.81450338057391,55.78293466523826
2025-09-27 17:15:00,5.979794186048295,53.104500747223526,66.35714285714286,27.858015912836397,67.7771506296021,772.9378533781226,63.2185306651331,55.73408235618674
2025-09-27 17:30:00,6.021340232282739,53.21807383807136,66.35714285714286,27.799830897068745,67.92738242845567,776.0249581400567,63.70027605867419,55.59282306342904
2025-09-27 17:45:00,5.962239644207293,53.28843674648129,66.35714285714286,27.702911851333873,67.96321970427714,777.5209264903364,64.490828646614,55.728886453199074
2025-09-27 18:00:00,5.916773726760667,53.255917683012406,66.35714285714286,27.737680407922053,67.83392269464709,778.0076358041454,63.672241587186285,55.34265161650649
2025-09-27 18:15:00,6.069289844962405,53.310105824870824,66.35714285714286,27.708529513958354,65.3345843981842,773.9063620383234,64.19873176119427,55.180705885545365
2025-09-27 18:30:00,6.540904223497828,53.22311267854476,66.35714285714286,27.660644171629784,65.27657912097524,778.1062858445413,63.513705481638446,55.29549873998682
2025-09-27 18:45:00,6.61705960965701,53.14869473164641,66.35714285714286,27.637654178177165,65.22789068607659,780.3699866134643,63.55768770039186,55.46453447662908
2025-09-27 19:00:00,6.642513761144513,53.0068645105553,66.35714285714286,27.65822017701073,65.00940350837814,781.249971541038,63.213901203446525,55.64478601322577
2025-09-27 19:15:00,6.256286937296778,53.03736851449923,66.35714285714286,27.599100087760064,65.42325174470524,776.50034697507,63.330843392554954,56.08038176464645
2025-09-27 19:30:00,5.8091096686126935,53.08236467716698,66.35714285714286,27.553434026027176,65.3935243287622,770.6790714313317,63.375705340247336,55.9081049025682
2025-09-27 19:45:00,5.669948517123014,53.05923453897565,66.35714285714286,27.639524526203292,65.20468116960645,785.9034853268698,63.36219274099904,55.643085520554784
2025-09-27 20:00:00,5.722808455070322,53.16989013029997,66.35714285714286,27.59339744263243,65.42736063735055,783.4580145611528,64.18271089409927,55.78624434696477
2025-09-27 20:15:00,5.914352587022851,53.2416899366263,66.35714285714286,27.6150227454659,65.4117456327895,776.029508342633,62.49331776768099,55.69219982561891
2025-09-27 20:30:00,5.900979777705348,53.23638156574425,66.35714285714286,27.650762657873006,65.62492977238828,779.9143768326172,63.63309898795485,56.132372195929314
2025-09-27 20:45:00,5.209882922059887,53.38778283975365,66.35714285714286,27.66486594966428,65.65545221447924,780.496811939811,64.21538375818332,55.836713345169045
2025-09-27 21:00:00,5.235725166435366,53.37631221350117,66.35714285714286,27.60844265121997,65.53949781290714,782.2229196556327,63.37258660766897,55.71403333820561
2025-09-27 21:15:00,5.5404288217603375,53.423426195912846,66.35714285714286,27.644880647264255,65.17757528818008,787.8420133556069,64.03441585479982,55.6251493199371
2025-09-27 21:30:00,5.7934680525384215,53.37499090092688,66.35714285714286,27.61807901786559,65.33075881236107,787.1690113478903,63.35215488393848,55.801189382085504
2025-09-27 21:45:00,6.280538218854372,53.41687758528914,66.35714285714286,27.649996203510533,64.96813430794982,782.2033668819657,63.26920941766103,55.77826973724361
2025-09-27 22:00:00,6.60569216672465,53.3887744568956,66.35714285714286,27.633990945886254,64.73907213076949,779.8963235289566,63.74029560231168,55.93321691694442
2025-09-27 22:15:00,6.605212538883455,53.40152803948702,66.35714285714286,27.6227324130406,64.72972226338285,775.4536865966361,63.37108644969873,55.872536835314165
2025-09-27 22:30:00,6.805859953427639,53.47416543547024,66.35714285714286,27.67973470462407,67.2351609281655,776.5281367948987,63.68725999619101,56.61519172509316
2025-09-27 22:45:00,6.966542704046507,53.46995628467967,66.35714285714286,27.705354646460798,67.55253843082745,783.834331856532,63.785075146730904,56.64253770998775
2025-09-27 23:00:00,7.728960159269848,53.53472621981653,66.35714285714286,27.665189601879657,67.76904129876259,779.6561792108319,64.18469752739543,56.801176764118274
2025-09-27 23:15:00,8.341449057479156,53.74821386179935,66.35714285714286,27.66889528236046,67.74958278535182,779.6941247379432,62.312595983457165,56.83543615559732
2025-09-27 23:30:00,8.546824508693009,53.84398133264427,66.35714285714286,27.55821381452007,67.57560167530801,778.3738895948289,62.31795941453031,56.68149971615845
2025-09-27 23:45:00,8.493867603392417,53.85026495010434,66.35714285714286,27.530666002335234,67.36935577416749,779.7380022495653,63.26268081455424,56.71990762490615
2025-09-28 00:00:00,8.422190872080996,53.88988846884942,66.35714285714286,27.582609619432198,67.47636982776278,777.387724632794,61.718381802379966,56.60553458834159
2025-09-28 00:15:00,8.62242783890526,53.83362897033962,66.35714285714286,27.557286666339348,67.402390225379,778.8594289412209,62.62011567966689,56.904564381755215
2025-09-28 00:30:00,9.197368825492282,53.91195349033673,66.35714285714286,27.575585973144438,67.34896010883527,775.3045431968544,61.775790972432695,56.971273611669375
2025-09-28 00:45:00,9.247142419967517,53.913556863884644,66.35714285714286,27.53323454071164,67.57888300777476,778.0185779541797,61.23870565931194,57.189928529597594
2025-09-28 01:00:00,8.72607721988761,53.83609927399058,66.35714285714286,27.500864843363637,67.44317009738899,771.6073795409708,62.9816640878797,57.0233466853386
2025-09-28 01:15:00,8.14515726827463,53.868300533317445,66.35714285714286,27.498317652789645,67.5289546119889,771.8200976202087,62.41005440728388,56.92668276345047
2025-09-28 01:30:00,7.792221191414154,53.747719562767486,66.35714285714286,27.499342630916463,67.08923926687062,773.0841579112605,62.70535084641476,57.08275829638358
2025-09-28 01:45:00,7.4603006859594885,53.59782985236618,66.35714285714286,27.41754599975481,67.01194897320985,767.2247124658245,61.84228521703994,57.196825027400465
2025-09-28 02:00:00,7.541140199514289,53.583083533480135,66.35714285714286,27.404971068621805,67.0539134521541,767.6312681033949,62.6199163519666,57.070247966539426
2025-09-28 02:15:00,7.553306490070564,53.62385750371516,66.35714285714286,27.458521922171634,66.85337134536215,767.5480332177317,62.409144009825745,57.258965753737435
2025-09-28 02:30:00,7.3406260534812855,53.492346575851336,66.35714285714286,27.40535476952353,66.95703085360071,773.2822351298389,61.201005898543926,57.180326415100566
2025-09-28 02:45:00,7.070906100320696,53.49407305649976,66.35714285714286,27.376702675843877,66.80349459044747,778.1910557902218,61.32486468816336,56.69244967933864
2025-09-28 03:00:00,6.7623380942392135,53.39644106183584,66.35714285714286,27.388611119564885,63.89438909620475,774.224854156651,62.4494798867954,55.87518323724412
2025-09-28 03:15:00,6.9970547586178515,53.325692121268496,66.35714285714286,27.383243945937288,63.67619168422452,776.7808830805113,61.874646233565436,56.03666008702494
2025-09-28 03:30:00,7.328751276874934,53.31174912113747,66.35714285714286,27.45054573855427,63.763453944980036,778.3233848370483,61.01578071895921,55.803495788211215
2025-09-28 03:45:00,7.412799440410123,53.2883273126905,66.35714285714286,27.45931250072187,63.80617400813618,777.7333673973573,62.77592774812519,55.7697314954294
2025-09-28 04:00:00,7.544966430407995,53.273059096000146,66.35714285714286,27.4827665795407,63.9072730553531,779.0944663245123,61.606411772166446,55.46855836632751
2025-09-28 04:15:00,7.385477272238348,53.16995890375505,66.35714285714286,27.52574240761968,64.15353124484668,778.9884897999676,61.692851867064356,55.51962674375751
2025-09-28 04:30:00,7.030878472974206,53.1353031884012,66.35714285714286,27.506910474895363,64.3454742488502,780.0951084233781,61.27933440370468,55.32806100736571
2025-09-28 04:45:00,7.31295961179728,53.13604779356439,66.35714285714286,27.491709595387004,64.26399911173088,784.0638709740889,61.87363982011,55.61815544652752
2025-09-28 05:00:00,7.901723782988027,53.095903136175465,66.35714285714286,27.492783440138638,64.43439386796071,780.845516479339,62.75070768849673,55.99987051485894
2025-09-28 05:15:00,8.220341864809583,53.01685485275792,66.35714285714286,27.486516587009234,64.4970157830837,780.2866015854917,61.56857129335838,55.91333731322255
2025-09-28 05:30:00,8.161505505359447,53.01160111375433,66.35714285714286,27.486512272167253,64.39485748344082,786.2524636622358,62.38753473785144,55.69117006541785
2025-09-28 05:45:00,7.911643243485117,53.03445680005294,66.35714285714286,27.487567693787696,64.66795359459141,793.9913181117178,62.294572670246964,55.82380851153673
2025-09-28 06:00:00,7.606913191865908,53.07668213283183,66.35714285714286,27.505963662955256,64.41431844308498,788.5264621878781,61.744378356282986,55.875389684669265
2025-09-28 06:15:00,7.410729340559562,52.96256824542549,66.35714285714286,27.453622052841272,64.58895073548543,787.7107086016449,61.72201164736175,55.73902885073343
2025-09-28 06:30:00,7.772232067585985,53.00205972016476,66.35714285714286,27.43601974863225,64.49511558239485,791.7826990820424,62.087894659703636,55.51022538674968
2025-09-28 06:45:00,7.82810913688692,53.037902675074186,66.35714285714286,27.424475631577078,64.72551359547839,790.801689144919,62.02161750080695,55.315025146718895
2025-09-28 07:00:00,7.463861382000123,53.17410975083858,66.35714285714286,27.486321556814822,64.37985545958972,790.7649708930737,62.1173387584105,55.201545172908375
2025-09-28 07:15:00,6.9045734883261485,53.055265837202604,66.35714285714286,27.494900528736398,64.43642877147782,790.5957302316936,61.97399841822055,55.10341809388058
2025-09-28 07:30:00,6.196474679693721,53.09937651596859,66.35714285714286,27.554719333842925,67.09863423579664,790.2993861521428,62.47857661627387,55.40161459674133
2025-09-28 07:45:00,5.935934769653244,53.12329312791617,66.35714285714286,27.61308808988664,67.14770500205118,789.0626535424893,61.7110043569488,55.583003644612724
2025-09-28 08:00:00,5.838207618878053,53.11891478264595,66.35714285714286,27.632621573479117,67.19199860515809,789.5637512516905,62.55160552883477,55.47748566085868
2025-09-28 08:15:00,6.013944776575515,53.31192850775735,66.35714285714286,27.62426795579805,67.29871746337373,790.2354029610294,61.365719826528625,55.427519670994734
2025-09-28 08:30:00,6.108994247533424,53.40368455519494,66.35714285714286,27.6296978918898,67.23330533163359,799.2187303460229,62.07065839661218,55.477906176613516
2025-09-28 08:45:00,5.407141558627503,53.44083912384156,66.35714285714286,27.62416131636819,67.64779492577247,793.2181659958775,61.54064531000166,55.38777918995133
2025-09-28 09:00:00,4.690791085498196,53.410362041342225,66.35714285714286,27.627585847262544,67.5719534501548,795.1186921400844,62.32337289797668,55.46195695880107
2025-09-28 09:15:00,4.5327809063985365,53.345391776733564,66.35714285714286,27.59301783753223,68.00176480608118,797.1841884308752,61.58415373756073,55.30618260833637
2025-09-28 09:30:00,4.741842098745657,53.30583487192253,66.35714285714286,27.592837541935797,68.0689363746209,799.4439809733333,62.33828711014694,55.07633667846544
2025-09-28 09:45:00,4.781670748266235,53.21932650778192,66.35714285714286,27.654775263353915,68.00307727565155,802.9315494594058,62.187627712320975,54.94335529599461
2025-09-28 10:00:00,4.7396640269095185,53.20157463722793,66.35714285714286,27.56315359168131,67.87219250975483,797.3977532880633,61.98885082934623,55.40165183140661
2025-09-28 10:15:00,4.461468501108659,53.111204364054714,66.35714285714286,27.597138188700733,67.69994810453159,802.2505466283607,63.03911230697589,55.31709564451402
2025-09-28 10:30:00,4.606525407708059,53.131559553625635,66.35714285714286,27.63931082602298,67.6538816723773,803.6111816893796,63.099921750495255,55.54089019241367
2025-09-28 10:45:00,5.166240392790337,53.20440521491036,66.35714285714286,27.648373225019757,67.66424704053048,798.5319374796253,62.89992481610103,55.76011926147007
2025-09-28 11:00:00,5.558229517348893,53.07836852742598,66.35714285714286,27.6013751957971,68.06669103954432,801.3469896039273,62.5300423670014,55.84239198603298
2025-09-28 11:15:00,5.716859472853458,53.28127393270261,66.35714285714286,27.56538871718961,67.88656250217343,800.4151197921046,62.95142975460701,55.80256907124622
2025-09-28 11:30:00,5.73940938963718,53.183443601023896,66.35714285714286,27.57664062003455,67.95103048492335,806.6446470031483,61.918366195398335,55.96709071811175
2025-09-28 11:45:00,5.5250552441711855,53.12047288877932,66.35714285714286,27.50930682150591,65.28688731007009,799.9695625178485,63.52384220738962,55.355506565425976
2025-09-28 12:00:00,5.185581563565666,53.00581244300225,66.35714285714286,27.5370355571533,65.21369507738432,806.1226354898026,62.78545959314968,55.30963226340494
2025-09-28 12:15:00,5.3384851750838935,53.055406427473045,66.35714285714286,27.480945213507322,65.08551288330584,804.3792524106366,63.28243060438417,55.26102829268047
2025-09-28 12:30:00,5.205402239221508,53.11068790868666,66.35714285714286,27.415205579675046,64.96746343932145,805.5738329410461,62.99243714512824,55.09901330909057
2025-09-28 12:45:00,5.261344933976026,53.111522544681485,66.35714285714286,27.45279335603112,65.10476806926474,804.2048322830078,62.663109502381815,55.28457707583622
2025-09-28 13:00:00,5.146252193143551,53.29580557201689,66.35714285714286,27.454270603040836,65.02144909330995,797.7976333670092,63.795839903978354,55.45390481607834
2025-09-28 13:15:00,4.688017154781965,53.231897289490924,66.35714285714286,27.45621353738754,65.24686028372416,799.2881022167676,62.82898052039191,55.52297753547463
2025-09-28 13:30:00,4.167279989011478,53.14522125713413,66.35714285714286,27.393537345596982,65.34935711078188,802.5473901097807,63.21508553961856,55.53217019219723
2025-09-28 13:45:00,3.923787340006911,53.2383007226951,66.35714285714286,27.42190436357276,65.31023302096376,800.8415039618299,62.639496771017136,55.15644008239153
2025-09-28 14:00:00,3.95699394149542,53.293028465597324,66.35714285714286,27.44041767364664,65.39394969096966,808.812439379196,63.64288582703561,55.384998999055924
2025-09-28 14:15:00,4.173754235749129,53.293136269616745,66.35714285714286,27.381424584211718,65.59634720240774,812.9915586971438,62.796563150337875,54.985808928769636
2025-09-28 14:30:00,3.916643463438664,53.34465329902074,66.35714285714286,27.43101697350132,65.28760154641208,802.7086486653446,63.40193866139397,54.677173925201764
2025-09-28 14:45:00,3.597385632326898,53.25897584374037,66.35714285714286,27.406847307386943,64.97851654379421,804.2720368408807,63.27454168407685,54.38481563089529
2025-09-28 15:00:00,3.296487583835665,53.27070439406525,66.35714285714286,27.416418588067582,65.13011992893134,812.984412831108,63.32037014837122,54.63990364553297
2025-09-28 15:15:00,3.2447936210963984,53.16678633825541,66.35714285714286,27.400709927177168,65.13685733271753,818.7147990900829,64.31825063015674,54.73012324282411
2025-09-28 15:30:00,3.804832806048168,53.10689673286426,66.35714285714286,27.34910869179276,65.14799732801313,815.8084891423306,63.358428958280825,54.603442060565904
2025-09-28 15:45:00,4.421234745221445,53.16072425599921,66.35714285714286,27.36351978481506,65.56056551712557,817.2749483088962,64.3693128546108,54.121090909613244
2025-09-28 16:00:00,4.312895620467794,53.088092231682424,66.35714285714286,27.31892628185697,65.4837564847106,817.4802006466311,63.48942289551458,54.017050265957764
2025-09-28 16:15:00,4.62415921227569,53.06051541048173,66.35714285714286,27.3154882846249,68.19994748243309,815.6599893517251,63.16403333565377,54.82824264313483
2025-09-28 16:30:00,4.665754097372154,53.083835413085154,66.35714285714286,27.345213630006672,68.32650469023794,813.9744966644245,64.47823005837316,54.94897848218085
2025-09-28 16:45:00,4.939933716126767,53.01276310328347,66.35714285714286,27.27707015278807,68.60655894546976,813.7403465617269,64.3335204665633,55.11354304582855
2025-09-28 17:00:00,5.454384617657708,53.03249892437182,66.35714285714286,27.255096631915972,68.37058301614744,812.4653701276411,63.626985754817454,54.91390253958744
2025-09-28 17:15:00,5.812424814350872,53.05235417735229,66.35714285714286,27.252808680775185,68.74209069661647,811.7874465751077,64.58983846313235,54.99969524487044
2025-09-28 17:30:00,5.847538179663476,53.08420440147498,66.35714285714286,27.265107502946893,68.89230415028233,815.2612181684093,64.20435595383184,54.843982782076935
2025-09-28 17:45:00,5.742253357392583,52.987015204627276,66.35714285714286,27.2996476538325,68.99329637116708,809.5655156586787,64.97475467485637,54.86956999716096
2025-09-28 18:00:00,5.723904516479812,52.95086401262973,66.35714285714286,27.262677715210838,68.99157455799723,811.1290868731272,64.62433799341439,54.849341224019845
2025-09-28 18:15:00,5.931501751835942,52.94426629025558,66.35714285714286,27.27375662874844,69.06941931088312,806.8515865593678,65.05642438858659,55.187870834721586
2025-09-28 18:30:00,6.291436266832059,53.05009929378809,66.35714285714286,27.223127863904185,69.430800881778,812.2942814600189,64.68782965534122,55.3302745228352
2025-09-28 18:45:00,6.542536203400411,52.9436210204854,66.35714285714286,27.239247932334557,69.54993881944375,806.7771862729567,64.5498494339836,55.12401558180279
2025-09-28 19:00:00,6.49453173191134,52.893935299651986,66.35714285714286,27.214832855537523,69.51126371303047,808.2873503155045,64.70245924407399,55.03285109835222
2025-09-28 19:15:00,6.387381138369541,52.938653638282474,66.35714285714286,27.255168490946016,69.53463887126017,812.3837433992965,64.14196617768707,54.74629057849083
2025-09-28 19:30:00,6.238652490410424,53.00006671433877,66.35714285714286,27.25179831975946,69.658395692639,814.941380167646,64.34544964968173,54.656271052712505
2025-09-28 19:45:00,6.002364136339793,53.040596703098245,66.35714285714286,27.243152331796598,69.752133686414,811.4441609753127,63.61039781923656,54.5996942620935
2025-09-28 20:00:00,5.831837154803967,53.06595583899113,66.35714285714286,27.21245466320906,69.71564636531532,814.2962048842187,64.66553168726752,54.53235192236464
2025-09-28 20:15:00,5.669270877680209,53.1261222763945,66.35714285714286,27.207058062821037,69.68185592859001,819.3908509971441,63.86241445479748,54.29439717781156
2025-09-28 20:30:00,5.81813227849689,53.054401451014016,66.35714285714286,27.17835348170284,69.4866346979058,823.435140208534,63.68572128519189,54.36823884262256
2025-09-28 20:45:00,5.420625173733002,53.10530484594765,66.35714285714286,27.151403941501822,66.83263486306397,815.5643440411113,63.46868622211395,54.37185989712241
2025-09-28 21:00:00,4.996851812894759,53.08695760080256,66.35714285714286,27.139335231591012,66.90901495019037,814.3556720289473,63.43844437297648,54.35407954898464
2025-09-28 21:15:00,5.092534566765545,53.01683741863663,66.35714285714286,27.14458260259535,66.85353899704126,817.6483037258737,63.7107748033946,54.054375601206466
2025-09-28 21:30:00,5.756851804268279,52.95390993655246,66.35714285714286,27.110202062497002,66.98978096338,815.1440756875575,63.010829759059995,54.0257528204027
2025-09-28 21:45:00,6.233898365236317,52.95102416401988,66.35714285714286,27.092973563370055,66.86526184971716,809.5575739852668,63.699193427578535,54.299711192298645
2025-09-28 22:00:00,6.528843974511964,52.967034353568955,66.35714285714286,27.089945740884684,66.974968550553,812.0209874276767,62.787475282050444,54.06023450204834
2025-09-28 22:15:00,6.873549379322115,53.004826255265506,66.35714285714286,27.107559732317657,66.76699083324529,815.4487545807012,62.131295817859694,54.08980777717029
2025-09-28 22:30:00,6.9561376757256514,52.93316081065348,66.35714285714286,27.114455675034897,66.84458002558132,816.4791289498256,62.30243698063606,54.158837918479364
2025-09-28 22:45:00,7.343370109596821,52.916864069033544,66.35714285714286,27.086897096883778,67.03490729785317,815.099607506318,61.39269900945137,54.35510832606195
2025-09-28 23:00:00,7.88390341655788,52.92367505785583,66.35714285714286,27.08860863283116,67.03691923895526,815.112901328608,62.78598418745058,54.22798688025789
2025-09-28 23:15:00,8.873646052675866,52.79614905232358,66.35714285714286,27.08338681894255,66.96408232089698,807.9396936859121,62.394192991015565,54.45033271381824
2025-09-28 23:30:00,9.096113016182654,52.88056961186472,66.35714285714286,27.11740951689489,66.76281563319706,815.6839966629203,62.47581300800674,54.07563277876676
2025-09-28 23:45:00,8.853720705936938,52.86822351593612,66.35714285714286,27.09359999581593,66.67613817625892,822.296838492542,62.02380279855908,54.1581978116662
2025-09-29 00:00:00,8.840124194466574,52.73267128969721,66.35714285714286,27.071724014372094,66.65277305876089,815.3369008811784,61.61353015151152,54.27296296529203
2025-09-29 00:15:00,8.779949272339001,52.70850283971209,66.35714285714286,27.006915145168637,66.77848880661377,824.1966184040698,62.46193608601334,54.14369044303394
2025-09-29 00:30:00,9.099805286485322,52.59491155136553,66.35714285714286,27.05733168857616,66.64066682039557,815.4704925679354,62.070846499176106,54.15369815778958
2025-09-29 00:45:00,9.282679290843179,52.58545000101624,66.35714285714286,27.079852518395445,66.55660856671358,823.5993363091263,62.27663973836856,53.927414457273834
2025-09-29 01:00:00,9.131332242039875,52.541678607304206,66.35714285714286,27.028225159045938,69.1337117616898,827.1289248626822,61.45909938203358,54.56250929890952
2025-09-29 01:15:00,8.679059391447055,52.47714098190839,66.35714285714286,27.09297094246479,68.86388367761657,831.576837804545,61.63190299278825,54.6425060099768
2025-09-29 01:30:00,8.56057770785511,52.528137077059945,66.35714285714286,27.074019842061283,68.84217368434605,824.9957989947143,63.1092450186022,54.30883340534634
2025-09-29 01:45:00,8.310429882275763,52.51090101056232,66.35714285714286,27.091063069092023,68.75957444845758,835.886438314648,61.60590343153464,54.40000285727962
2025-09-29 02:00:00,8.626794361497199,52.5327585903184,66.35714285714286,27.121718606892088,68.5864851507556,827.499614695092,62.172290598372925,54.798921505231256
2025-09-29 02:15:00,8.484382302264024,52.494794084615556,66.35714285714286,27.08158774331236,68.41752841260092,825.5842933977807,62.75123652398349,54.744404934062686
2025-09-29 02:30:00,8.288689717546283,52.39516270908051,66.35714285714286,27.068762659548618,68.28625790750009,824.6704371218385,61.89958118560453,54.520531178909366
2025-09-29 02:45:00,7.570040619037046,52.421085657044195,66.35714285714286,26.998096664055055,68.40210860233616,829.036523257002,61.65589563784841,54.5761055372141
2025-09-29 03:00:00,7.1819320511188005,52.430322678422776,66.35714285714286,26.98128000447461,68.46962373092855,835.7800842863606,62.20708311212685,55.00030768795859
2025-09-29 03:15:00,7.281161742319808,52.40093248968339,66.35714285714286,26.9372329309707,68.70595880315933,838.0820577682242,62.702086441408376,55.12884117765586
2025-09-29 03:30:00,7.784914381700489,52.35347758661921,66.35714285714286,26.960899856064678,68.57760475572547,838.1700650159836,61.71005707558544,55.071902438315355
2025-09-29 03:45:00,7.829716211457955,52.27118082788718,66.35714285714286,26.912406939428692,68.26132016532127,836.7420638771089,62.426485265427466,55.11565929219688
2025-09-29 04:00:00,7.989237539109482,52.30005042472497,66.35714285714286,26.888873448250962,68.42880067411157,832.4567174882565,62.53027593272283,55.1850894174857
2025-09-29 04:15:00,7.829318320027013,52.23945300864242,66.35714285714286,26.860177087222368,68.29251227369409,834.9431671250023,61.795355613037955,55.132933848170566
2025-09-29 04:30:00,7.455217518754979,52.18317973350778,66.35714285714286,26.852034947203627,67.93075172318923,829.6581405134306,61.80957421899585,54.96577488072633
2025-09-29 04:45:00,7.544129201638682,52.200968609567944,66.35714285714286,26.86909556965364,67.92821694905132,836.8456391987917,62.259347121593024,54.9642254042718
2025-09-29 05:00:00,8.01149803513459,52.208752252426365,66.35714285714286,26.8397358669622,67.93104459553733,835.3042776093497,61.859220070777326,55.19698026634185
2025-09-29 05:15:00,8.473750769307474,52.175838298739414,66.35714285714286,26.803199178163158,67.94935802735064,836.6816860495236,61.353504665096956,55.04800999140312
2025-09-29 05:30:00,8.495631984275626,52.19466720146467,66.35714285714286,26.781367778251244,65.47016642987158,833.6094204013099,61.318349307876915,54.67806109124519
2025-09-29 05:45:00,7.961832768704463,52.381901738948436,66.35714285714286,26.793498513628663,65.32604934538709,829.684266045465,61.75655858962064,54.61638348652179
2025-09-29 06:00:00,7.686418968518427,52.30795530866627,66.35714285714286,26.83660595462963,65.39063482111769,830.5188191715209,61.81492755438825,54.38302287297724
2025-09-29 06:15:00,7.514678149086859,52.327576730180624,66.35714285714286,26.84829711484329,65.25246327564201,826.7136265573156,61.69500215363893,54.61606168568901
2025-09-29 06:30:00,7.747414358913733,52.34118888458867,66.35714285714286,26.814229237101678,65.14318112045581,831.0719831340213,61.36581020078987,54.54991493337292
2025-09-29 06:45:00,7.933883566333235,52.33217459221908,66.35714285714286,26.802486015232006,65.3621149954656,835.7636603670145,62.492648688322724,54.67852806200704
2025-09-29 07:00:00,7.713729829228238,52.14968020794687,66.35714285714286,26.811621032390033,65.13334748284393,838.0927935453564,61.90712426737024,54.66424930629812
2025-09-29 07:15:00,6.943357725946097,52.20916934661732,66.35714285714286,26.84999397371839,65.11862493038954,834.7338809748848,62.03578527406693,54.761489759141384
2025-09-29 07:30:00,6.4332569005489955,52.156938184694155,66.35714285714286,26.829761361079303,65.14527192455894,839.5759394085087,60.75492266225606,54.59461931267998
2025-09-29 07:45:00,6.4583712852384645,52.154222485986665,66.35714285714286,26.81934579990867,65.25536345738959,843.570471046775,61.9965409061736,54.39509617697448
2025-09-29 08:00:00,6.430461112075503,52.172511217001556,66.35714285714286,26.798660022463284,65.35494998136535,845.7882359815931,61.481503258958256,54.46028805608032
2025-09-29 08:15:00,6.315320411404851,52.13183064145578,66.35714285714286,26.826116890179225,65.24652053522226,844.8663475132187,62.46425158053122,54.0563452164152
2025-09-29 08:30:00,5.939100364623761,52.08922625121499,66.35714285714286,26.843963715771824,65.14132385445282,840.4838667851592,62.43561502851573,53.82181493187511
2025-09-29 08:45:00,5.15700759523682,52.06175608110777,66.35714285714286,26.851060104470367,65.2196146970431,841.2208495127542,62.3523849160479,54.059457555331264
2025-09-29 09:00:00,4.665018565409746,52.08211810140097,66.35714285714286,26.8642391432619,65.1075178111375,841.7971216693176,62.29616721789678,54.370917188787004
2025-09-29 09:15:00,4.58252676216716,51.86273007339044,66.35714285714286,26.907121182111304,64.98728750380837,841.7260059336725,62.932820507628676,54.2984677259305
2025-09-29 09:30:00,4.812130911160854,51.71977980975818,66.35714285714286,26.924447616769232,64.9577622990343,841.7971691736577,62.26605555225977,54.43833208706157
2025-09-29 09:45:00,4.934545428332752,51.771344477297575,66.35714285714286,26.952676689888428,65.02720019676488,846.4135100907287,63.1522977465557,54.95591544669256
2025-09-29 10:00:00,5.1938519620738886,51.75583831908658,66.35714285714286,26.960359642624883,67.97593955858542,848.20715015096,62.52726003082745,55.67769623819015
2025-09-29 10:15:00,4.87077711153491,51.7102033481728,66.35714285714286,26.95442508628647,68.06373429604598,855.7454564722667,62.76202572239914,55.73374813958842
2025-09-29 10:30:00,4.610578179694746,51.683359668489686,66.35714285714286,26.94924101211048,68.28825572393464,850.5073196285588,61.670917936528305,55.99948132067406
2025-09-29 10:45:00,4.565881950641842,51.71480326229434,66.35714285714286,26.94008780720228,68.30426117338365,847.4158809613689,62.96609785308633,56.037353788831304
2025-09-29 11:00:00,5.116186505013246,51.77129891480745,66.35714285714286,26.92670062472948,68.19335206996358,843.8751533527775,62.854123758014794,56.05646940071897
2025-09-29 11:15:00,5.448260045571587,51.84456834611027,66.35714285714286,26.93901011932356,67.92588224169552,847.2847179029826,61.944446076286724,55.73132038188773
2025-09-29 11:30:00,5.79029222008922,51.95183548144232,66.35714285714286,26.899504400536653,68.02158602728667,846.4437253341705,62.07018395749721,55.566541560303996
2025-09-29 11:45:00,5.614271579443914,51.99252246432001,66.35714285714286,26.945147741007535,68.31364945230528,841.9601702864703,62.096815529755155,56.04790318012848
2025-09-29 12:00:00,5.4957493641336255,51.99857918856442,66.35714285714286,26.992731008319293,68.28453715732122,846.3319445832415,62.17969657074561,56.18284855509697
2025-09-29 12:15:00,5.585587591612559,52.04094964610256,66.35714285714286,27.06282685745553,68.45135676096088,842.5389912963146,62.70567641169998,56.024502111077794
2025-09-29 12:30:00,5.6246114357085615,51.97587564530113,66.35714285714286,27.00312452348549,68.24822272149653,843.4809766961495,63.41320157174562,55.993795967320004
2025-09-29 12:45:00,5.504441558066879,52.03591240011923,66.35714285714286,26.96329817155633,68.2429277445804,842.9514466515461,62.62968805192256,55.97596815791829
2025-09-29 13:00:00,5.078518885894721,52.07959560217632,66.35714285714286,27.016475824850826,68.33615933244587,846.2232287005745,62.71037496673918,55.69403729696107
2025-09-29 13:15:00,4.6233854360955435,52.0835008653827,66.35714285714286,27.052893492385433,68.43069540724635,845.7886285271052,64.23419715208766,55.50358119765553
2025-09-29 13:30:00,4.489466850845622,52.08885798115098,66.35714285714286,27.075163797516886,68.25148196382946,851.4557100393216,62.95902971208733,55.45551208751472
2025-09-29 13:45:00,4.315520976233656,52.04500257106547,66.35714285714286,27.117421702561607,68.42939833277329,849.3053344347848,63.780098202931526,55.648682364316244
2025-09-29 14:00:00,4.12950386260605,51.96674551194241,66.35714285714286,27.15605449930413,68.5066616615603,854.2291082175124,63.98783291517488,55.414523281143815
2025-09-29 14:15:00,4.236766122410748,51.98221452607042,66.35714285714286,27.21066675718473,66.11562928565378,847.277859643161,63.68362513860031,54.815987364635326
2025-09-29 14:30:00,3.7378767786441007,52.06447793816647,66.35714285714286,27.234520721093414,66.11946190009245,851.5069696992756,63.78951203066301,54.89578007797293
2025-09-29 14:45:00,3.4534296220114786,52.088773500476655,66.35714285714286,27.237412161103354,66.09526738308509,848.6946302899058,63.11621352950975,54.606570778883174
2025-09-29 15:00:00,3.269964156016873,52.17278539056852,66.35714285714286,27.237336218015887,66.55557806475994,841.1392583282714,63.60467694735345,54.62407752324281
2025-09-29 15:15:00,3.603899382347245,52.304977462166654,66.35714285714286,27.212366479652776,66.54383962286553,843.1632618561033,63.67755270176607,54.630215261869196
2025-09-29 15:30:00,3.9372985520483894,52.28430328265357,66.35714285714286,27.233160181768568,66.40656548029601,841.8754444142717,64.01557451130401,54.62692685357709
2025-09-29 15:45:00,4.137678858105601,52.51683794712892,66.35714285714286,27.223359125073802,66.3749607231566,850.7303343174891,64.98227479497406,54.1327921851757
2025-09-29 16:00:00,4.474917339209342,52.6603025996098,66.35714285714286,27.259902236930575,66.23589051510905,849.364845232384,63.749787438450014,54.37969624273369
2025-09-29 16:15:00,4.413250228120328,52.679943650515,66.35714285714286,27.209057083557557,66.29413506148312,839.0445924258628,64.18551005305852,54.61357376031131
2025-09-29 16:30:00,4.63737776474797,52.69698246823189,66.35714285714286,27.210236129474,66.27628432022267,847.5864322552288,63.9171129245333,55.01129023201548
2025-09-29 16:45:00,5.107734128801937,52.634988752050106,66.35714285714286,27.16752001593164,66.48835843028793,846.3813319421574,63.44577307632793,54.84671002674181
2025-09-29 17:00:00,5.645288171077415,52.763722813933825,66.35714285714286,27.09690170223406,66.41381950085074,843.3675276863894,63.70416943879088,54.62562948302917
2025-09-29 17:15:00,6.399925845599801,52.82579374289544,66.35714285714286,27.095868595151273,66.31710657931136,834.7508068153907,63.168236450785166,54.32719325825873
2025-09-29 17:30:00,6.322583091051957,52.893733902323554,66.35714285714286,27.167859356292613,66.09081625430082,836.8489558110678,63.5846074762831,54.495614088880494
2025-09-29 17:45:00,6.309072545270117,52.89048704391214,66.35714285714286,27.1135362779728,66.02857680436243,834.2075946076243,63.30683512762719,54.54928180080455
2025-09-29 18:00:00,6.170368220856695,52.92986177044898,66.35714285714286,27.127139589200873,66.28120997613256,845.6920102913025,63.16659192195342,54.54486078751921
2025-09-29 18:15:00,6.346208625324277,53.008878723838066,66.35714285714286,27.13492428952336,66.21960226032297,845.7590928151285,62.9032026114979,54.21459388771347
2025-09-29 18:30:00,6.632221661609541,53.050387852308894,66.35714285714286,27.08587987585975,66.02780801832338,845.1074137221852,64.14012127010231,54.276416677617405
2025-09-29 18:45:00,6.820792080912934,52.991065135347476,66.35714285714286,27.11079288740643,68.79045554651626,846.2385448527428,62.604749800656236,54.26113206366811
2025-09-29 19:00:00,6.864173997589619,52.98180280020504,66.35714285714286,27.088688708812345,68.61349036001577,842.8016645203645,63.47755662604192,54.35763609912459
2025-09-29 19:15:00,6.583151998132156,52.89575657752779,66.35714285714286,27.047899967927094,68.65970592546154,838.3197356786544,62.9131866538178,54.30066739324843
2025-09-29 19:30:00,6.017608457563085,52.94195813618907,66.35714285714286,27.091271329970798,68.78806815765539,846.1537794146174,63.291953081777756,54.58288001170663
2025-09-29 19:45:00,5.865420071954694,52.98077987287259,66.35714285714286,27.16115373759152,68.70565312994817,847.0277145196653,63.23293011653621,54.83122584874491
2025-09-29 20:00:00,6.250393409901478,52.815464368722495,66.35714285714286,27.17171943269525,68.97932753478294,847.717153494302,63.2050750158566,54.77799467777726
2025-09-29 20:15:00,6.179332267570843,52.925213898009964,66.35714285714286,27.135910247512076,68.77949350344174,845.6352034762841,63.315098934224345,55.03262977968694
2025-09-29 20:30:00,6.0893672906779095,52.965851403645026,66.35714285714286,27.138594215516175,68.74541525001142,836.0589364217071,63.778976541617986,55.34869419557915
2025-09-29 20:45:00,5.88761702393968,52.87661424507682,66.35714285714286,27.150870500275047,68.8611484282951,843.8654472347821,62.47859186544689,55.298477831750525
2025-09-29 21:00:00,5.707224098779336,52.850485835412414,66.35714285714286,27.160399078784593,69.0614773762584,846.8315378641662,63.00993470374034,55.009297072040525
2025-09-29 21:15:00,5.99497752471886,52.855477471867744,66.35714285714286,27.205588070730446,69.25012583700799,845.1125085814606,63.75157966123394,54.86613609421761
2025-09-29 21:30:00,6.203023502494238,52.802067404002635,66.35714285714286,27.216122803091732,69.27142740669579,844.9903601130326,63.41226337406154,54.93184049461987
2025-09-29 21:45:00,6.68899785814355,52.817407605561584,66.35714285714286,27.1749661018493,69.04985156262238,847.595087667505,61.51019654313587,54.95440691504082
2025-09-29 22:00:00,6.851321145608444,52.73053111763301,66.35714285714286,27.127678874264816,68.86551302192751,849.338790050515,63.199266204496034,54.71141746729908
2025-09-29 22:15:00,7.003971543787266,52.7246482482464,66.35714285714286,27.10634566140819,69.23478077427075,847.7963409533436,62.687302181933056,54.555339630873284
2025-09-29 22:30:00,6.834888527648714,52.633087413006066,66.35714285714286,27.1473599247295,69.05740562609837,854.5752613207636,62.41148452538979,54.67535775695437
2025-09-29 22:45:00,7.094661548727807,52.679819565831835,66.35714285714286,27.115269235265014,69.31056391649777,859.2769219324838,62.86680204460813,54.90337212921314
2025-09-29 23:00:00,7.744869912266359,52.55856525357973,66.35714285714286,27.066899320821673,66.63080705418108,862.5402973983954,62.99556396671416,54.774699298753596
2025-09-29 23:15:00,8.701305224833163,52.51259240729117,66.35714285714286,27.074801393861193,66.16410173844265,866.5006847302118,62.798255873852995,54.62000676759345
2025-09-29 23:30:00,8.718472275985231,52.48740043137411,66.35714285714286,27.08673850028809,66.11084350164968,856.9838644705866,63.13324752040146,54.952453295850894
2025-09-29 23:45:00,8.860862230746969,52.395647558088726,66.35714285714286,26.99026973016693,66.13071742201755,859.3815154439208,63.84006793181292,55.002300912918166
2025-09-30 00:00:00,8.959696723880377,52.53441584626266,66.35714285714286,26.98234180091992,66.31326637382548,854.0676490336151,63.019471124964134,54.95207549766595
2025-09-30 00:15:00,9.028346101582564,52.40584997287425,66.35714285714286,26.9782486620434,66.07449145986041,843.6524436858509,62.47224419914846,55.102802046266994
2025-09-30 00:30:00,9.290662642854564,52.46847769764172,66.35714285714286,27.015867833718097,65.92135649391076,849.0925585912054,63.23754505169667,55.03538560391198
2025-09-30 00:45:00,9.362143475224464,52.32489782725879,66.35714285714286,27.03953096330221,65.781468702549,843.4404244702711,62.72787598664428,55.05721342815977
2025-09-30 01:00:00,9.118971226783126,52.38496990769878,66.35714285714286,27.09046043256079,65.87978662088216,840.361594325689,62.534247617790015,55.26086299707532
2025-09-30 01:15:00,8.621318480007346,52.298899790899135,66.35714285714286,27.08989317261546,65.64759289425287,840.4904336486458,62.686349689043084,54.5781250203826
2025-09-30 01:30:00,8.12716586193852,52.22771000511793,66.35714285714286,27.052426789644382,65.8513327717846,839.5461146895111,63.011096103808796,54.712768728514526
2025-09-30 01:45:00,7.789104356969253,52.12583381751654,66.35714285714286,27.102147500425357,65.88908069517753,845.583580834095,61.99331316866635,54.81524782924388
2025-09-30 02:00:00,7.680433204555376,52.077651186674494,66.35714285714286,27.01854473122209,65.81595467742223,843.2558216862591,61.440728220297885,54.80113116492694
2025-09-30 02:15:00,7.825331209156561,52.03475894432887,66.35714285714286,27.042219642405804,65.91839620892678,847.9686925304297,61.92986224891517,54.94258118376476
2025-09-30 02:30:00,7.254154498335877,51.89143840920584,66.35714285714286,27.038472696390013,65.82705332208332,851.5452608915909,61.29974239380228,54.86365039434133
2025-09-30 02:45:00,6.740743579636412,51.71689960572926,66.35714285714286,27.12646349631781,65.68506868630926,841.1649804402043,61.5651076748798,54.38616485068258
2025-09-30 03:00:00,6.403548461772673,51.54400496966114,66.35714285714286,27.105676506267336,65.80741659053132,837.3123357382538,62.15835275862491,54.50835063785441
2025-09-30 03:15:00,6.734766542239907,51.43532020706871,66.35714285714286,27.122329531635895,65.9040647847619,838.1001996788546,61.445575861186946,54.30598916916043
2025-09-30 03:30:00,6.9851038969161054,51.58134999596234,66.35714285714286,27.11613886161904,68.68234310663388,843.3233720981264,61.189877657161546,54.39105513413049
2025-09-30 03:45:00,7.163168563509331,51.70792667542484,66.35714285714286,27.110095431195294,68.62642013160183,845.6386887403568,60.94620380021385,54.45458372234459
2025-09-30 04:00:00,7.104168299748225,51.6827052394847,66.35714285714286,27.09808175506963,68.983142051569,839.76289576579,60.51183449235506,54.43951252116588
2025-09-30 04:15:00,7.226806556020518,51.63125737518233,66.35714285714286,27.121640858605414,68.91758316888645,836.9851070465375,61.55736911683719,54.68521011976466
2025-09-30 04:30:00,7.075488516393827,51.64092247877022,66.35714285714286,27.14794211158721,68.94595403029555,840.7265189273252,62.111340830936065,54.281241588359855
2025-09-30 04:45:00,7.344306173286527,51.60347711440149,66.35714285714286,27.09092114338368,68.54567236930544,841.3172945831143,61.36053299467456,54.09559842956633
2025-09-30 05:00:00,7.781164432017887,51.49416462423854,66.35714285714286,27.076388833749245,68.39163989361259,853.2830552381131,60.98639369707356,54.40088525143246
2025-09-30 05:15:00,8.327912586115282,51.550102468522326,66.35714285714286,27.09526870300121,68.33982482610442,849.2703155345265,61.39524049301477,54.49605665879587
2025-09-30 05:30:00,8.321831013364813,51.60848868843945,66.35714285714286,27.11353862259453,68.24223745362828,842.4202317543616,61.20677090064555,54.56426010955762
2025-09-30 05:45:00,8.004840953740237,51.74549907743012,66.35714285714286,27.122839168090287,68.02931316971505,838.367843984285,61.04411500649338,54.353742707492174
2025-09-30 06:00:00,7.80178634958829,51.67254719927284,66.35714285714286,27.170312666985552,68.18955994708891,844.9181014671748,60.81460874601382,54.45256098190658
2025-09-30 06:15:00,7.834567743587968,51.65033313816028,66.35714285714286,27.176449914223838,68.18661805619327,841.2644317019233,62.08627064726647,54.21926613995654
2025-09-30 06:30:00,7.930172209349648,51.66534501641707,66.35714285714286,27.21039811485223,67.93494656704368,841.8656712703809,61.17019851582237,54.352223900494195
2025-09-30 06:45:00,8.387322478924684,51.46351388242746,66.35714285714286,27.236778113865956,67.87725777963118,846.1527204084139,61.65962526806054,54.346285284680064
2025-09-30 07:00:00,7.865126178325153,51.45936069729549,66.35714285714286,27.17986528840328,68.07782059866449,841.3181301903493,61.51195437993525,54.52430660657115
2025-09-30 07:15:00,7.158057659187467,51.418149253286,66.35714285714286,27.204255857307462,67.92088683751588,844.330474109631,61.84318438608411,54.72637243949013
2025-09-30 07:30:00,6.455307300651886,51.43199905589614,66.35714285714286,27.23282143203535,67.62670699904169,841.0632685362517,61.419200706681465,54.1258452490699
2025-09-30 07:45:00,6.0691651788906436,51.470253770627075,66.35714285714286,27.249148259040147,67.57145608525244,839.7134088377313,61.74618870001696,53.80908796097831
2025-09-30 08:00:00,6.207601448759852,51.4605614974308,66.35714285714286,27.288125266469546,65.35743944662363,832.8655149084276,62.23293439615123,53.50842552526282
2025-09-30 08:15:00,6.079677329305951,51.426416298643126,66.35714285714286,27.27324419034119,65.75378197751203,831.1384911377278,61.93728470407287,53.29104701476531
2025-09-30 08:30:00,5.913158064544746,51.39609227585762,66.35714285714286,27.302724942693672,65.70729430845775,829.2445070747598,62.22303253452066,53.321676610338024
2025-09-30 08:45:00,5.262505513360532,51.30110285401494,66.35714285714286,27.323986176865713,65.55891409295624,823.526242587832,61.901764960439735,53.59763886312158
2025-09-30 09:00:00,4.796648742432531,51.27887790049266,66.35714285714286,27.328768000713012,65.45089047457192,821.2733229051752,61.3695861040767,53.13049097967197
2025-09-30 09:15:00,4.895986655637902,51.348942933938275,66.35714285714286,27.346440486623663,65.60683645660157,827.1520689634544,61.64217352167724,52.91152708944124
2025-09-30 09:30:00,5.273353117822293,51.399112972209,66.35714285714286,27.401755340352857,65.34396025670574,826.9684826821928,61.509645239337516,52.876908872160165
2025-09-30 09:45:00,5.256464911587645,51.39257196443995,66.35714285714286,27.370168060742262,65.4370262099224,833.7346659315658,62.48820872029102,53.021856317327824
2025-09-30 10:00:00,4.987487124040924,51.45723836465771,66.35714285714286,27.420469187810543,65.3664536806791,833.254378965964,62.339436888581304,52.85756628660588
2025-09-30 10:15:00,4.89881052197409,51.44935786121953,66.35714285714286,27.390173538887193,65.4464553898731,827.9070314198783,61.87923135107011,53.212891333841725
2025-09-30 10:30:00,5.011568643815886,51.41002688700908,66.35714285714286,27.378694758769004,65.5178909131661,825.6395576077955,62.10758715930793,53.35201610921124
2025-09-30 10:45:00,5.23235264326688,51.373880244494046,66.35714285714286,27.429566311180253,65.5444725078123,832.0382527006124,62.676149586670086,53.66883365521176
2025-09-30 11:00:00,5.354013578339791,51.318031575930554,66.35714285714286,27.392026939299736,65.73052714140353,834.2461468419777,61.8974872370303,54.04092890960228
2025-09-30 11:15:00,5.879220748978618,51.35458571496981,66.35714285714286,27.448156867000737,65.83638031987671,832.3681836562735,62.328605553764724,54.07413910838513
2025-09-30 11:30:00,6.047604460400112,51.331146157395395,66.35714285714286,27.494369907188734,66.1514389626742,830.4214518830648,62.752334272070335,53.988010850303176
2025-09-30 11:45:00,5.746544137171921,51.29388440318076,66.35714285714286,27.503861914781236,66.02974655122638,831.8984300728238,61.9386167394794,53.916151425175954
2025-09-30 12:00:00,5.5146259938082896,51.35204953454059,66.35714285714286,27.525928869415296,66.33077588535177,830.7437302470559,61.33397847773507,54.007883726312734
2025-09-30 12:15:00,5.539090905694369,51.39677212121734,66.35714285714286,27.45589415186149,68.9853073853355,835.8122419104849,62.045802327240125,54.294758360317786
2025-09-30 12:30:00,5.63113762615334,51.43306226514836,66.35714285714286,27.409564485314917,69.09527730366644,829.6367223139587,62.181286636730825,54.21464253964221
2025-09-30 12:45:00,5.626699157261449,51.358375485725745,66.35714285714286,27.393133590903556,69.22721047939925,827.7256992499952,62.82271694053499,54.53908065445854
2025-09-30 13:00:00,5.84343598431879,51.33843645105419,66.35714285714286,27.348484196964417,69.20505310058627,828.5420107713569,62.191468925233885,54.0356360134998
2025-09-30 13:15:00,5.360568220328547,51.45297141010116,66.35714285714286,27.341978873779368,69.40810972958647,822.1979586927756,62.90721310826469,53.77833945909572
2025-09-30 13:30:00,4.62355463429375,51.46004200293733,66.35714285714286,27.304278328340953,69.74485519914197,824.5044065466521,62.4411269269815,54.21662061898387
2025-09-30 13:45:00,4.400365107313167,51.535137410328886,66.35714285714286,27.316284659281916,69.90160398950907,818.7128718140533,62.83304652873636,54.14092114937615
2025-09-30 14:00:00,4.662751144605251,51.626138138061954,66.35714285714286,27.364630338625837,69.6450598101732,819.1067732230827,62.49211622369911,54.08976291235208
2025-09-30 14:15:00,4.543641104434359,51.75694256275816,66.35714285714286,27.318851487952937,69.51034314684331,827.293076851435,63.27055990558526,54.26165435107774
2025-09-30 14:30:00,4.059592284541022,51.83861125905334,66.35714285714286,27.36638262625215,69.71696013982324,828.9331716886564,62.33417919638609,54.16982934802258
2025-09-30 14:45:00,3.325478054567783,51.721840396231585,66.35714285714286,27.35189538628059,70.28203833245638,827.2455985172725,62.458679906351186,54.44660450197658
2025-09-30 15:00:00,3.192348853572131,51.67740283255328,66.35714285714286,27.360289030935625,70.18937461870071,825.8903290901068,62.724304106338785,53.77901380343903
2025-09-30 15:15:00,3.4160534704110805,51.61770562275545,66.35714285714286,27.39273766278991,70.33282708290868,820.108581357959,64.00648499835303,54.16601007802957
2025-09-30 15:30:00,3.790028141120951,51.59227702956961,66.35714285714286,27.369497851147724,70.32867430224184,822.9003131953544,64.1019577440862,53.943104639443284
2025-09-30 15:45:00,4.221344219757768,51.62791350638925,66.35714285714286,27.337526892204625,70.28745462105238,816.7657428176408,62.935456665558604,54.17670338171422
2025-09-30 16:00:00,4.546573823762149,51.58565640181175,66.35714285714286,27.356297185022775,70.68682927069916,817.667189601177,63.19354783560559,54.23390065460458
2025-09-30 16:15:00,4.441940573070473,51.695094464314664,66.35714285714286,27.40528956370779,70.90196956457793,820.3899935644889,62.326694489472516,54.31843702713741
2025-09-30 16:30:00,4.391016600356701,51.777998959740785,66.35714285714286,27.39472969491046,70.63258971720246,826.3780521418423,63.27630971505456,54.284766625133955
2025-09-30 16:45:00,5.01998631469622,51.774532466957794,66.35714285714286,27.379960042467538,68.07145644577865,819.4245574046681,63.16016293274351,54.533864586441304
2025-09-30 17:00:00,5.776416495712442,51.750089907552336,66.35714285714286,27.34745597551454,67.765266227514,806.9038330264067,63.40619896507739,54.32602917381611
2025-09-30 17:15:00,6.259653712049458,51.68929666350914,66.35714285714286,27.298657987282777,68.0088540680283,802.5271338770457,63.053351063479816,54.531075652316254
2025-09-30 17:30:00,6.283411205235931,51.690171023858994,66.35714285714286,27.230736695738162,68.1956605206972,793.4750735402747,62.9245647511826,54.43302692346035
2025-09-30 17:45:00,6.2190306838637195,51.86325314362465,66.35714285714286,27.20482083057461,68.04163342586868,788.7384164705867,64.03667126159392,54.64170994788038
2025-09-30 18:00:00,6.057280695104233,51.919241222033136,66.35714285714286,27.239949812888582,67.79813997917623,793.9665988560483,63.98362342073607,54.90925108197075
2025-09-30 18:15:00,6.222772906299032,51.80116188099847,66.35714285714286,27.183943494561895,67.58232924542787,806.5778804721389,63.14729568895012,54.77301667947953
2025-09-30 18:30:00,6.7072569822833845,51.862836247425456,66.35714285714286,27.17029534987784,67.61811724710985,813.8909901790652,63.545732343760456,54.94707799451221
2025-09-30 18:45:00,7.003866464261413,51.820768578841665,66.35714285714286,27.160043987596737,67.3100698247696,823.4978890273719,63.357052771975845,54.767589896161624
2025-09-30 19:00:00,6.663330446199901,51.66325628030504,66.35714285714286,27.19706248586313,66.93301060094872,825.0049079220514,63.57217385902207,54.726624331575124
2025-09-30 19:15:00,6.345542457364205,51.667829445585504,66.35714285714286,27.14776994976712,66.96817771351135,817.9889202638254,64.38179821513046,54.73575441694872
2025-09-30 19:30:00,5.812165607620534,51.692910933276316,66.35714285714286,27.194549970474572,66.8535412583701,819.3658946419566,63.88272094107733,54.55011737141347
2025-09-30 19:45:00,5.852002909070345,51.67127942649257,66.35714285714286,27.201237773999345,66.9811118226248,830.4276953394108,64.00160240683661,54.93439617553687
2025-09-30 20:00:00,6.097458265005685,51.77394667409014,66.35714285714286,27.181906415236526,66.75708493340176,828.5036371133739,63.20628686703424,55.34035973613814
2025-09-30 20:15:00,6.067619931338224,51.73787757863035,66.35714285714286,27.210533875775504,66.83189968593909,830.2949238366712,63.0658368176326,55.084673106928506
2025-09-30 20:30:00,5.894965702099012,51.7525326279806,66.35714285714286,27.21048277876949,66.76543197585937,826.4336040109137,63.33748514550114,55.08220939847119
2025-09-30 20:45:00,5.56375482194648,51.76044228921119,66.35714285714286,27.215331991489307,66.85265874608571,827.2018885307909,61.94863514116708,55.03158718130899
2025-09-30 21:00:00,5.472623362983091,51.815582934130425,66.35714285714286,27.166548513579038,66.7188161286889,830.3858228135979,63.51217871972444,54.82711983636726
2025-09-30 21:15:00,5.821666224249323,51.78807124437696,66.35714285714286,27.094066525964983,68.95665962521323,827.5259897528149,62.63387816134738,54.72720290758035
2025-09-30 21:30:00,6.361769761895892,51.89043076215492,66.35714285714286,27.069054760285546,68.9479392548762,821.7206259098971,61.53576180843201,54.890885644051274
2025-09-30 21:45:00,6.684088739177933,51.76205923643002,66.35714285714286,27.09498123709118,69.10221933836533,825.9950063468706,62.02649064482084,54.740380540569895
2025-09-30 22:00:00,7.042174582811045,51.68547246008697,66.35714285714286,27.094404893076963,69.13122466600655,826.33771014292,61.7607596709961,54.57631112180865
2025-09-30 22:15:00,6.888546051691831,51.72613943680957,66.35714285714286,27.146402003363107,69.10233571719144,826.5310656586765,62.428414664899286,54.353015849940135
2025-09-30 22:30:00,7.039869116066087,51.68089116967034,66.35714285714286,27.155885511717536,69.04147008577074,824.8608450568756,62.03932494689136,54.56137316043751
2025-09-30 22:45:00,7.390041842442293,51.67784209086268,66.35714285714286,27.181558031890166,69.16175082422242,813.2026774335009,62.46180415417997,54.862469245569955
2025-09-30 23:00:00,7.575770895830906,51.692374879944914,66.35714285714286,27.194611821729463,69.25755497684897,820.8092797533925,62.11350710384973,54.75917658453824
2025-09-30 23:15:00,8.274475412414372,51.48322977429369,66.35714285714286,27.214962767005858,69.12380401529927,817.1881843064637,61.95706984505925,54.89640855734646
2025-09-30 23:30:00,8.645784736728972,51.42561816416095,66.35714285714286,27.20521039845792,69.28483543042516,819.1548875378884,62.039153303664946,54.72362956650366
2025-09-30 23:45:00,8.709291303380022,51.361241008623566,66.35714285714286,27.19493097621847,69.09407493310258,824.3756226630948,62.07558961273488,54.51626457615816
2025-10-01 00:00:00,8.675765424118538,51.37379818181335,66.35714285714286,27.13928582188832,68.93343688746258,820.6513266768669,61.932007069842975,54.39514221841449
2025-10-01 00:15:00,9.054744363087778,51.300531546765875,66.35714285714286,27.13300973186923,68.66319764567416,820.912856437342,61.70033122099482,54.43322598298683
2025-10-01 00:30:00,9.124541693484991,51.248689861625785,66.35714285714286,27.124515556969392,68.63761940178532,822.1504407615038,61.18219944711929,54.68387929110349
2025-10-01 00:45:00,9.385567575874914,51.28869659253354,66.35714285714286,27.069358602250677,68.57744086594856,821.5087190119608,62.852210008599464,54.96274040676808
2025-10-01 01:00:00,9.227768080911796,51.204034213818666,66.35714285714286,27.122497647821525,68.68253877253815,816.982352578735,62.318293550792994,54.45125723243095
2025-10-01 01:15:00,8.55791226355374,51.16037779009242,66.35714285714286,27.122374211346013,68.47054152775154,809.6901029824091,62.11754690773632,54.349426304065624
2025-10-01 01:30:00,7.994606146792751,51.01195198852695,66.35714285714286,27.132677559582866,65.8381936838254,811.1123067582306,61.76226174833433,54.182209270362186
2025-10-01 01:45:00,8.070081374652789,51.024077029972915,66.35714285714286,27.098269884337434,65.47339062574522,812.5770882902648,62.96549389178867,54.41803565947679
2025-10-01 02:00:00,8.237260919341741,51.11964899944659,66.35714285714286,27.129694934496648,65.49355295085134,809.1089603181423,62.55221180996808,54.51595287332605
2025-10-01 02:15:00,8.62063716727756,51.16389111531118,66.35714285714286,27.201014578714783,65.45602611104289,808.6711277617648,62.07333297371708,54.42332425205302
2025-10-01 02:30:00,8.23182987516314,51.07074534497095,66.35714285714286,27.197302122333316,65.71645655276878,806.8116162171034,62.083807714720415,54.210948813465635
2025-10-01 02:45:00,7.662369537956491,51.05616248946609,66.35714285714286,27.202261457017908,65.82697679135663,810.6634707238297,62.13570018341677,53.72515047786202
2025-10-01 03:00:00,7.32470111262098,50.974964812192944,66.35714285714286,27.12642690072924,66.14514799704848,810.6558736603388,61.489923313634456,53.653711242362974
2025-10-01 03:15:00,7.4529176003052,51.06557325430476,66.35714285714286,27.17623798928727,66.1582915461981,812.550658161098,61.59043095943511,53.77829929762105
2025-10-01 03:30:00,7.581187217100298,50.88629706498047,66.35714285714286,27.24944266363643,65.84749191863985,817.4421947374714,61.294489331355486,53.742227465434716
2025-10-01 03:45:00,7.790996440587119,50.91910808604263,66.35714285714286,27.281490079268,65.92679294902521,811.6117946818553,61.86114669056268,53.786484161812794
2025-10-01 04:00:00,7.938413997024921,50.9197750292975,66.35714285714286,27.341671294176322,65.89280258508789,821.0360867013036,61.49001048707135,53.92802479900942
2025-10-01 04:15:00,7.712539551720338,50.75473082340013,66.35714285714286,27.299684250765722,66.09515369032066,821.9978004119508,61.78590676782116,54.15345359655021
2025-10-01 04:30:00,7.636672471687057,50.816478276603526,66.35714285714286,27.218035163963396,66.14335277416967,820.450977598578,62.4731564656737,54.299835519783976
2025-10-01 04:45:00,7.839376892981859,50.83656331946711,66.35714285714286,27.209433216861363,66.32729205243267,823.8517438853783,60.687967772312525,54.469703856017944
2025-10-01 05:00:00,8.244270173857592,50.91806905848709,66.35714285714286,27.17835322483318,66.17401139388834,824.7149068928925,62.36191882947089,54.55298751462455
2025-10-01 05:15:00,8.488157798741437,50.888366027527724,66.35714285714286,27.17374437789942,66.3781891252093,817.5044970064208,62.07349491438713,54.56910547728012
2025-10-01 05:30:00,8.676607450036492,51.029850634532764,66.35714285714286,27.185282147170206,66.07686375689252,817.4167327483716,61.47718843723315,54.72024697853559
2025-10-01 05:45:00,8.318523606621381,50.9431564522003,66.35714285714286,27.244355909453205,65.95826666323491,817.3456710020754,61.54638112528614,54.890510772683584
2025-10-01 06:00:00,7.800971747645842,50.91568171127906,66.35714285714286,27.24471226186326,68.38173515614548,820.1018119513459,60.497386747631815,55.27391841823265
2025-10-01 06:15:00,7.781068652489514,51.00903784289538,66.35714285714286,27.266771929205703,68.2563867687512,811.7705491577648,61.09708567601998,55.065832396925174
2025-10-01 06:30:00,8.04707024287104,50.93463240554526,66.35714285714286,27.244862758967606,67.95182402445613,809.924787016198,60.93060784097037,55.019340458425866
2025-10-01 06:45:00,8.083532961726048,50.95440702962529,66.35714285714286,27.327144502462943,68.60482409472671,801.4099973196043,61.56840209376026,54.88438407124722
2025-10-01 07:00:00,7.70507927592477,50.95078867159739,66.35714285714286,27.303650529748797,68.2815386007494,801.626354080179,60.74389426768874,54.916145341410505
2025-10-01 07:15:00,7.018061608948358,50.83452984656255,66.35714285714286,27.321442377416272,68.1013668103597,803.7895024126568,61.49133567699968,55.039707573909546
2025-10-01 07:30:00,6.35738462487371,50.76031680874476,66.35714285714286,27.29974198053512,68.29424848933175,806.1749733066281,61.80173511261722,54.95122585017317
2025-10-01 07:45:00,6.667757457381825,50.78037850175821,66.35714285714286,27.334185835741867,68.27022912475002,809.0606538561182,62.91704310278215,55.148280251801765
2025-10-01 08:00:00,6.717965501823924,50.8196924593648,66.35714285714286,27.360410030919756,68.20310038295685,811.9239734290071,61.5525031581849,55.24714096944607
2025-10-01 08:15:00,6.767935743670914,50.71635271065881,66.35714285714286,27.346321046356373,68.39057834798257,818.1865384872613,61.736550923077765,55.12393620771741
2025-10-01 08:30:00,6.331976401219015,50.73300847060587,66.35714285714286,27.40641411208025,68.53035094841869,816.5412699419794,61.38434901549598,54.81432048909758
2025-10-01 08:45:00,5.358644815442845,50.80785753450719,66.35714285714286,27.332581519227173,68.47474574526896,812.5384836264544,62.04519187505179,54.74441177619922
2025-10-01 09:00:00,4.941721986971604,50.81784087418862,66.35714285714286,27.274281248725746,68.57583920313924,812.6946086192665,61.99928908552694,54.52620036539048
2025-10-01 09:15:00,4.592424977751472,50.72638363935042,66.35714285714286,27.23678592432453,68.67438641094807,811.9857794614659,62.59500395619183,54.57142236748263
2025-10-01 09:30:00,5.038018810563563,50.77077289405786,66.35714285714286,27.21351215430431,68.55154315128,803.0053374046698,61.829611847611766,54.31868446541246
2025-10-01 09:45:00,5.244995003535769,50.67627931927737,66.35714285714286,27.259090689577846,68.53184309144564,801.8200315077861,61.833424190748076,54.3553864131036
2025-10-01 10:00:00,5.569991871384794,50.634950677047435,66.35714285714286,27.278288992752692,68.37791502993215,807.2041571353549,61.264592537140445,54.10073831985031
2025-10-01 10:15:00,5.389470481477952,50.64113327551197,66.35714285714286,27.285662505027833,68.35016971212102,803.0527929325427,61.70935845253105,54.2908170159386
2025-10-01 10:30:00,5.375982566351674,50.64670995783953,66.35714285714286,27.248150119470488,65.95855206091726,806.1450109297296,62.248784382208704,53.736204748669
2025-10-01 10:45:00,5.279441202193395,50.62771649210454,66.35714285714286,27.207105463706576,66.02063582885245,799.283751812038,62.507214059329556,53.75264280061679
2025-10-01 11:00:00,5.993658063445361,50.58533697762261,66.35714285714286,27.213080387125583,66.02131166774488,803.286117706663,62.163358243360776,53.83313371493893
2025-10-01 11:15:00,6.28963442553908,50.54949893044625,66.35714285714286,27.131291647891604,66.2271288476279,796.7652728237757,61.701621044250295,54.11803713715313
2025-10-01 11:30:00,6.178876228124187,50.56847835709478,66.35714285714286,27.109957786428946,66.1521018033031,798.1894913615786,62.1390794297124,54.361713965939266
2025-10-01 11:45:00,5.78285053907712,50.70230572184286,66.35714285714286,27.159078893225235,66.34265098107456,802.499792135524,61.45062018090255,54.38104746127326
2025-10-01 12:00:00,5.644096073636993,50.67915021958775,66.35714285714286,27.1599591846798,66.57364763282392,799.047915074728,62.81389812435043,54.82049584013009
2025-10-01 12:15:00,5.71626165449542,50.67643319041721,66.35714285714286,27.176866582793373,66.30378419229477,801.1950519669792,62.50670186251932,54.52958663825984
2025-10-01 12:30:00,6.216043847706193,50.71717086822523,66.35714285714286,27.166001009853133,66.5832484793991,800.6021528229761,62.632808337588344,54.56546297901945
2025-10-01 12:45:00,6.303166929456827,50.74172184619405,66.35714285714286,27.13364645278462,66.68390640039745,796.7878286676615,62.19991515308117,54.68250552053406
2025-10-01 13:00:00,6.069885332006259,50.76528914432817,66.35714285714286,27.155513975620867,66.92244315090535,796.1716816227256,62.64187049071207,54.74130210288988
2025-10-01 13:15:00,5.433182760516279,50.83953110236675,66.35714285714286,27.168992024351038,66.59436221849327,802.8287252821458,61.770004109878165,54.22024711950473
2025-10-01 13:30:00,4.688779479393403,50.81797137507368,66.35714285714286,27.228075296473943,66.5164212528143,800.1447941976303,62.360204028256106,54.41247788484684
2025-10-01 13:45:00,4.546811146988786,50.95449887644991,66.35714285714286,27.221862971466997,66.79894257968768,801.532545202798,62.83982151924108,54.89398673892579
2025-10-01 14:00:00,4.713712397863089,50.98496846474173,66.35714285714286,27.187502097339014,66.65135833720223,801.1546899782845,62.69448130885097,54.57335377815169
2025-10-01 14:15:00,4.676118251105643,51.06856868840267,66.35714285714286,27.23740064841908,66.63667394163477,797.7268617888259,62.71833899891279,54.758867537158636
2025-10-01 14:30:00,4.368528090450889,51.091471366043805,66.35714285714286,27.20694228823839,66.50334402984106,800.3864309809042,63.70589709937321,54.90712232417328
2025-10-01 14:45:00,4.079979422154107,51.115909609445374,66.35714285714286,27.21779484477176,69.27065115123865,811.8446848875928,63.38500288229502,55.209943763500995
2025-10-01 15:00:00,3.688677288346782,51.20702738348862,66.35714285714286,27.210983734566362,69.51177336127424,806.8498907945698,62.953738185942974,55.270574218375714
2025-10-01 15:15:00,3.778848900556407,51.160754316387916,66.35714285714286,27.170830774695617,69.44636081347478,805.4377317110323,63.174224553990555,54.98418221172107
2025-10-01 15:30:00,4.252217932691297,51.09660674165648,66.35714285714286,27.212673123486383,69.51427846451959,807.1776355540882,64.07783553172511,54.84626619219213
2025-10-01 15:45:00,4.452746215389975,51.11509472103405,66.35714285714286,27.234576241400653,69.26516416359048,805.3184078943481,63.75135965406323,54.52020825718053
2025-10-01 16:00:00,4.774975324156247,51.12179652130176,66.35714285714286,27.287846040012397,69.41471963366614,810.23054760129,62.362446205640765,54.52617077040495
2025-10-01 16:15:00,4.6874893272660785,51.07825970085397,66.35714285714286,27.237047635085748,69.53172688204099,807.940662214243,63.41441915305,55.112924081429135
2025-10-01 16:30:00,4.818216610777887,51.04156277546044,66.35714285714286,27.223087735324125,69.48992506006788,803.8658377395161,62.721086518941526,55.1963339816609
2025-10-01 16:45:00,5.253860798945474,51.14208650401374,66.35714285714286,27.16340182734047,69.59211876243931,805.2273436378863,61.95995099159535,55.44059166423571
2025-10-01 17:00:00,5.706060521899114,51.26395507786776,66.35714285714286,27.166348736408732,70.06394023658657,800.6911520071462,62.9976144365218,55.156430607896766
2025-10-01 17:15:00,6.160797121947019,51.326459353312984,66.35714285714286,27.14894361061782,69.98710447683179,797.3344457124173,63.151707446671324,55.19722237468368
2025-10-01 17:30:00,6.3963010363036545,51.252957318562316,66.35714285714286,27.137216069118733,69.97816609271581,798.0991645949574,63.88695075272979,54.827053722737396
2025-10-01 17:45:00,6.441127844267167,51.16744709231048,66.35714285714286,27.176901590309413,70.12277616317158,791.9250093039946,62.915539519334835,55.298975749152476
2025-10-01 18:00:00,6.18557668799769,51.179545770128854,66.35714285714286,27.15126145727131,70.19658067765525,799.109104925296,62.869341744976076,55.25638454654367
2025-10-01 18:15:00,6.091137226931165,51.216589966999024,66.35714285714286,27.151212040373927,70.26330016636969,808.0297677067167,62.370414745615,55.61059052644489
2025-10-01 18:30:00,6.669463245444131,51.08005431229255,66.35714285714286,27.154865724558125,70.3240940085229,811.6844546592423,62.07143515130486,55.90985869402336
2025-10-01 18:45:00,7.01492221290208,51.170951949642365,66.35714285714286,27.131757476227182,70.13135302411746,808.9774078044849,61.43995138048723,55.52870608928371
2025-10-01 19:00:00,6.9700969052448984,51.28819880435698,66.35714285714286,27.126457022304187,70.22806866130806,806.4892089259378,62.440874439168205,55.643844545304106
2025-10-01 19:15:00,6.64069305618113,51.180718165025006,66.35714285714286,27.100564502994658,67.323725183833,801.5219679487293,61.73533521654169,54.96916197808455
2025-10-01 19:30:00,6.504274913528257,51.17252930669287,66.35714285714286,27.014574451006013,67.3512484491094,800.5196872388864,61.89680073853728,54.88765743702581
2025-10-01 19:45:00,6.569943438658879,51.18583458111855,66.35714285714286,27.00674715014598,67.39317230400262,801.8250339664809,61.82805452827655,55.05421148577576
2025-10-01 20:00:00,6.533900727841569,51.1353347845123,66.35714285714286,26.981390566777122,67.48261673230357,807.0427183954489,61.10252933591776,54.944156431337376
2025-10-01 20:15:00,6.359747375708867,51.161635029102904,66.35714285714286,26.947628099720525,67.26082204058896,805.4005469110252,61.65388353955242,54.989683949566505
2025-10-01 20:30:00,6.386421433102923,50.980207791612436,66.35714285714286,27.011801167043014,66.92776425172917,813.9210553552751,62.493054357780636,54.767731625583046
2025-10-01 20:45:00,6.048077529947696,50.87203526554217,66.35714285714286,26.984434140747922,67.30766524816816,808.4339244282418,62.10437512770793,54.8329764692606
2025-10-01 21:00:00,5.672352162136378,50.948117234022845,66.35714285714286,26.996763522545933,66.9805277539773,804.6204676140998,62.141435297560754,54.54866445242968
2025-10-01 21:15:00,5.881465217542547,50.7778656533527,66.35714285714286,26.935510910915912,67.13008851016767,805.2415736641801,62.34846632727097,54.80856824144372
2025-10-01 21:30:00,6.305580544096535,50.79084479955074,66.35714285714286,26.923820365714548,66.67953918028063,797.9661032881114,62.16769981358442,54.71226824008886
2025-10-01 21:45:00,6.964525392408938,50.809146809869354,66.35714285714286,26.93130460585924,66.73886106111769,803.421583165548,62.63171465793007,54.46433551810133
2025-10-01 22:00:00,6.968826583361388,50.67294423491816,66.35714285714286,26.90482462871487,66.68511850555029,805.5318376122981,62.01006931612409,54.702812439295485
2025-10-01 22:15:00,6.862688943389972,50.715752323440455,66.35714285714286,26.881049192743387,66.50768951091389,799.7894389413246,60.99776542409166,54.630963379151154
2025-10-01 22:30:00,7.050796911648382,50.70771769542355,66.35714285714286,26.873854216629425,66.70257446388507,796.9613650752035,62.47712875570607,54.3280101106759
2025-10-01 22:45:00,7.505597531203115,50.762206763383645,66.35714285714286,26.858484915682812,66.55307078928635,803.746702439706,61.850534579687746,54.642134422112065
2025-10-01 23:00:00,8.014253001497261,50.76354546883508,66.35714285714286,26.825382155912042,66.36682814489676,803.8782574700384,62.16817008471068,54.640342069897606
2025-10-01 23:15:00,8.534067113977095,50.79713526048387,66.35714285714286,26.82478883847446,66.28795721958264,798.4149797191217,61.27003683512079,54.610874637049044
2025-10-01 23:30:00,8.628683615458883,50.59697338529541,66.35714285714286,26.777711736707833,68.56816142148791,793.5363664987074,61.20664066299976,55.48111918686649
2025-10-01 23:45:00,8.420562257118211,50.54029020094571,66.35714285714286,26.757127612959646,68.72821836314328,797.0626640249002,61.33470123235318,55.222056898402556
2025-10-02 00:00:00,8.518545726192224,50.49311507146856,66.35714285714286,26.716941856940174,68.73298317650034,794.3559536071275,61.8712753869137,55.116155998667416
2025-10-02 00:15:00,8.745813326355366,50.50177777048712,66.35714285714286,26.725386561897235,68.89590169612471,793.5168656957871,62.794363674458104,55.662902669320346
2025-10-02 00:30:00,9.00222511737641,50.43181598417626,66.35714285714286,26.71045552668569,68.92756680275733,798.7997713650949,61.68438421330634,55.43266740108294
2025-10-02 00:45:00,9.708193031139823,50.225186988477454,66.35714285714286,26.733065829760324,69.06224382075746,800.979573793907,61.87935143087419,55.49226232775805
2025-10-02 01:00:00,9.440588870682603,50.32419295448613,66.35714285714286,26.714620024398386,69.03212056940802,800.9387118985176,61.64769080168017,55.42243563950471
2025-10-02 01:15:00,9.149990279963335,50.23726040134479,66.35714285714286,26.61140628132241,69.24209841467484,812.4247477169619,61.65648228835841,55.168584965330986
2025-10-02 01:30:00,8.943922602919752,50.17781810258117,66.35714285714286,26.634131837041007,69.1386581506031,810.5570748658757,60.275139369678634,55.19235341835295
2025-10-02 01:45:00,8.5327048565395,50.16932153292871,66.35714285714286,26.673029807526724,69.23363587217462,811.9954593769817,60.893604415511085,55.246826665560576
2025-10-02 02:00:00,8.321997380235306,50.22499117393984,66.35714285714286,26.731889973548423,69.11370520805717,802.6854932956916,62.076783133699394,55.227317812168835
2025-10-02 02:15:00,8.315585372918331,50.16360913023192,66.35714285714286,26.743455332940638,69.07359315354176,806.9469287248013,60.4090560394608,55.36894434107191
2025-10-02 02:30:00,8.181985922459772,50.11415624932435,66.35714285714286,26.73813002020932,69.0147372068673,807.0196448366512,60.75697368715147,55.26749121757321
2025-10-02 02:45:00,7.549085594164708,50.09107002975075,66.35714285714286,26.67279531158191,68.85257568621735,805.3897134961094,61.98290084759217,55.510818741040936
2025-10-02 03:00:00,7.379209023707326,50.10631281268724,66.35714285714286,26.633553255595494,68.7542589827562,803.3069751471918,60.37755533546722,55.63871055530002
2025-10-02 03:15:00,7.232539742668629,50.03692384594929,66.35714285714286,26.649597450025215,68.57591925230346,803.067046900568,61.357163405879696,55.584614561951255
2025-10-02 03:30:00,7.526259628331162,49.863310410978556,66.35714285714286,26.642909485050755,68.65904175206326,802.9380328922929,61.282261301046155,55.877173248472445
2025-10-02 03:45:00,8.005284890772982,49.824620409857545,66.35714285714286,26.64357795333403,68.87220572645617,802.9069920282012,61.63353405281403,55.869553917200875
2025-10-02 04:00:00,8.030564460608772,49.777212693736516,66.35714285714286,26.637515781398026,66.32762090153975,797.186165448415,61.085220965073965,55.588220404573256
2025-10-02 04:15:00,7.715559287243669,49.7446354782225,66.35714285714286,26.666296562672425,66.59279589524839,796.8048373060799,61.306049317351956,55.41724073164635
2025-10-02 04:30:00,7.988180817202761,49.637414422686334,66.35714285714286,26.67117852539384,66.43638242497569,802.4447815395682,61.05035291921485,55.49296143844384
2025-10-02 04:45:00,8.464537551564561,49.56116106758623,66.35714285714286,26.664452949436427,66.4835775479663,800.0871938665728,61.71623738798231,55.21431826751277
2025-10-02 05:00:00,8.526614373674924,49.57958711560059,66.35714285714286,26.6132101031573,66.43086623125869,807.0840751839875,60.9426781432962,55.64399292961086
2025-10-02 05:15:00,8.908656965082578,49.39166396444734,66.35714285714286,26.59308018971973,66.58116231920224,798.7950531006462,61.50008776145895,55.70114236661876
2025-10-02 05:30:00,8.916287966454929,49.394614183607885,66.35714285714286,26.634865046581652,66.35740268495907,797.4777866002017,61.00529057150499,56.035132894288544
2025-10-02 05:45:00,8.437722253516904,49.486645238173494,66.35714285714286,26.70485418289198,66.56135466596947,798.8784747182805,61.489910133506044,56.10017301388884
2025-10-02 06:00:00,8.038419793552752,49.515561227181365,66.35714285714286,26.75525875093928,66.36931336696409,793.718330497947,61.19680305104033,56.07718322269092
