feature_12,feature_13,feature_10_ext_metric_lag1_autocorr_WINDOW_2,feature_10_ext_metric_lag1_autocorr_WINDOW_3,feature_10_ext_metric_median_WINDOW_1,feature_10_ext_metric_median_WINDOW_2,feature_10_ext_metric_median_WINDOW_3,feature_10_ext_metric_resid_std_WINDOW_2,feature_10_ext_metric_resid_std_WINDOW_3,feature_4_mean_lag1_autocorr_WINDOW_1,feature_4_mean_lag1_autocorr_WINDOW_3,feature_4_mean_median_WINDOW_1,feature_4_mean_median_WINDOW_2,feature_4_mean_median_WINDOW_3,feature_4_mean_resid_std_WINDOW_1,feature_4_mean_slope_WINDOW_2,feature_4_mean_slope_WINDOW_3,feature_8_mean_WINDOW_2,feature_9_median_WINDOW_1,feature_9_median_WINDOW_2,feature_9_median_WINDOW_3,feature_9_slope_WINDOW_1,feature_9_slope_WINDOW_2,feature_9_slope_WINDOW_3,cai_f1_over_f3_WINDOW_1,cai_f1_over_f3_WINDOW_2,cai_f1_over_f3_WINDOW_3,feature_16,feature_17,feature_18,feature_19,PC1,PC2,PC3,PC4,PC5,PC6,PC7,PC8,PC9,PC11,PC12,PC13,PC14,PC16,PC17,PC18,PC21,PC22,PC23,feat__z_f8_yj_x_z_f9__WINDOW_2,feat__z_f17_x_z_delta_f16_drop
-0.030617209137055294,0.06436930326677134,0.006198429397473559,-0.0015315200930927336,-0.013995935056382705,-0.012697035711086095,-0.020213840159665285,0.001291723951964552,0.0032129437620618314,0.0021091230809491407,0.004144727728182624,0.011048073691001336,0.011774345411279486,0.021287640993264155,0.00803326504760423,0.0009753904484022782,0.00151338141829837,0.06579888459525146,0.012984399844028181,0.01611835243550524,0.012135246144987113,0.00032369932781492526,0.0032129947165989068,0.0013152350301931458,-0.003107251213738266,0.00022959027846719475,0.0028925570720044797,0.0532483625306805,0.024858480807903323,0.010900817315471052,-0.00014984398181945783,-0.00659662471207926,-0.004325522676503949,0.00996362021796605,-0.0026976262136137394,0.00023671483958940658,0.0030407746479589157,-0.001865053466533679,0.00042902637544281827,0.0026586117969913054,0.017818220893317246,0.004296384516681592,-0.000341639314971582,0.00224471539356879,-0.0014783637930239609,-0.002039932568505793,0.003616073869645405,-0.0007290547878173381,0.004088913580523606,0.0022175007519350757,0.005509753095315441,-0.0019108253892050474
0.04648882890082851,0.07550363024733445,-0.0004894349700091698,0.001719709973767873,0.002337314827361992,-0.0007168222505667369,0.008091708613179363,0.0004516101040130589,0.0007127039541032531,0.003301125765743818,0.00038195452020880967,0.007192743614527172,0.013338115352114663,0.018143972750579454,0.010556988630399892,0.0006252647787586741,-1.2277910398846202e-05,0.07522311280201147,0.005593014342456567,0.00354997661267866,0.0023367343453838643,0.00037224492997682025,0.003308744661386636,-4.264991635054985e-05,0.0006990994230657997,0.001478104230207181,0.0027224248846101948,0.07749483539018404,0.031589423948242344,0.011677154937367748,0.0009260984272124293,0.018260174063559,-0.009400712717695933,0.012421285914213757,-0.0019479970420489899,0.0020584394412782045,0.0017377182347754158,0.00032670065535994315,0.0040469206587341235,0.0005203214188054766,-0.0017449718789192528,-0.0005909339389085418,0.0023538910941918955,0.005081859870022382,0.0038374407889669045,0.0003167336073624202,8.150172062362325e-05,0.0022133688794131225,-0.0029354698993897567,0.0021202543525897016,0.0014899444165448236,-2.097317890540561e-05
0.037673723434503315,0.08594526395571671,7.849055492199247e-05,-0.000212665846320374,-0.00020390298297715855,-0.0005285226068108745,0.007200699715833241,-0.00234723717930661,0.000957080809911172,0.002570093181425195,0.0008797126072838948,0.008548616758447798,0.011464850194579657,0.022870925555561975,0.007660440719566939,0.0005481331414912427,-0.00104478362456225,0.07849662692598891,0.012440755769649281,0.012867806602394633,0.007759880849505342,0.0026493774503682974,0.004029980129961881,0.0007070908773123337,0.0006519327877073668,0.0010243214147985036,0.0021516888399158527,0.07937646987485868,0.003985566412696862,0.012636821227564026,-0.0011808005071003637,-0.014421232429499806,0.0002799254534850189,-0.01554908958567281,0.011882117178642132,0.001562008373656081,0.005050852522286886,-0.0024940158852475086,-0.0026402971828046393,0.00044914119076466173,0.008107566357788146,0.005102555740341306,-0.0005487110649172603,0.005786452192614407,0.005730530694184724,0.004237652509203876,0.003497997979037782,0.0024751865035941693,-0.0006544945676731631,0.0031058794433832184,0.005211847595362255,0.00035302326991637544
0.04193791327080118,0.08063247731276392,0.0029305244806906035,0.0003728658161248143,0.004094518307173278,0.004916252306040822,0.010551160193879238,0.004494196216281796,0.0011767345737903122,0.002946611485699371,0.002145771895952846,0.002905075736359503,0.005839071434795822,0.009650923585261973,0.008020844136769756,0.0008144252845326463,0.0007835910015302505,0.07059954935422429,0.012858836593966774,0.013328703129023197,0.012052780190944355,0.000927060207009835,-0.003966395299337567,-0.00033866443425128095,-0.0003669128032620963,0.0023827477697328987,0.00260389143949021,0.06864691947795082,0.03148200456135658,0.013903123712113368,0.0006611303038541515,-0.0035940248001672466,0.006478240163181047,0.014927775035233909,0.0024686767435073455,0.002685055886469377,0.004345464219780023,0.00022392771558150585,0.005292609573547459,0.004276290405173732,0.004209041314723615,0.0023296284372356815,0.00034409146228499065,0.003436765604925821,0.0003470630994053735,0.002587261508652316,0.0013759034288764777,0.0014047833040037392,-0.00322788058104973,-0.001105417698844439,0.004428904668233314,0.000944775934648572
0.043003058885873774,0.08519452958902773,0.003350621985783303,0.0015321445251730054,0.005038866188941578,0.004308466342620539,0.010404926154214632,-0.0003386346344406216,0.0004697395237280484,-0.00987051523078982,0.0011727882775621017,0.010147193004656817,0.014299150748031725,0.021058428940362535,0.007136506326294906,0.000819844595202055,0.002165141179867752,0.07257743977860466,0.007540366676766342,0.011569092920986311,0.0037374638148265087,0.00215837971695054,0.0031245139614642665,0.0003656246597948069,0.002774424184457834,0.00236785950865983,0.003741155336058303,0.07331147864819343,-0.003424887551887633,0.011762270834299173,0.0006126334482042681,-0.013954810639575207,0.003127099776233396,0.011309914720622533,-0.00022224860928512165,0.0019583637163163013,-0.0001123085101435611,-0.0026691749210130257,-0.008432523988059685,-0.001187654389615936,0.015759446386327047,0.0050498342685585135,0.0013654533204703946,0.005136714211312785,0.006445143480913855,0.00036561237907869337,0.0023606655504006657,0.0017506882948884004,-0.0035674467344899716,-0.00464678452377985,0.004811605422107504,-0.00020766155075646546
0.039208029219101465,0.07572273244553177,-0.0008010640042469058,0.002976581876695284,0.006335833399079968,0.005127521048085781,0.012481232207301842,-0.000921807134086149,0.0009518816101407932,0.0015360710774657916,0.0027119896747136905,0.004989084598684044,0.009042825883281435,0.0133544089580881,0.0035562979308798705,0.0009647679659727912,-0.0031584476186257314,0.060537297374077176,0.004483755264655503,0.0029369546188718217,0.0034372469408003436,-0.002002174133209204,0.002470751927534967,-0.0006862088030637526,0.0021095605322595536,0.00209412747736885,0.0024206871988259435,0.06682391549608575,0.02688819354661015,0.008005514615467297,-0.002097926571442647,0.06090631635026973,0.0028643632678866785,-0.008254461323521905,0.015135509636121414,0.0014965608326145423,-0.004291330898666937,0.0016882533682800345,0.0008753686868526206,-0.0005235982168830238,0.006480909180423277,0.0031025499365043333,0.001868044913439079,0.0013576639510472625,0.002299695650862784,0.0023627528547844933,0.0025328095471669958,-0.010832506497368732,0.004471699185421047,-0.0018345586004962292,0.0030572009052649263,0.0012371226470921015
0.047424857920917274,0.09013654043044904,0.0003977258639270239,-0.0007121274554103621,0.004690388266468716,0.005348537889189984,0.012994928898027024,-0.0027106190427616415,0.0010512034065175168,0.0038312304626083172,0.0008429558562193043,0.0073560957313185136,0.010051977778912508,0.017117514104287405,0.010138865088413235,0.0009196166821242684,0.0024141541539836144,0.0733792280852417,-0.0008815900404011291,-4.932072669032374e-05,0.0009707084522065437,-0.0029193670844321474,0.003024145669971701,-0.00029674043547462856,-0.0002344797889055051,0.0021073468432086513,0.0033361334889039584,0.0759388151397036,0.030361401948761815,0.010905027703092521,0.0011575299485096662,-0.01136347766155687,0.00455871033199855,0.019080691984353138,-0.003003992778346889,-0.0022418529809158983,0.005084672694562013,0.000409023008075688,-0.004561844892305345,-0.0005996089959940882,0.006443197637245839,-0.000297072273805477,0.0015199464722781527,0.002000784316392772,0.004073808067528491,0.0018155270085747314,0.003951845260157544,0.0008027176099518301,-0.00314438169917512,0.0014667823082000547,0.00018274754885156267,0.0006624251283746973
0.03836780227075294,0.0799268765722786,-0.0005083610918458906,-0.0002887586636883725,0.006358746291420959,0.004436734021515925,0.012042050228522857,0.0027550863568982535,0.001224210124260874,0.0024148243656432846,0.0017100569414591185,0.007072322034671845,0.012934663670984172,0.020017279349885897,0.009908282554019342,0.001033867792576914,0.0002549754119768612,0.07505334201082424,0.012082367168154539,0.015745708140958256,0.015183453839528158,0.0009172742626105596,-0.0010507404769626164,-0.00020218622838164243,-6.043101325141022e-05,0.002412044670149272,0.0012288247813236452,0.07760929213882507,-0.01126241616805954,0.01215785400899207,0.00028680503066338763,0.008287865961742353,-0.00266672997780266,0.017615830034905276,0.004971328975516726,-0.0013853770279804551,0.004809927763483053,-0.002455940076432834,0.001729280703972402,0.0006753151798044151,-0.004179695971329567,0.0015916276990511078,0.0012601285339157793,0.0034792085138532353,0.0006418632222220031,0.0022258695823601693,-0.00044316848296413984,-0.004938538195036162,0.004008972108665398,-0.0001616874076464209,0.00500017894376487,0.00033617523351357824
0.04354065085358134,0.09945971400415543,-0.0018584767338643408,-0.0010120782549287196,-0.0021414301365177864,-0.0007806394383284134,0.004633902705600797,-0.0011385046761918794,0.0010463258650456205,0.0019063004417815411,0.002610036823457252,-0.0007348781892900884,0.004192192545746838,-0.003048666147746893,0.006836089057223226,0.0009586896542053306,0.003368695844362804,0.02104555146083975,0.010429390721900404,0.010630626409823315,0.00415727622782375,-0.0017020087015113166,0.00037824062936243344,0.00028167921323531397,0.005431029534763449,0.0012964710858531805,0.0012656644956661248,0.07370509332256497,0.04286302942058003,0.0095498431975035,0.004053694409570384,-0.008261574141860652,0.008475712816664462,-0.010001050800809354,-0.00628266841664153,-0.001325999410917125,0.005578296260951617,0.000840098944641272,0.006541242221249298,0.009927805975017344,-0.005224151309952139,0.0038383055080497388,0.0011757775254752723,0.0023632208539193142,0.0003098887065253242,0.0035664563392319992,0.0019579645511004847,0.0020596943903308717,0.006625333641486399,0.0012221513286058473,-0.00013912312334120647,0.0015957791606721278
0.04670904402876541,0.09571584263959004,-0.0005712203004282021,0.0010798783668948208,0.006747603268185558,0.005256391761175873,0.013132115038402668,-0.001217069285024652,0.0023757423979714008,0.0019592763604577286,-9.185372362287815e-05,0.0069210983897810595,0.01315045395951573,0.02204325556554811,0.007574630872274299,0.001447315575430504,0.0006557230684915151,0.0792320537272608,0.004629103177712289,0.006668949950519282,0.005679362939085608,0.0011237007904849755,0.005808403437092523,-0.00027140537808089435,-0.0004671048131304481,0.0020224633597737385,0.0017046972201558242,0.07031634085962497,-0.02277233257542664,0.010905445841685273,-0.0014839385613030552,0.005780499755155826,0.006804916255426612,0.018562702597565088,-0.0005621968930091263,0.002117462484407336,-0.00011591004642268891,-0.0034800289349670188,-0.005901221025716577,-2.9419092063902228e-05,0.006390512243887878,0.005395635242457244,0.0019099775608833083,0.002947411666254093,0.0031900522344294395,0.0014884535553528735,0.003485860192039547,0.0013353047387230554,-0.0007483406746625609,0.0019191045583445763,0.001720106767459917,-0.0030448511444081485
0.04026483847511326,0.0792806553450574,-0.0005587976986460352,-0.001673593842643928,0.0029036176672724667,0.0023494746413747513,0.009079451941001864,0.0023058123323476862,0.00016150699570957513,0.002358248428000434,0.001322980715637435,0.001806025410077869,0.004012546940206996,0.009263899829352626,-0.002828144612626096,0.0008354057769001833,0.003423401839246662,0.060854642207494224,0.0061034752962304244,0.00801479484455794,0.004481817907532479,0.002506049285416405,-0.0018407789466617563,-0.0008022964884535773,-0.0010010383072680288,-0.00033690725808974804,0.003752032342245681,0.07079229581123063,-0.006425979195880354,0.008402504637008965,0.0035617718567548516,0.06286580114935232,-0.005181771669103904,0.017893803701943135,0.017744229387172065,0.002003838546018015,0.004028562787998229,0.0006657791937720934,0.003490245224121339,0.001362807417854873,0.014991405526793625,-0.004645588890814622,-0.00031303208139294765,0.004717005276918539,0.0032394156195301553,0.0019192175406034901,0.0017305523454064387,0.0018885047770250375,-6.879333010907367e-05,0.0017582737076346044,0.0014956899661436012,0.0007776729609649904
0.039090525115936005,0.0804988642061492,0.0011626717582639994,0.002832623372362464,0.00874931675773284,0.00603869617249846,0.012488890320816959,-0.0008923495500958295,0.00025618721031620044,0.0028350770119568492,0.0021313752423809578,0.008919744632541485,0.012849642084905414,0.013618867151661638,-0.001151883142582336,-0.0014538917301395206,0.002052105658569042,0.05951828265209397,0.01161932870073033,0.0127777436427549,0.006648312809185684,-0.0016056922413377908,0.003445624827939832,-0.00041717474757272814,0.00010587344978493164,0.0025093210590615834,-0.0001741638599533942,0.06469117143064855,-0.0007306395164807616,0.008001337306761953,-0.0025785751484765844,0.0405096883458328,0.010448694836613648,0.0051218093925424115,-0.00015748707755294737,0.0026369415844864174,0.0031540394559055724,0.0012160467510251324,0.0013158034707746022,0.0005598721860402667,0.011178222854613819,-0.0033612413957041427,0.0022116217652378262,0.0007090947810065186,0.004522253423998119,0.0024978496075477516,-0.003929701601045316,-0.008435286868398378,0.00210723514673803,0.0022950324702948437,0.00444368758019735,0.0015852773180980895
0.044791137841959726,0.06987025086597634,-0.0012833668865226285,-0.0008127879335702088,0.01013699577127659,0.00433843181260363,0.013089401225052009,-0.000678982079885373,0.0005883080230271793,0.0030421098699159885,8.74586296629205e-05,0.0004915879862665189,-0.0012780712810321812,0.0006193807856404493,-0.004254081797255293,0.00017309541805803395,0.0022326418886708635,0.05450044467877558,0.014690780714578302,0.018031096791691292,0.01764825694000685,0.0033019108165644397,0.002563651175903469,-0.00037694958405000146,0.00013944713614362443,0.0029081358400467393,0.0028408457494933726,0.06539044370672861,0.010762343557466693,0.012140941098239426,0.0005160334493814058,0.07130328123593559,-0.0013975584864106274,0.01510659507752705,0.012221910868664566,-0.0014329051955558727,-0.005825972096527735,0.0017695218126473923,-0.006466424641760352,-0.0003619767785798569,0.01169380432625568,0.003907328014575202,0.00020348116536135968,-0.004747131579820146,0.002308745574903076,0.00259598995368622,-0.005493956236094311,0.0026913762084021828,-0.00234650856966805,0.0013631976161077204,0.0030299363522995684,0.0008711350719987798
0.04262526851711188,0.09084965488472303,5.441266664312928e-05,-0.0004606819820339409,0.012015441912107079,0.005109084108619714,0.01213624776360542,0.006023729882953347,0.0022146769042974243,0.001984082531383592,0.0037852395220374317,0.0037036665231733904,0.003693463347079215,0.014678453053748283,0.010216725091047109,-0.000381571231460279,0.0032911462119503175,0.07770065228178284,0.0037623878786156744,0.003442415024450289,0.0029857777118117794,0.0011579442966842407,0.0024353347163112472,0.0004049493468301724,8.63334168562261e-05,0.0004289698945287636,0.0019365948686318364,0.07182549770927657,0.03308761945134876,0.012058426209028408,-0.0016044167294337838,-0.003107980367665682,0.013883403249507369,-0.01790121197164028,0.013330695080248794,-0.0009485571705244705,-0.0031110837429985613,0.0016955766189140188,-0.0017010855475726341,0.0008280630463909611,0.008370924462848773,0.0025848564496764887,0.0018860987641974496,0.001978903530389951,0.0011260433271339874,-0.00022181139009353843,0.003714343059672479,0.0034858407257296244,-0.002987857497146968,0.001792100150544458,0.0020076152645384974,0.0011142648408067704
0.04331750182140728,0.07540882052183122,-0.000574521727597343,0.0005010350441040093,0.011837994857430818,0.005898702465640281,0.01233164054394276,-0.0013115855272171617,0.0007067675835831923,0.001881072599347657,0.0004936448945739667,0.0001531473966461194,-0.0017845420096295232,0.00016804021646284507,0.004706804894721793,0.0006618813046232513,5.341264945263521e-05,0.059131177879566545,0.006709029281736164,0.008444421058250934,0.004717982783222696,0.0006203973880210005,0.0015961102313551136,-0.00028654888960453627,0.0013605977318882025,0.0018101668960233618,0.002059074622314365,0.06462077179280687,0.02753004907183951,-0.02309148184925932,-0.0009717425319338005,0.0666806256677231,-0.0034256389802750486,0.018066721089860013,0.022781906409252022,0.0016055558683904679,-0.0021717771608858977,0.0010380899126180385,0.004682044824578569,-0.0005378409374716972,0.004991468238829363,-0.0011600250109564975,0.0016349356384306366,0.0014866074315905118,0.003314694225051192,0.0012749086157735456,0.003921027352332591,-0.010379147759052644,-0.0012304473735832943,0.001979823849598333,0.0029108435812844097,0.0013691348546947136
0.04060492770370209,0.06419710682843852,-0.0005122588591059802,-0.0006900090880778092,0.013356744205753366,0.016409833390704443,0.020207141396575392,-0.0004238088165245404,0.0007365508568609699,0.0032574189264446243,0.0027755134524574494,0.0015272477971846725,-0.001141288255663054,-0.00041759652311508944,0.005491449506120156,0.001218917873936721,0.0005346284971689833,0.05114184506562161,0.016018652818252894,0.014535593782198299,0.01765965280414841,0.0007213165859614214,0.0013139441398541882,-0.00032840132313665884,0.00015222562995999584,0.0018293647459105395,0.0016028187630650155,0.06126875031144029,0.020621431845837472,0.013619585679792939,-0.0011246224196207431,0.06687982865962101,0.002758411298013983,0.008370673084677364,0.021374367125560498,-0.0009188203387006383,0.0007388756529620831,0.0006121916897094191,0.003877884223901751,-0.002172740835990276,-0.0019322926496203152,0.0005169444442928816,-0.0032082874939525926,-0.0055463462396128675,0.003200955181906923,0.002262407823669487,0.0028481624048490714,0.0025936072498370603,-0.002434244662783991,-0.0002351605913401963,0.003875968052686555,-0.0007127756875481023
0.046324575675802775,0.0808745140629548,-0.0007232162079565741,-0.000472686508690684,0.012304842933796193,0.008173548457043857,0.015220367878000168,-0.0016316066431408297,0.0007584840271548292,-0.0035741465563748002,0.0014689071724260565,0.0009458717501967618,-0.0012392047580989923,-2.191811824879324e-05,0.0073267907873110286,0.0005625943856401845,-0.0014297899661889117,0.05945703265764999,0.01954462843009347,0.022979055137164837,0.026662698471110673,6.115857143836314e-05,0.0011809805613136235,0.00010442934554070208,0.00031639577859003296,0.0024315089763436494,0.0017301685303704698,0.06011274696230435,0.030840590484330264,0.014518136568890335,0.000857287103556243,0.002800153377294152,-0.0005836200059813403,0.013860538429359769,-0.028001617580687675,0.002541505753921546,0.0016268860756218158,0.004123505020629867,-0.004047743536589138,0.0006004534394626058,0.002944473944054138,-0.00010328469898763486,0.0011869671508894486,0.000765229772910041,-0.0015509397259869306,0.0014064343597975763,0.004326259568459937,0.003335580784487776,-0.0018380242596772681,0.0021450857691661194,0.004116495167918129,0.002180915243613054
0.04542176833582642,0.06623504245472778,0.0020794520359119105,0.00027346777867530664,0.009925561512852983,0.004378690553017325,0.013175010210691385,-0.0020372698127891806,0.0008624415009161346,-0.005220062493760956,0.0007972663443495836,0.001858138327374742,0.0001463963517394319,0.0008181359447770457,-0.005390714741199094,0.00010171192591799305,0.0003617887072188006,0.06058062716764409,0.010407569785237776,0.012605431177201896,0.00520730645261019,0.0017277067420356064,0.0033541435783721743,0.00022765373114535332,0.0004134131346797598,0.00031443175919306394,-0.000925999953784479,0.0678960515494553,0.03132410943948032,0.0070886057906713465,-0.0018760809729050597,0.06717872401220734,0.010945010956735638,0.01019274907071497,-0.0005345506765599543,0.0010508707316918568,0.0016916874291874964,-0.0026488772103714906,0.005796417580654508,-0.0008693371334256568,-0.009804351238533947,0.005453712898879845,-0.0006044561435719526,-0.002070776153918794,0.0020209744014348936,0.00025428997865674087,0.004219457336430454,0.003034232915205895,0.0037887639813985042,0.002312090890297659,0.0018201041944867398,0.0010748011944476362
0.04194579817013156,0.06932502318853635,-0.00033023312873678933,-3.887944891271843e-05,0.010465969369903644,0.00768670463218785,0.012217854152454268,-0.00015578858685617706,-0.00031087127160070883,0.0010933818651344509,-0.000947745847118108,0.0014826945961928606,0.00012704147120015462,0.0002485575983600376,0.0002338503250864974,-0.0007542204818201203,0.0016462539551437136,0.0527989441373754,0.014963593648493787,0.015029900054520566,0.017537990516514567,0.0018117909336028486,0.002597060960158873,0.0021650585374766045,0.0037024666681509024,0.0007656195532146458,0.0011101945810230525,0.06391354319488411,0.025548964883428227,0.010977049735599383,0.0021999799790639605,0.07021488279051835,0.0016417683120122076,0.016087856996936167,-0.0076221738883370345,0.002514767008504172,0.002389642005229158,0.0010765866816583357,0.0035111102254124136,-0.0009121604834831375,-0.0024426270764944147,-0.003135062749732035,0.001347661580355703,0.0023523255263512696,0.0028810236205498163,0.0020933445820411787,0.003595572220420291,0.0007103387519815675,0.002332385448575114,0.000982612502603058,0.0031768425202440714,0.0010124221485268276
0.04275718649761515,0.06751556530935966,-0.0010403670520930516,-0.0001283849485845903,0.009358128188783564,0.0032755285923194333,0.011253441779411793,0.002978012669988261,0.0002999757100282372,0.0029806167881284615,-0.001370867804491249,0.002153855928121232,-0.000335600907666926,0.001119337320494843,0.0071035916212678326,-0.004656394654041817,0.0021690444392406575,-0.0010651180518434426,0.02332046220939715,0.0301132269471297,0.028523233691686002,-0.0007206844628703734,0.003436279273099056,-0.0007062458756070506,-0.0004605618898731882,0.0012656191176711803,0.00229948848861325,0.0620310984767626,0.02276121208007869,0.01205671861632944,0.0005885849519066862,0.0810382211998289,0.007760312943222776,0.014687382027456439,0.00017819559421916023,0.001416707166020803,-0.0006196966169007896,0.0020200848906422376,0.00357753856538946,-0.00013590064238406095,0.006831518640444273,0.0029028622589546645,-0.0005151862359105868,0.0025889240351476108,0.0036392163491060915,0.002242048904120492,0.0015808123537726063,0.0018383352792352926,-0.0021578694497403927,-0.0014118300209291657,0.0007037671324634817,-0.003008094091187054
0.03800137386725035,0.06417263152426742,-0.001496677270542996,-0.0012389659429871897,0.012944796877950814,0.011171400825170832,0.01463331721605607,0.0024930152453616697,0.0005114575886948433,0.0034216000368493833,0.0029144722216634714,0.000186987940044477,-0.0020595739004270236,-0.0023937022668529466,-0.008336556166232887,0.0011093437324653885,0.0033848798348723296,0.05046218706920604,0.014326758245909448,0.014772055809666878,0.01399949565970676,0.00041312096869948196,-0.001735085811432698,-0.0002340991934271335,0.003236885351399934,-0.007394621407826748,0.0038757364283669793,0.06619522923739593,-0.004604047090104071,0.011679907105828431,0.0015067635482562507,0.08930721215932977,-0.0009832990711380568,0.016505135595148112,-0.0013521706323187171,0.002450726785277242,-0.005068663387536815,-0.00272615265144276,-0.004584409110596128,-0.0005417006067946091,-0.002436465099860663,-0.0006446870020764405,0.0015660171734966119,-0.01141867535065034,-0.000513909091955944,0.001848399984261229,0.002358262952606666,0.0035280349940184043,-0.0025464782681821866,0.0007769412136275885,0.0009543812861183458,0.0007537917958000174
0.04256570462280418,0.05967384053055207,1.9744050265597646e-05,-0.000316563404205482,0.018073907479385906,0.021512638788501355,0.021189208789659915,0.0035587084717953266,0.0004723003737804979,0.0022739074687915823,0.0012532478368073817,0.004357433292095913,0.007116502028418404,0.011999991520228143,0.003900625115721328,-0.0009601834533035545,0.000667763034512199,0.04340375602093955,0.01857094703835465,0.023026652091622156,0.02390753846042218,-0.0017927976218419857,0.0018909760363794918,-0.00016391403635385895,-0.0008682901102267735,-0.00048073780829205017,0.0022307512734806505,0.045013432751219384,0.01839436479617756,0.012144571225817132,-0.0007928429824463408,0.06492092720079902,0.00376326168459522,0.0119169215410003,0.0005235171066511973,0.0004895384658288942,-2.6748100649140757e-05,0.0031532489631126504,-0.006211495644973377,0.0004470332859920057,0.0011611826155984348,-0.0002169709431856864,0.00029041619367309004,0.0028463166604373465,-0.0035713859213568288,0.00020703755971059493,0.0030378481001021615,0.0011464735153088464,0.0007683443239105735,0.001541129837514112,0.0029488492810303153,0.00015470392717096046
0.0390805211340701,0.05312934204251723,0.0023745763230841118,0.00015438494717054017,0.02058153663864014,0.025382921185339125,0.02422693488066281,0.0027589930117614754,0.0008362785276307271,0.0022941982049885738,0.0019541146380307865,0.00015218522679951574,-5.749930907636685e-06,0.0008949032515090317,0.005209959710932979,0.0008125320689057304,0.0006589906954012647,0.042378110198963544,0.01395136493282634,0.016240134551738006,0.01932852763296623,0.00037368191814689884,-0.00040819560906818204,-0.0006302803410825593,-0.0005792753427868221,0.0013731426461928986,0.0022066111718054347,0.05013059543263259,0.021797224712047748,0.012467422433846258,0.00014125339294488416,0.07024383656321546,0.008247339175649087,0.011358826021416357,0.004576626028072202,0.0019959071090586214,0.0005851851754102985,0.0011003132340469779,0.004901406821200769,0.0008369966292731399,-0.002592656081878889,-0.0007746992553788158,-0.0022762021846234803,0.002278138257126886,0.0027690379470158223,-0.012558006197128274,0.0035176045459097355,0.003326175153451597,-0.0005107179562352474,-0.0004712214951789931,0.0034754257174665825,0.0007370778377338111
0.04185949958222198,0.06941545698157736,-0.0009926561658584407,-0.0009244903155439769,0.018485768063193332,0.027668969138517865,0.025229605891368273,-0.0011321720612704617,0.0001941055555806944,0.003398336820294354,0.001242667949684171,-0.001780441077724046,-0.002864788108276006,-0.003218832263343812,-0.001943598786220416,2.8815359742532226e-05,-0.00044582590074430657,0.015382616980731149,0.024807142386243944,0.03264000340418676,0.030319065498818513,0.0011425237181208845,-0.0019705962719079244,-0.0010020902584074872,0.001004114066751018,0.0007946308239853085,0.0010936925358643252,-0.006674733711079965,-0.002371988379821489,0.012092692618292301,-0.0021616943274630172,0.08508182204490641,0.009696483838637766,0.016901236456884225,-0.0010194569418642526,-0.0021011494969114058,-0.0006808346629413857,0.002320886321779975,0.00599704253856633,-0.0005832082513150879,-0.0012776425621845015,0.0005674056066077984,0.0016443089296491534,0.003351579923566043,0.003613828672491619,0.001364395479050549,0.002949834641806081,0.003466671932088423,0.0032792371120460365,0.0023268737066753685,-0.0011882195247157246,0.0009397711543299707
0.041976583634487,0.05202417180367489,-0.00015707085542516195,-1.4790546069985815e-05,0.013513873429896876,0.01691477265708427,0.01842851673298143,0.0008074794195381782,0.0009602208039590725,0.0023495773281452473,0.0006307594364611539,-0.0030581309992116913,-0.00029315187694767806,0.002725402682169609,-0.00583364501719153,0.000752602890442928,-0.0019833461675089837,0.0467952518769735,0.015377409844978164,0.016088402720292917,0.01577924799062781,0.0028831785879991517,0.001282861607159841,-0.00019397325389202967,-6.417033839396989e-05,0.0034896342379764824,0.0014031730533014812,0.05802079187962844,0.023080082296985042,0.009045659078540035,0.003895147738683397,0.06901279574341762,0.0015155102445347695,0.015946356946987986,0.022486403480336956,-0.0005889409273589746,0.003319330652950722,-0.004654951077937971,0.0032583258926362274,0.0007049361711896483,0.00466628390959301,0.0007486362192291098,-0.0006380402056336326,0.0050594280528767095,-0.0021696929810062692,0.0016275199443310624,-0.010390597187417631,0.003097374304777888,0.0002848887709445268,-0.0004977274276934019,0.0029818842302287356,0.0016370858990002338
0.03927217719498497,0.06567491891457933,0.004138433428353823,0.000550118873944539,0.020582881699489172,0.030705209972303853,0.02440053669828935,-0.0004114690555684486,0.0008072301156548472,0.0032058370456098536,0.0012755419342317398,0.0030370301655307077,0.008121396596181161,0.01449702328970088,-0.004767345200108444,0.0002363214575827942,0.0028252333143812458,0.017836489184401304,0.019499714742291577,0.02178863374184832,0.02103767868028646,-0.0004366129663656773,0.00388432252895821,-6.882583412467728e-05,0.0018088762475444644,0.0008665282382281126,0.004357885060598577,-0.009287958138043029,-0.006801055529501639,0.01045970769390916,-0.0021227535750202834,0.08185095470952954,0.002569441319504568,-0.01668457062704961,0.029101271460543858,-0.0004507329716260807,0.004046020091801048,-0.003509805697071567,-0.004879824390791449,-0.0011101292190245676,-0.003201853866467782,-0.0002957274872469116,-5.891924412078207e-05,0.006516479981029454,0.0024494589238577124,1.0913288389129668e-05,0.0015891909040582268,0.0014049181054228198,-0.0036060398336030257,-0.00046358438093998486,-0.0005423176968508397,0.0007244834438373156
0.041189103136509045,0.0759759232890445,-0.001079419288974077,0.0033864609693266255,0.014998807178017813,0.02576401664284677,0.02391940424189974,2.243506676885565e-05,0.001684642028473318,-0.0065965572584720765,0.0007553216894510336,0.0028138305575702576,0.00014377952869992034,0.0005102729144100559,-0.002918298349202342,0.0014237794017168464,-0.005093340805274282,0.052456319010450406,0.020573157044298927,0.02039235451735561,0.022343673230526256,0.00188052195317088,-0.0013616843575406557,0.0017086790382404137,-0.0012887018164988021,0.0012904896405876083,0.005045030491902968,-0.03570682371508278,-0.003596453940368388,0.010422820384590747,0.0010196121458098876,0.0820914979599547,-0.0016560068612030679,0.018590815937623288,-0.0017805452005294682,0.0009693434767153795,-0.00018969881565104069,0.0034818104576562112,0.0031922111055226634,-0.0007085040874578635,-0.0015247566352634314,0.005834246196416117,-0.0012962968657601623,0.003735219560611342,0.0024634719866700946,0.0016496624795078487,0.004531461347955908,0.003995898475376414,0.0017598496602422272,0.0020067737610075533,0.0029272469519603488,0.00024714453838990533
0.041018012530897534,0.06585328991501786,-0.001293788529012677,-9.8130849072311e-05,0.019971203312357192,0.023728307022472722,0.024811071088434868,0.002444707335362875,0.0007457501154699252,0.003954295648983045,0.0007785166833202412,0.0026111326305709955,-0.0009641427091327621,8.044334296274902e-05,0.002686882956089051,-0.00014680348742964548,-0.0014460715435743808,0.004448707952523945,0.019789152461577638,0.02074059254692487,0.019467138168765708,0.0017175604281256646,0.0013046720605478606,0.0023404455181497757,0.0011907005723425697,0.0015985042136908581,0.0013459912238913848,0.054433544765814655,-0.002196384997382569,0.012281473952511694,0.00023087515373552923,0.08846433670160737,0.0011685664403450937,0.014308127744249506,0.02331662354096967,0.0007979888859612709,0.0001184443038273772,0.00016046312174019406,-8.453790622336282e-05,-0.0007962887656435014,-0.00828266261431346,-0.0006485641158174936,0.0015915840462125133,0.004879412864719028,-0.0036612663240558297,-0.00029328376651197816,0.0030056295407674275,0.0006927887121156527,-0.0025248616652091293,0.0018917085569535098,2.390447084786754e-06,-0.0005842492337156725
0.040300519172711186,-0.03788554137761582,-0.00023113150973601867,0.0006049473387503644,0.020148938466382875,0.02905989117573837,0.02927954060127578,0.001914965904423916,0.00019846226701523203,0.0021155483618329712,2.3673277500123495e-05,0.00012045646554863053,-0.001398580627183356,-0.00011573839309366802,0.004767700475711365,0.0006122353233821043,0.0009012827313310754,0.0457221854541114,0.016530779191703752,0.0176939242463283,0.019175040420317497,-0.0023261961301271825,0.004045399858964823,0.002195579091789812,0.0010259437029932097,0.0014782460253414396,0.00014604429452421346,0.06021032976960415,0.03054076429429166,0.013550864313319592,0.0008172473959502175,0.08317907988954122,0.009919040176595489,-0.00851666092667688,-0.0005280084128767068,0.0036903872484923147,-0.0010844022237174826,0.0012164646549477746,0.004649518446802203,-0.0011850462218433667,0.012442342192573116,7.078272715089715e-05,0.0012246738562281926,0.0038873343735468533,0.0030872718908857024,0.000956561255081017,0.0007993290833670522,0.0026694735939498237,-0.00015766116006490845,-0.0006390158500503402,0.0032297485427639793,0.0010654652802159676
0.03527466359089063,-0.07001107696457495,0.008947732459709973,0.0008413148930130956,0.040641993980249376,0.05324038676356183,0.03353537736703415,0.0015110534985290738,0.001176960724167388,0.003541845031226919,-0.000935791955637275,0.0021433775053585832,0.0016741906811027977,0.003232698566448625,-0.0041573265571164635,0.0007461468016343948,-0.00014731307899049166,-0.022176764565492984,0.020230550842947805,0.019049734632183304,0.025690345636731556,0.0005581261066298599,0.004534805814137924,0.01126120517530498,0.002972390256962246,-0.0007446910354181129,0.00026311676167218955,0.02198931585516475,-0.0038045683505175,0.015332817263987717,0.0024851360358919424,0.10774400061609873,0.0027091596355566638,-0.02152984223576141,0.02957778579043872,-7.436939069539591e-05,0.0006453978151017142,0.004937818706765949,-0.0043684599789967785,-0.0015848574269636795,0.00024323648351815396,-0.00019184274176304412,0.000578446926912734,0.0010476875994016388,0.0017948899578348152,0.0017055876178313457,0.0015914121780408479,0.003199768615670719,-0.002433549951962752,0.008908517795996487,0.0018193692666544467,0.0010487556501933182
0.037901010527035504,0.06100080420139499,-0.0009129960036222194,0.004810601065652238,0.009126230076917544,0.0031030929243027407,0.010810393216794391,-0.00033957706437148853,-0.0004437237050553052,0.0016289438425186509,-0.0003470893043885227,0.0012478747666074177,-0.00044143321173681393,0.0019677484460917396,0.006709547607599964,0.001144519259195371,0.0013147526930111036,-0.023269041506707746,0.027007708573088436,0.03481737282134092,0.04292157406571577,-0.0011225818539276579,0.0032209275409764483,-0.0002027013532660644,0.00508868036583268,0.0030812216520627977,0.0048616941912052675,-0.006207752068114433,-0.003438427072510414,0.009525481228378293,-0.00012156968136804418,0.10190948727441455,-0.002264120542926171,0.01990993971347867,-0.00022152601150085132,0.0007025142211184647,0.002611580829744617,0.0011746814972089755,0.004251070503287421,-0.00079966314647933,-0.0034078254979752133,-0.0009973734862203118,2.2986438218723095e-05,0.005967460457910922,-0.001269733051716577,-0.003972068946731619,0.001996182838568685,0.002582621131668891,0.009235187206998643,-0.0013945091054354361,0.0006218426535516933,0.00116464544882831
0.03968504607384248,0.012394649127622137,-0.004561353867967739,-0.0005748945008018009,0.04275976236087399,0.05122044257442194,0.03735134218524431,-0.0010715844393158365,0.0014620433044793602,0.0028458461791994226,0.003660252007199337,0.0030170905480767173,-0.00034400828523284714,0.002440790699277459,-0.0017248671547296908,0.0012218029497714593,-0.008134736363150485,-0.020056022752367363,0.023944246852753454,0.024314953412021927,0.027329502605590635,0.00015775622094450122,0.0014582146718835763,-0.0006157934939371012,0.0011328388055446808,0.0012167794279934413,0.00462702616579313,-0.007345468690115318,-0.0024693977236838116,0.003065257370534875,0.0025488856074833512,0.11257234616982026,0.0022732538022532185,0.014669353865469591,0.00179145514778342,0.0011450937309161046,0.0033765585806409277,0.0014179434270476007,-0.006909749926734071,-0.001038242984717245,-0.00383505043112078,-0.002233983773668833,0.0005464197727995527,0.006405655235522656,-0.002441798805384814,4.697931217564613e-05,0.003397685106961066,0.0030473790904335307,-0.0025382286093301675,0.0004295172463417216,0.0023831376287147673,-0.0009287921318409997
0.03679665377072132,0.0523650893104255,0.007036492187512577,-0.001125167873748358,0.03276959493442706,0.043691721669017074,0.03192445550417883,-0.0007074804071535984,0.00039264457936854624,0.0018652179556637477,0.002898538964500285,0.003394462691966895,0.008135869638167453,0.012648889052769317,0.00685375175378668,0.0011924784197794355,0.0008114234012974569,-0.009402022613659583,0.025265222147308815,0.026814027245125,0.031371555736506504,0.0012449271079905426,0.0033877502669473077,0.004832256140206379,0.0007628956964795396,0.003531688722825577,0.005263203854263936,-0.03357691229943056,-0.024977417918253607,0.009940785395117892,0.0003662201632825564,0.08885531532314478,0.0007070780442840571,-0.017654363129796954,0.001155791890387491,-0.00020987580636457873,0.0032999933512468885,0.00571390478210732,0.0029223923732383706,0.0006010197967075178,0.017193183272601276,-0.0013029881697426116,0.0011139964823060292,0.0027460179268511803,-0.0009282633270782557,0.0009787830067937917,0.0027319108385301626,0.001290120734103392,0.005432202981606416,0.000983458574452398,-0.0002442504160958676,-0.0012542437266732961
0.03810121514604615,-0.0816343381917682,0.0005870554202065831,5.910778189819116e-05,0.02509100409190356,0.03530253435444285,0.027414510685520952,-0.0015014226583423792,0.002140004807500755,0.0028958052159794544,0.0024363475114529813,-0.0013690327676838374,-0.0016676113476445703,0.0003912529298811228,0.003753437414978215,0.00021845333553083642,0.0006572122977389471,-0.03116149780032257,0.012520767128257834,0.012603547355001046,0.014626903456135067,0.002230378385031208,0.004938906908015134,-0.0019348991603193846,0.0006634557418152995,0.0024145098135908197,0.003300274485902773,0.07019343538122742,0.03733237605383906,0.013815432130864528,0.0003559800171858206,0.10458450257760397,0.014927782902988287,-0.011485321476656679,0.00027591649683229684,0.00021241540480741852,0.00031197475434360534,0.008421862430920043,0.006985258343014066,-0.0005458932292103177,-0.001259134225459545,0.0010811972555846,0.000747400225711193,0.003310785388358585,-0.0018594317783794977,0.0017640496778513425,0.0006987705053336362,0.0004087532839023706,0.0026120489889159756,-0.0009457932214862651,0.0024499358756857365,0.002094480562140339
0.03547426456288859,-0.04907735756959354,0.011258868170383568,0.004284057975446723,0.043160546382644605,0.05602941929739123,0.03921512724395678,0.0012489396985238385,-0.001506351966166777,0.0025486664980949518,-0.0005126676202962434,0.0018175743382677014,0.0027877494158683592,0.0038548695794565382,-0.001277373367648467,0.0015832429696429327,0.00129787534762533,-0.020004677118323072,0.005097188551761672,0.01115704416285259,0.003525919953384135,0.0022558537283187993,0.00035212305850817235,0.003919995563701723,0.00397134552827141,0.0017586933941779411,-0.0012611031860500343,-0.04171596772024931,-0.017479822153222448,0.00880918300120415,-9.994630465506071e-05,0.11599664321270506,0.00024993577741752273,0.017561954118634936,0.0010104895935514114,-0.0014689050840953183,0.0010917513493613111,-0.004228309739982037,0.00727065284792017,0.001169622740900423,0.025332455919192014,-0.0005127929431100528,0.0011693863305069587,0.00156926802533601,0.0020013391550304667,0.0008175618053174628,-0.0005925541115190841,0.0015506111629498972,-0.001090157458141126,0.006774832678810075,-0.00173463404116922,0.00059232914897814
0.0396172233945066,-0.0675708191284213,0.006403878850752791,0.0012861650673951454,0.03550303664228047,0.04524519457641413,0.03504757950348224,0.0006296503322914769,-8.974768314996975e-05,0.003354855890024657,0.002267572304473069,0.000818100836765582,-0.0007276237506927007,0.0008940708440015397,-0.0003595323646108941,0.000592310473907652,-0.0005073834809749792,-0.02315695605099226,0.019301427554256213,0.02019767905669446,0.024436863324980584,-0.0008427224194226872,0.004219232371850674,-0.00016171514265929965,-0.00033605363882030986,0.002790158485599416,0.0010070778116778125,0.054777183060614555,0.02586208421079713,0.013513628816833899,0.001198947457045111,0.10797012485427675,-0.00063108609730525,0.017029526223492904,-0.02654311663151398,0.005836280386031259,-0.0008495554057489364,-0.0026724323217206763,0.003489920110196329,-0.001104056295548996,0.003283090030743248,2.7574083232887912e-05,0.0020218676555274198,0.007307825892663089,0.0016842254040632962,0.0019372647903400182,0.0032281436824814855,0.0016758301603317348,-3.584393642349265e-05,0.004875931008130017,0.001143479110613276,0.0014136400892367776
0.03613190722232741,0.05958902141388574,-0.0024007804363619803,0.004257611404220018,0.025595846993314884,0.0400336939380929,0.035034783179777124,-0.0007622812360749296,-0.000448813177944193,0.0022865026157675426,0.002845283273501453,0.0016233246540188005,-0.001325950730272854,-0.0002986059485321041,0.005731647298741024,0.0005355706367153661,0.0004920292518924772,-0.03614129383161528,0.02428256943961914,0.02432005341077817,0.040971773250710344,6.278414871716906e-05,-0.0002302948234674635,-0.0007548937044320663,-0.000715882921662721,0.0016976234992887224,0.005181171322371661,-0.04191874127357616,-0.01629807371261244,0.004487982698947736,-0.0019742794220498593,0.10287463553220166,-0.0003487958468621866,0.018190144786805734,-0.0011329803141726215,0.004437104257960211,0.0022613619214719048,0.005000376247581455,0.0047682606943727675,0.0013175739609450326,0.0033079474270408067,-0.0003519540660339906,0.00046772623094201536,0.006458640331058399,-0.001861645321972893,3.303290170053386e-06,0.004109000098659187,0.0021292657521481038,-0.0031640556956753743,0.0015396433220778742,-0.0023950781331218973,0.0013815704236514498
0.034929076741412636,-0.01364334114125298,0.008106937329913326,0.00019291131890204625,0.04048367966442022,0.05471112452586688,0.03778170126621898,0.002305574503880699,0.0009033352986215058,0.0027820525211572225,0.0025686383218261437,0.002521596942866922,0.0016686216656379633,0.004094820848533652,0.0032683662224327024,0.0008428317197965968,0.0015845338502028256,-0.01715720437595115,0.016136178226979297,0.01790917413422346,0.02139517438798334,-0.0006270289997923355,0.003984908700588877,-0.0003645174715105663,0.00330621141757871,0.003255358352724636,0.0032766712844724973,-0.053834030687769846,-0.01422437872806479,0.01207744399147603,-0.0007090239894265486,0.1017794338248061,0.0011796528783978154,-0.018839399408199595,0.0304756879318163,-0.0005746544003376601,0.0023803736321831004,0.002279305354292309,0.00419138349484719,0.0011122958101477188,-0.00033268508471013636,0.005502914075118739,0.0011187281092200324,0.004234802271825799,0.002920188090434675,0.0013445990113189281,0.003892176569282727,0.0007565518272496047,-0.0004773037340691612,0.008374588603312276,0.00045860303868063636,-0.0023379730728998356
0.02171299299973793,-0.10321049734685535,0.00248469598726239,-0.0007599046826659778,0.020919310690417168,0.029493896697065244,0.0264649133228008,-0.0029388951261182985,-0.003786744362188839,0.0013767771240851751,-0.0016249837622436542,-0.0032092514961256473,-0.004245059988271611,-0.006356273715222351,0.00461316669189498,-0.0008981172080622584,-0.0003010734538081799,-0.00750040968989443,0.009099833410048774,0.010782069154773087,0.012761514090382758,-0.0035611788155021557,0.00042668437523276254,-0.002193368236016985,-0.0011416153393050217,0.0013393326468741594,-0.0008049128622866046,-0.053037457791892416,-0.03837029548908656,-0.04397064516016609,-0.0013454680063062854,-0.01842430941305138,0.004233716549741541,-0.028619710775573404,-0.03149246927072428,-0.0018970010847634694,0.0035910551968974355,-0.006443499718935887,-0.008299676633473719,-0.00255502652648306,-0.005821017159877822,-0.004301495589804037,0.0007481403350582609,0.000398154057446815,-0.003939368338911523,-0.008271081177256842,0.0012960514298205358,-0.0033362042229197835,-0.0030906130622100104,-0.0031128684076664574,-0.0032054314744391567,-0.003009712704763774
0.03677653703747083,-0.040824163535667854,0.014176661620908018,-0.000422905679207882,0.012715686490776633,0.03242564636020516,0.02469321457514593,-0.0015024618490402765,0.0015659353902542775,0.002743372034639135,0.002196095363523407,0.0013367207017277699,0.0017015527242552092,0.0015012515349056767,0.004049442386233914,0.001243648768303838,0.0025545101519879507,-0.018530360360892853,0.02919517524375779,0.034355722265183554,0.043131602599279534,0.0005488914323644381,0.009600527722565056,-0.0008069331727878731,0.00026044293634982775,0.00041920890440411726,0.006277943698469815,-0.04249176179246817,-0.020183303523856666,-0.003965002278667361,6.732095475196611e-05,0.00821986175033624,0.00019984066100724258,0.024408113906168722,-0.006960499903792803,-0.00041021769653580906,0.0021901101888862533,-0.002480847378554469,0.0009441359449596086,0.013658460524423618,-0.000377660042874952,0.002609328899938942,0.002334570807677942,-0.008265839273429767,-0.00021932567824901162,-0.0003001647577851253,-0.0006729881434899618,0.0025208279168744997,-0.0002149230567147466,0.00047582344014058717,0.001547801623748498,0.001450038229056058
0.01979917703533612,-0.06688718671906434,-0.0006640092421506983,-0.0018195889777100091,0.006115282683214498,0.0023152527222239324,0.0050490906599796465,0.0022411528067186486,-0.0009500473306237329,5.717195094702311e-05,-0.0017719244674936573,-0.0010704706079100886,-0.0034974153016175008,-0.002962473457016345,-0.0076324140376209226,-0.006410117571602184,-0.0012704569541129535,-0.024927662732730043,0.0015140946674432941,0.004981091466120555,-0.001663287884607701,0.0016837650936108626,-0.0009724835023558489,-0.0019158693050991113,-0.001607732236875943,-0.0009500985246639114,0.0027160100832859862,-0.07402371426437415,-0.03587877079840059,-0.03706630992430622,-0.0009302740442950856,-0.037291506731267555,-0.0038197456821287778,-0.022576775380399487,-0.006675697824539964,-0.002310240611907301,-0.0017810751404115064,-0.004421584936536518,0.0019293627276986876,-0.004164035167365694,-0.015066801007226528,-0.0022915877839068044,0.0011019658918383856,-0.006991894829108186,-0.004120223910541744,0.0008662240906924809,-0.0014247061596477963,-0.006646955516785889,-0.0035758089677072257,-0.0018068281147330092,-0.0031602328525195105,-0.0008716333777457606
0.018702164371224846,-0.0981880873269875,-0.005615025610076879,0.0031813795628506183,0.017157622787710734,0.03572510056017214,0.023402103945734058,0.002533320910415725,9.680930621082775e-05,0.0015639363188975283,5.304450153778203e-05,-0.0012783449201842275,-0.001306608541980201,-0.001473315861216577,-0.004433078283462145,5.8116316431607375e-05,0.0013268567374816178,-0.043797055812320206,0.0017265969620138817,0.005172079657446029,-0.002124147836079386,0.001428489813392225,-0.006087924439779952,-0.0031250262779684798,-0.0019030776115604965,-0.002439998977300731,-0.002218406201428539,-0.06257955086105275,-0.02667614511800443,-0.032620084753156225,-0.000443999630833601,-0.036299268779589146,0.006766033513136756,-0.024956857674297752,-0.03467334355608779,-0.0017752919315138396,0.003256671463130842,-0.002118050249330831,-0.009724656587002594,-0.0002831454899103349,-0.010216849931321253,-0.0015317396604277286,-3.745819676467501e-05,-0.008535619481679519,-0.004290949175943002,0.00035651117455675414,0.0016254996972408075,-3.988629720211598e-05,0.0020858718978979617,-0.0032223705453063617,-0.001783285640244968,-0.0005195582374684547
0.021839347306720987,-0.11313149794197809,-0.004696557562350681,-0.00142884473478413,-0.0009183104366843908,-0.005651801092281768,0.0010586202179836983,0.002256847242617752,-0.0006770427451250808,-0.0004778902006727543,-0.0010182397278478415,-0.004143712125154478,-0.0058944886916668495,-0.007425560965416874,-0.006303133804361437,0.00014724671266827598,-0.0007823090737102933,-0.03586829413086183,-0.008164243933110623,-0.005808130189950633,-0.007770363399797581,-0.0014165408967107519,-0.0019320819462955293,-0.001648934310343425,0.0016824690645776148,-0.0007803956048157699,-0.0011148747450492012,-0.0724841559318524,-0.021100207884428297,-0.030379761498153267,0.006140227306181329,0.017820584174873817,-0.004996007231407825,-0.022511477895905296,-0.02448323268826696,-0.002140644437057097,-0.0017150819129186656,-0.005915406152056082,0.0030848535044582025,-4.378528020814838e-05,-0.004579913775425274,-0.0024342552471353874,0.00017097303236875814,0.0009442554325236746,0.004160934995482001,0.00038247516222433836,-0.0031282843421468792,-0.0003132215279580699,-0.004541247460225323,-0.003098754274723905,-0.003622519405824541,-0.0018809622813504166
0.012726742825874804,-0.1049626133438555,-0.0058389371051014655,-0.003752138233888783,0.01167238044298154,0.021270662599571746,0.019308373931080206,-0.0033224297399203546,9.009969736832195e-05,0.0009615604053231171,-0.001761001925153786,-0.0034679550859710736,-0.0038499137636984907,-0.0054095756184214215,-0.0005005506527951209,-0.0013832096311191474,-0.00041057336122312966,-0.03874901024414925,0.012728709195500953,0.015036096226734111,0.01585514165751696,-0.0006603620690956518,-0.00869069728764816,-0.002225781681759087,-0.002693074503665215,-0.001557778217437693,-0.0021562249803941326,-0.07359712815398403,-0.03383098854485232,-0.03526470259911986,-0.0029563636621712857,-0.006027707079615248,-0.006854906192758447,-0.02872936631018577,0.007012443047356154,-0.0010434483687689912,-0.0055918496397538535,-0.005148441692193002,-0.004290328675568777,-0.0017601748476419922,0.0074584827301832765,-0.0009524650733637664,-0.002146113237792802,-0.011440278419675843,0.0002603441626270624,0.00020235813882790238,0.0003393229496549302,0.00047935948757182124,-0.002833803546045359,-0.004260252987400649,-0.0025495502233383685,0.00019619062992617234
0.022298140227509124,-0.11381462805174011,-0.004956197144739209,-0.0014843655370836023,0.004913179702154091,0.0027636546179417155,0.003559345968079728,0.0011782149301132294,-0.0002383844950693695,0.0009008016724320106,-0.0012204256261064456,-0.0035654381363415867,-0.0049265385447581685,-0.004388097541256791,-0.00875213097932318,-0.0003440522903010068,-0.005237709522319078,0.005849256660763899,0.00919668484523102,0.010957370244556574,0.012403290135647334,-0.0028652920359753566,0.0034335195407112357,0.00029716758932637273,0.001480195644945763,-0.0025245974537901304,-0.0006867769960107814,-0.0740350735568535,-0.0388211844035083,-0.03986563715764253,-0.00046547210871501765,-0.007582650284226113,-0.0006153465978086542,-0.02247682699196092,-0.032699842899451464,0.00014897366599929328,-0.001245299970410063,0.007148677095322581,-0.0038800008367745878,-0.0035873377198120046,-0.0035880440095789347,-0.0029197304473863733,0.00023395271892781328,-0.010089697651073433,-0.0035642726374521924,-0.0009719776329158243,0.0017710134314808182,-0.0028969395311539887,-0.0050590869990751195,-0.002018228337110856,-0.0014586179549603815,0.001112463391542353
0.021262306798926812,-0.12309958710435956,-0.004172659682552716,-0.0029754775994831556,0.001656176623874648,-0.004369234980614171,0.0008010337253118826,-0.0022176954969724888,-0.0021627671770605636,0.0007198681377770458,-0.0016017601270739968,-0.0029201201046976594,-0.004308429535847553,-0.003880378719667096,-0.006535591341203715,-0.00031518166496295296,-0.001429725250551091,-0.011916024975280744,0.007545166129705311,0.006588263710947147,0.004836034115063201,-0.003453330659651555,-0.0023782380217803266,-0.0031536775016113437,-0.0007175531372566945,-0.0021293393159356458,0.0020357865025191755,-0.07019701817734962,-0.047999913654803036,-0.03345318073175799,-0.0007309807003771945,-0.03636782194346632,-4.8489691435671606e-05,-0.03189119513414279,-0.006871152453794629,-0.002749393221694678,0.0016608327115411974,0.00030755170105278514,0.00013158288809644454,-0.004138094283175038,-0.009742333888411683,0.0036755989037558236,-0.000533130567435238,0.0034794158269616216,-0.0048881165399592245,-0.004760189897192801,0.0014809083842480101,-1.7589638498204643e-05,-0.0007932930634507649,-0.0026334077971488885,-0.003091827762759992,-0.0010366246163644253
0.020951219916276912,-0.06544910250947288,-0.0065668473609679255,0.000377780298245001,-0.0014018244044967057,-0.006944064136786114,0.0016863463914584102,-0.003263152328617739,-0.0013418875036651018,-0.008898588183035837,-0.0012101261420545005,-0.00028514950989187,-0.0009840236809652927,-0.0015648763506565298,-0.005147082660234606,0.0002383620137132777,0.0006819837858965164,-0.04400452448790711,0.01736131005910385,0.019512334611510855,0.017087973102516477,-0.0025742048091292086,-0.006249817520944296,0.003522535120962468,-0.00222507523960822,-0.0009667553276726561,-0.003639853224958799,-0.06930452999644704,-0.03696028760913242,-0.03302217699097076,-0.002705496079728526,-0.027197827508615255,-0.012880420552047273,-0.019563211845880037,-0.00526934200719266,-0.002867385474495891,-0.006562743237964289,0.0030891527610977837,0.0037125159660611464,-0.003127476961135922,-0.011443719989714964,-0.002305799850366863,-0.0003429667908724181,-0.0060023867025644,-0.003372563737254315,0.0003086821029739342,0.001190205881396586,-0.00455638586247934,-0.0035263548339269737,-0.0007074706524281053,-0.00335973451742634,-0.0010918320961707442
0.021016264752027166,-0.09256682515068367,0.008219996776929351,0.002557122246488875,0.001179849903839732,-0.006604020243526198,0.0035160232230690438,-2.7942210471180365e-05,-0.0004428784977378138,0.0015105047573069936,-0.0014210099355001292,-0.0011787859710666601,-0.004580893837384878,-0.0037634380204036415,0.005635239083574741,-3.0931002528368e-05,-0.000953247542584954,-0.06874608372464465,-3.69854039686863e-05,0.0009061733834264633,-0.005495541006900684,-0.0006916764961123254,-0.0033710260977613004,-0.002060250874628644,-0.0015426900791162465,0.0008699796965477285,-0.0048061665870595405,-0.024065902538464405,-0.014396193299397812,-0.01761447576139394,0.000367271077507379,-0.02364131327678209,-0.008987740948640155,-0.026560411527944874,-0.03238864621674819,-0.0026722566935858624,0.0037992150926724655,-0.006590019378744016,-0.005302719840038808,-0.0031293562874358674,-0.012936232782400987,-0.0017434915788606116,-0.00017386674317127957,-0.009683074944683357,-0.003391615714292296,0.00020128124153674068,0.0010719651812183383,-0.0008153772954733309,-0.003918133146887475,-0.001552028678572331,-0.0012398529845761687,-5.635552454306523e-05
0.01945178936590344,-0.10200058432249483,-0.004131711100714738,-0.0007349417847534828,0.0005895922800354476,-0.005388642156549972,0.0016910843906344417,0.0004190569798993962,-0.00036980090671716233,0.00032663806514776183,-0.0016778902449755878,-0.003999336514068108,-0.0052441041097319365,-0.007273758775950809,-0.0041894456919823984,-0.0032099160155875193,-0.0016226607319506734,-0.06186348935549135,-7.923936888982323e-05,-0.004811767335855755,-0.0044803608952673005,-0.0005538457297253278,-0.006022595216981629,-0.002240382670149831,-0.0023385805419770273,0.00047667763765765975,-0.004302388854911777,-0.06857989318253221,-0.03161627068648487,-0.02638415542282951,-0.004155900117361268,-0.03410108456101123,-0.006569084544491554,-0.009767181284130415,-0.006396463112470835,-0.003633528475581163,-0.0020236171931298117,4.8324659947259885e-06,0.001302753356092526,0.005791964326519057,-0.009729689002743395,-0.0027639681270532103,-0.0017775300893394014,-0.0002505479487825321,-0.004104451406774642,0.002156224039013045,-0.0016097760147151471,0.00017127572437356845,0.0018398042572826505,-0.004207593332264039,-0.0015383200963666932,-4.3862632431500515e-05
0.014424969483642148,-0.11348952180438525,0.0046869375143538256,-0.002562200944468748,0.0017428451356494546,-0.0032732344483484012,0.0021358930071701016,-0.00439480198646569,-0.0006461295895823239,-0.0005675522069028779,-0.0022063005291344095,-0.002849558282519647,-0.005441895874859764,-0.006486771606507422,0.002853842604341643,-0.00020187451609083508,-0.005546657156667586,-0.06715920176208524,0.004972124196407438,0.004372834302851939,-0.0005217443454921753,-0.003108510671359969,-0.0028274210265339023,-0.004166369888258132,0.002054428454890271,-0.0003049340712911067,0.0008932383799735621,-0.06923876175488017,-0.014041022974863296,-0.008827316114187739,-0.0015746317060430636,-0.039271773531741216,-0.005936244336957911,0.016798848925477654,-0.0324597956483681,0.0001619473841290585,0.0027224643438565036,-0.0028047046469457403,0.0029984148123098635,-0.0031994779085406837,-0.01252131871904881,-0.003589601797778293,-3.986473039924836e-05,-0.012606496759801808,0.0001054651005501033,0.00023827965822232177,-0.002319339311983232,7.979475272733473e-05,-0.0014716720390802597,0.0002517647145898773,0.0012114881525062602,-0.0021488782320763233
0.013168581758288942,-0.11725390454955484,-0.005337786227767551,-0.002472413405686832,0.00024421552548412875,-0.007027784789614941,0.00024251943520773786,-0.00430533302324576,-0.0004977088498381222,0.00025858823564203895,-0.0018317065972088854,-0.0023425435685938793,-0.00389495791929784,-0.002439761572821326,0.004148768663167481,1.5220297574230217e-05,0.0015597595957675236,-0.06246286705665996,0.0016328327469942697,0.004872127346581547,-0.0019164487530813328,-0.002091352966821656,-0.0028375800075201765,-0.00314236273553363,-0.001684321307659983,-0.0016006949876230206,-6.391016498286749e-05,-0.07830137519580911,-0.03468397705274193,0.007013075006387855,-0.0015640738530549112,-0.03708447141067936,0.007413135564931339,-0.024739019008243435,-0.03005516947057708,0.0009504554990520356,-0.0014475961389690329,0.005995123646535229,0.004018939199867121,-8.764893525735578e-05,-0.004541880426298873,-0.0006000855160311369,-0.0006295269985669424,-0.008871702874720465,-0.002365838426963514,-0.0006087397829602843,-0.0030540141938693397,-0.0009018632517987921,-0.0031750560068137578,-0.002100161952434362,-0.00012750627135407413,-0.004056863937491753
0.019908773875818346,-0.11782102882657897,-0.004637668043087747,-0.001542694113110166,-0.00258187867336193,-0.007240323267495367,4.5243216541106816e-05,-0.0033159625255156037,-0.0030194691583680156,1.7734485688049413e-05,-0.0017017029051861244,-0.002056873369715603,-0.0032146930090522666,-0.002166620553454001,-0.003979926888361635,-0.0011213340033925387,-0.0014847120792175934,-0.04338861641099711,0.01031164467437092,0.011397232384734012,0.013551231729291848,-0.0011725159737874977,0.0024353963883089152,-0.0008527559290114497,-0.003066933720617065,-0.001785167169677553,-0.0007881007290436736,-0.019889910421313575,-0.012313316075853313,-0.037541243626978596,-0.0005812542968191973,-0.03776315666272073,-0.006392880490995536,-0.021736622604226454,-0.03086300695703046,-0.0020383269324903376,-0.005980774594787693,-0.004923647577270044,-0.003175180031080109,-0.0032684783871372767,-0.008899212357342048,-0.001620630352317913,-0.000343783322022338,-0.008595132038879509,-0.005808011215682234,-0.0021505053885334893,0.0010636551230508886,-0.0004589686047619047,9.860689658851064e-05,-0.0037671559069862677,-0.0025387642661988193,-0.0006072459805997275
0.020132708413521726,-0.11278530052095385,0.002457490873167329,-0.0021960058116823364,-0.0031441695460616326,-0.007732734838413561,-0.0020224072274373523,-0.003453347951353623,-0.0005025079156678412,-0.008950752362389817,0.0033718174602921833,-0.0003135505742097521,-0.001975187893022666,-0.000784417701108345,-0.006114134315518777,-0.00022839056686329787,-0.0007460324958886204,-0.0582777159090639,-0.0036920195209436952,-0.0014593848299087383,-0.004724548647200285,-0.0013712715271147484,-0.007562088516769077,0.002307936577148561,-0.0009264530338069387,-0.0017379495661619686,-0.003438542474070877,-0.06985765486536294,-0.030057397632366648,-0.020075830896062817,-0.0003309001395099834,-0.024174798024821625,-0.01322750969024654,-0.021949776344060392,-0.006797565085086073,-0.0028710900001753872,-0.00469859352185073,-0.00010581860897953216,0.0007966659607709587,-0.0017766222255854334,0.013605874540068699,-0.0014334606641505016,0.0006134854462217006,-0.008756206753837682,-0.002993105299741271,-0.000981576618136906,0.0029953264724488287,0.0004648844597341021,-0.003970603415200137,-0.0023482929008920845,-0.0018794615208473286,-0.0035876789175150526
0.022850699843047616,-0.08622277785957533,-0.006019802157396197,-0.0019257870531216741,0.0017743862560587202,-0.0062887657464947766,0.00011688371881424787,0.003856680447409731,-0.0011312054239136138,0.0003900317991233328,-0.0022828876400392507,-0.0006918747829197723,-0.004774577867601211,-0.0017902893484098396,0.0003076948835237885,-0.0004596295315418619,-0.0065382014314040015,-0.05879475285276431,0.004122188178425565,0.006208043119796065,0.007173159045946369,-0.0015243065901776117,-0.00268764668765405,-0.0011730844764998615,-0.0014918975592257992,-0.0006232621552814166,-0.0014419980440964627,-0.07583543840154955,-0.03963284119493793,-0.027503358470076258,-0.0004362674105934827,-0.03609468039099247,0.0008134347382109839,0.014482990923645541,-0.031154563415710355,-0.002606405130569119,-0.007414384920364803,-0.005572405573387394,-0.005254254731896319,-0.0035091830505655707,-0.004266173308166685,-0.0013166192885745815,-0.00023475003655357997,-0.001262167827499105,0.00013540750628711617,-0.003100831705312967,-0.0022636745016848744,-0.0011233075835129502,0.003956930427735286,-0.003899185018560676,-0.0005131715876626747,-0.0002321201317360167
0.010695384410522618,-0.10900174133929294,-0.0047561897286716075,-0.002656112226180116,-0.0010354659714655594,-0.007132835523771839,0.001696828908464603,0.002186393098536993,-0.0017942374129940003,-4.406959106685414e-05,-0.0026205200639623583,-0.0010381051806755894,-0.001561536385947439,-0.0013705129074565899,-0.006491758856827647,-5.34056778529514e-05,-0.004643216828353398,-0.06777887733231068,-0.004344345873195815,-0.0051270171251460404,-0.009929411938836969,0.0005659508112524937,0.0007674711586636994,-0.0013843792152508092,0.001828014540333531,-1.0272783994872775e-05,-0.002797425476387944,-0.07663710356492612,-0.03260882512343239,0.0013393427802653537,-0.002012400635625598,-0.02650711276985559,-0.015130274907491803,-0.018478142326245135,-0.007863355792368892,-0.003188916832815691,0.0008769848675790407,-0.005880012034859865,-0.0051819893500493685,-0.0031314303525905485,-0.004303059930414408,-0.0016441211370270443,-0.0014342870948784803,-0.008858900055463055,-0.0025019208198413067,0.0005212616076726511,0.0014433479319134383,0.001816952156761874,-0.0012082495423135717,-0.0017431288494101857,-0.001398972200146952,-0.0013542915125682436
-0.0068167212646139674,-0.10484060376683807,-0.002992256782889922,0.002697806908086301,-0.0037256078000225375,-0.008632906072075291,-0.002072101947335712,-0.00302920433090474,0.004382225924440207,0.0005584083322655231,0.0018163793776435305,0.0006527198241278652,0.010583806435017155,0.012748921362240378,-0.004600039338858689,-0.0001450783820158361,0.0005848477547640242,-0.06424055720900226,-0.0037482515670544006,-0.004080113484449007,-0.00673264113176149,0.00026407522870023877,0.0011289939751218587,0.00013793592423178683,-0.002306222556871779,-0.002400136938990375,0.001587739767951737,-0.07093911886051851,-0.03288554409740377,-0.00013768310796828282,-0.0010779230551448723,-0.03296176623430007,0.002296552608882458,-0.027679088185197452,-0.007455755318877278,-0.001587651827767519,-0.005839390772658961,-0.0013180509125982891,0.004269159495765157,-0.004464431952244327,-0.006145712099661958,-0.0009073436931947179,-0.0011656066987060579,0.0015379491183194398,0.002857677920770885,-0.002613083112314054,-0.0010701261736911153,-0.0008231923098309833,-0.004370653728870167,-0.0036975170899789934,-0.002730547029435236,-0.0010678092195200556
0.016656175215559718,-0.11632232861391839,-0.005034246015262901,-0.0022078006889931713,-0.000377630846444657,-0.008202131788721164,0.0010506293480723784,-0.003850415383274865,-0.0007753746725152969,0.001113555682967596,-0.001543555631624482,-0.000987874408778405,-0.00399758742199857,-0.0037627244513282723,-0.0064995891715150375,0.0004957111723886023,-0.00019950238670871518,-0.06374617741031005,-0.0064985999082374755,-0.006798047400539784,-0.01062508451482968,-0.0018046611479673558,-0.00022084756310045467,-0.002887563112272454,-0.0016199994506905214,0.0005056597333449481,-0.002167164602485975,-0.06445689470783117,-0.03146471163285196,0.0017493911234777728,-0.0014574214535166374,-0.03596506244328458,0.0002007346421814002,-0.024142024750385835,-0.009752471948146888,0.000925596837103037,0.0004651401141752297,-0.00591611719563375,0.0018403606167521605,-0.003103056842559956,-0.008656152207771986,-0.0033690644560335735,0.0009640033564945022,0.0005841509965484794,-0.003343087134276782,-0.0013153136575160575,-0.00726266070252318,-0.0003083300385183135,-0.004492015686551195,-0.004873126026846539,-0.0020743333151879008,0.0006629752852213028
0.021805686686244132,-0.11449440331628638,-0.0055064117150482395,-0.002357513555763093,-0.004571284659337216,-0.008087582785084401,-0.0012068980188893463,-0.002961582419548884,-0.00109874453667232,0.001824824802319011,-0.0013301042406723567,-0.0016906592886584597,-0.003606060098361476,-0.002421987157575856,-0.007433879879348133,-0.0014675023817537845,-0.0002987773321467651,-0.07167400034260228,-0.008588314818406061,-0.0055429807762597,-0.009472248964895754,-0.0032535349305455354,-0.00044931398816686394,-0.0038791555563102618,-0.0013737029463283153,-0.0030943717242755174,-0.002793038950385358,-0.06423729036594913,0.012612654482201691,0.0027884823898561336,-0.0018412373225687778,-0.034330659541627874,0.0007093554679023213,-0.031128156351570256,-0.02274470993923587,-0.0018884823893545663,-0.001459977254327373,0.0033462015694127496,0.0014497595073331123,-0.0031215935076016102,-0.008950278859911601,-0.001750049288349433,-0.002109578468734868,-0.0012848978247858495,-0.0033056160234742134,-0.007327014525675565,-0.005384646815429627,-0.0004316843790907873,-0.002450151214491716,-0.002795997874127222,-0.002505717210276647,0.00036482863463616527
0.016524479605993143,-0.07128992306170075,-0.00491526767704636,-0.0006532814271879123,-0.0039540690973284085,-0.006055254729648628,-0.0016250386152130416,-0.0028656874083305586,0.0018658531906099915,0.0011068187664508918,-0.0021499803323316484,-0.005041164932397665,-0.005283472046557729,-0.006917486298093837,-0.005683630247311571,-0.002424885319266837,0.00016686039362631499,-0.07397571095933994,0.003105585438444622,0.002888897528308254,-0.003223664212347056,-0.0016889719409419353,-0.0058701084245253625,-0.0032185890004255186,-0.0023124080928365767,-0.0030161372028332176,-0.001604435751792336,-0.08021335591012059,-0.04255931656130364,0.005187448619714432,-0.00033360683712208803,-0.035698433260187505,0.0009573331316141795,-0.03150161512500927,-0.0072103714938504095,-0.0017492031883670873,-0.006512468200728649,-0.006770781700903619,-0.00047297835237051383,-0.002253700686830755,-0.006059018015534525,0.004096660058358394,0.000695375200255951,-0.0014417935210505601,-0.004080607130711671,0.000784926074233724,0.0009431371635065533,-0.004689544953009227,-0.004089177125780782,-0.00042017677767300165,-0.0019764819075984066,-0.001254910978840721
0.03601071323081651,-0.04731182716451787,0.017859266356773807,0.00717433411505028,-0.0023755561079565717,-0.004583519350747748,0.0027428653731994927,0.00566801195832672,0.00638472001826754,0.002253475154427628,0.0077694248191257104,0.002052524262692354,-0.0004293136852247601,0.0030977266336822103,0.009631297315387128,0.00112796454030822,0.0009559772419730692,-0.047377214051453474,-0.002751238652159065,-0.0023175204755014273,-0.00077746795938192,0.0015298688215401124,0.009242390800886261,0.026009002458526668,0.004606739531199236,0.005377430403453679,0.0018451745739476659,-0.0503952323712478,-0.01615846272043698,-0.009416872564965118,0.0005866002565807819,-0.023655717087923817,0.0055711033574964266,-0.01495206505162059,-0.008141019705417654,0.0027701078766755034,0.010026279456935063,0.016795266655159843,0.004609089352894736,0.014276602861988381,0.03691345844809471,0.000886214498942213,0.0028959188031704246,-0.0007633887026306161,-0.00031294141139387514,0.0031862639103429065,0.0035955528395294613,0.004505815214968764,0.013822152949772258,0.013058567116699707,0.00223756573936883,0.0011867472572320596
0.01820759884686925,-0.07397856418197364,-0.005696368784517213,-0.0028691918511093467,-0.0032319832025366384,-0.006450112430365196,-0.0001804982705624999,-0.004130820700610886,0.0017547229929054868,-0.008568776005563244,-0.0019260423505073716,-0.0011530364258226307,-0.0015174652207317976,-0.0008950406585948486,-0.00593520589964393,0.00010444673862499252,0.00059747207394445,-0.07148234552777055,-0.006918763390821971,-0.005377487078361231,-0.00869402919671065,-0.004115766037543627,0.0009416242949248769,9.214432884677062e-05,-0.0015240367808909124,-0.002812709358999373,-0.002851682312129261,-0.07621005300072103,-0.016505277637697515,0.004861038759573151,-0.000862563195391083,-0.018747432780778252,-0.002719615016966002,-0.03245480446727893,0.033236791422731164,-0.0008657829038517367,-0.0009839134506507748,-0.0064618497446210735,-0.006998409127666612,-0.0033411337427565837,-0.011159354104497525,-0.0013412073463113935,-0.0035102771994937293,-0.003011752190894991,0.003564217348897072,-0.0019316188677419113,-0.00535501085376769,-0.00404192936885442,0.010800117008259577,-0.00179825793447169,-0.0005734749223677016,-0.000443196959696139
0.010894725838821959,-0.1095039301636285,-0.0056156758520309585,-0.0011089612677529024,-0.00507064953416084,-0.008611983589204715,-0.001847751887538939,-0.003990408291724524,-0.0019138134838322324,0.0012459879884399881,-0.002446205617756483,-0.0014384626228536907,-0.0035971736418954014,-0.0018576298763879815,-0.006361683938834444,0.0012630449299018984,-0.005035497794142008,-0.0643215861136099,0.0018412908320477185,0.0034763847142512882,-0.004288494500359103,-0.0007810336291483802,0.005396453968337033,7.382564001617173e-05,-0.0011326914608139563,-0.0021370899704935054,-0.002362805010856724,-0.07771065721799873,-0.03253569050474596,0.0024694484182942807,-0.0009717551993448819,-0.03455755356632457,-0.013056056643712262,-0.017819466998867512,-0.005419560632097817,-0.0003005114887183288,0.00390820927746935,-0.004926540137397421,-0.0021080992789675743,-0.0037384686258738254,-0.005287420997462256,0.0020904242156090723,0.0010858739831903004,-0.005417337983038636,-0.003875570191201806,0.0007579589169202149,-0.006209200182260107,-0.0007842189130462806,0.0019734352619015286,-0.003202935904832798,-0.0029640868297035484,-0.0008017377759146273
0.015137506728486868,-0.10721575797765714,-0.0037945070622838113,-0.001389030093923615,-0.0075760436780328,-0.008525849508286071,-0.0021044524345610388,-0.00328694760096673,-0.0003850625132295526,0.001118951792403696,-0.0010692864716691482,-0.003598938798609644,-0.002582503002878017,-0.006562552417317778,0.0037612730129890936,0.0009598703769066374,-0.0016609264942371261,-0.06806722777008291,-0.013291854899603802,-0.012813789184338398,-0.011020283957505154,0.0003228880514024111,-0.0037130631282223654,-0.003267417931365458,-0.0020111567328781024,-0.0004388287183350702,-0.0012326078286266856,-0.030916954492718456,-0.032208844701974215,0.002163321090531275,-0.006087151752252646,-0.03168902663294633,-0.016166742864108744,-0.023085772962407203,0.008667252885268758,-0.0021067486388755847,-0.007842046905059852,0.0004912812543809462,0.0026483746859601604,0.003315991506104537,0.01735307479348585,7.86754221449133e-05,-0.002246472538642147,-0.005016090286039689,-0.0010884445925342205,-0.0009095579488892919,0.0011644090859613198,-5.8018998976900875e-05,-0.005651425652287189,-0.0041748181920266995,0.0026252922696987126,0.0008480424086243423
-0.06426537222159143,-0.09412031510845982,-0.004899196590789595,0.0036054410215905115,-0.006706987257388255,-0.009320533529974329,-0.0022688561482462092,-0.003205993023980469,-0.0018824836838953363,0.0018016796593084933,-0.0010995357541503249,-0.004770688089641472,-0.002755511402765444,-0.006669326435928928,0.004371403669337516,-0.00011136233707582071,-0.0013253269197169213,-0.05717633769755543,-0.007479500609189425,-0.005707852007618895,-0.00808793809972797,-0.0011844615974744446,0.0019982039260671223,-0.003251612202181385,0.006002083493570042,4.469771484877279e-05,-0.001375805435959406,-0.0633183754516256,-0.030527346323744577,-0.008148818681711252,-0.0005016357351966831,-0.030642976072106174,-0.004618458016881251,-0.02175544594383548,0.018099337191150054,-0.00018207237716632503,-0.002447830673134371,-0.004385993041619237,-0.005231901383108106,-0.0033878713100111767,-0.006374129203404033,-0.00034042650802364736,-0.001292254108428322,0.00024230771806363872,-0.00152623545103551,-0.0007451050202829083,-3.1453972039995775e-05,-0.0005033761819707018,0.00489729797416258,-0.0019928944454901507,-0.0023421860171565392,0.0007374249412798414
0.017937705339393904,-0.10701346238850416,-0.005571371617681365,-0.0016373561825502759,-0.009024302762656707,-0.010935071156183522,-0.004802236601587024,0.0017648509237064166,-0.001031155153027712,-0.0002833997469451011,-0.002061924666434715,-0.005157656288009539,-0.004037626683912598,-0.006796240482937595,-0.007155275585948468,0.0006879748109686896,0.000880924050678541,-0.04764404578751691,-0.012189425511777659,-0.009563529859432535,-0.01118358814107921,-0.00031355909632393996,0.0006359425716434361,-0.004485181961817486,0.0018539304690534035,-0.001683073880361423,-0.0024957973221104816,-0.0639573930466978,-0.03513499490930199,0.00031258190925516496,-0.002921472374976599,-0.035785309423893186,-0.007197961663401587,-0.026816594552076693,-0.0118477001167572,-0.0029987751208218204,0.004777960213157567,0.0025801310101049384,0.0036480279290165385,-0.00460748836515389,0.007754062708765593,0.00222194117531869,-0.004683426677703236,-0.0004515920650021652,-0.0008963506716537016,-0.003712113799215189,0.001501728213982425,-0.006829371030345899,-0.005180510905647946,-0.0020657088310706774,-0.0027393499599666026,0.0003336330654392103
-0.056090135276574304,-0.08704740480777469,-0.004038253103528216,-0.0011128836947814267,-0.004414905368423343,-0.007495478178716059,0.0013374385383172972,-0.0003516440628720856,-0.0004265512694758533,-0.0065384282844449925,-0.0014483526036943315,-0.004349211722599746,-0.006168303201602858,-0.00610851778624528,-0.0044603627651585275,2.1847141242012605e-05,0.00021255893639943014,-0.05088003682698933,-0.011557841637115061,-0.013938642401338186,-0.015645897784601473,-0.0007127005730374387,0.0023022909416771835,-0.0032458552571209913,-0.0010022507148031961,0.001236071761124509,-0.0004005851859167124,-0.057726417779751925,-0.03092547246808574,0.0033789976681458883,0.00695180097611351,-0.03162364896829764,-0.003952422269974885,-0.01997777603243437,-0.008696486100555883,-0.001980688453298767,0.0016163003914755531,-0.0005332993601226208,-0.007233561669758064,-0.00032968526418818004,-0.005659669461736268,-0.0015409867108179443,0.0007436924785378935,0.0006279701438136536,-0.0021027069126903263,-0.0005050417280520371,-0.0004833621398468631,0.0004771392835478074,-0.0019100118089926624,-0.003446606630135686,4.818503753196692e-05,-0.0010255403657061437
0.018921472275261583,-0.10660267008044651,-0.0035764181231744477,-0.0021776757859914672,-0.00816898184298625,-0.00935712194703271,-0.0024497886908500435,-0.003840133686348481,-0.0013429611657694335,-0.006997913938198996,-0.0019366620957403204,-0.005649906428889781,-0.005111193502861674,-0.00762625224973841,0.004399725044092931,-0.00029514823355110675,-0.0005779565880125984,-0.06827747715945154,-0.008746804093336974,-0.00629837194129652,-0.008987492820021165,-0.0007376183083214286,-0.007281041525923964,0.01631480220542601,-0.0028052215666574745,-0.0016726586015860443,-0.0018324161830423796,-0.06774934003600595,-0.016779640966585012,0.0013291608150958762,-0.0010027293163187142,-0.033655503216572895,-0.004908848953021125,-0.029750430112720473,0.022114974606610847,-0.0011217569869815137,-0.004834314525046853,-0.0021140572050377163,-0.0021081561913834845,0.0004069127504531699,-0.006291439721640895,-0.0009671896090903207,-0.0005910784668548438,-0.0011151008094446588,-0.0013490414161720697,0.0002556940386894926,0.0005768211666023726,-0.0011750128151525733,-0.0021571701962621232,0.0003078125577419095,-0.0017282514329757925,-0.0019117602568108879
0.016939974929921022,-0.11865610290685132,-0.0056096663562611076,-0.0025298273227644477,-0.008359829222610025,-0.010609575917143855,-0.007215860594204709,-0.0033841077979692587,-0.0001816844756263181,-0.0002891919319585719,-3.6521918161214096e-05,0.00018249935331983392,0.0003728148484281821,-0.001934472868458822,0.005109646743088831,0.0001745712958948636,0.0012278421880389267,-0.06900963166268947,-0.008399617381558798,-0.006789255640812995,-0.010213456252148373,0.0008852750301537202,-0.0025505395743952533,-0.0035888903229181392,-0.0015609183014396208,-0.003341691922398719,0.0018251323108968288,-0.06852058187997646,-0.01251431523449769,-0.0008519952441565654,-0.0005051066270056054,-0.035283431635681074,-0.007147845176883498,-0.028831104905698724,-0.029280768030336364,-0.0005346483069510792,-0.0017513678888040386,-0.005733191405468799,0.005200619143849849,-0.00308965140827847,-0.0087681455041983,-0.0017061449830973905,-1.3256332029319806e-05,0.0024400512957559735,0.002565975907752159,0.00045594460260171035,-0.004337067702771863,-0.0010427019523793757,-0.0036658590252666443,-0.001454024682022378,-0.0015211986507280746,3.2901296900786836e-05
-0.02154972405534269,-0.08553728336502503,0.0060774308249162984,-0.001634209033609148,-0.013925717021165494,-0.013644186609863367,-0.017467263638353464,0.0018988655540164317,-0.0008518487905218375,-0.0002798645944559036,-0.0008820097428232808,0.00375796562776141,0.014058820849845435,0.01957859104772275,-0.006202509212290475,-0.00025048758254201384,-0.001650554294812962,-0.04929236786201242,-0.009671191775454844,-0.008202873640239493,-0.012232495160781488,-0.0019121752882382988,-0.0025436484502484053,-0.004300075550459975,-0.002263215509398647,0.0006079952875859536,-0.005452106813143254,-0.05950130389100871,-0.02636838290451051,0.0009806232267671523,0.007797496680018038,-0.031495314217074064,0.0016133994208294574,-0.014002906683741517,-0.022458849245216034,-0.0019461609207954938,-0.002260965648318884,0.00020716315635444844,0.0026887530362559825,-0.005449146016755575,-0.006504308646919951,-0.0010420781565210636,0.00019953187716783373,-0.0009709970278691167,0.0019083739155452489,-0.0016164799996902224,0.0004367463208659756,-5.391972470844055e-05,-0.0020858097078878335,-0.0035761951338840257,-0.0008920604209434169,-0.0013910704890253353
-0.06784198366814659,-0.08132340865402608,-0.0036648942149831525,-0.0015462436621903283,-0.014498295787042459,-0.013910371294269147,-0.01780060566783551,0.003116158523098986,0.00013879631017150036,0.0012935128211084175,-0.0010313173265749807,-0.0016633585058722239,-0.0038036806246238564,-0.0037543245361066156,-0.003582754460466326,0.000747663480187139,0.00038297365912261103,-0.05208508721634785,-0.010513365391299748,-0.011538388960761939,-0.012426779130773032,-0.0003046614880617774,0.0017973264238345548,-0.0037764867014569337,-0.0009751124344594854,0.0021420463399867405,0.0015598114185764137,-0.05069878260313035,-0.02738195135129876,0.003159159108837218,-0.0014893066343368263,-0.03035779276779558,-0.0007946821885526619,-0.017958524337866717,-0.010424486907561632,-0.0023403729537509635,0.002650860666426731,-0.0029184910350733137,-0.0047767663059846855,-0.003933908629295617,-0.00740895326437675,-0.00045846289900207464,-0.00034669446642553436,0.0003085290315333213,-0.0028613118952825036,0.0009244555335161514,-0.00041673830346846715,-0.00014587314936162786,-0.0023369386938622955,-0.0030376431431818835,0.000894061203131204,0.00028011340204188076
-0.06398507154288312,-0.07718708396412444,0.005964335294362963,-0.0024643324763465872,-0.013731580012973718,-0.013795658464233267,-0.018638376949892378,0.004104442608038724,-0.0021118604988960834,-0.006202316954895943,-0.000883140358574354,-0.003976701833014917,-0.004171929542101329,-0.00713734836793159,-0.004133607450875862,0.0003445615340011924,-0.00026931874709312196,-0.052823984366056044,-0.010801761892081612,-0.006498185571167962,-0.010725111897964431,0.0012437978948883085,-0.003519607570160909,-0.003605713476811326,-0.0017741546342359335,-0.00013008409294290596,-0.0014128315192753068,-0.04531962551893342,-0.023490862446718844,0.0019243213047966054,-0.003634692155369974,-0.03293066739668988,-0.0022425604064336877,-0.019789708934348525,-0.00850909233692325,-0.0025737130453001244,-0.0017105110485903798,-0.003474954162690443,-0.004035099809883281,-0.003825136755068029,-0.008593134287624813,-0.0009062205867026829,-0.0012325551898688778,-0.0007092268847986919,-0.0002491524421009755,0.0003863853367599323,0.0005115057690750211,-7.74439098206078e-05,0.011661270733680952,0.0011586414921612397,-0.0002534890051192554,-0.0012283201269128032
-0.03209754635561754,-0.005479468001625201,-0.005764051425217108,0.000674735710917698,-0.014240115382175648,-0.01775956972492454,-0.023076298784516353,-0.003343447690064188,-0.0033171455184323713,-0.0014820500044023218,0.002169830113864656,-0.0024884958117662665,-5.250962395853574e-05,-0.0019949416419563783,0.0005534141693558815,-0.00056881278856786,0.001199406543380853,-0.058810611163173675,-0.011550459324422092,-0.012216555713016783,-0.010608368633465192,-0.0004619089740496706,-0.0012402746714436363,-0.0032135418790429217,-0.003079841566123067,-0.0008264615688525993,0.001276982724183197,-0.057738163195516966,-0.025810872657247404,0.004697281915973758,-0.0033430501918601868,-0.03236534049556578,-0.0073412724897927205,0.011258575534336818,-0.028843034065128025,-0.0025117570197823584,-0.006160978820755922,0.009609565707641305,-0.00638656787631014,-0.004219226642041529,-0.01175872406037651,-0.0021699119075738816,-0.0012135107871077814,0.0017492292496639331,0.005159676068792617,-0.00039128527632205785,0.0014685478571246104,-0.00017311597503731749,-0.0018359662003361982,-0.0031643413560131645,-0.0014107433102358328,-0.002640240354751077
-0.05037884502327224,-0.08141793537789108,-0.005671306432901368,-0.000681380059092779,-0.014314822395307961,-0.015323012288735444,-0.01681985847167978,-0.004643411294995094,0.002741956145543031,0.0005211840332951154,0.0035433782512478587,0.0003003124298693281,-0.003336924148664405,-0.0027268617769012978,0.005195734167761598,0.0002896213072677667,-0.0008090966730059171,-0.051708772848872805,-0.011476685631755076,-0.01203391866671481,-0.014979131843569068,0.0013453199900351576,-0.0019265264110689482,-0.004028281772906542,-0.002401305026883927,0.0024608566806207165,-0.0006845795033081186,-0.05138912238444647,-0.026275873098164478,0.00299810350079483,-0.0020782963802017606,-0.030633040226261784,-0.008430291377892375,-0.017245385951194545,-0.009948749858629343,-0.0008311529704631809,-0.0029313875483810803,0.006137637551316439,0.007415106362163683,-0.0024161579004405177,-0.00951830894477781,-0.001573123773049067,0.003544647482035483,0.00033131368812994134,0.0029724008907144207,-0.003485993919980218,0.0006721270340157095,-0.0005983671519397383,0.005923962096312356,-0.0016967185749547492,0.003027704117635935,-0.0017400733537890963
0.020337066852561272,-0.1036617453889829,-0.004608191790100427,0.00200050389889705,-0.014719839729858422,-0.013770793404346752,-0.017376605695143283,-0.004408932503589946,-0.0017725157990548183,-0.011354384316369695,0.001911136254332965,-0.0007567042521558663,-0.003850397062353625,-0.003649850960730903,-0.00571207628806059,-0.0002274492020484269,-0.0005845426177879959,-0.04203976367713045,-0.00975709840175663,-0.011811817243582707,-0.012405202450788366,-0.004272297318381384,-0.004174663569038041,-0.0023971676471761898,0.0042705627978380555,0.001014096591083659,-0.002536517185242519,-0.06053015119612542,-0.022187442251492655,0.0034771159804678027,-0.0016084128029557928,-0.031635380003978524,0.0008166214212116962,0.007680016823952234,0.0005100938819142385,0.009609440514177399,0.0041832587464787204,-0.0069580378738193565,0.004011767810884261,-0.004482886841321638,-0.005209685420594302,-0.0017313751165225597,-0.0006759203832304692,-0.0048348965805790674,-0.004887853467130041,-0.0013309341477531452,-0.005360457979398652,3.3446018024225014e-05,0.005018493288856174,-0.003362301654304152,-0.000978070491854425,-0.0023798295945111456
-0.07042553468201172,-0.07221171923790089,-0.00505997131748462,-0.000590340198743165,-0.013542119793334775,-0.016417046013049715,-0.018021100260552682,-0.004212216378375768,-0.000799553907901667,0.0006075279973206068,-0.0010950764750614454,-0.0047039251134056125,-0.005288237549270848,-0.006267178556921317,0.0050911990536818014,4.6616429732248215e-05,0.0012138028595907954,-0.050332536702210544,-0.012539102757447426,-0.014142121757340942,-0.016228696471663865,-0.001175805213720289,0.002841463101913347,-0.0013405201114234599,0.0007987832132211349,0.0007875478298637042,-0.0014807813890769983,-0.051693193690048524,-0.02244231523301881,0.0026886556711465184,0.009292227245268134,-0.03188424164993418,0.0031108440112539984,-0.016095800336302868,-0.009892139963399682,-0.0018533721175617948,-0.0025933418599511987,0.004800732115974593,-0.006293227440307047,-0.0023004131798966677,-0.004832352708371956,-0.0014004914536830198,-3.966375731104897e-05,0.00030617924019037525,-0.003721088174398219,0.0014063700406059965,0.0005563601044014886,4.112550544792335e-06,-0.006122443667672527,-0.001408868373639357,0.0016975185320009319,-0.0008700691709825435
-0.0070382109805830284,-0.0703246122074376,0.0034647710553315837,-0.0030615489642485,-0.016054635924049095,-0.019024099291217154,-0.02197839728665293,-0.003523984994078731,0.0012418126109631725,0.0003440697048707651,0.001042728648157263,-0.004590457843263351,-0.004512578952029831,-0.0068784969139437414,0.002459244630328892,0.00015252678617062445,0.00036504608479544004,-0.03471619713826736,-0.015352123539917465,-0.018752143212379512,-0.015900217054187437,-0.0015210356006445192,-0.0017490600223482233,-0.002643268211450523,-0.0005296986222943889,-0.003938872521553176,-0.0008353026296113436,-0.02299397423099493,-0.013213055265444657,0.0019665253770651276,-0.005767030813057774,-0.03456712296606225,0.006553356994659552,-0.017911367551078205,-0.01634926017061324,-0.003159257050966717,-0.007377447801389964,-0.00701368520399135,-0.010806813276030263,-0.0030191848395245,0.005341384637005279,0.0008488293237097597,0.00047430686334607006,1.701264195982573e-05,-0.004043085874764213,-0.0006192410607576652,0.0033598017928885403,-0.0010521512820854595,0.01133663845113956,-0.0014342887144620702,-0.00219360029870379,-0.002455880625639814
-0.06669492204805816,0.04288500974033562,-0.0037651386378921427,-0.0023504832537077605,-0.01683106546042131,-0.016238778195196753,-0.019664588319930097,-0.0012766711564113906,-0.0030708735729430064,-0.006378028343523497,-0.0009993236914279085,-0.006660770039567342,-0.005141923576812962,-0.005417946078123866,-0.007295861317122516,-0.0022963495471994147,-0.007432857515761124,-0.06391004222666428,-0.010665347170347924,-0.008766615205533143,-0.01053207440914093,0.0028860525708305747,-0.002905948341241017,-0.0020183906657239353,-0.004868878112288283,-0.0007605356661791891,-0.0013582839256167907,-0.05212206246670849,-0.030120759200629375,0.0037459750175913055,-0.004804100415275655,-0.03154881024904817,-0.0030070721320344562,-0.015798424421673653,0.00462183092802298,0.00019055615036082124,-0.007182501069899882,-0.0036518173435557367,-0.001662531308245813,-0.003837280919531436,-0.005766592128687016,-0.0006842294546286156,-0.0003780488320346079,0.0014761146536686478,-0.004203865802516882,0.0006599947230922111,0.0008683737284430212,0.001336430914568095,-0.006214800211118516,0.003460669886352236,-0.0001629627769411994,-0.002183453103901335
-0.08345456025508391,-0.07875481910508858,-0.0035469394430947547,0.0027867845226616276,-0.014612728047726172,-0.015403480375855488,-0.019044672003196116,-0.0023452264002578153,-0.00045177314226111043,0.0004131440880755541,-0.0010878358946373246,-0.004969849530687152,-0.004606382078791556,-0.005916825519774083,0.005108500587778416,0.00025574483176312205,0.0005711778705343666,0.03016955984394667,-0.01506007256492478,-0.015440341910427056,-0.016045113306665575,-0.003313877822297192,-0.0027389961130860644,-0.0037745455289760334,0.002417981585239232,-0.001373932030864329,-0.004154681951591414,-0.04041504500870311,-0.019120842880291627,0.0025370203280752957,-0.0036318024849326526,-0.029221696178475403,-0.0071199016141177095,-0.014468574487101453,0.00550785901517684,-0.002553078255723719,-0.004177059226950093,-0.0018600948088042968,-0.008294038915727102,-0.004968002705908479,0.021485143526503245,-0.002093622297355127,-0.002213788126494915,-0.00023914114483288842,-0.004254819766684041,0.00046610850727798016,0.00013825597873694598,-0.0026095668952537173,-0.0032828679356913665,0.001668343975528512,-0.0011308612255127128,-3.131053459386044e-05
-0.10433050090755851,0.04626136256782245,-0.004221620762349617,-0.0017659639453980064,-0.018004544414926566,-0.018339210616533447,-0.02348967193994454,-0.007194513197325775,-0.0007537430045704389,0.0015866252541525694,0.0029987167025726956,-0.005891418041847833,-0.003979649072189622,-0.006697338320681795,-0.0048820620636914405,0.0006473127797020957,-0.0006770392046990222,-0.05996712447459852,-0.016065905853542346,-0.02167151420434674,-0.01984277485235829,-0.0022139999945496756,-0.004096643017836541,-0.0035563043410197013,-0.003278608881448455,-0.003972723832254385,-0.004522227216507324,-0.04428646127881895,-0.007558859067809554,-0.0020387295088430215,-0.0030595580902991366,-0.032256136243892314,-0.01224418485463951,0.005533487553000937,-0.01023435127494391,-0.0010884887551616009,-0.005531404604875875,-0.002617594289775632,0.003418710677883757,-0.0034367827832694465,-0.005539337741526578,-0.0018892457840762843,-0.0011509713182782854,2.6072508435670184e-06,-0.0031105307002025125,0.0009554278450353254,0.002102610321984969,-0.00030461465826886556,-0.005262831767472895,-0.003108706310826333,0.00354665758523198,0.00021370598826203052
-0.04983745542891304,-0.07729522389725428,-0.0037430017631901375,-0.001689872091057322,-0.01268577457622031,-0.015841033202356494,-0.013785045354426512,-0.004180137533215003,-0.0019951317904676543,-0.00822244195065742,-0.0008755976688150053,-0.0024720267916775404,-0.004423125277617987,-0.004122744814380706,-0.0033922029337639928,-0.00010249066760108722,0.0012640217366961459,-0.05306558246937186,-0.0132407931714355,-0.014196149957583037,-0.015512711858901488,-0.000862384824297277,0.0006015985172995027,0.0017395655964277002,-0.003180186303278799,-0.0001826081871898616,-0.0008236620733059703,-0.04613405228585393,-0.011834819469772393,-0.00030243165755289785,-0.002807425362702727,-0.034465143677602325,-0.0053493929542251266,-0.017261928927257794,-0.00900741053628396,0.00028051659293620667,-0.0055458022479091445,-0.004515274305527617,-0.0033566378556071346,-0.0030454295628903907,-0.002734936215434784,-0.000959494676023876,0.0005732531967180706,-0.0013275013509602158,-0.0004812076278801903,-0.00361666853284838,-0.0006068757076685256,8.021126431169664e-05,0.008553348427704954,-0.002474798640611351,0.004003044741678865,-0.0010742772255154802
-0.06971419943330665,0.039554309663402315,0.0026996649744863935,-0.0021811312679649673,-0.021251161843503785,-0.0183950471910801,-0.025306468933347898,-0.0045812150216357275,0.000377270872626132,-0.006400506995268976,0.0009185014401703391,-0.003156945104912306,-0.00506724189947459,-0.0052000789110387595,-0.0064704877705434385,-0.002073639076197167,-0.00168270366073553,-0.058046071788942465,-0.012493523959463909,-0.018340307766167463,-0.011382996830134912,-0.0029006415981334996,6.22721237252371e-05,-0.0027554901982249137,-0.004121013539403784,0.0013636596598526338,-0.0023150885608610445,-0.018020320959522534,-0.010442256839424234,0.007763790414339851,-0.0023773646000017426,-0.0376352980654189,-0.006733928399754398,0.007365658533894155,-0.028774498771403173,-0.0018140440191211184,-0.005128692154972385,-0.0048980164979227124,0.0037576831794583353,-0.004278821976133895,0.023361309122829767,-0.002791131406842132,-0.00048010110859192194,0.0008500613449316102,-0.002454233170135896,0.0011617929955542296,-0.004729356605329139,-0.006584120621472668,-0.009497247199602057,-0.0006299120788504845,0.002704903034463005,0.00023109513177384824
-0.07386982840257132,-0.07308694998303429,-0.003002696233651597,-0.00193054917192897,-0.015222288425867654,-0.01540863868898934,-0.01587403910129323,0.005461713247069352,0.001026011007143254,-0.008989742191141114,-0.0007304072772019443,-0.0006757396434975026,-0.003174061654598608,-0.0030533099405854547,0.0014923843902236377,-0.0023699983219799547,-0.0013927196375005731,-0.04963850243659527,-0.01110429195600687,-0.012462534460272214,-0.012463865895108988,-0.001366689326009862,-0.0013102588549958633,-0.002806867688932216,-0.002053869254464076,0.00043527618450120886,-0.0030693152604829334,-0.03936915302497329,-0.00728162729562028,0.014104218058756118,0.0026623462673815565,-0.03607640349933459,-0.0006994748225639767,-0.014392068652773688,-0.010382439965385636,-0.0032262087379549163,0.006119342218347853,-0.006521981228327697,0.008836115467774052,-0.003954544707631229,-0.005463495688480152,0.0019274780746593796,0.00026806610685427664,-0.0006335165369916083,-0.0034909325393780873,-0.0007107840129300882,0.0009690892835615705,0.0015032164716486942,-0.0046037337695703055,0.00654386409262222,-0.0007195853146830498,-0.00017315012437775788
-0.0669737557788381,-0.04952760708609264,-0.005147466212453547,-0.0008084066848303466,-0.016053302284778744,-0.022751755113251698,-0.024086032938716778,0.00023173484060975004,0.0002546549647196766,-0.005902798190528862,-0.0009629974319240531,-0.0033966437334173386,-0.004313904105286435,-0.0029981112947710087,-0.006918563458396738,-0.00016963186765638904,-0.0005349326609376601,-0.046772146589697486,-0.015557319874471297,-0.016758649199408632,-0.015404109595747974,-0.0010131152483228557,0.0004292593884522855,-0.0007516243031156028,-0.0019226738755974027,-0.0018633859084079927,0.001205815304706071,-0.04021328361936098,0.02752707719658016,0.010456776333741126,-0.0008290186235541076,-0.03411835081635707,-0.01255398198472903,-0.009224977951598148,-0.01150500127514877,0.004625537794420426,-0.005560999115576367,-0.005027611436986029,0.004085867605355648,-0.004477080362759209,-0.007948046964068305,-0.001023595454167417,0.0004229811208208782,-9.160193102494168e-05,-0.004005300825406381,-0.004000391738042067,0.0015059926887051006,-3.6053512505306736e-05,-0.002219627720379669,-8.291598123306327e-05,-0.0008534824967627955,-0.00011877532513542471
-0.08252061397972932,-0.04854222874446659,0.00010540756783923664,-0.0021994078655705536,-0.021240642920719185,-0.02212821379888113,-0.03184307065907883,0.005108940242217549,-0.0021901987598590637,-0.01003246511742978,-0.000414791090513549,-0.0037672411173835588,-0.0054137447316804374,-0.005775880613793585,0.0034166182860252844,-0.0014264795079710231,-0.00044774491866227096,-0.03594347647867833,-0.01776471652671361,-0.022376959521695338,-0.019644264590525505,-0.005539805876501147,-0.002940480416042919,-0.0036585514691226642,-0.002282132964904767,-0.0010147542604237655,-0.002536025493747372,0.03643248094373563,0.008305131741260303,0.0025953950921467116,-0.00073317908226294,-0.036920527316633325,-0.009201441699068079,0.005405872420851529,-0.010262548306147349,0.0006792207857928562,0.0024189317727425544,-0.0027722014450455514,-0.01138412291526348,-0.0034973159103192405,-0.003931846992439102,-0.0009456739104774107,0.001053185838249264,-0.001124267511424375,-0.0046513249379755974,0.000849150583246397,-0.006200532737365516,-0.0005545426037271835,-0.008383387854509568,-0.0007511893466808615,-0.0009953799955604947,-0.0007502946184464556
0.02324558434772321,-0.09676640240379404,0.004907839947831489,-0.002998846033966613,-0.01919974574323103,-0.013689816360052384,-0.021375504279818745,-0.0015678614379900579,-0.0023557953036675407,0.0008863796762562651,0.00045355528731387556,-0.0043122658614761986,-0.005762792595759554,-0.0070066827922168435,0.0011533020749268015,-0.000687450663999932,0.0009789664531530283,-0.0564069368913183,-0.01704939206686622,-0.01891862249509882,-0.015795572344817432,-0.004688937231490211,-0.0035188980669554636,-0.001995370670677091,-0.0010243907731803583,-0.002837820843374764,-0.005672514158777513,-0.025420461592957938,-0.0006077001160723438,-0.000547616526334568,-0.005622050888852161,-0.03546904052944395,-0.00911610146585778,0.007518669394784949,-0.029770613491884312,-9.58910632506709e-05,0.002637449661605493,-0.007059308465534561,-0.009204382432754668,-0.0022661396717816576,0.0010403417738352049,-0.0025953096995497086,-0.004790586617393308,-0.001294839747611457,0.0012105957364845425,0.0007238236825339392,-0.002786854211519812,6.069957048260155e-05,-0.004522928426161627,0.0033305042914923196,0.0011847674702784184,0.0002689645967873375
0.04473999981964439,0.09143649237729215,0.006060915259984909,-0.0009347604014384561,-0.009432445825414977,-0.007797472303283034,-0.012802398523231937,0.009420856271571685,0.002327255376819914,0.004021836676735678,0.0019222835261048451,0.002193733608487857,-0.0010064730640059255,0.0008646326927062928,0.009326484335688303,0.0013637915936825027,0.003366673136265521,-0.04053736799691989,-0.004251130070132622,-0.0056700296209896885,-0.006040002388168746,0.0014531491825585333,0.0009073750145590785,0.0027553269721756,0.002144143570728709,0.002490913272752521,0.003455453121132754,-0.03165395292375865,0.02086084064628694,0.016837358756122158,-0.0011460789875452188,-0.022494573227201158,-0.00029415164953831076,-0.01202199033154045,0.033462074782710044,-0.0005759782800819383,0.011783085888025362,0.007430245775504842,0.008350848329130278,0.01794419745741667,0.033125396177647246,0.00033133521318969684,0.0043066749251299274,0.0025700620830995625,-0.0024105121302092952,0.0027414875966782987,0.007225347557127258,0.0025724543623082997,0.001760114310694701,0.0010217501933547793,0.006082548049154856,0.0009645607633690411
-0.10162620352777081,-0.021276601166865576,-0.004830388875019739,-0.0006664754751925497,-0.020944003231998094,-0.023716083994452485,-0.027537264768339238,-0.0016630980853852295,-0.000541489753117335,9.018101048484793e-05,-0.001208240184456966,-0.001905358871563634,-0.004217461493669952,-0.0037150268744056323,-0.00648082369591326,0.0005409795442281451,-0.001809346669697521,-0.0530268912181255,-0.018217240916022746,-0.023247686892372905,-0.018830665220203262,0.0025409374274501,0.00039205902206384765,0.002013224421752846,-0.0026035837614554794,0.0006118218423856461,-0.0014742671411038884,-0.007028410427524507,-0.009376081523097633,-0.0011649539264439752,-0.0043408885231530905,-0.03719803074557554,-0.010858566302929787,0.007873553452899874,-0.009835829246058561,-0.004609600765731112,0.0023701701339978727,0.0005536568289308708,-0.010149054539760153,-0.004326832599541894,0.001076227942654187,0.0010528678475194403,-0.00047723655916524224,-0.0004983958519067488,-0.0015804891579950762,-0.0037606457129466526,0.0014746919835055717,0.0020021996652762196,-0.005230761038825872,-0.0002971307861190159,0.0010872761631683886,-0.0009420710957446224
-0.11723737146675103,0.04084764097457487,0.001274214005881382,-0.0022067031620265926,-0.02207667610411964,-0.022579099666539967,-0.028389187744737584,-0.004942483596040784,0.0007396763578283927,0.0005195218684819733,0.0011918975211187325,-0.006295125684805419,-0.004077780847099426,-0.005365090874881546,-0.008341502517521058,-0.003876324082002078,-0.0037911028705995423,-0.045548417113013884,-0.019100685619651992,-0.022700729615427215,-0.018641546325821885,-0.0034737120613335623,6.4159601169946655e-06,0.0012736176398537942,-0.0028210830739075587,-0.000838300462060571,-0.007902226936069455,0.03866064364475447,0.023065882386550527,5.998233488395962e-05,0.010051877322280647,-0.03915669559669268,5.609106873603604e-05,0.0004833438044520474,-0.02255994516415356,-0.0021720246844537665,-0.005435042446155707,0.0033335032895013992,0.005991958701234107,0.00020387116947866214,-0.0037219160128195584,0.0011314932957192424,-0.0013708926047954692,-0.0009718265690992581,0.0016741591730885742,-0.00015884038101140747,-0.007962749720395455,0.0003820564950650914,-0.005221943584166311,0.001961618890644237,-0.0005257254034574587,-0.0007800472459671207
0.04211788278911348,0.09443834606118273,0.01297055924787901,0.007650395281665158,-0.007988665373226757,-0.012699917914248725,-0.009745004914007012,-0.0003942767559725104,0.005685208171500097,0.003510839983867954,0.000958947574208079,0.0018556602921897191,-0.0013644838445769087,-0.0036468187853334493,-0.0027008885831219746,0.0010477027462881669,0.003489055119828835,-0.027686856715992848,-0.003218771268602136,-0.00818865619044759,-0.007830186411808644,0.0058516180906295415,0.007230118999503331,0.013074358660864257,0.0012516085292324055,7.477589033035064e-05,0.0005102697690455789,-0.029042220907283322,-0.002021828682582807,0.021391786468434464,9.352103743956314e-05,-0.023734613115078674,0.003500043326789672,0.0029827530164766745,-0.02418036627398701,0.0031273932166209265,0.009609065213955137,0.009219221873424926,0.009142104173014419,0.0026243293645393274,0.014594591062200296,0.0029851137984876937,0.0011251969787933504,0.004936007683565456,0.005087982832569374,0.003301751714528116,0.005331366431675746,0.002216253043254516,0.010239669950261699,0.007843173647881993,0.0021567914529720972,0.0012799970039609997
-0.08800649654537415,-0.025799974186326635,0.009374543352815908,-0.0030355828521637157,-0.01544672978249971,-0.02005768072270107,-0.022809027554111745,-0.0029201026424184777,0.0015816071022437615,0.0013676116519053458,-0.0008258805991261779,-0.0034044196644445386,-0.003981823235748791,-0.006910003558503194,-0.0037121799691789406,7.896297501543161e-05,0.0004570272521315793,-0.03512515170561814,-0.01180583254464195,-0.01684809364397503,-0.016054368892729824,-0.001727851754191966,-0.004137166332396698,-0.003173102411133463,-0.00016693759426264214,0.0008812923029689909,-0.0022023421940912634,-0.03799691753069584,-0.012414217342964617,-0.0010915484038065625,-0.002197723138204468,-0.033573517257502454,-0.00690997893108248,-0.012251207361192926,-0.007407924847223721,7.360532195725175e-05,-0.006259663960547591,-0.0020832269193755176,-0.001371631370258754,0.009928832902784257,-0.006298447889695504,-0.0012030310723383695,-0.0005709640989810292,-0.000531225793344878,-0.002705527302446178,0.0009864753627670012,0.0017717464123651087,-0.00015104919212764246,0.005881575398852285,-0.0023048290122270874,0.0007592645603855247,-0.00010249811987221
-0.05172337104815211,0.04872530281283635,0.010364263532582452,0.0043442042065572044,-0.009847042873064406,-0.009702329638349657,-0.01537851893470102,0.013233118115762851,0.0001931040364082328,0.003228774936066475,0.002087851633109226,0.0012677158472230818,-0.0005445988312467272,-0.00014075172504847386,-0.004354303517270717,0.0006544106307823699,0.005512456190452872,-0.035488606833753475,-0.006389678247477997,-0.009927701967173342,-0.009207824820315553,0.002240365417662586,0.0015187122631660274,0.002647308593569194,-0.00020908495416253778,0.002538855245973371,0.002450767560965353,-0.032107844774659174,-0.002092256245276645,0.010460753569215707,0.006977103157348973,-0.02476744782025663,0.006044064368764475,-0.008069563934076136,0.05932307481715406,0.01092128876246295,0.008850090014043632,0.0004530966238543569,0.010323729316290345,-0.002947588168370073,0.03596286432955785,0.0006953917198472318,0.0065011765383863164,0.0015399158510150137,0.0021284299752376908,-0.00040447499877533776,0.0029087615002820655,0.002630130908616136,0.012887756436033305,-0.0004398406981463107,0.004320990458667046,0.0008070006603814339
0.01637376531104934,0.05598624215604386,0.0005080809111768749,0.0008310779907002119,-0.01291179115191347,-0.012329130182777146,-0.01944000177470992,0.010129252834725879,0.005246851236875755,0.0011298126079453989,0.002151916920649654,0.001265899015223357,-0.001123087515484152,-5.9019359626259604e-05,0.007394022422543098,0.0038317846198278357,0.005269816404387233,0.06751146030514453,-0.012898769708962485,-0.011930401150579683,-0.01331173794070853,0.00884907291263011,0.004540410388129369,0.0026035781136811344,-0.0003385746168066279,0.003546657499994467,0.0018530752026352287,0.061348495488238834,0.025381503023745026,0.002420438928438529,0.013735512785735798,-0.028389724571340685,0.007202504214239779,0.00876778541246515,-0.0065655448783142915,0.003776286109833319,0.007211909156618417,0.00625217439027471,0.011315256390758139,-0.0004926098381778972,-0.001602518499422206,0.0017991716959708528,0.002890057677526807,0.0016651766651282222,0.005856802609708385,0.00518442461077225,0.005105735788000853,0.00037415339397510016,-0.005956798713952228,0.00015140295468757376,0.0027422307348446357,0.001493530066068732
-0.10372792372638238,0.05874255225785679,-0.0038019311461109312,0.0006433070617858927,-0.015987303608231963,-0.01931208491547713,-0.018053518429342216,-0.005521651949060785,-0.0017038158872167315,0.0011981345340564237,0.0010956796780087071,-0.00771261105869703,-0.005106232504485905,-0.007020974314127963,0.0024991031822691624,0.00022608060517009934,0.002204802075739553,-0.03690527358281168,-0.014527228768584272,-0.01966874109623041,-0.016332936765852603,-0.0025047395651084685,-0.0020922787626469455,-0.0038571994019954156,-0.0027191938939147846,-0.0005514876750998573,-0.006032655182394603,-0.036804998428026134,-0.010241869862463423,0.0011576409482153022,-0.0025791868592796763,-0.03952302779044169,-0.0017242352621875442,0.007824941690458125,-0.02507032435024873,-0.002320085638657228,-0.00754017198941131,-0.005367668312455802,0.005718788423149412,-0.0017652495240442223,0.00295903613652945,-0.00197434526340624,-0.002457802952464572,2.3876561779184823e-05,-0.004609248502061971,-2.8213986675725646e-05,-0.003174747622713867,0.0011560043615347734,-0.0024053912584684613,-0.0019265181125973912,-0.00034785699442574277,-0.0007777940013227519
-0.13689321253423792,0.04586280740931396,-0.0008390534977140089,0.00192638224206828,-0.02374048483529053,-0.0198001897706429,-0.03024908146201409,-0.006561029812638595,0.0010625411888124463,-0.0008987162479057865,-0.0018499804687150867,-0.004840104367987131,-0.003282173214323439,-0.0049368191007717116,-0.003229006609152105,8.85096349453316e-05,7.713679497098645e-05,0.016758659261211103,-0.022587146528978853,-0.02934386081385887,-0.026643929695030228,-0.002739138430795451,-0.0015035328838206693,-0.0031211224972649636,-0.00308772125535048,-0.0016626750109724091,0.00017121626387992282,0.03664370183782366,0.01574119248884988,-0.0004292013868680858,-0.006687792890040501,-0.03687339166760998,-0.01563499455372028,0.0024248073324549682,0.004685243120787811,-0.003063307913281695,-0.004117672495804829,0.0006675535905376391,0.0027339688950495968,-0.0041802950413314015,-0.010136321325238323,0.0004537005271007652,-0.001458421599601249,0.0009826637091974917,0.0023258068572023487,-0.0022511234071932334,-0.006431210247409039,-0.0031837705511471126,-0.008315750425709803,-0.0029843790898930324,-0.00023101625204200154,-0.0007182632698506336
0.0485149888558104,0.08070521792858769,0.00015379819484328898,0.005616522451484344,-0.011961840005825349,-0.010264038023541982,-0.01678183861915537,-0.002709495143566394,0.0022622852982664044,0.0037354330852284253,0.0026970432181268843,-0.0034307919572433387,-0.0008415175333357411,-0.004563042234877656,0.009268711697000194,0.0009511969669039536,0.005083221997081749,0.033141932358426086,-0.006300074583442527,-0.008284868992454997,-0.007481998951966889,0.0038727396384971202,0.000635546690523425,-0.0012311728549971538,0.008998174299584183,0.001180595799687032,0.0032806284008466344,-0.005055025507222298,-0.002805254114412261,0.016980367854094843,0.01022843720127714,-0.02408872588016202,0.0032932024413804633,0.01335693825694964,0.047104081385793826,-0.000697393797700219,0.008726984422090984,0.010536176595495342,0.011406847007856807,-0.0002856840896961832,0.013528229935418494,0.0028986977001764246,0.0016719464410664602,0.004886038223695608,-0.000778686440309113,0.0035566810102237354,0.0059333970704921355,0.002743382716862057,0.015243606591247426,0.0016424574627327319,0.0013387351533785269,0.0012538710454457571
-0.10521880003001263,0.04955088150128105,0.0029306180395630146,0.001878184377281492,-0.017906388678875944,-0.01742531846541539,-0.02208497353796419,-0.004617768968643811,-0.0017258341457836637,-0.004630792072098397,-0.0014221935367457958,-0.007155294045124219,-0.004357905445805143,-0.006871268479264491,-0.0061556882193970885,-0.00010162616699212666,-0.0026333750368426195,-0.045226451748857185,-0.016981439988969723,-0.017419763646090648,-0.016849466794822177,-0.0010289446702441314,-0.002565487402220299,-0.004142247556017987,-0.005674672049129341,0.0012782032635911818,-0.004320948516945052,-0.04221961918651282,-0.008387814487595858,-0.002365548416341847,-0.001010697196862701,-0.03405404816333481,-0.009384290563909346,-0.012832753633365983,0.04055180257286122,-0.003722174509167278,0.0035477091988275985,-0.005644998196616162,0.005780054201335366,-0.004619615198214453,-0.005887038252234751,-0.003069198588834871,-0.0002790392198163046,0.0006194069659789213,0.0028305218998488585,-0.0023582723329462025,-0.0009371481131635144,-5.439588482752014e-05,-0.0064663358792965515,-0.0016582156164898696,-0.00013526042689317695,0.000397635810021724
-0.07943394342736765,-0.05238231576335729,0.004426578708056318,0.0018262588406560947,-0.01900211737846827,-0.01922631485249012,-0.026435540488957004,-0.004981533626092392,-4.2261993087797e-05,0.001299084227768297,-0.0014626228683244419,-0.0004716099342709484,0.0012446224532726895,-0.0005330454605695193,0.003828260251745586,0.0002919028382151778,-0.00017595413379431745,-0.032452641660100985,-0.016822613254343654,-0.012802532092494642,-0.01671595168521284,-0.0007364416123515967,-0.0039823674972792504,0.007098799766834979,-0.0029392615719813523,8.005690384290674e-05,-0.002371236748876762,-0.038743668232670087,-0.010650090105172953,0.003249194670043098,-0.005767056824934777,-0.037007597188485085,-0.0001318608179113235,0.01419321482869879,-0.013383776757301595,0.0008487836459091083,-0.0037353776728763968,-0.0036252964896068686,-0.008213601498486718,-0.0029502798311254698,-0.004508718450850303,0.0007251876485620202,0.0009830587343311716,-0.00024513353945071795,-0.0037601320946791905,-1.7260434498501117e-05,-0.0022298073448032193,-0.00015815819617250425,0.003605371348918387,-0.0003270006749410956,-0.0018859678664161217,-5.59514637178011e-05
-0.06680364042501849,0.044061898827952486,0.0008219999594060519,0.002068409347974862,-0.012482634175039269,-0.01231456020790276,-0.018370440582266525,-0.0007373053207168431,0.004005408820176639,-0.012217057777538036,0.004137319958483708,0.001585420070485588,0.002000330121187229,0.0026213733876367415,-0.003960347094827438,0.0013157829136996354,0.0010062456998472659,0.039026318028059434,-0.012888072117511508,-0.016349094169534804,-0.013880998093320704,0.008744798220445327,0.0014719264697773138,0.0006868940484124409,0.012748139195956002,0.00501588249486366,0.0007792580646082246,0.05122997581720878,0.030126719469932783,0.008531754902916206,0.015368648747419868,-0.019045076724376556,-0.008027050424980978,0.01160335690350069,0.046481328826037976,0.0018509981616761416,0.0031384065250947323,-0.0006695735970139177,0.009182878359469779,0.008116564011433854,0.007247805290116575,0.0012652535868491073,0.003086507346985532,0.005124987066995475,0.011292987667405696,0.0035413583130536504,-0.0044391092829620645,0.0037662700733048855,0.012547907553473204,0.003880476867400029,0.003471399930372238,0.000341492752913736
-0.12037103725234786,0.03440924203559192,-0.004849768050196743,0.0008617628149734627,-0.02109586092251239,-0.022106381225467906,-0.028552605071155063,-0.006251750090228179,-0.002925879629600667,0.0022621900813039383,0.0020811946068494337,-0.0024043923869186534,0.0005187921774720201,-0.0043961466117813175,0.0017824075958131655,-0.0003564109603447616,-0.0015937626310566996,-0.029085535566781142,-0.016643932332798185,-0.020854334808760523,-0.01794971885727594,-0.0009574865536602814,-0.00030029377540009047,-0.0033674396212992545,-0.004385594415923626,-0.00017043409542123313,-0.0017557646143673464,-0.02796933132235326,0.017597466101869758,0.006582384376505222,-0.007075638057670135,-0.037264773478206975,-0.008863111010306115,0.005524543040525779,-0.013460717918411995,-0.0031714536347487447,0.003832985363081323,-0.001947710926630673,0.0072188055690563255,-0.0017931524942907994,-0.0022414790883708994,-0.0028301352935781597,0.0015435761388698538,-0.0007588650807157907,-0.0038667536751870123,-0.0023492431685655877,0.0020233408360845386,-0.0006712353608942182,0.009551463034161932,-0.0015090132157230514,-0.002080887445259658,-0.0004573612231858196
0.05042886583981221,0.07771937635236574,0.0009325742226568354,0.0028549205248412104,-0.011048366467537634,-0.012641123689421494,-0.017930393762966842,-0.00024886833447244374,0.001768071515537796,0.004386308456361683,0.0011303499414543302,0.00043335806157495445,-0.0004047990218227275,-0.0007782052139286404,0.008821247805415438,0.00027778332058323236,0.0007371262375028677,0.05248009575206939,-0.008000975465367497,-0.010518247988289346,-0.007285266671651897,-0.0005895354582368302,0.005606426189256777,-3.2643982662920834e-05,-0.0004871580426329744,0.0016289056271660766,0.0023445049700467346,0.05995076535062971,0.01927356616070594,0.011355016122582363,0.009109026514156536,-0.02285202657546565,0.013059915139303468,-0.010283408909860375,0.016049300682356184,0.0031070415020844943,0.009644183759953944,-0.00469104336618567,0.012168182737660549,0.0023899210703765346,-0.004370691104220866,0.002257551373571555,0.0026229710962915884,-0.0009104708113644644,0.010157910257632848,0.0019063877648188825,0.0050277656225395165,0.002454101011216464,0.00773017534517214,0.0019764174253885966,0.0010891871654651526,0.0015272572808698822
-0.10359774098563691,0.04762897071881135,-0.00266943454209292,-0.0015522151058198017,-0.02171635699301271,-0.021655174788942817,-0.032990691075300296,-0.005512661748217983,-0.0002378176516773914,-0.014669832873630795,-0.005417964860936905,-0.002201823951635871,-0.002705247157667262,-0.0017452819937242906,-0.005037890822048175,-0.00041016391646470004,-0.011538342345357645,0.03795189809197474,-0.020559287269264922,-0.020975291573050368,-0.018985209049885075,-0.0009861734636450238,-0.006547103495991224,-0.0023132411693174136,-0.0014349633270328286,0.0036216210464532785,-0.00854514872364537,0.030076954046057255,0.016009213858725425,-0.006276871023080928,-0.0038841744366849462,-0.04222776037789319,0.002552717260865946,0.00813707860687362,-0.014222028289849144,-0.006270201870684511,0.002107957519765589,-0.003941619395228414,-0.01460042961136567,-0.0009736821226873748,0.011750903734312338,-0.00033557247441348665,-0.0013617918151074065,-0.0011746312016932081,0.0014653154819282766,-0.01361391456447291,-0.011127719882271538,-0.002258496186506205,-0.00896089658699977,-0.00359374425232346,-0.0010814153880014706,7.404466416109142e-05
0.045653018137443074,0.08629081079065727,0.00578775489589608,0.0020929704560338595,-0.0129790212284456,-0.009473155280615179,-0.017171168798123103,-0.0021097635194621037,-0.0006527290773353479,0.0019786998310443687,0.0022013450613021387,-0.0006518925427275012,-0.0008955714973615111,-0.0028006433819913234,0.009090502922537852,0.0009774987690492056,0.003994057389484587,0.0764757866813357,-0.011624635698299291,-0.006307561319876753,-0.009096528654432456,0.0008545341523078203,0.0029442996341660357,0.000462710530219306,0.0036203670238008794,0.0008592523344804429,0.0021048166182547983,-0.018192004375018608,0.03427739673073447,0.008370646767692225,-0.00210573830612045,-0.02011719681097779,0.0060838850545145845,0.013052707308188199,0.05057552712210509,0.0015419508193023985,0.008670472894207458,0.007537347512184993,0.00957386908151246,0.0010267728996819921,-0.004570804310158719,0.006270689039334102,0.0009975620667114996,0.00315027399653214,0.002581189449958664,0.003918833774695004,0.00458361853450223,0.0032215750436041276,0.008026685686755908,0.0039034532134578025,0.00037027042806138686,0.0013395478634813547
-0.1056025873951702,0.04389425199150259,-0.002374129090975466,-0.0021751047821351537,-0.025738173733346362,-0.026050149775640383,-0.03417334126272161,-0.004712798555970441,-0.0009515741993319949,-0.000431192571423834,-0.0007930784159522919,0.0021710405057857656,0.0003631109547841636,-0.0026885979980750484,-0.005860476835789046,-6.427423380342978e-05,-0.005094992133790423,0.037067906583580036,-0.024717439956845555,-0.023751151254922796,-0.028294934810816727,-0.0020719584105861415,-0.000961918894222864,-0.001773427130461824,-0.0023185463703731695,-0.005147400134950691,-0.000606968487302208,0.02634462784678653,0.013003553695173942,-0.002698704922014327,-0.0005195042270008212,-0.04406886053511683,0.0018855688379237903,0.002907759035006969,-0.011960948988841964,-0.006798283190626427,-0.0040641662891446806,-0.004530456246593192,-0.015374578787778854,-0.0020261972984488524,0.00203818647885287,-0.0013259079343352494,-0.0019278328946188523,0.001244798008313267,0.00644746701606564,-0.010563003498499684,0.0016106032388866769,-4.876590063419435e-05,-0.007160686308365813,0.00017509117665384335,-0.010921517660363875,-0.0007770009189915395
0.051981458268343314,0.08304294245970083,0.0025338521834380734,-0.0007144979524877015,-0.001125172430909922,-0.0016243509741341055,0.0003394403377590879,0.007967917106021946,0.0008578470104668798,0.0015771060764002238,0.0022169740961030023,0.003326531205962904,0.0017606956809904106,0.0022662839591621148,-0.003689931774624487,0.0020219009964430297,0.003524240195522245,0.07544905786253572,-0.0029649605576496578,-0.00018142490744292223,-0.0025119762317910355,-0.0017948930532075053,-0.007255242514303077,-6.276010355359128e-05,0.0008653484424415494,0.0018148607311670503,0.002253694959183044,0.07150582269382989,0.04291202658522784,0.006005704377500666,0.0016200895563066333,-0.02509883870129341,0.01075745411273779,-0.014107709661721186,0.01867742675883484,0.0025681152894153573,0.0029888167273952495,0.0002482691609454282,0.00525009879365526,0.0012615337283168272,-0.005900040975800443,0.0028189424329072774,0.0014772016178477437,0.0016066547596233882,-0.0026775469309636485,0.0036295433022817845,0.0011292969751497252,0.003386413073321999,-0.0008346688409942874,0.00020816461986055004,0.00212688427292016,0.0016987385344904222
0.048073338225170834,0.08533757883989632,0.0022132825948418147,0.0019215363401394318,-2.383314779751949e-05,1.9225200334005888e-05,0.008129998059538467,-0.0006294312699714233,0.0029165407263669163,0.002455937418206352,0.0038777988463265475,0.00110144577777823,0.002919774776157006,-0.0006614282296126323,-0.008083673596811215,0.002604097940084616,0.00315660111469878,0.06403518880561176,-0.007723689473526862,-0.014160169478671252,-0.011591412549707436,-0.0006227023091610298,0.0032699247408067237,0.00027564364709043706,0.000585471395935278,0.003702895052234893,0.0011808687978258226,0.06047769824739956,0.03191279772657276,0.003047736209910353,-0.0028756576018538877,-0.0217991844258564,0.010379018659982071,0.012718666377593286,0.03577657935934688,-0.0017724528679968297,0.006230828454506047,-0.00359776522028899,0.0018784644008209882,0.0007213739727451537,-0.0028826185816031536,0.0029894169587597287,-0.0017296634039317507,0.0015500813516908117,0.005477118696890216,-0.0016672571351384825,0.004963493830425076,-0.0015408913256903971,-0.0005036889502376002,0.003398035922980655,-0.0034913957987968863,0.0015632188027476163
-0.1313413211972743,0.04706003591449163,-0.00018011393084826704,-0.002320518135222501,-0.020869648027501606,-0.018872387048655133,-0.02817858379207792,-0.0026058259932710197,-0.0005293464255465216,-0.0004132945842532974,-0.0019755367107702603,-0.00038666493404112385,-0.003054679118421759,-0.0024188232564198602,-0.009056987586611026,-0.0007503618366896058,-0.0034880609805187225,0.036471924618788835,-0.023709629228446005,-0.02587707829038441,-0.027273469970402045,-0.006679370729567538,0.00191197913737195,-0.002734625400005716,-0.00042715710018752224,-0.003317634141059354,-0.0002619762203945043,0.029239430689111983,0.01846185451094812,-0.004378061578298698,-0.004222120479619123,-0.028219546003376495,-0.00688197510489338,-0.013662344178765662,0.02884139973487094,-0.0008333633198529013,-0.0005756720033321372,0.0007062209250009891,-0.012118418562462737,-0.005690028169373155,-0.009875656969651536,-0.0037188360302998916,-0.0030991159080594076,0.0003362707270621383,-0.006030050226492426,-0.003420516140879552,-0.00849354270254981,0.0026478395207224508,-0.007013984310581608,-0.002765545630276624,-0.011621197641803417,-1.0076655421174619e-05
-0.14406223914877236,0.044219084268731286,-0.0011299266643842137,-0.0008417176112915357,-0.021460056297066706,-0.020975925180577445,-0.03124892036312439,-0.00398669730907929,0.0008124000490420083,-0.016932275045477743,-0.0004507887635250615,-0.0008078661785557345,-0.0016946246829516703,-0.002094053238757391,-0.011089510987552377,-0.0006088204458068624,-0.0001857306517727583,0.04529036129195556,-0.020708614122537387,-0.02455125926959944,-0.021629054170604987,5.703336345286239e-05,-0.004297580246875533,-0.002621754689433057,-0.0036148668876879444,-0.00022440387227905134,0.000494922087412884,0.037187242106625294,0.017130449749679203,0.007274468885689814,-0.0060822852241314345,-0.03607187839387448,0.00927045925975839,0.002657998312117804,-0.00482574321678518,-0.005990709371087646,-0.001962978276391992,-0.0018554825854099949,-0.014307135957700166,-0.005184302178229111,-0.002811226507072529,-0.0037367461071551567,0.0005757889104776725,-0.0009353402878895605,-0.006095408682339486,0.0017540293217419042,-0.007635201574091352,-0.0024034764432452386,-0.008720639586858609,-0.0020444562199068805,-0.00605410427783887,0.0005619440634167716
0.04576858265358833,0.07819241918972619,0.0007556647140374918,0.001773175069101426,0.0005933808523271279,0.0005923507306587294,0.007690069242616326,-0.001109902210194159,0.000542082285084952,0.0034066356921967694,0.0009673100767563503,0.0008786621105587421,0.0016780039845205683,0.0020238595316777112,0.008999422483503702,0.001068983824291571,0.00030267860517242635,0.07138565989603636,-0.007652317752686761,-0.015463752802751952,-0.011044872644545402,0.0014930341102383437,0.0014950602891661653,0.001037856247215106,-0.0016206227472820097,0.0038606332492199798,0.0021068201606894658,0.06784163670609512,0.03786541494665146,0.006413215890009125,0.000704793653748575,-0.0220431197029678,0.01428394349691404,0.011612333030530568,0.03603065567338816,-0.0016479942093532022,0.005963396637689954,0.0006162800337228251,0.007131091037321406,0.0018255283083360658,-0.0004393532407930508,0.0017209171106091885,0.00292757096094087,0.002868022702907564,-0.0027579243900315194,0.0024298097233737288,0.004149697943031076,0.0018872132942976843,-0.001747409584913014,0.004565611113425708,-0.011482004561322583,0.0013264632521310276
0.030690958051825718,0.06043478271321043,-0.004204480996899695,-0.000528246765862382,-0.004709437056308967,-0.007098236027008724,-0.0015864483662138594,-0.0018862089159873792,-0.0029240557476395085,-0.0014184342801383215,-0.0008812293142927702,-0.003757447996751709,-0.0013758652077870044,-0.002296767991383736,-0.010468287976638025,-0.0013292763164689148,-0.013547952554401619,0.05014220308164861,-0.017160834711433145,-0.022592638365554075,-0.018225114923318533,-0.009190903692832621,-0.003027190802072495,-0.0032343375216240026,-0.0024158547874644264,-0.011056959736222172,-0.0062754262319450775,-0.02870996079909422,0.010131622395762364,0.003786614598289211,-0.001813976391241068,-0.04190897298721189,0.0016443812846686134,0.0037982002535143513,-0.023597197014164503,-0.005179857447645218,0.001287989482442269,-0.00808617035420665,0.004959180374946963,-0.005231292757441592,-0.010756736603515636,-0.0001935980611895787,-0.0020735670348115665,-0.011772467911569115,0.0017002603132271216,-0.00282376490908646,-0.012119893880578693,-0.01538929650783551,-0.00028083984976931916,-0.006470967283411974,-0.011906795560917558,2.227661832523303e-06
0.050753681549984324,0.08908333751402617,8.67518393141391e-05,-0.0011360200479326856,-0.0018024809657459066,0.00018149850488362622,0.0063042816649755045,0.006828759633864869,0.0016180292466874701,0.004678768833105731,0.0017282635832205837,0.0016844586858821532,0.0029403330745289553,0.001034619001393091,0.008965739521549967,0.002174460237307579,0.0019223529389830053,0.07919010132706161,-0.006435398475149396,-0.0003853821358647204,-0.00183395039164379,0.0001607696648945127,0.0034389833804229506,0.00013749715444975004,0.0012485819033630013,0.0030773397699156804,0.0025608414758568365,0.06602866716380522,0.04214202140668201,-9.014520223104919e-05,0.0006408427182732235,-0.02164639978555574,0.008636120677835696,0.01678150572553455,0.013535428727380224,0.0027564620030813727,0.0025265486875260313,-0.002301212654890798,0.0018028255531415986,0.0006939468673025966,-0.003746238668983887,0.004575694553026678,0.002404299386210024,0.0015508166998670836,0.0010778232945948933,-0.0028323115219659684,0.003774392664466654,0.0008842264352428759,0.006653135678838596,0.0024188301328517607,0.00018332275827091815,-0.00015682178963954808
0.048162814660867574,0.08355390800904362,0.0003736862417556351,0.0010697863882155527,-0.005500963773716998,0.0012048541325842634,0.004015046860006019,-0.004426342646304288,0.0014543694971717255,0.001931066813520504,0.002151604165302887,0.0047644678664859035,0.0022316141699880287,0.002687157809742691,-0.0016738757223611843,0.0020141897333540723,-0.0019790208121357386,0.07287737323347683,-0.005742102981680035,-0.00734157546198729,-0.005268007146643705,0.005861163691373266,0.0043298931712796454,0.0017441654455155292,0.002838986912441031,0.0014669404086851737,0.0025615481056543415,0.0729803321379573,0.043748507088795206,0.010507005080376493,0.0010684892073314011,-0.018023568309023602,0.0070124396058462955,0.02096918018554201,0.015830096720902617,0.002073203752986947,-0.005157046905637585,-0.00426466021899973,0.00788458009670363,3.381769038397522e-06,-0.0011817776171908017,-0.00016448302445842695,0.0014824323949069963,0.0029914740447907263,-0.0026289903234065154,0.0025153794951812917,0.005495471612475105,-0.001163201998819618,-0.003570968934574816,0.0027636521480874122,0.0008802681297504258,0.0003241503278990806
0.05418874123738484,0.08818933643163852,5.2378085480397546e-05,0.00030233929389482915,-0.0004905553507995997,0.0005243567968198368,0.007149793393109951,0.007035306007018031,0.0008014989450551736,0.003992731995988491,0.0019824777256912847,0.0037516932035153616,0.0022281155705315137,0.0006196330070131182,-0.0013632589852054051,0.00023754611031575305,-0.0009260666680804301,0.07211835267520877,-0.006170464760914561,-0.005807719093933459,-0.006332729867778176,0.0012304783587957615,0.0035699185699316683,0.0001698734223574775,-0.004333527905564381,0.00012590795976605813,0.0014708068779323146,0.062055479156163024,0.03931617473847812,0.013040983575091983,-0.002139424470384616,-0.017594679981829377,0.0042799218934848945,0.02082482283025429,0.03282069136414292,0.002387473390351926,-0.0007220653346122278,0.0003525127060018601,0.008207664788218412,-0.0003677371762912003,0.0051487123475017155,-0.00269622225066069,-0.0021767511946752345,0.002627081820699415,-0.0012691598861055882,-0.005874960822997684,0.0028393519509729284,0.004089978023529535,-0.0023477249221172765,0.004071974887517579,-0.0004982425000325211,0.0009071820321247418
-0.0940187391791313,0.04885928309160858,0.0013032168193135398,-0.002103817778349301,-0.0023823253787275565,-0.0039942534272721965,0.00187582299235286,-0.008206731687565824,-0.0038202890550180675,-0.006722146331086956,-0.01020119322095408,-0.004055484940928978,-0.005138683841749175,-0.0068878976833541515,7.89562503531915e-05,8.775667931960929e-05,0.0010419201066347809,0.0511477177132668,-0.011622176224777327,-0.007716823609918514,-0.010505803183636165,-0.008113202224028702,-0.001701066021654027,-0.004180389911246753,-0.003695848213076654,-0.002092492160521116,-0.002140724622937311,0.05417208144523438,-0.0017830301030495044,-0.011279301199810925,0.0022546247358397513,-0.03654414353446152,0.003614306903341256,0.005276707650763476,-0.008778260823104128,-0.004115033270684898,-0.002253974864822057,-0.0012220370605667988,-0.018488790042498527,-0.002576820107987605,-0.006532695686872436,-0.0054289520533075935,-0.0026429915906085286,-0.0030238112566608045,-0.0055926650168294225,0.001197478499151888,-0.013033965421609768,-0.00039064408870815833,-0.003994549173659325,-0.005839577506891347,-0.0017169436921788987,-0.005312073887410035
-0.07560727430043615,0.06804276413547533,0.004426844385179393,0.0006392301513360748,0.008641805796578625,0.004553368535293166,0.011973860008694744,0.011775573513768725,0.0021116620591958455,0.004531319464574662,0.0011599619518777042,-0.0011909605295652695,-0.002074258294180256,-0.0017815583744920647,0.00707006419096222,0.0011893356656543423,0.005185993702317237,0.06731719320723706,-0.009034610297255791,-0.007570494853930412,-0.008099075519853748,0.0009657753005060953,0.003343946178710784,0.0003083317930528068,0.011378214716611997,0.006259357542006357,0.000838828106873281,0.06571880346456659,0.029983146987224332,0.008623772959227338,0.001144441721387373,-0.014078247732400302,-0.0036719891410316903,0.01844464563020375,0.03854145395192812,0.0006968063770761323,0.001561740395889489,-0.0020874908839834164,-0.0036480561999279056,0.0015718032773277511,-0.007966441253897437,-5.034130316496241e-05,-1.843411461808974e-05,0.0033992430074891587,-0.0013250947051426686,0.0032585218683303116,0.004052621155027854,0.0032710357987590843,0.01275067197265796,0.0019591865740727047,0.002224917591608787,0.0016690367461491972
-0.14025484325934937,0.05082736383783624,-0.0028295017903857,-0.0021803143040502386,-0.002376064081162682,-0.002292931742435069,0.002668517745969905,-0.00843099135962583,-0.004003092448364981,-0.0006112107949096683,-0.0021972772251024632,-0.002659972890565984,-0.00340091590234288,-0.0043201588799532805,-0.011639946483239847,-0.006003236364416025,-0.0010463922926131457,0.047088670143807805,-0.011105367871561845,-0.014469237946314018,-0.011723495341217747,-0.0014533212097777252,-0.009730539894908087,0.00015040912923803252,-0.00541039121032701,-0.01222356458353375,0.00036897727355742724,0.03428106943023167,0.02574009793137116,-0.0048811535975347535,-0.0026829918583733364,-0.02353727001400049,0.0011145051972738138,0.0047840019418939825,0.021917745125549268,-0.004251720044802806,-0.0017093276586703033,-0.0014537122534941506,-0.005135745033319834,-0.0007364310717368878,-0.011876003830156618,-0.005563338140642239,-0.0019557249495005947,-0.0023038792445719985,-0.004967263912279756,-0.008214616494809516,0.0020843386251028872,-0.006391526491558909,-0.006054065906501066,0.0013857520060151316,-0.0022500871335979977,-0.0006076323999483659
0.037905786474858774,0.09527304239485214,-0.0009988108040433481,-0.00018030519087679,0.004374391032484058,0.0007101121527712142,0.0064011906188605186,0.0056493168557833155,0.001446821918245102,0.003105422673486043,0.00019505983642758266,0.001052976913234409,0.002185396937226692,0.0009530986760098095,0.0064730410925351615,0.0009892149555183834,0.0011835428745640933,0.074345404523356,0.0024160104405913977,0.001950404800140256,0.0032852337562256128,0.0043236711752247,0.002345523132941152,0.0019845483507224156,0.00044576008611398976,-0.002298122783091965,0.0016027300752980134,0.07770448122097134,0.0075787492493074125,0.00195246689291938,0.00032916649246082915,-0.015304772396164993,0.0016076512700773592,0.018686964472517855,0.023321596926664415,0.0021659295734354806,-0.004342954402869525,-0.00022249118791125826,0.005895398505527235,-0.0003136462554767965,-0.009731656549601782,-0.0008271946432474654,-0.0004611285886056461,0.0018286498696810315,0.0061870775408076825,0.0027976504991195266,0.0019883283520841758,0.004589824450937474,-0.0026495114261691995,0.003954355618804974,0.0020413824551721786,-0.001425352338471966
0.040040751239605814,0.0819171754001954,0.0029165429215322405,0.00022257226165768557,0.010013961267124394,0.005196828884603716,0.014521427014969815,0.006462048286978368,0.0023264011132168886,-0.0045782983623694875,0.0029897450175981294,0.0007796123861362479,-0.0009019654574924408,-0.00133685169000607,0.008401283470320701,0.0001601188465846475,-0.0006939207140666131,0.06747751836509985,-0.0026799979896463145,0.0021169726349086412,0.0009924814253851205,0.001554093396226374,0.002838550919689018,-0.0009194670452034021,-9.314183620772155e-05,0.002803775827649529,-1.630392830338262e-05,0.06613842204772781,0.018055820022231762,0.010094682014803397,0.000582865666427562,-0.01601524141130618,0.0011464060166543907,0.018567534419612036,0.02739115658594052,0.0018838051334447749,-2.2732193390970954e-05,0.0008575521759440183,-0.008204473985459527,0.00026707260141722335,0.015875871347570045,0.0003742725259763478,0.00028531556472695846,2.584894026792365e-05,0.0038261876365511863,0.002270475429414046,0.002707639176321044,0.00386524895176801,-0.0009535786012873666,0.004561033742947638,0.0013054050801192115,0.0010729260268194638
0.04475576153549638,0.08936688949279371,0.0006776638482298495,-0.0004039198952748116,0.009475310294686326,0.0039172436003161865,0.013177565858828432,-0.003030958770770072,0.0007852676763241526,0.00137751816028922,0.0011416758948445949,0.005421437169296467,0.0032872393859124066,0.0021916901712761027,-0.0024967993348464237,0.001190150856733798,-0.0005588520934207955,0.06986563824746593,-0.005379854160511187,-0.0026114797528393584,-0.003180290469204594,0.00655748960820181,0.0017021425452123668,0.009834120233557469,7.530524782492341e-05,0.0005286364575973054,-0.0062466696390779215,0.06574529522995783,0.038982147184889716,0.01058917801386573,0.005451948531589222,-0.01672491765626203,0.003031824763642795,0.023275972006643473,-0.0014460198728020765,0.002337796987120624,0.004027530450029232,0.0027430925910920806,-0.005449370296849356,0.0005747776191175368,5.3201710392942125e-05,-0.0035148011923401513,0.0019793874379581047,-0.00769752985621914,0.0007219697628160617,-0.004288673149287729,0.004868433143596227,0.00258270995179133,0.009214668297069541,0.0021256355822788643,0.0008255231408081231,0.0015036307834923068
0.0438001281821091,0.08814706679992645,0.002151000374105738,-0.0014546921512887312,0.0044345792663535765,0.004854284147147323,0.011290959513221026,-0.0051240684586720524,-0.0010063303737057928,-0.009168179363299021,-3.178243977446414e-05,0.0010110924707472733,-0.0009466780919400449,-0.002360003929932514,-0.0018279734260272028,0.0006931521594059906,0.0009538427396868313,0.07356851137828509,0.009844259243628098,0.008770115930948666,0.0049206228478053116,0.0002490702613346154,-0.0008300270529023905,0.00025127810631192065,0.0030977980372862697,0.0034656843983003147,-0.00023512900120372442,0.07451680238541286,0.03779910586069554,0.011464764633865625,-0.00248886334411878,-0.018907844647220135,0.008980826270779878,0.022027342535981636,0.00931134483930348,0.0017826559483713215,-3.931848518645843e-05,-0.0034005105538353815,0.003903958521012385,-0.0027936421045266463,-0.006633399871183599,0.005096854370272733,0.0015834796021619356,0.0020081470798073145,-0.0017947813690613868,0.002563610650474682,-0.0009085010844312121,0.0027730758618208637,-0.002531664293243134,0.0031417540448854726,0.002833282931062469,0.001769129125231389
0.047524327259719834,0.08845318677467183,0.000377595244365865,0.0007441696366774127,0.011059501414721897,0.005165952771196786,0.011927921111672096,0.006693726460092064,-0.0007033548864510418,0.004418138689270911,0.0020142896501442863,-0.0007300265231945514,0.004038234700868676,0.0008999055751316939,0.004302003564471605,-0.00690023527191106,0.002842464905610326,0.07502121895289722,-0.005364067928290355,-0.005708522978128055,-0.002891798707913778,0.0009160438127490695,0.002219017507688243,0.0008016101267727446,0.0005576747426754146,0.003811476947790596,0.0025037934860289274,0.06875170415472821,0.03676452828619065,0.0084021171493155,0.0006716740184091903,-0.018631447897508598,0.013690528186222564,0.010735889804041497,0.03397752844488725,0.0016382775111214584,-0.0022700019038847364,6.497802672505305e-05,0.00023720778314486744,-0.0013110688342101316,-0.005098810618356339,0.004251909691836208,0.0010814282929774849,0.0007423709207637338,-0.0022141718009440372,0.0037377890458072894,-0.00031998854939354,-0.0003863362290569032,-0.003490839841130246,-0.0027656185049732673,0.0009410196086444853,0.000838419548647092
