t_stamp,GR05/ai/GR05_feature_7/eu,GR05/GR05_feature_1_block/eu,GR05/GR05_feature_1_block/setpoint,GR05/GR05_feature_3/eu,GR05/ai/GR05_feature_8/eu,GR05/ai/GR05_feature_6/eu,GR05/GR05_feature_5,GR05/ai/GR05_feature_4_mean/eu,GR05/ai/GR05_feature_7/eu_sm,GR05/GR05_feature_1_block/eu_sm,GR05/GR05_feature_1_block/setpoint_sm,GR05/GR05_feature_3/eu_sm,GR05/ai/GR05_feature_8/eu_sm,GR05/ai/GR05_feature_6/eu_sm,GR05/GR05_feature_5_sm,GR05/ai/GR05_feature_4_mean/eu_sm,feature_10_ext_metric,feature_9,feature_10_ext_metric_sm,feature_9_sm
2025-06-11 17:00:00,17.714859478288325,66.82057751938439,63.747899159663866,27.491552353561502,831.2335988981039,82.15313248707761,45.4315786900573,62.90641696126416,18.93917823486979,67.135497022534,63.747899159663866,27.429442906831202,843.2604354510999,82.50570824896646,45.50746867889663,62.90289425517869,1.420308496572739,0.6010870207549237,1.4448646466589865,0.6081703301913525
2025-06-11 17:15:00,18.67609867473873,66.93396335210957,63.747899159663866,27.4488991606654,831.51443993363,82.65832344759295,45.73410610507984,62.80240622756474,18.92817213252363,67.15190048619654,63.747899159663866,27.429077591289463,844.2901225750494,82.48971177207002,45.48843453985303,62.8927179134791,1.4234439352613235,0.603893379103774,1.4470367112154938,0.608248453503227
2025-06-11 17:30:00,19.02644556676136,66.88392979050026,63.747899159663866,27.48094061020769,837.1411113647985,82.7154075146052,45.5269823856363,63.03022373995538,18.904813933528853,67.15869118552614,63.747899159663866,27.429503351941527,844.9924414001262,82.46176472105664,45.4611545414515,62.87821321703173,1.437267005321508,0.6051601193156977,1.449608800419354,0.6085156969459262
2025-06-11 17:45:00,19.06107748049481,66.87522854234653,63.747899159663866,27.45626428933587,839.4582786397485,82.67794805481333,45.58358130170741,62.84865792237152,18.872424420204197,67.1633296191387,63.747899159663866,27.428913183812714,845.7718721769405,82.47146937163109,45.42605346523906,62.87734111991878,1.4373834399267769,0.6026692442452415,1.4518533942518188,0.6082331007144465
2025-06-11 18:00:00,18.630811988897342,66.9217633855462,63.747899159663866,27.431619244464056,842.6129588969275,82.78604163777253,45.62539374236599,62.930560202090696,18.877021826907345,67.17113554400018,63.747899159663866,27.42604800774477,846.3807203609554,82.44773148799602,45.39432439146795,62.885995065978,1.4322175835957585,0.6039947939046698,1.4535262298485296,0.6077810058482722
2025-06-11 18:15:00,18.61627293245424,67.08895886710754,63.747899159663866,27.415816819877566,840.1093307764764,82.42110765580422,45.7246382523787,62.99105894830295,18.92546689716964,67.17882935630362,63.747899159663866,27.42402480028473,847.0767916629127,82.42117792058019,45.36359299042892,62.89601908226824,1.44295146834668,0.6027451038293464,1.4546142180276098,0.6074051165494252
2025-06-11 18:30:00,19.309755458794395,67.13171296223611,63.747899159663866,27.406079778621216,838.9652518269562,82.43424870596225,45.84651709747549,62.8531023923062,18.98770169833397,67.19225715698,63.747899159663866,27.419836685324224,847.521418361947,82.41525462221085,45.34484379673925,62.910424249223254,1.452647799528881,0.6105577681082572,1.4554141041211384,0.6073722443057081
2025-06-11 18:45:00,20.06083277871836,67.1199137576473,63.747899159663866,27.41474967628504,838.2651616555709,82.71683638361333,45.69173329914532,62.85722506164061,19.04043506367407,67.20347354869786,63.747899159663866,27.414835965768543,847.7772716327484,82.39866383315331,45.32483696861379,62.84050558798913,1.4480905485468518,0.6184921116924788,1.4555604134130382,0.6071195263627857
2025-06-11 19:00:00,19.77043525238508,67.26397679898288,63.747899159663866,27.433655098272737,846.83426845014,82.25548235008957,45.77631358248169,63.13785050362997,19.08092453153603,67.21288787644903,63.747899159663866,27.410946283195923,847.8379059563133,82.38406110273344,45.30006069338045,62.7786997842774,1.456208335828956,0.6126994072933829,1.455679802454113,0.6066091238708127
2025-06-11 19:15:00,19.428479707776702,67.26699245055973,63.747899159663866,27.417626355832105,840.4549628796276,82.73783325795658,45.61494244713594,62.87542643409867,19.122378594970957,67.22232343049617,63.747899159663866,27.407657116815276,847.4691764085557,82.3679743562194,45.27981868423945,62.71762505862471,1.4501206572845995,0.6199450354901378,1.4562576981698472,0.6060208774404602
2025-06-11 19:30:00,18.853478712749347,67.31125085394851,63.747899159663866,27.3984932032278,842.5848401163765,82.45271277254751,45.33708489833781,62.92788934935616,19.19140753939238,67.23625099029229,63.747899159663866,27.40590854662503,847.0455669673818,82.36256057476045,45.256974046434614,62.653502207223376,1.4500045111552349,0.6134291568582774,1.4568765262985273,0.6053369411754905
2025-06-11 19:45:00,18.622483928933764,67.30657750076118,63.747899159663866,27.44317053542656,846.2898901353763,82.20376180256808,45.54980171594887,62.68502320896916,19.281344722501355,67.24946573379324,63.747899159663866,27.404095164189165,846.657781927285,82.32962819314119,45.23698206742317,62.58810094053726,1.4404948154246382,0.6071806175638549,1.4574806896807535,0.6047164836452003
2025-06-11 20:00:00,18.564055519694374,67.34434602604718,63.747899159663866,27.395479180846344,851.983664625976,82.15394435451817,45.0155946913476,62.73158985130767,19.381160307892653,67.26179008098151,63.747899159663866,27.402410461153863,846.6070073834576,82.31955304838492,45.21667689705982,62.53078291827352,1.4632942836669791,0.6108741338055537,1.4574717417814453,0.6042428804852568
2025-06-11 20:15:00,18.85811742107136,67.3432489347852,63.747899159663866,27.42718677005476,861.7552169769898,82.41322638109173,44.96832503576845,63.01454226578931,19.479136534924404,67.27205214775121,63.747899159663866,27.399870956695278,846.4478036052777,82.3227725891993,45.19353767520355,62.47814191883073,1.461416391214937,0.6084248178346955,1.4574608806583191,0.6041326392651525
2025-06-11 20:30:00,18.894468621288613,67.42001459604738,63.747899159663866,27.38011052578943,859.7035565897985,82.80561692848379,45.18543693858265,62.95144075903304,19.551951518753103,67.28369426704319,63.747899159663866,27.398398594760632,846.5568924596491,82.31171272174956,45.175051857226975,62.425869452112146,1.4571204282089374,0.6014022430699953,1.4570462595307996,0.6042703067163733
2025-06-11 20:45:00,18.76308059733129,67.39795244113478,63.747899159663866,27.42359785816336,859.7354294342931,82.2497646186236,45.202922454199104,62.74007278798545,19.61168117313686,67.29352321375171,63.747899159663866,27.397817209318983,846.7424540545187,82.31010350338443,45.16282939974863,62.37665101537376,1.4796176795631006,0.6094203031813444,1.4568265082724,0.6043449867726195
2025-06-11 21:00:00,18.531082749612384,67.26734237479958,63.747899159663866,27.436315522374542,856.229542601355,82.0146119048423,45.02467456702701,62.646138073873736,19.748128902203998,67.32237873895934,63.747899159663866,27.39251451162451,847.3791340329628,82.31636366039689,45.13566515607374,62.32273890588079,1.490762227681116,0.6127915920291139,1.4578658884302713,0.604671813818484
2025-06-11 21:15:00,18.32180269368508,67.24218299055221,63.747899159663866,27.418880325622847,859.0221953827859,82.63644843139674,44.829335169627605,62.86251546899872,19.86941976824297,67.35039483255873,63.747899159663866,27.389035102944337,848.1721784576528,82.32138003851091,45.09132760526311,62.27167952834406,1.4900114894037224,0.6034289647792914,1.4584681945255498,0.6051338784099431
2025-06-11 21:30:00,18.95977514756402,67.3116421915069,63.747899159663866,27.37447483852188,857.3399876732213,82.02044958256495,44.82320106358792,63.04176609504388,19.985537538279086,67.38051085573922,63.747899159663866,27.38265758461158,848.9306977605352,82.30310853378779,45.045574430597384,62.21692457091648,1.4836372705893262,0.5996432982571349,1.4579990949726918,0.6054646201222852
2025-06-11 21:45:00,19.84592323215323,67.32501179006888,63.747899159663866,27.385583858543843,860.3021464001025,81.91666013967932,44.77969637068736,63.086475391782805,20.08557148442726,67.40823007394411,63.747899159663866,27.376929790236662,849.773049697896,82.25897770053597,44.99641131845452,62.16824010926106,1.4752859934301306,0.6002632198713317,1.4576272639019385,0.6059440971533392
2025-06-11 22:00:00,20.23239772162061,67.46081317050766,63.747899159663866,27.33607438611408,856.4139523426328,82.2967886548241,44.969859922945886,63.19852758832344,20.176955765144523,67.43305649464065,63.747899159663866,27.371496434485987,850.5041569586243,82.23469116998412,44.94448909269886,62.10497846542933,1.4714118259917095,0.606714799431369,1.4572845739818203,0.6062903220972753
2025-06-11 22:15:00,20.147835735816106,67.43901777477281,63.747899159663866,27.309820855099264,853.150190319576,82.0502572629449,44.90469357797903,61.372213702072514,20.245826036152014,67.44937527248152,63.747899159663866,27.365106655156954,851.3971140864793,82.21427469587525,44.88954053096658,62.036454422838396,1.4586329085429304,0.6018124495614113,1.4565909244091557,0.6066163936794776
2025-06-11 22:30:00,19.971692824499144,67.420003086975,63.747899159663866,27.325373266598323,849.1718610747428,82.06280103349647,44.75498263824712,61.41897210261929,20.29676195871343,67.46332061486763,63.747899159663866,27.357231042886156,851.7407722109459,82.18066638327677,44.82580083710115,61.97291022902413,1.4583063613577636,0.5953802690474072,1.455529143463874,0.6066297279911813
2025-06-11 22:45:00,20.07582205397427,67.4393411735805,63.747899159663866,27.332006290060413,838.9883968101316,81.99797918639653,44.814252473996426,61.31290636861305,20.32487767745985,67.47498232748318,63.747899159663866,27.35060155138454,851.8907878892395,82.14645913089466,44.76651726341234,61.914287632370176,1.469549299631735,0.592491209542354,1.4543069734692005,0.6062222131378399
2025-06-11 23:00:00,20.848102205506517,67.57051242539897,63.747899159663866,27.36394286205916,836.878940379205,82.23262981974544,44.70870273911866,61.11455377359109,20.359431469004228,67.47927383673473,63.747899159663866,27.343490228850808,851.6777620592298,82.14447082426656,44.716528643914714,61.84607829025879,1.4717284013868484,0.5889224708162186,1.452627949688267,0.6058838834086339
2025-06-11 23:15:00,21.529774300225775,67.57983432131711,63.747899159663866,27.35876060329249,836.9631559248666,81.50631865265969,44.73718259213699,60.953069273384536,20.385100864774827,67.47982410320843,63.747899159663866,27.337154763284065,851.8363108375142,82.12587194807769,44.66766664655556,61.7881078549094,1.4725847742364049,0.5892050453879417,1.4506724983975283,0.605227677912207
2025-06-11 23:30:00,21.97636552806644,67.58222310787646,63.747899159663866,27.358608182235997,845.2868692439447,82.05759928472173,44.68874246761273,61.04051433941655,20.424091929224694,67.47870926721463,63.747899159663866,27.332619301576177,851.9353850883934,82.11259755934653,44.63178702725827,61.723425253262555,1.457239096399436,0.5919291983267266,1.4480565195159913,0.6047124260053968
2025-06-11 23:45:00,22.12449466478165,67.54912795053326,63.747899159663866,27.33130433631345,842.1493015944224,82.40970019118792,44.56877868508419,61.05683493387521,20.461183549129395,67.47967076693935,63.747899159663866,27.324135498975004,851.7975766776811,82.10651083734693,44.58952962288815,61.67202021384703,1.4571676303339105,0.6011561263223354,1.445686888778659,0.6043910402701493
2025-06-12 00:00:00,21.590771065956712,67.6096736072185,63.747899159663866,27.357172460590597,849.6113803820473,82.00203643315653,44.65744895388297,60.96224038399158,20.517117104461924,67.47550003701768,63.747899159663866,27.31702308280057,851.5516319804289,82.1009271389373,44.571785860066186,61.61639609675122,1.4454368679602585,0.6081249953505599,1.4426925770962178,0.6037006210265148
2025-06-12 00:15:00,21.34384115026571,67.57856266829886,63.747899159663866,27.3809570315112,852.1237403057379,82.26343617079559,44.80837813287669,60.94931634996052,20.58144151477052,67.47125389562638,63.747899159663866,27.309857739639448,851.1326233095031,82.07831912877458,44.563622795678306,61.606484168372155,1.4504537217788054,0.6065107084037556,1.4395404710253936,0.6029602130910703
2025-06-12 00:30:00,21.808291350302603,67.68624327561353,63.747899159663866,27.33247142272721,850.3339982514278,82.34093719745124,44.61665137981052,61.28905367647516,20.653890962217538,67.45968498007504,63.747899159663866,27.302431436399853,850.7348655090577,82.04452758421266,44.546954559601524,61.600003983451934,1.451489901308882,0.6108918321308627,1.4364953118171957,0.60250478278245
2025-06-12 00:45:00,22.31482465590791,67.77444616009102,63.747899159663866,27.34451690026029,855.3057726743273,82.808814791014,44.40397958076081,61.27062490146303,20.722510932284205,67.44723107528053,63.747899159663866,27.292227555167642,850.5066423210014,82.0293503279086,44.5389140325661,61.603702198052176,1.4415131181196732,0.6177553168475498,1.4326187272206157,0.6015890247698497
2025-06-12 01:00:00,22.509978667844884,67.78741048591463,63.747899159663866,27.289615060224836,859.8966904512723,82.1672623729117,44.15438714566457,61.38757501712808,20.798886121218597,67.43752248915082,63.747899159663866,27.281766299273635,850.2200508728024,82.0226129148706,44.53584696344858,61.61543920871017,1.4231940187357726,0.6150823706859576,1.4281849512867004,0.6005436803999168
2025-06-12 01:15:00,22.06209586493984,67.70680508849331,63.747899159663866,27.28443045808843,864.728836760573,81.3540230572587,44.10868793742142,61.3881240727088,20.867078443359144,67.4283316392181,63.747899159663866,27.27120523846657,849.6438678472356,81.97398244544702,44.53617494163459,61.61437664266043,1.42622850780418,0.6170535551768621,1.4235356166766144,0.5995661155729788
2025-06-12 01:30:00,21.37234041041531,67.6665560064429,63.747899159663866,27.268618571943733,864.546176718777,82.0574457212165,44.06772696969641,61.03271088713884,20.929925351837063,67.41328900973514,63.747899159663866,27.26287389526904,848.9003901631008,81.980749103177,44.54539712906566,61.60390885548967,1.4219368859922128,0.6143815422227532,1.4191089960973369,0.5986685359864009
2025-06-12 01:45:00,20.682381062678797,67.5785222023333,63.747899159663866,27.22412344000656,866.8980446121219,81.8086134325387,44.07618140041009,60.93533767057496,20.99569821501315,67.39672775612244,63.747899159663866,27.25579378618162,848.2053336735004,81.97282995285741,44.553088834544624,61.58904147167795,1.422141981166734,0.612527251295412,1.4152299521710388,0.5977407500569991
2025-06-12 02:00:00,20.83783313563705,67.55007323381919,63.747899159663866,27.16981141049732,849.2749955609592,81.4259993280078,43.934326281512405,60.9467765778781,21.06568771444269,67.37741923116343,63.747899159663866,27.25133482284171,847.4708591869459,81.95359907464469,44.56437440169263,61.57290279141409,1.420794371170435,0.610957797459367,1.4111891070331144,0.5965670474630914
2025-06-12 02:15:00,20.904304341111025,67.46976513611403,63.747899159663866,27.215864931236588,842.7656320043786,81.69061881214974,43.91322608848127,61.09854716202194,21.126769150238356,67.36027390901418,63.747899159663866,27.247958818385992,847.0470004057181,81.92899809868653,44.56894258606921,61.61285097628596,1.4114254487066424,0.6062666660922383,1.4068474138347637,0.5954050670892168
2025-06-12 02:30:00,20.807048998716315,67.39272207652935,63.747899159663866,27.220315422260896,840.4434935498509,82.19583315124676,44.27665499755307,61.09157024028826,21.17323537058764,67.34385073484938,63.747899159663866,27.243344742635585,846.6689191010826,81.91912117500996,44.587389212984334,61.6503015084828,1.4058376224009506,0.6025495154172038,1.402767777211133,0.594402987528708
2025-06-12 02:45:00,20.198561580894705,67.28350044477077,63.747899159663866,27.22756238882986,845.2114262281566,82.17986697229021,44.149082526361184,61.13631337361709,21.201255435517883,67.32594006346858,63.747899159663866,27.238091249007045,846.7384881013732,81.90497243069947,44.613206326515254,61.698961999649455,1.391457118562443,0.6002588705973281,1.398379359350897,0.5937358917131744
2025-06-12 03:00:00,20.023210646245303,67.27780577413415,63.747899159663866,27.26242935199103,845.5570676427567,82.0544811106125,44.26069631941907,60.98741129995075,21.206828941156587,67.29978702642263,63.747899159663866,27.232247181390132,846.6092426879412,81.87623185992064,44.64063658987776,61.75649932394478,1.3715251447091237,0.5979715996539715,1.3940893514823156,0.5933309373780987
2025-06-12 03:15:00,19.73523252607488,67.33542249250287,63.747899159663866,27.188656457391364,842.1556378140057,82.02116014258085,44.28207958484529,61.14287202650325,21.18863915649489,67.26905181532938,63.747899159663866,27.227197009850308,846.451715806555,81.88688517019597,44.682182265420906,61.821525584338595,1.3694058933046662,0.5975390455064339,1.389321314504042,0.5927694446995729
2025-06-12 03:30:00,20.24206217967016,67.2192241283972,63.747899159663866,27.182106695613395,844.6053237084061,81.98643340222844,44.48328180668855,61.06286633843335,21.143492773497435,67.23897923980677,63.747899159663866,27.22250204398101,846.1367625387069,81.86688834846339,44.7385061023369,61.89087733535231,1.3734649331937452,0.5901615564965155,1.3848255476922704,0.5922465101680315
2025-06-12 03:45:00,20.78784973032931,67.21586469304593,63.747899159663866,27.212226475221065,849.1849568492169,81.73498607621066,44.72343310413226,62.7171844144175,21.07587799477241,67.20811474566747,63.747899159663866,27.219669021986018,845.8963108360679,81.8591735708349,44.80330321116721,61.965180528224174,1.3668532090902206,0.5862125797713624,1.3802759484766005,0.5913172123542352
2025-06-12 04:00:00,21.067952044699105,67.0729471295077,63.747899159663866,27.15732142860153,847.7708225764376,81.7918705916263,44.68538985627912,62.75703521142641,21.002281036243154,67.17480080682684,63.747899159663866,27.214359467023215,845.5345944546533,81.85568165148064,44.87107258075869,62.03720590886894,1.3657656519629895,0.5877393338113864,1.3760194116200828,0.5901473388970402
2025-06-12 04:15:00,20.821679699331327,67.0243352972991,63.747899159663866,27.117481421197063,852.8887337926021,81.79444692950193,44.96170664313619,62.85101922599288,20.923068782543695,67.13509548911048,63.747899159663866,27.207943201164436,844.9800242610876,81.82258616752661,44.92968188880294,62.10844034470016,1.3633201416657037,0.5819475628033334,1.3711511263665617,0.5889490984796695
2025-06-12 04:30:00,20.82233841764424,66.97608479090862,63.747899159663866,27.122477845554315,847.6317991553854,81.81248951370168,44.93266249350154,62.99824839361351,20.822431452603443,67.09429732066778,63.747899159663866,27.203262017575142,844.5692598651916,81.80427008742772,45.00252520194435,62.171373265742886,1.3577489496636588,0.5814312609311305,1.3661292397677836,0.5874139848834824
2025-06-12 04:45:00,20.367572357901373,66.96645749257024,63.747899159663866,27.10204850141089,841.7367046157816,81.1775343486896,44.83917451520802,62.83063848750656,20.70597004479662,67.0496263019018,63.747899159663866,27.198727402278546,843.933845056624,81.76613526338024,45.085693179235015,62.22862391651176,1.3505314511011457,0.5741020199711495,1.3611970737375678,0.585634202426309
2025-06-12 05:00:00,20.84518240190156,66.86036330701846,63.747899159663866,27.12453454259592,835.0356571491795,82.22344931446452,45.09986668652018,62.727732479921045,20.576455762154783,67.0059977367117,63.747899159663866,27.196166762431233,843.2475847287114,81.77447180627506,45.17888838581647,62.28578546027849,1.3508386532109993,0.5727159106598008,1.3568959298995829,0.583845114322175
2025-06-12 05:15:00,21.819109127435905,66.82817418168786,63.747899159663866,27.17318058592128,839.4504517120871,81.67908563009152,45.01044753505605,62.64045387743126,20.437477002978202,66.96363550089643,63.747899159663866,27.195245276300177,842.5242510637231,81.80866606781676,45.26846669698799,62.348774003301045,1.3589146756411872,0.5724296419892763,1.352575184673305,0.5817065529085573
2025-06-12 05:30:00,22.33208270450667,66.88155742173734,63.747899159663866,27.202305485916774,834.3797177459959,81.71986230844271,45.30842693738613,62.71436718040756,20.30441586648019,66.92674338612466,63.747899159663866,27.196308418859086,841.7268824321416,81.80443938078206,45.35717555701572,62.37053845932554,1.3501864718539762,0.5715037216141392,1.347839142880589,0.5797743846218074
2025-06-12 05:45:00,21.980278809686165,66.92465811029521,63.747899159663866,27.20854072142781,840.4344268827449,81.31222798419981,45.0417391092766,62.57065924822887,20.179381365142195,66.8905572881928,63.747899159663866,27.197604684783993,840.9474358461408,81.80573064223375,45.456969212702475,62.39577626859822,1.3283821125924122,0.5669530383451729,1.3433440224778743,0.5778626759673802
2025-06-12 06:00:00,21.365679434977714,66.927307862031,63.747899159663866,27.18695099408608,837.8294219356766,81.76649332319975,45.30838144570057,62.54248806852418,20.04769559797099,66.8546293737381,63.747899159663866,27.20200336517809,840.6953692822658,81.80945498929519,45.56984837363071,62.41784992854606,1.3359172626488496,0.5653178822321414,1.3388900575687919,0.5761473820338262
2025-06-12 06:15:00,20.91642400188142,66.90202103215644,63.747899159663866,27.17440148120431,841.0754668188503,81.5735168570818,45.58876587992394,62.77272110361281,19.921180741714277,66.81943105164719,63.747899159663866,27.20340898993213,840.6443285532307,81.81503200328741,45.691431155085276,62.443269143338654,1.3378967638246413,0.5724783350763434,1.3351780117830285,0.5745986663719981
2025-06-12 06:30:00,21.01530737466785,66.78592131402063,63.747899159663866,27.188620833551703,833.0015779762499,81.3704126963802,45.53161063999374,62.84067350245086,19.810224749967244,66.78623575152477,63.747899159663866,27.20460120205562,840.5218744019401,81.81078617517997,45.81005914702301,62.4680647966144,1.3430281653294105,0.5767738407639487,1.3318393415896688,0.5731037054733701
2025-06-12 06:45:00,20.984080760374844,66.65777798851957,63.747899159663866,27.207255457097684,832.2373494832767,81.82591796092014,45.983552858431445,62.90385708519898,19.717956931459092,66.75996073613543,63.747899159663866,27.205887606343524,840.3314289341772,81.78889217018053,45.93190632094156,62.499845635589324,1.3295436648881929,0.5723602650321661,1.3293832928475702,0.5715164064252007
2025-06-12 07:00:00,20.62197403814265,66.68004584219796,63.747899159663866,27.21775920615713,835.8382712085028,81.45769463274414,46.3784575750926,63.12106686982777,19.61793719297381,66.73264292972878,63.747899159663866,27.20614593675772,839.9802164756006,81.78684443597807,46.04098310461984,62.543663553943325,1.3223660920462927,0.5762411623804876,1.3280246822752984,0.5700658837298973
2025-06-12 07:15:00,20.09605130303094,66.62319312635479,63.747899159663866,27.246313676463696,834.9357505152499,82.1782568623327,46.51269194999369,63.28593072003112,19.537235866384247,66.70408176210638,63.747899159663866,27.209307311160035,839.5571862867254,81.78735773278544,46.148575610366365,62.586792023109766,1.3206796538638137,0.5732771919084416,1.326675285765699,0.5686943234981193
2025-06-12 07:30:00,19.382862310078977,66.61025544199937,63.747899159663866,27.197885811706517,838.759888939612,81.89727885252914,46.69053004162737,63.12300180333497,19.451585413818993,66.67969282682239,63.747899159663866,27.21466449114631,839.2785303530709,81.78517021289547,46.246844994023235,62.62458542848549,1.3177407622647253,0.573028791634714,1.325448689347477,0.5675029625682151
2025-06-12 07:45:00,18.967473539282043,66.38740313680816,63.747899159663866,27.1884690557478,835.4866344987663,81.27057165217455,46.56665737420395,63.08634942489695,19.368841824976354,66.65779408624807,63.747899159663866,27.217804869200567,838.7558877108393,81.80734263753278,46.32757256196779,62.60451319109391,1.3044051641731695,0.5705634958826361,1.324553782402341,0.5666843926789848
2025-06-12 08:00:00,18.78917145209497,66.46229822233222,63.747899159663866,27.19203591504844,838.0110663745477,81.79145479448479,46.80195077405311,63.17704130775684,19.28336747778481,66.6403241652756,63.747899159663866,27.224427850591113,838.3277468818876,81.82019141412216,46.41413635069477,62.58373369610121,1.300833303345538,0.5648384242452459,1.3238258910756195,0.5657103430852255
2025-06-12 08:15:00,18.820982421703157,66.43431559711166,63.747899159663866,27.20847844136237,836.2433284172989,81.66477006958912,46.89901889948077,62.98814442452918,19.20061714153843,66.62598130173096,63.747899159663866,27.23261087306833,837.8951661294711,81.81540686551917,46.496236796631024,62.56285515380575,1.2935481372132045,0.5643618431323503,1.3230915907001326,0.5649162853765463
2025-06-12 08:30:00,18.624550188589836,66.4785535302119,63.747899159663866,27.21279586480543,839.3088806138941,82.41735865975691,46.95024334310816,63.10242133012997,19.09580057641936,66.61481486692622,63.747899159663866,27.23931507212455,837.7622233314243,81.81620515231675,46.58582810503917,62.54480956519158,1.2941597035962165,0.5614097275619382,1.322907305840194,0.563969729004901
2025-06-12 08:45:00,17.892733089642483,66.43593801403492,63.747899159663866,27.256785874156776,843.0288268109213,82.3798509035089,46.79603727256725,63.27778036338558,18.99715140340737,66.59962282029358,63.747899159663866,27.24963062125943,837.5067382967668,81.84760096370306,46.668968696320846,62.52286030233052,1.2966061510158484,0.5528967127683329,1.3228021595586503,0.5635271315222501
2025-06-12 09:00:00,17.380506315474967,66.55979256328972,63.747899159663866,27.30051284871108,840.6251177713318,81.93064511017589,46.728992770528016,61.68564456787358,18.89735658024726,66.58894321838757,63.747899159663866,27.259493414683458,837.5610849603612,81.8399050288857,46.7507355109376,62.50764803458196,1.2798556322107286,0.5564164936202537,1.3230634697563317,0.5633854981225652
2025-06-12 09:15:00,16.93134602253896,66.49293926437748,63.747899159663866,27.263011417753678,843.5146470321009,81.84735127608938,47.06999107101267,61.69247194875534,18.772217135220906,66.57704354727585,63.747899159663866,27.266950241618353,837.8799575803114,81.86291456530458,46.83223783851523,62.494657869437006,1.287288369085296,0.5551759916625997,1.323049956832757,0.5634926439976423
2025-06-12 09:30:00,16.887260120500777,66.47223580017882,63.747899159663866,27.301771822320333,841.7129986447094,81.53772973985129,47.320701109359376,61.60898637631349,18.626827902157288,66.5589587794854,63.747899159663866,27.272634775089713,837.8793772482188,81.87703449184366,46.90920709719011,62.49253362890932,1.2871754238979571,0.5594989794527456,1.3235204676456354,0.5638257557439644
2025-06-12 09:45:00,17.10885865340959,66.41381547338624,63.747899159663866,27.25803367385756,841.2344101333234,81.85792923191633,47.56070953211834,61.86112360579986,18.47028238993777,66.53730359626229,63.747899159663866,27.27882867869759,837.6672129623092,81.92120096627613,47.000535101855625,62.492438608475,1.300064075133747,0.5598051962373919,1.324779309526398,0.5643371547067191
2025-06-12 10:00:00,17.478369246305423,66.39686307285668,63.747899159663866,27.25608178596568,836.7698690111333,82.06845830802327,47.83549475568497,61.83543983856062,18.30984473688222,66.51794141041269,63.747899159663866,27.285310286357962,837.7461446426963,81.94743482920413,47.07739392264255,62.49652035533522,1.305677516600166,0.557700688458367,1.3263160124431173,0.5648109137336396
2025-06-12 10:15:00,17.430527025650232,66.49524998309046,63.747899159663866,27.26615451746691,839.49806219527,81.52304682230692,47.80449774391773,62.08973854286478,18.148929309559147,66.49914247387615,63.747899159663866,27.29319830813254,837.776388163689,81.96776307748304,47.13727310323558,62.492371567470855,1.3177756562994831,0.5526398991522496,1.3279646838306782,0.5649918341411144
2025-06-12 10:30:00,17.022618491686806,66.45827158193478,63.747899159663866,27.270179264417106,835.0206938854615,81.99304908453878,47.53299982976781,62.30194885057054,17.99570307319782,66.48602399888851,63.747899159663866,27.29921329635562,837.9855068002091,81.99217238837163,47.20993576533957,62.4836974374875,1.3307668275409688,0.5544559187948653,1.3296680774505811,0.5650469092455156
2025-06-12 10:45:00,17.31419272838788,66.47858746383127,63.747899159663866,27.28349768946077,829.4647321477438,82.03655904680163,47.50985475724068,62.43672610149664,17.845949024137266,66.47716652431676,63.747899159663866,27.304966479113425,838.1956464990567,81.99577062914278,47.262715887732874,62.46471663017399,1.3289239980166787,0.5563922385530946,1.3322311674310179,0.565398857058547
2025-06-12 11:00:00,17.67254860271271,66.48755606987731,63.747899159663866,27.34282209520149,836.2456456987774,81.92080780552973,47.43136331639474,62.19666849970516,17.703915171704228,66.46878793165887,63.747899159663866,27.30888801789954,838.0755729235441,82.02358673435451,47.30321408326242,62.51084787937489,1.33666704064709,0.5544207285993871,1.3349986359245343,0.5656402408322253
2025-06-12 11:15:00,18.305542065050023,66.55890247581638,63.747899159663866,27.30643781684888,833.5056775822674,82.40015881532999,47.14526014246894,62.11501729266983,17.563977320762582,66.46324464675355,63.747899159663866,27.31189147253888,837.8134490544256,82.02635627845574,47.352864363502434,62.55523919933383,1.340006000736141,0.5616554830944573,1.3380555421665323,0.5661253475090132
2025-06-12 11:30:00,18.503721628952835,66.54884950033356,63.747899159663866,27.356010870318016,834.9265977078882,82.17733388930813,47.28230351808846,62.13365036164563,17.436413370738485,66.45334296846305,63.747899159663866,27.3147615151264,837.3324721903725,82.01903195816799,47.37944607833736,62.60899096764636,1.34392891216135,0.5585178459986043,1.3409389548857742,0.5666360509654038
2025-06-12 11:45:00,18.33916961193985,66.59404939095948,63.747899159663866,27.36297209551353,839.9113112201079,81.65091047141124,47.42472002122401,62.22466295712899,17.32015920344312,66.44757727925699,63.747899159663866,27.31752127809515,837.2280899165306,82.04731285796947,47.42380431290094,62.65430155919996,1.3412911304010915,0.5581258315429592,1.3446389817485118,0.5672572869323205
2025-06-12 12:00:00,17.6778414640722,66.64109174676672,63.747899159663866,27.323603817240947,843.6435152139754,81.83643811762956,47.620401745745845,62.4568807351882,17.22507524513766,66.44226923253306,63.747899159663866,27.318773460106392,837.1421374909119,82.05051800551749,47.46305062025617,62.69560048711676,1.3522204038655017,0.5530345697817721,1.3487128268594915,0.5681970622031008
2025-06-12 12:15:00,17.408097167541627,66.51069609359104,63.747899159663866,27.41151497545724,834.0721535760626,82.11940869027876,47.33339225365842,62.17216060167512,17.15161201631673,66.43846664405854,63.747899159663866,27.3190635962151,837.0475065612214,82.09282963846198,47.48808664120346,62.74462385350146,1.3473770626548256,0.560824095491622,1.3529105581722518,0.5691287620201427
2025-06-12 12:30:00,17.851337707098228,66.53997524983816,63.747899159663866,27.42041834531683,836.6660570570074,81.99257126994391,47.55287112502249,62.27136444746431,17.099701305187654,66.43891607411281,63.747899159663866,27.317202074179722,836.8372381835608,82.10099041230139,47.515923017069184,62.7939796419695,1.3586779591414495,0.5684669086692539,1.35672637321757,0.5700539409087023
2025-06-12 12:45:00,18.0649257766453,66.47118404833613,63.747899159663866,27.396885393968017,849.0166303105932,82.36937172265769,47.45551736238522,62.25074892308243,17.06839281560513,66.43851017387702,63.747899159663866,27.314614629990768,836.5210227774339,82.10234232891342,47.54729540525241,62.836751390957566,1.358509287933941,0.5756440182415847,1.361232309067749,0.5713524206407784
2025-06-12 13:00:00,17.97040571259826,66.33901438802378,63.747899159663866,27.37284149005764,834.36230778322,82.14346010461526,47.617504697632576,62.65063996457691,17.0501681171395,66.43237232311854,63.747899159663866,27.31195721905981,836.374678734545,82.1278776953632,47.58752802928454,62.933700491771624,1.3643017962403303,0.5814970740038056,1.3666016029952874,0.5725751777258967
2025-06-12 13:15:00,17.28391344310045,66.27500261360211,63.747899159663866,27.39435782966399,834.0694983054585,82.63722221717448,47.78157924924179,62.56780863519922,17.053331132556803,66.42902795889664,63.747899159663866,27.310641053451295,835.7370399982024,82.1404849028195,47.61116416188392,63.02809086777192,1.3661473690152892,0.5822950072278119,1.3712755408579744,0.5738981904210796
2025-06-12 13:30:00,16.552549843311343,66.34644228654301,63.747899159663866,27.38139922389727,840.1973723472856,82.55350921103904,47.6141460693086,62.664940474331146,17.080368618018795,66.42909705641085,63.747899159663866,27.309181211884,835.202774506068,82.1764223444077,47.62246939044417,63.13543395660028,1.3820183501504244,0.5795306530397591,1.3761129726590575,0.5750633123690897
2025-06-12 13:45:00,16.088961182189202,66.33805293606012,63.747899159663866,27.411042134441608,841.9827724486323,82.18336430544893,47.38514129771481,62.64825746768154,17.126825508982456,66.42756886853483,63.747899159663866,27.30749391165463,834.5797307264623,82.1880078566886,47.623972476088056,63.229499756213684,1.387356905451475,0.5779059473005893,1.3806524398785804,0.5762373887423462
2025-06-12 14:00:00,16.418520283828034,66.3923670643916,63.747899159663866,27.369070480244226,839.2751370718557,82.10269202303807,47.71149050311348,62.580449602950274,17.180830854949086,66.42517739916312,63.747899159663866,27.307184808177375,834.2160567209877,82.19703205693882,47.62194375338238,63.3207233222362,1.3941299739264936,0.5784260938959835,1.384991240083828,0.5776795677181441
2025-06-12 14:15:00,16.49145928855821,66.39205375136677,63.747899159663866,27.379850939831748,838.5415404487012,81.93386518405478,47.56695653023057,62.33443286579378,17.239972249764396,66.41878865695759,63.747899159663866,27.305685991694933,833.9347113876465,82.23244499004655,47.62078665740846,63.41049471252609,1.4064363643013045,0.5829186994231081,1.3889480410096307,0.5793845372190699
2025-06-12 14:30:00,16.36095846515161,66.42868806246122,63.747899159663866,27.33540536974053,832.2360639431241,82.29217778909633,47.59340344097844,64.50500434585472,17.304818156345753,66.41390281867841,63.747899159663866,27.30370352750871,833.7506975899076,82.24743633600966,47.64009282521257,63.49659611499914,1.405390146851777,0.5834826755908346,1.392606956988549,0.5811979413717815
2025-06-12 14:45:00,15.897915774781492,66.45689457919542,63.747899159663866,27.33641731564389,827.0720344416982,82.26134318536894,48.00220035719422,64.61767031879944,17.356996118051416,66.40251028293342,63.747899159663866,27.303340455146227,833.9726051638262,82.25521333829737,47.652402261637754,63.56545654773697,1.4123868411237517,0.5878303922120814,1.3964081975157423,0.58311613817881
2025-06-12 15:00:00,15.555943809356098,66.31320509328422,63.747899159663866,27.28398708933221,824.3305830180184,81.6775492438972,47.48798148667535,64.73555485271065,17.408324872941613,66.38769125864015,63.747899159663866,27.300743601066735,834.0117508683296,82.26721978251456,47.65600843657871,63.633087959223936,1.4042431438419871,0.5883498953264295,1.3998461501947679,0.585207228171522
2025-06-12 15:15:00,15.479848520421044,66.2144324606263,63.747899159663866,27.27126194481024,832.355166283511,82.11899864621903,47.89740441111134,64.44566717150481,17.450105891329255,66.36907180387648,63.747899159663866,27.299026924739067,834.1172245700731,82.2619182425689,47.67116286128514,63.693571197295725,1.4154059700552903,0.5892005748901362,1.403475282147093,0.5869468839507986
2025-06-12 15:30:00,15.93665270293122,66.30305682061464,63.747899159663866,27.2296013753858,835.4324936059851,81.88760922092514,47.97933999471016,64.41600914526109,17.49231287254967,66.35275061153577,63.747899159663866,27.295748237263464,833.9116051031828,82.26219206120986,47.68830524907669,63.75716285778108,1.4230486566749363,0.5930316823686557,1.4067644392313108,0.588750442450931
2025-06-12 15:45:00,16.617085557075118,66.32023794287562,63.747899159663866,27.217182524623563,833.4044005265831,82.93411905792398,47.65009952789914,64.45884541607016,17.530722451273377,66.32862065502275,63.747899159663866,27.290327798920057,833.3205252457852,82.26664648129068,47.69644570017179,63.80869824691083,1.4194800765960098,0.59231283764361,1.409970033845092,0.590402706900434
2025-06-12 16:00:00,17.067228854717687,66.49203643184035,63.747899159663866,27.15695020374408,833.0008292840722,82.66218187493914,47.7853346190799,64.5830949841712,17.575234437105454,66.3012131190122,63.747899159663866,27.28435764108878,832.6306975174238,82.27096311244858,47.68746223346941,63.86578435546284,1.4086341549557762,0.5891650942187244,1.41291639321125,0.5925769764790282
2025-06-12 16:15:00,16.953478402166727,66.42376100696139,63.747899159663866,27.179162548488087,833.5423646271204,82.42040840187012,47.73720891806423,64.56093283302746,17.61931866873969,66.28175409538527,63.747899159663866,27.27514694680556,832.1936557408512,82.28442596278349,47.68631149099643,63.93420892183086,1.4317842265212029,0.5918511047306146,1.4163366910208202,0.5946338237072212
2025-06-12 16:30:00,16.833765361505968,66.37565704053539,63.747899159663866,27.22079052078236,836.2347964846623,82.69670610366863,47.93597149149209,64.59411759229525,17.660641038154576,66.26292152933604,63.747899159663866,27.26479552743498,831.6405381473578,82.2865915434332,47.68405801633005,63.93110819432652,1.4409344500368897,0.5930992061738054,1.4190684286132274,0.596434976858259
2025-06-12 16:45:00,17.02623648505811,66.39260833772022,63.747899159663866,27.22352644949834,824.385484941822,82.22556749977836,47.77907504899383,64.52418322876457,17.701354109145946,66.24496607437965,63.747899159663866,27.25636178638779,830.6407219194429,82.29213680581844,47.6867213781467,63.92586209172705,1.427506504965901,0.594866372518084,1.421996272737597,0.5978613044283619
2025-06-12 17:00:00,17.69838468436056,66.47430872560516,63.747899159663866,27.257976575301413,825.6850338806746,82.61585298749745,47.6598579661668,64.82927904116393,17.744229406649218,66.23108951716615,63.747899159663866,27.24761297426654,829.9584854546538,82.28737374492988,47.69914440179094,63.916924541057,1.4322983779304557,0.5944526378930513,1.4246887839880045,0.5989686567918854
2025-06-12 17:15:00,18.502565382319457,66.36796983710548,63.747899159663866,27.207414666976504,822.5430967451591,82.20549460034354,47.60580210143514,64.68309759420205,17.790647411953675,66.21863501275666,63.747899159663866,27.236231017998684,829.4960290392589,82.27326235960741,47.71552218920806,63.92579974458624,1.4362480917194338,0.595027487435086,1.4274018429248005,0.599774393024606
2025-06-12 17:30:00,19.098529625304387,66.32511899170557,63.747899159663866,27.246808681648,825.8596488468897,82.33918431552988,47.77463307451471,64.57214681923607,17.853550775184495,66.19819625525153,63.747899159663866,27.224127206701784,828.7178312479537,82.26212042908766,47.75229674415891,63.93376972399467,1.4358415227575907,0.6009660577323004,1.4288151321372153,0.6005338302613092
2025-06-12 17:45:00,19.20476887010952,66.3035877169243,63.747899159663866,27.221190022993664,831.0577021950388,82.58543481553868,47.769784864700064,64.78288025156145,17.929764492261597,66.18037095807077,63.747899159663866,27.211064917533303,827.8274294812122,82.26769201453614,47.792642740189294,63.93175189485674,1.436479684073561,0.603788984180023,1.430252390936624,0.6012877143431493
2025-06-12 18:00:00,18.967995689127545,66.31169643355963,63.747899159663866,27.210705338830294,829.5002799532953,82.44278946343209,48.11218486389094,64.88499092476214,18.004932614782412,66.1606376005983,63.747899159663866,27.19859120207462,826.8887948557727,82.27166792974839,47.817607539828124,63.930288136334255,1.440534306908526,0.6088580433762122,1.4318264591017795,0.6022316600365869
2025-06-12 18:15:00,18.879531579557607,66.13681139148159,63.747899159663866,27.272605518586406,836.1219593653005,82.26986911543315,47.879137849996326,64.50253908363166,18.106669848004625,66.13966619318107,63.747899159663866,27.18542948066901,825.8528036054732,82.2716040763542,47.838494175151496,63.937101573711374,1.4429612138324768,0.6139381427639533,1.4323346251411413,0.6031702736547657
2025-06-12 18:30:00,19.21241124941867,66.04298534107917,63.747899159663866,27.264916472816655,837.4200168338801,82.28100113204506,47.539548564623445,64.22561084431379,18.234856841108567,66.1199857619934,63.747899159663866,27.173613129624435,825.1145542764824,82.26836521053248,47.86742148268753,63.88083083358031,1.4398056210178507,0.617153428380749,1.432986994784745,0.6039284533332785
2025-06-12 18:45:00,19.558972616679224,66.00031883290632,63.747899159663866,27.25493752701892,836.6698886345687,82.24111261696,47.599892883662,63.92951443482399,18.37721832171655,66.10006371585852,63.747899159663866,27.163376466780228,824.3652047117041,82.25198552118535,47.89365732149872,63.818005736050765,1.4488799593059007,0.6138451564727531,1.433285671306576,0.6047771275214253
2025-06-12 19:00:00,19.7699310655654,66.05921373011192,63.747899159663866,27.25765024604985,828.7580137011777,82.18554844853715,47.79657515183476,64.04140017620611,18.52949174847272,66.08151288142615,63.747899159663866,27.154501287011627,824.1219188602577,82.24671543339026,47.93499251792816,63.745454529532694,1.442603624687882,0.6126246010025761,1.4336972359884872,0.6055872658877514
2025-06-12 19:15:00,19.49145697365097,65.87015069556898,63.747899159663866,27.200358945211427,822.1789154981844,81.78454307383592,47.66893355407709,63.770724631021366,18.69457236787129,66.06644422318757,63.747899159663866,27.145372316796212,823.4309855784207,82.23847342779946,47.964697568911575,63.665631372128296,1.4374589688145225,0.6076937650280468,1.433644721474267,0.606289277587239
2025-06-12 19:30:00,19.01320103903452,65.8188656664505,63.747899159663866,27.14449908230249,822.948683363133,81.96593705236708,47.35089774467438,64.16946399174863,18.856008816901678,66.04480281047275,63.747899159663866,27.139435122443658,822.6130951609521,82.23373145651735,47.98841304274457,63.58107181076301,1.4406111848502416,0.6182626571395982,1.4332255468898878,0.6067980391943621
2025-06-12 19:45:00,18.730624116568745,65.92692538478285,63.747899159663866,27.13519414696081,820.960900278883,82.52329420032541,47.29886997946896,64.22489759271558,19.024905769208846,66.0211678437591,63.747899159663866,27.135198990319417,821.9942506311231,82.20308970465433,48.02102622865535,63.4862450474379,1.4499859969419346,0.6225295123374122,1.4328799714460143,0.6071806413088825
2025-06-12 20:00:00,19.091008789544837,65.97499826836163,63.747899159663866,27.109875764199444,820.0725292522046,82.05753868943607,47.48526688503127,62.178342622334135,19.197570478113466,65.99413347768287,63.747899159663866,27.13234207435024,821.467531419205,82.1934115881109,48.05604815479128,63.38438261080863,1.4406300869136643,0.6225015032003908,1.4326728892228178,0.6079203577546551
2025-06-12 20:15:00,19.2863179063864,65.93252039964393,63.747899159663866,27.14387316255217,819.0221434731496,82.53572959421426,47.53541821688451,62.09336584509828,19.3700882517397,65.96735906551397,63.747899159663866,27.128318903791616,820.8523879186971,82.19089413975829,48.09467706271365,63.28436837898104,1.4463446116650234,0.6184338453446728,1.4317748077586534,0.608455805782325
2025-06-12 20:30:00,19.2566646376964,65.92271767161908,63.747899159663866,27.110377126420182,813.8952138395456,82.00056827795854,47.99019540695968,62.38251344447567,19.531409983833406,65.94494851689986,63.747899159663866,27.122724351629405,820.1479404140536,82.15905804060887,48.1263815304299,63.18859848460873,1.4450771337525654,0.6147176449095052,1.4308870522060677,0.6088981805558162
2025-06-12 20:45:00,18.676453602234105,65.90136748131728,63.747899159663866,27.05289914162829,820.1958058436106,82.21388065750055,48.27291287175557,62.83406474107635,19.68924274539314,65.91773504276728,63.747899159663866,27.117830938556487,819.5363979923985,82.14279648741486,48.17541189319023,63.0866063078853,1.4475391371191664,0.6064670942094321,1.4301844029511268,0.6092524444464587
2025-06-12 21:00:00,18.439650740235937,65.73327956138921,63.747899159663866,27.018284884990347,816.851438608129,82.21925129544611,48.717382717834006,62.90403985658398,19.842832822807363,65.88234282512639,63.747899159663866,27.11353568640029,818.9286229871162,82.11615913073906,48.23320463447137,62.97153843331289,1.4244170265228624,0.6023137701408569,1.4289338921854013,0.6096234237488191
2025-06-12 21:15:00,18.375372694502303,65.80329402063717,63.747899159663866,27.019173459387098,815.2707194463859,82.35051186890364,48.59552117862624,62.58772259354359,19.98493003541905,65.85092395091719,63.747899159663866,27.11256552345795,818.3917562169039,82.10555920580164,48.296352102747015,62.872881143175945,1.4304746694337476,0.6005224697557906,1.4275550078897519,0.6099387647427835
2025-06-12 21:30:00,18.67356395945241,65.80036634021778,63.747899159663866,26.994859016483808,811.1160983086721,82.22196947940552,48.46043449227855,62.5365368472757,20.107964842890258,65.8142441008952,63.747899159663866,27.111375613975678,817.6549261704492,82.09275087016978,48.353096906575026,62.7746112548226,1.4413520188811575,0.6067444646991133,1.4260802716952008,0.6100011792545181
2025-06-12 21:45:00,19.543576285224677,65.76291152884977,63.747899159663866,26.984999297663435,807.4618029397151,81.9319495822288,48.193555589931655,62.53883598710733,20.211614077525144,65.77578432036974,63.747899159663866,27.10973632815434,816.908632277082,82.07019732195889,48.42573248841788,62.66622150483578,1.4216813454821473,0.611077107968471,1.4243536474753644,0.6098377771160434
2025-06-12 22:00:00,20.206568258269726,65.83827512683112,63.747899159663866,26.98091483840338,810.088584073401,82.1950118144446,48.46122266705984,62.81688214192321,20.300130059725763,65.74148512780594,63.747899159663866,27.107698447438217,816.2489160461422,82.05245246852101,48.48575401455683,62.614911495189084,1.4249612361598882,0.6062280659462195,1.4228978583312475,0.6095138865246328
2025-06-12 22:15:00,20.168760193021164,65.85923319514895,63.747899159663866,27.02931743031767,804.5915474983505,81.76995250495536,48.78927552152968,62.7329173929128,20.359766487679153,65.7153319020135,63.747899159663866,27.104741529043558,815.6167425847135,82.04083452280624,48.550775731495904,62.57410916380645,1.4213471367786985,0.613290617856485,1.4209909378290055,0.6089561028090472
2025-06-12 22:30:00,20.12414661204112,65.75668006031326,63.747899159663866,27.017731696274105,817.0320074746264,81.51944661004411,48.72803737955844,62.55901865716848,20.41335242204217,65.6927225675398,63.747899159663866,27.101783513728027,815.1088417966931,82.00615029652722,48.61057717922644,62.54066794306899,1.4165900842993102,0.612654046316214,1.4187716874248915,0.6082737985824241
2025-06-12 22:45:00,20.432267102378333,65.76237271346912,63.747899159663866,26.997392838347764,811.6271678283979,81.87173847849553,48.78855594061378,62.05097244937298,20.464507052755273,65.67009905455949,63.747899159663866,27.098791953349856,814.5428124969704,81.9916736671279,48.66835950279666,62.51348947727619,1.4138305346286884,0.6102609258747642,1.4159423354404448,0.6076891809488784
2025-06-12 23:00:00,20.779746173842607,65.65381443916941,63.747899159663866,27.05148554480907,810.895781081926,81.74535008246174,48.69080420969996,61.87922230430238,20.502301081695414,65.64125948518138,63.747899159663866,27.09396078758897,814.2019591571084,81.96344513946231,48.72469402118518,62.47474387072698,1.4104734191435644,0.6082945305823506,1.4130864681397133,0.6073951285545508
2025-06-12 23:15:00,21.68399412629028,65.61118894146666,63.747899159663866,27.09009856089644,814.8390646317131,82.0148665020334,48.628495105222726,61.6140425163167,20.535685761599947,65.61990930137684,63.747899159663866,27.089862345260215,814.151974189742,81.96325359943266,48.780412667190504,62.44095857846561,1.409112813279806,0.6037909010792171,1.4104239807309875,0.6070824959999661
2025-06-12 23:30:00,22.24717012185623,65.68100544955323,63.747899159663866,27.07124272466893,817.1992529265342,82.37183837863616,48.83599240315788,61.52722188529327,20.56749730532146,65.59741125380914,63.747899159663866,27.089071486735268,813.7578092047246,81.95974221400442,48.8446667857567,62.40874525870265,1.4024216882598708,0.6113565875919067,1.4078367273237304,0.6064601589072297
2025-06-12 23:45:00,22.12901161095378,65.62052864189464,63.747899159663866,27.05846743172925,815.0880596118823,82.34488495129165,48.89607615573526,61.56050587819978,20.604809815853123,65.56770371036004,63.747899159663866,27.08719215107093,813.5235508337722,81.94223954529619,48.90416164378792,62.373838729702925,1.4048417825962758,0.6079145455607107,1.4047522198821336,0.6057709776522988
2025-06-13 00:00:00,21.673417324317214,65.7033405821117,63.747899159663866,27.05295395591596,815.101371345358,81.74162312918621,48.88710552297968,61.72102076112618,20.64202841365069,65.53684660965267,63.747899159663866,27.085445655756395,813.296991291856,81.93711075300199,48.95902580274056,62.40927380043513,1.414301783459316,0.6063704493785417,1.4020123182256279,0.6050232426534999
2025-06-13 00:15:00,21.761219331850093,65.57620411374306,63.747899159663866,27.076724057310745,806.0392122921701,81.73772090395804,49.24998593180352,61.464417927061305,20.694281401071624,65.50418318702539,63.747899159663866,27.08313487740311,812.9750637007068,81.89027989773483,49.01276079698382,62.4506271117157,1.4064270273176769,0.6054942892373546,1.399353601841811,0.6042687983506727
2025-06-13 00:30:00,22.30608700678723,65.4125421963785,63.747899159663866,27.129119010615632,807.4517837222062,81.81673228722353,49.39364020460107,61.37724280399167,20.757391674469183,65.46888383591791,63.747899159663866,27.079350583614545,813.065743039788,81.85676538518489,49.04097878027975,62.47978360139983,1.3947830549586873,0.6055820169638657,1.3969192394451397,0.6035719642361447
2025-06-13 00:45:00,22.765481760670152,65.4254036108296,63.747899159663866,27.17830977870629,806.4370936387866,81.8874968522208,49.50022614970444,61.72337889009364,20.83840290178167,65.43472590310539,63.747899159663866,27.078719243296,812.6920249247382,81.83606517090115,49.049032447800855,62.49253357727223,1.3948815628499518,0.6044877172540162,1.3940518889739784,0.6030282051835925
2025-06-13 01:00:00,22.789573849440497,65.22472349104535,63.747899159663866,27.21111139717979,803.7547474532498,81.95493424657403,49.47697718935496,61.62405016863596,20.91126923481211,65.40727171738267,63.747899159663866,27.077531164128224,812.446226512524,81.81452899743871,49.04229356987848,62.49946089364351,1.3915994369210536,0.6028384930843429,1.3916420282522537,0.6025036450817125
2025-06-13 01:15:00,22.31424590915609,65.14979430116054,63.747899159663866,27.17201144835365,808.6688853940241,81.9088283692124,49.948852319985726,61.53118775195682,20.988062104496734,65.37425887361084,63.747899159663866,27.076949209459,812.2920359919725,81.78723662397893,49.04031849948039,62.51089171937837,1.3846809574784729,0.5988869200257788,1.3888512319887758,0.6017879403108993
2025-06-13 01:30:00,21.62347515514618,65.28272065664643,63.747899159663866,27.149568917346524,809.7087930250966,81.91044386029495,49.91283064805948,63.34569063536136,21.066120258418128,65.33864276383305,63.747899159663866,27.07624496483869,812.0225405933998,81.77986857139311,49.051165600562605,62.51408370120793,1.396860632585018,0.5991413256338946,1.385959811423247,0.6008328754283634
2025-06-13 01:45:00,20.66862441815925,65.35221461770783,63.747899159663866,27.18389796674653,817.1567555224422,81.92133074399031,49.8297893581685,63.27846914215217,21.129762751254404,65.30145252213634,63.747899159663866,27.07546559425656,811.8849198428721,81.76698930897781,49.070321365776316,62.5267308284888,1.3857535987652223,0.5972046312963869,1.3838110313368277,0.599404186950662
2025-06-13 02:00:00,20.81998928030921,65.36470530686847,63.747899159663866,27.17617601335085,822.1829931932696,81.24047434367483,49.333591996539454,63.22237422219027,21.182399142556992,65.26274626382418,63.747899159663866,27.074800776790664,811.6320001935482,81.72437115735637,49.08233777879177,62.51092540300449,1.3732281088944311,0.5966843015820574,1.38158106532645,0.5979882646032281
2025-06-13 02:15:00,21.093611538072302,65.32161344349682,63.747899159663866,27.165190715673788,819.6890096428847,81.80681373498035,49.333362590768736,63.11416046104004,21.238824590213643,65.22030040158039,63.747899159663866,27.07083971511998,811.5185148897782,81.7160081385283,49.0893461605521,62.48728486800123,1.3639993997724944,0.5963066274663796,1.3794224838233,0.5962828449560469
2025-06-13 02:30:00,20.903751933769637,65.19402664876874,63.747899159663866,27.11271527322325,818.5324135053226,81.33869261856964,49.48661070349019,62.87903197972975,21.2842032916093,65.18145507935108,63.747899159663866,27.067738161359443,810.8280909632623,81.71621586256676,49.08867735896549,62.472005709784845,1.3569276056659345,0.6038030291727501,1.3774687099187395,0.5947370230869514
2025-06-13 02:45:00,20.492997370786963,65.22964518143279,63.747899159663866,27.077405675348714,820.6793664771873,81.77879687294636,49.340492934236806,62.757165863180255,21.317334996928356,65.14543875870966,63.747899159663866,27.066162131667763,810.5290410334171,81.69163906017984,49.087266182363166,62.48220601596936,1.3575843465527575,0.598314788390503,1.375223705032248,0.5933912419765625
2025-06-13 03:00:00,19.967547350679897,65.14392423941922,63.747899159663866,27.120773326554104,811.1237338126117,81.86059548951975,49.27852130166063,63.20306439885989,21.339637316673308,65.11213697792606,63.747899159663866,27.063676741708015,810.3567723060919,81.68455802516206,49.099028695705194,62.5017743481568,1.362993582632528,0.5995925443575079,1.3733884086565562,0.5923186609579444
2025-06-13 03:15:00,19.849999432518796,65.03569908130963,63.747899159663866,27.0788140770306,813.933149150312,81.99821413907871,49.08371572040533,63.17770172272364,21.330511527757178,65.08157370174345,63.747899159663866,27.06009726000457,809.9844070300868,81.65612615950619,49.106717088251564,62.53223297662139,1.3574507736940291,0.6018540746894856,1.3711460325605964,0.5915017028833759
2025-06-13 03:30:00,20.2075667234717,65.04928524714072,63.747899159663866,27.057480904763416,813.2757429947213,81.90367492060957,49.1311916536104,63.241394744300514,21.292030873597987,65.04385889606303,63.747899159663866,27.05774565100392,809.521880489089,81.63426489840398,49.10062494582473,62.49252897900617,1.3584330372184932,0.6000694532364227,1.3689784275758148,0.5903830882055475
2025-06-13 03:45:00,20.85390752901441,64.95261772082573,63.747899159663866,27.074549811953776,809.3643157386667,81.13080393619958,49.14746804418243,63.33396518351528,21.23402332160283,65.00849417546861,63.747899159663866,27.0576980846948,808.9923801111818,81.60251239262624,49.097757643341104,62.45166315477406,1.3665831201505163,0.5958005162598593,1.3666553686296294,0.5894976074897165
2025-06-13 04:00:00,21.149972839623207,64.86373713839453,63.747899159663866,26.996848312763152,816.6155940119851,80.99513290146004,48.8367349058376,63.2572081349996,21.155357740046632,64.97063868048318,63.747899159663866,27.056335125338368,808.5208947355892,81.59987005827324,49.10495407099302,62.41129095600021,1.3720462618524214,0.5938126214736634,1.3641077909768613,0.5886620574111927
2025-06-13 04:15:00,21.10679042160877,64.87662949694158,63.747899159663866,27.03395893207193,808.9842623921189,81.59287422898879,48.51452289738873,63.21656401724848,21.046825223450465,64.93402773900632,63.747899159663866,27.055715397034373,808.5059636900459,81.60944380962302,49.101055375724044,62.38702505003176,1.3615186229843266,0.5901543226328646,1.3615680663524252,0.5875948830761095
2025-06-13 04:30:00,20.62564073114912,64.90965398970795,63.747899159663866,26.982642509957053,809.4774862417024,81.57316609157304,48.5152163801629,63.11185934772233,20.91583113076211,64.90002998998932,63.747899159663866,27.054193231347526,808.3895122828536,81.59901637723743,49.10144817522591,62.37024990332313,1.3521212048711313,0.5865769670844566,1.3596295847207907,0.5864012950559317
2025-06-13 04:45:00,20.679158785040965,64.81290870748222,63.747899159663866,27.001714819310376,810.6450038298433,81.53174066510995,48.53626906668351,62.9306473655893,20.781039518395914,64.8648432870598,63.747899159663866,27.052163791668193,807.8557533806282,81.600891579058,49.09265037785429,62.346047891288734,1.3467507815294013,0.579051326631397,1.3580637348734756,0.5851658573284355
2025-06-13 05:00:00,21.015308577094228,64.73188304688377,63.747899159663866,26.973731677874603,803.0312363514851,82.00092790183075,48.78584752474477,62.63229630216239,20.638906759357816,64.83893962379854,63.747899159663866,27.050158229352142,807.5638985089151,81.60797555870138,49.08067056690951,62.319799619818,1.3546094019152928,0.5780925182230353,1.3562658386972697,0.5838038654426148
2025-06-13 05:15:00,21.452851070312843,64.64720427794893,63.747899159663866,26.96161818019944,803.3331804238904,81.5455717097704,48.76822854634317,62.91824980553363,20.491721072724314,64.81401926356186,63.747899159663866,27.05246698796087,806.9463059199328,81.59740303188765,49.048495070845085,62.292881463418794,1.3572179428895803,0.5682164536374293,1.3542563922601454,0.5823830216283106
2025-06-13 05:30:00,21.785659997347512,64.67708737746607,63.747899159663866,26.96097031442653,802.500994593683,80.91646726580117,48.8217150575232,62.34271937739385,20.346460379840355,64.78382035662723,63.747899159663866,27.056538423334064,806.1384760197664,81.59190374081304,49.00579704286806,62.20692964759896,1.3580622558485516,0.563750395523203,1.352209395570845,0.5809246549956834
2025-06-13 05:45:00,21.86152362272061,64.5858573278354,63.747899159663866,26.91048558019716,801.186988385248,81.51906194011329,48.99952697433967,62.02370134281514,20.217799457234477,64.75051191532287,63.747899159663866,27.060471343879684,805.1708532618363,81.5840349174111,48.95900693509429,62.122468266776906,1.3565896916841986,0.5621280284410495,1.350119283692179,0.5795059454491494
2025-06-13 06:00:00,21.485507653910897,64.59132039343365,63.747899159663866,26.924685083457973,796.3192896791468,81.52567833119804,48.70797333196016,62.10064391067673,20.087348057490182,64.72011880367691,63.747899159663866,27.065526998882596,803.8034640342371,81.60863895786291,48.93765724209995,62.030081463470566,1.35797686716249,0.566279390243349,1.34849007771546,0.5780520845168521
2025-06-13 06:15:00,21.42621826194993,64.68188309422663,63.747899159663866,26.95011194759741,802.6556699330496,81.13443440688796,48.74622064254412,62.35698163490831,19.97706305782896,64.69166995291121,63.747899159663866,27.074383012084713,802.4145754951767,81.60214084643421,48.91284204385299,61.945153225705084,1.3464803880339444,0.5698874925630947,1.3476580675368197,0.576760864447042
2025-06-13 06:30:00,21.448815766191267,64.65476101566158,63.747899159663866,26.97692384601654,805.7277192621672,81.53291903192839,49.04367960996082,62.46627226992574,19.878472202151595,64.66721427136955,63.747899159663866,27.08556303931704,801.0285418224454,81.59550560954253,48.88134644349137,61.87014144031318,1.3554145278728107,0.5761171000238042,1.3479961765483908,0.575390349747898
2025-06-13 06:45:00,21.410220458806485,64.69429065598787,63.747899159663866,26.982714109793147,803.6681063515613,81.16191053235708,48.8591468816136,62.5278013702544,19.791359176832994,64.6420915486826,63.747899159663866,27.09913948035161,799.5613665992056,81.57566934999983,48.85574716150645,61.80752327356142,1.3418415304010132,0.5792821588421649,1.3486310196793478,0.5742057450166961
2025-06-13 07:00:00,21.09275049708041,64.5495612791411,63.747899159663866,27.0006944546494,803.3234566965994,81.71600054557022,48.65322813035284,60.33610195683677,19.702529508115287,64.62129326311076,63.747899159663866,27.111724324827016,798.256376573972,81.56486421542887,48.84000079390849,61.734028239253334,1.337393538716423,0.5777981472570559,1.3489006935392347,0.5732681194003372
2025-06-13 07:15:00,20.388785051099035,64.55958702406204,63.747899159663866,27.057040442455666,799.2030482746621,81.39230977795876,48.8100570812266,60.33453115123629,19.620842012527856,64.60463169691558,63.747899159663866,27.125738663359396,797.0005683142704,81.55601208920127,48.83708527383856,61.66643451300745,1.335150014210719,0.5813501240857775,1.3489104687299762,0.5722124094772852
2025-06-13 07:30:00,19.31344987763133,64.56767573254841,63.747899159663866,27.01206517522298,800.9568100775803,81.66235309859702,49.10299835253699,60.50985479791057,19.54742031197823,64.58787872823545,63.747899159663866,27.13926609261795,795.4962780549776,81.5497104335257,48.83339721290911,61.602798448237344,1.33787445387627,0.5813039470228303,1.3488558124359815,0.5714454581837499
2025-06-13 07:45:00,18.505243833964997,64.4778758694376,63.747899159663866,27.05813220819096,805.5912809258725,82.02493344445074,49.13302507373451,60.73644074800807,19.462698146789858,64.57700414166624,63.747899159663866,27.153505878831847,794.1141450447486,81.56848109378498,48.82943464601901,61.541231415304004,1.3302352885845934,0.5734790591848627,1.3489865556113798,0.570888552335131
2025-06-13 08:00:00,18.37626422613664,64.39260972586835,63.747899159663866,27.0834540400101,803.9582415064358,81.50390931565639,49.40542418965725,60.87398840273256,19.37597161753977,64.57149369439186,63.747899159663866,27.16995137731231,792.2684038202719,81.5881128025562,48.82487335478056,61.47141841397446,1.3366286060096482,0.569774376358528,1.3491432729493362,0.5705512890709726
2025-06-13 08:15:00,18.7217333896843,64.36980252294391,63.747899159663866,27.11742658832637,790.4243265720261,81.94375290683739,49.236292228555634,60.99731852906192,19.285562409641617,64.56250613667031,63.747899159663866,27.18647035922872,790.6976524604182,81.58320174982052,48.83219058368623,61.39918098777017,1.3479060674305068,0.5674245854291317,1.3495205936952626,0.57051666125278
2025-06-13 08:30:00,18.525591078297417,64.4476135932077,63.747899159663866,27.150944527698343,794.9991013018586,82.16745363587556,49.1175828610116,60.83660202451391,19.196741192773842,64.54488458580286,63.747899159663866,27.203407251439202,789.0395969762037,81.5641959374712,48.83577336067211,61.333720153181055,1.337662551634873,0.5619787365097173,1.3503540176766953,0.5706482649424341
2025-06-13 08:45:00,17.89867531015115,64.40218349406041,63.747899159663866,27.24127420661532,790.1411077245506,81.5916525648005,48.983587438052886,60.723643059980816,19.098007099622695,64.5304251562574,63.747899159663866,27.221840513409557,787.6139915281522,81.55645568204429,48.84004664724844,61.28017095768488,1.324397564364746,0.5562616055966557,1.3510393932890359,0.5712061170194134
2025-06-13 09:00:00,17.265654368627352,64.37675344860736,63.747899159663866,27.27171197854246,785.4738960201081,81.7454651280566,48.631889808748845,60.76713616076616,19.00063584666009,64.5181424832872,63.747899159663866,27.240531454997416,786.2222449836711,81.54023419485205,48.84587067999725,61.307927505164585,1.3354507319060034,0.5553903266550766,1.3514116927767656,0.5718290088054797
2025-06-13 09:15:00,16.808796739983002,64.35296137857692,63.747899159663866,27.301885583115148,788.1280727845389,81.68526604193183,48.42608612495522,60.74462771749069,18.893712422966782,64.50723692983948,63.747899159663866,27.257747888619477,784.7361224865815,81.54363273682239,48.858943684345846,61.34557513051199,1.3230502424052375,0.5546433449003678,1.3520062688700563,0.5728185415333698
2025-06-13 09:30:00,16.906447287980313,64.45291195748939,63.747899159663866,27.32784566343809,781.16131636529,81.97859555722951,48.69310120670937,60.4507701229999,18.772173207235443,64.48934868710167,63.747899159663866,27.274048050639216,783.3749630831263,81.58301934413028,48.886304285406105,61.40219014270907,1.32435192959286,0.5530684736131396,1.3528091252545151,0.5738627175622927
2025-06-13 09:45:00,17.7850615482357,64.46814792052609,63.747899159663866,27.430871111737392,778.0223534710758,81.611870392119,48.58890664336005,60.566313328075616,18.619960955727997,64.47271890290337,63.747899159663866,27.293561169131852,782.2673234844375,81.59856772968041,48.893920027925454,61.468688392533686,1.3390390944132935,0.5575700253720782,1.3539714602898867,0.5749505495321625
2025-06-13 10:00:00,17.946026263448623,64.46035620251894,63.747899159663866,27.44811609019299,776.9514033233814,81.13963551181975,48.54174269264135,60.62867841797272,18.456701529063785,64.45532910851395,63.747899159663866,27.313811301204257,781.4281279246738,81.5957446377025,48.91633015916412,61.5387577247492,1.3670708760130603,0.5626875881984293,1.3553700831322244,0.5761088700729325
2025-06-13 10:15:00,17.87960661122895,64.47596350082407,63.747899159663866,27.484698906385937,776.6641097799951,81.1837090866653,48.57251447468951,60.87862086062759,18.27255199478174,64.43668923595479,63.747899159663866,27.33288529653782,780.6665561276423,81.60985767648427,48.92723232257569,61.60456981440082,1.3766296404814722,0.5627766464544454,1.3577217400354378,0.57695231227254
2025-06-13 10:30:00,17.302657289148634,64.51997567226395,63.747899159663866,27.498318660816206,771.9740330556061,81.53644145239099,48.8061302737215,60.998213369617226,18.084407589768944,64.42239714264616,63.747899159663866,27.35055053393823,779.8808955314341,81.6200018763615,48.924348876501135,61.67719879412942,1.371083798429131,0.5714637758667421,1.3601034178209908,0.5775890206106278
2025-06-13 10:45:00,17.39937456489582,64.53585209545439,63.747899159663866,27.49924423300207,776.2589013592634,81.73265035225091,48.9962501183079,61.149889935347154,17.91515004717847,64.40006349854617,63.747899159663866,27.367670982126114,779.5366593123787,81.64841619923013,48.917326845121785,61.753434725302846,1.3577440294162773,0.5701827769979281,1.3626242265045652,0.578048599562516
2025-06-13 11:00:00,18.004915706982928,64.54669618673687,63.747899159663866,27.46330378251997,768.1470352159333,81.71462525034264,49.02054982572682,61.33231280119714,17.75592920162342,64.38200872849265,63.747899159663866,27.384024625786036,779.2142089273507,81.67525878774511,48.90853618495056,61.90312687029355,1.356793348398652,0.5770609144303601,1.3650834362697173,0.5785933773902289
2025-06-13 11:15:00,18.312242573363235,64.6263801237491,63.747899159663866,27.5017433983708,767.9003254318029,81.69392374397717,49.02859103747926,61.48695419551525,17.614451985660697,64.36297918546246,63.747899159663866,27.399779873125503,778.9878901823346,81.68149056527974,48.883137983752576,62.0497797924932,1.3705054154124692,0.5790933408012929,1.367620421988696,0.5791373318736424
2025-06-13 11:30:00,18.548176962120525,64.69842372016328,63.747899159663866,27.49021326717691,761.243357277686,81.5840841645966,48.69989616868382,61.16281809511309,17.485197628481043,64.3442616337166,63.747899159663866,27.416694149259847,778.5368850151339,81.69493602199466,48.839384562124614,62.19298942043055,1.3767477819911105,0.5836947235489091,1.370023353362148,0.5798338321652665
2025-06-13 11:45:00,18.394514184664256,64.60700276529553,63.747899159663866,27.52952838956422,761.8617215965052,81.44554264691872,48.7340397645587,61.049441231120056,17.379020177869208,64.32929971167542,63.747899159663866,27.431824636731996,777.9667473338255,81.69181699781696,48.805460230936866,62.32903850815149,1.372838245362112,0.589115488087085,1.3730486750139002,0.5807177217172625
2025-06-13 12:00:00,17.961004225115854,64.38100746368437,63.747899159663866,27.490749276271508,759.73582171527,81.00299172109375,48.62269968973959,61.148034310048544,17.288647386566097,64.31544141887386,63.747899159663866,27.446335459219203,777.5771532942964,81.7095445433216,48.75976625202427,62.465218436161514,1.3771239243141138,0.5905250777740824,1.3761645065469352,0.5817067026343524
2025-06-13 12:15:00,17.717135990506605,64.3791258211179,63.747899159663866,27.554712678421076,767.8768403882927,81.29953300230234,48.66446766397362,61.32417150070438,17.21590358384463,64.30542094847499,63.747899159663866,27.459217024273702,777.5718389774804,81.72096756976693,48.72473501675265,62.6020185074333,1.3673120498996207,0.5957868889407765,1.3793801198213549,0.5827430145764416
2025-06-13 12:30:00,18.09417098821604,64.36340285777834,63.747899159663866,27.5344599255103,761.2788400170538,81.51428328606345,48.96056850720874,63.46499272655335,17.160181471428487,64.29292506964083,63.747899159663866,27.472714761690707,777.4782241240398,81.73098366563906,48.692489739213904,62.75901508516581,1.365778386547191,0.5967792718050218,1.3828328118820528,0.5836285544362332
2025-06-13 12:45:00,18.24514835951371,64.32003767451737,63.747899159663866,27.478111188861316,758.7495055112009,81.64752796888031,49.16041867680114,64.0476785659558,17.13322148974612,64.28601850072953,63.747899159663866,27.484967793837313,777.3361013964453,81.73950279408271,48.68181195887408,62.924622389948404,1.3750552256882922,0.5979024354741347,1.38630838550769,0.5849488221713226
2025-06-13 13:00:00,18.139483525407297,64.14044009533177,63.747899159663866,27.44997517501864,761.6662124900279,82.09806548503809,49.64253308933096,64.04116974330617,17.124440307975167,64.28309304944814,63.747899159663866,27.49738268046952,777.4607573969971,81.74210692933525,48.692892393470785,63.08975624735148,1.3821479473823168,0.5950756763908907,1.389627789976777,0.5860712383633244
2025-06-13 13:15:00,17.29515607749721,64.08696380188628,63.747899159663866,27.4958791349763,767.9578004245848,81.98551350661769,49.22799924992039,64.01864883755381,17.140419328999048,64.28173944010305,63.747899159663866,27.51133616296176,777.5398029390982,81.76297346525871,48.709413719243024,63.252892869338,1.391459742745348,0.5947629875371394,1.3935552675516856,0.5872206252763216
2025-06-13 13:30:00,16.58772485398458,64.069626561751,63.747899159663866,27.532189045630066,771.1434228862374,81.4409855718602,49.38027726912003,64.20272387714218,17.173330166216655,64.27167655556808,63.747899159663866,27.523851973881257,777.7731587856427,81.75028847067854,48.712667444471116,63.44156741210809,1.3999355524326234,0.6010290064664537,1.3976256812679475,0.5886554815934022
2025-06-13 13:45:00,15.901732233488527,64.12268691745163,63.747899159663866,27.522331807604413,779.8085160221005,81.55782557034082,49.0732855448911,64.33134432445674,17.204115327398217,64.26009356832738,63.747899159663866,27.533643138288696,778.2355700891902,81.7557696549038,48.71906555361038,63.63188915124542,1.417030095130346,0.5951907585513168,1.4016742458157687,0.5899406388593619
2025-06-13 14:00:00,15.804483615807428,64.22599821640287,63.747899159663866,27.506880968028756,782.1579013759236,81.83724502824538,48.95717622772423,64.64514166178371,17.245775020927557,64.2512094086081,63.747899159663866,27.544238240890095,779.1249925916434,81.78158206107034,48.72567740450748,63.82062718981829,1.4268648614394024,0.5952183501664414,1.4046983857582578,0.5909902395856486
2025-06-13 14:15:00,16.33249418109221,64.0242813329882,63.747899159663866,27.4963275554298,793.3410197798988,82.01434021841646,48.6484859402331,64.81487930545698,17.29694670832545,64.23937284080901,63.747899159663866,27.55493536984477,779.8967343772288,81.80740734030245,48.73301735136828,63.94223786463987,1.4174657909082466,0.5930695273988091,1.4066871479796759,0.5921274376138446
2025-06-13 14:30:00,16.316125130428965,64.00791817753576,63.747899159663866,27.491303764446982,793.6499451457556,82.52127820101943,48.38950832521628,64.82686630655779,17.36042799021608,64.22423254817163,63.747899159663866,27.567185137804703,780.9072384972445,81.81814517213874,48.726788323731235,64.06406459701704,1.4111698316709775,0.5941414820884443,1.4089886604766693,0.592955408755882
2025-06-13 14:45:00,16.14446857221733,63.9887007331561,63.747899159663866,27.52969786263959,792.4134859241835,81.57926310399785,48.04811104528699,64.7341188172261,17.41827138017529,64.20538679691431,63.747899159663866,27.579698339155208,781.6727608881641,81.80815114875143,48.69969279106626,64.16790917630426,1.4112595857800785,0.5976687585881796,1.4118979326669545,0.5940401539550919
2025-06-13 15:00:00,15.435819162241662,64.00614918017268,63.747899159663866,27.519493459253344,787.4266550615567,82.06571680004424,47.79039570369814,64.80614363603114,17.464279061571556,64.1843941328006,63.747899159663866,27.592817521221402,782.5615537311858,81.80813903322776,48.67164494102515,64.26261062282546,1.409962395079842,0.6021989557715516,1.4151528726967975,0.594817400104164
2025-06-13 15:15:00,15.319920315609904,64.029018208202,63.747899159663866,27.51204683235546,788.4871504866246,81.93136271912033,48.115295138102,64.81791337963622,17.512980249665567,64.16035725892306,63.747899159663866,27.604449643597846,783.3007973400522,81.81016159498041,48.637004874660036,64.3571964730903,1.420994938137146,0.5999957457447471,1.4181773084618698,0.5956907870341656
2025-06-13 15:30:00,15.665080487043452,63.97686094182173,63.747899159663866,27.518778714626304,792.2704203205627,82.03573568079518,48.03460482227924,64.95938624303324,17.563495748374212,64.13971180665924,63.747899159663866,27.61757696858614,784.3689980942805,81.83268427751318,48.61317290419016,64.45929343833009,1.4301035520007033,0.5994438038712264,1.4213140224335958,0.5965034068694911
2025-06-13 15:45:00,16.539419308040184,64.06918841097767,63.747899159663866,27.503873539961297,790.264897067543,82.28644370019744,48.18535517040713,65.10132066721552,17.59823944853177,64.12089849346688,63.747899159663866,27.63157563793335,785.5347110884836,81.84556669601774,48.60147070404991,64.55720353305598,1.444374465663099,0.5985139436918044,1.4245319862424355,0.5972806069721712
2025-06-13 16:00:00,16.853927705813156,64.07273722818286,63.747899159663866,27.55587665020851,792.1906556986418,82.46793651203934,48.15022453484922,65.5464993564889,17.63751693884838,64.10724525476829,63.747899159663866,27.646492901927296,786.6943531754758,81.88320838049327,48.60253550359597,64.65102452172005,1.4412433134558127,0.5885449323034659,1.4276436113745528,0.5980365391214224
2025-06-13 16:15:00,17.089875859680085,64.1949864267212,63.747899159663866,27.60886517101359,785.8774258967152,81.84722641810991,48.663254027858,65.69186220345888,17.6592194819458,64.08987452826459,63.747899159663866,27.65975559003429,787.8699240074541,81.89775981073285,48.6215562184382,64.74611856778827,1.4286647731338662,0.5958696376493414,1.431207341041704,0.598847592597744
2025-06-13 16:30:00,17.002218915498847,64.288989910166,63.747899159663866,27.6441585775086,789.2135760366601,81.82358918563276,48.96430284665016,65.72115188285852,17.67111574429951,64.07428244982962,63.747899159663866,27.674452674381442,789.6687365416855,81.91169634484712,48.64314699582595,64.7722816459731,1.4350328659786045,0.5890628124151295,1.4348534205618493,0.5996262714218599
2025-06-13 16:45:00,17.288167370699504,64.31235309822434,63.747899159663866,27.720490057882444,790.499439047575,82.31126211963603,48.921725898122304,65.63872637708623,17.702838656432213,64.05920691959685,63.747899159663866,27.69024626088514,791.2698858980888,81.91825262071521,48.645503815657904,64.76663187679293,1.4408745696524927,0.5891249522902784,1.438699965472142,0.6005147361620512
2025-06-13 17:00:00,17.893772404508443,64.1510254214402,63.747899159663866,27.703319991022934,788.1619917616246,81.59804571982428,48.79071296355238,66.11100640610296,17.748119694618993,64.05081187905247,63.747899159663866,27.704919931818498,792.8975885426888,81.90351084950599,48.63201543799287,64.75748609989101,1.4464643410807263,0.5961141631255603,1.442170969292341,0.6015473071046292
2025-06-13 17:15:00,18.708616383682507,64.12065830330498,63.747899159663866,27.724606043960545,791.8946925775026,81.77630591887672,48.780849917537786,66.27596550219495,17.81002943439738,64.0417648257343,63.747899159663866,27.716778572399146,794.3763489817608,81.89376815748844,48.65189259725146,64.76208681931196,1.4604960308479258,0.5961247433508686,1.4452956531557932,0.6026762967524799
2025-06-13 17:30:00,19.19581706932878,64.19383141094073,63.747899159663866,27.76596916823509,803.6340783969757,81.91400769681567,48.74009821955441,66.29081957515915,17.87981856592597,64.03571425296276,63.747899159663866,27.727003642870287,795.7686965200924,81.88693452911654,48.66191274289484,64.75428583981663,1.4577950742877357,0.5941756099870297,1.4476926969463186,0.6036179690128741
2025-06-13 17:45:00,19.414757233165787,64.12086646685114,63.747899159663866,27.80561277502609,799.816363347555,81.95846746362835,48.79271288051342,64.52694110527504,17.97246638025262,64.02315292253857,63.747899159663866,27.737166481856892,796.6331280606752,81.89264105146688,48.68082684237003,64.73357415306195,1.4362925071240178,0.5968925873003247,1.449608529383871,0.6047263358892174
2025-06-13 18:00:00,19.20709574586765,64.06576689314238,63.747899159663866,27.865811699614177,802.2891566560786,81.85857640748037,48.61925944460985,64.65301534093217,18.093335769732526,64.00702611259861,63.747899159663866,27.748687583957008,797.4913688629671,81.89536562068534,48.69033705935586,64.69721679112703,1.4401291733389248,0.5963029101278653,1.4509223098790038,0.6059776145580723
2025-06-13 18:15:00,19.134676263672088,63.97047955773492,63.747899159663866,27.87464027351721,799.2245730868485,81.43282965063146,48.18338413835894,64.26522731396409,18.22270421670154,63.99855085056497,63.747899159663866,27.76061948220744,797.9201224897606,81.89315105899335,48.71915604400874,64.64841357884286,1.4450221951248374,0.6027251329742247,1.4521020768121455,0.6073690455272996
2025-06-13 18:30:00,19.385146148870778,63.916916263326,63.747899159663866,27.856879244505866,794.8108205065856,81.71426178463234,48.17911432449348,64.17335619683321,18.362557833095693,63.99240893383288,63.747899159663866,27.771991498948307,798.3177711792518,81.87017789702595,48.75034251247316,64.59656462817398,1.4544415492939402,0.6003782989025239,1.453382963749597,0.6086293304593267
2025-06-13 18:45:00,19.77327821618354,63.9052739074223,63.747899159663866,27.850707069664068,790.0776336977927,81.75460059655714,47.989389046525936,64.32452970346023,18.502808358471206,63.98623191265713,63.747899159663866,27.783791806422542,798.9848516323583,81.88370326223558,48.80149406103486,64.5511977669603,1.4612384883646348,0.6052949487013431,1.454918024123728,0.6098104522197535
2025-06-13 19:00:00,20.063641923379887,64.0790601522488,63.747899159663866,27.884033016825637,793.2893799045385,82.25976464057942,47.98493705458754,64.22572705230665,18.668774193793148,63.98161239976716,63.747899159663866,27.794887392738126,799.9227065773492,81.88011789945456,48.855006226936524,64.50527784602012,1.4708492011429002,0.6080733186086752,1.456291605973066,0.6109980838766773
2025-06-13 19:15:00,19.436825189391083,64.04260336952504,63.747899159663866,27.949488469980643,796.833111422598,81.83201520205536,48.38297376035134,63.986744072896975,18.846677729090974,63.97838429514401,63.747899159663866,27.808194122703597,800.7498808139393,81.86558189929606,48.90325785000786,64.45703360584814,1.4693771596272962,0.6124314911674869,1.4568671353929685,0.6123262208917459
2025-06-13 19:30:00,19.139328934614085,63.971410302726326,63.747899159663866,27.9382671960899,794.5250843250409,82.13224225535984,48.654643676121296,63.962663969970265,19.04604766315331,63.97508158422245,63.747899159663866,27.81985380812837,801.567703056413,81.86042322634579,48.951333565927875,64.3928566327063,1.4704726782776356,0.6132030422516177,1.4569464978713331,0.6135345264246101
2025-06-13 19:45:00,18.36821228342931,63.858004026007,63.747899159663866,27.952593321630857,803.1439653476309,81.7360759094893,49.23508910924063,64.17699288275136,19.23964795115921,63.96599155066473,63.747899159663866,27.83173035946548,802.6011907861189,81.82099723659933,49.000330796519506,64.40067880008657,1.4742239399141577,0.6201184932304247,1.4562195158226519,0.6147285369843495
2025-06-13 20:00:00,18.4510588588273,63.89564050472967,63.747899159663866,27.975372455924816,815.2432160439971,81.93237930949198,49.60829182884101,64.24988507209788,19.428617327609604,63.951793530203545,63.747899159663866,27.84128269206493,803.565532202577,81.80413992784696,49.06487278329463,64.3922176364616,1.4751607721515498,0.6201396365284964,1.45518798413814,0.6160855352522999
2025-06-13 20:15:00,19.19683572349475,63.86777176753375,63.747899159663866,27.95191878397233,806.7839862033026,81.84421624492266,49.23112327175983,63.87818549055072,19.61207328825135,63.930092690719235,63.747899159663866,27.8461923498953,804.5618534003988,81.79945612956604,49.10887255541523,64.37273362705972,1.4904515729970724,0.6245563776798758,1.4545121924895716,0.6170799826686726
2025-06-13 20:30:00,19.49791467101074,63.888588879000665,63.747899159663866,27.89018530301932,810.4972918280298,81.65581234876231,49.23788175937993,63.766796436248704,19.784961511986157,63.900126420937774,63.747899159663866,27.85083963885883,805.351415879337,81.78169018985176,49.143185140057454,64.35617320440308,1.4862780619882818,0.6260528046682305,1.453632089724748,0.6185286154989434
2025-06-13 20:45:00,19.152448270848744,63.81555220234112,63.747899159663866,27.851638352395625,812.320613596742,81.69323274609032,49.824314027677886,64.15667042018214,19.952883597151203,63.86637976031705,63.747899159663866,27.8533260140182,806.2490670759686,81.75953622244546,49.179977760230024,64.34713487122517,1.4852002586489177,0.6286326769726633,1.4527116078884024,0.620058299467331
2025-06-13 21:00:00,18.681398799842324,63.888109378604895,63.747899159663866,27.83894115976446,812.9138490361892,81.23597672070366,49.68088163842174,63.96869449228228,20.111970223222887,63.83517001092974,63.747899159663866,27.854018443992818,807.1921586781984,81.74825500117831,49.21546914318127,64.31634473583875,1.4718468661483834,0.6292791742782773,1.4515942996949278,0.6214868536253787
2025-06-13 21:15:00,18.681166663288074,63.74584700472597,63.747899159663866,27.827216977202504,805.7414622395825,81.72902124085095,49.64070852914679,63.70999372181639,20.26100742284104,63.807399491263375,63.747899159663866,27.85330625304338,808.120776164573,81.72800236827456,49.24710500357777,64.27774966731094,1.4745050682569265,0.6284417648416135,1.4497123760061672,0.622733069660353
2025-06-13 21:30:00,19.430565300204726,63.74219391820392,63.747899159663866,27.852514031032296,807.9051254446786,81.91898210479908,49.24248273729894,63.55442080373649,20.38758186937349,63.77420665282542,63.747899159663866,27.851313903609345,808.483482607785,81.70525432875274,49.288014654732706,64.24008594695528,1.466278276293381,0.6327567102320871,1.447447668868802,0.6240165378226308
2025-06-13 21:45:00,20.21354759016265,63.77002347197908,63.747899159663866,27.854284502942612,806.2036285837053,81.94790336765658,49.51305547981957,63.35078293693173,20.490972418906356,63.74166066767241,63.747899159663866,27.84731219045612,809.0509604351942,81.69073176064086,49.319478156705216,64.2572848199065,1.452858798902493,0.6348124564756322,1.445986847709009,0.625088214418474
2025-06-13 22:00:00,20.51173362225338,63.82366067557284,63.747899159663866,27.832464266673124,805.5794058304934,81.8320833419975,49.32510237914888,63.27139778649145,20.58364889206163,63.711348373129866,63.747899159663866,27.841282164568515,809.4693881412128,81.67874725077539,49.348805938442794,64.26575720033416,1.4495964397945298,0.6319500300492562,1.4444579046113029,0.6260001554363626
2025-06-13 22:15:00,20.351984333482765,63.80339009788395,63.747899159663866,27.88370708686664,812.4258995173776,81.98502406028716,49.582657502137806,63.37311298081556,20.663837241927265,63.680143844027604,63.747899159663866,27.835375179704968,809.8720554915719,81.68045624978646,49.40429944274246,64.28390631042618,1.4573113970040132,0.6331024114009853,1.4425500277395444,0.6265848677432871
2025-06-13 22:30:00,20.414794221899943,63.86756379347317,63.747899159663866,27.852361048720805,815.5623034112876,81.95815591661388,49.395760680748296,63.42854600782584,20.7306736365089,63.65024521870712,63.747899159663866,27.82913125472278,810.5258773552895,81.66536069029897,49.444661587728746,64.2926232075489,1.451169850559965,0.6378279054792654,1.4401434178795713,0.6272540532783935
2025-06-13 22:45:00,20.65702637454465,63.93217506950771,63.747899159663866,27.911248731319585,813.302377584323,81.49528271436441,49.562843830241874,63.37058617447648,20.786587054485967,63.62229234076559,63.747899159663866,27.82243998324049,811.5001717692721,81.65029558914271,49.4835234998303,64.28681695181193,1.438260820734231,0.6398398561968038,1.437517656532442,0.6276590518051983
2025-06-13 23:00:00,21.646178508913422,63.87777961417478,63.747899159663866,27.86856927736968,816.8050875947746,81.88097549228733,49.476876299879855,63.03407704877819,20.83043561724446,63.588718750080666,63.747899159663866,27.812657571158493,812.3118805336702,81.62844419722863,49.52037848624387,64.28948491446008,1.4324844263516463,0.6356929698571506,1.434573076534913,0.6281401235928696
2025-06-13 23:15:00,22.34742794821725,63.79648740424607,63.747899159663866,27.860170080074504,821.2695289587174,81.10366400780326,49.655272088156096,65.33598568862331,20.876781261883682,63.55544061085469,63.747899159663866,27.801256822391224,812.8941704517512,81.61273040656162,49.536929334202554,64.29667462320596,1.4225650042026523,0.634334260483986,1.4316384927951167,0.6281532340803679
2025-06-13 23:30:00,22.523008999324947,63.64679661434728,63.747899159663866,27.84244662819198,821.1208981923849,81.96221724946867,50.08648413810296,65.29266444774021,20.931298537831832,63.52126253667434,63.747899159663866,27.789907356182876,813.5924484385475,81.59239681139434,49.53769684440658,64.30699100870099,1.4102973629204678,0.6292548803419826,1.428783748731579,0.6279604984585797
2025-06-13 23:45:00,22.593554678932488,63.543961242192026,63.747899159663866,27.756154905924628,815.7670618313721,81.70671246968227,49.98324719147608,65.10734192140237,20.995501058779723,63.49175197078749,63.747899159663866,27.777844948214085,813.9296494084214,81.5749698840306,49.5177187861772,64.30034893827516,1.4083910236768131,0.6257030601405194,1.425113440612455,0.6274641401260399
2025-06-14 00:00:00,22.188865627543084,63.3900018167221,63.747899159663866,27.783577246414605,812.9004504048039,81.29061099420416,49.99368038591679,65.22433920315932,21.067038866955077,63.4623376808956,63.747899159663866,27.765182718677586,813.9721304297717,81.54278595460742,49.474291975242025,64.29187506872844,1.4086297830338947,0.6325217973232536,1.4212359042152187,0.6267786443567442
2025-06-14 00:15:00,22.325829925650943,63.299953279602704,63.747899159663866,27.79508131266354,817.4289749465206,81.6466430974475,50.025504503299445,65.36757638174892,21.126743935025768,63.43577035645642,63.747899159663866,27.753876911453194,814.0922536269883,81.52122852026726,49.437280661026655,64.29059046269734,1.4132601145621173,0.6350154713419088,1.4168141866600927,0.6257632584392764
2025-06-14 00:30:00,22.66637118665893,63.21473293982078,63.747899159663866,27.724092890261456,816.4547398285242,81.25960908180971,49.85545445208959,65.1873023445107,21.183217139483954,63.4100051683509,63.747899159663866,27.746111726150072,813.896914033421,81.50212954270523,49.423122107171906,64.2967722301215,1.4129450952764908,0.6389707878669875,1.4119565385273658,0.6245931287738027
2025-06-14 00:45:00,23.179732372227114,63.28754271331411,63.747899159663866,27.703240315477323,819.7532171687417,81.16872693176452,49.729925729432885,65.11811344636065,21.24520720817843,63.38451095938224,63.747899159663866,27.73722484354746,813.9238760248465,81.48119594179119,49.3867002482535,64.28648374385007,1.4040383201851063,0.6335112244001005,1.4068353902715764,0.6232835979396254
2025-06-14 01:00:00,22.99305046530229,63.19804625780225,63.747899159663866,27.706198685213987,814.5152716933306,81.231566511161,49.96738775420256,65.16090796448901,21.308798786184845,63.359078204357054,63.747899159663866,27.72727843581898,813.7924360054292,81.4823841902248,49.345992102193854,64.27278439790776,1.389853860166785,0.6326796548553616,1.4020121763806042,0.6218198495623606
2025-06-14 01:15:00,22.516473719151648,63.14448691226092,63.747899159663866,27.68556138042933,816.8406981698315,81.5227904202718,49.73661793968864,65.04290729381187,21.370530704245347,63.33517424973761,63.747899159663866,27.71586612877855,814.1114510210957,81.46525409481352,49.3069118433134,64.19640614039224,1.392467872330221,0.6290428851756217,1.3971917914281407,0.6203907774440448
2025-06-14 01:30:00,21.98738994052595,63.15639805686589,63.747899159663866,27.684910922986106,814.841987836639,81.49904111151618,49.4990928967373,64.90718675376212,21.435579304477077,63.311326476567004,63.747899159663866,27.704100828894944,814.4669705456392,81.45445018994522,49.268617711147165,64.12192621051669,1.39426088040775,0.6236611406645247,1.3924418892323254,0.6188494703546731
2025-06-14 01:45:00,21.540326759641303,63.034343684667085,63.747899159663866,27.6974307276108,811.304593597623,81.48409962096338,49.84818926734891,64.80970061672453,21.499595479013873,63.287728423962626,63.747899159663866,27.693255894976765,814.7299885776463,81.43412558740134,49.22078848369324,64.05999464005184,1.387785888972081,0.6202665021819603,1.3881619745809333,0.617293520431078
2025-06-14 02:00:00,21.390237986319587,63.019957503711325,63.747899159663866,27.669561495040256,814.425476418112,81.26139500000764,49.38997867408188,64.43486311051458,21.563509178946173,63.260701762361535,63.747899159663866,27.683898173193157,815.0280102549427,81.4118221825548,49.17993674193263,63.99977749522561,1.3822432534947422,0.6204538649557121,1.3835924603901222,0.6157814772055847
2025-06-14 02:15:00,21.45068075549574,63.0666875691763,63.747899159663866,27.64996892519528,819.3064661172708,81.30264756186976,49.15524640957257,64.15034203135144,21.623960588321594,63.23327374701282,63.747899159663866,27.673422412131266,814.9668860814667,81.36508094168285,49.138365255994785,63.934413741845624,1.3824656479507555,0.6174449045054905,1.3781999633924085,0.613961669982331
2025-06-14 02:30:00,21.37909880613464,63.07185243170113,63.747899159663866,27.590560654365877,817.6406428364808,81.60422288315708,49.09058664699474,64.30576593175073,21.657974075019148,63.203654660899886,63.747899159663866,27.66539317347382,814.9186804059214,81.33974730095807,49.10664581241583,63.87554301734437,1.38251180121703,0.6225054722388135,1.3732614535452294,0.6119394247653228
2025-06-14 02:45:00,20.82719452856768,63.044259192745855,63.747899159663866,27.60746600696242,814.3018089650271,81.36060148204461,48.87949919911175,64.20243533527353,21.679015749199994,63.17280697704599,63.747899159663866,27.65441207391124,814.9183098176258,81.32054190832585,49.06018690632589,63.82288378657655,1.3813396474334096,0.6128248057924321,1.3688305639138072,0.6098210103538517
2025-06-14 03:00:00,20.77484721305872,62.94606807731586,63.747899159663866,27.597783209839445,815.4734239289345,81.52223440034146,48.677668982242224,64.27215553482147,21.66457821615934,63.14796565503238,63.747899159663866,27.64411556159577,814.7115177422298,81.2888707628577,49.01277165305873,63.77241639496379,1.3848303563715032,0.6074209735979784,1.3642476049857604,0.6078471080262687
2025-06-14 03:15:00,20.294287911865823,62.97268704940143,63.747899159663866,27.59072108256723,813.2599944438479,81.21326808857681,48.63574736235906,63.97773076997638,21.639514796959013,63.12555459477801,63.747899159663866,27.63621581142851,814.5538971751604,81.29088197183971,48.94638176173768,63.65251028985244,1.3641146963404385,0.6052277432542226,1.3604091721393068,0.6056708314384948
2025-06-14 03:30:00,20.59719310408792,63.01321180797299,63.747899159663866,27.595505569829843,816.5176466845076,80.9668614267974,48.30548750078577,63.9956689856965,21.602631205335356,63.10611690196427,63.747899159663866,27.629831244272005,814.7489297365553,81.2680603809047,48.86590296756568,63.52828219223951,1.3588346802344538,0.5995747634496329,1.3570252258986764,0.6034844195366433
2025-06-14 03:45:00,20.987987765615607,63.070752034358726,63.747899159663866,27.612744567240505,810.387682119793,81.19749321471745,48.12078384529891,63.839647309617206,21.54720001305927,63.0895478517923,63.747899159663866,27.627366222139994,815.2466595302252,81.25788922676848,48.769052888358985,63.4104205109791,1.357800046343299,0.5940948001558349,1.353535496219393,0.6014926555651913
2025-06-14 04:00:00,21.192110804756307,63.115633235834586,63.747899159663866,27.6572297439258,804.6371040210134,81.08284302190152,48.81312514373736,63.95224945897409,21.468839175708556,63.07735967126386,63.747899159663866,27.623909673240533,815.6873818137298,81.26605920812803,48.66702518707102,63.28741141466685,1.3405486180064707,0.5909489147040212,1.3497725923585229,0.5990508763037372
2025-06-14 04:15:00,21.01215033168302,63.0507259332815,63.747899159663866,27.58503187431726,813.1294733395114,81.06522471866897,48.73165826012559,63.84801583203862,21.358442478287998,63.07112863102198,63.747899159663866,27.619571244205712,815.6498176409242,81.24406518303837,48.565690062475696,63.15759288772439,1.3315658109752386,0.5893467519473453,1.3457111756908497,0.5964852662333756
2025-06-14 04:30:00,20.589146140034764,63.12512672784945,63.747899159663866,27.5405489279101,808.9706484536623,81.27162417371177,48.45963725663257,63.5577141140131,21.22656403438217,63.071419576765635,63.747899159663866,27.61714263638339,815.4485764219767,81.25419707579924,48.48286130132632,63.04165563166684,1.3271504494192168,0.585366722960333,1.341601479827658,0.5939908334796552
2025-06-14 04:45:00,20.53312420510305,63.02872836614246,63.747899159663866,27.484847765989585,815.3119127095821,81.21511837851268,48.46830076273305,61.41864599635089,21.078294655884342,63.07235713615337,63.747899159663866,27.615531194891776,815.1268335964133,81.2703358596095,48.40383884889771,62.923305593532156,1.3298935196830182,0.5855696012921399,1.3379196759492327,0.5918165486824122
2025-06-14 05:00:00,21.382023307156636,63.02676072308586,63.747899159663866,27.49955503452401,818.5707111809851,81.59486495875028,48.09365877231203,61.32002290746993,20.927962681747694,63.076054702702336,63.747899159663866,27.61493604973716,815.0371434605128,81.26532819253072,48.325469186715544,62.80060433137089,1.3237812104189193,0.5865174975509341,1.334956417479604,0.5896452224603166
2025-06-14 05:15:00,22.13403282626657,63.06208189384746,63.747899159663866,27.528936485397256,814.0941695439161,81.33816529134006,48.07817865620186,61.49283582298639,20.776967751714242,63.08146046603132,63.747899159663866,27.613533024177606,815.1694031327995,81.24654550984415,48.25371999441798,62.679662500486835,1.3244613593607408,0.588133958767781,1.3316844663628296,0.5875676797071134
2025-06-14 05:30:00,22.429144620222367,63.01286082754012,63.747899159663866,27.55173261316481,814.5200561493865,81.16298119660144,48.09955012633038,61.46488344170415,20.628804816948165,63.089999157000165,63.747899159663866,27.614045291546322,815.2032982277201,81.2443195945661,48.18928243995228,62.567151531094154,1.3125110140701917,0.5865887332844567,1.3285396282174209,0.5856824222226719
2025-06-14 05:45:00,22.165526614745424,62.98054963742259,63.747899159663866,27.569434255009927,810.5921743130949,80.58278683412826,48.33551292400247,61.41220037941612,20.484477660947018,63.103590339076206,63.747899159663866,27.615950902458042,815.4363445816213,81.23819732212179,48.11477785631194,62.460881494689296,1.295536487072601,0.5785081947033753,1.325630060352132,0.5838603135376662
2025-06-14 06:00:00,21.43519882282657,62.97899121008529,63.747899159663866,27.61148388899746,814.1161331449293,81.19814669487033,48.44417737337957,61.66242427278831,20.34420843406261,63.116196059786844,63.747899159663866,27.618258665598027,815.6961854553913,81.23739074631592,48.06596597647074,62.36325164691739,1.3030145551446035,0.5771605489690192,1.3229603930730482,0.5820677419969799
2025-06-14 06:15:00,21.288276599970025,63.00674455389062,63.747899159663866,27.581815744442096,813.2912599354552,80.91912093539838,48.16907664754385,61.79080925144203,20.229182090188313,63.12383651339119,63.747899159663866,27.623569214600938,815.935976488933,81.25074526435692,48.0141272286811,62.272276376992366,1.30533413179156,0.5762874238526748,1.3202625304979343,0.580437190213464
2025-06-14 06:30:00,21.213052517693846,63.1325399537665,63.747899159663866,27.55967390790555,810.6013253328969,80.93084112824273,48.05441870186507,61.52005530039531,20.122612489744515,63.135433195559855,63.747899159663866,27.63210769349717,816.3502271526626,81.25538262667196,47.973492549977365,62.172522908093256,1.2949956585102391,0.5764759000296596,1.3175296496494093,0.5787828289963836
2025-06-14 06:45:00,21.59552537220742,63.12415559661525,63.747899159663866,27.623177575056957,816.540911946632,81.16400027726328,47.66357534852461,61.738802535282645,20.026348378050205,63.15041357614494,63.747899159663866,27.64239586140005,817.034193720623,81.24524076417232,47.946371627886975,62.144306533567374,1.3074120188090457,0.5690459628507631,1.3150940962917512,0.5773127381966853
2025-06-14 07:00:00,21.4165012506153,63.06366582993501,63.747899159663866,27.65090961349669,826.9718750342338,81.27756952141877,47.67212031294299,61.56582151935229,19.920807281056437,63.16851737263162,63.747899159663866,27.653365454395693,817.6743589056747,81.2283829552662,47.92540420094919,62.117132830401346,1.3087789757015484,0.5636625232864406,1.312823603960821,0.576107087236853
2025-06-14 07:15:00,20.9306189106498,63.0468897370328,63.747899159663866,27.682204241964374,830.6989556414677,81.40157784559591,47.07774481527517,61.57149148359039,19.842806341288885,63.1866391594715,63.747899159663866,27.66820998816184,818.4222554900941,81.23206942566323,47.90560552273239,62.09868374536792,1.3036991332983197,0.5659501409969561,1.3117581132557612,0.5750197003488595
2025-06-14 07:30:00,19.83804050702161,63.02435640086904,63.747899159663866,27.67988077943064,826.122118909942,81.53571043499008,46.932849347277966,61.53406631379141,19.764354659522766,63.20113110171984,63.747899159663866,27.68368550954252,818.7388191642696,81.24885918315138,47.9029467816164,62.08731139546278,1.2957426672077863,0.5592684194796348,1.3109784119217707,0.5740402064491384
2025-06-14 07:45:00,19.013929003034203,63.11302207234616,63.747899159663866,27.66492844161898,816.3020497623564,80.98682234475763,46.98545076543934,61.47302057347518,19.686840264172858,63.21444822646039,63.747899159663866,27.69963507194021,819.1231363720393,81.26513756047821,47.88872855349657,62.07394186122892,1.291417614531931,0.5580471692310586,1.310366693119758,0.5732629032201404
2025-06-14 08:00:00,18.710017869484112,63.22346131213066,63.747899159663866,27.65123465559175,810.417503260092,81.5635658646358,47.37059161760826,61.709184662784416,19.61778526314783,63.23099980503364,63.747899159663866,27.713244555504755,819.8216289000623,81.28267326748004,47.8540727445755,62.05789726891878,1.2896542193807363,0.5641378052553762,1.3104797666726924,0.5725565712442893
2025-06-14 08:15:00,18.731651017292336,63.31566949494601,63.747899159663866,27.654897070728985,810.100932401843,81.65289044607228,47.359252156574975,61.5676123023199,19.543249183579242,63.25123870412135,63.747899159663866,27.728867760734563,820.1058374692142,81.30796702087494,47.82246279472478,62.044932736909495,1.2935842038323415,0.5682826804828058,1.3110422811515734,0.5719861745452736
2025-06-14 08:30:00,18.48309124120277,63.3089732542712,63.747899159663866,27.688344330575557,811.8245676163177,81.08133649879758,47.61629788873751,61.47987009965127,19.460684282854416,63.26652459551306,63.747899159663866,27.746891939716058,820.6247259182736,81.30494373685657,47.819549985967306,62.046423801820275,1.300956106077931,0.5675398681924999,1.3121252844242908,0.5716261120374754
2025-06-14 08:45:00,17.98662581814819,63.30665981213043,63.747899159663866,27.64347061364258,820.8084883384353,80.95930993967539,47.58414217076134,61.414652367289904,19.380683881853216,63.28741856082798,63.747899159663866,27.76768713225555,821.089610449001,81.30265648642795,47.81999837759707,62.128726027586254,1.2943093388269844,0.5667166025795256,1.3134457680897365,0.5713048042643004
2025-06-14 09:00:00,17.542501897543538,63.41255878593111,63.747899159663866,27.70027894404765,815.8588406842526,81.4322636531737,47.56596626276666,61.53185767198183,19.278026637789715,63.31014068865037,63.747899159663866,27.78851938039442,821.4882366430153,81.33295712100873,47.82791041007793,62.21511895318729,1.299915736045489,0.5671034161312765,1.3148984053031123,0.5708554443850022
2025-06-14 09:15:00,17.21051207960696,63.44207914694855,63.747899159663866,27.754599054962387,818.2959842146557,81.30043144763498,47.61305175813868,61.62159952457885,19.15904773061665,63.33122016115468,63.747899159663866,27.81057704199096,822.1989081821574,81.33639886210332,47.83505508778655,62.30196106934436,1.300498853013417,0.5656032416317922,1.3166428157805046,0.5705065112620474
2025-06-14 09:30:00,17.18216117978735,63.39812912503049,63.747899159663866,27.73879438923978,822.2207026312141,81.23719772583155,47.92562227884596,61.50596767735744,19.028639071064624,63.35824544503255,63.747899159663866,27.83052094128374,822.5538869628091,81.33337709949386,47.83892356325726,62.38695486721356,1.3021532351222236,0.566676718735121,1.3191026862552226,0.5703606129124453
2025-06-14 09:45:00,17.999890439266828,63.29590117730652,63.747899159663866,27.809285395282643,826.5001971235248,81.70328310309927,47.600083975883166,61.42108393360048,18.88436389301339,63.38582634568581,63.747899159663866,27.84880719384596,823.2789089779993,81.35930157925375,47.82830315969718,62.47968030009916,1.3015297706973394,0.5685283510000116,1.3220308872038937,0.570770864048967
2025-06-14 10:00:00,18.182010792820588,63.41975289676127,63.747899159663866,27.84671502125272,830.0681627483646,81.7433437526083,47.87154628588295,61.31316186477758,18.736261482736936,63.41456039549744,63.747899159663866,27.86487291824684,823.8696425872416,81.36229333734724,47.829045552906095,62.5669394181109,1.3005253757612778,0.5728746357264043,1.3249271117438288,0.5712601629584487
2025-06-14 10:15:00,17.939271177738398,63.49367061029826,63.747899159663866,27.91611104404893,834.8208060038414,81.05634560705539,48.0658715364,63.35594409949705,18.57986130231959,63.442239750554755,63.747899159663866,27.88181409484666,824.466303945607,81.37257507389968,47.8359975829941,62.64689927452196,1.3082730467036747,0.5687220818014861,1.3278576502569177,0.5719648620969459
2025-06-14 10:30:00,17.608614303245638,63.48918197191621,63.747899159663866,27.926870999708807,834.6783794804846,81.01650013315808,48.048646174108576,63.45694443984068,18.424701226752127,63.4648129774547,63.747899159663866,27.900118667608634,824.8689471952766,81.37529715140883,47.84434709575003,62.72590013715137,1.3167155864435895,0.5712514448030099,1.33086895776735,0.5727324175557956
2025-06-14 10:45:00,17.954259718839417,63.51634065459765,63.747899159663866,28.03605709555164,835.696891976431,81.32386220048754,48.04178701585515,63.42425821897378,18.26394823869804,63.48605985828671,63.747899159663866,27.918321156770027,825.2719098715427,81.36873171413981,47.85604006946423,62.803828405264476,1.3321499751886463,0.5726061366144186,1.3339148779160686,0.573502817088837
2025-06-14 11:00:00,18.243642651104327,63.44797007542327,63.747899159663866,28.05977121125024,826.0145569097721,81.47055415144203,48.22572526730617,63.65449848854205,18.110592268389457,63.505023827868506,63.747899159663866,27.93253953258294,825.4280408158637,81.36069139023132,47.86584807055655,62.87709452448566,1.3354436402147338,0.5701899464579961,1.336818727939832,0.5746644209878152
2025-06-14 11:15:00,18.66255590511827,63.4702657765755,63.747899159663866,28.091231439171167,821.9171983528851,81.6858445345224,47.69423700170375,63.43856128260152,17.96509873422263,63.52759254581871,63.747899159663866,27.946033439001035,825.5978485359029,81.36957079644532,47.89096090799371,62.93173400120861,1.3394484822829222,0.570775703285898,1.3399098183180973,0.5756924703433184
2025-06-14 11:30:00,19.12046077400556,63.61218059303189,63.747899159663866,28.065514250862165,825.5918798616983,81.60891423195618,47.77345087610503,63.47091168966977,17.844095206933947,63.54988399107508,63.747899159663866,27.959194198563512,825.8975421202698,81.3704559401736,47.92700670176421,62.98847004649881,1.3439408245945073,0.569758955428483,1.3435488905049326,0.576863180240059
2025-06-14 11:45:00,18.776067944625463,63.65789290591281,63.747899159663866,28.053728031211502,821.6557304140695,81.82403732051618,47.78335976460431,63.45907987176038,17.73580126048016,63.56747137405198,63.747899159663866,27.973759535543262,826.4652530210636,81.37614713676572,47.958707741746835,63.054446893134205,1.348441245341674,0.5722348509768757,1.347344337658088,0.5781180927918216
2025-06-14 12:00:00,18.11219911828988,63.58370346960079,63.747899159663866,28.081274297354827,824.5373019254506,81.18092565316091,48.37225299390813,63.60244606133642,17.647293987236687,63.57921164957553,63.747899159663866,27.98892061038185,826.9440812955426,81.39335699260235,47.97605211948267,63.11967649767176,1.3596405476007292,0.5745648477263899,1.3511468859862141,0.578909152968987
2025-06-14 12:15:00,18.133112175067005,63.65554732559017,63.747899159663866,28.10870354217436,829.2584486314048,81.14650086565432,48.481752511626254,63.88771276933003,17.57429121488917,63.58847021669423,63.747899159663866,28.00152412939656,827.6782596848167,81.38152731211765,47.99451460567744,63.13282576092635,1.3695080296463948,0.5759303680968862,1.354888319613432,0.5795579946659154
2025-06-14 12:30:00,18.302305985251717,63.7084245577574,63.747899159663866,28.12452247869023,830.529497001409,82.50388399617268,48.3310197467379,63.91181067550142,17.532621786963364,63.59926981942498,63.747899159663866,28.013334519912046,828.151127982517,81.39864177513665,48.000422899482864,63.15320088338309,1.3673603268201946,0.5730367011719946,1.358109365177203,0.5801968596466445
2025-06-14 12:45:00,18.5646656110746,63.69446606897709,63.747899159663866,28.190666333293446,835.4143157181813,81.44141752417846,48.29251898746007,64.09809930769808,17.50231426731781,63.61019487256636,63.747899159663866,28.02677790026301,828.5641890870185,81.41933424122524,48.02265606640135,63.176604370217845,1.3767936736825095,0.5776659650791339,1.3618984765185762,0.5810468529781123
2025-06-14 13:00:00,18.51688483366165,63.8236193438759,63.747899159663866,28.150049591948235,825.1694195689383,81.07232831831723,48.21560439045217,64.0146973777801,17.488903550702798,63.61413021833608,63.747899159663866,28.03616846984511,828.7713582442591,81.43204941831446,48.04635700398361,63.180075964309395,1.3863071283117234,0.5822117827963922,1.365562948648628,0.5821307526192551
2025-06-14 13:15:00,17.837271273208273,63.8079766570202,63.747899159663866,28.118021831876472,832.342834768797,81.3605212269256,48.01690081719979,64.19396336598425,17.49208241333182,63.620682760120495,63.747899159663866,28.043339562713097,829.1607780681986,81.46036002897056,48.07526609639104,63.18642384469235,1.3833825155327364,0.5908157287990301,1.3693935989686001,0.5833042915833317
2025-06-14 13:30:00,16.992126514533002,63.84101270443433,63.747899159663866,28.09345562102389,831.8381414221989,81.28789943767435,48.466449169647085,64.28019781314042,17.51735716324108,63.62438559358861,63.747899159663866,28.0513931568127,829.5592503354961,81.48356831599604,48.10615796683628,63.206914153736804,1.3899012913426565,0.5918395162534661,1.3730106860347684,0.5843726537011528
2025-06-14 13:45:00,16.59627118744954,63.83712520561019,63.747899159663866,28.09005104243668,831.1911006864239,81.22757303197191,48.37763755018414,64.18960494377363,17.551993957673208,63.62890854689439,63.747899159663866,28.05622206230187,829.6580448598361,81.48626980454186,48.13812906409021,63.236755512665404,1.3932502871842296,0.597428398007588,1.3765239546657349,0.5853825716050579
2025-06-14 14:00:00,16.558250250670092,63.8097367607649,63.747899159663866,28.10881109076471,822.6806228229823,81.01250345351696,48.304904084542834,63.89008117927795,17.598574383506694,63.626529706595306,63.747899159663866,28.059261626958726,829.7685317357437,81.47683072912967,48.16229824906883,63.27785805512822,1.385334883823202,0.599502563795152,1.3794653428561372,0.5862737529527186
2025-06-14 14:15:00,16.772935730584678,63.76156202157537,63.747899159663866,28.16925224989873,828.629792234612,80.96703715919307,48.014364559950366,64.07665057867595,17.651080223977583,63.62178628448238,63.747899159663866,28.06045353242405,829.8103867772418,81.50002695030781,48.185194690795505,63.24822576483772,1.398789623270602,0.5921579488420063,1.3825662072722622,0.5872420638458028
2025-06-14 14:30:00,16.815822141357923,63.63258491738899,63.747899159663866,28.07746088788406,831.6558033638661,81.03635980416384,47.96636034571264,63.76380509598788,17.701214891835058,63.62000639038427,63.747899159663866,28.058618557418143,829.7862270237939,81.51015788456338,48.21167869829239,63.21723983712777,1.3958944764144567,0.5985106402557882,1.3854090255652243,0.588218293234289
2025-06-14 14:45:00,16.565812885644934,63.72395127553898,63.747899159663866,28.08702143450724,835.7931872426449,81.66796003201588,47.831129938390085,63.21067578527858,17.738390682862818,63.61853427701531,63.747899159663866,28.05348083121179,829.7713461968534,81.52595012959513,48.229755033434124,63.177349918038644,1.3964318446462762,0.596791621662052,1.3879583516029033,0.5892950469211278
2025-06-14 15:00:00,16.207934688361078,63.69309975856005,63.747899159663866,28.07470356630501,835.1129264409459,81.56226474683831,48.01422316039301,63.23614767249761,17.77564756178257,63.62005654362313,63.747899159663866,28.04910817998957,830.2407462903907,81.53829024028406,48.236641002933396,63.13398901695629,1.4049148328128436,0.5943897163818512,1.3907641192698663,0.5905923125718896
2025-06-14 15:15:00,15.76511060942068,63.640643561653306,63.747899159663866,28.10188855101148,833.3333767861693,81.15755824252165,47.93648196491831,63.45232597253693,17.815404625402344,63.618321806266756,63.747899159663866,28.046114177723346,830.8179002793137,81.54548065456544,48.26649159069085,63.08993671952964,1.4052810291265978,0.5956945457839347,1.3935617346566902,0.5919655263240425
2025-06-14 15:30:00,16.054799672179833,63.57566957783682,63.747899159663866,28.106066900749436,824.7823514944643,82.07986153973438,47.89092294968302,63.666072798911,17.844422378009998,63.61041012809067,63.747899159663866,28.043022003177846,831.3417636478517,81.5494161439186,48.29858238952887,63.05613813874996,1.4037306692245228,0.5878696105703437,1.3961484267398538,0.5934128094866763
2025-06-14 15:45:00,16.541567846866823,63.59342650850731,63.747899159663866,28.033002641170214,832.1262840800655,81.29800003153167,47.91312674241808,61.96209019995779,17.8661702403273,63.598787577944115,63.747899159663866,28.039336425711962,831.8123152063702,81.53376266744573,48.32672329198489,63.02794282570059,1.4058272126488678,0.5877479313906567,1.3985582342771563,0.5944937678285032
2025-06-14 16:00:00,17.233008403428727,63.63296133619367,63.747899159663866,28.04265604604004,826.0106165473255,81.59477038936751,47.79354670290045,62.09112377335343,17.89981337792576,63.58591660694664,63.747899159663866,28.033726323841126,832.0832714199827,81.5510674885232,48.340470113340636,62.99523534736334,1.397587472991065,0.5867058176143687,1.4006378792835525,0.5956396500812169
2025-06-14 16:15:00,17.077400228781567,63.63441140637184,63.747899159663866,28.046772024171545,833.2003214734777,81.58008392233322,48.25113717831595,62.11675697233255,17.923646211583634,63.57041524673755,63.747899159663866,28.026676738076283,832.5130087786399,81.57400717888184,48.3363738895133,62.95385557663444,1.4079826790681826,0.5922164025235624,1.402157276318584,0.5969183501689421
2025-06-14 16:30:00,17.140180399093175,63.53061915902256,63.747899159663866,27.98199603151058,822.0739154014739,81.81371896585027,48.276994390234094,61.63600549472818,17.941610087513872,63.553097044255715,63.747899159663866,28.018312296992438,832.9772695055418,81.53803727285461,48.337737916554765,62.906945175046715,1.4098498999470488,0.5996204053655597,1.404140584485526,0.5983073575557559
2025-06-14 16:45:00,17.305877958477524,63.638655400481184,63.747899159663866,27.96973184100219,829.9785789328408,82.14974976731727,48.4803245303618,61.8120359360674,17.956625159526034,63.53724968655489,63.747899159663866,28.00671083305189,832.8247871880878,81.54826229448585,48.328636955259036,62.84839339472724,1.4154183626125774,0.6008094105540911,1.4061501705401935,0.599611619926601
2025-06-14 17:00:00,17.940403677065284,63.50921412907386,63.747899159663866,27.98040221222783,834.1748706501395,81.93344633659615,48.85237839220316,62.1206769486912,17.982333222435734,63.516091454473305,63.747899159663866,27.995850156417994,832.9898002366023,81.57096660124083,48.34137715090544,62.794457821350214,1.410665847107278,0.5987275822697542,1.4078335571943934,0.6007481813129639
2025-06-14 17:15:00,19.038994272230543,63.43158977647973,63.747899159663866,27.95415255995776,829.4640328537247,81.78432775947398,48.55921689350095,62.31632470145866,18.016085919255197,63.49876485090503,63.747899159663866,27.985185491435857,832.9836709385468,81.57745734676928,48.35396796014702,62.72965610330752,1.40692782962632,0.5988258881171652,1.4091927257684087,0.6015919525310324
2025-06-14 17:30:00,19.57942356782532,63.34838768778896,63.747899159663866,27.937901960958342,833.3827690255928,81.46017149024283,48.5966218352416,62.546238138661984,18.05772189359784,63.47837655666471,63.747899159663866,27.975460580668024,832.8080784978632,81.57463154395421,48.35607667774825,62.67684804277103,1.3887670214733554,0.599610076156219,1.4101327786532556,0.6022350095552839
2025-06-14 17:45:00,19.514446391864915,63.35136794691044,63.747899159663866,27.951868208008637,836.0764572487819,81.75223224239967,48.752764788200295,62.46697539078213,18.112356313059927,63.46122903815287,63.747899159663866,27.966084267379912,832.7856872456649,81.58735551979322,48.37428701808459,62.689414527116014,1.4012989791874215,0.5977714085940139,1.4107043521087355,0.6026386549531488
2025-06-14 18:00:00,19.11265433896997,63.435785148972926,63.747899159663866,27.87182174953166,833.9535868770498,81.32042816082496,48.84316639901503,62.52736660854208,18.189198160842896,63.4434315578952,63.747899159663866,27.95700819602376,833.1276574341075,81.59170911071193,48.401685305457285,62.71946737892355,1.4020001352324545,0.6005383264575954,1.4113395397944681,0.6028600545680035
2025-06-14 18:15:00,19.06953344967223,63.472177253528805,63.747899159663866,27.881925309360945,835.2504671682149,81.79762955144008,48.584077070107305,62.227560646299885,18.273247592501093,63.42296623470796,63.747899159663866,27.943417485045085,833.3023904220089,81.60205235548166,48.43445646385967,62.74967850129721,1.408629756319017,0.6049087472195828,1.4117231294167003,0.6033715678064222
2025-06-14 18:30:00,19.361349018696828,63.49363807365778,63.747899159663866,27.928591674583792,840.0965597158913,81.84075747210967,48.43230435228414,62.35367145607161,18.372833572996477,63.40305070184436,63.747899159663866,27.930475531648533,833.3574332376232,81.59902297680982,48.46232169124989,62.77738810610237,1.4196166702236142,0.6091079159808532,1.412324445178451,0.6035669860727072
2025-06-14 18:45:00,19.85526781371157,63.41822365588446,63.747899159663866,28.001411371184417,839.2318180205762,81.90155696296394,48.589754634427536,62.11699235980178,18.489588837007123,63.38006500393636,63.747899159663866,27.9176742290019,833.3199830313253,81.58845375724584,48.484955125491076,62.83081919361076,1.423376943887648,0.6119721158504892,1.4129617676277526,0.6038354664187137
2025-06-14 19:00:00,19.990993352235044,63.37483024774949,63.747899159663866,27.97274901449709,841.30778091784,81.72697891255129,48.73617484124558,62.456954266279496,18.618694320907682,63.35965694983286,63.747899159663866,27.90588077810029,833.2167906801577,81.56380574530674,48.49612888941662,62.880252243631894,1.4215415870894144,0.6131774503074935,1.4132878062773073,0.6042457334901807
2025-06-14 19:15:00,19.42850381414471,63.3092164015161,63.747899159663866,27.94316070723497,835.7722771696218,81.35443302632957,48.62758683828493,62.61322048027912,18.781657699264148,63.341652599230464,63.747899159663866,27.890605558069492,833.0677022718712,81.56150409789375,48.51171544801301,62.91763704840678,1.4207354714607472,0.6046636012316792,1.413248793153629,0.6045114196518243
2025-06-14 19:30:00,19.12149324624356,63.19757433967636,63.747899159663866,27.91297124122981,832.6659883338298,81.70007028548552,48.78465763458071,62.621221711218986,18.949045177661176,63.32205044947106,63.747899159663866,27.874357309606737,833.5170418722454,81.53003054075364,48.53169871753574,62.95185381693659,1.4220298977926151,0.6089413153078014,1.4127289628428847,0.6048907286184126
2025-06-14 19:45:00,18.848097184803287,63.190506519317296,63.747899159663866,27.89721596922901,842.1505693911176,81.83469157641332,48.35886579680583,62.646319647463095,19.127664291646013,63.3011547425306,63.747899159663866,27.862187511448628,833.9419703415782,81.50866260594118,48.55159278680785,63.04040786744206,1.4150899406973378,0.614291370728648,1.4123626886759992,0.6052580884557724
2025-06-14 20:00:00,18.841222263158738,63.188878483302624,63.747899159663866,27.873589246174923,844.4573188084647,81.42478681535594,48.371940557982064,62.504498627869545,19.30185703437061,63.27320149801801,63.747899159663866,27.84742446546636,834.4535958892901,81.49785055968384,48.56163186925543,63.12633624414807,1.4268595718284618,0.6147069227764039,1.4118425708865974,0.6059444845959383
2025-06-14 20:15:00,19.01511777143949,63.21904533795201,63.747899159663866,27.842622415076992,830.8398461945627,81.74816817311547,48.019490148588254,62.34154589811406,19.48276745307426,63.24585033008325,63.747899159663866,27.83190318642944,834.5599768061833,81.48185243640249,48.54809716717525,63.20271104822903,1.4370812553225296,0.6167938362044857,1.4114116681716442,0.6067155655425862
2025-06-14 20:30:00,19.288126720952715,63.18887238142857,63.747899159663866,27.824229292931378,830.1198110243722,81.75345752096683,48.59781025984389,62.39663017646937,19.659830409972738,63.22784705207474,63.747899159663866,27.820541256494426,835.1500143645164,81.48215889877903,48.531712973620444,63.29594130978118,1.4368087279377226,0.6163086243872827,1.4110678077124186,0.6073153554018492
2025-06-14 20:45:00,18.849852177792123,63.28817854997231,63.747899159663866,27.798081882412344,832.1589558271344,81.55524359277871,48.39462509444756,62.24991182470336,19.836214653150883,63.20854120928455,63.747899159663866,27.810595981829376,835.5912205736026,81.44534234668296,48.508904078126896,63.37340531928275,1.4241575727531992,0.6161288653410811,1.4104950514594914,0.6077662604472505
2025-06-14 21:00:00,18.241205744812383,63.22936387722444,63.747899159663866,27.80170829798888,826.5703682016933,81.2031253532225,48.529710697684,62.695955997045765,19.99601447742509,63.190115951035274,63.747899159663866,27.798450642414235,835.8246126869224,81.43259831204823,48.463477097989625,63.43934894188728,1.4181028778880571,0.6111312269810161,1.409811247562516,0.6081556451631713
2025-06-14 21:15:00,18.235303771312037,63.32269965025503,63.747899159663866,27.80876164379333,830.5193631204686,81.60929230714211,48.92394776027413,64.566599474123,20.128060834359918,63.16962158371107,63.747899159663866,27.786987844506182,836.3312396753444,81.42619564358107,48.4266511428388,63.50633867985168,1.41039749084863,0.6095377599435344,1.4093522260323457,0.6086693251283222
2025-06-14 21:30:00,18.86350568415913,63.27581235303482,63.747899159663866,27.836528950080137,832.9397284762623,81.14311118107827,49.12685270572381,64.79166673350382,20.24048659776495,63.1507820357893,63.747899159663866,27.776468364437537,836.5440180401126,81.42483223471537,48.38665296415438,63.563917017474374,1.4043905143951794,0.606144552240794,1.4095532225940002,0.6087989119969263
2025-06-14 21:45:00,19.294418680330622,63.14760232595798,63.747899159663866,27.761530920538583,833.8717818716569,81.27733450228475,48.997499312021816,64.9829842498859,20.328082824261692,63.130111425185106,63.747899159663866,27.765911187426703,836.7539966123211,81.39366773393316,48.34865353526875,63.62041993971141,1.4102973119375684,0.6075033459945686,1.4094850265681211,0.6087737861309672
2025-06-14 22:00:00,19.803401556219523,63.03511893148106,63.747899159663866,27.68920228598746,833.3070878322953,80.94547844400856,48.80231716741921,64.59509324014282,20.41397077918716,63.10608856751069,63.747899159663866,27.75645555076469,837.1928257690463,81.36461658850827,48.30967905146069,63.66976167487727,1.413933949266974,0.604373188244335,1.4088051302974807,0.6087973144981347
2025-06-14 22:15:00,20.068470805964125,63.03438033829888,63.747899159663866,27.702982355108297,834.669681053703,81.35088344509677,48.51013296562574,64.81360841053029,20.485998819985276,63.08223141726673,63.747899159663866,27.74610278210145,837.4780319896781,81.33305412290868,48.271248150138696,63.711669096069045,1.4155515181253282,0.604846032042244,1.4078182941270014,0.6084954358809277
2025-06-14 22:30:00,20.081099205377924,63.080858135455244,63.747899159663866,27.72090003925665,832.017155905922,80.82282438866513,48.34943607815944,64.71913917313158,20.549225853589828,63.05737960325432,63.747899159663866,27.731037332680906,837.6996869601128,81.29974187400514,48.23468870417249,63.75535465722568,1.4146959922994806,0.6066977285258619,1.4062156628497557,0.608186442326688
2025-06-14 22:45:00,20.654011960114808,63.10051304358159,63.747899159663866,27.64363195008757,828.8607245375705,81.08850882013226,48.40407872280981,64.57387011578376,20.609870333993317,63.03364742619166,63.747899159663866,27.711983204179642,837.7938900325097,81.2607511407297,48.19680269675102,63.81275071359936,1.4041106354162531,0.603665130633244,1.4043034744131833,0.6078264555774207
2025-06-14 23:00:00,21.07642402409064,62.98760508505448,63.747899159663866,27.6186194468667,838.262539505695,81.13565482553149,48.49042103536508,64.69257585480513,20.657486367655466,63.00658746252334,63.747899159663866,27.693145814510384,837.8532877230627,81.25690948825884,48.15506499439903,63.785330743368,1.3881357599021948,0.5992488795679936,1.4020108685801054,0.6072422446138602
2025-06-14 23:15:00,21.900141266411957,62.96655530029346,63.747899159663866,27.667908696427062,844.8741381600435,80.65696198715706,48.50994882058145,64.61871171512186,20.70567197790424,62.98591991823768,63.747899159663866,27.676066401673204,838.1865831609243,81.24910401355028,48.102917371627555,63.74575830020892,1.394838987642306,0.5987687265114535,1.3999303557720562,0.6067125086638203
2025-06-14 23:30:00,22.45879068516662,62.79436400081595,63.747899159663866,27.599764666572025,841.3593829786868,81.27040900164735,48.0947191763276,64.66897507453363,20.750012046592154,62.97200781653953,63.747899159663866,27.660219172671486,838.668961207101,81.21740770666769,48.04622224391162,63.71075773500916,1.381983939308999,0.6072977018193422,1.3978731706376029,0.6060972079270273
2025-06-14 23:45:00,22.50471278989109,62.81387636832893,63.747899159663866,27.581133653063947,836.3917489802706,81.10014022389274,47.84509611591058,64.40800109476125,20.800271677002836,62.96312486625092,63.747899159663866,27.645452538923692,838.6105917796028,81.2001964615097,48.008089192362,63.668124926679795,1.3950555976195906,0.6153488309229974,1.3956612568157887,0.6052543942355584
2025-06-15 00:00:00,22.452069106047315,62.99052081876755,63.747899159663866,27.641138133460103,839.7750421514703,81.82291283714692,47.78546858359002,64.43291334129287,20.86941100139447,62.95632787663978,63.747899159663866,27.63389792806804,838.362734767952,81.17804266242273,47.9770314424577,63.636928903432185,1.3995340861702847,0.6176141011434506,1.3926096923888949,0.6043492190876244
2025-06-15 00:15:00,22.59740525382199,63.059480116775134,63.747899159663866,27.67137360105066,843.214765205431,81.04525320443497,47.79605766555529,64.13595622111457,20.947467916003415,62.952528157158405,63.747899159663866,27.621569078521187,838.2658151135795,81.14673566851738,47.95640895247433,63.61523222256388,1.3982356750247589,0.6143365619161283,1.3894299722741679,0.6031477505101557
2025-06-15 00:30:00,22.734398405291454,62.956456381595736,63.747899159663866,27.616042029773443,841.1766340497288,81.55112529755426,47.489568988085175,64.09898562682716,21.01496358487393,62.95175821598639,63.747899159663866,27.611990534562164,838.274127166116,81.12917894822085,47.89882260998715,63.58835089610753,1.3901517301980162,0.6104091237473824,1.3862143160385574,0.6022186893752962
2025-06-15 00:45:00,23.000384980275456,62.81675875675374,63.747899159663866,27.61026862271628,844.6628425063824,81.59224770545936,47.454438238976216,64.32601684039047,21.08700003628015,62.94827138664622,63.747899159663866,27.60505459321356,838.195748154727,81.11618152423999,47.84784965900278,63.564952861284866,1.393157183721211,0.6142362870716906,1.383201659866644,0.6011852022991495
2025-06-15 01:00:00,22.95219646997622,62.78320125013548,63.747899159663866,27.622317558898985,839.7661199686397,81.41926922427159,47.39667647470898,64.27358826734276,21.176095717021116,62.94731115224411,63.747899159663866,27.600094430732135,838.3797365365906,81.1169800825117,47.79982593606633,63.53341995119368,1.3947969183229878,0.603497682214341,1.3803729674196867,0.6004389255492674
2025-06-15 01:15:00,22.14233318676727,62.73124962878509,63.747899159663866,27.6351528976836,842.3758144150399,80.81729721893313,47.61278192163137,64.16206305789339,21.275026449529097,62.94100350767588,63.747899159663866,27.594730413483557,838.3167703793075,81.11143260609944,47.7339501444051,63.43375863153021,1.3992530984110545,0.5970176326152422,1.377643406283237,0.5996674804866248
2025-06-15 01:30:00,21.68929298673392,62.715099418740245,63.747899159663866,27.5881526496713,847.1184615788021,80.44889379807854,47.673931884773246,64.00761866351787,21.367669117660675,62.93626221048152,63.747899159663866,27.588518157304527,837.9786414728235,81.12308541097705,47.667991951112256,63.33769252399191,1.3816032471132365,0.6012441774726182,1.3752497322995778,0.5990368986241279
2025-06-15 01:45:00,21.23037467361568,62.75646274621013,63.747899159663866,27.57134224946377,843.8066537871734,80.85075558345251,47.43115003044725,63.48478328205287,21.47616994616983,62.935306500286416,63.747899159663866,27.583840112003777,837.4336140049671,81.1090981328072,47.61037931554434,63.24060300682599,1.3790246712046423,0.5958523887033752,1.3729194245843301,0.5981555967506483
2025-06-15 02:00:00,21.258160026833504,62.74808365328552,63.747899159663866,27.476628191967496,846.746208828928,80.8413900050032,47.33552097329805,63.66423829077085,21.568956723112777,62.938410487526774,63.747899159663866,27.582438001626862,836.9875773926976,81.10799228214267,47.560889312963546,63.15480291199235,1.3715377319062434,0.5998381093536636,1.3705344035312763,0.5973814801779515
2025-06-15 02:15:00,21.67460222581609,62.70625834400448,63.747899159663866,27.42978751614641,842.0579101924837,80.73183496470057,47.45317441178361,63.83887405101198,21.64706724940082,62.93832865508258,63.747899159663866,27.580692926914594,836.5127262362449,81.08654178620205,47.522521266680265,63.056106709154776,1.3660112907904736,0.6011725133724669,1.367660558334116,0.5964754128841329
2025-06-15 02:30:00,21.41947436209964,62.56303133769989,63.747899159663866,27.407627324419405,843.089711634433,81.61172933842589,47.48404377068564,61.63435515933883,21.705586732076476,62.93760536468197,63.747899159663866,27.579752378642556,836.3323562993999,81.0769581440771,47.49406697975532,62.96415610981705,1.3527634120970753,0.5956511214006797,1.364504760074008,0.5954583952212535
2025-06-15 02:45:00,20.874072121607952,62.68919007294622,63.747899159663866,27.43077832211956,845.7711403054648,81.12026878507267,47.06315815514087,61.42604718550684,21.728719512998453,62.9350238960423,63.747899159663866,27.58149293023316,836.2820171221537,81.07253541573459,47.46901726435255,62.87620081548682,1.3583200872192691,0.5887715227304852,1.3619004934967773,0.5945361516500421
2025-06-15 03:00:00,20.451695306880943,62.780211288732126,63.747899159663866,27.43755437117824,847.1373297191333,80.74918107900753,47.08380380310255,61.57120475522625,21.743114182719044,62.93694669396978,63.747899159663866,27.584618535440413,835.9986865191728,81.03628407600031,47.44101177983784,62.773747929990954,1.3603143437590222,0.5904822932040094,1.3596513587472292,0.5937765209901684
2025-06-15 03:15:00,20.35588609712363,62.92401801065899,63.747899159663866,27.45421695679533,840.3994865661722,81.31835422167376,47.21487425031722,61.36733539758223,21.731413589737073,62.93918066791805,63.747899159663866,27.58665857412905,835.5909927571252,81.05136482820187,47.411967120501124,62.67072096291678,1.3487325260429102,0.589006959984577,1.357312408183576,0.5931393102558483
2025-06-15 03:30:00,20.915401994907832,62.98496879496845,63.747899159663866,27.526950920505243,837.0216084589428,80.76017284274704,47.44020806085317,61.56861793044114,21.69068367434662,62.94650238806649,63.747899159663866,27.593701244661514,835.4937716888267,81.04526370941242,47.40303297748635,62.569937230448765,1.3353126390216454,0.5875516683383896,1.3553057970009639,0.5920634721739874
2025-06-15 03:45:00,21.356825209707885,63.10505375351062,63.747899159663866,27.47275692867142,827.932256563382,80.80895835595537,47.40081544908677,61.69064547206467,21.622320947132398,62.95738287794766,63.747899159663866,27.60275974172509,835.450809753153,81.04994296048173,47.40307492313403,62.475881730070306,1.3416896518807229,0.5807497788804258,1.3527382020928038,0.5906108004606252
2025-06-15 04:00:00,21.312996787068062,63.165774146268106,63.747899159663866,27.536872974160715,830.3691726004703,81.22675591207027,46.870219985228815,61.59019038277897,21.5360542514445,62.96595983491984,63.747899159663866,27.611572728710676,835.3164406052906,81.02639751721603,47.402870150049985,62.378746242240204,1.3403390408694036,0.5884367903414912,1.350148478021389,0.5890949064790554
2025-06-15 04:15:00,21.010945719978714,63.18357366976719,63.747899159663866,27.59000364195425,829.8075854854608,81.16532087335325,46.865436564916486,61.54797078002343,21.41911690728471,62.97248750272346,63.747899159663866,27.619366248410326,834.7875104807863,81.0530603938507,47.39459445694719,62.29315829922904,1.3337778875957962,0.5851242530566851,1.347732102773885,0.5874245272846071
2025-06-15 04:30:00,20.914076167041497,63.200556845161294,63.747899159663866,27.652903423546014,832.0900196576071,81.22708210137415,47.08899900959056,61.74996869431006,21.292555285886703,62.97984708193088,63.747899159663866,27.630457277118165,834.4147093751293,81.02852304625625,47.40322825416088,62.27468360678985,1.3332421044793503,0.5887429244845489,1.3453801162615604,0.5857495327212316
2025-06-15 04:45:00,21.203225746551453,63.133470313207965,63.747899159663866,27.647841126336104,828.6303784019764,81.44286801477378,46.94767401043717,61.57675988421899,21.154142215520455,62.99310197664745,63.747899159663866,27.641410156736683,833.8320216856358,81.0036013838459,47.420439278335955,62.24722334338564,1.3285106567551304,0.586394408064259,1.343142179551737,0.5836896409596346
2025-06-15 05:00:00,21.642785728106347,63.133573437203886,63.747899159663866,27.650161264709237,822.7958612817351,81.49269532740719,47.14810690693852,61.90968350735496,21.00903952491326,63.005292306702266,63.747899159663866,27.652607438697903,833.488459084935,81.00870759017502,47.43864464736169,62.23669441267759,1.3325802948854042,0.5872270963658839,1.3412376762557205,0.5819258261525471
2025-06-15 05:15:00,22.5494435356054,63.11893102010508,63.747899159663866,27.62118956151602,817.5209578359704,80.85771615718896,47.26912024498436,62.07029873490847,20.8670847623711,63.0204461097596,63.747899159663866,27.66450409918536,833.053699537586,81.0150986046993,47.453057606290095,62.2323123132132,1.3403880804801385,0.581064289790181,1.3392910229135382,0.580264500866354
2025-06-15 05:30:00,22.58700486450799,63.12823854869176,63.747899159663866,27.647138974679933,819.9259894642084,80.91230292407255,47.31761708999543,62.02109039513345,20.72551369745669,63.03281520812074,63.747899159663866,27.68081137792873,832.2287821840586,81.0358980578119,47.469733728415555,62.225931463411385,1.3423833176753577,0.5811496910634307,1.3378777074031725,0.5783311014877962
2025-06-15 05:45:00,22.41178659460529,63.031925364973,63.747899159663866,27.650630113740405,820.4241463601205,80.70736856687816,47.35909157712712,61.852722325402986,20.585001345969737,63.042966324388665,63.747899159663866,27.697391236357007,831.5157521155495,81.05429228596222,47.47785000308234,62.234855410545734,1.329336162210518,0.5776640132276896,1.3365441448323174,0.5764764993245989
2025-06-15 06:00:00,21.836683685647603,63.059159423437,63.747899159663866,27.692683591095413,826.606057800575,80.53531512491688,47.495807470411165,61.96062119299975,20.454684022216032,63.05571957715889,63.747899159663866,27.718259344255248,830.9913814722071,81.06605786538462,47.49300013576312,62.22942068990657,1.3200220444962405,0.5761871986394809,1.3351072446669954,0.5744942394246912
2025-06-15 06:15:00,21.347995387774112,63.02306898439159,63.747899159663866,27.69584849780581,827.3505492201843,80.9558269698568,47.652587260726776,61.93521128587673,20.334620776077035,63.0712336506575,63.747899159663866,27.74244807086751,830.4699338328021,81.08354705125602,47.50268950824123,62.20628714285988,1.325982638099338,0.5759978234969036,1.3334707261374334,0.5725071989855318
2025-06-15 06:30:00,21.508264115708343,63.045289022878855,63.747899159663866,27.7123876030841,829.7626214162643,80.04811463350255,47.650256499923685,61.61898928992934,20.221883290207998,63.09270354337117,63.747899159663866,27.767105571760105,829.8358853635415,81.07762805213741,47.52005872082855,62.266720803978416,1.3206617174157471,0.5764599597717809,1.3325200209402948,0.5709092893987954
2025-06-15 06:45:00,21.549123476952897,63.03357451874164,63.747899159663866,27.729109857086257,832.6433252986203,81.1093845532043,47.63860904047999,61.527902702896725,20.114734064469637,63.112033120527556,63.747899159663866,27.789931197490127,828.9253229931581,81.07330676001824,47.55612138121844,62.338632590162135,1.324670470732711,0.5796524044818469,1.3316170527839255,0.5693394736793045
2025-06-15 07:00:00,21.236893223452988,63.01401560526912,63.747899159663866,27.811044782545864,838.4427509297268,81.0873754379641,47.82669488588442,61.64546310049321,20.01867875571791,63.12978814672794,63.747899159663866,27.813268762348237,828.0418617322438,81.09491610152519,47.59336096830859,62.406404555189745,1.3217856038306397,0.5750225593635155,1.330497150075732,0.567772435907899
2025-06-15 07:15:00,20.453830973464424,63.14029106476396,63.747899159663866,27.852888564971337,835.1028909100629,81.24051775597158,47.84635448534107,61.58633608340731,19.92631662655596,63.146043980608646,63.747899159663866,27.835495449979465,827.5281348307058,81.09985679785504,47.62582699515474,62.474179037240354,1.3180277503747857,0.5717686795221344,1.3299112022543442,0.5663301448007878
2025-06-15 07:30:00,19.8640682354104,63.24782952793284,63.747899159663866,27.905527743027687,835.7439677155958,81.11654953917578,47.7793253910686,61.51884870638972,19.83340612147663,63.16006233517861,63.747899159663866,27.856700779879702,827.1287274566652,81.10576336219752,47.645516187023375,62.52766812845955,1.3218423640278458,0.5721372816963547,1.3303820808327953,0.5651475762026525
2025-06-15 07:45:00,19.08928492902831,63.25531015088378,63.747899159663866,27.905179192040254,827.3468614703021,81.84513950347505,47.54778687247144,61.56831793077984,19.743543076315852,63.17128877491726,63.747899159663866,27.879303191399085,826.7273222155114,81.13255294667485,47.67405240355533,62.584410070725404,1.3257444175996362,0.564225186082682,1.3311418430959976,0.5643675241422946
2025-06-15 08:00:00,18.937549763351264,63.17724375781849,63.747899159663866,27.94877289100849,829.9926008800209,80.81500486972138,47.74858290449573,63.5447448536514,19.65864514878375,63.17757280079373,63.747899159663866,27.900610312726567,826.263547747576,81.14227116866735,47.719645936169144,62.641010798715456,1.3195921348282709,0.5601592868461134,1.331463349469375,0.563366042266906
2025-06-15 08:15:00,18.84799286928801,63.21440559825065,63.747899159663866,27.93885501127179,827.1822118215792,80.84459783314841,47.97076896422864,63.50220893826442,19.573917913088312,63.185762523815846,63.747899159663866,27.91760549284958,826.0966721927359,81.15491296872702,47.772282202872574,62.692255122354226,1.326019082426518,0.5524395342237802,1.3323956255863039,0.5627258946625895
2025-06-15 08:30:00,18.599115751760365,63.14891115178007,63.747899159663866,27.95823601773567,829.459241947616,81.57245541414574,47.9428375454812,63.957720346101055,19.476729102828642,63.19997068838014,63.747899159663866,27.93193168832937,825.6985465642834,81.15504274237922,47.83091868288361,62.75258100225724,1.3376618194424923,0.5505832380017186,1.3337584745121034,0.5618499070684595
2025-06-15 08:45:00,17.88369031050232,63.185863720504905,63.747899159663866,27.99205271230734,829.3330279945684,81.00902765466162,48.04517068948321,64.03060007396158,19.373110920230854,63.21998638413163,63.747899159663866,27.947237569100704,825.573902210744,81.15905243646806,47.8951587902162,62.8244723282636,1.3408534981455795,0.547177874029448,1.33545454102481,0.5608828678692327
2025-06-15 09:00:00,17.44216103930181,63.08617236957453,63.747899159663866,28.07737101197241,822.3709409729794,81.07287739145642,48.174215548537134,63.81619316946343,19.2571117401481,63.237852075138264,63.747899159663866,27.962833766559307,825.6692441216758,81.15628624264853,47.950897446885584,62.89339813409515,1.339203781802269,0.5432421961158866,1.3372086804380119,0.5598734190973349
2025-06-15 09:15:00,17.015004129007096,63.060996234248144,63.747899159663866,28.06873800231197,822.415751731903,81.40258242796129,47.67463827045061,63.752501696083606,19.115116240615524,63.25781064277878,63.747899159663866,27.978535659496604,826.0223427050083,81.18964770101529,48.008256209002255,62.95442082445007,1.3390177940789882,0.5402143238074527,1.338628683587537,0.5591522261361528
2025-06-15 09:30:00,17.34864031422228,63.130681236392086,63.747899159663866,28.102671428914647,831.0150895286519,81.19435738767535,47.79002495372155,63.50119667159579,18.96829713819515,63.27333742036595,63.747899159663866,27.992285942498054,825.9959040791301,81.21711351946205,48.05712863077469,63.0249779346415,1.3284307269465798,0.5403703123564346,1.3398819034975342,0.5586620435390939
2025-06-15 09:45:00,18.072704841646235,63.17168054896268,63.747899159663866,28.155449314514463,826.4144810103363,81.25651054084236,47.74385558612702,63.14486763961129,18.807953616521797,63.29377477272446,63.747899159663866,28.00811621358073,826.0446440373237,81.23772753895456,48.10380797513123,63.09771957676866,1.316915734903618,0.5415613001976859,1.3420606381458717,0.5584003847594783
2025-06-15 10:00:00,18.037349786028503,63.2071281191101,63.747899159663866,28.147352351197156,824.0682575566115,81.43415936486824,48.00512014830544,63.44736499289499,18.643444877250605,63.31503202058861,63.747899159663866,28.02065851868356,825.7620504568666,81.25563846588071,48.136683768062774,63.10878047637968,1.3242422561829164,0.547713833798587,1.3442687368317943,0.558100055809606
2025-06-15 10:15:00,17.659595349457053,63.26907738763773,63.747899159663866,28.11554709402023,818.4542691939687,80.99063002149747,48.1450379668374,63.5834007710183,18.480903664723794,63.33643978990607,63.747899159663866,28.031545078798544,825.2973162342605,81.26977415306192,48.15214987272032,63.11742171171219,1.3312310425281888,0.5416770511457559,1.3464498178430515,0.5577029496862741
2025-06-15 10:30:00,17.570036044329232,63.31286207474367,63.747899159663866,28.13768131692164,820.6334918917034,81.39746132421593,48.2009914158069,63.60436370605464,18.31823841071981,63.35445120608384,63.747899159663866,28.04118336653115,824.5562213554803,81.31299136358662,48.15819822316071,63.132153246612994,1.3267172625132213,0.5434711600618444,1.3490520317263686,0.5574511487416295
2025-06-15 10:45:00,17.58502222226519,63.411693027080105,63.747899159663866,28.12101758573207,824.9876795200305,81.46657511156982,48.18885505570184,63.4005698591003,18.147174222272405,63.37725067723543,63.747899159663866,28.050011508045785,823.8165141260328,81.33101161392422,48.164655874527995,63.16113321436907,1.331154091401274,0.5457382267712467,1.3519650957978653,0.5571153999826609
2025-06-15 11:00:00,18.12808684252797,63.40551943206735,63.747899159663866,28.16311081751235,825.0393872377227,80.93736977302109,48.03088381691214,63.17329066701711,17.983444369896976,63.39828713561418,63.747899159663866,28.056870411967957,822.9493321080115,81.34170558615057,48.15600685001099,63.191307403008935,1.3494389963751765,0.5520746103943276,1.3554838720104239,0.5569368170240635
2025-06-15 11:15:00,18.660933854884377,63.441846945670285,63.747899159663866,28.15082927425301,815.890099328774,81.61264589027466,48.25690194504548,63.39290374004037,17.834856309118152,63.410529687977245,63.747899159663866,28.063387918043183,822.2137691947448,81.36605083448026,48.13719505553317,63.21844786037453,1.3644825197767831,0.5573482170696886,1.3586320895827102,0.5570351180516078
2025-06-15 11:30:00,18.7660589611051,63.354294922562126,63.747899159663866,28.176086613985078,816.4559385624055,81.5183025718456,48.238025963643146,63.28821222248035,17.690930148058793,63.41731715056705,63.747899159663866,28.06959946132135,821.6516184645424,81.36766510781807,48.129941604586286,63.262309113499,1.3499842320707418,0.5583923340798315,1.3617779927345501,0.5571254593385416
2025-06-15 11:45:00,18.469128649115508,63.42926536043083,63.747899159663866,28.0998590456447,824.8013188402558,81.54457487514317,48.44452456601952,63.08530048918661,17.57370755196485,63.42733121175338,63.747899159663866,28.074917559432524,821.4682491212807,81.34582338092079,48.12769140559567,63.30142643815914,1.361746171103658,0.5659198249271893,1.3648844111175096,0.5574669647042604
2025-06-15 12:00:00,17.998411859251334,63.62680178209011,63.747899159663866,28.08268928793971,820.1462508040344,81.23097531094015,48.8480934099216,63.55974509140042,17.478837628777697,63.44204499224587,63.747899159663866,28.077738111861333,820.9815458108264,81.36413442943125,48.12277783381996,63.27085742270036,1.3741275722533337,0.5624632966606509,1.3682686832476867,0.5578722274000246
2025-06-15 12:15:00,18.094680268617832,63.733941185752464,63.747899159663866,28.10701754947608,824.8910477957891,81.56315883743926,48.87487723041494,63.733499664409926,17.41485697621221,63.454201796759904,63.747899159663866,28.08145766401444,820.5895419159461,81.37619708321517,48.11735061055074,63.23028639566651,1.3793926521363336,0.5573832320874555,1.3718694834527636,0.5586825431948385
2025-06-15 12:30:00,18.16281032562384,63.66954416740312,63.747899159663866,28.11804718846728,825.6561186096906,81.40970951282124,48.82026660701992,63.97745768230134,17.37848048325158,63.468260200948244,63.747899159663866,28.08509427302848,820.2052839664198,81.37579433089617,48.117656498142495,63.18728016547844,1.3852044772814598,0.5569436332089538,1.3750763325018165,0.5598495135191637
2025-06-15 12:45:00,18.289578549627997,63.7176880493204,63.747899159663866,28.092246349634955,828.1139153359491,81.85855990819184,48.98988310848448,63.90097944555604,17.36440939711842,63.48232232254099,63.747899159663866,28.087070613953962,819.8219511137191,81.40235691222561,48.11618243300244,63.13719772146037,1.382988174965889,0.5594285009547166,1.3779361650594284,0.5611597406194806
2025-06-15 13:00:00,18.18243179189675,63.594041876306896,63.747899159663866,28.05964746472349,819.132830687861,81.73627747747516,48.78378974316838,64.13780370087643,17.36873843401173,63.49788158861568,63.747899159663866,28.08431281780978,819.7968126354147,81.42344104098744,48.09752331685983,63.10162577745989,1.3799799149752685,0.5664442131516604,1.3808544918718368,0.5629979763384578
2025-06-15 13:15:00,17.601480944404784,63.64504593572838,63.747899159663866,28.12553824622076,821.8863451059295,81.32578915165371,48.75947190782364,64.03497158921778,17.39486796588239,63.509144513417404,63.747899159663866,28.081041368465197,819.8458435377012,81.4359138534854,48.0946822368305,63.06432100562062,1.3946982016606504,0.5698142498392229,1.3838576212163505,0.5650548046246305
2025-06-15 13:30:00,16.901421507511863,63.69687685936126,63.747899159663866,28.068952744180223,818.1282503868647,81.07264293270099,48.48208125835722,62.29244818133032,17.432640911806338,63.52574701445789,63.747899159663866,28.07647033759821,819.4091949004286,81.45296662895628,48.09107482282416,63.047107693466515,1.3862650050739134,0.5671773301433115,1.3873417661081058,0.5670473639064321
2025-06-15 13:45:00,16.471759011969795,63.66530206391565,63.747899159663866,28.022445301255267,813.4085225419982,81.3798975852933,48.11657040045318,62.1944483458521,17.47239919987664,63.54139134446664,63.747899159663866,28.070827160911865,818.9288660467383,81.45283429329535,48.092758607137576,63.04203654147167,1.3914150684370572,0.5640846397969455,1.3909571166127876,0.569054128925417
2025-06-15 14:00:00,16.628306495588802,63.58563150821189,63.747899159663866,28.00153623506244,807.5297750528568,81.34463094924355,47.83170701313546,62.06093533695335,17.531866426573398,63.554761379213346,63.747899159663866,28.064184453764106,818.4421739619521,81.4546748592085,48.09171595390934,63.02880722666296,1.3987281339152562,0.5689059314324457,1.3945983042347998,0.5708513796524916
2025-06-15 14:15:00,16.4171978235307,63.71755865328912,63.747899159663866,27.993954102525223,810.4521084151928,81.64999206333233,47.83233858149863,62.39730173557911,17.590443599986532,63.56757647157331,63.747899159663866,28.057031981024945,818.053488971867,81.48824207065941,48.087698015242864,63.00834286726445,1.412062392877616,0.5695799417127854,1.398611686022399,0.5728500433725149
2025-06-15 14:30:00,16.324997652190074,63.64510935663191,63.747899159663866,28.016811900210936,812.4272903890885,81.40819460475466,47.56722415037445,62.5506887596888,17.639604735219013,63.57650267302418,63.747899159663866,28.04921746485603,817.8225196003807,81.48785355221426,48.086618084088016,62.981987952910394,1.4273488902073994,0.569665070605597,1.402432269494068,0.5747434799482499
2025-06-15 14:45:00,15.996189150099765,63.50756763565566,63.747899159663866,28.048413747228143,813.036003512067,81.97087520586219,47.28200065100616,62.40054980437531,17.695363858930527,63.58289503860364,63.747899159663866,28.03888857451245,817.5106225365461,81.48566090851085,48.07253239342892,62.953598673076065,1.412474277543373,0.5747177103484595,1.4057330090165538,0.5765299608517241
2025-06-15 15:00:00,15.546283403629747,63.45145340562697,63.747899159663866,28.0918740413728,818.8794458095217,81.16497773930988,47.56172186266216,62.83468630012396,17.74295087977724,63.5926884684175,63.747899159663866,28.025718887648836,817.3869414884037,81.50538225680151,48.059009037745106,62.94528353399383,1.4162194585830408,0.5748475203043718,1.4084125209320684,0.5783166213243791
2025-06-15 15:15:00,15.572607046209963,63.55573198647375,63.747899159663866,28.06472213537533,821.8457811724513,81.1898876965569,47.480280902753,62.74183767058404,17.788758445272702,63.606072040800285,63.747899159663866,28.012939398486846,817.4301959761716,81.49163485887138,48.03878354023466,62.93127826537615,1.4189369690884246,0.5744703470542432,1.4105497198920542,0.5799314062850145
2025-06-15 15:30:00,16.091452067736657,63.61865717259309,63.747899159663866,28.033389463872854,815.3915015663949,81.36433632503505,47.60117575122421,62.627674389887865,17.832767570718474,63.621054484307116,63.747899159663866,28.001138472869904,817.477763556076,81.48692949728213,48.015716710213134,62.9871878356043,1.4211202987335805,0.5723171677190445,1.41301938209208,0.5817717578454651
2025-06-15 15:45:00,16.92857329232334,63.579109733671935,63.747899159663866,28.050441575864976,815.4220949751694,81.20647744666634,47.80795226615216,62.28507812724887,17.873398498596867,63.633238279501015,63.747899159663866,27.99190907540692,817.2530915081791,81.47074436752155,47.989425587334715,63.04289752446923,1.434043088578823,0.5767490080681961,1.4150902645312995,0.5835749140193092
2025-06-15 16:00:00,17.507820962941484,63.57066327743022,63.747899159663866,28.067334288157028,817.9315034618268,81.56037284457513,47.95201417323373,62.66753344045916,17.916002995083105,63.64111013561269,63.747899159663866,27.98254919856124,816.9290144603327,81.46771001867704,47.955050875994665,63.08168413735415,1.4338672909140848,0.5855923477314716,1.41697305721829,0.5853068809847675
2025-06-15 16:15:00,17.46155772650745,63.6077273682871,63.747899159663866,28.0513429400716,817.8330424135429,81.80590509454532,48.00094873528173,62.52812675341942,17.954751751256318,63.64812380899918,63.747899159663866,27.971026768738685,816.4982628476133,81.45300175738072,47.91193037185149,63.11257690094305,1.4266484748739356,0.5864846870389537,1.4187962390076858,0.5872910763968153
2025-06-15 16:30:00,17.57203214610114,63.55295035181541,63.747899159663866,27.994637127647,821.6167866238475,81.70540125431113,47.61444206425895,62.749034849449,17.993472854948315,63.657407137457945,63.747899159663866,27.95898417214131,816.2029118491315,81.4434253052852,47.88150844533588,63.14351492990486,1.426753586174519,0.5983892676852042,1.4204703132906122,0.5895018155366772
2025-06-15 16:45:00,17.798890085126995,63.39888397829977,63.747899159663866,27.970594521974377,823.8866788004966,81.77676680290084,47.5894058695707,62.63335854090548,18.02909500427746,63.65907461176961,63.747899159663866,27.949348279152403,815.8244310711044,81.4244597720983,47.839941646518774,63.173932135629016,1.4291116744144017,0.6019191723926365,1.4226201623910733,0.5916231954157315
2025-06-15 17:00:00,18.48182869194059,63.62875626760669,63.747899159663866,27.96554050290513,817.9156304104752,81.70594065180101,47.681802533531496,62.98479730697274,18.073195601958965,63.66547405838516,63.747899159663866,27.939911170464946,815.9158773555006,81.39056673550304,47.79839418408379,63.2048325355073,1.43295507369924,0.6001470908104769,1.4250429418745445,0.5935010284183416
2025-06-15 17:15:00,19.265453483755437,63.6410104492252,63.747899159663866,27.98615401392409,812.0046153996287,81.25254047101505,47.79436911552914,62.9927330797657,18.119469331839333,63.669440473182654,63.747899159663866,27.92756399189561,815.562286905205,81.39443875147752,47.7618161463862,63.24585381815327,1.4253762500440648,0.6017642507672323,1.4268691545950272,0.5951535001219547
2025-06-15 17:30:00,19.821366586931163,63.60822916151127,63.747899159663866,27.94807113676447,809.4674950130259,81.48937634226164,47.97384055145863,63.05048554863397,18.17640118646712,63.63420070175393,63.747899159663866,27.93662328590886,816.1982835864186,81.40246197582717,47.72662864067869,63.34763959829068,1.433477884843284,0.6016313556108254,1.429186781459537,0.5983488361730627
2025-06-15 17:45:00,19.416910551851075,63.65353015843674,63.747899159663866,27.900972911845404,806.7937194914134,81.99764636502535,48.02449980684303,62.96946998906312,18.246698922227687,63.60195528929525,63.747899159663866,27.94632040970931,816.7640717584816,81.39502028015792,47.696192385271466,63.46554726743712,1.451632496156163,0.6016369627464563,1.4310935023357232,0.6017205302102084
2025-06-15 18:00:00,19.044870101303676,63.58064811826964,63.747899159663866,27.903245831854115,813.7044107471164,81.38580577086165,48.16859348116127,62.81371627543299,18.332533349508893,63.56814229514659,63.747899159663866,27.956301423482888,817.355980739896,81.3834911970264,47.676872554901244,63.5865177431667,1.4413347666632996,0.6002742573338988,1.432811655339979,0.6045003854513344
2025-06-15 18:15:00,19.257795933610552,63.60346399446402,63.747899159663866,27.81115087542472,815.630767604992,81.40079580046755,47.76628433592907,62.54889146407035,18.455441587316496,63.52890688544558,63.747899159663866,27.966234702523124,818.0345582678132,81.37005089169479,47.64964952607284,63.69096764220209,1.4301762770758424,0.599332653875472,1.4338536834071596,0.6072783973080644
2025-06-15 18:30:00,19.555697467929413,63.69932232648317,63.747899159663866,27.768020211603872,821.3289557934512,81.52901022174032,47.62518314639782,62.923836494549896,18.597605979749606,63.48849305613168,63.747899159663866,27.975676506437345,818.590958045421,81.36176331513549,47.63198405960749,63.78624428438298,1.4298243538406186,0.6056744245739744,1.4341775566199573,0.6101616792690925
2025-06-15 18:45:00,20.035160819748157,63.84335411715367,63.747899159663866,27.76744459939337,817.1877339618093,81.20022395237149,47.65013701973187,62.97274568151002,18.749723714752786,63.45841194631338,63.747899159663866,27.983828689711306,819.2358108892514,81.33560331989902,47.63387989923586,63.890318478923355,1.42859848857636,0.6057917658887495,1.4351645650327634,0.6130468194846581
2025-06-15 19:00:00,20.08633272447837,63.803768227767165,63.747899159663866,27.822058845476786,817.882965959536,81.37714172416823,47.54602106299752,64.96549932932489,18.920302976552858,63.424301796361284,63.747899159663866,27.990997511430958,819.4922816154053,81.33059270460954,47.62363959460002,63.97651663886683,1.424074098071508,0.6136028808933528,1.435908956337949,0.6158942798790427
2025-06-15 19:15:00,19.68805648546721,63.79477921624766,63.747899159663866,27.822977121755127,818.0611574033485,81.05902098232507,47.65579087966684,64.7565911551344,19.088827162337044,63.38566104914843,63.747899159663866,28.000305540691286,819.8079866067308,81.33792125327395,47.62163737559003,64.06535757810462,1.4238726442802438,0.6200145101425111,1.4362942589247447,0.6185908147350501
2025-06-15 19:30:00,19.276546753838563,63.86295746544059,63.747899159663866,27.801892982569377,810.4239393686461,81.1399448456054,47.81685206972032,64.723343477948,19.26651288284027,63.34575977593843,63.747899159663866,28.010975159200747,820.1089800155927,81.32762920278948,47.622602804108965,64.14642038486394,1.430611352863047,0.6144223056243991,1.4366747992928321,0.6213518242937733
2025-06-15 19:45:00,19.25714295381413,63.94435138734696,63.747899159663866,27.761344654799377,811.9684994142086,81.12191099854947,47.58126210611967,64.66028257207714,19.450740368315586,63.31190237767967,63.747899159663866,28.02072972998404,820.5376242140705,81.31712717204229,47.60728120975826,64.24821506130286,1.4340881058182056,0.6169090944488936,1.4366256817264846,0.6239745994677574
2025-06-15 20:00:00,19.324443436383746,63.948044021166105,63.747899159663866,27.756769290546096,816.7955886552368,81.12241594995537,47.9076088115517,64.90559855115552,19.623526132754385,63.276411466704154,63.747899159663866,28.03331108611917,821.1554701009322,81.31818513687473,47.59352008927717,64.327065992864,1.4354267057692554,0.6232658074048082,1.4368382145220207,0.6261673282282337
2025-06-15 20:15:00,19.35824302950233,63.767712278670665,63.747899159663866,27.803169559967724,816.7594919951324,81.28959391258493,47.742879143971045,64.81349561728089,19.793286821016704,63.24415789713168,63.747899159663866,28.042750165058894,821.6772817955754,81.29335745729675,47.57036275288068,64.40379645001464,1.4474836479797208,0.6230698973263429,1.4377450891581225,0.6284466229691016
2025-06-15 20:30:00,19.50544972234196,63.78602527477308,63.747899159663866,27.776534204099868,821.8762192197472,80.71948637961735,47.53736587011903,65.0648156972249,19.959119767726495,63.21291034079253,63.747899159663866,28.05519741768732,822.1198814038506,81.2669299751757,47.555077295738755,64.47071048450212,1.4526632994794069,0.6227792032299682,1.4386341593619962,0.6300911960201253
2025-06-15 20:45:00,18.98969284081577,63.76403837965324,63.747899159663866,27.75512288914058,811.2786315970609,81.44194963088819,47.66213077689598,65.26561006859703,20.117359320593103,63.18327237571351,63.747899159663866,28.06916678453875,822.6565563635359,81.24326960938261,47.53998344277802,64.53324908180424,1.449484583275128,0.6193884009476134,1.4391977195102301,0.63141384841491
2025-06-15 21:00:00,18.609377146345697,62.63968371649968,63.747899159663866,28.340731564577663,837.2081508232737,81.31333966318984,47.42645608713192,65.34602158545219,20.265335932773095,63.14476758775088,63.747899159663866,28.083155950283313,823.3735860183398,81.2145806965153,47.513970600166004,64.52322110116984,1.4557938110092032,0.6630374116765515,1.4396658586963735,0.6327068780395126
2025-06-15 21:15:00,18.58069108478669,62.69793969015494,63.747899159663866,28.313359015268784,830.3821677038873,81.15664671521645,47.20348273823636,65.73167842024537,20.405296232940543,63.10820389917858,63.747899159663866,28.09450666487091,824.3146363693647,81.19822309485987,47.48734334819192,64.50479490279152,1.4486166947226458,0.6652354609113194,1.4402103029282962,0.6341948385351573
2025-06-15 21:30:00,19.203339314024923,62.57124168375246,63.747899159663866,28.300966648269743,825.2870444952936,80.9987584552978,47.2521121020288,65.69004960884097,20.51946860419961,63.07170397774606,63.747899159663866,28.106448811528132,825.3763898773306,81.17641350570138,47.45360540161648,64.4829840516458,1.4502727240429345,0.6523015886662247,1.4400188081215317,0.6358528060746942
2025-06-15 21:45:00,20.10444495775882,62.54049636225851,63.747899159663866,28.2919524737323,830.8094342527073,81.24678290338419,47.01564771664641,65.53079870664082,20.62806886638905,63.03119963487361,63.747899159663866,28.11890962084775,826.3548483393429,81.1439355230535,47.421147771986476,64.47409408646153,1.4433232348930272,0.652920297414687,1.438925038925977,0.6373961349150756
2025-06-15 22:00:00,20.58992942518322,62.432694477215016,63.747899159663866,28.300066017637693,829.11928371732,81.1595673079754,47.03726015641382,65.40898802511545,20.729893628013176,62.98959338962031,63.747899159663866,28.13105437019413,827.0899876381617,81.12610617697325,47.399023292843204,64.45929745104486,1.437065086591334,0.6561635294364359,1.4382719654482448,0.6388144310224063
2025-06-15 22:15:00,20.559721200195217,62.60513434110667,63.747899159663866,28.29297924544698,832.3815888269793,81.18607534876807,47.338875839857366,65.5227756405864,20.805687362118228,62.95035006137732,63.747899159663866,28.147977361789735,827.6410127332267,81.1162233165238,47.38275957629189,64.45410931963083,1.442084529927552,0.6612719168154255,1.437662778972366,0.6403245137281858
2025-06-15 22:30:00,20.66366125763199,62.42814890706421,63.747899159663866,28.306938692962238,826.5735675941405,81.01465928062623,47.25451272358693,65.42063109842832,20.86635804301198,62.907380365716826,63.747899159663866,28.167829856633897,828.0983340467358,81.10671284688871,47.36107218517585,64.43400255091747,1.4385511977386134,0.6602713321359123,1.436650023377981,0.6417330662419716
2025-06-15 22:45:00,20.6283326197355,62.39650957008818,63.747899159663866,28.34396301318529,831.3169309122138,81.4097441564888,47.420214332453455,65.40706584771775,20.908984885080613,62.86034624286793,63.747899159663866,28.1880448338752,828.6620913635758,81.09560456680283,47.32828107659062,64.4023938926406,1.4304960466922958,0.6553663927344626,1.435894641040482,0.6429881742316019
2025-06-15 23:00:00,21.422023682833427,62.42161897629308,63.747899159663866,28.353478019156565,824.4213038322526,81.05557481050084,47.6301386067922,65.05955859266795,20.951221378130164,62.81175371654211,63.747899159663866,28.204742812177315,829.2137899440924,81.09840548890297,47.29864344306217,64.29230036992504,1.4325365097762104,0.6551474544807425,1.4353929526610858,0.6438494449467063
2025-06-15 23:15:00,22.455397856582856,62.56338778590903,63.747899159663866,28.343078699363843,828.2814209295057,80.89141652425026,47.34830443563096,65.33891842041575,20.990714159441723,62.75979685713306,63.747899159663866,28.219695624793292,829.6094768243133,81.10380339419358,47.262021014216366,64.18644068964039,1.4325695615883896,0.6554322632877151,1.4351019970246355,0.6444493753120473
2025-06-15 23:30:00,22.691393896105527,62.50593594816461,63.747899159663866,28.44477497221081,836.4668800676759,81.59211178954877,47.53918055880106,65.0330613872935,21.02517768057818,62.70532161861931,63.747899159663866,28.236640780869347,830.2753649296084,81.09582447256784,47.21268221630471,64.08539859753758,1.4402432747801657,0.651374210545765,1.4345324865635674,0.6450636655434185
2025-06-15 23:45:00,22.554378374376988,62.64012028111281,63.747899159663866,28.33451530826343,833.4873932528385,81.06107470720585,47.30622864338719,64.83004046793846,21.054422636275415,62.64781477048357,63.747899159663866,28.25415642587379,830.6664644239796,81.0781366813733,47.17494706414187,63.98482252595737,1.4538547139569888,0.6548635292649901,1.4335634468508376,0.6458393692970742
2025-06-16 00:00:00,22.54702054739483,62.61552366164116,63.747899159663866,28.368054706499866,834.8947748721059,80.91257679067941,47.155878350001,64.75645588407349,21.089972575534315,62.58875292379818,63.747899159663866,28.270448350118894,831.0797523959758,81.06331412559379,47.119462299582345,63.88102437036683,1.4534256922907358,0.6477264592159188,1.4325502268774215,0.6463535526623659
2025-06-16 00:15:00,22.54607667112525,62.50974502592903,63.747899159663866,28.389675527517277,839.9869275910538,81.06695582910814,47.13659028074861,64.50951645996903,21.154277849018868,62.53455656612957,63.747899159663866,28.284615999230414,831.2448539037551,81.04613048393671,47.069807762999886,63.780590362139336,1.4460184788614203,0.6415987442361746,1.4311126741865634,0.6469082896727048
2025-06-16 00:30:00,22.921127057340364,62.47361262872764,63.747899159663866,28.38521547524203,839.4265200545921,80.84527326578177,46.90141725517108,62.68395788794092,21.222731510424595,62.47882106031406,63.747899159663866,28.299323775315596,831.4593931511487,81.05450535343684,47.03325261290318,63.667419771933496,1.446999249283543,0.6389379795485587,1.4293583241060877,0.6473820749014393
2025-06-16 00:45:00,23.464262488778907,62.544099792056336,63.747899159663866,28.32667545155192,840.2361259303739,80.76181242135235,46.99555155630683,62.43994712841607,21.308320257489417,62.42486764352571,63.747899159663866,28.311632555767027,832.0156816170527,81.02771559013571,46.98652931019503,63.55259259550853,1.441709577001744,0.6464030656365737,1.4272470061693212,0.647835599353667
2025-06-16 01:00:00,23.246537724703096,62.51323151853576,63.747899159663866,28.30633553648113,841.3201002520045,80.83508866750682,46.96170215419507,62.3961600142623,21.40505313257194,62.40803287822633,63.747899159663866,28.30378177807123,831.4594097645136,81.02306600854317,46.957497116433856,63.43231860917119,1.427733040640345,0.6513703817969254,1.4244326018130649,0.6467546288806365
2025-06-16 01:15:00,22.67491841753421,62.43839987226333,63.747899159663866,28.274797191433795,836.1474733517825,81.02330688558888,47.05077091794309,62.70277103353516,21.49528387372337,62.39302972566702,63.747899159663866,28.297107830819417,831.0323969247515,81.00515193215352,46.94098852184001,63.30069289225301,1.418819420289524,0.6479368279579032,1.4224642345046516,0.6454602175117443
2025-06-16 01:30:00,22.09961295002751,62.33246076067061,63.747899159663866,28.267588312245547,835.75858971168,80.85092538845423,47.50485910686309,62.36981721293304,21.58008021679077,62.379607399809274,63.747899159663866,28.291605257860585,830.901866903242,80.99297402188444,46.93295910526192,63.16667700927086,1.421742562331334,0.6428231405538167,1.4208111027361363,0.6443372750984709
2025-06-16 01:45:00,21.531607956762137,62.42616414717424,63.747899159663866,28.31884062329293,832.1615204569439,81.1043099869843,47.27837283938975,62.39324752164949,21.657320671640626,62.367595391107145,63.747899159663866,28.28698621628951,830.6871741964643,80.97171499319876,46.94325170771819,63.042322013346265,1.411900682799474,0.6446351350488588,1.4187284597790075,0.6432017627324526
2025-06-16 02:00:00,21.375817894742028,62.41023145666838,63.747899159663866,28.36359505692881,835.0485951987262,81.24369613268752,46.97456141291661,62.32063343314909,21.71900464620707,62.36044333479988,63.747899159663866,28.27989311768819,830.5557113184319,80.96768431862276,46.95671167694564,62.92085980460062,1.39944168600907,0.6479309999875458,1.4168818409197883,0.6418865653223628
2025-06-16 02:15:00,21.313966081807184,62.43233043168655,63.747899159663866,28.37389391663241,834.1004534670057,80.86697554979467,46.66640376217487,62.02448593320362,21.779369826219156,62.34945891304211,63.747899159663866,28.272446507236943,830.5251716706522,80.95736662660423,46.952353446350465,62.802992857817095,1.405937018451397,0.643445005577663,1.4147969222789614,0.6401601179027757
2025-06-16 02:30:00,21.35342751596478,62.34599243799277,63.747899159663866,28.322998194540304,834.4339233750317,81.46116938717283,46.65689205714411,61.66269364785843,21.82136660059238,62.341350051140225,63.747899159663866,28.262410604878603,830.4676077231159,80.9491345979401,46.95392453706861,62.755260494958094,1.4090234466896208,0.639441002346482,1.4129879817391933,0.6386084765783892
2025-06-16 02:45:00,20.872839924814038,62.2360734339762,63.747899159663866,28.27156150023435,829.9317638099807,81.220958141043,46.55711801429266,61.58080074659478,21.852532612282214,62.334416392163845,63.747899159663866,28.250716694169217,830.3982243519939,80.9414853925553,46.96139067603815,62.70871476654825,1.415143975186734,0.6380124211027395,1.411278087404286,0.6370975380766765
2025-06-16 03:00:00,20.310452387932344,62.2287003100279,63.747899159663866,28.31024766485117,830.4005825274971,80.90057719683358,46.33668813237032,61.69208071486354,21.86062497553322,62.331190940159914,63.747899159663866,28.237661265603645,830.3876561515303,80.93689305788773,46.957585853877426,62.67118832123239,1.413526039030999,0.6328510125655393,1.409635242540316,0.6356336122467339
2025-06-16 03:15:00,20.13449162473116,62.219145943274974,63.747899159663866,28.2868140049325,823.7014842453459,80.59127726271291,46.44920754123481,61.6430004246708,21.84754325936958,62.32391108409069,63.747899159663866,28.22612920633215,830.4672763915916,80.93827604104166,46.96154451494634,62.61191868088015,1.4050169144363134,0.640180207058563,1.407542291208522,0.6342356176864484
2025-06-16 03:30:00,20.39094161415072,62.17618862060437,63.747899159663866,28.245527017899285,829.1942278151204,80.67773927657086,46.24306587476582,61.79165388343932,21.81679706471679,62.315658122640045,63.747899159663866,28.21302914536914,830.3557679209006,80.92984825495445,46.96130626493284,62.577027495882994,1.4050301065667827,0.6386913083635622,1.4047272762551724,0.632952125702573
2025-06-16 03:45:00,21.287401234038928,62.14182154861203,63.747899159663866,28.22819903331329,821.7125372285111,80.77408466287196,46.25324304649748,61.80047537045587,21.756973903464573,62.30027792343792,63.747899159663866,28.201457039243163,830.1500989014801,80.90441604432571,46.97719172086279,62.5481387322137,1.4043570672539627,0.6397120076365052,1.401391667119764,0.6313777499047862
2025-06-16 04:00:00,21.5590595645138,62.11396010030807,63.747899159663866,28.217767486655266,828.3123966415577,80.97073246462153,46.44071136721765,61.669697991049794,21.66265845985508,62.28436889624272,63.747899159663866,28.189556979571854,829.7112998019934,80.90958227818469,46.991992852536,62.51605377520958,1.4000327970651474,0.6369927600920002,1.398461765835442,0.6301655489197987
2025-06-16 04:15:00,21.557355252760363,62.14543587600267,63.747899159663866,28.12438630268353,827.967285574178,80.63825673185377,46.26043169565159,61.82079477584804,21.5580140592478,62.272164934459035,63.747899159663866,28.17789521128166,829.4070116863659,80.90872675920787,47.009581103298665,62.496200407971195,1.386145045172129,0.6329941345144439,1.395348803147428,0.6290726296114975
2025-06-16 04:30:00,21.51136339882132,62.13464075751836,63.747899159663866,28.10520823370377,820.5199952471039,81.17385221541426,46.55549027429685,61.73780199533217,21.428162529821396,62.2642410739043,63.747899159663866,28.163876238969163,829.0076856565621,80.91685027079808,47.04231372380156,62.53583092319081,1.3713616803215103,0.6306082974856424,1.3917907524591029,0.6280872048292299
2025-06-16 04:45:00,21.287613319329672,62.2478451133756,63.747899159663866,28.113140597714448,817.5717825110235,80.61922442352642,46.70822490042077,61.78290691269988,21.286592790950817,62.25248641220821,63.747899159663866,28.152145913889562,828.7014448650224,80.91825257439295,47.05537254033448,62.57693397032184,1.389565675470252,0.6264031198445541,1.3878112864695786,0.6266662535426509
2025-06-16 05:00:00,21.74722960604698,62.16857190802009,63.747899159663866,28.135889459504828,821.3711438500068,80.63342114722566,47.01122960468623,61.66957311937652,21.140568371538603,62.24418419549368,63.747899159663866,28.14073006619516,828.3897164127902,80.91154628659359,47.06742905396477,62.62496496382381,1.400678770987476,0.6186133162680243,1.3844293616696908,0.6249541028695299
2025-06-16 05:15:00,22.421658603254432,62.18013610119489,63.747899159663866,28.15338122660009,824.3686530493787,80.60901204281402,47.324425790334544,61.80014882890291,20.981406955744117,62.235500673996064,63.747899159663866,28.132203628270798,828.3481975629435,80.9089832272475,47.0793372497125,62.66413783988656,1.380843946179161,0.6188549264341304,1.3813874282621754,0.6231480892690721
2025-06-16 05:30:00,22.440448662176603,62.21813278799666,63.747899159663866,28.087273059598,825.1753973763515,81.03864707069495,47.4410592332374,61.765121762746325,20.82084143685036,62.23246232051112,63.747899159663866,28.123901318621805,828.1643531803026,80.90774409165492,47.0660671641447,62.71470054050171,1.3816665208147572,0.6167076071337445,1.378718838910695,0.6216233398206563
2025-06-16 05:45:00,22.370676600557708,62.275601688373925,63.747899159663866,28.069580931909503,831.4653993935851,80.87654458821224,47.20812892200188,61.9867672370805,20.673738376880106,62.22829964909396,63.747899159663866,28.11432467486601,828.2094777755029,80.89053194386572,47.06811606034219,62.77014635717282,1.3795369707027532,0.6094784942278151,1.37630644644005,0.6201312531444442
2025-06-16 06:00:00,21.923564488828728,62.18488305000746,63.747899159663866,28.005861622212088,824.8466491680479,80.76769842070206,47.30164544513132,63.988660212658175,20.544115164401507,62.21784202580917,63.747899159663866,28.104470083584808,828.0486784625756,80.88625142975566,47.0827273143058,62.82626445072842,1.3842829815455662,0.6137220924043124,1.3741574051825027,0.6186376430131797
2025-06-16 06:15:00,21.56331297043049,62.18849980079696,63.747899159663866,27.993145691903774,829.2354297785555,81.18026799494515,47.64419850153983,64.01069399542237,20.43316393314268,62.208829258114996,63.747899159663866,28.096432047339114,827.8531483917155,80.88661395295587,47.10472108048719,62.898029451535244,1.3791992166450753,0.6100382376830821,1.3717545608924,0.6174896664268589
2025-06-16 06:30:00,21.66479458036371,62.32485541617494,63.747899159663866,27.96181516218931,824.1042578183452,80.91780477047364,47.51599394197047,63.93376523319233,20.331986924964827,62.20225829350103,63.747899159663866,28.091169374392848,827.7216714193012,80.88903187192139,47.12174140545494,62.98620807733974,1.3832511638571086,0.611229679582469,1.3693163280726601,0.6163046631933367
2025-06-16 06:45:00,22.062946371673608,62.34499210383231,63.747899159663866,27.99711692121901,830.6700281313439,80.93290601886818,47.46706426769815,63.56082920984858,20.236729264856173,62.19922547300801,63.747899159663866,28.087908694834535,827.3251013447593,80.8750007619671,47.13717811478107,63.06705420403564,1.3697810216345656,0.6134924264791524,1.3665894478019782,0.6152281338605596
2025-06-16 07:00:00,21.769008056521795,62.25834710464535,63.747899159663866,28.051773143320546,833.1216259469479,81.33927820693258,47.53203305839594,63.98632583737856,20.150099510697622,62.19089742895623,63.747899159663866,28.0830910422928,827.0687515078776,80.86886395721194,47.167460165018966,63.14667032174046,1.3557928261796817,0.6128694510294981,1.3641001622483195,0.6142863686702135
2025-06-16 07:15:00,20.75968353681045,62.17871430504896,63.747899159663866,27.987352124484044,827.3173226702221,80.29810838834412,47.78279232128584,63.96337755785976,20.07564914561345,62.187350182616825,63.747899159663866,28.081460152674207,827.0851645144028,80.89283294560582,47.18812570496324,63.236517251562084,1.353786439894733,0.6076322553313875,1.3616611993272056,0.6129920764460548
2025-06-16 07:30:00,19.717557239110075,62.13825284578489,63.747899159663866,28.011052916360597,821.7308018875045,81.06756380644852,47.59991230019745,63.79390717395008,19.99942583124148,62.187893181419014,63.747899159663866,28.08243653073948,826.7607399829596,80.91921868206106,47.227021131461576,63.31461336948254,1.365528653761077,0.6113604296662927,1.3592708887755731,0.6119783683385649
2025-06-16 07:45:00,19.406744652906877,62.14362617241883,63.747899159663866,28.039822478811363,830.8582841222265,81.04129025980295,47.6642378036286,63.9139154428174,19.908869147892084,62.187952170160415,63.747899159663866,28.084519404017026,826.4494478750098,80.93160262021155,47.25187364358536,63.32930289852696,1.3526295982209997,0.6088111649871369,1.3566409900329774,0.6108664987678172
2025-06-16 08:00:00,19.0255811745482,62.235896812085805,63.747899159663866,27.96464630586717,827.4467391604777,81.08897861348882,47.8833958702578,63.87287334452929,19.82073673717507,62.187259056383056,63.747899159663866,28.088485131216107,826.4110985463371,80.936854168706,47.28160793056104,63.35114148643877,1.3402577286337911,0.6093752360805323,1.3541305190849429,0.6099713346213885
2025-06-16 08:15:00,19.217170322661573,62.19145994117341,63.747899159663866,27.974765699164045,831.0489021841851,80.80388152919811,47.3873160522943,63.67303854234707,19.726662988470252,62.18625069437671,63.747899159663866,28.09473428710496,826.4914150938027,80.96069133455215,47.31641042313588,63.361089264153016,1.3223255973160213,0.6037745270392053,1.3524138320812888,0.6090454747749828
2025-06-16 08:30:00,18.86580514233656,62.26416501710002,63.747899159663866,27.963860105649054,831.968246685042,80.6339000335257,47.32339756310397,63.83708981932122,19.62321246086194,62.18396930041695,63.747899159663866,28.100410481809924,826.7990642108264,80.96316862489672,47.345684459401696,63.38733836319419,1.3262752966437066,0.6000058616032938,1.3509301110525298,0.6081708620291374
2025-06-16 08:45:00,17.90007594369982,62.17789422733468,63.747899159663866,28.019004053702883,834.90190785638,80.94641510520673,47.40801679037503,63.87795731541777,19.51787282292953,62.176160917047234,63.747899159663866,28.1049343702021,827.0915883781514,80.98181722069735,47.364012103775615,63.41292664063463,1.3275614180640605,0.5937564199441685,1.3490554685147929,0.6072065589774411
2025-06-16 09:00:00,17.28264738321472,62.24131015612224,63.747899159663866,28.018519022775816,830.243258232452,80.81375132067636,47.10675653982894,63.88669823138778,19.400313779173814,62.17270320262709,63.747899159663866,28.109866932609055,827.4690703220281,81.00652333492062,47.3683531846477,63.44042266469702,1.3416848817869231,0.5970806571013422,1.3469722498496475,0.6065620533733903
2025-06-16 09:15:00,17.11851615765447,62.30128400465959,63.747899159663866,28.03154131061903,833.5152583129551,80.58794555330874,47.33983972531468,64.05662202178254,19.267459949635874,62.172392949781624,63.747899159663866,28.11427360071879,827.6021454326833,81.0192050792719,47.361119278351744,63.47450387654565,1.339528908680129,0.5998725347624958,1.3457634251503239,0.6060143122355803
2025-06-16 09:30:00,17.487121520384157,62.09650275812434,63.747899159663866,28.067957318492745,830.2246158109042,81.11528070938523,47.41289903182469,64.004176239817,19.13173024104838,62.17279954355882,63.747899159663866,28.12099342249264,827.8007909643806,81.01299585746311,47.34057121340608,63.50887167487932,1.3349704482826523,0.6031226960496114,1.3445954583683963,0.6055078036287695
2025-06-16 09:45:00,17.98542914404235,62.16194740086181,63.747899159663866,28.13275282926161,828.2345513412045,80.87785124580091,47.32621674761652,64.17743595740856,18.977153541648406,62.175214246347565,63.747899159663866,28.129284552082485,827.7062519381067,81.02797339755199,47.32764275053544,63.54185991335013,1.333851689748315,0.6090057079880367,1.3436790580858635,0.6054882969015648
2025-06-16 10:00:00,18.318117270629127,62.148863499573615,63.747899159663866,28.16511800615238,830.4896142025981,81.53370695613881,47.16750180617655,64.3080524219934,18.814556837671752,62.18689302732098,63.747899159663866,28.14066471452785,827.5075937853223,81.02922348348874,47.31241876005902,63.52639204896673,1.335876462097419,0.6038909053408199,1.3424070021530963,0.6053039703493438
2025-06-16 10:15:00,18.01511012155441,62.14508881918543,63.747899159663866,28.173741113484915,818.0346615737286,80.80002484241403,47.02021929407682,64.00618454747159,18.65449751608468,62.19910520832384,63.747899159663866,28.150903577104064,827.1687802968215,81.02910129140656,47.27286259522843,63.5097966541097,1.3333375670662762,0.605716541119428,1.3416354573384333,0.6053857334759954
2025-06-16 10:30:00,17.71155976317585,61.97885898847456,63.747899159663866,28.165718088599125,822.7100874210425,80.71647305417899,47.245149639507126,64.08056424600834,18.49249970890077,62.21058456545061,63.747899159663866,28.160130677853545,827.2001006954904,81.02068419208257,47.2449608721132,63.50655657828593,1.338847472421239,0.6045980568551517,1.3412645369895622,0.6055687439855657
2025-06-16 10:45:00,17.900980672205936,62.11272855309293,63.747899159663866,28.23788731637474,824.1938744411003,81.3103469145295,47.06917373956285,64.3384083193194,18.31729198729137,62.21917646078957,63.747899159663866,28.169003309190025,826.9719194644983,81.03934720153975,47.21403672518836,63.518621216762064,1.3318480268029047,0.6013514403338054,1.3417572513717493,0.6057200620895138
2025-06-16 11:00:00,18.10424218299172,62.19247858466999,63.747899159663866,28.27481835985742,819.461491871832,81.46931137022793,47.40992866971604,64.13453742105283,18.153973773140066,62.229300008209435,63.747899159663866,28.176525825698413,826.7410060705768,81.01607373754163,47.18242560339689,63.51264556290821,1.3333207900177957,0.6082800651388629,1.3429582355142218,0.6062638792321894
2025-06-16 11:15:00,18.57070073355705,62.14359121085414,63.747899159663866,28.290685231639724,812.3737739900172,81.14560280738667,46.99881841021096,62.2411612417886,18.001713447351158,62.240532229993924,63.747899159663866,28.186840039536087,826.8555992019973,81.03300868438951,47.14099729978856,63.507024258993155,1.325460104976097,0.6063559205140722,1.3444869080840698,0.6069864663818397
2025-06-16 11:30:00,18.915087243003278,62.093166686987296,63.747899159663866,28.336739302627745,827.1619167813705,81.12827891945496,47.33273997648812,62.32485562840404,17.865750062223615,62.25237501170071,63.747899159663866,28.1954248703168,827.0615197720342,81.01629268364793,47.09773200009113,63.50041235894223,1.3247186686241117,0.6101378356991466,1.3458005907951933,0.6076262354499004
2025-06-16 11:45:00,18.7351427916159,62.11518501581225,63.747899159663866,28.311860979349017,830.3767819981509,81.35337170723838,47.30450647289668,62.11922810727557,17.74072545032773,62.26492645748455,63.747899159663866,28.20230689650271,827.0726685920368,81.01504420863958,47.04780328433032,63.48438990542889,1.3346444350625073,0.6052183391222741,1.347505091271493,0.6083574836965547
2025-06-16 12:00:00,18.40784757057189,62.0661989387255,63.747899159663866,28.2754940748526,829.749468757809,81.24817092575115,47.43371136227118,62.52527496656719,17.642496889895053,62.278627795366496,63.747899159663866,28.213925527776553,827.2904664200859,81.01723407556938,46.99689882506621,63.46813878968407,1.3268500494587383,0.6043699151102753,1.3500927357413277,0.6091845140744588
2025-06-16 12:15:00,18.12742418135737,62.01359361228421,63.747899159663866,28.248857249479755,826.3475075307783,81.17868229754535,47.25805423163842,62.55055523591339,17.556681695977478,62.29790517152332,63.747899159663866,28.22340019454479,827.341388876514,81.0375330767941,46.972074005463845,63.46563073713817,1.3333263993381477,0.5974740282936644,1.3537118967985322,0.6103362458223139
2025-06-16 12:30:00,18.220458293375675,62.06484047541572,63.747899159663866,28.283866331713572,832.6956021663063,81.37460457392386,47.14146203084884,62.49445384124798,17.499628088741304,62.31694955079538,63.747899159663866,28.23387595555949,827.428392630369,81.05160908026009,46.95474448197336,63.456722466132,1.3381822110331114,0.5992781481465037,1.357189774520975,0.611774707060717
2025-06-16 12:45:00,18.436043717116195,62.17082851583089,63.747899159663866,28.285581269892056,828.3609063690317,80.9894643733523,47.10740860145581,62.822585184361714,17.47558752029918,62.343276404260614,63.747899159663866,28.24208583286686,827.3608919850001,81.07388783468333,46.938767976265964,63.45014945472745,1.3445792051994576,0.6024226922998306,1.360511184704397,0.6134829517004504
2025-06-16 13:00:00,18.36855740455172,62.2303306013126,63.747899159663866,28.288867712813516,831.1347633272699,80.85237041643153,46.824617284867614,62.79615571275678,17.47231799645077,62.36737464261918,63.747899159663866,28.250087300586014,827.6715880165322,81.08149860727323,46.927507934439156,63.4375821260546,1.346627517356923,0.6015123489294174,1.3635209450928687,0.6152111030806998
2025-06-16 13:15:00,17.733375618558515,62.34804277203619,63.747899159663866,28.31831481960492,828.6292286053715,81.32587079087848,46.820275035882496,62.976414391204656,17.48270352765032,62.39023317881962,63.747899159663866,28.25659514827178,828.0160069310265,81.10782068880923,46.90886357484202,63.484524156505664,1.3520449622267678,0.6088932924116762,1.36652762680623,0.6167895816323105
2025-06-16 13:30:00,17.045663369529038,62.53524647920986,63.747899159663866,28.34726649557309,818.8869045845196,80.8052009988042,46.84492573083881,63.52462428115598,17.508556461251406,62.42141069972147,63.747899159663866,28.26072905583364,828.3297120981912,81.11710487417302,46.87750864951693,63.53125599759638,1.346121303562552,0.6081922958376818,1.3701352694902296,0.6184829837063431
2025-06-16 13:45:00,16.761533322818376,62.55486523088277,63.747899159663866,28.300311569189997,819.0710251235329,81.17660223248039,46.45751355662232,63.51283214971182,17.555824166922754,62.45057629490946,63.747899159663866,28.261687207961316,828.4720294280094,81.11549578598411,46.850026669531466,63.565646619383806,1.3560528722051848,0.612491131482634,1.373773429359634,0.6200701406810343
2025-06-16 14:00:00,16.80486036484644,62.669236129978046,63.747899159663866,28.238628184673864,825.0438697784053,80.66529179075323,46.67894224851323,63.83656295847909,17.608627052475455,62.47972037305308,63.747899159663866,28.260677861401028,828.5144412367811,81.10136358171304,46.83713449179547,63.601990201802245,1.3721235533909757,0.6167199948695731,1.3771444975641691,0.6219754569203341
2025-06-16 14:15:00,16.806714723391583,62.60274896400119,63.747899159663866,28.26329586131339,823.8245912015817,81.49279630258394,46.53933985995305,63.92276836413253,17.669794056295096,62.508543436327535,63.747899159663866,28.26049216721095,828.9465233894275,81.11788417376547,46.81482227672165,63.646350067050314,1.3845624531001843,0.6180319695975957,1.3807096490437631,0.6238067672265665
2025-06-16 14:30:00,16.869461631982674,62.5620535272413,63.747899159663866,28.27744863857216,826.1942241293015,80.64107428698918,46.58369940465207,63.80705622176301,17.718468159260645,62.53533517958685,63.747899159663866,28.260460300685985,829.1669935164132,81.14552575594168,46.78548082641031,63.688091489338326,1.391822350453852,0.6291839653097673,1.3839781514744744,0.6259310409185485
2025-06-16 14:45:00,16.191873763143125,62.51568095858356,63.747899159663866,28.29677853961429,830.7551166128405,80.80615679378045,46.53994321303578,63.79473844040808,17.763111276252054,62.55592122970276,63.747899159663866,28.258649527723897,829.3615914923976,81.14631328827846,46.75782274237962,63.71800308491693,1.3996466169901771,0.6293098698209006,1.3875466151532605,0.6282690447924181
2025-06-16 15:00:00,15.63865568528374,62.49353629698866,63.747899159663866,28.268597839782,827.9084189886105,80.56608378420096,46.30195330927464,63.59555017242226,17.81202683672689,62.57414624954824,63.747899159663866,28.25379443039833,829.8254232830955,81.14240161953178,46.737849987118736,63.750877498139474,1.4049391350947809,0.6305535017081043,1.3909820433670543,0.6302243505493268
2025-06-16 15:15:00,15.656006296030489,62.52016954593376,63.747899159663866,28.24628326438869,831.1927487223089,81.00383600955264,46.16637633080415,63.43324183741709,17.861610228014513,62.59226086564629,63.747899159663866,28.248596215189487,830.5612773702402,81.15194910255317,46.7381667729564,63.84481927619223,1.403764612509989,0.6307486123867727,1.3945640319834627,0.6325310943947348
2025-06-16 15:30:00,16.0787243615679,62.64693694854434,63.747899159663866,28.313205244082425,833.9806740019463,81.15467462138237,46.3562620923346,63.38533987218477,17.900545210824525,62.61497580218143,63.747899159663866,28.244365619021895,830.7898197083624,81.1475581986091,46.72436753566439,63.93068819978583,1.417887062728836,0.6341861474176553,1.3980230882761029,0.6345750359512138
2025-06-16 15:45:00,16.642714505134236,62.76978122587813,63.747899159663866,28.259005702211127,832.5765758770307,81.4128515659406,46.64257146422349,63.59779696596989,17.928946171638096,62.63840368340367,63.747899159663866,28.240816178673786,831.1272087883565,81.13667773273748,46.71091820793429,64.01608872169778,1.4309004290321454,0.6383264794748574,1.4018371960743752,0.6366872418015495
2025-06-16 16:00:00,17.15419692525129,62.83549639526166,63.747899159663866,28.278132936090163,834.5783593006894,81.05618013750498,46.80351185838926,63.56984168913647,17.942499130469965,62.663977709527835,63.747899159663866,28.23864499627195,831.3272170786981,81.14305881284868,46.695424802721206,64.10408591943113,1.4306116283169912,0.6431596987553875,1.406011718092574,0.6388000385372385
2025-06-16 16:15:00,17.178858890436086,62.96769983129193,63.747899159663866,28.265300372923846,832.8768884953121,81.61477773790367,46.92872161915327,63.68076697328119,17.95293319731636,62.69102621695943,63.747899159663866,28.238336351220614,831.362146871379,81.15820664412271,46.67892378380033,64.19384705603505,1.4272037235667243,0.6450037591361648,1.4097537268648959,0.6411475692006429
2025-06-16 16:30:00,17.184561667762516,62.9642573068793,63.747899159663866,28.25856305435056,839.5641391784156,81.04207449837367,46.76895528502439,63.50967837120227,17.97361890389412,62.715006196287455,63.747899159663866,28.236980273155464,831.1416866615865,81.15417817677287,46.68169783246261,64.27333478910877,1.4319776934410702,0.6489251985088292,1.4136368383149824,0.6433696418451622
2025-06-16 16:45:00,17.43008209364095,62.987040090672615,63.747899159663866,28.226776741191944,843.8478257477834,81.37760799938837,46.78050893740088,65.46488293531425,17.994240317041037,62.73532088172853,63.747899159663866,28.236008583747523,830.8225232332265,81.169758159919,46.68403115526798,64.34225470420786,1.42972936008097,0.6472268913108109,1.416992954601761,0.6454982055174369
2025-06-16 17:00:00,18.262709528416632,63.03182838517985,63.747899159663866,28.1919745453486,839.6357708258448,81.39380627029946,46.472251272072114,65.40613147253856,18.028182839819333,62.754551361379185,63.747899159663866,28.23375390634356,830.3550891245611,81.17655981838298,46.69403079157918,64.41174535438752,1.4431997288026428,0.653924758270595,1.4206874327856782,0.6475134564067332
2025-06-16 17:15:00,19.40346031418285,63.0369152565016,63.747899159663866,28.161497393091818,832.5040712357517,80.82957860013299,46.50175734805274,65.2091546110316,18.076620008910286,62.76895656274336,63.747899159663866,28.230406088964898,830.0662786859856,81.16387085836818,46.711211333371146,64.47546916130197,1.4429964858304496,0.6566204172287676,1.4244717626060899,0.6493250039129054
2025-06-16 17:30:00,19.90220383721017,63.023185843882125,63.747899159663866,28.134837609343727,831.7619684657489,81.10974082800689,46.78073647409632,65.39835989454646,18.135929488458405,62.77669784869557,63.747899159663866,28.22554963989739,829.7770222081072,81.16954965912443,46.73732327688406,64.51848169238595,1.437008508233469,0.6610503925198159,1.427909544642469,0.6509446344047305
2025-06-16 17:45:00,19.850120236143688,63.00978071741937,63.747899159663866,28.168170287782644,830.9971261531223,81.29564260398718,46.35085284186245,65.33698050491371,18.197367687705214,62.78503144901461,63.747899159663866,28.224155967705734,829.3428736444808,81.15459873999374,46.77744410052517,64.55594299071126,1.4402921114541043,0.660655850306399,1.4311213409977384,0.6525469888682504
2025-06-16 18:00:00,19.171782852142304,62.782611286254,63.747899159663866,28.16476209285014,829.3241912306099,81.54572051946525,46.36490613016667,65.33280691464851,18.280616239578418,62.791189142853945,63.747899159663866,28.22449593082927,828.57815621197,81.17451782494102,46.80550634053127,64.59078889114429,1.4369025453425772,0.6683262676146134,1.4339686668174658,0.6541693844723149
2025-06-16 18:15:00,19.24027418194823,62.730310056570026,63.747899159663866,28.183564127512145,830.0318137206347,81.33397288463296,46.23943121864244,65.23575618667752,18.392977851565334,62.80252622729765,63.747899159663866,28.22514749202099,827.7874503701116,81.16363574730771,46.83760758493699,64.63595929939537,1.4389019371664766,0.671491556549893,1.4362778076146792,0.6556753061431108
2025-06-16 18:30:00,19.571708997236705,62.73922918003443,63.747899159663866,28.12916544009038,833.3764455927665,81.35196130782741,46.81074601188935,65.12076981772923,18.5195186590479,62.81219635212604,63.747899159663866,28.22402304522508,827.1297815747342,81.18369427056635,46.86018295905616,64.68577438227317,1.4363836364316172,0.6669392378461256,1.4383933792943382,0.6567095646697017
2025-06-16 18:45:00,20.05820247218575,62.68702969379541,63.747899159663866,28.134738775374355,834.4493966043616,81.43202729802861,47.00832198534071,65.05941458337144,18.666588330217767,62.81891391129286,63.747899159663866,28.220321737473046,826.6423079781574,81.18155746793711,46.87343175522328,64.67142857825282,1.4329197634683433,0.6755582358763108,1.4399416119748472,0.6578966394371407
2025-06-16 19:00:00,20.08313672730373,62.77461478304159,63.747899159663866,28.20982141760004,834.0181869250363,80.99655180113264,46.91876285772788,64.90092333621197,18.83279710092905,62.82974563026611,63.747899159663866,28.216790266167884,826.127219175082,81.20056847928663,46.8900487743836,64.65538849102494,1.42849035740332,0.6714560823935152,1.4409466732756733,0.6591480637574658
2025-06-16 19:15:00,19.58717161602297,62.81802145247975,63.747899159663866,28.20537776890571,840.4984543979741,81.02695773108952,46.90102664099393,64.68124376463376,19.009697736734847,62.83863255878211,63.747899159663866,28.214092075321552,825.4955191915066,81.19993857305847,46.916611563493696,64.64591838030961,1.4490676690106727,0.6685845146323446,1.4421375808531427,0.6603581144579903
2025-06-16 19:30:00,18.81443633552797,62.83341972245016,63.747899159663866,28.21035860279769,835.7497174680577,81.43960332908733,46.96890920587855,65.1651908985675,19.203709988982457,62.84243627746355,63.747899159663866,28.209207668790505,824.793019788036,81.19779961317577,46.94187717017452,64.64344778647498,1.4520857100047029,0.667753817180948,1.4430184647409992,0.6614722264745138
2025-06-16 19:45:00,18.44044618674907,62.82504883523211,63.747899159663866,28.23959789793968,827.3954013112032,81.63311723576659,46.76302366401222,65.24338933403133,19.400824703880154,62.84120370488418,63.747899159663866,28.206720234858107,824.220490573922,81.17573462597049,46.955736366546766,64.62356491730856,1.4455866625078098,0.6678999481957976,1.4434090911269986,0.6621798187622034
2025-06-16 20:00:00,18.84102949070863,62.78423985525632,63.747899159663866,28.243183989759004,826.0817958725331,81.25375055342828,47.22468349071702,64.87908583345975,19.60027248090052,62.84159472487741,63.747899159663866,28.2021805398405,823.5857378111988,81.15973301112648,46.96455746185514,64.60234423285277,1.4546755545357102,0.6659403274820828,1.443835267762019,0.6627254608660458
2025-06-16 20:15:00,19.05468611152363,62.78026907906327,63.747899159663866,28.256430587653742,818.7860035182335,81.45686386773616,47.17740828561676,64.89018263733432,19.79154547010044,62.83207646942949,63.747899159663866,28.196630747226674,823.0574590342279,81.13768039101481,46.960488142851695,64.57424218940882,1.4452626938028093,0.6662796024680687,1.4443593383764557,0.6632464961236572
2025-06-16 20:30:00,19.386833087900715,62.80724499083229,63.747899159663866,28.22122739069459,817.1117400673045,81.05642017035137,47.12460637420377,64.88087521814667,19.97055217876255,62.825719532147815,63.747899159663866,28.190495248334308,822.3354157101273,81.12094710662018,46.9665110692527,64.55278605926868,1.4574618628744478,0.6619698756083096,1.445045769371711,0.6635457485965374
2025-06-16 20:45:00,19.186490691287,62.78019881296146,63.747899159663866,28.21788029824511,819.9649154481068,80.94520199043447,47.33569128964145,64.88812859863827,20.140314363067933,62.82091834756232,63.747899159663866,28.185194326085472,821.7993860897487,81.10682363284789,46.97987861032162,64.48140744108805,1.465574856839111,0.6632397175968426,1.4452860263838538,0.6637088120838406
2025-06-16 21:00:00,18.824947755972683,62.76748505777599,63.747899159663866,28.20157302354781,810.2092102481652,80.97556502149128,47.62828403622646,64.81500021367518,20.290588051223324,62.8128238210966,63.747899159663866,28.180714841247276,821.6830353647454,81.08249798150999,47.007938230342496,64.40246962315072,1.449254764653927,0.6567812105924341,1.4447165969739566,0.6635987973934127
2025-06-16 21:15:00,18.60467930022261,62.80487324045408,63.747899159663866,28.2585014034404,806.0465682147429,80.72807465855962,47.66113826585544,64.63667109947102,20.41984046764228,62.80685282461789,63.747899159663866,28.176537338682365,821.7854410072638,81.08444857566559,47.03063762905595,64.33341316261435,1.4524067628632644,0.6605617653882266,1.443691245154059,0.6631720575630852
2025-06-16 21:30:00,19.302316921042603,62.85396694515824,63.747899159663866,28.248827078379957,802.1023468030857,81.26286433917193,47.520809448696205,64.88193997146969,20.52444822294992,62.80288520024784,63.747899159663866,28.173131005247573,822.1221379474143,81.07080334407436,47.03538192367998,64.25916361384128,1.4575433279828005,0.6653918629915107,1.4426990392845707,0.6626052372043991
2025-06-16 21:45:00,20.17756308299908,62.94286149731212,63.747899159663866,28.28284269706505,800.1034159458271,81.16633397358427,47.50237719212468,65.27788061166515,20.618574543951144,62.80211406065102,63.747899159663866,28.168758486210226,822.5964347781729,81.05379543798861,47.0557521373427,64.18459881479627,1.4538366770165818,0.6632096197214704,1.441253558056539,0.6620739164604448
2025-06-16 22:00:00,20.665685856459625,62.85215727209294,63.747899159663866,28.2437152346948,806.4641602679764,81.24282998474854,47.26096062822721,65.30150870809717,20.702936994743983,62.80975159383169,63.747899159663866,28.163523258738625,823.1429732434292,81.03723501158818,47.07750136771351,64.11587508277,1.4552895008436249,0.6602117211074923,1.4397897142086875,0.6613473856238009
2025-06-16 22:15:00,20.603963898239016,62.71720773358823,63.747899159663866,28.18573930705326,816.1309087155355,80.74205271490334,46.93740709804948,63.36436431979745,20.776647485308974,62.822308885343254,63.747899159663866,28.158744811165725,823.941440071241,81.00861154162243,47.11505399689114,64.04894908488005,1.4460935974054447,0.664922112844075,1.4381775917932684,0.6605202640396849
2025-06-16 22:30:00,20.624918806622357,62.81848786618617,63.747899159663866,28.16265370062703,812.455754896355,81.13641412468678,46.8004638840841,63.11434755558596,20.83850786782309,62.838273482158115,63.747899159663866,28.15511986520774,824.5934868295589,80.99573376264205,47.133298872547975,63.97862704217496,1.4350909741195648,0.6680962313178604,1.4364701008227136,0.659992528472523
2025-06-16 22:45:00,20.96302537020452,62.78677740141372,63.747899159663866,28.16533753899873,812.2417492150418,80.98493882270749,46.963260004106985,63.14913851595711,20.889682758950357,62.853269328991736,63.747899159663866,28.149988765005695,825.2383021036029,80.97519054847427,47.14557152548698,63.89998546908513,1.4394918398340668,0.6670501334025041,1.4351648966655555,0.6591505129543541
2025-06-16 23:00:00,21.89909192899612,62.76104850898759,63.747899159663866,28.1666730481512,812.9056918978313,81.09050582490201,47.11423029275954,63.31122205714609,20.937324282360233,62.86467544876914,63.747899159663866,28.141787387954576,825.9390687220234,80.9741917512184,47.15522553344413,63.82557025659489,1.4443135793645356,0.6676095079133577,1.4336511652768915,0.6583183589329399
2025-06-16 23:15:00,22.556155952065136,62.73280404849709,63.747899159663866,28.18438268423913,815.4006994536098,80.75090194978151,47.0583473553909,63.00131089097703,20.990577669051778,62.87351573043141,63.747899159663866,28.13475888996156,826.5279542562909,80.97178609259511,47.156043662747464,63.755599259408896,1.4426192206121329,0.6595542481055505,1.4312591706730617,0.6574785574277126
2025-06-16 23:30:00,23.13763023586239,62.84722699505874,63.747899159663866,28.141942085561908,815.5357764189907,80.57613169218473,47.0681447176401,62.933221155463045,21.057095183393148,62.880325260477306,63.747899159663866,28.128160653944196,827.5085488617316,80.9425334921139,47.160381998213914,63.672494212161254,1.4433969273676013,0.659528961870659,1.4290180464653204,0.6566324002343041
2025-06-16 23:45:00,22.91704856643353,62.68215216785409,63.747899159663866,28.098806594509163,817.0285251861892,80.95319913455397,46.80664204905016,62.83770566996258,21.133547395823392,62.8856074172032,63.747899159663866,28.120273664414654,828.4187633937157,80.9058708124438,47.17680215679511,63.572349457740216,1.442925841999826,0.6606348168645066,1.4273405891830038,0.6557478477491769
2025-06-17 00:00:00,22.55476292762578,62.77354918842921,63.747899159663866,28.07449808757953,817.9028394553977,80.54007596653443,46.94964307705464,62.86599446699811,21.205683754734928,62.8904286889655,63.747899159663866,28.111345860380514,829.4624553254656,80.88399760777386,47.18062399169274,63.48639215665714,1.452570623298727,0.6579027726952357,1.4254996265947113,0.6551092343599244
2025-06-17 00:15:00,22.522947622802462,62.84300455310776,63.747899159663866,28.067749073726866,827.7669371364245,80.95390378621994,47.18153516946831,63.3235243898953,21.295554056890687,62.89504731777539,63.747899159663866,28.101054375614822,830.6521630434461,80.85100209718333,47.184497016371324,63.455231669375465,1.4369370704452562,0.652118795929908,1.4241514395859476,0.6542986350892951
2025-06-17 00:30:00,22.77092017307841,62.788992591208114,63.747899159663866,28.05759000020265,836.1452490757423,80.66403673016225,47.31403987269847,63.03799693441867,21.37731453651022,62.900199053446464,63.747899159663866,28.091542567848002,831.6072790306155,80.84368603025536,47.1878430710855,63.43037293461958,1.4261168465057177,0.6506243175577562,1.4218064413355849,0.6534757863050794
2025-06-17 00:45:00,23.281032806751544,62.85778536214036,63.747899159663866,28.03617231614455,835.5762405113051,80.88809642480102,47.18273930945633,63.137460794940345,21.46016523021057,62.9053914099175,63.747899159663866,28.082224388296144,832.552733596546,80.82831371184211,47.18178622098817,63.39930921577658,1.4122359312335249,0.6438182223189448,1.419237201876296,0.6524987073070351
2025-06-17 01:00:00,23.0404364964394,62.90415711278078,63.747899159663866,28.032647606300003,841.8628766702691,80.70038388027005,46.923065312816846,63.17087343135456,21.53658164844234,62.90649350730181,63.747899159663866,28.075137485082074,834.1846784243279,80.80915409878989,47.16220125709348,63.372254412617714,1.407242332148818,0.6440457817592318,1.417058460607498,0.6514230764972563
2025-06-17 01:15:00,22.6739098661804,62.98664652951469,63.747899159663866,28.03699471666221,845.2260310758744,80.78540542141434,46.96195925174442,63.100036533563625,21.63363192893595,62.904801080144246,63.747899159663866,28.066344163542556,835.776299298164,80.82066228691902,47.13221259152151,63.34725647744981,1.39692767461316,0.6447162279877681,1.4148872499616632,0.6500203140415709
2025-06-17 01:30:00,21.702656375927408,63.01173728167386,63.747899159663866,28.007705268702065,845.7203451882999,81.04890772745263,47.017383041290906,63.271094953860256,21.724942131461912,62.902225837530096,63.747899159663866,28.058767326008812,837.6384341924539,80.7939032385642,47.10440755245604,63.31011489431454,1.3929872299070314,0.6465303425152972,1.4124705057651767,0.6485032180114856
2025-06-17 01:45:00,21.451588898897946,63.10702880191718,63.747899159663866,28.04021070032517,853.9858185549881,80.47526878566009,47.366010093971376,63.2279762499792,21.80232292509474,62.894880763231875,63.747899159663866,28.05260959386344,839.6203624146696,80.77084269272179,47.071334319166745,63.26732945181591,1.3905382647038955,0.6466779090264136,1.4100532596180035,0.6469833164667265
2025-06-17 02:00:00,21.42752047266028,63.21816708448005,63.747899159663866,28.02041706135077,852.9378483423021,80.96562793841629,47.358092281594594,63.01110853657634,21.869158056404867,62.89231609005429,63.747899159663866,28.049926992814555,841.447493341067,80.74908976629051,47.0435519369615,63.2268878594573,1.385158907314981,0.6511071708312668,1.4071831189550583,0.6455777618413312
2025-06-17 02:15:00,21.593449206003665,63.13690509880423,63.747899159663866,27.980805769313065,853.7938548256856,80.81573087299506,47.37650157351077,62.70016739067671,21.930675325266993,62.89169818162843,63.747899159663866,28.04651390443606,842.7686505887916,80.74904981004752,47.02415146215376,63.25451147824265,1.3937636387535992,0.6502977703312447,1.4047563252924127,0.6441088874471693
2025-06-17 02:30:00,21.512382429600034,63.11679837636374,63.747899159663866,27.963780106066384,855.0411854776487,80.96658788345694,47.20838309644237,62.66846696150444,21.9716000189119,62.888131105968256,63.747899159663866,28.043543573706483,843.8834993961879,80.73783460260621,46.99988186216766,63.29617667671593,1.3830784157434024,0.6464914617510891,1.402475116852839,0.6424511603506153
2025-06-17 02:45:00,21.18477321676933,63.083229902347526,63.747899159663866,27.994522829115247,858.1650204259951,80.9547879723908,46.92557052009376,62.582113849054,21.997035145702586,62.88356595562708,63.747899159663866,28.04079166501809,845.0121978546181,80.71964508214982,46.97690483703666,63.34375589220864,1.3773078308957796,0.6433904694755244,1.3996553717507836,0.6407644900247909
2025-06-17 03:00:00,20.809961765769103,63.03770562382715,63.747899159663866,28.012411522276835,865.1675556312823,80.56202531465081,47.09905926987232,62.67203948113831,21.99334838902346,62.87721553262689,63.747899159663866,28.040105325768067,846.2391963575084,80.69140697743032,46.96310196932473,63.387769547295996,1.3848519837724629,0.6423691013786961,1.3964687434881837,0.639038835793552
2025-06-17 03:15:00,20.7340125596564,62.98351353700903,63.747899159663866,28.00298821205336,854.7018372707286,80.5332368456639,47.25562842144774,62.23904670140007,21.969885901560314,62.87062582793244,63.747899159663866,28.039328839663124,847.6148933052756,80.68515016841687,46.94714460974689,63.44675506783222,1.3952629440383053,0.6413633736419765,1.393777355857696,0.6375696352154314
2025-06-17 03:30:00,21.005120258054607,62.92887800812522,63.747899159663866,27.975349868734767,857.3925538250287,80.59755441333026,47.33933853764604,62.30036680096745,21.916311798047634,62.86122395864945,63.747899159663866,28.038765965948677,849.0167161956077,80.67373960643756,46.94412077197857,63.512201163661004,1.3994466768869418,0.6467819258045092,1.3905450181643315,0.6361121945602187
2025-06-17 03:45:00,21.750795176196466,62.91882794336019,63.747899159663866,27.947686044683127,854.4772350576482,80.46699855001982,47.29359902597433,63.95536801888401,21.845289867390612,62.85805347274801,63.747899159663866,28.03886898789938,850.5334866032046,80.67113153586995,46.94941161761739,63.576968184542714,1.404817083539896,0.641961624349189,1.387149806505102,0.6344420589745218
2025-06-17 04:00:00,21.839647476486725,62.96179706096433,63.747899159663866,27.9358731576899,845.76521968239,80.83693816251207,47.22498801562923,64.13511317547015,21.7601860488882,62.85066467701761,63.747899159663866,28.03829261479736,852.047930778488,80.68146039669,46.93953919040522,63.643472834599244,1.3871119153635691,0.637284412081842,1.3830000645385774,0.6327784406604254
2025-06-17 04:15:00,21.67201150229755,62.93596950709268,63.747899159663866,27.9383349116893,848.3285524260198,80.48403243803725,47.15398578672152,63.95621703334844,21.653946281699778,62.841196880908264,63.747899159663866,28.03877877123313,853.142021554519,80.66302927762526,46.91332265749327,63.69928712151853,1.3884976730604432,0.6339273476555107,1.3797748198072513,0.6310391787286946
2025-06-17 04:30:00,21.11744030292567,62.800547979305314,63.747899159663866,27.988965927125907,859.1675550816203,80.40077662992486,47.04073511938559,64.003356118909,21.53489037642593,62.82993322993909,63.747899159663866,28.038732850801185,853.9696378860928,80.65721459728626,46.90089807268042,63.7640434026572,1.3838925265899866,0.6245122862990701,1.3768278783437329,0.6294720653136344
2025-06-17 04:45:00,21.51618771503112,62.7541004257272,63.747899159663866,27.994701757254735,853.7951944298261,81.07332030243285,46.761478298696495,63.88673304443397,21.39051320050631,62.81204098139015,63.747899159663866,28.038634253965906,854.6612988011523,80.64882061820643,46.901247895004005,63.83010622333956,1.387270443488222,0.6184788917176678,1.374517360840297,0.6281135676228097
2025-06-17 05:00:00,22.041622996821395,62.776709666733694,63.747899159663866,28.021521952367696,857.9663936317871,80.46009288852811,46.68665827673205,63.76769247741167,21.25037214259003,62.79334123153644,63.747899159663866,28.038825918719052,855.3196369283746,80.64465061245416,46.91487578434951,63.893394127793144,1.385041002088201,0.6198789820889467,1.3721311780758956,0.6268963903044971
2025-06-17 05:15:00,22.49898689198372,62.72250926836536,63.747899159663866,28.09811073270377,859.561262612296,80.47451759831135,46.51018019344569,63.99431733670614,21.102201879628296,62.77310756955205,63.747899159663866,28.041546662761036,856.1593442923069,80.64033982716172,46.9156015873697,63.95202025008746,1.3813192926013838,0.6176125733786991,1.3701306137720282,0.6254093721175121
2025-06-17 05:30:00,22.670739795763623,62.77521707676543,63.747899159663866,28.16323720322829,861.2780880598971,80.59024219181009,46.42748916206987,64.08826093733892,20.961756061814267,62.7515258126462,63.747899159663866,28.04719121869412,856.7732491361552,80.62123735486564,46.911328366164156,64.00363152129776,1.3691852809552714,0.6180450823456349,1.368408948673949,0.6236653720250576
2025-06-17 05:45:00,22.449481964102773,62.69867048081238,63.747899159663866,28.08334665569852,855.7656261472749,80.74085402761358,46.355392853817385,64.1930728833578,20.814991980766898,62.72227886817144,63.747899159663866,28.051012455034616,857.0621566947091,80.62467471280188,46.88945725125402,63.99405850021372,1.373289787526069,0.6208558810192173,1.3667621605213112,0.6217957188915448
2025-06-17 06:00:00,21.852659615969493,62.71147559638106,63.747899159663866,28.073543778739666,845.9012191182395,80.79995790144797,46.07237588450131,64.36430350978435,20.685800190083324,62.68753774627085,63.747899159663866,28.056696046104722,857.2665742469318,80.6050500411968,46.86615993529353,63.981691123944735,1.3666547209323685,0.6183644184212407,1.3650401265488497,0.6200574646502323
2025-06-17 06:15:00,21.726079173925054,62.64982289117831,63.747899159663866,28.082780278346988,846.1027029679501,80.43925320901576,46.27394925017693,64.57651498073866,20.560517382018123,62.65826118699632,63.747899159663866,28.06515827703987,857.5083574485761,80.5945325081293,46.847402776149465,63.97642051735663,1.3548994867723982,0.6164500236277708,1.3630434006197745,0.6182992408512559
2025-06-17 06:30:00,21.78848922862232,62.57053581898213,63.747899159663866,28.146082870650314,849.7156469845387,80.243362683317,46.70014426140154,64.63163170976685,20.437757759397496,62.62778243469076,63.747899159663866,28.074852305632852,857.6104854579348,80.58983859831703,46.83406113474065,63.97062786383239,1.3487147314865373,0.6158398809761947,1.3613846170447,0.616578980198078
2025-06-17 06:45:00,21.852281328170843,62.53511290766348,63.747899159663866,28.16108810109094,856.671607886627,80.56319767937786,46.579626568055495,64.77087650706372,20.318467802550117,62.60069375069744,63.747899159663866,28.08411000653711,857.6510848268393,80.60175034267152,46.832165229562314,63.97279661976527,1.3618775916975017,0.6154782307619338,1.3605632332545963,0.6148955976414541
2025-06-17 07:00:00,21.530407130481954,62.56517091656877,63.747899159663866,28.12505587412849,857.5904631289577,80.23381483280595,46.97742958459049,64.89660403032659,20.2065218802226,62.57498898588735,63.747899159663866,28.093407927695747,857.4315174647794,80.63775397448622,46.822213597997205,63.97655757126908,1.3464267965666683,0.615805742214274,1.359341427834649,0.6131666183391823
2025-06-17 07:15:00,20.786390646722907,62.58703759081104,63.747899159663866,28.10189725303029,862.5316374140904,80.87495701752498,46.96536741821485,64.78071629641398,20.0911774405187,62.55195322832232,63.747899159663866,28.101950821177127,857.75679052194,80.65433389021541,46.808740304884104,63.99316496741219,1.34106949222294,0.6105307492936024,1.3580196219086083,0.6115338735843273
2025-06-17 07:30:00,20.00164837255336,62.55188531651721,63.747899159663866,28.05720689451897,863.3361647139013,80.84994179113603,46.65347026068954,64.8611339686938,19.984118346811602,62.53097541155164,63.747899159663866,28.110837062172575,858.1068768299245,80.6747377280208,46.77887357487863,64.00885745060508,1.3280783643029923,0.6079942232723409,1.3564373592910262,0.6093815180165254
2025-06-17 07:45:00,19.335754607149823,62.558970669827474,63.747899159663866,28.082333766799877,860.5896604173546,80.40097021427745,46.395039182109706,64.99795299747393,19.878170924934164,62.5110939461927,63.747899159663866,28.120447554719885,858.6845885414215,80.68440652820898,46.75254919194705,63.979421973117,1.3401797285054635,0.5999409379779841,1.3547733562666735,0.6073587627038294
2025-06-17 08:00:00,19.199243014862923,62.45108306213271,63.747899159663866,28.056212387244376,860.9737390229533,80.48959631999249,46.94130232831303,64.98068536857883,19.784172814771583,62.489400233144885,63.747899159663866,28.131543652178145,859.1616059230271,80.69283127827629,46.72601257599279,63.94029993740002,1.3377086026001783,0.60361091510595,1.3536528776111618,0.6056409988655619
2025-06-17 08:15:00,18.94971752916305,62.32101790567212,63.747899159663866,28.03321441108615,856.3260679630915,80.63627705240616,47.19323397916401,65.11934541541113,19.689103557232045,62.467103745909895,63.747899159663866,28.141009102310683,859.5038590590123,80.69670128964512,46.707177512957664,63.91562074157011,1.3429204061304458,0.6030632915942018,1.35264628187998,0.6042964588024872
2025-06-17 08:30:00,18.836204758950924,62.34316461716948,63.747899159663866,28.03839754889436,861.6130204869417,80.57528370770206,47.33190199318201,65.06951056496196,19.605162969085782,62.45065745712204,63.747899159663866,28.148140614447904,859.5179233574539,80.70513060544275,46.69843862334274,63.89232042462348,1.3356568492167693,0.6075304622098576,1.3520067404171114,0.6031350507839469
2025-06-17 08:45:00,18.22880197732842,62.37963666998322,63.747899159663866,28.11861703792168,870.4172519938414,80.65608186264116,46.98373334234997,64.85882020239292,19.50104040536788,62.43531624082047,63.747899159663866,28.155860485868434,859.8763340133357,80.69555802683165,46.69703462558009,63.87465921131158,1.3369107454971447,0.6001056823782196,1.3516875671090915,0.6023137046800701
2025-06-17 09:00:00,17.489281841506568,62.36428457449848,63.747899159663866,28.17704194669465,864.1374905037509,80.4758335585701,46.88918640512463,64.81943309016937,19.392523130977665,62.41943506095223,63.747899159663866,28.1589519465129,860.0597190255417,80.7006547566875,46.686947394733004,63.86178604718057,1.341337276964652,0.594210339741662,1.3519909938819061,0.6014528360409612
2025-06-17 09:15:00,17.048666467476917,62.229620467674174,63.747899159663866,28.1548477905401,862.653045311608,80.57838952374742,46.70987664666737,62.9407856174581,19.267091908343914,62.40283359579981,63.747899159663866,28.16045139884484,860.0695855611827,80.71193820873458,46.68602640454716,63.84599488994543,1.3411346201247638,0.5905883150210298,1.3525376366577386,0.6005895826659073
2025-06-17 09:30:00,17.551766752152943,62.17593342746238,63.747899159663866,28.19092479345394,859.0703749089789,80.37688779026388,46.65917280277975,62.640087248506816,19.132654889612876,62.38917708831418,63.747899159663866,28.159836108760594,860.1230138625563,80.71919995740359,46.68699850639314,63.82597667211162,1.3334978881411397,0.5989595435918879,1.3537439027456095,0.5998276609975741
2025-06-17 09:45:00,17.834964964047668,62.25860832056829,63.747899159663866,28.23467269736757,861.0473508750149,80.50020488097009,46.81378679918878,62.54204919303356,18.98048870286585,62.382247034948335,63.747899159663866,28.161447872768708,860.3122010444064,80.71964224955582,46.69514384900751,63.801116073148634,1.3338618608813415,0.5975510563619546,1.3549883514149703,0.599128094793351
2025-06-17 10:00:00,17.82959375098126,62.202435807196856,63.747899159663866,28.25460096385569,858.10502575841,80.82577058908828,46.808133854178095,62.49468735577706,18.82524645104282,62.37353398344199,63.747899159663866,28.16558014222119,860.8792597546467,80.7427803095611,46.713929201794,63.77714517831621,1.333314908491163,0.5948836421557516,1.3567317515977515,0.5984662404921273
2025-06-17 10:15:00,17.606074511347888,62.270569382547805,63.747899159663866,28.27225385624305,859.3830014931289,81.31214030302631,46.868693364743685,62.64717652704064,18.65049320471714,62.36670100901257,63.747899159663866,28.17005574496961,861.45315476956,80.76145530463258,46.725668223261536,63.75235913660161,1.352666317192665,0.5928889927768081,1.3589059190889177,0.5979041653513018
2025-06-17 10:30:00,17.4515840959436,62.26656267952478,63.747899159663866,28.29134915703589,858.5805347694867,81.64213426909104,46.800510322919,62.78486802625275,18.472830022837176,62.36105298212414,63.747899159663866,28.173235483237097,861.8103353795846,80.78756562701146,46.72104478995946,63.725172477807426,1.3481978211740446,0.5904997223105398,1.3617640141309224,0.597542331776408
2025-06-17 10:45:00,17.27367936853937,62.29244081005804,63.747899159663866,28.2592750164948,864.4600289855468,81.03063431753999,46.85142962805485,62.73726858569312,18.30282562924925,62.356626701508404,63.747899159663866,28.17757472624775,861.7955206151231,80.80844573298168,46.72479549499872,63.686572647592136,1.355608766257088,0.5923810309963276,1.3645054014411209,0.5974550943191624
2025-06-17 11:00:00,17.793347446841793,62.29954350500484,63.747899159663866,28.241937098598267,867.8951430645634,81.20966954749193,46.4433366374818,62.77114129675397,18.14633823227647,62.3494341101854,63.747899159663866,28.180768939855266,861.641467682352,80.83766858421264,46.71143635782365,63.635062060859134,1.3519787983594764,0.582211258770455,1.3675080227461103,0.5972020861032533
2025-06-17 11:15:00,18.572372519873213,62.32238398259207,63.747899159663866,28.23600082110231,871.8085864025586,80.7570625556657,46.503867538026725,63.07230369424171,17.993944466079583,62.34113661441925,63.747899159663866,28.18532807627208,861.4276216299675,80.85929828501291,46.72170169032718,63.6455967572195,1.3548969928093162,0.5812789649683096,1.370597656626828,0.5971143682599482
2025-06-17 11:30:00,19.01970417160941,62.31098566952973,63.747899159663866,28.26875608143772,860.0757411305568,81.08968066453065,46.42888953700168,62.961452103960944,17.852056723627534,62.33460742111475,63.747899159663866,28.19190837290122,861.3820339190122,80.86547111956232,46.738173378654025,63.661915822198836,1.3534975556982174,0.5857514969338111,1.3744358961112295,0.5971717365571456
2025-06-17 11:45:00,18.819933776111306,62.26707489004323,63.747899159663866,28.22229841566553,858.596146505577,80.60013277910265,46.5889338956675,63.215841158451,17.729413616690014,62.32519106979926,63.747899159663866,28.198117376524788,861.457445047444,80.89889195670132,46.766062387986466,63.67501959699752,1.3582998011249905,0.5935911457632692,1.3779311833257375,0.5974390159342031
2025-06-17 12:00:00,18.599222658537897,62.30715931566964,63.747899159663866,28.20291129124242,859.5894840348689,80.65365610385382,46.778568430937845,63.30434661051011,17.628829308901086,62.31352125360513,63.747899159663866,28.203688285526844,861.6223825588596,80.91550175074306,46.77568127647211,63.69303309198367,1.3647062827039351,0.5896700457428636,1.3813599150917721,0.5976802954258216
2025-06-17 12:15:00,18.39251080349398,62.29386393667972,63.747899159663866,28.22629789987065,864.5475141062803,80.78614294409971,46.719358365817,63.356896645076986,17.55795966957283,62.3064605902787,63.747899159663866,28.209443263165333,861.8149675412943,80.92490169718369,46.77149285673759,63.71299282616341,1.3776952442476162,0.5938385086013643,1.3843609001731858,0.5979643319444171
2025-06-17 12:30:00,18.78610476511488,62.30027427068666,63.747899159663866,28.114265771701756,863.4679439979633,80.61299478420322,46.38404135131957,63.38149755348143,17.50979148753071,62.29770228122619,63.747899159663866,28.214121427464864,861.8664611699264,80.95269569408487,46.769033809510184,63.73010457229356,1.3941438052726374,0.5940529229156806,1.3873695459317006,0.598225262565265
2025-06-17 12:45:00,18.73605021297133,62.22446531379288,63.747899159663866,28.143094302662075,859.8572586815267,80.81302115972409,46.48255048787007,63.52058261965183,17.490673959245427,62.28959469265843,63.747899159663866,28.21509238431883,861.5238159087675,80.95783741402383,46.77152010304926,63.759340218366916,1.3977185758763624,0.5917149721270816,1.3904572382813842,0.5986400672688998
2025-06-17 13:00:00,18.63762923383237,62.36552185219627,63.747899159663866,28.144778500700763,862.8809371011059,80.80809465188038,46.4566522174495,63.48771440232453,17.499136757415254,62.28678991322003,63.747899159663866,28.215628819136274,861.4817601313545,80.97957208520562,46.77207495216658,63.79166530900586,1.405373263591405,0.5951874322956413,1.3942045955206503,0.5991636755306736
2025-06-17 13:15:00,17.88449636169201,62.49076887983727,63.747899159663866,28.131699575941997,861.4412416027785,80.75412279218078,46.59975313224834,63.44725491446838,17.521588324801197,62.29191757359968,63.747899159663866,28.215993251803166,861.5920906445012,80.9986821468892,46.788940320898654,63.8851481121646,1.4106232476068912,0.5998688948925266,1.3980878427433354,0.5999778483451388
2025-06-17 13:30:00,17.1953920612787,62.45008405119044,63.747899159663866,28.197511862314183,862.912980425447,81.49409970160566,46.63593646809624,63.64517666481168,17.54864454090022,62.3003758943242,63.747899159663866,28.214972364344916,862.0403431423401,81.02139459339993,46.8051261513752,63.98524868217798,1.4189567264157998,0.5985087893845243,1.4023240307729208,0.6004415297995497
2025-06-17 13:45:00,16.483481784154655,62.44483365829609,63.747899159663866,28.21704836079947,863.3195534153477,80.99950306116061,46.62611989420317,63.83293372930063,17.595336654954313,62.30299247157032,63.747899159663866,28.21327493594434,862.4693853045992,81.0278333962552,46.80783225152304,64.0919110791215,1.4201245115073788,0.5995877694030042,1.4059452931221446,0.6010028665650766
2025-06-17 14:00:00,16.458593772223413,62.40109501232891,63.747899159663866,28.24147501867501,860.4310652852766,81.02667235468351,46.56144126233894,63.81603194594121,17.651902586108474,62.303657622769684,63.747899159663866,28.210443312806856,862.8576489059853,81.02541064349887,46.80585588318997,64.21247443360777,1.4344575827466832,0.6049848737293814,1.4094229829943183,0.6018506294479578
2025-06-17 14:15:00,16.752149520532882,62.40232448919138,63.747899159663866,28.291265391410423,856.2271649527838,81.18960085848425,46.692147719233546,63.61288160060512,17.726099011482177,62.30070445103714,63.747899159663866,28.20739680924114,863.2677995979533,81.00552393542063,46.81477258356927,64.32543705787997,1.4441192110034555,0.6128611070445663,1.4123084981801353,0.6025940407223399
2025-06-17 14:30:00,16.835785221298597,62.34939317687875,63.747899159663866,28.22088228235395,852.9688751458242,81.1105003697343,46.57665546933823,63.351286428336685,17.791370032105437,62.299161665596266,63.747899159663866,28.20389218932552,863.5585720862515,80.98456592750384,46.8281369488462,64.42441876416015,1.4365054357163476,0.6082154957370008,1.4155682679795845,0.6034064194558082
2025-06-17 14:45:00,16.214577660816328,62.33811271782655,63.747899159663866,28.238671345534705,856.1162558425575,81.52384804153345,47.27332739332074,65.09675718722474,17.862710053831265,62.296457192673714,63.747899159663866,28.200147985402,863.665424264651,80.99207769264964,46.837480271674664,64.52241586941706,1.4337585086444782,0.6078992139944494,1.4186097592474576,0.6041992674556611
2025-06-17 15:00:00,15.74501609899198,62.35600951738239,63.747899159663866,28.25461579339329,861.9685333852424,81.03512682761837,47.14762091049506,65.35070591807396,17.92248615445685,62.29309007973026,63.747899159663866,28.194904183835842,863.7975729039591,80.97997686205098,46.8706626240041,64.62052731864387,1.443225548835034,0.6097152721882639,1.4217654077487991,0.6053618971643143
2025-06-17 15:15:00,15.656461399024105,62.276480130362565,63.747899159663866,28.26860387550688,862.8519942703109,81.40359532844758,47.23170946208276,65.39106624143442,17.970163556652796,62.28721481431136,63.747899159663866,28.1893071684062,863.7985131084869,80.97002216949433,46.900350959651405,64.70438084364649,1.4450383449407012,0.6079593192897086,1.424736625500561,0.6066743019128702
2025-06-17 15:30:00,16.181713781195196,62.100988576309,63.747899159663866,28.223339657306067,865.9218643654173,80.98789014124495,47.22986898288232,65.52109021816327,18.011815899137083,62.2788339152729,63.747899159663866,28.18289241253819,863.9840810939725,80.96017138618005,46.93154977592257,64.79516682280476,1.4405705555812165,0.6108492998545052,1.4281345361301068,0.6078403040281734
2025-06-17 15:45:00,16.823628349315403,62.10919800587915,63.747899159663866,28.20586374024086,862.1036174361346,80.9182754456245,47.06758138712837,65.71813744080332,18.05458676342176,62.272447550150396,63.747899159663866,28.17912734142057,864.2865896128334,80.96589963804259,46.96415388594773,64.86788687345974,1.432949958572859,0.6115843871520662,1.4311250015022867,0.6089594169354449
2025-06-17 16:00:00,17.391159297687217,62.08041534559405,63.747899159663866,28.178742477880228,863.157829345905,81.40910361473745,47.25813057635981,65.58286294886653,18.08296953528102,62.26499501898702,63.747899159663866,28.177086968048624,864.4080997964177,80.97856003729149,47.00512848703868,64.94294207894775,1.425916221972212,0.615358380835294,1.433863979324877,0.6103120132122772
2025-06-17 16:15:00,17.655276128769934,62.13640901295055,63.747899159663866,28.14774574354063,860.1378941590718,80.81033346081016,47.05832214852239,65.73588958459362,18.10696547585888,62.26093996863298,63.747899159663866,28.17497875506903,864.427097869912,80.9718306155237,47.042136698054236,65.00953557177087,1.4295415159876572,0.612549823487268,1.4359692483204478,0.6116261878798592
2025-06-17 16:30:00,17.743165786601335,62.28014119134632,63.747899159663866,28.19313499121804,862.8758171813605,81.12787369402405,46.90583187864402,65.78918580933735,18.115977413582243,62.25472613246729,63.747899159663866,28.175665107834963,864.5876300813276,80.98559907596731,47.0936742827748,65.01431130313574,1.453757994142631,0.609918587594873,1.4373765366485467,0.6130154642089394
2025-06-17 16:45:00,17.722213489055278,62.383450279063965,63.747899159663866,28.165780770546764,865.9629607060133,81.15169137425426,47.21583770862981,65.74526971222052,18.134078614652644,62.2436893754638,63.747899159663866,28.17577713365132,864.9512102031412,80.9821907721059,47.14686244899922,65.01010033809722,1.4576320368053155,0.6150134994549855,1.4389637965296354,0.6143612356919975
2025-06-17 17:00:00,18.36345323512365,62.42968304919759,63.747899159663866,28.160298169706497,872.5179498441438,81.05826118558635,47.144747717076086,65.64310434890838,18.156601734937357,62.22597880386306,63.747899159663866,28.1744968828254,865.0772715721903,80.98069949822654,47.188395913707126,65.01372885199322,1.460583529028704,0.6128699872242118,1.4404772634936427,0.6155716320027563
2025-06-17 17:15:00,19.23572838567034,62.337105637952256,63.747899159663866,28.183749845350253,873.9186157427856,80.69336896662836,46.89496980362415,65.74192110133889,18.19151132906975,62.20398617329247,63.747899159663866,28.17402504172363,865.2664418155902,80.97216796055021,47.22736729243299,65.01700280491016,1.4424997313580543,0.6143911593277657,1.4413596696276525,0.6164489228617539
2025-06-17 17:30:00,19.52657168560616,62.22239034317752,63.747899159663866,28.16965226973132,869.7529337999973,80.75308800639817,46.74884280418578,66.11158799036558,18.24546374640723,62.184849438936986,63.747899159663866,28.17057524600488,865.2576469041486,80.93342745435093,47.26700626368359,65.0171006050999,1.4376456046563828,0.6203165286421869,1.442182771034108,0.6173233132901087
2025-06-17 17:45:00,19.83196727255893,62.18197423057176,63.747899159663866,28.1808587492714,871.6875222521654,80.71553906067888,47.13619437612288,66.0360552552064,18.327762605129656,62.16203784658173,63.747899159663866,28.166292339844983,865.3004425876238,80.9260418847538,47.314296419419286,65.0121449239738,1.4392317727671693,0.6151913310082742,1.4431004029117476,0.618044207718293
2025-06-17 18:00:00,19.409714714641574,62.22027911629848,63.747899159663866,28.186210559567243,867.3037094184319,81.01339403158767,47.20144128122697,65.75431921465787,18.424544267926294,62.14043655508682,63.747899159663866,28.15983766574628,865.356238100593,80.92407117281488,47.360000825000704,65.00045509297426,1.4459909151575192,0.6148710843145838,1.4436741879930903,0.6189752891924076
2025-06-17 18:15:00,19.41388002031407,62.21130662238116,63.747899159663866,28.146948898789333,867.6655943375351,81.25598727191363,47.13172931290873,65.67718174340075,18.541240924401276,62.11769206108015,63.747899159663866,28.152378332391276,865.6741933924154,80.89423679054816,47.39957772254191,64.99460856617898,1.4468535042932829,0.6161664709919202,1.4437896657038136,0.6198256415840985
2025-06-17 18:30:00,19.58663046560929,62.19853011670157,63.747899159663866,28.08462305161346,871.8596022438064,80.84664462953214,47.43880720736464,65.71448477355824,18.676692321941914,62.10060636128758,63.747899159663866,28.146223910132143,866.086224258864,80.87566015009442,47.45260966537939,64.99795174947046,1.4466482533997158,0.6170901500300472,1.4439252070476452,0.6210339299185625
2025-06-17 18:45:00,20.00269458575165,62.14612602002506,63.747899159663866,28.068090358213095,871.8367925383909,80.45842177896628,47.394517607446005,65.58790944432018,18.835514917108593,62.08463319658622,63.747899159663866,28.13868585065593,866.5257013329642,80.84676569011586,47.47865884467128,64.93645763349332,1.444033525362175,0.6206511074249847,1.4438998803450365,0.6223135073458538
2025-06-17 19:00:00,20.26927444613802,62.05955869837564,63.747899159663866,28.076313405397464,865.642780695121,80.79415716510248,47.36485402513654,65.68503147870892,19.007374862696206,62.067578482792456,63.747899159663866,28.130222508811325,866.6885283043612,80.8469119086544,47.51273636266263,64.86455537412053,1.4554348745845995,0.62073156039291,1.4437431703302017,0.6236505755519577
2025-06-17 19:15:00,20.103059704651564,62.075483936368045,63.747899159663866,28.109346282136837,867.6714020714072,80.77198033497844,47.567057196422375,65.39744267810066,19.191887284751054,62.05353850105363,63.747899159663866,28.120363131550015,866.7836947532975,80.80617959289278,47.547558090281186,64.79340468867159,1.4480137622903737,0.6271645329814146,1.4433854842965708,0.6251477509265307
2025-06-17 19:30:00,19.450705814315747,62.0835833807686,63.747899159663866,28.14170009008409,863.2347895423966,81.03346808132075,48.00780646366667,65.55600277515074,19.39080919630668,62.044623021401996,63.747899159663866,28.111046180270744,867.0388717108697,80.80954885130646,47.58066558394881,64.7217539121988,1.446875617381656,0.6302479340478315,1.4429535540033978,0.6265921257469547
2025-06-17 19:45:00,19.11238902082966,62.17221242605861,63.747899159663866,28.163051510482788,865.1174563111128,80.58426029106623,47.82960469628336,65.35470142977003,19.59304857348977,62.03088110654245,63.747899159663866,28.103568743020265,867.328428719021,80.78704164818626,47.62887429252251,64.64318217033004,1.4408533141147344,0.6332637486288242,1.4425806578508031,0.6281605320319987
2025-06-17 20:00:00,19.05646289681592,62.11385918571589,63.747899159663866,28.134856354679812,868.2839103404314,81.02604859751187,47.93016889293643,63.52476949442776,19.785986544482732,62.017674225348465,63.747899159663866,28.097395910291937,867.2699166821407,80.73723720265905,47.66764179801205,64.57716402700342,1.4363624551156111,0.6357312127880892,1.4424764933662537,0.629559193795858
2025-06-17 20:15:00,19.279086245083324,61.89336260368828,63.747899159663866,28.146455077152744,870.7646623359351,80.71077204388149,48.07819547460295,63.39425366849634,19.963732420458307,62.00344566133746,63.747899159663866,28.091740841711207,867.2211161130051,80.74239896804221,47.70638276802064,64.49483067138284,1.4453363723090196,0.6320881166188212,1.441992304315083,0.6311602975971214
2025-06-17 20:30:00,19.31332284237377,61.83420470417379,63.747899159663866,28.10637097592328,866.6627781725781,80.76335643549946,47.702656158686274,63.59656981920437,20.133659391219215,61.97874678137532,63.747899159663866,28.085963916853814,867.1679842381932,80.72154060481836,47.749038051220445,64.40700105504419,1.4507772725116137,0.6314993216184042,1.4405982184977517,0.6327262218981493
2025-06-17 20:45:00,18.931784185663894,61.830989962719656,63.747899159663866,28.1175443428888,867.1163489047702,80.49817666189101,47.76889449402446,63.545473501976765,20.302093106937157,61.950958908585434,63.747899159663866,28.08035416487142,866.9601226369633,80.71122063161343,47.77741847209699,64.32029826802395,1.4370954316271949,0.6261876206624559,1.4389144053498248,0.634248372264143
2025-06-17 21:00:00,18.81396458140304,61.87598202052598,63.747899159663866,28.094017990751635,862.6491330822048,80.3318845156274,47.82510560561426,63.64811067050352,20.453365966921464,61.922658658459135,63.747899159663866,28.075288497974572,866.5389638466204,80.70381241430798,47.80731564507684,64.24220768719152,1.4436497686094611,0.6247405022351695,1.4365741673002865,0.6356821948355099
2025-06-17 21:15:00,18.95244754582747,61.76048588763858,63.747899159663866,28.08856117600256,864.6034239196051,80.77793597324631,48.04482456627388,63.68426329551796,20.585711197451108,61.89830263526347,63.747899159663866,28.070405448766472,865.984480918847,80.70762372154239,47.84482771142097,64.16579949925541,1.4476534678365705,0.6212146022485328,1.4346674811797422,0.6368543528896774
2025-06-17 21:30:00,19.36204365612252,61.75305626748162,63.747899159663866,28.047834795713968,862.1049306743554,80.96755099651664,47.93257342978158,63.465337015955086,20.70883298881051,61.87930478997259,63.747899159663866,28.065707014958573,865.4408670610532,80.71154995638032,47.877831690974276,64.05775823283724,1.451671135186963,0.6329173179528216,1.4327623988677678,0.6377668733303993
2025-06-17 21:45:00,20.253049214782227,61.71998966899135,63.747899159663866,28.067485390760368,865.7658237074526,80.29456939048248,47.87945464546991,63.437485796746486,20.80437500628586,61.86181303135226,63.747899159663866,28.060446912838486,865.0430010329152,80.68617511376833,47.89209939345082,63.95531120642917,1.447583542325153,0.6383716787952906,1.4304902126345447,0.6388326272440598
2025-06-17 22:00:00,20.899327147517816,61.83682218310169,63.747899159663866,28.036249614579837,865.32980113928,80.55320115612156,48.16761375446244,63.45158192708095,20.891567836422844,61.84509084231045,63.747899159663866,28.053022540737466,864.6622106213476,80.68445738556765,47.91733871926276,63.932668204523154,1.440571676031296,0.6444641457709244,1.4278806653722367,0.640025576248726
2025-06-17 22:15:00,20.979255515816835,61.8589177767856,63.747899159663866,28.01252956124833,869.3005680655615,80.65701424217643,48.05480277207753,63.25193370791055,20.96507693652341,61.82777356818945,63.747899159663866,28.0463750622417,864.2327893520318,80.65244974015692,47.946041226797085,63.917663651050866,1.432998707566216,0.6462865368131844,1.425193984031624,0.6412398460418145
2025-06-17 22:30:00,20.900814466620258,61.84436810356925,63.747899159663866,28.00071553805517,866.8533425271531,81.0395133837754,48.169946450235486,63.193638136890414,21.030648762836034,61.814573750947964,63.747899159663866,28.037818146599243,863.8208830833166,80.65227887959523,47.96236923529705,63.8942997250704,1.4385242483899945,0.6498273183713834,1.4223269506079756,0.6421353408187371
2025-06-17 22:45:00,21.191834060669507,61.8552806781981,63.747899159663866,27.97282255766756,865.7069877383975,80.18162585559872,48.276361290639485,63.25654567796602,21.09996630054567,61.79902746142527,63.747899159663866,28.030477893602516,863.489811884097,80.6377582186905,47.971277865717,63.87543902483443,1.4343077639317725,0.6528745805269017,1.4197159091697025,0.6426895006576683
2025-06-17 23:00:00,22.149371127863965,61.83352418675967,63.747899159663866,27.94383111892802,873.5771730925891,81.0889678936549,48.22309379291094,63.37156692398016,21.1526762604034,61.78512415324594,63.747899159663866,28.022832133334067,863.4673773730684,80.63016028872873,47.974928068851675,63.84298690811747,1.427612646786026,0.65418054446722,1.4168498173768076,0.6433862541781692
2025-06-17 23:15:00,22.890809664808103,61.69694056009279,63.747899159663866,27.981540622726406,870.7903276806679,80.2430593520191,48.51384264433953,63.36098518473992,21.190233551271703,61.763762939215404,63.747899159663866,28.015136086413623,863.1904287681741,80.63155700178575,47.978795718265275,63.81746750843668,1.4217630739950171,0.6586365757033894,1.4139072202147334,0.6436993156221662
2025-06-17 23:30:00,23.179298427476077,61.68420890977429,63.747899159663866,27.993557496030355,861.4024682394987,79.91497024892051,48.42115574104597,63.60231864906806,21.225280063905668,61.74137993123117,63.747899159663866,28.00603624384112,863.1102751431997,80.62792890030003,47.95906432315314,63.77185744671102,1.4227912874357351,0.6573182337510687,1.4114670429382628,0.6439639216476459
2025-06-17 23:45:00,22.98765240803709,61.709552092620775,63.747899159663866,27.97809368611881,858.6738770850034,80.9651864223055,48.22055124878009,63.26588891597651,21.263993486227726,61.71552313415838,63.747899159663866,27.995169986930616,862.8416691775733,80.63206888921788,47.948750062352424,63.73202270880583,1.4150158444525356,0.6605829375251706,1.4090203451912047,0.6442661593972587
2025-06-18 00:00:00,22.84097490942869,61.53917479248212,63.747899159663866,28.01982724549624,861.2818609370049,80.50212279730873,48.18549037463843,63.154297319177886,21.318159634873343,61.69499760063341,63.747899159663866,27.985741729957503,862.2342489451318,80.62540416347203,47.93628822739245,63.74140174633215,1.4119354196226923,0.6568963166257095,1.4062888326304837,0.6446167467493983
2025-06-18 00:15:00,22.775224960593626,61.54981409536735,63.747899159663866,27.99748821107486,859.7271126691177,80.84209217810542,48.06725033492599,63.144186101613,21.38559547488073,61.68192450644664,63.747899159663866,27.974331431246164,861.6606378829364,80.6295155301239,47.91695029649348,63.77046085691772,1.4071176423675091,0.6606780104347982,1.403029741730986,0.6448927472084235
2025-06-18 00:30:00,22.90163903465279,61.58067554540866,63.747899159663866,28.00832816280115,859.883186133855,80.83601466642342,48.04166290647138,63.30038692393568,21.460844959840127,61.66963596400752,63.747899159663866,27.966192900851908,861.4351830033446,80.62624417480218,47.9160690905881,63.800564789605026,1.3903763875425512,0.6558846643652197,1.39937044712563,0.6450446979161433
2025-06-18 00:45:00,23.20608530155964,61.60642494208207,63.747899159663866,28.037258369107278,857.2841279095853,80.80770818366065,48.020331793948046,63.44967546325531,21.556729314231145,61.65787940444572,63.747899159663866,27.955988021025366,861.1317059754034,80.61654373208195,47.915890290486644,63.83871582169642,1.385299147741727,0.6495559009527865,1.3961546842351735,0.6451276531580209
2025-06-18 01:00:00,23.220225426388303,61.65245498445156,63.747899159663866,28.02869925549441,853.4445180661786,80.87087505153637,47.73896219078509,62.8703499978208,21.65035432717392,61.64801425516489,63.747899159663866,27.945348614357,860.7717812322959,80.6142887894254,47.91179358116642,63.87976178046117,1.3804931352971452,0.6476921418638476,1.3924543501790423,0.6450396063253228
2025-06-18 01:15:00,22.69822779681933,61.65722147196137,63.747899159663866,28.0230556856687,859.7515414080284,79.95429378231889,47.56422545041918,62.96264446296424,21.739040803661787,61.640460874108285,63.747899159663866,27.93419085053216,860.335936470164,80.59219613405892,47.89287540941792,63.9145899753886,1.3710661857704798,0.6471639484180874,1.38917107537197,0.6452004444608339
2025-06-18 01:30:00,22.02549961875105,61.71861344504427,63.747899159663866,27.96347939653665,855.8799970714088,80.9618621855675,47.95862105558506,65.07502915747737,21.837416814078956,61.63412242721771,63.747899159663866,27.92409026730505,859.9725389145544,80.58123723681508,47.86351148008589,63.96266866470374,1.3677044972882813,0.650659554454571,1.3852660556508336,0.644714633434046
2025-06-18 01:45:00,21.619153023331016,61.69178839875136,63.747899159663866,27.947524543916398,854.7829562580546,80.29575790959174,47.9928045389387,65.22704513923226,21.93703195214662,61.62591200666916,63.747899159663866,27.91391061574126,859.4817019392093,80.59861397217284,47.819687308561996,64.0023539592637,1.3662530640749024,0.6525945647845739,1.3820641014161241,0.6439249593433841
2025-06-18 02:00:00,21.553785254988096,61.80253559945693,63.747899159663866,27.82791558233968,859.5024141823526,80.84151881268116,47.928647462363415,65.0135669941439,22.016696393083127,61.62223329623025,63.747899159663866,27.9064479681511,858.821005161,80.59419328748874,47.760971553854674,64.049845962787,1.3606372506902682,0.6439549933377292,1.378971090053713,0.6430150881620694
2025-06-18 02:15:00,22.08222071704085,61.67973733434434,63.747899159663866,27.84788276831136,861.9046565617994,80.02280195182408,47.66177652004459,65.02208843724104,22.08779051038048,61.624007179789096,63.747899159663866,27.89843343028874,858.1968437125453,80.59246069209524,47.71674824041395,64.09319822759896,1.3657022822139702,0.6372759025929164,1.3757822639031676,0.6418284882193762
2025-06-18 02:30:00,21.85057324186982,61.64245945299561,63.747899159663866,27.846940597343856,864.9697453642653,80.56621926624963,47.47436011917669,64.71146797720017,22.147028375441113,61.62521626091658,63.747899159663866,27.892270423674212,857.5702371950073,80.58298912847246,47.67180550635464,64.1432650445014,1.369452120797758,0.6416341660079374,1.371978895018018,0.640448082332241
2025-06-18 02:45:00,21.22977843070067,61.43464751545207,63.747899159663866,27.878464874523612,859.3629439245785,80.81388172668926,47.68308667883044,64.63186068767679,22.173199955308878,61.625818384437146,63.747899159663866,27.88768987171839,857.001351090411,80.60677084507041,47.6208078591069,64.18836810741823,1.3597358474281536,0.636556376301326,1.3682431406160778,0.6386619970095706
2025-06-18 03:00:00,20.502101193334727,61.412093141241485,63.747899159663866,27.86870481290891,860.8301807931681,80.92462503674894,47.41586461030276,64.18770092338117,22.16216215042855,61.62607655829795,63.747899159663866,27.88307905636838,855.9677785749354,80.59452517781627,47.57189151033054,64.23007289682337,1.3736702990875245,0.6381861148122224,1.3648015089995142,0.6369109675853355
2025-06-18 03:15:00,20.27379169049143,61.39650851387496,63.747899159663866,27.83706380316787,857.0592773423213,80.7084599586018,47.52017687226171,64.15965929261422,22.126512915228975,61.63131232634714,63.747899159663866,27.876673791694717,855.1543522073428,80.61327451803251,47.52367012753897,64.27458111308484,1.3674523817030029,0.642330881117212,1.3614687353090467,0.6351189929059402
2025-06-18 03:30:00,20.68144735618439,61.49809317996647,63.747899159663866,27.85200864548623,850.0613033671837,80.82610682513666,47.55631384413741,63.806140620217576,22.079373718621344,61.63822843966991,63.747899159663866,27.869845545416887,854.7711206224883,80.63667960966991,47.46666662021496,64.25128553060918,1.3544170782939706,0.6462488333522741,1.3579406594908645,0.6335522105547806
2025-06-18 03:45:00,21.302161445304822,61.50116977808538,63.747899159663866,27.80414611581252,853.556330470071,80.83411304343718,47.498057547633714,64.26602698606354,22.013124450774676,61.641790446408365,63.747899159663866,27.864299525318028,854.5751368298442,80.61553549745734,47.415994251789,64.23594923287189,1.347563645324095,0.6403681303895734,1.3551067719807166,0.6320716741546412
2025-06-18 04:00:00,21.570807391155768,61.46554843100014,63.747899159663866,27.86221506409561,859.8991317848245,80.66521577584825,47.67621998152515,64.49968779982348,21.92696705117551,61.65372407210035,63.747899159663866,27.85692440893259,854.4355542972675,80.59296887809478,47.354233876343734,64.21838152870563,1.340998434350939,0.6360578428500026,1.3524024241714945,0.630695827618984
2025-06-18 04:15:00,21.808314817394468,61.47829317586592,63.747899159663866,27.81139794809273,858.012038066537,80.20716338028369,47.76353049098034,64.69000446471853,21.817432944085862,61.66512609211327,63.747899159663866,27.84955056474609,854.1069592242725,80.57500358804911,47.287127447761186,64.20599010122525,1.3406225449134943,0.6286762779187862,1.3502294062558142,0.6292892082000996
2025-06-18 04:30:00,21.622714969686125,61.58002754210084,63.747899159663866,27.77483579070046,851.8513907889774,80.26423623593108,47.70220432600773,64.87948943344605,21.70094609962179,61.6757670685693,63.747899159663866,27.842396188040734,853.7945971235579,80.55966118938758,47.2305330682091,64.18129252539396,1.3326397469255211,0.6220990972542179,1.3486460167190935,0.6278267190462741
2025-06-18 04:45:00,21.613041840463573,61.53388445594048,63.747899159663866,27.75382826125756,851.5280810556462,80.11515631225208,47.47727941381878,64.72910914334088,21.56250722622081,61.67949188560017,63.747899159663866,27.8343677294636,853.6604371748995,80.56764010154406,47.176341473393435,64.14149720884743,1.3491552236244049,0.6260397463138749,1.3468753019541402,0.6266211800070971
2025-06-18 05:00:00,22.31332396863761,61.5629028607645,63.747899159663866,27.74481729890046,851.2030040060691,80.63878407920134,47.0516555498206,64.90769769540938,21.408719399328263,61.682830395418996,63.747899159663866,27.825722428514748,853.5836814662972,80.53520860838123,47.13961167552777,64.12108651193552,1.3345205435528738,0.6183429871491832,1.345108230197934,0.625391029163412
2025-06-18 05:15:00,23.24150335681217,61.47367705253455,63.747899159663866,27.76209584384664,851.0407144471001,80.8158714512153,46.56472949975306,64.62804463354503,21.257739230288855,61.68498928784167,63.747899159663866,27.82021432719014,853.2203965425446,80.55868001746832,47.108556421159484,64.09392626538042,1.3515249152838686,0.6146814560754335,1.3435721997123626,0.6240774829063047
2025-06-18 05:30:00,23.289260375613008,61.7264608699345,63.747899159663866,27.81237018687516,845.5088977930009,80.42058061559852,46.4061411132429,64.87634203278014,21.10440003433611,61.6867006931943,63.747899159663866,27.81941247428795,852.7116489525723,80.55152862484694,47.058008385468604,63.99899632019996,1.3477813351589647,0.6171680103314788,1.3422499550853388,0.6228708601727633
2025-06-18 05:45:00,23.11207903473737,61.91213428355095,63.747899159663866,27.7720934253776,850.5757246119209,80.6050363803717,46.72810336885569,64.55250165226919,20.947306576483978,61.690151856754014,63.747899159663866,27.81969045964424,852.0644335776802,80.55751402738284,47.0127383384359,63.903491234171405,1.3373339230498464,0.6106885385323911,1.3406835251477474,0.6214186751697226
2025-06-18 06:00:00,22.67795041843941,61.88064053739416,63.747899159663866,27.81582533961921,848.0551470010147,80.75536647509148,46.82166442845618,64.69564264396354,20.808763139943913,61.68878742873346,63.747899159663866,27.82612504102409,851.4918108275227,80.52450516233368,46.9903566896049,63.81993009958951,1.3244231818355077,0.6084151417573255,1.3396257182095495,0.6203424345708589
2025-06-18 06:15:00,21.97698145670237,61.87334438381475,63.747899159663866,27.835405998992925,848.6404046005078,80.89507735353722,46.74643187320728,64.60963756547117,20.65464077635157,61.68953912772382,63.747899159663866,27.831977235723592,850.8968006776198,80.54032841766644,46.97758396240996,63.74524400503597,1.322235131873575,0.5992920208467896,1.3384223509933146,0.6196901940322643
2025-06-18 06:30:00,21.818236981454,61.84126940258407,63.747899159663866,27.805506658427653,842.5699976283192,80.72159787603094,46.75560332962026,64.6227106061342,20.52646130225793,61.69337198362667,63.747899159663866,27.838340099701345,850.1678097966476,80.53016806503828,46.96094966686892,63.675831473722546,1.3243636982891138,0.6016496617401683,1.3374726100336194,0.6188417107204275
2025-06-18 06:45:00,21.82133260882089,61.85401360156853,63.747899159663866,27.78938268251668,846.3875366528912,80.8055395585063,47.067201160592624,64.69623167258415,20.409836036972195,61.70595710888624,63.747899159663866,27.84358860689168,849.6189047478724,80.52532497926815,46.94219229980057,63.612273912288124,1.3217798632809916,0.6048773353215308,1.3369164834371965,0.6180080106535448
2025-06-18 07:00:00,21.76512252924729,61.89169230945733,63.747899159663866,27.788710107695444,849.905520693862,80.61712299804256,46.711050521325575,62.90345117479786,20.317767029138604,61.72016442380596,63.747899159663866,27.84742044367743,848.8741039123317,80.5101535340214,46.94307827773697,63.5648958417329,1.31694901289027,0.6103147632162815,1.3359855072129903,0.6169523936492539
2025-06-18 07:15:00,21.00017437263688,61.81641229477423,63.747899159663866,27.811713083152917,852.794363305681,80.33086305592869,46.700380196001305,62.805799983858215,20.23704875256982,61.7325886363313,63.747899159663866,27.852743549415422,847.9774708280219,80.51397301976355,46.93695912376248,63.517434666477904,1.3299992191480996,0.6161668455209873,1.3355748616275203,0.615777991231114
2025-06-18 07:30:00,20.256252921453807,61.89718356324172,63.747899159663866,27.7985737539331,857.0943849597016,79.82512421643132,46.33267911128026,62.62726619419012,20.16113507772805,61.73887654117392,63.747899159663866,27.85775375869235,847.4181699496597,80.50118195417758,46.93590446482631,63.486098867602145,1.330804985346023,0.6156209205559935,1.3360697772248957,0.6145259099298
2025-06-18 07:45:00,19.4892017479042,61.89187469575472,63.747899159663866,27.77627288547988,849.869260479269,80.30313347673551,46.05405747744946,62.77244327720158,20.083117914978907,61.75112105909603,63.747899159663866,27.864561470293193,846.5507736332326,80.49419238627796,46.933611577510405,63.43739492806502,1.3419271048971024,0.6184794278682677,1.3365529055922662,0.6133756329944956
2025-06-18 08:00:00,19.40703370073065,61.89990483908977,63.747899159663866,27.79369686164055,850.5123231124165,80.37574270657778,46.34383151990895,62.55945964899653,20.01280663515154,61.76411741585692,63.747899159663866,27.870094100108133,845.3586257004227,80.5007513886466,46.92287154961344,63.3836087818408,1.3428747014409297,0.6120099897504513,1.3371743972448642,0.6120367429373567
2025-06-18 08:15:00,19.052919099530094,61.718169453008215,63.747899159663866,27.796404611793136,853.2593294498345,81.04707554835453,46.39458394947817,62.255815966859984,19.930306632462823,61.77804468485199,63.747899159663866,27.880040725792345,844.0444922022322,80.52708838893452,46.9220038069923,63.331151400067974,1.3321777047931331,0.6133897297774794,1.338266823229224,0.6110447070110911
2025-06-18 08:30:00,18.60659061961188,61.752610279016174,63.747899159663866,27.769340227029016,851.1418468081084,79.89793025665146,46.63706825481489,62.2580290904634,19.83795361964828,61.785692708383955,63.747899159663866,27.89119300205281,843.2256343682799,80.55570293252448,46.919758293910256,63.279477122426364,1.3274809826109526,0.6107876165532962,1.3394651408974212,0.6102734493896681
2025-06-18 08:45:00,18.16882272563733,61.7219882446416,63.747899159663866,27.85781264593046,848.8529936954518,80.65843605493178,46.632567819370834,62.14783706631106,19.73046045516022,61.7938665249547,63.747899159663866,27.901541581790045,842.6739410670349,80.56051506339213,46.915387485770474,63.238491666750534,1.3249852712033408,0.6077575607048653,1.3405300181909738,0.6094006498102639
2025-06-18 09:00:00,17.425323740168583,61.76995560562316,63.747899159663866,27.939423809470856,840.6175693722396,80.74732040692606,46.44217998485874,62.227130802063655,19.605372810065674,61.803464518272285,63.747899159663866,27.911651248333204,842.0740111022816,80.54956352714875,46.926100318606,63.26288139292165,1.3280371584775683,0.6144608724483275,1.3425029337933525,0.6089159935737791
2025-06-18 09:15:00,16.90634928776715,61.79532330554279,63.747899159663866,27.95586410460513,835.3664950112947,80.47531998566853,46.634703127957465,62.36189255837547,19.462583927080104,61.81423216578377,63.747899159663866,27.92163764722788,841.4492312789349,80.54374888527009,46.951262059294415,63.29827285824844,1.3192601659471572,0.6090290146933517,1.344008161952831,0.6084789149754811
2025-06-18 09:30:00,17.39748215878615,61.76160275884038,63.747899159663866,28.020953023735075,842.3237316776264,79.85125286120642,47.25719799743325,62.50673295668718,19.31024272319952,61.81823379488212,63.747899159663866,27.93185709574823,841.2219771918304,80.531905454022,46.98776840123886,63.32954055891119,1.3289030425443318,0.6116677753718223,1.3457745164985726,0.6080017230718747
2025-06-18 09:45:00,17.45854980927042,61.702288304054925,63.747899159663866,28.02344860929655,844.0543520647134,80.49749961180721,47.27859470419655,62.78150560063491,19.137839087686032,61.80962284464967,63.747899159663866,27.943325509059992,840.6175706902507,80.53408390849911,47.031183200549016,63.37216618730228,1.3296012657269254,0.6177086864350789,1.3480097609271593,0.6080333532922809
2025-06-18 10:00:00,18.005189019060637,61.75744513008126,63.747899159663866,28.03782651667637,843.1000189350984,80.26140868740498,46.97533125294543,62.62909203779743,18.955430773762508,61.80477087939096,63.747899159663866,27.952994199107913,840.2343782169901,80.53718445639339,47.07785511496823,63.414410235590694,1.3409598920069004,0.6161796666528286,1.3509982897532764,0.6081705983921666
2025-06-18 10:15:00,17.731020472128584,61.81220127323919,63.747899159663866,28.035920090233606,842.8957924613219,80.66858915358502,47.12036566678003,62.72513384464394,18.776608216137333,61.80187819318298,63.747899159663866,27.961797188330102,840.1015575636106,80.52032961179239,47.12480746961149,63.466733750243456,1.343052049535462,0.611545374294847,1.3541951116572986,0.6084881550709504
2025-06-18 10:30:00,17.74003095832701,61.83831258883309,63.747899159663866,27.983659916481457,838.4861557269462,80.46948167934663,47.44244394839505,62.76635880672457,18.601473907800344,61.80257899941045,63.747899159663866,27.972211599680268,840.166012103144,80.51064298120917,47.17806429551157,63.50617836497326,1.345741012361351,0.6065176046834986,1.3575345800785792,0.6086535019525581
2025-06-18 10:45:00,17.852243393427987,61.76923488963502,63.747899159663866,27.996756975307623,830.1602848130249,80.82304453086641,47.33660225302672,62.735824034964274,18.425285783841407,61.80388714222872,63.747899159663866,27.983303444410968,840.0111416769463,80.48309077896418,47.22435469942893,63.53907266699881,1.3551330141388895,0.6070988085730099,1.3609038127332864,0.6089025436391025
2025-06-18 11:00:00,18.40403711093143,61.68673032524545,63.747899159663866,28.0023149237941,833.2822770163176,80.4423748575573,47.524674076052165,62.86606665394494,18.25808934618581,61.807213050304156,63.747899159663866,27.993999625740052,839.5690263588593,80.4716285887192,47.281236241885736,63.64356390855061,1.3692645462152395,0.6086863943128586,1.364430589520851,0.6091962071165861
2025-06-18 11:15:00,18.961646562830403,61.86850531574863,63.747899159663866,28.00837746383777,827.5344409772591,80.62442600644849,47.42927092815675,62.80490879994967,18.101061529179933,61.812536401654256,63.747899159663866,28.001877069279722,839.2247077478098,80.47859307386656,47.33875486780608,63.74522345241177,1.362057496345212,0.605859822330443,1.3680245458284432,0.6094019116814685
2025-06-18 11:30:00,19.461468996334737,61.85543913382672,63.747899159663866,28.02819395854388,824.1346938005316,80.86198584690734,47.35401914461607,62.88610341309679,17.952621178581435,61.81533582451189,63.747899159663866,28.011058740393064,838.5702187458127,80.51805163570249,47.39655251362088,63.848862245422886,1.3596431839288727,0.5958911411358337,1.3717580813586607,0.6097111362860396
2025-06-18 11:45:00,19.333314736733037,61.89611124571812,63.747899159663866,28.109796718619062,818.588033120816,80.99727338892126,47.737498212346296,63.11628301153377,17.83814586921287,61.81829187590842,63.747899159663866,28.02180513099412,837.9717497945999,80.51713367090163,47.461325869808256,63.94479821997495,1.373395324444293,0.5989152001308167,1.3755130262931639,0.6098633457453243
2025-06-18 12:00:00,18.852124585249804,61.809468248059765,63.747899159663866,28.109404078514377,827.2856557704129,81.12267254363002,47.63483893354632,63.32926110419801,17.74258714899461,61.815679343044714,63.747899159663866,28.032066486732383,837.1349666792204,80.55556140944442,47.519323859421874,64.04434707553825,1.3685892769714396,0.598961368611527,1.3789838746910994,0.610602648198796
2025-06-18 12:15:00,18.3882469058217,61.779098953062565,63.747899159663866,28.064285653374625,834.9772820182965,80.25952023828208,47.34615516962547,63.499545473065794,17.682179506109044,61.82112238391938,63.747899159663866,28.043789466518582,836.386490833724,80.54855008050285,47.56516514195978,64.15534137738882,1.3811015424309834,0.5998557589317478,1.3824684697891259,0.6113485573669823
2025-06-18 12:30:00,18.560694615801225,61.85084266029217,63.747899159663866,28.048107295195276,833.2051050634662,80.31023799189947,47.37304053488623,65.6393894805428,17.640999377612072,61.82805876110547,63.747899159663866,28.055459910626407,835.7706504094144,80.59184066687911,47.5994787712198,64.26942217539445,1.393708011624231,0.6038033000546399,1.3860936672624213,0.6121046420343345
2025-06-18 12:45:00,18.95783686724496,61.7967064778792,63.747899159663866,28.061687810686823,832.2973197467031,80.64143219485524,47.31958172040537,65.68978859334892,17.626035023943867,61.83678352398411,63.747899159663866,28.063300585861636,835.2172898433473,80.58849637878194,47.6342387323575,64.40393299510119,1.3966817600682218,0.6015690981264941,1.3898895835414131,0.6128497513585548
2025-06-18 13:00:00,18.71902425919556,61.84650974288499,63.747899159663866,28.11895364248576,838.6912751798667,80.06527767815618,47.501331371576406,65.81437305266253,17.625313395572487,61.843223461928666,63.747899159663866,28.07011920482616,835.2921526047552,80.58813281423406,47.680970612234866,64.53091439010703,1.4007719715312132,0.6028522532232907,1.3937635595719995,0.6133127928386273
2025-06-18 13:15:00,17.93996996933271,61.65380577657736,63.747899159663866,28.11614582473046,832.4435295645279,80.67039001468531,48.03054734816061,65.83127050400192,17.651656128657528,61.850737151145594,63.747899159663866,28.07548980406152,835.541058631728,80.58620228198158,47.72983685320496,64.65578191409463,1.404391255907448,0.6116374451445729,1.3978189520157618,0.6136553254074488
2025-06-18 13:30:00,17.205701000733765,61.73508157963269,63.747899159663866,28.10588604105684,836.5593728031962,80.8483829119201,48.2218218610325,65.96296409261586,17.681352210643638,61.859789836132684,63.747899159663866,28.07708399689793,835.4185755874937,80.61009089687822,47.755231377789386,64.77610218081915,1.4140790466190212,0.6125324947538981,1.4014524571897469,0.6140444138838023
2025-06-18 13:45:00,16.612304727947173,61.7865637975755,63.747899159663866,28.099495675658652,844.6557849991267,80.38943201550651,48.15500251250506,66.17934300505411,17.74011204055248,61.86882460987484,63.747899159663866,28.07884514725969,835.3306010522608,80.62090832009157,47.76992935983714,64.88398024217133,1.4181397889942355,0.6088187212103054,1.405087533624728,0.6142151961155745
2025-06-18 14:00:00,16.564207731344204,61.86229358940817,63.747899159663866,28.117938998932537,844.5036338143186,80.43099895853466,48.35330810662256,65.8060490480282,17.80181708990404,61.878030248656046,63.747899159663866,28.08188230415166,835.1451715067323,80.62544689289581,47.793288894629,64.99535251209485,1.424547750927544,0.6066100681883977,1.4085256066473397,0.614413698849882
2025-06-18 14:15:00,16.535688890052807,61.89325788611654,63.747899159663866,28.122138024437668,841.7414238669573,79.97897349115638,48.45591327811337,65.68306073335094,17.873361618569373,61.88481144143047,63.747899159663866,28.0862389014785,834.9130950746346,80.64476303875975,47.81192707744301,65.10243538182381,1.4228568429221944,0.6123485859178611,1.4122921030503768,0.6149001372516184
2025-06-18 14:30:00,16.749229399579363,61.99146955172032,63.747899159663866,28.10959554756794,836.6420611512584,80.27325729069344,48.41749679502991,66.03818842135183,17.927750738500727,61.89369521924916,63.747899159663866,28.093515232157706,834.699341699457,80.6511994103974,47.817303533331646,65.13274752391824,1.422752316517214,0.6191246675407903,1.4157935325627664,0.6154514590403523
2025-06-18 14:45:00,16.289339862460604,61.97611283527762,63.747899159663866,28.048036389343142,842.4648049741904,80.53979761034974,48.42593897361163,65.85558629969283,17.983687493551546,61.9065327783826,63.747899159663866,28.099951336989633,834.7119366444338,80.65216927228097,47.841306154847366,65.16700428742756,1.4378179083758602,0.6223379824674596,1.419187434756285,0.6163959293079185
2025-06-18 15:00:00,15.803042403498878,61.98116624897074,63.747899159663866,28.074023887333304,837.459714899792,81.00888107150922,48.06660848572412,65.73642998452353,18.036713573229015,61.92085898853413,63.747899159663866,28.104965894495216,834.8174258463617,80.64792657606505,47.84316913814085,65.18876315247186,1.442811051252561,0.6248976586931275,1.4225298705618232,0.6173804665720064
2025-06-18 15:15:00,16.054942466847237,61.98055623765045,63.747899159663866,28.09866460351169,831.9151919428822,80.27559453270956,47.997258163070896,65.65052251376365,18.08662503928577,61.929249931510405,63.747899159663866,28.110939856444904,835.016080125533,80.63866660627092,47.84173679789959,65.22150332388237,1.45457545293219,0.6230457116468056,1.4258215794120057,0.6185932956846094
2025-06-18 15:30:00,16.54027209418289,61.82152885317857,63.747899159663866,28.101537533788274,825.4088296510319,81.52857486286138,48.0837712083173,65.54592531589569,18.120109394549818,61.93639669833135,63.747899159663866,28.1168902237232,835.2668465678603,80.64506057337661,47.83405048057404,65.25106663644858,1.4470001533789996,0.6341890633546029,1.4289398743978174,0.6204544337789996
2025-06-18 15:45:00,17.240689812963094,61.881460679248136,63.747899159663866,28.14809400537917,830.8050540849433,80.83673568010764,47.76982242561529,65.58564502237681,18.13914102632178,61.94394533143366,63.747899159663866,28.119183719624584,835.812317395581,80.64174105887115,47.80901985396773,65.26963386309832,1.436715557733922,0.6357670048230706,1.4312210537205454,0.6224086505673498
2025-06-18 16:00:00,17.371186764702717,61.960701594598746,63.747899159663866,28.11945355026372,832.6666340788211,81.19664784793889,47.66647713261577,65.68045303063226,18.152490912622998,61.95552956475556,63.747899159663866,28.120596798307297,835.8594694413572,80.62779606147947,47.77423315215121,65.29173495686165,1.4362369068098184,0.6334701565738609,1.4332612519637422,0.6244303476197708
2025-06-18 16:15:00,17.719892115591197,61.983731131001,63.747899159663866,28.09303290298742,832.2521767134398,80.55810741201711,47.67536665350174,66.18316165751312,18.16516217093596,61.971617980788075,63.747899159663866,28.12272072548008,835.5414405288692,80.64577660707674,47.74471766106477,65.30013938387367,1.438862759573093,0.6301108404314751,1.4348720734074976,0.6264910291290585
2025-06-18 16:30:00,17.403674889027126,61.963153743959865,63.747899159663866,28.14398237840649,842.8634522144717,80.73641347048923,47.84413638117962,66.03657265223929,18.180318277108405,61.983837204881176,63.747899159663866,28.12532254837388,835.1139478757308,80.6601705880321,47.717617476151645,65.23840891664666,1.4442564393951507,0.6283521168505021,1.4364130185389887,0.6284190308385686
2025-06-18 16:45:00,17.696631280318464,62.02073398205064,63.747899159663866,28.11698208166591,842.8336758204787,80.41740401809464,48.10069035706032,66.10791827800358,18.191108558618307,61.99740297218679,63.747899159663866,28.126460778170607,835.1095380301518,80.66878938203219,47.69293832406041,65.16939354274322,1.440921939260038,0.6193049917580014,1.4380377695315723,0.6309427484659941
2025-06-18 17:00:00,18.28836461836945,62.033183308453154,63.747899159663866,28.068778808827275,838.6492403505986,80.56791130810531,48.01903373496612,66.11634095842268,18.22219307068731,62.00986012896769,63.747899159663866,28.124287884755837,834.8291566998099,80.689585828655,47.66336088316297,65.0987010301231,1.437908197763879,0.6233404296624236,1.4388292008787458,0.6334181937481694
2025-06-18 17:15:00,19.22134470653552,61.97333151631963,63.747899159663866,28.076283120149363,841.4151160077266,80.82202230820803,47.71953416562905,66.01784744120035,18.270269987095883,62.0290240403241,63.747899159663866,28.122453731933426,834.8101866109207,80.69382805772246,47.60993732344585,65.0298770297749,1.438653558776361,0.6228321533882454,1.4399155331876592,0.635739514580466
2025-06-18 17:30:00,19.85634049960769,62.033614293517246,63.747899159663866,28.12894122343564,837.5371325692466,80.39756587153201,47.67611729670134,65.97026013550298,18.323887787823466,62.04728794399455,63.747899159663866,28.120133887092855,834.9378002878979,80.68850019758301,47.54310648841762,64.96075341977829,1.444102082685253,0.6221347486820521,1.4404076124989627,0.6381550334663788
2025-06-18 17:45:00,19.87735633208839,62.01563705647204,63.747899159663866,28.1666180100386,835.9334994983886,81.24807352950317,47.67951115120016,65.93761993651275,18.39576578359591,62.05965976218891,63.747899159663866,28.1202767939481,834.884731474406,80.69082314972975,47.474179968045625,64.88122881991143,1.4560469416265809,0.6261385263469401,1.4404760700014883,0.6404476681117238
2025-06-18 18:00:00,19.371704556267726,62.10482592339377,63.747899159663866,28.201949836857867,832.0735544716207,80.66257282847617,47.60373762505436,63.675723069557286,18.481963815388163,62.067033013728754,63.747899159663866,28.12035662996853,834.6581515967744,80.69104109192102,47.40250691184159,64.81078735845593,1.4507838977330303,0.6230572583455156,1.4405195759374438,0.6429020570087517
2025-06-18 18:15:00,19.530346044952573,62.15436166363814,63.747899159663866,28.189840120265263,830.5381331623258,80.85214038737324,48.056680898498,63.76352694024405,18.588600671227674,62.077571931568094,63.747899159663866,28.120990246878726,834.7424021931783,80.7189322466309,47.313013006977705,64.74619617647036,1.4569500799444497,0.6354329165999962,1.4402933358527241,0.6452323267636665
2025-06-18 18:30:00,19.99481950125542,62.11651662979121,63.747899159663866,28.152751648961647,836.4469530741582,80.31509397107965,47.58056357485693,63.518832605274255,18.708443869469882,62.08201576609594,63.747899159663866,28.12226877656823,834.8995046715941,80.73189476020974,47.22864405656008,64.68394122423953,1.469537620381385,0.6382225122354941,1.4399557676531642,0.6470619578761394
2025-06-18 18:45:00,20.45899054453309,62.12023360503708,63.747899159663866,28.187596322328385,833.4940693523969,80.34662691262494,47.38630072091888,63.78711394226465,18.85854737881656,62.08371696782014,63.747899159663866,28.124800094536088,834.6061081860288,80.71662872663133,47.131577288504225,64.62298588486526,1.4608087618506898,0.642244695708533,1.4391788119105058,0.6487322639276816
2025-06-18 19:00:00,20.46599965425609,62.069842138455165,63.747899159663866,28.206704976892784,831.6576870703489,81.05380486007762,47.12342962484946,63.773002790083325,19.031608316732207,62.08460388244877,63.747899159663866,28.12645138667833,834.2997847310105,80.67804476286848,47.04898065262955,64.55226669470935,1.4531920335032222,0.6517252839675398,1.4382792280258296,0.6502035572209052
2025-06-18 19:15:00,19.90426368989197,62.122570238787326,63.747899159663866,28.17860159566052,834.9521579524379,80.89768795375801,46.98657941415732,63.67329981102572,19.201430839442917,62.08291938109353,63.747899159663866,28.125360862707154,834.3195807595827,80.69693857810792,46.97403323860317,64.49353996262727,1.441830704126139,0.6575417037813248,1.4373566545512204,0.6514261544988057
2025-06-18 19:30:00,19.25262117428631,62.15699524771655,63.747899159663866,28.15179643899588,828.7002171436982,80.70432262187926,46.59123787905045,63.99229391709778,19.386040735066995,62.084084317293204,63.747899159663866,28.12482430915743,834.4912031582826,80.65753811050358,46.910222252825285,64.42641560862701,1.4297952242673346,0.6596122801841537,1.4365403786226765,0.6521480441082457
2025-06-18 19:45:00,18.768384655210603,62.26175143403832,63.747899159663866,28.128003468558003,825.4364146436594,80.79893660620017,46.46069043703229,63.75167828342643,19.57153012197254,62.0846969950962,63.747899159663866,28.12383934176004,834.6851574269228,80.63675161235149,46.849989587295184,64.35333555199733,1.4294261857436426,0.6616762042103819,1.4354797537267434,0.6526027331736758
2025-06-18 20:00:00,19.015377800974488,62.21741938308504,63.747899159663866,28.12616198200938,820.3803254693107,80.74205742056037,46.560034987492415,63.78747546373262,19.772660444294974,62.085162824521184,63.747899159663866,28.1246082495737,834.7945499158734,80.59067503625616,46.79641205007278,64.33471511861451,1.4399363655689683,0.6616433513399456,1.434353118940122,0.6532231523548799
2025-06-18 20:15:00,19.281545312542107,62.203679497047744,63.747899159663866,28.095834704588665,832.1650243793355,80.89999601485798,46.57920715766856,63.61932737624574,19.95702533794357,62.08654192699451,63.747899159663866,28.126318303950935,834.8666391142981,80.57889896280754,46.758472613975755,64.29647145018141,1.445424289845726,0.6772806269492553,1.432959890772481,0.6540076238338841
2025-06-18 20:30:00,19.65155962126568,62.22022444631183,63.747899159663866,28.05376684004255,830.2798352696082,80.68917107683976,46.6140081446531,63.69359767405866,20.14208635428662,62.08861002100853,63.747899159663866,28.12549436275318,834.6189914577542,80.57207540840888,46.727056006405164,64.2633628911789,1.4245149119464189,0.6771156116885488,1.4313914371200034,0.6546540056875352
2025-06-18 20:45:00,19.382277461589883,62.22872311726992,63.747899159663866,28.061121240058217,831.8744268978517,80.79765688670946,46.42784055664697,63.76655049355583,20.308755208703836,62.09328896725152,63.747899159663866,28.12623767939559,834.5935082597545,80.56026618023705,46.69163392057094,64.23338791545879,1.4369812251748508,0.6812770701134716,1.430104454557952,0.6555349758441383
2025-06-18 21:00:00,18.81423502256125,62.28299868974603,63.747899159663866,28.036290695839696,840.3877831125083,80.68854710773682,46.21689681018562,63.88925579271757,20.468135079798344,62.09373416670281,63.747899159663866,28.12553433594709,834.6985162504945,80.56139365269308,46.65760414817113,64.20850963581151,1.4288414259581312,0.6849980613312802,1.4285091080543295,0.6562854182636328
2025-06-18 21:15:00,18.768644601120503,62.15771834340624,63.747899159663866,28.10378288131596,843.0637205943718,80.4591205799085,46.0872069013452,63.79360500904826,20.617277254997028,62.096505739931594,63.747899159663866,28.12281355950682,834.5238587579836,80.54487474326011,46.64068951030388,64.18858926931198,1.420193514070002,0.6775977605706553,1.4264417606425597,0.6569875533030385
2025-06-18 21:30:00,19.15014868511179,62.08349113560363,63.747899159663866,28.12033407954547,837.7062374853749,80.43753722427277,46.20311642050163,63.69280520436334,20.739760954758314,62.0963161111573,63.747899159663866,28.118818485648326,834.1165973882319,80.5205786353999,46.61442999899186,64.17808037779209,1.4258529290062094,0.680241735099239,1.4241062125053177,0.6576734074077576
2025-06-18 21:45:00,19.73479456523813,62.209425421296665,63.747899159663866,28.14114653174352,844.2689417590749,80.81570813245281,45.77109613219686,63.74532527378376,20.837076101051004,62.097042064058094,63.747899159663866,28.11416297112502,833.9107402066444,80.47785202924383,46.596148204655904,64.18000534691919,1.416069640380605,0.6822566785652994,1.4211861194291353,0.6580024954162823
2025-06-18 22:00:00,20.344525346845582,62.1247845875557,63.747899159663866,28.147951438253163,841.3551355037276,80.66213269805858,45.88642828250092,64.17053985442739,20.923805890576848,62.09752116178947,63.747899159663866,28.105739742931366,833.728090124441,80.45515989585911,46.57939465317939,64.24831322178632,1.4126252705304212,0.6740136009149791,1.4182195094910488,0.6583734310147293
2025-06-18 22:15:00,20.792445142860817,62.02714888700365,63.747899159663866,28.123975928378776,833.6629104072348,80.08181660299702,45.51393593193602,64.02692611846456,20.999974332746675,62.097920000978526,63.747899159663866,28.097952540123963,833.7201399621995,80.43261776282682,46.557410505935394,64.31309331423601,1.414509236096107,0.6724471640137246,1.4155624126278186,0.6583413437459936
2025-06-18 22:30:00,20.99487054096836,62.00777368782959,63.747899159663866,28.1235626516005,828.2700112492391,79.85136215862414,45.58870940948397,63.61485427984617,21.06701914725974,62.100254532276054,63.747899159663866,28.092147257941892,833.5282041367939,80.42847876245978,46.54784675571554,64.39648522374598,1.4158235347122687,0.6690364574898373,1.412354910802936,0.6582112080133004
2025-06-18 22:45:00,21.149618148168603,61.93002119699335,63.747899159663866,28.065948884376414,832.5090728000492,80.84240898989331,45.7488357422795,63.888720551300985,21.127114234961176,62.09966587643429,63.747899159663866,28.085482472081782,833.4089918478543,80.42239716103225,46.54758353986848,64.4684759343913,1.4268982486939168,0.6597236299838202,1.409089919618764,0.6580149659851847
2025-06-18 23:00:00,22.07856896290517,61.85647693916872,63.747899159663866,28.08544092729663,830.5575016120274,80.34656083473097,46.169441634980814,63.53219469588824,21.179815596105616,62.09963867993386,63.747899159663866,28.0766105356194,833.1656541308822,80.38659729869886,46.558523092546345,64.53652893730721,1.4225118755226769,0.6558457516378049,1.4059777433798926,0.6574742912672041
2025-06-18 23:15:00,22.805371420129507,61.899841013338,63.747899159663866,28.11854498345737,836.6236821441545,80.21314073554488,45.96284245971206,63.39324332348665,21.228921558047244,62.0979383659497,63.747899159663866,28.066979412736014,833.0175664083383,80.36661165379505,46.57228645429611,64.60050196138312,1.4048968108559363,0.6494076767859717,1.403052840782187,0.6566512376051024
2025-06-18 23:30:00,23.40509643437579,61.97467647734844,63.747899159663866,28.142520784673607,835.9484087473351,79.81435056507887,46.05915101594376,65.12184002914758,21.2811205211497,62.09092935940366,63.747899159663866,28.058284251435868,832.9432298015312,80.3529134780531,46.599251566589835,64.66307585749857,1.40243786321117,0.6520827320099858,1.4001921653010467,0.655663799822042
2025-06-18 23:45:00,23.250838925049027,62.02510420520039,63.747899159663866,28.144334534304463,834.4148526661813,80.20482520855845,46.53718357059091,65.03585160452018,21.341466192329115,62.08252153295317,63.747899159663866,28.049830815913634,832.9540580611879,80.32909932591448,46.63589348405404,64.73325314852076,1.3970659145438644,0.6536449848016015,1.3975662308066101,0.6545840614048564
2025-06-19 00:00:00,22.95550537931858,62.02519656438079,63.747899159663866,28.11926414247401,835.4340225181593,80.53170683852925,46.901638154061786,65.04331588216336,21.40843661614414,62.072839045570774,63.747899159663866,28.040961146279532,833.0653552398938,80.31343286449086,46.675334595980274,64.80088855658133,1.3972028298208317,0.6477435724600353,1.3944564057012283,0.6535645789225139
2025-06-19 00:15:00,22.696696912834987,62.16110236934029,63.747899159663866,28.13928158093804,842.069179880484,80.06312717294007,47.03802778203384,65.20866900640065,21.48806237724947,62.0643671796122,63.747899159663866,28.035333323074905,833.0436852464572,80.27697800455493,46.718510970664276,64.88183505430221,1.402312462398488,0.645734096456093,1.3906617635830811,0.6517433616650563
2025-06-19 00:30:00,23.06976075120468,62.04653929199183,63.747899159663866,28.047678505372375,841.799480072801,80.60173548178591,46.99814056297172,65.36999256900411,21.561567077075434,62.057526601443115,63.747899159663866,28.031591111928808,833.1450522182073,80.25918151831858,46.76442810138907,64.96150264734594,1.390047802655202,0.6458537022472599,1.3876229652362733,0.6498964836312642
2025-06-19 00:45:00,23.695609962496096,62.056478713183154,63.747899159663866,27.9946598269412,836.1753912323966,80.3264550252187,47.21209502961145,65.42023644621429,21.635056832786145,62.053171313823064,63.747899159663866,28.02601411615672,832.9721238543306,80.23083107337926,46.81923297538697,65.02147412758589,1.3766331364232676,0.6438962045704149,1.3839640535842366,0.6475249804981966
2025-06-19 01:00:00,23.53085149244614,62.02792543028837,63.747899159663866,28.009089007680853,825.3192914766936,79.66868263572609,46.888331957340895,65.6549933899063,21.716183741752328,62.0412072971265,63.747899159663866,28.021384435907304,832.7006618004411,80.20537804196856,46.87706437325584,65.078752154633,1.3740356385679904,0.6427103718236241,1.3806540124501219,0.6450094609738587
2025-06-19 01:15:00,22.79681072086913,62.03741564349598,63.747899159663866,28.02695257433934,829.7577840507666,79.96627534482148,47.13105732112128,65.99536901032604,21.80149173219455,62.03277007423799,63.747899159663866,28.013192054235578,832.2685828675841,80.1880795481194,46.93566391191876,65.07993334953865,1.368444149341116,0.6360111666026815,1.3775827235504714,0.6424766169511125
2025-06-19 01:30:00,21.97359824204303,62.11919885533503,63.747899159663866,27.949252991048315,826.5940520055156,79.98180882693393,47.10113108075895,65.72495931557124,21.896920428969114,62.025878609107174,63.747899159663866,28.005218305485457,831.9301783131218,80.18675962840702,46.98477912563405,65.0843578161872,1.3617855995904298,0.6341853262989257,1.3743370564848203,0.6397151389027974
2025-06-19 01:45:00,21.81539931004738,62.16632683930968,63.747899159663866,27.956224036043217,830.2996282950857,80.17587639640482,47.39715648117827,65.70692971373485,21.984207133246404,62.01420673098057,63.747899159663866,27.997571090224366,831.2614597932185,80.17022739810736,47.04813658939137,65.09098296404113,1.3772371740475464,0.6344702985379276,1.3710492981419267,0.6368538677038029
2025-06-19 02:00:00,22.006163936647454,62.18655256871718,63.747899159663866,27.978593183499424,830.6888783119869,80.19092396006869,47.293651068261234,66.02058989057298,22.05898508465974,62.003474166827665,63.747899159663866,27.989854029179146,830.8122163211932,80.15953955200484,47.108871608856994,65.08024903383263,1.3733125656349128,0.6343184402546953,1.3680169165262401,0.6341971307156704
2025-06-19 02:15:00,22.261843175576136,62.102573929783794,63.747899159663866,27.987652746525185,829.917700684209,80.16417886979876,47.37840424550716,65.9468352616242,22.111221772438032,61.998785205914466,63.747899159663866,27.981980541193753,830.5968994692549,80.17121313365489,47.18926269752537,65.071721692449,1.3628590263255216,0.6363574348650621,1.3653891568932295,0.6315006353614556
2025-06-19 02:30:00,22.047040488589303,62.06902624344251,63.747899159663866,27.940546883021213,824.3575555611873,79.97980899007614,47.45161620518544,65.81459287756061,22.13229312411538,61.994146203598504,63.747899159663866,27.973636994196166,830.6019681645109,80.19432058381281,47.261331314668006,65.07140382948357,1.359826746337085,0.635505042428123,1.3625934104991828,0.6289812557224911
2025-06-19 02:45:00,21.37744254814084,62.0715608192626,63.747899159663866,27.88966790915901,830.5095262761221,80.29811860664329,47.399480266650365,65.59249053330312,22.135338907071787,61.99381213000759,63.747899159663866,27.965568041816535,830.4523681925319,80.15572829917545,47.32620246657873,65.05615492663482,1.3540836261949634,0.6328500939182753,1.3590179972202463,0.6265970720696858
2025-06-19 03:00:00,20.81859006735993,61.94672505133545,63.747899159663866,27.89094159999152,826.4701189394814,80.29337734962066,47.400191247862224,65.86951080056133,22.120985196248977,61.99856279218691,63.747899159663866,27.95743994857171,830.4386674274576,80.15063162094485,47.37970578739162,65.05408844129308,1.3439749598331323,0.629989146692342,1.3558610141798988,0.624132114913125
2025-06-19 03:15:00,20.578754790593077,62.00951664052371,63.747899159663866,27.874400402890924,825.761262433363,80.08451204204181,47.55994796095822,65.85699701409227,22.08443551482872,62.00524487783207,63.747899159663866,27.948749131563524,830.4486322011257,80.13990140482322,47.44365830523249,65.05698800666582,1.350648150910544,0.629284051694813,1.353595966580541,0.6218916413163614
2025-06-19 03:30:00,21.024490515425363,61.92694476161317,63.747899159663866,27.860071892986294,823.7192408304896,80.27206357785221,47.743268345279645,65.81653770554931,22.02421288351812,62.010180233292225,63.747899159663866,27.940592827611706,830.4462435193681,80.11300931790593,47.49161878233965,64.99983665414621,1.3466416124075156,0.6310588768696654,1.351173041829065,0.6197378134272413
2025-06-19 03:45:00,21.67031814570184,61.94952351829018,63.747899159663866,27.927000008449927,831.5149245762352,79.80635021678002,47.874498398188365,66.04772230787279,21.936644841660517,62.01589387592152,63.747899159663866,27.93198907149689,830.3650009727637,80.07961234679323,47.524225176609434,64.94576747680973,1.331585026301309,0.6226441092255295,1.348840308092469,0.6176803909841799
2025-06-19 04:00:00,21.85670061604458,62.015007101239526,63.747899159663866,27.94150050565965,833.320844422112,80.1552764897493,47.99152206639703,66.08362546536986,21.825944669536007,62.020683401368174,63.747899159663866,27.921913016270928,830.3492557269841,80.06794930036898,47.54759389131468,64.8911313269617,1.3333509615421872,0.6217092706747857,1.3464103484760737,0.6158773989176215
2025-06-19 04:15:00,21.5869701329112,62.098064488668086,63.747899159663866,27.893811366895516,826.6865759815503,79.94714353852984,48.07198677658372,65.56569490075469,21.703298503030748,62.01818273748779,63.747899159663866,27.91131121106205,830.0572454331317,80.05725820225794,47.54941392804325,64.8260298567062,1.3272138756137484,0.6101319761214422,1.3442728588384403,0.6140645438869824
2025-06-19 04:30:00,21.248042291546803,61.92407818884944,63.747899159663866,27.897400288357257,832.2439214958242,79.9249561654153,47.95183874625208,65.60759660413036,21.569031573534275,62.01648200421696,63.747899159663866,27.902855507759064,829.7650112741353,80.02609522977188,47.5695540456944,64.76103573180886,1.329540191934687,0.609532475601146,1.3428358403974936,0.6124068193195237
2025-06-19 04:45:00,21.327884314387106,61.90460165675078,63.747899159663866,27.85801143116425,830.1013526086596,79.94016576443424,47.84519306123266,63.82904085621854,21.41763219938642,62.01346762975433,63.747899159663866,27.895387148734716,829.7518727129892,80.0141791208887,47.57871808590975,64.69289451863766,1.3280548470804932,0.6016124398882693,1.3416922906559834,0.6108138639931179
2025-06-19 05:00:00,22.013009588348748,61.87674718167921,63.747899159663866,27.88112161704175,827.5541008515066,80.39793963290059,47.67657283196027,63.825539203819325,21.26926647773748,62.0114858617088,63.747899159663866,27.888349669721936,830.0815816513658,80.04007524693738,47.60361621408836,64.62130411571322,1.32848291703667,0.5973973936497864,1.3409109978634837,0.6091376647516575
2025-06-19 05:15:00,22.35339569355686,61.85926907749845,63.747899159663866,27.911730073910796,824.2073861619741,80.3197412234639,47.67182004491637,63.944079709402,21.124967409828525,62.009820101242184,63.747899159663866,27.881244757436427,829.9014146956727,80.03243295005124,47.62183403865974,64.52806136851353,1.3174368900937974,0.5964185425954692,1.340302664333472,0.6078027014236117
2025-06-19 05:30:00,22.58786388924563,61.80280766296863,63.747899159663866,27.91643960689659,827.8778313429733,80.34149731498287,47.70847886646987,63.84852194817209,20.994866229484277,62.006550188839356,63.747899159663866,27.876919191100693,830.0657741380268,80.03443340613688,47.64538911301315,64.43641202357534,1.3216538220598228,0.5943114912710027,1.3394628275377163,0.6064838329240757
2025-06-19 05:45:00,22.35954577620956,61.88648005960742,63.747899159663866,27.88777128881693,827.2034048490846,80.43202405249822,47.92566859198733,63.77110587695596,20.86392372137187,62.00302918809595,63.747899159663866,27.871400716565955,830.0307637078935,80.02395095969297,47.65223621324157,64.3617152155856,1.3356764471057885,0.5915523033872814,1.3378132689815447,0.6051065107803114
2025-06-19 06:00:00,21.627011091288896,61.86860361835103,63.747899159663866,27.873256241672955,828.4220721069215,80.54458566336183,47.7507679237628,63.605318390883234,20.73425050839777,61.998510609484256,63.747899159663866,27.86543118473184,830.0908843600371,80.01849391531621,47.662786222492095,64.26003940234644,1.3319511428908637,0.5934550683208948,1.3362670951213997,0.6039078385768847
2025-06-19 06:15:00,21.24099163686074,61.91999898926587,63.747899159663866,27.823880312987438,828.0210736406797,79.68464045077195,47.69497029960129,63.43125346583799,20.607648793141745,61.99780739319073,63.747899159663866,27.860223224783258,830.0677909637903,80.01743319050358,47.68320740583114,64.16654255362776,1.3196358503258252,0.5881981203996669,1.335299703881076,0.6026449600948035
2025-06-19 06:30:00,21.64795763822098,61.99899680454816,63.747899159663866,27.84159812995196,830.1464786597965,80.19366048781355,47.77454125936757,63.470200135636375,20.494617425535015,61.99831708335052,63.747899159663866,27.85553905436223,830.1784155561202,80.01677750559821,47.72121486007612,64.09172067023981,1.3278023843122544,0.5818970369409792,1.3343176442339135,0.601389617517221
2025-06-19 06:45:00,21.7088809775216,62.10030358269309,63.747899159663866,27.857820473211667,836.9226253541976,79.891234251896,47.88141799493831,63.48023028466877,20.390964160234326,61.99458850583605,63.747899159663866,27.850957939722267,830.0847125128718,79.99742915504319,47.757239893439504,64.08073392353546,1.3369453828752045,0.5821934688830633,1.3334173187430403,0.6004400614300928
2025-06-19 07:00:00,21.59841749505789,62.12273714115306,63.747899159663866,27.89783166611923,835.8767482946057,79.00758795756002,47.49796532915836,63.40729945355909,20.29263756191664,61.99516136421735,63.747899159663866,27.847626301606354,830.3027801802455,79.98611437246697,47.7887969444997,64.0711699255217,1.329750120666895,0.5874678953363841,1.3329305615954707,0.5998109806893102
2025-06-19 07:15:00,20.62379766932102,62.19651348407919,63.747899159663866,27.886221850859886,831.9775762680495,79.20291607517741,47.51537539868456,63.41377628442648,20.2086157240328,61.99170515888686,63.747899159663866,27.84454038728503,830.5975634498659,79.98983661393123,47.821996871887954,64.06018594198015,1.327083902445976,0.5919223115097559,1.3323293959139277,0.5991864554862482
2025-06-19 07:30:00,19.634500215583213,62.1688823277802,63.747899159663866,27.81698248569507,834.9616651447689,80.18181544580177,47.60269959521924,63.404231386722046,20.127769214168655,61.99267599300024,63.747899159663866,27.842912773495662,831.0478779616735,79.97285644479983,47.847769375152744,64.044860327998,1.3243040413289693,0.5936538104632862,1.3319753583326717,0.598529267651934
2025-06-19 07:45:00,19.01731191767728,62.086082452928885,63.747899159663866,27.82122742467168,833.308871064913,79.74239422960868,47.09262888389089,63.25562489873579,20.043499454545948,61.994514808136834,63.747899159663866,27.838166529928603,831.2699949184953,79.98530558674625,47.883537369527374,64.02417392669317,1.3381877732694916,0.5913484455369192,1.3325468542932086,0.5980949401934653
2025-06-19 08:00:00,19.041752866310404,61.99551729386703,63.747899159663866,27.79400740628297,833.0324553029064,79.66684630720454,47.60234409250625,63.42016882208392,19.96080708025537,61.99721257291345,63.747899159663866,27.83356287259357,831.4017672143312,79.97930980763651,47.91801716717095,63.99918838529687,1.3469372494267997,0.5961219652234984,1.3333883006105547,0.5975629235376766
2025-06-19 08:15:00,19.15362873806037,61.966047479304216,63.747899159663866,27.77060905621076,835.7812343980153,79.96897175872337,47.487016236071874,63.37600005107798,19.87621460801811,61.99826872058922,63.747899159663866,27.830160242165512,831.888019519096,79.99843976476068,47.93182797541455,63.983180200270425,1.3423266441779582,0.5961075447782417,1.3346728301831532,0.5974995068611523
2025-06-19 08:30:00,19.079879842978134,61.96847238892254,63.747899159663866,27.79796463729739,835.2105596279928,80.4455664171858,47.63527580269916,63.50728130217305,19.780162440106025,62.00021742924769,63.747899159663866,27.82660146759155,832.0994954671371,80.01894972740192,47.949476719763624,63.96693818313541,1.3505968547930016,0.5924243945798151,1.335846856467032,0.5975176944946303
2025-06-19 08:45:00,18.4678386836004,61.98744282949737,63.747899159663866,27.813805205774063,824.3527753799733,79.73700643823784,47.677592058262896,63.198086594335855,19.675037058040555,62.00731662416992,63.747899159663866,27.825263513676873,832.2807727830083,80.03950225676913,47.96578992887985,64.01515184706894,1.3501941434407667,0.5959622667613056,1.3372367088255326,0.5978410130911368
2025-06-19 09:00:00,18.070562831715627,62.02110148325036,63.747899159663866,27.819486000976266,831.5248352761381,80.04182250950278,47.80778331136116,62.97547896742547,19.558476882744326,62.01457563882468,63.747899159663866,27.823804890622323,832.4717009636901,80.05218890168616,47.976705829440945,64.07223845037778,1.336590495717764,0.5946192713128454,1.3382158743735777,0.597989534268935
2025-06-19 09:15:00,17.887124066675078,62.06069681700731,63.747899159663866,27.79066980000099,829.2493153910875,79.8614030030876,47.60256948803081,63.466025474042524,19.437122975389613,62.02232279919111,63.747899159663866,27.821579384386002,833.0413680349285,80.07929268199359,47.980271539168584,64.13453994223289,1.3277504173623915,0.5931506342249996,1.3397822105788784,0.5982588320378351
2025-06-19 09:30:00,18.11596754742448,62.0509952103664,63.747899159663866,27.799507228476045,832.4924978762954,80.02721262876598,47.61015134577699,62.97031549339828,19.307785804084567,62.02939734339733,63.747899159663866,27.819715020016,833.62474548488,80.09971442407998,47.97991792615107,64.20409354045238,1.3269273498305665,0.5983582741518952,1.3412382788755914,0.598709113058517
2025-06-19 09:45:00,18.46379171789545,62.081477440978176,63.747899159663866,27.83141394806768,829.2248987968036,80.13235712541974,47.99103974567843,63.141929800063714,19.157185820672467,62.03279675819944,63.747899159663866,27.81826899189928,833.9648652589498,80.1148086328802,47.97266572931371,64.27487411599544,1.3338372891158077,0.5984710804026234,1.3424005666969332,0.5994753820714781
2025-06-19 10:00:00,18.656099460387363,62.08431694823596,63.747899159663866,27.800021770390423,827.6762933310844,79.96013844291542,48.59183983253477,63.56993637592193,19.006957109350182,62.039675674851786,63.747899159663866,27.818260663584585,834.2866373223302,80.13199519859316,47.97203743104804,64.3447703694216,1.3303649569222138,0.5978447651006485,1.3436116889350254,0.6002971106974171
2025-06-19 10:15:00,18.267844589120138,61.95970349382837,63.747899159663866,27.75223446996016,827.6984349786692,79.71766808999298,48.480231267551886,65.26288813217275,18.849229477624117,62.039809079878225,63.747899159663866,27.82092380060061,834.5470666896574,80.16634354849253,47.978303525113475,64.4156821884197,1.3270738614687605,0.6043634113044294,1.3451859579752452,0.6012956212686275
2025-06-19 10:30:00,17.868792117829322,61.963910802774855,63.747899159663866,27.79099245651413,833.0121489606935,79.9539338723338,48.34690277966803,65.58259086014856,18.686608579945165,62.03744945720933,63.747899159663866,27.82321509392566,834.570917881374,80.18839691596555,47.997942242536716,64.49140798435025,1.329372245406051,0.6111167244688606,1.346423017931733,0.6023426561990525
2025-06-19 10:45:00,18.058099654077868,61.90583048060872,63.747899159663866,27.781822973251145,834.6047605219743,80.19617928596944,48.555945782605946,65.52747750784606,18.53541205566369,62.03106316300083,63.747899159663866,27.825593896393077,834.3335832703043,80.21922301473602,48.00443052761422,64.57922993373283,1.3326131804642516,0.6105482956029563,1.3476088170482283,0.6035801601284633
2025-06-19 11:00:00,18.599095219501024,61.95606978501466,63.747899159663866,27.81124347930533,837.228676184719,79.76265850390978,48.51644344322317,65.3567692860845,18.37396483779709,62.02314607299245,63.747899159663866,27.82747392576202,833.7816827206376,80.27587198812121,48.0248676888694,64.68153738995582,1.3360204849698378,0.611343241840242,1.3493357480679025,0.6048236930792631
2025-06-19 11:15:00,19.142225357020685,62.004687972388105,63.747899159663866,27.784612701438046,838.1784332808902,80.1798244751727,48.947538229427465,65.42713026872748,18.23229272079488,62.013860794269185,63.747899159663866,27.829349374138527,833.3032065566694,80.3100988346102,48.037644953144984,64.77633087560326,1.3487299051174102,0.6096142854714647,1.3516447110739842,0.6060678755308683
2025-06-19 11:30:00,19.375929387327204,62.09594004453783,63.747899159663866,27.80339078560877,837.2740132971884,79.97540311645717,49.025915995704366,65.33405922348133,18.110686448580672,62.00266775301793,63.747899159663866,27.835351527669832,832.8328539011363,80.33802208313992,48.040723407358726,64.86910205432211,1.3585943510625698,0.6057487710011246,1.3541598360565912,0.607190908204646
2025-06-19 11:45:00,19.049195965793466,62.12974891894156,63.747899159663866,27.791732454053765,841.2741451244957,80.52104225225523,48.48631102389179,65.08544934996125,18.011721463728872,61.98743929771285,63.747899159663866,27.843402885193655,832.4420737828873,80.37042440808973,48.07023362935179,64.97444196416491,1.365749762791708,0.6082294758257119,1.3565033824995363,0.6083505684847721
2025-06-19 12:00:00,18.366477254184176,61.98253944860317,63.747899159663866,27.7906370511384,838.5881999370579,80.54025504465288,48.48130107672403,65.12033609008006,17.92786542736001,61.97733283975255,63.747899159663866,27.85120489072489,831.707859551969,80.39035045913222,48.07742172922345,65.06728451679359,1.364760980451045,0.6100781046054881,1.3591524573501215,0.60929609311184
2025-06-19 12:15:00,18.17412285242309,62.11757750441775,63.747899159663866,27.81787281372389,835.5396720847957,80.55674164545002,48.33458933471968,65.27545077422423,17.871439308508563,61.966602336182184,63.747899159663866,27.86034289651796,830.7176214012507,80.42303068851756,48.07892834518664,65.09869266858978,1.3697504178355138,0.6113119977834656,1.362101171875269,0.6102461272767237
2025-06-19 12:30:00,18.516204329461782,62.094517621322105,63.747899159663866,27.83736292540525,833.2819462719583,80.77853898041211,48.00404984879316,65.53813730308448,17.8338201477384,61.954971810773934,63.747899159663866,27.868766173686286,829.7324367831764,80.42626259949586,48.066242374283405,65.12423746671031,1.3578578834780242,0.6018530289837284,1.3652301287047308,0.6114786590238712
2025-06-19 12:45:00,18.71277847291551,62.09168388849116,63.747899159663866,27.84496488682126,841.2973982991272,81.13285463268609,47.77879133674541,65.8131244650556,17.81109642520271,61.941765004217174,63.747899159663866,27.87684202951314,829.1838452753133,80.47764618498242,48.043593174817694,65.15698700721458,1.3644269762528165,0.6044974756624747,1.3682658003747454,0.612736588937485
2025-06-19 13:00:00,18.70774875009424,62.0150439891553,63.747899159663866,27.860508675796428,845.3791548415155,80.95414957757455,47.697870475944335,65.93512989475637,17.80466409232662,61.93301667801772,63.747899159663866,27.886604499800516,828.454944273614,80.51021170203312,48.01138864424281,65.2016549191982,1.365335870961221,0.6078199218914621,1.3717383840649653,0.6139074599291309
2025-06-19 13:15:00,17.841546273846706,61.98846250367075,63.747899159663866,27.844390445315355,837.4069980711796,80.88485031650514,47.70810268686681,65.89452314324795,17.816679472713304,61.92711056110417,63.747899159663866,27.89616128420007,827.9121050586261,80.5275941800807,47.98710429984013,65.22466782020602,1.370545081746038,0.6145403737761113,1.3756458880691542,0.6152528316091689
2025-06-19 13:30:00,17.120149751620193,62.07497111792152,63.747899159663866,27.87300639223212,838.0752340083359,81.06018263475015,47.73191897579244,65.70220599366777,17.841487362438038,61.91850910124563,63.747899159663866,27.905075131628312,827.2853745634486,80.55865272734634,47.96219202712171,65.26470973916533,1.3682848100336356,0.6181069270990677,1.3797561326487824,0.6165176182974974
2025-06-19 13:45:00,16.50916268507879,61.9240011400591,63.747899159663866,27.90377442346817,835.8339546604938,80.7150909477536,47.882953121564434,65.55860803578146,17.87882376440251,61.912094775517325,63.747899159663866,27.91186939340304,826.968421702231,80.59310778793957,47.9238957636032,65.30073063570089,1.3668639215324088,0.6181534375359766,1.3832442555256677,0.6177978567628162
2025-06-19 14:00:00,16.769330707852372,61.92820812448125,63.747899159663866,27.910336929703423,830.8620144112982,80.85526151200408,48.36370278206501,65.74197401355278,17.921861740235197,61.90965173926746,63.747899159663866,27.920831802743557,826.9428847516604,80.6382117022381,47.87449961980122,65.32954345754051,1.3649141830068914,0.613308084853726,1.3873347163208836,0.6192703851151589
2025-06-19 14:15:00,17.172985249077506,61.90871475643806,63.747899159663866,27.92918454723426,829.8025870221009,80.81601721500992,48.07606654726328,66.11488876614628,17.97754908770984,61.91187773683873,63.747899159663866,27.9317097406454,827.266288272838,80.68564459043826,47.82609358255432,65.30501894239663,1.3725193563700635,0.6193185867653941,1.3918082160911593,0.6203690323417974
2025-06-19 14:30:00,16.755000959059867,61.88522444090175,63.747899159663866,27.95423254718747,819.3197318046097,80.70705715911579,48.11108016681368,66.47652314024872,18.0407889821974,61.914178624329814,63.747899159663866,27.941411409195105,827.4641851440463,80.70153314782176,47.78117036824918,65.27453989215597,1.3815580512571202,0.6247738838603771,1.396232731413957,0.6212791295213733
2025-06-19 14:45:00,16.373634159254667,61.91795512238119,63.747899159663866,27.942485302155045,817.623291348996,80.22972146984723,47.89869332695202,66.25758085384982,18.091328744286546,61.91913173437326,63.747899159663866,27.950298536166763,827.7223451664782,80.72234966486674,47.72516658656468,65.24555589943854,1.396352792628426,0.6292477850579106,1.4011033807211533,0.6223038823193733
2025-06-19 15:00:00,15.986312049157014,61.83309109024261,63.747899159663866,27.997047091634222,820.8510854787828,81.01951290169302,47.6950532216316,66.18736674828737,18.135982787292612,61.921847093169035,63.747899159663866,27.959088536228357,828.0374041508225,80.74455489696169,47.66936490074493,65.23065262382421,1.399757790807184,0.6273447906766154,1.4055994155065243,0.6233238022886284
2025-06-19 15:15:00,16.048362372123208,61.62922879377626,63.747899159663866,28.06276815038641,821.5854675174397,80.71446397810307,47.9779355436827,66.41582219401995,18.17938655940795,61.922978317621954,63.747899159663866,27.96906966800068,828.3755000923782,80.76228279119299,47.6088921126573,65.20599173833571,1.4084941665578417,0.6261382539407023,1.409519900247646,0.6243106049370429
2025-06-19 15:30:00,16.52607177524457,61.69232355505792,63.747899159663866,28.02806757222001,811.0060283753597,80.26462783847984,47.81798708865611,66.20544540094444,18.215330556869166,61.918175272341124,63.747899159663866,27.977703507749265,828.9006303431481,80.76469524120125,47.54474904965504,65.18728645573937,1.4264094949443582,0.6244877040355344,1.413193327730867,0.6255789105492388
2025-06-19 15:45:00,17.460845172516983,61.64413237219334,63.747899159663866,28.04474923000286,806.0740898764659,80.9493786402826,47.53221471496754,64.31824460496335,18.24006740214167,61.909613107172355,63.747899159663866,27.988141887187886,829.1530946555231,80.78192309471916,47.5006948177719,65.17583306836768,1.4307880799323744,0.6246085697247512,1.4161836973042157,0.6267432918367536
2025-06-19 16:00:00,17.951305019873345,61.619556626675056,63.747899159663866,28.050662952347057,805.6550210857604,80.54252374653515,47.25469667560209,64.27362524578905,18.269601317643268,61.90316060786545,63.747899159663866,27.998486379558123,829.6832210061443,80.78610565094755,47.45898367690001,65.15592583059167,1.4444655596768594,0.6294003469942415,1.419122221974381,0.6277496604913898
2025-06-19 16:15:00,17.786127007529515,61.591238632794585,63.747899159663866,28.056080880579813,807.8950301440827,81.27851400283444,46.99811607429169,64.18057280946395,18.29820808274053,61.88970985211798,63.747899159663866,28.00620039760151,830.3316440381891,80.7888504528673,47.410308765767844,65.12424899067237,1.4412642935412032,0.6337001641697192,1.4222660574761885,0.6288557449919325
2025-06-19 16:30:00,17.877592845433064,61.7586516972669,63.747899159663866,28.11236010959752,809.6578052251637,81.01878802102432,46.84164739411455,64.31551632693396,18.317039744372966,61.8813225715993,63.747899159663866,28.012388254279188,831.1756675724321,80.79249674044422,47.37786327452202,65.09248279550997,1.4407680064243642,0.6297454010622268,1.4258272367217701,0.6302908147741715
2025-06-19 16:45:00,18.247585478275514,61.88351330960078,63.747899159663866,28.0773733319876,812.9641389414488,80.38287734451468,46.8740391559504,64.15641250427738,18.33611581341087,61.87532989823419,63.747899159663866,28.016812333555258,831.6152521278634,80.7704179066358,47.3413664847274,65.04195351789963,1.4449755374880622,0.6335117846261374,1.4291298883962393,0.6314392454788341
2025-06-19 17:00:00,18.860204239166567,61.79295141461039,63.747899159663866,28.06692265132327,813.6905830209644,80.95896904673555,46.862783164224375,64.17157306217709,18.361877410502647,61.870176748032584,63.747899159663866,28.023048315921393,831.6849747613942,80.777845192801,47.30806233156875,64.9805607370198,1.4502346872194083,0.6363018748017516,1.432245202348131,0.6324075690758171
2025-06-19 17:15:00,19.58388377682964,61.8890476691288,63.747899159663866,28.03524180130969,819.7163129602776,81.16600894321658,46.84215184012308,64.22255669613055,18.40754686314131,61.862194424704334,63.747899159663866,28.031862264998686,831.812395051933,80.77152547135626,47.26971048381828,64.92269007491187,1.4384809754223675,0.6368782343621864,1.4353554110005193,0.6333382413144345
2025-06-19 17:30:00,19.947238735367826,62.01102586073984,63.747899159663866,28.068894050605724,826.9101848139645,81.31325587187101,47.10995551847564,64.43432103111093,18.46276962204532,61.848566156664944,63.747899159663866,28.038047062813586,832.0625307542567,80.75647278094797,47.22812647185201,64.87293116406603,1.453078780778693,0.6420206156709268,1.4388728756317883,0.6343150217567692
2025-06-19 17:45:00,19.93846501335941,62.02648342096686,63.747899159663866,28.078572607015552,837.4005406139999,81.14065473599774,47.02805015014483,64.52715267785598,18.540997316623304,61.838616978755276,63.747899159663866,28.04218875196377,832.5328496998999,80.75699510525334,47.19475067906574,64.89200013066794,1.4612788545770306,0.6373228281035859,1.4420967270506795,0.635409684549329
2025-06-19 18:00:00,19.765988952456254,62.032937427507136,63.747899159663866,28.0820425130053,838.9490550969412,80.43059059383891,46.99920635051382,64.66821935292893,18.632277187957715,61.83393970084561,63.747899159663866,28.04679130678071,833.2963662680661,80.74635885835423,47.13453736292906,64.90566353279567,1.4621077050899811,0.638419639856141,1.4452403962773823,0.636721047623817
2025-06-19 18:15:00,19.57429251675213,62.05442378191201,63.747899159663866,28.04843678240093,842.3495611949363,80.82067479731927,46.8758323320711,64.65795772632327,18.74099431209269,61.82854064097732,63.747899159663866,28.049475331894097,834.0823891040426,80.75883315308776,47.08589518674667,64.91401966522255,1.4787326596801398,0.6412908795429537,1.448454682282989,0.6376726448270718
2025-06-19 18:30:00,19.93871650968308,62.037530548888135,63.747899159663866,28.074943481153127,846.680445715046,80.42881546675804,46.84239286863054,64.90967101765442,18.8772883363302,61.82386315688796,63.747899159663866,28.05192471418121,835.2782698821924,80.74175175147283,47.03571228321347,64.92272517764691,1.4709015285309714,0.6419408409178962,1.4512177492259142,0.6387402876367986
2025-06-19 18:45:00,20.444338520480837,62.03862470597536,63.747899159663866,28.084046654607757,848.32131152756,80.71166130211158,47.133354586798575,64.6873037040726,19.02471070207194,61.82230254472109,63.747899159663866,28.054392838410923,836.5439155660516,80.74073419328738,46.98484533888023,64.93373646409235,1.4663444473510592,0.6392183649239028,1.4534181774300836,0.6393927555285277
2025-06-19 19:00:00,20.45424931116366,61.951848686113046,63.747899159663866,28.0624059780662,853.0279208202853,80.04777661670515,47.10162410563638,64.7729007455909,19.190931858428314,61.829500509073036,63.747899159663866,28.053887211201907,837.6783095342696,80.70509856616442,46.93674871040765,64.94220249866083,1.4687971755592044,0.6437979393669961,1.4552229447336205,0.640236287518911
2025-06-19 19:15:00,19.791301323968515,61.87288396387833,63.747899159663866,28.104883837212416,848.8480744957451,81.0378778577922,47.16468406739781,64.74184772881058,19.375709428287358,61.84244243338994,63.747899159663866,28.050600880720516,838.5336890659971,80.67952426127304,46.881021176770204,64.9333288082627,1.4554608499921664,0.6431609144511587,1.4560313630982171,0.6410081416891136
2025-06-19 19:30:00,19.252494719232235,61.78896446939639,63.747899159663866,28.100971822245608,854.4919904556942,80.66573173150458,47.22996685056719,64.52311895679986,19.561951548637207,61.85169295144461,63.747899159663866,28.047089077717022,839.6766153653967,80.67209349972947,46.83449969329059,64.9311880170513,1.45291672055601,0.6402691642445767,1.4561909581313697,0.6416628697297492
2025-06-19 19:45:00,19.03232580534087,61.714054831993344,63.747899159663866,28.049293355025476,854.9923630461393,80.63908570304213,46.87434200075487,64.32514557664531,19.749198156009257,61.862108138322434,63.747899159663866,28.04200446940367,841.0676487862305,80.61786574855728,46.80437272101281,65.00206342487664,1.4640654828897326,0.6444945327997432,1.4560992604692211,0.642307844713229
2025-06-19 20:00:00,19.08115417843493,61.84289920576173,63.747899159663866,28.02299862573552,858.602652299248,80.8879276077202,47.0306851114182,64.58515144821219,19.932966400141655,61.8687266703515,63.747899159663866,28.035452104559763,842.557586441593,80.60881411612134,46.79149850598936,65.0691481929707,1.4646932608454737,0.6449051224508963,1.4556193482945183,0.6425549495115043
2025-06-19 20:15:00,19.285060544052644,61.91190368753805,63.747899159663866,27.977687265103388,854.4849349620664,80.47048961843339,46.68388764290708,64.29724613674543,20.116646709553514,61.874733957311264,63.747899159663866,28.027532219590682,843.9089467233777,80.55178870126578,46.772868379364475,65.12764323293509,1.4635065264868892,0.6389503968023544,1.4548249057411944,0.6425848178840597
2025-06-19 20:30:00,19.48059666284752,61.86044948310696,63.747899159663866,28.04758814678049,847.4708338474385,81.17696816253033,46.69874588118467,64.09334646836174,20.2892610507565,61.875683169885335,63.747899159663866,28.017030959386524,845.2571003670865,80.5143400197913,46.750869433746075,65.1813827566587,1.4587952895179697,0.6368696298009515,1.4541648775013956,0.6426922467032882
2025-06-19 20:45:00,19.21162985300654,61.74899280382346,63.747899159663866,28.108808917634217,841.229606787344,80.69525867316322,46.55754725435278,64.15840328001028,20.450942596455967,61.87014816307056,63.747899159663866,28.007178285595987,846.6631396756279,80.49160778296026,46.72679235739747,65.24369809449543,1.4638513413176926,0.6424605409346335,1.453564017911042,0.642833779175392
2025-06-19 21:00:00,18.776832518740672,61.66612307673981,63.747899159663866,28.05855032667906,845.5793050780478,80.6086019225019,46.48439861680428,64.20943866829224,20.597639971495358,61.865411032507936,63.747899159663866,27.996267539709518,848.0477063143078,80.4643355710752,46.70019426629642,65.3048808292606,1.473808748971706,0.6474103403691087,1.4528659895686369,0.6430405439573764
2025-06-19 21:15:00,18.855993522418213,61.62552580276893,63.747899159663866,28.028025097973725,849.9435230297913,80.73076067691467,46.8816793379765,66.13067703383885,20.727720693953795,61.85616270558686,63.747899159663866,27.987663234264538,849.1992324120206,80.42730781960314,46.6834748508461,65.36377534924209,1.4635794640991455,0.6509933213127698,1.4527001571399312,0.6433866266148299
2025-06-19 21:30:00,19.50772684788479,61.787889787191446,63.747899159663866,28.048413574211512,853.7675114562805,80.5361741050303,46.55730329796409,66.15187607738454,20.845997009951372,61.78409402272906,63.747899159663866,27.95886688495154,848.3080902678633,80.33068908790119,46.667936645834935,65.47654389196002,1.4592242598079737,0.6526489770883669,1.4520760999486888,0.6424275473287536
2025-06-19 21:45:00,20.43449897312645,61.74674296038916,63.747899159663866,28.00970530063593,853.3832721014004,81.19024605701593,46.61680126179163,66.36557273895309,20.942457203770807,61.712922469192556,63.747899159663866,27.927970805862838,847.0603761068683,80.23363723289614,46.64811704449335,65.59817551125454,1.4689479365382545,0.6478665028630328,1.4511344966748285,0.6416621711505258
2025-06-19 22:00:00,20.84382168618537,61.74489991822089,63.747899159663866,28.02771401580081,855.1961551491007,80.19461511066805,46.60559306081792,66.73768851297913,21.018431068570553,61.641103661030606,63.747899159663866,27.895995347234663,845.7583097622542,80.1759186118126,46.62194350878656,65.70418158931467,1.4644500595448846,0.656803168152184,1.4501389127259912,0.6407550274918391
2025-06-19 22:15:00,20.796305131506795,61.87113675737511,63.747899159663866,28.016529029046445,855.5926618647754,80.19919472428386,46.37268499695499,66.58791944721318,21.09396477554258,61.570240080968105,63.747899159663866,27.86530322472984,844.2948376089753,80.11600857978009,46.59656222944681,65.81209327868275,1.4623656387535122,0.6488218218097843,1.447865268353443,0.6394953549446645
2025-06-19 22:30:00,20.972946739848204,62.04903002080104,63.747899159663866,27.981878275363847,854.882904525323,79.95044408800389,46.25215436745391,66.44134778534149,21.15265042807994,61.50252713746299,63.747899159663866,27.8350356686228,842.7514964415429,80.04364574409283,46.56920432635422,65.91371169954353,1.453900809913285,0.6526507503881155,1.4456244540677148,0.6381544242113829
2025-06-19 22:45:00,21.59168946789471,62.01748652328345,63.747899159663866,27.96417823594451,847.2468534692624,79.94723483136238,46.306109534559646,66.14961148207608,21.20318573043931,61.434345963970365,63.747899159663866,27.803861115660972,841.1441803276343,79.97317993572437,46.54480377165245,66.01885952252744,1.4327467174957451,0.6492938790467803,1.4432269093046333,0.6368634588015432
2025-06-19 23:00:00,22.11333538573998,61.96983909669793,63.747899159663866,27.922713482115256,845.2938173573501,80.04170499217172,46.42234258426753,66.14122166460253,21.253198865925906,61.37276126940568,63.747899159663866,27.773389645870434,839.4431030381659,79.90215390405189,46.521323270574506,66.11368718492164,1.431197345938929,0.6441295452545994,1.440786849744273,0.6353837290479862
2025-06-19 23:15:00,23.07824339367853,61.95658797852798,63.747899159663866,27.89221098060228,847.8050925014736,79.32254610511707,46.62840554663431,66.44450683972349,21.31743725124309,61.31648523953501,63.747899159663866,27.742423559509838,837.880794273795,79.78875118619008,46.494030656492086,66.14244095543975,1.4280371500679263,0.6439578192291486,1.4384453943426905,0.6339170804930954
2025-06-19 23:30:00,23.46435234384514,61.81811258754698,63.747899159663866,27.85409200703003,850.3531507466386,80.2709747734572,46.86847022489846,66.28616828861136,21.372131872460496,61.26329614303606,63.747899159663866,27.71202715137101,836.0202532204692,79.70832067411054,46.45787185929953,66.18333776384267,1.4300681944357716,0.6368134909425002,1.4361264662727073,0.6324106718437077
2025-06-19 23:45:00,23.29653628988536,61.771457241587456,63.747899159663866,27.818484331507207,848.4358385976245,79.56775155716761,46.43921227554504,65.93542400839527,21.426343500239152,61.21096689553285,63.747899159663866,27.684948998116305,834.1079921184036,79.62444416573882,46.44385176897928,66.23732354261188,1.4174310169414832,0.6345962153463824,1.4331954848262423,0.630646954553652
2025-06-20 00:00:00,23.056023081522607,61.78712807448918,63.747899159663866,27.79732230347271,850.1024145364238,79.89532757679002,46.18167902556269,65.92770203864252,21.48933594725569,61.15909108435458,63.747899159663866,27.658287291418844,832.1445129313114,79.55761515405763,46.425603552086486,66.27285854177177,1.4209671592304003,0.6329682656390797,1.4300461137327993,0.6288732485097299
2025-06-20 00:15:00,23.098031849259595,61.71746310515761,63.747899159663866,27.78179311827168,855.1453181976971,79.70091023958328,46.15172686549217,66.02587263937886,21.554368621334014,61.10190033700669,63.747899159663866,27.631502913432463,830.376846544977,79.48742225926439,46.416841904639604,66.3174611959242,1.4269497497774577,0.6377577587892513,1.4266692623996755,0.6275113953632036
2025-06-20 00:30:00,23.26112549034814,61.650837497731615,63.747899159663866,27.739600274729195,855.227582181357,80.1408026901836,46.06484043119269,66.00705510513227,21.616555951477658,61.04645355573175,63.747899159663866,27.600908627760635,828.630842948823,79.37119550387756,46.39941228678102,66.36395319071609,1.42929383694725,0.642504818261284,1.4238386436186607,0.6259389016909658
2025-06-20 00:45:00,23.486305450582865,61.61159786149654,63.747899159663866,27.77711263796025,854.262095891665,80.05517639905527,46.34056937661378,65.98939229557536,21.6809220261318,60.99816837950537,63.747899159663866,27.566585352011717,827.1303251215511,79.2823050749569,46.38185181612106,66.4052443656229,1.4335060025612,0.6472607140857909,1.4202766506903002,0.6241041105281223
2025-06-20 01:00:00,23.49552821529509,59.848965375005854,63.747899159663866,27.205003571215816,800.1759204892479,78.4146939208121,46.64380936814045,67.81737731264897,21.756331176520753,60.949365176185864,63.747899159663866,27.534583508008488,825.3487351647922,79.21870841133315,46.38353099221237,66.44473943562056,1.4343570650414186,0.6132482370886351,1.4166809553438668,0.6219955470832658
2025-06-20 01:15:00,22.832270827942544,59.89133681487164,63.747899159663866,27.15169023435438,799.9691157841444,78.2290990858464,46.4334621098971,68.17610125669161,21.836277804336714,60.9073608367595,63.747899159663866,27.50435029499093,823.3046934724972,79.13307952152489,46.369063245630265,66.42475217323316,1.4330307563612237,0.6143615427567588,1.4134594101147564,0.6198953821918598
2025-06-20 01:30:00,22.045204896448546,59.87837318264887,63.747899159663866,27.12277875416012,799.8870647585211,78.69903196133303,46.21400027931033,67.84840169473283,21.907122402872076,60.8619996213189,63.747899159663866,27.47234099535943,821.0427202891977,79.04745733614705,46.36123746326375,66.41348678894141,1.4322401866248633,0.6112053300955362,1.4103945392380268,0.6179088359818766
2025-06-20 01:45:00,21.840303725913078,59.92851638003672,63.747899159663866,27.127673107256264,798.4453965965683,79.02337383634358,46.1143939518786,67.89530840736533,21.970504879802718,60.81626404640501,63.747899159663866,27.441674938803065,819.1883568316113,78.95691481213015,46.35408603702677,66.39271988660226,1.4105233285036851,0.6035007031277164,1.407000882405741,0.6157203723858972
2025-06-20 02:00:00,21.699286085803795,60.006142243734864,63.747899159663866,27.16691679794189,800.380210692075,78.25793039614001,46.02165577585286,67.95822364347798,22.02704042087818,60.76907938683873,63.747899159663866,27.410802724844167,817.2615813849383,78.88814563801999,46.3403758575564,66.35734549247847,1.4036770999591297,0.6017129189194474,1.403464884727192,0.6131798236126722
2025-06-20 02:15:00,21.96039759126183,59.99318950119665,63.747899159663866,27.14881006575296,800.1018281103034,78.59768705105802,46.40133794574548,67.84173839358972,22.079942996909946,60.71754191672907,63.747899159663866,27.381293987601605,815.2449247067078,78.825980707531,46.34502323599539,66.32756685619755,1.3944181044586157,0.6004894026287111,1.3999447937704095,0.6108623258577773
2025-06-20 02:30:00,21.95464337576162,60.10430784917215,63.747899159663866,27.14826188435,801.995602136228,77.91699566653045,46.3972090732981,67.61773061741744,22.107243612982753,60.65615883410692,63.747899159663866,27.350923209484485,813.0100792415228,78.76067321735665,46.360789993866106,66.30074040907895,1.395595388748395,0.5994060467602889,1.3968008170017912,0.6083985192095186
2025-06-20 02:45:00,21.718452883484066,60.18460306775856,63.747899159663866,27.175901246394545,801.978811564621,77.63579632193866,46.345905644925246,65.60446084435335,22.10043641731678,60.59598730885543,63.747899159663866,27.32149619568224,811.0358315565619,78.70159821585382,46.36547644566615,66.28381619941321,1.385217187944691,0.5991614578044343,1.3945530394064396,0.6061390294101209
2025-06-20 03:00:00,20.89333335575436,60.193291574427725,63.747899159663866,27.189079578080765,798.6757588559188,78.25281636911755,46.14520293479063,65.75002320888748,22.082220311097338,60.5374936334363,63.747899159663866,27.293772297630106,809.0628250128107,78.63447821607352,46.36021829867342,66.26422687275645,1.3833488784565124,0.5950769047629433,1.3920022337451912,0.6039928843768475
2025-06-20 03:15:00,20.6586746387006,60.14417740689726,63.747899159663866,27.23694875738433,797.6245299841706,78.12279045189119,46.45373929114727,65.94471893972164,22.04087872397764,60.479849778957224,63.747899159663866,27.2672398047914,807.0074869551074,78.58562083844369,46.345143775561056,66.23458307490925,1.3761360394957804,0.5915830140980726,1.3895756222187066,0.6020709688751827
2025-06-20 03:30:00,20.97092758893101,60.28662487041343,63.747899159663866,27.223147424811707,799.6982766864871,78.88305725728398,46.48323860463418,65.65120142300876,21.97695869771953,60.42854241608459,63.747899159663866,27.242975595330787,804.8515011914272,78.50648643430321,46.33695636064616,66.21290279884217,1.370212128042189,0.5916939411332333,1.3870500581497072,0.6001450757227373
2025-06-20 03:45:00,21.236040766402425,60.19618126710127,63.747899159663866,27.174155925511904,801.4549433720265,78.36470277463667,46.42103821950084,65.63532576131848,21.898069172383018,60.38050586741959,63.747899159663866,27.221933194522087,802.8165615749111,78.4594868956076,46.33716756632303,66.20667325098978,1.362200986493178,0.5980948024065654,1.3847029062104983,0.5984211212072926
2025-06-20 04:00:00,21.34621656715671,60.19704604485887,63.747899159663866,27.129759576625627,795.0907259628242,77.69016550092549,46.17585734542696,65.48810631211835,21.796186714647504,60.33178235603832,63.747899159663866,27.20372821568849,800.5439069573832,78.40760374981275,46.348105732586994,66.20818394454804,1.373876726087517,0.5896948196338176,1.3823975697588815,0.5966554995128983
2025-06-20 04:15:00,21.142612092630955,60.30043751703215,63.747899159663866,27.079110645166686,796.2140719691859,78.02854580554302,46.03073313455424,65.39713852721488,21.667060700672877,60.28286862313568,63.747899159663866,27.18661552471897,798.3502130636563,78.34330900545845,46.358017956686645,66.20390459498712,1.3569915534668775,0.5874168060493327,1.3798357818390736,0.5946108859068922
2025-06-20 04:30:00,21.039107030409237,60.20202697715439,63.747899159663866,27.098495006582198,792.1316063752807,78.70070201378962,46.53477389954347,65.3942907682221,21.52833069531592,60.23904322630006,63.747899159663866,27.17314424270681,795.9201245110937,78.28953487225114,46.36320964016324,66.2030004455851,1.365937888578703,0.5841534370234083,1.3768805937157638,0.5923903963225319
2025-06-20 04:45:00,21.25439235689694,60.36539561997829,63.747899159663866,27.12102870744705,788.6222722609396,78.16189398266667,46.447646940513366,65.5310591622166,21.382625314907383,60.19526493902756,63.747899159663866,27.15752489801974,793.7184156886262,78.2272038233024,46.37502232768148,66.26844794451988,1.3669331072258375,0.5879883745705916,1.374044366052243,0.5900286448345816
2025-06-20 05:00:00,21.6330648039457,60.42705332397327,63.747899159663866,27.088134585266573,785.9083159572987,77.96750854369493,46.322529826968776,65.81391454863217,21.228349785799356,60.211079834109384,63.747899159663866,27.163286872691298,793.3331201324951,78.21495305166444,46.3676788949147,66.28396974715544,1.3672781335060866,0.5930525907888694,1.3708698536633794,0.5885334475340228
2025-06-20 05:15:00,22.335973281045742,60.374675712972426,63.747899159663866,27.089723603944844,797.7523683738044,78.47397033650901,46.40225847468211,65.74256566877878,21.071760573675927,60.22481816606647,63.747899159663866,27.17123902947866,793.0048377888612,78.21972500390025,46.36586634645648,66.29092389837491,1.3671382315696876,0.5822125949836531,1.3675528033997175,0.5866571928944107
2025-06-20 05:30:00,22.539887918449164,60.32936013123295,63.747899159663866,27.10154759703395,797.3928917489094,78.13153988736346,46.1942876767068,65.67645668926536,20.925211677771756,60.24217331838223,63.747899159663866,27.18065346194123,792.7442223405936,78.22270238383673,46.370808240952506,66.30845743188596,1.358370129188404,0.5805867049554353,1.364285462860423,0.5848348710816775
2025-06-20 05:45:00,22.383382412459888,60.32501265408504,63.747899159663866,27.131266911769533,795.0929615178665,78.33424680961406,46.5121063501246,65.69456035878558,20.77688958604534,60.25747748853211,63.747899159663866,27.190399999214815,792.4584025678196,78.21697275151423,46.390455829796245,66.32732087728697,1.3567629100500418,0.5792968891629381,1.3620703721249285,0.5832354850295415
2025-06-20 06:00:00,21.791965222032392,60.20753754213648,63.747899159663866,27.07075493185025,787.8375405697684,77.9912193827738,46.7251571035755,65.63655437178373,20.640043348461447,60.26888302188118,63.747899159663866,27.198927345323764,792.1597532958478,78.21396075875033,46.414916427996836,66.33795047550127,1.3595815068547337,0.5787365509403516,1.3602964953554606,0.5817875888154709
2025-06-20 06:15:00,21.38747359791548,60.21234076573849,63.747899159663866,27.081367821877205,788.0194229204377,78.1749847862768,46.44670308856112,65.64188519210315,20.51750268241739,60.279445670420635,63.747899159663866,27.21057229629451,791.8027363376914,78.19836593125095,46.415670923610485,66.35903160403258,1.365313389635197,0.5815091850648497,1.3590950520909693,0.5805137122855792
2025-06-20 06:30:00,21.56685219915675,60.215028834124254,63.747899159663866,27.090996540551327,786.1036210448137,78.0281049987628,46.26459817448555,65.55354186490035,20.403371461966604,60.28513336584686,63.747899159663866,27.22443246461882,791.3610367631941,78.21348903755454,46.40851545242409,66.38610604631934,1.3546731761014832,0.5797451942564007,1.3570637024472207,0.5791936193925091
2025-06-20 06:45:00,21.83799578008768,60.22727234415578,63.747899159663866,27.096236195441048,786.1449507703772,77.8568247762223,46.17616985326311,65.55519290430755,20.28877926427494,60.28747405557699,63.747899159663866,27.23657544922919,790.8621132614106,78.21290932577791,46.4041831057007,66.48602162124361,1.3552388042733776,0.586300354179204,1.355657765265836,0.5777753455309976
2025-06-20 07:00:00,21.546751556101903,60.27889170136774,63.747899159663866,27.1261657232115,785.6735778362307,77.89694264924285,46.62284777745187,65.63576000659853,20.19299217451011,60.29200147650379,63.747899159663866,27.249135678923743,790.7652481273443,78.22138948909716,46.40083738310486,66.58223953024323,1.354301272365788,0.5790366963691362,1.3539426975730782,0.5767778917412314
2025-06-20 07:15:00,20.929850529789874,60.3303607816377,63.747899159663866,27.187212307246337,787.3876501021427,78.15776539629913,46.44554844585122,65.74853757282354,20.107445132855347,60.30022997971537,63.747899159663866,27.260722017492323,790.5903193798746,78.20655579033223,46.40247809338072,66.68334056336303,1.3470164587652218,0.5828775798830386,1.3524070926396623,0.575799442386733
2025-06-20 07:30:00,19.999549349457155,60.325422733050985,63.747899159663866,27.25117293846474,781.9227760105847,78.33883320294463,46.509824013481285,65.97302284539064,20.021880051031157,60.303601105892795,63.747899159663866,27.27194793995388,790.2925342422024,78.18801819269227,46.40160537771934,66.78933317330042,1.351807065681894,0.5799996148072547,1.3515671043066801,0.575002774736495
2025-06-20 07:45:00,19.224251430020832,60.25005111807841,63.747899159663866,27.268412389186174,789.3345013858875,77.77206790895457,46.44909358848178,65.89749215255095,19.954752610956103,60.30922523032343,63.747899159663866,27.28588704871896,789.9720858558431,78.18417891047989,46.39464640999581,66.8912379817676,1.3500961121832216,0.576419350609064,1.3512169580085225,0.5738614595874015
2025-06-20 08:00:00,19.099225329639356,60.33607559266315,63.747899159663866,27.33546181436439,782.3249256044819,78.52757869396429,46.22059093549071,65.97993062307175,19.888805620472606,60.315303644106244,63.747899159663866,27.302465738149813,790.0443387743718,78.19399339864937,46.3938718973187,67.00201597953968,1.3406381932479583,0.5758901307304769,1.3503580389306904,0.5729624534453118
2025-06-20 08:15:00,19.11514403832672,60.29824924332142,63.747899159663866,27.308532297348144,788.2108312176399,78.185244930593,46.69495000216084,67.95281726361888,19.818297819712782,60.31922668781329,63.747899159663866,27.31959095481754,790.1076175723382,78.21552814139099,46.391375712830566,67.10588925789902,1.3484191726555803,0.5764081694472821,1.3503884372969899,0.5721774783394257
2025-06-20 08:30:00,18.8672623420543,60.32341222746051,63.747899159663866,27.377862811362466,788.6170538053152,78.04717077167331,46.42350638513705,68.28303139171534,19.745206859737394,60.32842356264828,63.747899159663866,27.334490088622065,790.4181308410845,78.19678183193452,46.37988369896001,67.21587543207616,1.3391216933755137,0.5683923180718745,1.3505764326349763,0.5714881024212546
2025-06-20 08:45:00,18.134594464239715,60.30348677358431,63.747899159663866,27.390254937975254,790.1206454751265,78.37225765292044,46.37908565615048,68.38472579327627,19.659440275702917,60.33609399101284,63.747899159663866,27.3486052828134,790.554582892623,78.1970765219104,46.37113548464463,67.32530895227733,1.3335192484513567,0.5580739035683927,1.3509903945350041,0.5709019855355449
2025-06-20 09:00:00,17.648738019323385,60.39902775212154,63.747899159663866,27.40521172803725,792.0686013104914,78.78835335942753,46.3622571141911,68.37440770006371,19.561602954723757,60.34047443814548,63.747899159663866,27.365720592272687,790.499607375368,78.1896107670023,46.35997205309638,67.41892552131573,1.3342199704460391,0.5565356757135439,1.3516237037721666,0.5702473043405277
2025-06-20 09:15:00,17.390640974120476,60.38764148453324,63.747899159663866,27.42006922546373,789.8708034133522,78.85148486666868,46.70382161719099,68.46121176939603,19.446149999231782,60.34812406375635,63.747899159663866,27.383114742371525,789.8754010154989,78.20239406256414,46.33890763806362,67.50562973205446,1.344070606438848,0.5555191215636313,1.35218086918306,0.5697154760838178
2025-06-20 09:30:00,17.593898958287113,60.34830824420703,63.747899159663866,27.4227371812104,791.4207325329196,78.16757061322316,46.75547372187066,68.27711158990695,19.32030797591309,60.3562135224809,63.747899159663866,27.40249712717809,789.165404889287,78.23482924204346,46.31713399467471,67.60311884661131,1.35046079687509,0.5582760324973315,1.3531740857422716,0.5691003206431643
2025-06-20 09:45:00,18.28417760994014,60.31006895738019,63.747899159663866,27.498158594875356,789.3913193656109,78.12984222607662,46.42397281415452,68.47417224952882,19.183791357194742,60.366133795352546,63.747899159663866,27.420740294155816,788.5409490301067,78.2554463987848,46.29076178623365,67.69691166432774,1.3583748065238777,0.56227310673196,1.3543347963420425,0.5687481001327136
2025-06-20 10:00:00,18.53070676223805,60.274938711959095,63.747899159663866,27.564066934079317,788.7446149013118,78.37068885563781,46.182544937706446,68.42996388602045,19.035607768516304,60.381231006343896,63.747899159663866,27.44156053671391,788.5589078965075,78.26570936014551,46.24985263789354,67.72361089170407,1.3346548994359395,0.5598032599681871,1.3556505834638934,0.568301921725013
2025-06-20 10:15:00,18.28068695273419,60.25482375966224,63.747899159663866,27.5401907847056,787.0111065111153,77.61840496863984,46.21593524322354,68.60192809208141,18.883364441346124,60.39595179831286,63.747899159663866,27.46032807355351,788.5112767714813,78.27660918646394,46.198768074543445,67.7579549484009,1.3430390725031456,0.5566132419590848,1.3569639414610433,0.567894497719336
2025-06-20 10:30:00,18.01972066280942,60.32911420223188,63.747899159663866,27.565886468917416,795.7698048339297,78.50722126869515,46.04483125691515,68.63656047887628,18.725812468973484,60.41201395332273,63.747899159663866,27.476731180990907,788.4012086399824,78.29989798893926,46.145711260054306,67.79351035580645,1.3318968476737825,0.5651532910699588,1.3582920684109572,0.567461591219565
2025-06-20 10:45:00,18.092263389057813,60.39103250324453,63.747899159663866,27.584538914441765,792.3766675600758,77.67777948894334,46.50296059942321,68.97774993331554,18.55394289174158,60.4265195810591,63.747899159663866,27.493403256899924,788.3411236896532,78.33720688818595,46.093049492135535,67.8253429733348,1.3300678914932955,0.5622295334631202,1.359852286011071,0.5668369358983393
2025-06-20 11:00:00,18.40397513420525,60.38775865573636,63.747899159663866,27.559925098658344,790.7647225563227,78.32692932808516,46.45705713479312,68.8309797211303,18.39850344602637,60.439453206487094,63.747899159663866,27.51187223923257,788.3678678038078,78.35843744860388,46.01899179333684,67.84099334312309,1.3450124780527282,0.5677939116260955,1.361562977628388,0.5664232648815246
2025-06-20 11:15:00,19.22221756415073,60.36490500001981,63.747899159663866,27.592329188464223,791.841491781252,78.2495243082652,46.21226918779457,68.69247001533402,18.25548556994032,60.45123650169772,63.747899159663866,27.527864541245865,788.3279495355342,78.36794746422245,45.944275797892686,67.86577840500026,1.3516965975484516,0.5638553479337591,1.3640927054994303,0.5658689351160013
2025-06-20 11:30:00,19.36780685265188,60.37939845834365,63.747899159663866,27.62712025955133,797.2583135186767,77.98460014600983,46.15262196511384,68.81144624528069,18.128570564595186,60.46075538372054,63.747899159663866,27.541653723397335,788.3664758841356,78.38522678875445,45.86860780201716,67.88399602269816,1.348109153752554,0.5627246353711279,1.3668191910343015,0.5655742949623315
2025-06-20 11:45:00,19.02737806983616,60.41812882824369,63.747899159663866,27.5928671451984,798.1124359081839,78.67458808779223,45.95584759991005,68.51333687799502,18.022194057130072,60.47107997612707,63.747899159663866,27.553577326085627,788.3472226294522,78.40514325312596,45.790577634341275,67.90628899701137,1.3579035044558585,0.5638675528727475,1.369846315003897,0.5655175819762283
2025-06-20 12:00:00,18.84637823114756,60.47793322220411,63.747899159663866,27.545469020718045,801.4470044376649,78.1383127300947,46.1900134834269,68.69387599353651,17.929431856135146,60.47224561466422,63.747899159663866,27.561472964954174,788.5247246452185,78.40791308262509,45.724675196953974,67.9245114330083,1.3715777487182943,0.5634721594782794,1.373492579433736,0.5654648687176508
2025-06-20 12:15:00,18.68139483586273,60.59550847091482,63.747899159663866,27.54448453318707,792.7158338070991,78.17073468194344,46.18520051105212,68.81406476825144,17.8567435171595,60.47256547281612,63.747899159663866,27.569941081013027,788.3087932362255,78.43790440825231,45.64480744716463,67.88309096546459,1.379351964226673,0.5704048679992993,1.3765437135356084,0.565523064949672
2025-06-20 12:30:00,18.6979451745709,60.55846673795244,63.747899159663866,27.60159386904527,784.2590504396469,77.74353589645227,45.98762688052094,68.622411619784,17.792140758068687,60.473549170354175,63.747899159663866,27.574267887039536,788.2988810337354,78.46424271115717,45.56060943698838,67.83098956332337,1.386277410620964,0.5734121549383543,1.3803485518286989,0.5658414817073432
2025-06-20 12:45:00,18.87238461628643,60.60416448129872,63.747899159663866,27.611548106909947,779.026177577734,78.85746920336405,45.77032602369962,68.34369199094085,17.753425246200724,60.47372863567494,63.747899159663866,27.57718489886706,788.0603070512902,78.47600710989333,45.47989315676336,67.76544875952287,1.3838531938964862,0.5662577472823535,1.3846097213153874,0.5662981066544854
2025-06-20 13:00:00,18.764627218888425,60.57204389296945,63.747899159663866,27.683019141230865,776.0930079625499,79.10459527174304,45.541078375039525,68.60113012597121,17.737563357912567,60.475301619543195,63.747899159663866,27.577527282640958,787.7446071060695,78.47515537296633,45.406226273617214,67.69958373980366,1.3881666259647585,0.5621320417358323,1.389178248925463,0.566978385270218
2025-06-20 13:15:00,18.28788385090941,60.622620840234354,63.747899159663866,27.6785619211014,776.3592857424604,78.95276151185385,45.72094009689263,68.50834489027828,17.739530420382838,60.486150030309545,63.747899159663866,27.577929630686356,787.5525202748187,78.47939178754022,45.32564967038061,67.64039925272196,1.3915842280431716,0.5687302738494152,1.393951316685922,0.5677576168935029
2025-06-20 13:30:00,17.34645756167929,60.6604538718768,63.747899159663866,27.695362208593,788.3763065617904,78.29910822359508,45.49788265337216,66.43753119307353,17.768164811202688,60.49693788506236,63.747899159663866,27.577887364741724,787.1312982053189,78.50206675629535,45.234869865771834,67.59051302669066,1.3990551205102548,0.5653511987093361,1.3985114356572612,0.5685321415076944
2025-06-20 13:45:00,16.820173782810063,60.653964524807655,63.747899159663866,27.644393927065178,786.5904891696505,78.50197957582999,44.91416618805834,66.67220689300802,17.806544492714412,60.50797867654478,63.747899159663866,27.575701727522773,786.7219567979467,78.52837216445096,45.154670497140714,67.53324055305406,1.4047141295496943,0.5692864648945345,1.4025208387594188,0.569441708713011
2025-06-20 14:00:00,16.84029302797759,60.69689348442048,63.747899159663866,27.58308976367324,782.8015770998508,78.72676907302295,44.67289373981141,66.62020408706717,17.85318193086863,60.52231094868969,63.747899159663866,27.570958733508046,786.5709873100374,78.53773952651603,45.0902535571558,67.48336933821506,1.3945169845988936,0.5667579992632708,1.4076858325375927,0.5704178717505894
2025-06-20 14:15:00,16.681908463130547,60.662441176246574,63.747899159663866,27.596398472711517,784.342402260493,78.97609175362255,44.596316815700106,66.51017143015791,17.909186057202085,60.53787924172473,63.747899159663866,27.566122444053374,786.3613569923168,78.56164026019071,45.02531292505387,67.43260071447052,1.4020453322768005,0.567560694542437,1.4125372128262719,0.5714277111312457
2025-06-20 14:30:00,16.883568184645604,60.66690046420781,63.747899159663866,27.68023519319101,786.4759012608713,78.53385946178048,44.40111681349096,66.10527110024715,17.963499427922844,60.551722696764024,63.747899159663866,27.559232300091498,785.7635666347329,78.56183887563763,44.96966948166712,67.39056766309402,1.4056220208852974,0.5666265658646947,1.4174549553889468,0.5722674725504628
2025-06-20 14:45:00,16.63931424720831,60.68385963795631,63.747899159663866,27.666981367645096,786.1901020539369,78.44306586485659,44.20406858252632,66.49208942913829,18.023231245685043,60.56523826565732,63.747899159663866,27.550451511458053,785.181044728627,78.58973777566709,44.898445329025755,67.32445507780342,1.4229082948964842,0.566247686917341,1.4222733438198847,0.5733469041339824
2025-06-20 15:00:00,16.192099189103196,60.6109891937356,63.747899159663866,27.664848403008783,783.0785664686318,78.85721293890455,44.23978413721565,66.51955137632787,18.07852661187645,60.580677972240366,63.747899159663866,27.542271590241352,784.7860549482052,78.6073954866577,44.81942206897954,67.25436264448943,1.433601631728029,0.5711604101971565,1.4265459846317199,0.5739954191379589
2025-06-20 15:15:00,16.032956206067354,60.55978889027441,63.747899159663866,27.626120469834973,788.7569037453777,78.36956184009938,44.10818855820522,66.56628138194739,18.118463832237754,60.597565037547525,63.747899159663866,27.535853521493703,784.1693528537799,78.6267771157796,44.7559405197219,67.19733334784067,1.4409098312710922,0.5747179610259667,1.4307436535064846,0.5749184642200231
2025-06-20 15:30:00,16.31635929979159,60.37104474877745,63.747899159663866,27.572330980420777,787.649986077474,78.61067357893829,44.24351781387179,66.52660370297983,18.15500115510995,60.614263309833724,63.747899159663866,27.530526016677626,783.3041258124001,78.66366186918687,44.70175042669446,67.19748087512168,1.450026126143121,0.5743087329731559,1.435193868837725,0.5759568877716299
2025-06-20 15:45:00,16.934493869057476,60.30784498787867,63.747899159663866,27.56257577911375,781.7328889478479,79.08498469940973,44.29891750848044,66.71020323730737,18.176720381092863,60.63192280861383,63.747899159663866,27.525935296257067,782.4528996512018,78.66701304312193,44.656527930483634,67.2038273186152,1.439953195711759,0.5781540564079176,1.439641785691983,0.576824277266114
2025-06-20 16:00:00,16.92917956932984,60.35292315360204,63.747899159663866,27.507666992157866,788.3196877306121,78.83731985881907,43.89756607984969,66.71998932747874,18.189581224289775,60.65197220253013,63.747899159663866,27.523097104008865,781.416328306467,78.70106032175123,44.61689970770693,67.20359570440823,1.4532668421682202,0.5779448208020103,1.4443035790404364,0.5778845595068562
2025-06-20 16:15:00,16.973129108200748,60.30887073320716,63.747899159663866,27.477765292800854,782.9634260017749,78.72518961500538,43.95759724939956,66.41850167926121,18.205014989893687,60.66428178671451,63.747899159663866,27.520975668673806,780.6644435552134,78.7322391919158,44.57384251495525,67.20001436232229,1.461354333052015,0.5717726519826597,1.4483318243319057,0.578727429507237
2025-06-20 16:30:00,17.172881370678738,60.4462172681693,63.747899159663866,27.415483241254147,782.5976029538687,78.76280125161703,44.15225061980691,66.39845710848736,18.227737553255455,60.67706678347747,63.747899159663866,27.516920111907634,780.1949590310173,78.77281796753775,44.53340889771064,67.20085372973155,1.4712757987483,0.576944034185522,1.4522107255967678,0.5793542087161184
2025-06-20 16:45:00,17.449652848228574,60.71309380752383,63.747899159663866,27.432139666825723,784.1081984758256,78.97857730388577,44.286523520092935,66.68567715694526,18.24439264649719,60.687393230294994,63.747899159663866,27.510117742807186,779.8523757556596,78.78563486331781,44.51109010352209,67.21297855625366,1.487262639252632,0.5788960702621745,1.45602223491668,0.5803071180743582
2025-06-20 17:00:00,18.45293068288265,60.67194388679121,63.747899159663866,27.421469202871457,778.7840704479274,78.84781967587695,44.0320795836071,66.78052480896807,18.27005320971416,60.70207872864649,63.747899159663866,27.500762083506533,779.5616712006941,78.77821999203007,44.50654342162841,67.22017218692132,1.4872643660152602,0.5815117709230807,1.459828285491657,0.5815335487342247
2025-06-20 17:15:00,19.43556805529193,60.6412927018531,63.747899159663866,27.432589478306912,777.1110771444457,78.91900447074494,44.01799175522115,66.75599804043075,18.294326872661983,60.716759636866975,63.747899159663866,27.49189595900289,779.3567751315446,78.76027506598352,44.501315161735285,67.21333537587734,1.478656899588607,0.5895601228914578,1.4635719053349818,0.5827036237163494
2025-06-20 17:30:00,19.9298299068644,60.70490687630632,63.747899159663866,27.421777113637397,784.2155302640314,78.65170971758991,44.25003673815896,66.93382744085025,18.344226205992786,60.73230903044465,63.747899159663866,27.481514160654548,778.7183528927569,78.77713477832839,44.507074175131734,67.28248858561041,1.4896047127811556,0.5890881510955412,1.4668812477177686,0.5837875346231854
2025-06-20 17:45:00,19.960810742737884,60.72187255071359,63.747899159663866,27.39510210106552,780.7221969794974,78.33542697888079,44.26771628016574,67.07886937974544,18.41018411368524,60.74483361413629,63.747899159663866,27.473542351769968,778.1129194426193,78.80471948357639,44.522939184683786,67.33114611672667,1.4885804811635184,0.5869084233787694,1.4700485204348663,0.5847669634498508
2025-06-20 18:00:00,19.64912178443231,60.74441785341065,63.747899159663866,27.35918215006122,777.8360941064149,78.51317973210234,44.3755279553127,67.37556893758084,18.490739989591557,60.75342116871827,63.747899159663866,27.46492966812632,777.5264766561703,78.80501191856146,44.55723781791137,67.39275771570979,1.4794291245540294,0.590346133646474,1.472726066020974,0.585597489147821
2025-06-20 18:15:00,19.88421792192367,60.79649957004327,63.747899159663866,27.321115255438272,774.901010376899,78.5147464898268,44.3662360201822,66.99437237459814,18.6022335906134,60.763640488134214,63.747899159663866,27.45570945970105,777.0693335774679,78.79839486104788,44.58596837477689,67.45774897802833,1.4746195444214367,0.594612480968709,1.4744284603247588,0.5865424134632454
2025-06-20 18:30:00,20.062836119947544,60.8509498532278,63.747899159663866,27.314527462157344,778.9150291436658,78.8566606578039,44.08635933340685,66.72820672171046,18.728301696203555,60.771925977676645,63.747899159663866,27.443766912450645,776.3672299063577,78.80774152790399,44.629027959760926,67.53320498613708,1.4731917024077812,0.5872493617453918,1.4764503838699818,0.5875737612401227
2025-06-20 18:45:00,20.4203341749898,60.8715169592346,63.747899159663866,27.39978712603474,773.3404289484913,78.83097318192222,44.30782271006509,66.98159111587088,18.860339848376906,60.78238523635836,63.747899159663866,27.428858696469625,775.7289055571779,78.796850546136,44.67973191387004,67.60297810417123,1.4776266637913944,0.5915467003956831,1.47741748820039,0.5886432871470656
2025-06-20 19:00:00,20.46392653881773,60.880346626929374,63.747899159663866,27.467295115069007,771.3015022772903,79.09114274822765,44.5269191742905,68.81587206371128,19.014425703457114,60.793009292161315,63.747899159663866,27.414457473744076,775.0386186021158,78.77809230537349,44.71715539165509,67.66657730564393,1.481615613689764,0.59387734191933,1.4779687511522377,0.5893904133610803
2025-06-20 19:15:00,19.678954849323556,60.94791379164692,63.747899159663866,27.455145532581767,772.575651072232,78.77512330584382,44.59917271358543,68.7037301828002,19.191889781682367,60.8081193701472,63.747899159663866,27.40240299608224,774.0813873016133,78.79792276725425,44.75300137206332,67.73387382887464,1.491341010083607,0.5898892377072705,1.4780055152108147,0.5901090910594521
2025-06-20 19:30:00,19.232203527054946,61.07941503969335,63.747899159663866,27.460323253271856,770.3498640956216,79.1597310889739,45.00116680012568,68.68692756732747,19.39601147374599,60.832130936953135,63.747899159663866,27.390986964506805,773.0740190546717,78.79507553263505,44.783868160352924,67.79928884356735,1.5114315491718917,0.5952806267005453,1.4776699559309807,0.5907985546148573
2025-06-20 19:45:00,19.14440780398009,60.964795996446384,63.747899159663866,27.48084147313518,770.1592912694911,79.1061007868801,44.89348472850215,68.70662450567357,19.60516303613666,60.85819882589172,63.747899159663866,27.379752608241013,772.1183441399802,78.78650854617719,44.82509821875142,67.85676146700354,1.5001993229707526,0.5956909680107231,1.4778225047375926,0.5915246927516247
2025-06-20 20:00:00,19.379622075423995,60.94201664084101,63.747899159663866,27.47992716606027,770.1745147137638,78.96089916511154,44.77461836318239,68.6475926420614,19.82865324497612,60.88460760438257,63.747899159663866,27.369209642848816,771.0695672883181,78.77907961144966,44.88987021042174,67.91669431430319,1.5026444485668282,0.5922155312047972,1.477696607365419,0.5923975163459708
2025-06-20 20:15:00,19.3720374135384,60.91395788582446,63.747899159663866,27.407477033896463,768.7486793169996,79.24197607676562,45.10076219804333,68.70743678660448,20.043728455384276,60.91173209697863,63.747899159663866,27.3584298163326,770.2680186697809,78.7560973934476,44.947884184960124,67.98776872352649,1.4981984734938447,0.5948450280295444,1.477476747343198,0.5934869548201595
2025-06-20 20:30:00,19.53444411539766,61.0126088435141,63.747899159663866,27.40234936221133,767.3718713135856,78.88214913311128,45.40467791822902,68.81693904600091,20.234497717048672,60.93251507005097,63.747899159663866,27.34898029685137,769.1255922032218,78.7462481413257,45.01162872171771,68.0516895796059,1.5023481432140755,0.5989249615318313,1.4765403410265734,0.5944152803502356
2025-06-20 20:45:00,19.016093739344,61.06304808684904,63.747899159663866,27.412578185992118,770.2124036679754,78.41441373045703,45.56409230009868,68.30324055895886,20.41258317276672,60.94494794085561,63.747899159663866,27.337185103927172,768.0477416969501,78.71603444473949,45.06812070332903,68.10817492301895,1.5038928233429147,0.6038325233131546,1.4749434307202294,0.5950991291401394
2025-06-20 21:00:00,18.84343756160336,61.12693567920704,63.747899159663866,27.383908258142604,769.223639398162,78.80489959394123,45.67065305526588,68.51212748506563,20.56263350506681,60.959418963894315,63.747899159663866,27.323832907667484,767.2436052927137,78.69568419201156,45.13955124375219,68.10134618805367,1.4983353919938531,0.5978685259144174,1.472811375968869,0.595735545516336
2025-06-20 21:15:00,18.798911013583595,61.02970203555698,63.747899159663866,27.405239660527776,768.4274856655168,79.32952073326962,45.39011647461969,68.13193282649614,20.692074772172454,60.977651153124285,63.747899159663866,27.309676184268508,766.5157907383829,78.66941502940064,45.190531853444696,68.09224681645975,1.499732311062635,0.5986693296944949,1.4707985351093982,0.5959029153066013
2025-06-20 21:30:00,19.256969305167303,60.95452012187946,63.747899159663866,27.32470925436387,765.2082935063804,78.73554212257531,45.70185273663876,68.46855205656054,20.810374618117347,60.99393869201095,63.747899159663866,27.29417057125223,765.2088964571467,78.65714926476397,45.236139898462554,68.07906520277272,1.4748433521821191,0.5916737702023762,1.4681606748983973,0.5960110230042337
2025-06-20 21:45:00,20.0267164937858,60.969020758725215,63.747899159663866,27.31979221995352,770.6281098994233,78.77758002821523,45.45823352166575,68.45990929971451,20.907198067749206,61.01050896148523,63.747899159663866,27.27889829433764,764.1098425506506,78.64559499358592,45.27356407583788,68.06204957491818,1.4531171613903426,0.5959084240051703,1.4651586825928087,0.5963989179456355
2025-06-20 22:00:00,20.665611352350183,60.91546515048056,63.747899159663866,27.321958775678706,765.4127911275641,78.81425946746333,45.69290436301221,68.36895134350915,20.99385921185673,61.02621966260742,63.747899159663866,27.265360941409497,762.8821323707438,78.61945160871565,45.305762968078845,68.02939116729773,1.46627972724199,0.5975669991710157,1.462286911561707,0.5964303008322421
2025-06-20 22:15:00,20.60045881240884,60.99763739840802,63.747899159663866,27.219734888214564,767.0403715785455,78.11633641181695,45.72518720579995,68.58528297016274,21.063192700949436,61.03884128022365,63.747899159663866,27.25191089058574,761.9366292688686,78.5878340003565,45.33113369434484,68.0209026182014,1.4519214248087278,0.5983334641256263,1.459440437697542,0.5963573850773062
2025-06-20 22:30:00,20.814674841509493,60.92971086782436,63.747899159663866,27.232811721242363,762.3699578167684,78.29446571602976,45.3624884707669,68.4275274205091,21.120152646309077,61.05039334616602,63.747899159663866,27.238155514084664,760.9411651244043,78.54466610668094,45.3695109114676,68.02726823020494,1.4501395202834648,0.5935741966176007,1.4561800712238337,0.5962331494860638
2025-06-20 22:45:00,21.3568785528248,61.013091229850886,63.747899159663866,27.26448613997988,760.0399647303003,78.96447569652214,45.183567970452266,68.58517707886833,21.188171559815746,61.06480487785074,63.747899159663866,27.222498247387968,760.2392731528124,78.50234214555293,45.405532762327105,68.02814325500609,1.4420127530284,0.5962782919771192,1.4526118901247307,0.5959950309151498
2025-06-20 23:00:00,22.44001006170036,61.091391752955325,63.747899159663866,27.229850033157657,757.4289386692285,78.52525654036207,45.16952146255986,68.48905414376136,21.2487022840068,61.08164448232257,63.747899159663866,27.205838788189187,759.7091950619367,78.45686845421464,45.45016162720938,67.96358608888839,1.4399593477481,0.5949926396353129,1.4486904972733599,0.5955256611700442
2025-06-20 23:15:00,23.209040740777464,61.08988165603637,63.747899159663866,27.225545091139956,753.0626415071032,78.82797510567403,45.53581926043522,68.43438194039307,21.323090065245328,61.08983480006757,63.747899159663866,27.18842852982581,759.042734725762,78.43829863363507,45.501469888540775,67.91187384880625,1.4445296599101236,0.599938200510938,1.4440153927380754,0.5953835311228147
2025-06-20 23:30:00,23.633885834513805,61.14518650832745,63.747899159663866,27.19137803039193,756.8563821807528,78.6144518169935,45.84072582995948,68.5179747464681,21.398643375497798,61.094009675955334,63.747899159663866,27.171234706756106,758.385289162067,78.39315540392636,45.53762214653191,67.8635111639789,1.4494899210030006,0.6041295286323919,1.4384113659022124,0.5949203948117483
2025-06-20 23:45:00,23.42538542044539,61.122605511089134,63.747899159663866,27.15437049731442,758.9169674456534,78.03572307494345,45.69801648555112,68.55073395596024,21.466514866813156,61.10041779853261,63.747899159663866,27.152900143234685,757.7237401389409,78.34501032451324,45.566270274858475,67.81029846824042,1.4547585323853909,0.6044558062083206,1.4330213470742803,0.5945002228201909
2025-06-21 00:00:00,22.895959220610607,61.0697064603392,63.747899159663866,27.13199765681724,748.3248089570991,78.46732368796013,46.06458672253458,68.31608279086988,21.52858676658849,61.105786140359925,63.747899159663866,27.13710604600637,757.1348789146227,78.30812837742839,45.6038754821144,67.7517677279993,1.443183609249561,0.6047938000878063,1.4275902184501794,0.5940759926305692
2025-06-21 00:15:00,22.792216519769923,61.08607993166319,63.747899159663866,27.078283879099786,751.7726832876739,78.07216640629915,45.98128296843247,68.38023745933673,21.605959213066694,61.10889995725069,63.747899159663866,27.123392019676825,756.6612410681581,78.26680084679944,45.64257739243111,67.69173563154304,1.4393553300623056,0.5994115339592883,1.4220112701366534,0.5932488146584028
2025-06-21 00:30:00,22.95444065188544,61.10607457795229,63.747899159663866,27.020903315080798,754.6599783208388,78.23731209403894,46.174995796301815,66.57566276000931,21.677151704934683,61.10848016488742,63.747899159663866,27.10936920786731,755.8861150574907,78.24453011755516,45.66930291685658,67.6286126967503,1.4233027234744515,0.6006042622089778,1.4161024059266154,0.5922512558050255
2025-06-21 00:45:00,23.31880606846121,61.18825837875217,63.747899159663866,27.007887776337697,755.2766405145145,78.13092959241737,45.54741004599636,66.48301689261318,21.766473452007123,61.107011302343366,63.747899159663866,27.09627050731547,754.9558296278068,78.23549805548562,45.684357393307735,67.56839117649349,1.4182716738044807,0.5945812165994205,1.4103707094568303,0.5911715325762297
2025-06-21 01:00:00,23.478825285211304,61.19353304290637,63.747899159663866,26.956608723149078,745.0087018269483,78.28373677849002,45.61827808869462,66.53837903023997,21.86313821130431,61.100372470926445,63.747899159663866,27.081065325157656,754.3697272257018,78.23425173817243,45.700901914044294,67.49701248299075,1.41046890645114,0.5923313820245093,1.4047932460125985,0.5901672317060968
2025-06-21 01:15:00,22.86551423169363,61.21898063494182,63.747899159663866,26.93693379362783,747.7505797846175,77.9887988435388,45.39044160142569,66.5684005441086,21.97656859384506,61.10013177607608,63.747899159663866,27.065785275009222,753.3780134056583,78.1750043717181,45.7294091223635,67.43969757809343,1.3985207119958574,0.5985452716208254,1.399427641467768,0.5893172762729779
2025-06-21 01:30:00,22.248956107658053,61.21573888707616,63.747899159663866,26.95306156221691,741.0047887092071,77.72887818599459,45.34149472254131,66.39581670896759,22.089891613489005,61.098989777777874,63.747899159663866,27.052691845016152,752.7617972949453,78.13371456383229,45.75893760171416,67.37327431493279,1.3932759936209715,0.5912876202446716,1.3947831762060958,0.5885525977373621
2025-06-21 01:45:00,21.96422259470478,61.175148098530535,63.747899159663866,26.917613730725613,746.535917320645,77.56621823905236,45.12735780816223,66.73971590170811,22.192528657016034,61.10526876564075,63.747899159663866,27.03888373705156,751.8709453368247,78.10964367019504,45.79565009188424,67.30767053167291,1.389225328496493,0.5924250083206319,1.3912648700406591,0.5878156572398462
2025-06-21 02:00:00,21.771634480736783,61.19751183149865,63.747899159663866,26.90186616712497,749.0511048097371,77.56162384753681,45.23767584708938,66.91917508181707,22.27410193643207,61.109357374100384,63.747899159663866,27.0265331816698,751.0612726888787,78.06860718621441,45.83075334739786,67.25120195931225,1.375380708196531,0.5835222940081161,1.387763944940667,0.5869587237331886
2025-06-21 02:15:00,22.46090158018984,61.303862909776335,63.747899159663866,26.930069125133787,752.2836698007313,77.56125434808207,45.38847823585059,67.00784185990496,22.349482374945136,61.110924054365846,63.747899159663866,27.015674529979,750.2070745985377,78.064024325219,45.8610958077384,67.19794755070704,1.3705812308182943,0.5844031432682687,1.3846777657786258,0.5859152101494048
2025-06-21 02:30:00,22.279848264549305,61.38553476108434,63.747899159663866,26.96751133910569,755.3991595510237,77.7269320080793,45.8657851207588,66.87915708018043,22.405825035505636,61.116854659471066,63.747899159663866,27.004417120495425,749.3525470878543,78.05056353639988,45.922626854476796,67.22065875695397,1.3639738281486495,0.5797962495661614,1.3816006627899131,0.58530189750011
2025-06-21 02:45:00,21.91058828647962,61.19362332399698,63.747899159663866,26.93283778168044,752.5818409869885,78.21802868845681,46.13842055352701,67.15236298033629,22.442475693637622,61.11933055338809,63.747899159663866,26.991756708916615,748.7436549090255,78.03004854204967,45.99067516452082,67.23973494953701,1.351087874025066,0.5856253362903852,1.3786569046748673,0.5844379213711958
2025-06-21 03:00:00,21.49880283462897,61.204661316326025,63.747899159663866,26.944508561180783,750.6264971847731,77.80543419771206,46.08573453985972,67.23604702250685,22.43685550214499,61.11833026033229,63.747899159663866,26.979683381331313,748.1243337582442,77.99558413046705,46.047354980365455,67.25883517520123,1.3433107440960088,0.5813865373685544,1.3760773843726055,0.5838248882633672
2025-06-21 03:15:00,21.180552543440733,61.15703967376474,63.747899159663866,26.93080456749264,750.3128205757044,77.66174840448697,45.75292857829909,67.11024363351925,22.41387708997616,61.122996624365896,63.747899159663866,26.968270286618523,747.6777791732111,77.9525404164081,46.07911069191893,67.27850863484173,1.3384987581327863,0.5830858082639969,1.3735424627807913,0.5831386390008303
2025-06-21 03:30:00,21.24177906868398,61.10306689566064,63.747899159663866,27.006104249210644,752.5086779842187,77.85444075256547,45.902774580860175,66.89167043482757,22.355906507077005,61.126972005378406,63.747899159663866,26.958772803054224,746.8753580429956,77.93708286236868,46.10904502751805,67.30355043715504,1.3397105898437982,0.5794886255161473,1.3705556526206082,0.5821671641162763
2025-06-21 03:45:00,21.693210807884597,61.00737239254711,63.747899159663866,26.99605624401008,754.5395439230664,78.00215015789739,46.26181950754455,66.9064738929166,22.271774751661233,61.130088154083964,63.747899159663866,26.95034391282057,745.9607317033962,77.94562892139378,46.13169357373591,67.3440325541802,1.3308300240880684,0.5700296888645578,1.3672784327124607,0.5811007488449837
2025-06-21 04:00:00,21.670218871437307,61.00001507261626,63.747899159663866,26.981665007925976,744.1180909935616,78.21402725578284,46.206443650993,66.9232510022186,22.180060934308276,61.13618611754653,63.747899159663866,26.9439610329061,745.2754295276524,77.93291417854402,46.154381008501225,67.38703368642898,1.3250822169129333,0.5689981959305054,1.3638114040163003,0.5799780123654241
2025-06-21 04:15:00,21.695746151517195,61.01898221052742,63.747899159663866,27.0196171694369,742.3038407774559,78.14345186837116,46.015726593633474,66.4965949512547,22.07349876181315,61.134964141767455,63.747899159663866,26.939691890615737,744.4557471764095,77.93287324766256,46.19043612849446,67.41566968398423,1.3319419292493608,0.5714408264492832,1.3604100511881485,0.5789015254313011
2025-06-21 04:30:00,21.74338034051898,60.927770736699365,63.747899159663866,26.92775279340813,751.6405673350155,78.76751007454567,46.16698867736276,66.37076667998362,21.958405841813125,61.13758082381356,63.747899159663866,26.937306564331166,743.680244605977,77.93486863096346,46.21265091839254,67.51511809633038,1.3310114886669038,0.5677394998104264,1.3576168153661325,0.577779212538071
2025-06-21 04:45:00,22.20182248980616,61.02248119004617,63.747899159663866,26.94683815607485,738.6760710642097,77.55209973963966,46.245332724195954,66.41248567957653,21.82480596014874,61.13624030926609,63.747899159663866,26.93284648885383,742.7261711863799,77.93628802031466,46.24457124613376,67.61159363529949,1.338764174717715,0.573170666700933,1.3550537632937991,0.5768245556372
2025-06-21 05:00:00,22.65665989448559,60.92026017293315,63.747899159663866,26.93190635457169,746.7218101849902,77.496847886001,46.58770711715853,66.47585416174117,21.677705755902807,61.13463965278877,63.747899159663866,26.931398995403992,742.0512022138435,77.91414514003792,46.27726411311632,67.70663679222032,1.335509394331953,0.568733414133902,1.3522505310511588,0.57582649809029
2025-06-21 05:15:00,23.105827799596632,61.157390394611376,63.747899159663866,26.90554898101582,743.9025511558024,78.05545321909729,46.55960822676815,66.49179580191785,21.528837077484233,61.13229282612726,63.747899159663866,26.930523956382654,741.193012850966,77.91022856442034,46.325906185024955,67.8077705630974,1.3475679764272523,0.5738002090796912,1.3497516004350372,0.5747158929763756
2025-06-21 05:30:00,23.11280973483128,61.03812340426981,63.747899159663866,26.951442114226005,741.1226116891867,77.58316494804464,46.74600202842085,66.67489417268972,21.36856130644628,61.130129372172014,63.747899159663866,26.92829064752218,740.7591750045897,77.91626794006962,46.36888860583545,67.91118975275465,1.3612519742422222,0.5718589939712884,1.3477221633376617,0.5738885106342324
2025-06-21 05:45:00,22.86187196780088,61.0446378063718,63.747899159663866,26.893975337490577,741.414428868311,77.97885058195457,46.63546101601612,66.98765071200647,21.216603518218506,61.13182318232643,63.747899159663866,26.928498873922376,740.023902294777,77.93262326646777,46.42295576868005,67.99528690659581,1.3593360499474896,0.5670280566121129,1.3457167604869194,0.5731482624983055
2025-06-21 06:00:00,22.50495465832447,61.10762902098088,63.747899159663866,26.89508943673497,736.7341324962722,77.89064205145556,47.20841987291872,69.10886360791709,21.074302789639123,61.13516261351497,63.747899159663866,26.92890459287736,739.2132599960299,77.94440745063122,46.46950660751169,68.07497057612939,1.3578264306220869,0.5751748171387547,1.344826902971744,0.57280555686285
2025-06-21 06:15:00,22.45639829678444,61.087368047361714,63.747899159663866,26.8846737926156,741.7731993654368,78.34902586601669,47.225017271773226,69.15746285635957,20.930650234189777,61.13436623463391,63.747899159663866,26.927315858460496,738.4347024235539,77.96144153731751,46.507651955912095,68.14397023032265,1.3537000095770286,0.5703590081096929,1.3446827925795828,0.5723189564058019
2025-06-21 06:30:00,22.27140431692145,61.06138296128138,63.747899159663866,26.867650205598597,738.8493041457907,77.49132419288307,46.86991593789869,69.06206091368757,20.804695102586262,61.13240093440586,63.747899159663866,26.926723490877773,737.1767266803295,77.9529214328174,46.52429928746356,68.20983310430509,1.3625737386802406,0.5766016464004551,1.3448709348082113,0.5720951582624892
2025-06-21 06:45:00,22.51968837571252,61.229872577044425,63.747899159663866,26.883152249756165,739.6660039561068,77.53666368390547,46.48849060703936,69.02458572960812,20.69175512400989,61.134923043928104,63.747899159663866,26.927758165737284,735.8238346297803,77.94487225343373,46.531828206990006,68.26490751711684,1.368482012155695,0.57935072263483,1.3452352703709625,0.5716912972253714
2025-06-21 07:00:00,21.89476834753913,61.26444793870276,63.747899159663866,26.90645352346301,732.7837482742884,78.15072519581092,46.73875589793321,69.26922881586768,20.593981518517385,61.14034398601775,63.747899159663866,26.928307090115183,734.6236526312942,77.94507615575596,46.56118353170832,68.31525538665058,1.359885616197511,0.5749852820957745,1.345950584338805,0.5715488203355827
2025-06-21 07:15:00,20.90143275797231,61.21608997225573,63.747899159663866,26.901503790304798,731.4781772576673,78.29210484569681,46.37747287208684,69.76519746671516,20.489565315990617,61.1451749580807,63.747899159663866,26.929683404119896,733.4789539443349,77.96380231451528,46.60719300348629,68.36659824602538,1.3564419351409722,0.5724633480695435,1.3465652048577,0.5716196636269473
2025-06-21 07:30:00,20.14454470002174,61.252645364216335,63.747899159663866,26.94051125938314,727.7657436847863,78.08588140246715,46.74520976549408,69.60611675833296,20.40134247408601,61.1503617777563,63.747899159663866,26.928602239127045,732.2589064727107,77.96588852342167,46.65367612376803,68.4181351625632,1.339172748364743,0.5711117057010169,1.3475210080851927,0.5718926700651182
2025-06-21 07:45:00,19.595351344916203,61.04942065829099,63.747899159663866,26.950209610388992,727.1822127503905,78.07093847985522,47.06293656822952,69.23931738599448,20.31561374485977,61.16019263523696,63.747899159663866,26.927356706189922,730.8480091946001,77.98575625023014,46.67719590072561,68.46895145795744,1.337314745217753,0.5671169259356013,1.3489608178123287,0.572644132487911
2025-06-21 08:00:00,19.50165305188465,61.18457503933537,63.747899159663866,26.94934352654364,731.3949012078613,78.29717359306619,46.84143949324402,69.55911513039375,20.234950866583596,61.17544518811076,63.747899159663866,26.929463277203595,729.9605507555906,77.98554292997376,46.699832308225126,68.44560913078028,1.3395056488139705,0.5669348754120719,1.3503729971084695,0.573402631655004
2025-06-21 08:15:00,19.310809618529674,61.14804294232815,63.747899159663866,26.87408551201754,726.6544379266028,78.17351127295345,46.50501987823316,69.37728306168611,20.14864054370361,61.18907632176663,63.747899159663866,26.932737127430862,729.1049206719658,77.98382762228358,46.72752538233274,68.43871187424521,1.3413801116344817,0.56594150957329,1.3515249340061357,0.5743069805778813
2025-06-21 08:30:00,19.0658191578333,61.14551334858661,63.747899159663866,26.913183919653992,724.7596326508544,77.61945037018792,46.59906409817129,69.3896737378654,20.03766757417554,61.20919215273174,63.747899159663866,26.93886970057069,727.9237395054369,77.96781944285183,46.7609106048224,68.44406240392388,1.3263719391719255,0.5623896556172089,1.3533086108339716,0.5751856288672939
2025-06-21 08:45:00,18.39945387913639,61.148575835096686,63.747899159663866,26.910682622987604,722.0048988982924,77.87130157501107,46.849703758684825,69.60241367042075,19.913075322934144,61.22926532231229,63.747899159663866,26.94486476979927,727.1279107173486,77.98020033485014,46.7791693942675,68.44593289995171,1.3235527935122062,0.5652271182033968,1.354926088810963,0.5757644313654752
2025-06-21 09:00:00,17.44068297651946,61.15083526841853,63.747899159663866,26.886062296402628,727.989653317919,77.91005945547279,46.63096734685642,69.49839239868494,19.781158146280738,61.251996619620755,63.747899159663866,26.950875783453082,726.3202529830776,77.99852020477303,46.78160399028396,68.44995973154548,1.3323928806997156,0.5664661499803769,1.3569750926534885,0.5767684627678048
2025-06-21 09:15:00,17.405488947871593,61.22596240316293,63.747899159663866,26.92386052273163,724.4777360262665,78.05687803099714,46.74937269349978,69.26263051694325,19.65084955899409,61.2675024711071,63.747899159663866,26.957292034709216,725.4609231430346,78.00458474801658,46.77279600474909,68.45986161669869,1.3290632429742208,0.5702175642428227,1.358516316116698,0.5773558931099567
2025-06-21 09:30:00,17.5026126233552,61.29769476715536,63.747899159663866,26.914037735774507,724.7318358473219,77.91514937244031,46.6342010120389,69.30968516782436,19.516831940195427,61.28063689471457,63.747899159663866,26.961865667551102,724.7081867421107,78.0353900228983,46.75920156316466,68.45765094994044,1.3486849827412664,0.5732411249444486,1.3597941137275766,0.578232680706058
2025-06-21 09:45:00,18.151324916709623,61.27997154334431,63.747899159663866,26.882407092627908,728.9269426264515,78.07227694867055,46.53283868786252,69.07783148570296,19.361094450364053,61.295093101278916,63.747899159663866,26.967912939119632,724.0162959074423,78.06429064045096,46.745052837342676,68.44353421186746,1.3662579190534605,0.569805129556828,1.3613682869775572,0.5792477856844694
2025-06-21 10:00:00,18.5011943164438,61.32657575424286,63.747899159663866,26.949740311624076,717.6598872542912,77.47132887307616,46.36520506730289,68.85504329965347,19.17593297209788,61.30781099569783,63.747899159663866,26.974574346757763,723.6228429453622,78.07899637434308,46.72298551515687,68.36011378523929,1.3696180950075043,0.5730823052667828,1.3631021194954305,0.5798861197147346
2025-06-21 10:15:00,18.52238892918843,61.26928660966425,63.747899159663866,26.963878027465658,711.9950794705138,77.9765533069466,46.36428813932038,68.8045953646888,18.972949165285716,61.317972613543425,63.747899159663866,26.98050977467941,723.2005097245602,78.07190869143156,46.69218735694041,68.27452161838849,1.3620179409075994,0.5735095051768488,1.3651934496593954,0.5807221124742555
2025-06-21 10:30:00,18.565594669853827,61.36728957901533,63.747899159663866,26.96097629251768,714.6210372301908,77.81155126737904,46.96639428140917,68.74648310851924,18.783833532883005,61.32693263541863,63.747899159663866,26.985712427624932,722.5983911864485,78.1101435971597,46.68283930091107,68.19614428017444,1.36477016313129,0.5771122306748936,1.3669340499188212,0.5813674207341194
2025-06-21 10:45:00,18.04806646763774,61.30196883565351,63.747899159663866,26.972093987634075,715.9718599669226,78.22353316726671,47.13321273163812,68.65052941476263,18.58520940955808,61.328175716055036,63.747899159663866,26.99015427392664,722.0612076450312,78.13373728043747,46.68135160529106,68.12031133296698,1.3569373736996289,0.5852111070049344,1.368471209656206,0.5821108891082304
2025-06-21 11:00:00,18.595093811545794,61.25867148592842,63.747899159663866,26.973669299425165,715.9072538354912,77.91702701975711,47.29726818931235,68.4377779309624,18.40438543417066,61.32370557058699,63.747899159663866,26.993402387153104,721.7074740197736,78.14923120348703,46.667851364008236,68.03508813465031,1.3683846866685816,0.587678818661275,1.3704767800555142,0.582953408328253
2025-06-21 11:15:00,19.12134893109742,61.30229811696708,63.747899159663866,26.958690255896364,712.212625579751,78.59818196215099,46.96741281627189,68.4309627547437,18.247778450344903,61.31957191300969,63.747899159663866,26.996316186608603,721.2121721986483,78.13577572704246,46.67536077888007,67.93249856191045,1.3740243159021488,0.5925735615483411,1.3727283228703748,0.5840423447659759
2025-06-21 11:30:00,19.25033252315203,61.45759165883,63.747899159663866,27.044862138336157,717.4943378232759,78.2076276480921,46.885535875978505,66.22298118690419,18.098394192848115,61.31623838902496,63.747899159663866,26.998096929789835,720.7840864463299,78.14158125649264,46.66655889396907,67.83769332511896,1.3674475957971626,0.5917531709432966,1.3753036701903192,0.5850953722344474
2025-06-21 11:45:00,19.10643646511764,61.42791622020352,63.747899159663866,27.1178326762548,716.6349382687147,78.09199263766546,46.84651881686206,66.2896772552025,17.961383874145373,61.32143535485843,63.747899159663866,27.00115282897957,720.1827033183098,78.1379001335387,46.649655088253,67.7617473009851,1.366500036179347,0.5985712941355978,1.3780412668878388,0.586306770006559
2025-06-21 12:00:00,18.41419125467685,61.53124566565272,63.747899159663866,27.11172998760308,716.2051323391439,78.28726469159355,47.1685453520526,66.53128257034362,17.836449520889303,61.32360210306042,63.747899159663866,27.005805293200407,719.4590662980995,78.14582821660548,46.64518662881615,67.67169578225065,1.38452179350198,0.5940989484928071,1.3806648955281347,0.5875993975225637
2025-06-21 12:15:00,18.46405495256418,61.62467627746258,63.747899159663866,27.126690232932287,714.8012074215643,77.92352649958849,46.79309640754891,66.46860056041174,17.752439385329726,61.323729749485786,63.747899159663866,27.013695364882132,718.7091977420512,78.15156750092576,46.640837934187395,67.60216616776174,1.3872885140274596,0.5905347416463718,1.3827725669003392,0.5889419951250275
2025-06-21 12:30:00,18.699144594883464,61.6021990921873,63.747899159663866,27.11223676418604,722.4920781568601,78.04644398368781,46.660744997652216,66.59665910955368,17.697805904671608,61.32191382530795,63.747899159663866,27.020780763466373,717.9832265003816,78.16402011948273,46.62895788335665,67.53609173574033,1.396979509607707,0.5988543562037931,1.3853095595348484,0.5903533622761579
2025-06-21 12:45:00,19.196570180997185,61.62256593920175,63.747899159663866,27.09803651869974,718.1226559545125,78.23738951640406,46.29536866072199,66.78885235651441,17.668354147384324,61.32037508317758,63.747899159663866,27.028748291154635,717.594300010402,78.17744742021627,46.609393811572076,67.46450229379438,1.393804680323539,0.5914231193442488,1.3878865882591662,0.5916044883396181
2025-06-21 13:00:00,19.09228117087144,61.432156112493765,63.747899159663866,27.088651099482668,718.5405196614657,78.50732319449583,46.33816878088788,66.60857416994213,17.66618161117511,61.32052921350614,63.747899159663866,27.03940732793479,717.1904745468596,78.17374849213694,46.596492232320244,67.39794647625895,1.3995859025685768,0.5981626218543251,1.3905996311763316,0.5925973243949605
2025-06-21 13:15:00,18.189747272859545,61.47832400330233,63.747899159663866,27.07539348454647,720.6577038282643,78.84586910853466,46.21099924135687,66.56414856981684,17.669230899729065,61.3112771355979,63.747899159663866,27.050756178427843,717.0631012879956,78.16702099475086,46.577694864804165,67.34363613549748,1.4065612474469134,0.5974812059644553,1.393661287325266,0.5934967290213772
2025-06-21 13:30:00,16.950110310339284,61.489165853548,63.747899159663866,27.09493166587889,724.9305436338641,78.33181406821939,46.546400207344426,66.60625080907231,17.699123056347887,61.3006029957678,63.747899159663866,27.062480156728764,717.1420267607381,78.18285028575428,46.57616434192132,67.35425324151942,1.4098414061582876,0.594324838046708,1.3964830106937063,0.5944452326623783
2025-06-21 13:45:00,16.36688409241948,61.3922165827295,63.747899159663866,27.062736630264904,729.1032027413792,78.13639537867058,46.30107252527937,66.58969785083555,17.734867710268492,61.28939986662345,63.747899159663866,27.07389457751857,717.0046797331223,78.17974944247997,46.573102736530046,67.36598314474021,1.416439914495975,0.5954387908953221,1.3991332745645333,0.5955081813090534
2025-06-21 14:00:00,16.597935344840145,61.330183617537706,63.747899159663866,27.02372979396429,720.7857480024418,78.63837136472746,46.58947425701856,66.71074076726627,17.774287344486876,61.276171145804646,63.747899159663866,27.084569068132353,717.2447758849213,78.21599251166403,46.59010965995518,67.39218670011408,1.4147917464630142,0.5959608941963722,1.401356523563421,0.5965938323436368
2025-06-21 14:15:00,16.560964675964755,61.26716499613662,63.747899159663866,27.01640763880739,723.550497713589,78.24447418223865,46.4438597384392,66.74959731338419,17.808922571368388,61.268261573552685,63.747899159663866,27.09256522513453,717.6275739942238,78.22763638371674,46.61198658409389,67.41151513188308,1.414596804277234,0.601654773858157,1.4039547187861905,0.5976374295132404
2025-06-21 14:30:00,16.47004908591659,61.1303435746613,63.747899159663866,27.003896920257084,722.171739516559,78.61554288729769,46.33374865944819,66.71253286636738,17.83453296054983,61.258118360323685,63.747899159663866,27.09987793844872,717.7094428772683,78.23499707174246,46.615538147081025,67.42812668671935,1.4200527281767614,0.6002608586964562,1.4067918931379524,0.5982317173948781
2025-06-21 14:45:00,16.203223243199545,61.09208024493677,63.747899159663866,26.988917773969675,716.6191226239096,77.88844055235933,46.60275531824198,66.6875102845193,17.883235900341923,61.24939595466262,63.747899159663866,27.105280124894815,717.838192599973,78.23313101950998,46.61835319746586,67.44015823002384,1.4239882195867872,0.6051314412012302,1.4094815750329384,0.5983594985894574
2025-06-21 15:00:00,15.663016975118282,61.15263964467445,63.747899159663866,26.993933554820195,714.9231711152285,78.26004728597322,46.48115321816408,66.76195965458817,17.92684741356482,61.24276657727206,63.747899159663866,27.107538087375325,717.9325670167109,78.25894397513211,46.619286371432864,67.46568217402185,1.4164331679630742,0.6027025297551638,1.4120383639245169,0.5985140118019334
2025-06-21 15:15:00,15.485041783833848,61.20532963329514,63.747899159663866,27.041886586080903,709.1407189097949,77.96050479123598,46.555822396747374,66.96093666197925,17.975789260411286,61.23438734636597,63.747899159663866,27.10848765008881,717.9043632479277,78.25458317205842,46.62473302517343,67.49910071959822,1.419442646143351,0.6034588590989451,1.4145282669705759,0.5984940690705484
2025-06-21 15:30:00,15.753622454202617,61.24957748539506,63.747899159663866,27.08891745316872,709.6857906015478,78.53501608507041,46.707385710138574,66.85756956835974,18.027844638627208,61.220322628430274,63.747899159663866,27.108735863262616,717.8522290654382,78.2661756640916,46.63076610814173,67.60953508203514,1.4182145080228417,0.6057137008922165,1.417254656967011,0.5987747862641827
2025-06-21 15:45:00,16.79050555174223,61.15187233508923,63.747899159663866,27.110787662469384,704.1583812451541,78.34568980256232,46.37455903937043,67.29139462701927,18.067772380536006,61.208552233827454,63.747899159663866,27.107334660066005,717.8955397027918,78.28623065253113,46.63650372056665,67.71087652227224,1.4046102528006117,0.6062194376472028,1.4201344933712283,0.5987832771620195
2025-06-21 16:00:00,17.426814738089824,61.09103562325145,63.747899159663866,27.12574587718128,702.9804954007669,77.9930289268961,46.2426625732489,67.40744077722272,18.110488592714322,61.18979841827597,63.747899159663866,27.107283710973714,718.3103763747675,78.30650084493534,46.649772527966114,67.80744450604121,1.4024817182071978,0.6047306701511175,1.4226007757564998,0.599010582667623
2025-06-21 16:15:00,17.515901160517966,61.102413571185664,63.747899159663866,27.14970845363544,710.3371041989066,78.27412059701766,46.26278160514763,67.45473041204238,18.150628828922056,61.16868606948767,63.747899159663866,27.108928225175248,718.7474939085873,78.32846496703309,46.679818833295805,67.90072635247941,1.400863655241743,0.602760900107203,1.424757305252305,0.5993517204734987
2025-06-21 16:30:00,17.375506890242995,61.15545917827541,63.747899159663866,27.20583339980721,715.8748894116413,77.79909161309284,46.24391996930164,67.50171787262227,18.185342577929013,61.14978716735807,63.747899159663866,27.111073420846775,719.0598105074536,78.33609909908303,46.735238404088335,67.9914216719543,1.413784168214679,0.5962512316406496,1.4264284184929337,0.5994689935972867
2025-06-21 16:45:00,17.496967604490127,60.94840006591549,63.747899159663866,27.264326037523304,720.6565382603475,77.85505310941463,46.18545166801751,67.6333202940988,18.2136538586287,61.12920981171205,63.747899159663866,27.113145624583364,719.2158732389058,78.33007244536785,46.80108897255333,68.07194092016888,1.4209129274422616,0.5971997030353229,1.4281623823672496,0.5998121949599877
2025-06-21 17:00:00,18.399377321919992,60.97747057225219,63.747899159663866,27.265757084802047,727.0996000296002,78.39002810254304,46.58828532555336,69.6281983484825,18.251449558378916,61.11377067075958,63.747899159663866,27.115990350312067,719.3402268933908,78.31967601333416,46.85659625287181,68.15169331792998,1.4333366837944663,0.6016962341744824,1.430156039667857,0.6000403126277255
2025-06-21 17:15:00,19.223664534327792,60.94387766901418,63.747899159663866,27.22483971632208,724.8065317979773,77.97925165044146,46.4409905261244,69.42972858232693,18.310745518271982,61.088945759159564,63.747899159663866,27.11801774396898,719.540217146214,78.29618639105078,46.92132970666018,68.23659457261546,1.445765835178274,0.6016935889570778,1.431738265450764,0.6003618364820517
2025-06-21 17:30:00,19.683783342995305,60.929714129678814,63.747899159663866,27.26997503003765,724.8627718082626,78.55862094859741,46.87541277005701,69.64114996086938,18.398325169453695,61.0609053186121,63.747899159663866,27.118532595630388,719.2401993552121,78.30640388471674,46.95644252638633,68.3236804433114,1.4363155649741373,0.605651836304291,1.4334459000664022,0.6009556567934108
2025-06-21 17:45:00,19.561445735633807,61.03199944210535,63.747899159663866,27.203762737530887,723.4790227495871,78.32586946852837,47.02059586348158,69.38444831775914,18.50583123325095,61.03802237654728,63.747899159663866,27.11833773368122,718.5597870328043,78.3235015764143,46.9933668885312,68.4148970776119,1.439963797590678,0.6048174202649552,1.4349843721949849,0.6015315981488921
2025-06-21 18:00:00,19.333906345296903,61.062993182145206,63.747899159663866,27.18035769194344,717.077103721526,78.03237190815024,47.07294117102331,69.24482975360705,18.620590962635237,61.01448426826945,63.747899159663866,27.120257014187978,718.2021963902691,78.33238619420925,47.02594083106787,68.5014933219606,1.449885393684151,0.5949408671240235,1.436419561923837,0.6020337063292158
2025-06-21 18:15:00,19.50915466140066,61.04029666582144,63.747899159663866,27.13415958101689,719.8343516480646,78.16755160029234,47.21766424318314,69.01147571389707,18.754567517025375,60.99202031302013,63.747899159663866,27.122588929339013,717.7853058309317,78.33885696726999,47.05321661623309,68.58360477661255,1.4376278305492107,0.589044542842311,1.4372176926968205,0.6022649566268992
2025-06-21 18:30:00,19.903439208232687,61.05979016421162,63.747899159663866,27.04140817384046,718.7384863376275,78.69141568842129,47.32526340832234,69.20349625090293,18.910090261948806,60.9751483456165,63.747899159663866,27.12573521469519,717.5156744381145,78.33797530635097,47.0861033635886,68.6656875932168,1.4450883534159384,0.5923142150355575,1.4378011088716567,0.602743642881388
2025-06-21 18:45:00,20.589604336491387,61.05092118978427,63.747899159663866,26.987177137301025,711.3665125162516,78.46735786994056,47.13081242848874,69.43351912203478,19.075137605308747,60.95668305768797,63.747899159663866,27.12985069378146,717.5900709245614,78.32977345089454,47.10970764908192,68.69023111279778,1.4487214072839203,0.5919752796067872,1.4380742843889989,0.6028584035200115
2025-06-21 19:00:00,20.81199386962976,61.03565012075939,63.747899159663866,27.052308533550303,715.9303123485938,78.55540240908762,47.06652836502754,69.53601206001198,19.258100118494887,60.937988829891964,63.747899159663866,27.13302081469892,717.6450036145375,78.3134812597506,47.13514153703302,68.71150763120903,1.4492392956902127,0.6001746867523277,1.4384471378470631,0.6031133699743855
2025-06-21 19:15:00,20.304268722381572,61.07480438211889,63.747899159663866,27.075796580356524,717.9342573893249,78.69364229085085,47.0186471896097,69.32992046231543,19.460112289789866,60.91890565240499,63.747899159663866,27.13381376497537,717.8435684676182,78.31403292660916,47.1510253716514,68.72381993013843,1.4528951283058615,0.5988260210707061,1.4383922859095961,0.6034209385710526
2025-06-21 19:30:00,19.69567762002629,60.96863119910833,63.747899159663866,27.11020151483424,728.6502324984126,78.89537046372038,47.566609574036455,69.42832208341248,19.6746723860415,60.893023441356895,63.747899159663866,27.13002174394509,717.9152154641939,78.28251269879658,47.16056672016297,68.74004380421225,1.458510265060129,0.6009181136609112,1.4385367373197364,0.6035194918545643
2025-06-21 19:45:00,19.66826203879627,60.99130581381368,63.747899159663866,27.17602565897831,727.9147334361612,78.58245016252032,47.69448556743961,69.26705595355799,19.879066240088157,60.86988748258448,63.747899159663866,27.124262139710687,717.8202666888977,78.26866203313786,47.17788750471764,68.74266632192133,1.4519843989016097,0.6007688758226448,1.4389687091944547,0.6036679680181931
2025-06-21 20:00:00,19.74055706509211,61.03523202829896,63.747899159663866,27.176592634331826,731.8615761228433,78.2754679451864,48.32333212142825,69.31751869380035,20.080338102113412,60.844713848480026,63.747899159663866,27.11887985283302,717.7488392863147,78.27808361524697,47.19424512243892,68.7335887420946,1.4471129068265802,0.6023725499174274,1.439309623003228,0.6039446935128122
2025-06-21 20:15:00,20.04590860198779,61.005245269821245,63.747899159663866,27.160202630797528,722.8045378980828,78.05658990494832,48.27088571467189,69.20442980295219,20.268595263192974,60.8165277814308,63.747899159663866,27.113076871190966,717.4646696296257,78.2612680901853,47.20544555433294,68.71832986148375,1.445823596553002,0.6017191602252817,1.4397590144139658,0.6043753685740305
2025-06-21 20:30:00,20.22615216337792,60.96898188391984,63.747899159663866,27.17399287134364,722.2711292960125,78.19543023348524,48.00338719044237,69.00114610277471,20.45392352175521,60.783943628031096,63.747899159663866,27.105520130670634,717.0311882927381,78.268792135059,47.22144822496738,68.69503946590106,1.4593956215868116,0.6050061518864538,1.4397486317919848,0.6049987624215831
2025-06-21 20:45:00,19.968626069651556,60.73357665530173,63.747899159663866,27.136215294253805,726.6574114129614,78.14118044003347,48.15300285500773,69.11118621038108,20.645704061064176,60.754695732885395,63.747899159663866,27.09602794170369,716.4975723239343,78.29486829718917,47.263914423512965,68.65964448396093,1.454028020934114,0.607126921594244,1.4395351424003422,0.6056037336738853
2025-06-21 21:00:00,19.57749984579071,60.64795263712424,63.747899159663866,27.1103772157212,715.9300099038086,78.63833887819824,47.59978479912922,69.218826929951,20.813021489046754,60.7236577577052,63.747899159663866,27.08687673561693,715.6489720121197,78.28171040825893,47.29336625114688,68.55347207884996,1.4610704446274283,0.6121394473874823,1.4388799548331968,0.6060096782007882
2025-06-21 21:15:00,19.592066006337188,60.70572832078502,63.747899159663866,27.056890771789828,708.6908330691458,78.64932612959706,47.40880338962535,69.32619687985044,20.96515496723091,60.696011854058355,63.747899159663866,27.076831854191035,715.1217534004162,78.2883390195827,47.33367489955837,68.45080821643207,1.462594078353462,0.6127170315597645,1.4374397003358055,0.6064754051300967
2025-06-21 21:30:00,20.04072722636874,60.62404036920231,63.747899159663866,27.08130820916709,710.0580287263824,78.90490989857615,47.56669253311876,69.30862809772691,21.107079976906313,60.67095038232012,63.747899159663866,27.06667985830902,714.6973715600435,78.27608459508605,47.367302869013386,68.3384895336405,1.4578474383285742,0.6110241396060782,1.4365364973267591,0.6068992765463407
2025-06-21 21:45:00,20.58026130766885,60.59324633865728,63.747899159663866,27.08636509333847,711.0437809334683,78.43859737406054,47.262133293395735,69.2129409529432,21.23246518472066,60.640094149753914,63.747899159663866,27.0587498304453,714.496133508535,78.25446797225341,47.406615015955296,68.23619763505599,1.43854072746675,0.6085922827886618,1.4352982415177058,0.6070191517433293
2025-06-21 22:00:00,21.13573143361942,60.62418455255251,63.747899159663866,27.09828548094246,714.0827977320426,78.58909305972776,47.32035108011338,69.17501736449469,21.34078515163409,60.60906433632692,63.747899159663866,27.048974043986153,714.5078224062277,78.25746231168078,47.44606504700245,68.13305465991179,1.4375552134218377,0.6146214463311217,1.433477577234038,0.6071773624388295
2025-06-21 22:15:00,21.154643543997896,60.538121607080605,63.747899159663866,27.112382146557657,718.8510172173155,77.64238488866597,47.310883883041626,67.4238158719483,21.422917917655994,60.57576555762713,63.747899159663866,27.040158160614173,714.3542166197399,78.23038061941655,47.475780205831796,68.03944781918537,1.4321834851070576,0.6085742603599315,1.431791350125592,0.6076451663844901
2025-06-21 22:30:00,21.15189237070236,60.591812810794366,63.747899159663866,27.089037182344004,716.5711518145125,77.7712815516549,47.244169856696935,67.40025520692615,21.49723492428336,60.5417381878461,63.747899159663866,27.03409793908014,714.3579782030439,78.1994996548304,47.50266118941925,67.95436215007665,1.4276187717050075,0.6103515233863821,1.4292776296422043,0.6078761859892481
2025-06-21 22:45:00,21.54540692268313,60.63283430868582,63.747899159663866,27.065675094374416,715.0976645022141,77.97705479699299,47.03233743529913,67.3303056298611,21.558274392177164,60.5096765334273,63.747899159663866,27.02936653880527,714.4506103784659,78.17555866758146,47.52920047782839,67.85437279367777,1.4177970880193274,0.612685916998963,1.4262841476650499,0.6081110657117258
2025-06-21 23:00:00,22.190425341751777,60.4731111539522,63.747899159663866,26.975156822260423,711.8352004988229,77.58940925069304,46.99362616548535,67.34428579057402,21.599813469722438,60.48029792639756,63.747899159663866,27.0232025038821,714.2989303312278,78.14684436464695,47.5529227130874,67.7540559671964,1.422548050327054,0.6086702993975672,1.4233282956943671,0.6078591724732176
2025-06-21 23:15:00,22.922321173141917,60.45779357191704,63.747899159663866,26.9379995354371,701.3099179862699,77.93016983280054,46.89418257601045,67.37007015829178,21.646912627026687,60.45053376002942,63.747899159663866,27.01679712568532,713.9246216797385,78.12153604314769,47.58422971664438,67.65651181062768,1.4175694090421698,0.6106737225560639,1.4203422345876724,0.6074239821367019
2025-06-21 23:30:00,23.464970598847565,60.3358266001176,63.747899159663866,26.96427727085144,700.8376733232735,78.27567639016961,46.733391104887474,67.1351133824209,21.69584497514863,60.42272042680972,63.747899159663866,27.009385700823298,713.1398845049882,78.07081292229385,47.59895087921985,67.55282580797862,1.4127091324703929,0.6130324349896942,1.4169760052677447,0.6066272207911827
2025-06-21 23:45:00,23.16361599290465,60.25683155970894,63.747899159663866,26.97561900437366,701.8120144982367,77.7696548451673,46.59879456196825,66.99696399371737,21.741454558436608,60.39723647370251,63.747899159663866,26.999856363529577,712.3075489712999,78.05593672566668,47.599632201989714,67.45431468720356,1.4143453975638798,0.6156811519437496,1.4134464581919275,0.6057696296108228
2025-06-22 00:00:00,22.935354647110252,60.17793457628438,63.747899159663866,26.979131184197318,702.8704493050137,78.02481295930427,46.7240000883347,66.80300600514103,21.79383868864731,60.3691264860431,63.747899159663866,26.99138555888696,710.8683449520013,78.03597401059179,47.58254945737265,67.3616273004114,1.4134726895552376,0.6149530470672262,1.4106943209372145,0.6047407572725094
2025-06-22 00:15:00,23.250383783759023,60.0709632115445,63.747899159663866,26.979560368514907,704.6480591962312,78.63733797331949,47.45943762438517,66.57147083589511,21.846510692684287,60.34041997846568,63.747899159663866,26.984748220201688,709.935453752268,78.01750102399033,47.58139112790618,67.33554502014805,1.4145082456929874,0.6153488406043939,1.4079620252259777,0.603772868561481
2025-06-22 00:30:00,23.418900161397232,60.04633131684642,63.747899159663866,26.99122090219921,701.6415906751627,77.99529143463594,47.47184015457103,66.44302619515328,21.902363416566345,60.31398297673987,63.747899159663866,26.978299497338167,709.1648295724091,77.98383102249711,47.59863044169258,67.31561353940995,1.4136810567801068,0.6138745699815651,1.4051918482350558,0.6026216157617412
2025-06-22 00:45:00,23.78766887985251,60.11450055960839,63.747899159663866,26.9234932735454,708.9899734468759,78.17810999015377,47.65024997846888,66.3498127097902,21.962543670947504,60.29797094849462,63.747899159663866,26.973325354394692,708.1347135268777,77.9718950244119,47.61114703267284,67.28867230733785,1.4025582002565382,0.6156653968363336,1.4023331303507,0.6014049339856048
2025-06-22 01:00:00,23.941533633257364,60.17786997753185,63.747899159663866,26.965415153577037,712.1313165970801,78.19098821369867,47.884251853707305,66.27158947712236,22.026912410210066,60.287717702757845,63.747899159663866,26.969910239483056,707.7374070560983,77.94852175434977,47.63339712646259,67.26477955408862,1.409219474702742,0.6183679787916114,1.3992090294763455,0.600241137619255
2025-06-22 01:15:00,23.32300197006424,60.10631246511931,63.747899159663866,26.9658619016194,717.4418812043302,77.67737078354911,48.19996027173932,66.31569136022375,22.098065420597045,60.272170048417145,63.747899159663866,26.96711719617918,707.5610638977711,77.93268208073214,47.67639281595824,67.23501637763933,1.402816123319077,0.608413676174615,1.3957970324386761,0.5991387978434694
2025-06-22 01:30:00,22.583505352699905,60.13209877933534,63.747899159663866,26.88708409816897,717.4277706523078,78.12220209097161,48.25644210243767,66.1505404992811,22.177971806331026,60.263161609064404,63.747899159663866,26.964035052265626,707.1427820586614,77.88338623624682,47.710524523946084,67.21101277938301,1.395265465174119,0.599687187989029,1.3926299222311942,0.5979660976522054
2025-06-22 01:45:00,21.973137642057768,60.04133330482756,63.747899159663866,26.869683079857555,715.2261780534303,77.35510083236545,48.109119008063566,66.20327049210441,22.26573050831099,60.25411259407921,63.747899159663866,26.963092527487593,707.0588493252665,77.86747776081883,47.74443663154353,67.18767570547232,1.3870410172958303,0.603078661212126,1.3899971394630946,0.5966049691712367
2025-06-22 02:00:00,22.132949407053637,60.03896907078092,63.747899159663866,26.859601527819557,718.8513338367454,77.76498675083671,48.13169291594605,66.65092617764131,22.34360457682001,60.24555842543886,63.747899159663866,26.96360412459497,706.6922268812218,77.83334450544338,47.77756092041588,67.16381200361228,1.369676738914307,0.5992448031782996,1.387198815907287,0.5950348063562807
2025-06-22 02:15:00,22.4207883733056,60.08907155722047,63.747899159663866,26.845235129054736,714.1454777789115,77.74912825247196,47.92699108076301,66.43383843006842,22.4094428897566,60.23801265854979,63.747899159663866,26.963941140084,706.0875063023559,77.85130125394079,47.80740871441437,67.19417045560138,1.358916947969283,0.5990216712811213,1.38453017703801,0.5936892717824723
2025-06-22 02:30:00,22.058166195987887,60.15429190986699,63.747899159663866,26.867387485855303,711.3799109314538,77.6939733210524,47.77819542279767,66.52650726557054,22.450268219473067,60.22769083848182,63.747899159663866,26.965023459972233,705.516039028942,77.85479470037006,47.84420331447115,67.22546786123878,1.3605637365697332,0.5926178895970792,1.3814683146264302,0.5922895068035438
2025-06-22 02:45:00,21.71724344150901,60.18187939107476,63.747899159663866,26.88363523445298,706.7049978446438,77.93439264587303,47.95785729631922,66.40359576525417,22.46511419765884,60.21545320303275,63.747899159663866,26.96751029216969,705.1458193076122,77.83552405198687,47.874357446578145,67.24787718869797,1.3633132951050198,0.5857703109752327,1.3787463670913433,0.5907603250992927
2025-06-22 03:00:00,21.163648063684608,60.13423120251714,63.747899159663866,26.88785876897372,705.108117255909,77.3736768381051,48.00824445130045,66.31774200394064,22.456327788844003,60.211087777883876,63.747899159663866,26.975102548186623,704.8162839806214,77.83740507009492,47.9162807133071,67.2826460091246,1.357523385462298,0.5770152732953341,1.3755811317905906,0.5894405179916414
2025-06-22 03:15:00,21.03654953743556,60.22678722059772,63.747899159663866,26.890145540166586,702.9446674255094,78.13616426370521,47.71492525053551,66.31172233030644,22.423825374648043,60.2093984490111,63.747899159663866,26.982961365436477,705.1350991937696,77.81617736358454,47.95790183854244,67.32029035610442,1.3460979866271,0.5750411404118494,1.3732205582550157,0.5877793119679838
2025-06-22 03:30:00,21.312080971413145,60.19193239851665,63.747899159663866,26.922468495053465,688.6854555438858,77.6765864929394,47.81084978291625,66.53689709003561,22.366901012333958,60.2112476518546,63.747899159663866,26.989309086287637,705.795215428192,77.80208130784081,48.005589594704325,67.36760951175778,1.3645487891851849,0.5715063797680298,1.3709337105014532,0.5859551873573121
2025-06-22 03:45:00,21.626068723097205,60.144050042498655,63.747899159663866,26.961082470239237,694.8178019060833,77.50240030690524,48.23613583067793,68.42196139505118,22.300064814439313,60.21976228168647,63.747899159663866,26.995777200920656,706.3217104553626,77.79864659941335,48.04916617334896,67.41959651154414,1.3638547252159028,0.572682498894424,1.3685303123616772,0.5840540224136022
2025-06-22 04:00:00,21.901733879839732,60.17587183214521,63.747899159663866,26.980531185437982,699.1524039002421,77.18533018868825,48.520566604034336,68.40320168063198,22.211940547652933,60.230833204690946,63.747899159663866,27.003692213137295,706.8006247870125,77.80315227119802,48.07329680687746,67.47569561678442,1.376290311859148,0.5704685678942626,1.3665267128279353,0.5821961998327229
2025-06-22 04:15:00,21.774033701086143,60.25321580794455,63.747899159663866,26.98699100594957,695.753930047026,77.78310049747726,48.52850058441542,68.30294924821787,22.09569673641592,60.24712852097381,63.747899159663866,27.01131441885883,707.0322553190055,77.7693053385385,48.07005650287162,67.52738039110476,1.368266484403443,0.5706264683101535,1.3642811884806474,0.58014146167902
2025-06-22 04:30:00,21.508562023667608,60.34035526502081,63.747899159663866,27.007923768372265,704.0108157804215,77.93714077633459,48.26728761282187,68.50204433247431,21.975760319185778,60.269061656882826,63.747899159663866,27.020014787585833,707.5731275318287,77.76573777199091,48.063312333768884,67.58474910691642,1.367347418396795,0.5772255563969872,1.3619903772933752,0.5783441261099207
2025-06-22 04:45:00,21.7266563179466,60.23929869056397,63.747899159663866,26.97309947267352,703.4005383193304,78.1741359210679,48.69867407449456,68.43330158637158,21.84785559790632,60.29101177138679,63.747899159663866,27.02890027858182,707.7221530033755,77.73941674638392,48.049331196011394,67.65175992929866,1.3602341672233833,0.5796468382861941,1.3604300211486324,0.576402686028087
2025-06-22 05:00:00,22.43791879838815,60.35378718862034,63.747899159663866,26.988843891760453,697.5095735530933,77.42603456401682,48.59064377275416,68.5885201500375,21.70083404105553,60.31385767221771,63.747899159663866,27.035737443192126,707.7427527640314,77.71713109279695,48.02852902559106,67.71956902785413,1.3628341321041153,0.575843133868159,1.3586284468505752,0.5742526036720723
2025-06-22 05:15:00,23.21302236706787,60.32177588910124,63.747899159663866,27.05808934999742,708.5257989316174,77.9613431112204,48.27949652131911,68.51282873562239,21.547666457014138,60.33977082288393,63.747899159663866,27.041914771417115,707.5142885365186,77.71868002083436,48.00810772342406,67.78525298966507,1.3595572444237616,0.5677584283596014,1.357413145860667,0.5723544746634058
2025-06-22 05:30:00,23.471953488890016,60.36755949334199,63.747899159663866,27.1136333941638,703.0841244107024,77.56509539846431,48.31407974628411,68.45910630869335,21.40276581872301,60.365536370951446,63.747899159663866,27.05123050789496,707.2456548309508,77.70378009977561,47.973128452356065,67.864088272465,1.3536055067476125,0.5675165618824377,1.356895668253185,0.5707398203124715
2025-06-22 05:45:00,23.12979293209555,60.311748600408826,63.747899159663866,27.12249261122859,700.7093998513398,78.18108734358833,48.20631770299634,68.3345694316214,21.27537574588799,60.39432053380713,63.747899159663866,27.061519707186516,707.1713455123128,77.71109125222837,47.93233464556706,67.87727332451726,1.3521243190287449,0.5682082231456871,1.356309958902842,0.569205069323598
2025-06-22 06:00:00,22.37665226219635,60.28215820875492,63.747899159663866,27.12150677899088,699.4271336120977,77.87608494453302,48.34800785840031,68.33917737604847,21.146033002302634,60.42364052518789,63.747899159663866,27.07189191173853,707.0609616810809,77.70087040236898,47.87805652602817,67.8888565615616,1.335762899357608,0.5683585740185201,1.3565646346338365,0.5675476195141782
2025-06-22 06:15:00,21.990786268256244,60.26570524521385,63.747899159663866,27.14028006029817,703.9910728623186,77.39893534549753,47.93696139850872,68.0025854536367,21.014118509430567,60.44820233673699,63.747899159663866,27.084180717771652,707.1213772425853,77.70805078694322,47.8311128161889,67.91032995112813,1.33613866196673,0.5668104658714319,1.3575305706286744,0.5661058067548648
2025-06-22 06:30:00,21.926833077306725,60.34214839948599,63.747899159663866,27.20292450276841,701.9491406891003,77.64583979393433,48.25132416735448,68.3873504033729,20.8955779130681,60.47030108741113,63.747899159663866,27.094747464327856,707.081091534313,77.71427453999777,47.79830938290554,67.93021932111675,1.3275909913044686,0.5690760861680288,1.3585563391241091,0.5648916796909991
2025-06-22 06:45:00,21.94724874726316,60.40711370573349,63.747899159663866,27.17376405293272,710.8743743807149,77.29333863748894,48.14281633307046,68.4994005676862,20.79324315961771,60.493328250037855,63.747899159663866,27.103949097061463,707.2753337264645,77.69287545641005,47.774810519767264,67.95316837559571,1.346752202974917,0.5608375418463378,1.359228290621448,0.5640666635803497
2025-06-22 07:00:00,21.757239729424896,60.39130268542288,63.747899159663866,27.154708896386293,720.6411603559459,77.85279471785788,48.16402378974388,68.55468805202183,20.703586375223793,60.519138912230844,63.747899159663866,27.11277507369879,707.7776732659712,77.69787255672834,47.75436584770295,67.98673131586423,1.344103699863524,0.5583086966695435,1.3600342903334424,0.563472076112911
2025-06-22 07:15:00,21.15853005606533,60.512270454664936,63.747899159663866,27.169662443364267,717.6068653133536,77.66661359234345,47.90609192130727,68.55657398730804,20.614752395135262,60.53979385159471,63.747899159663866,27.121130603275635,708.1525761323749,77.6771531718811,47.74119267433373,68.02210355373614,1.342243453370597,0.558646203632453,1.360955898097323,0.5626679071294941
2025-06-22 07:30:00,20.291626643518853,60.51006226641871,63.747899159663866,27.216581550696404,717.237879254508,78.1599831128442,47.44791909418986,68.48597916234947,20.527041135623687,60.563380828449276,63.747899159663866,27.128791164525786,709.0034186401757,77.68347071208699,47.72506434348814,68.05008532568132,1.3533647035429874,0.5592183696408431,1.3609290036714514,0.5620893222597881
2025-06-22 07:45:00,19.76306944664872,60.559822700030544,63.747899159663866,27.20822654016096,711.5969751560231,77.62192999353395,47.36222850421008,68.12201406550541,20.44440791874193,60.583385940310635,63.747899159663866,27.1356510068239,709.6722755598124,77.67588008670765,47.69157676307131,68.01296194440083,1.3471425152743473,0.5537066959933096,1.3609026581171852,0.5617722827364056
2025-06-22 08:00:00,19.82080764449292,60.70432539411669,63.747899159663866,27.25223196400936,717.8677570598642,77.88826443820871,47.26951508148858,68.16408766950325,20.366979315059556,60.60338458189678,63.747899159663866,27.14104510979132,710.1399804472605,77.68083198926074,47.65393364600987,67.97145790268732,1.344956721161945,0.5599545029085845,1.3604744500583406,0.5614791475816526
2025-06-22 08:15:00,19.950527241468773,60.77300399472758,63.747899159663866,27.19005800342492,713.4607375932795,77.38847922194384,47.230815845744274,68.36013738125754,20.28876664973473,60.62344449877444,63.747899159663866,27.144825873985283,710.7043994123002,77.67634880076402,47.61508485162746,67.94337202020881,1.3557475159142407,0.557422194381324,1.3603124349388798,0.5612897573858325
2025-06-22 08:30:00,19.530886927733658,60.86324700245921,63.747899159663866,27.170530091886192,712.7493094167511,77.52241860608932,47.26018674109749,68.30586243378657,20.196976027002645,60.63461224850814,63.747899159663866,27.148049872430725,711.164928229123,77.67041488346571,47.575337730573025,67.91630283451737,1.3551722457610351,0.5538655081111696,1.360164925925917,0.560992209359842
2025-06-22 08:45:00,18.72797444882257,60.88370698510594,63.747899159663866,27.1511817483692,710.5879543789468,77.72383862467142,47.58732120672923,68.28621021455183,20.096555510683515,60.649380832366646,63.747899159663866,27.15234620335635,711.6668569162695,77.67403468134394,47.5196182897303,67.88839241679061,1.3663570936218308,0.5514698059146192,1.361104487411243,0.5608546723236084
2025-06-22 09:00:00,18.236486203965992,60.9050652213608,63.747899159663866,27.166556192504306,709.3687594852751,77.67520445920931,47.20706397039783,68.51559898327864,19.97082807109134,60.65816546453812,63.747899159663866,27.154039376588894,712.4740749263677,77.71384458725092,47.46496494193783,67.84628482381218,1.3797411369496613,0.551247557461,1.3618568919069527,0.5609414060541538
2025-06-22 09:15:00,18.15143545700736,60.90485819049842,63.747899159663866,27.17835905860422,712.9968984942856,77.57443540594805,46.88530480439319,66.59882205367228,19.836084964704902,60.668638085456706,63.747899159663866,27.152644921569543,712.8682543064893,77.74010411841556,47.42111890008062,67.80762783848243,1.369469736785539,0.5570361315459256,1.3631892251359352,0.5613282835366141
2025-06-22 09:30:00,18.252667099492744,60.91856881220344,63.747899159663866,27.170767664379905,715.5398188997951,77.45836125505514,46.50334932977927,66.99842328897127,19.684510765103436,60.67627502966695,63.747899159663866,27.150977039932336,713.2492896459222,77.77229954495753,47.37639628389231,67.77849386681248,1.3773170108441382,0.5495213088957004,1.365460079916691,0.5617383067332337
2025-06-22 09:45:00,18.463353587143647,60.82592590369341,63.747899159663866,27.21389931004854,715.9579446240402,77.96453978969899,46.51867978558502,67.07804011706443,19.526006004393295,60.686677089853816,63.747899159663866,27.14805854730036,713.7407287735656,77.77514524432965,47.32864087477648,67.76069141078754,1.3878950278144249,0.5557672885017209,1.367666708887602,0.5622871644987626
2025-06-22 10:00:00,18.50194830511381,60.81725443009121,63.747899159663866,27.18438988254132,710.171339683286,77.8806859126891,46.79409242429711,67.12318836522942,19.36854458406085,60.69696762515405,63.747899159663866,27.14532750273504,714.3770669034303,77.77938680762965,47.29034631360585,67.73590716792411,1.3913367914327668,0.5561940776811048,1.370318746643146,0.5629456685166999
2025-06-22 10:15:00,18.64720083799742,60.87269426987651,63.747899159663866,27.159684216461272,712.5322636091928,77.2924201382413,47.25289140217078,67.09206739962312,19.220440189776433,60.7098453385822,63.747899159663866,27.140741479255844,714.792945459374,77.810253739836,47.25635233513562,67.71141432595898,1.383471840025188,0.5610198276557556,1.3728122292698555,0.5640230531261948
2025-06-22 10:30:00,18.473944531867087,60.90855106830691,63.747899159663866,27.152638068093445,720.1783034411053,77.52358984765432,47.394904289371134,67.3246302119959,19.069188718691514,60.718575304881114,63.747899159663866,27.134450135782235,715.2531873693831,77.85387823225274,47.20406996161933,67.67490563384385,1.3817033768221316,0.5591776492721707,1.3756955422110022,0.5649737270487535
2025-06-22 10:45:00,18.37153013477963,60.84643540151338,63.747899159663866,27.14081142747194,714.1917534176217,77.51458271828768,47.319730049458926,67.37288946646382,18.91998661153766,60.7218641243952,63.747899159663866,27.128767705017502,715.0859102705643,77.88991421412553,47.16262228004819,67.63764861256512,1.37374621954352,0.5509160709093425,1.3786132271661333,0.5661926708978237
2025-06-22 11:00:00,18.68074318606591,60.89954170415377,63.747899159663866,27.15228533255794,714.2107307779098,77.86611269911604,47.32699985754848,67.37635024839082,18.76838133293133,60.7296674494818,63.747899159663866,27.122405934092498,714.7109713096746,77.90380420702455,47.11736997704079,67.58771736616625,1.3637419564090347,0.554148833676847,1.3822321306324445,0.5673848015253246
2025-06-22 11:15:00,19.147072216644403,60.74420339833952,63.747899159663866,27.16687773918273,714.8835094951824,77.27468154552496,47.23150841817311,67.30825995663666,18.617719096350573,60.73085882855909,63.747899159663866,27.116420290518366,714.3884316890989,77.92724109723439,47.077550285943786,67.59667612762824,1.363064358587918,0.5631713131929501,1.386116387613783,0.5686387545634084
2025-06-22 11:30:00,19.578875769368462,60.7758310797297,63.747899159663866,27.1423542744607,713.1835505236874,77.33388726528133,47.39127309219096,67.15808042922642,18.481215698873214,60.733380966666445,63.747899159663866,27.108538010662024,714.2681014260717,77.92566147947107,47.05251104355113,67.61459623771492,1.363444070093807,0.561674513251679,1.3898181733863642,0.5698750139391906
2025-06-22 11:45:00,19.42765374134139,60.85501331427432,63.747899159663866,27.100413931768436,712.6864989982164,77.64860484257488,47.36303675294322,67.460372773863,18.35602655647217,60.733312285735465,63.747899159663866,27.10106951158912,714.5216852339545,77.93314996388906,47.02602491967919,67.64959912791588,1.363406030819617,0.5649447624355464,1.3937523754975203,0.571564808216643
2025-06-22 12:00:00,18.754843341705136,60.67538775703175,63.747899159663866,27.10464372173539,717.8266802851056,77.75912325738551,47.07487398118891,67.68996876173082,18.25585869970212,60.72583548936093,63.747899159663866,27.09232121632649,714.3703445566048,77.93786695134379,47.02147126091265,67.69487352360112,1.3629221480079152,0.5682991156172701,1.3981601992489787,0.5729904229644098
2025-06-22 12:15:00,18.71404082837271,60.68235620631907,63.747899159663866,27.10198940044229,718.4583989337211,78.28272985741498,47.02709084921292,67.59598905456876,18.1693026318206,60.71926482024376,63.747899159663866,27.085118296226735,714.4396185587848,77.95549274340642,47.022381137442174,67.73297973319215,1.3884210117831646,0.5755207271991867,1.402082146619157,0.5744439511284012
2025-06-22 12:30:00,18.666095610622943,60.61732615376459,63.747899159663866,27.03963908873667,721.7261138560444,78.62033174122647,46.951043338979794,67.32529236068494,18.11718856500072,60.70626824671428,63.747899159663866,27.079673163187167,714.6522873969177,77.96475833178827,47.03284101116373,67.78369213795655,1.3854062669753997,0.5784451457845211,1.4055666920928995,0.576102122762382
2025-06-22 12:45:00,19.17072917547466,60.63595451665898,63.747899159663866,27.016255699416917,720.3511803352663,78.74912904615958,46.96411526560294,67.35311917572949,18.0900936850956,60.6936617912363,63.747899159663866,27.07553399397331,714.9136971803221,77.96163484085913,47.03097180149858,67.84372968527015,1.3995272412932376,0.5793647528334116,1.4086180900818603,0.5775229105688048
2025-06-22 13:00:00,18.92472750084607,60.59666781964905,63.747899159663866,27.063596945047607,714.515184593687,78.53095819472338,46.97240126063472,67.58508715859514,18.073996847329454,60.676767955110414,63.747899159663866,27.07269362680432,715.3179855846504,77.9621029737431,47.05171016733762,67.9015275311227,1.421731150170291,0.579817257781024,1.411083220191674,0.5791286066244375
2025-06-22 13:15:00,18.374650110791244,60.62381040601488,63.747899159663866,27.034937832269357,715.4525736806391,78.26645832475177,46.773655429521455,67.8004957508732,18.069679812506685,60.65552220581676,63.747899159663866,27.070168519449386,715.6932552344431,77.97676133977217,47.074599646180836,68.02376405658076,1.4183231881560754,0.5846739561115548,1.4136260902594024,0.5806228004185682
2025-06-22 13:30:00,17.652809652223063,60.59087426776195,63.747899159663866,27.039575442031364,718.5172775080392,78.00333184353319,47.19917102328151,67.59565009014547,18.08422679441189,60.633724758962465,63.747899159663866,27.06810709095936,716.0886241813008,77.97447273307722,47.109154865663854,68.13667186783148,1.4153240320239169,0.5881136945566422,1.4160813308850517,0.5824540490929784
2025-06-22 13:45:00,17.54765443972369,60.652036648058136,63.747899159663866,27.002699355922317,716.467429540631,78.32494331168787,46.91714204440162,67.26780019468293,18.11874055876048,60.6134570132345,63.747899159663866,27.064997115263324,716.394267732837,77.98157225838526,47.1550752994857,68.24120128461519,1.410943140768029,0.599132004156277,1.418075609136714,0.5840492532705237
2025-06-22 14:00:00,17.389288944759162,60.6040473884536,63.747899159663866,27.014184198560034,715.7563979893729,78.95457456643629,46.682852961865805,67.29208963991887,18.162976580320567,60.59306561553001,63.747899159663866,27.063146998509943,717.0311689089069,77.98975782403816,47.19342114316027,68.33839956192729,1.414090379538871,0.5975963038447869,1.4197546625078714,0.585851551988327
2025-06-22 14:15:00,17.471185532647553,60.50577829115605,63.747899159663866,27.003291129990806,705.856061416156,78.37441809367294,46.89938588593645,67.38168992932418,18.19763273081826,60.56723469151619,63.747899159663866,27.06275269063549,717.5502315734434,78.01349875524078,47.206040619961634,68.43069635321643,1.434282751628842,0.5974058573184473,1.4222702778532785,0.5875487615504188
2025-06-22 14:30:00,17.20908137123503,60.62540243802116,63.747899159663866,26.963855768636154,709.3929915292545,78.26949450482856,46.80645469952181,67.05675066005577,18.23376220356454,60.53819099949497,63.747899159663866,27.062252416455703,717.8248365882389,78.03480403597827,47.21423340370284,68.51956310275474,1.4526708038528573,0.594072615494567,1.4245541899453298,0.5893496537052757
2025-06-22 14:45:00,16.638662958642556,60.5480118269835,63.747899159663866,26.990093136140334,707.9306766960797,78.36972029863841,46.71150118839728,68.82533683116804,18.274784634313118,60.512058847528216,63.747899159663866,27.062467730159987,718.3063993641579,78.05417275063603,47.215633497288295,68.59467507288095,1.45877116281076,0.5962647947749687,1.4264583239950452,0.591637212037434
2025-06-22 15:00:00,16.19652471919814,60.58572640963912,63.747899159663866,26.98011315500611,713.6279713636883,78.11259457994481,46.696741822409805,69.02358246494974,18.317149472469183,60.48575070732961,63.747899159663866,27.061310050456527,718.8274768323358,78.07000778049273,47.22032114342061,68.67169762035677,1.464418276720422,0.5963061509143105,1.4290770970285074,0.5936223676089931
2025-06-22 15:15:00,16.00739517461738,60.55776227210132,63.747899159663866,26.98417156797388,719.2044893925103,77.84658452607394,46.56764478805185,69.17210077153418,18.364698739605334,60.462433840758074,63.747899159663866,27.06119780579759,719.328994423211,78.10187485917845,47.220732245760544,68.74470379403472,1.4651685786090305,0.6044005243168853,1.432120562854246,0.5952947390942047
2025-06-22 15:30:00,16.8157719413914,60.48002150288052,63.747899159663866,26.98978310613052,713.327536739374,78.0297740618507,47.13290531849248,69.52231954006051,18.40562894859247,60.43427798947866,63.747899159663866,27.061263959912836,719.9287993216172,78.11797219869813,47.213840239627565,68.83311557334086,1.4771914337056948,0.602722945341587,1.4352719970176118,0.597145982223854
2025-06-22 15:45:00,17.353845205023195,60.57588392121246,63.747899159663866,26.973970400432204,715.5389576586763,77.9172529838223,47.25811214163019,69.50332366898824,18.430206287931913,60.402983185317126,63.747899159663866,27.06435487925283,720.6324017398063,78.13655519068028,47.20805223227239,68.91386166056789,1.473405937019597,0.6010280393010601,1.4384873700805834,0.5989985514241791
2025-06-22 16:00:00,17.967464923137243,60.4733497965748,63.747899159663866,27.007176100699045,719.1293745607396,77.8003862575448,47.573982952744096,69.82723457671842,18.461107047285275,60.377246788604985,63.747899159663866,27.066921112878617,720.8714770971098,78.13798587572641,47.207143986066306,68.98502076996543,1.4597086099733028,0.6036106571306014,1.441491958465214,0.6006599452900082
2025-06-22 16:15:00,17.915128051668916,60.50551332076685,63.747899159663866,27.02700667195349,718.4302478810788,77.6301338967968,47.5312449167747,70.08733663395974,18.478756621588083,60.357874266413496,63.747899159663866,27.069655840872237,721.2978739472513,78.12987309005648,47.214279117924754,69.05885472449523,1.4578990332906578,0.5940934401072993,1.443383669386152,0.6020928430852428
2025-06-22 16:30:00,17.753581070981678,60.39825013758403,63.747899159663866,27.08134517743464,721.4974116151269,77.68924844572847,47.82921494556868,70.24953435885557,18.503430540811035,60.33951832816003,63.747899159663866,27.07494142416641,721.5144939869219,78.1078660910646,47.21815520131199,69.15323873391895,1.453695040244074,0.5994184391299825,1.4457628052383358,0.6033666604804496
2025-06-22 16:45:00,18.021924412324204,60.26748571168877,63.747899159663866,27.1026058379562,724.2549879880656,78.0141863868204,47.57198916969021,70.2659178174137,18.518539302929927,60.322656685652525,63.747899159663866,27.079924441619855,721.9033561157181,78.07959012875175,47.2153161982931,69.18939119367914,1.445755838817385,0.6018619453698434,1.4478844527311463,0.6045274093141327
2025-06-22 17:00:00,18.68907655664894,60.26464540657473,63.747899159663866,27.108924809679117,727.4008873055265,77.38970305420699,47.54000591426958,70.38565762649294,18.544515611938106,60.30888863876168,63.747899159663866,27.084632873046132,722.4143246060986,78.06066494353806,47.21174163121256,69.21813639533265,1.4509742296136172,0.6044587691280069,1.449176498705524,0.6055335140936648
2025-06-22 17:15:00,19.4987665176013,60.21789353185426,63.747899159663866,27.120600039167464,725.127251170124,78.17752554893974,47.8962928002404,70.21392262057573,18.586961054050594,60.295520616564104,63.747899159663866,27.09000103372283,722.9291898929412,78.04067754756845,47.2038440570344,69.23734416635669,1.447723375364292,0.6036234138280818,1.4504613949276366,0.606659098387507
2025-06-22 17:30:00,19.829028951916527,60.20551249895667,63.747899159663866,27.12888637993995,729.278374965387,78.12625288227613,47.94446773453414,70.03913668459296,18.63615852079678,60.28392541739633,63.747899159663866,27.09493955075137,723.6442029138136,78.03961766340072,47.20736430944676,69.25720168994546,1.441708392567498,0.6102630392152011,1.451636821268171,0.607730198976021
2025-06-22 17:45:00,19.686885352928105,60.09776654946194,63.747899159663866,27.147854980227677,728.1041435452847,78.00464807432013,47.63147570621192,69.86097113829668,18.69464256355807,60.27076151017173,63.747899159663866,27.10059459909995,724.4919914536769,78.02261383483845,47.22931129140401,69.28122166069741,1.4589403003873973,0.6119361145185107,1.4529288758663659,0.6085457645533007
2025-06-22 18:00:00,19.557828714255635,60.03724030767043,63.747899159663866,27.137629842699827,728.416453884969,78.16274826977863,47.64068780160721,69.99063269814548,18.782771968679018,60.260517191325214,63.747899159663866,27.10590359480978,725.6316569961332,78.01289616086775,47.24862321172016,69.30761796721889,1.4502207395836673,0.6132044139178832,1.4539369039340762,0.6092127221731988
2025-06-22 18:15:00,19.602203057236903,60.06247084251071,63.747899159663866,27.147270838600445,728.6386366951928,78.09564415802053,47.36173285702242,69.62624857024987,18.897415093517807,60.2532797467927,63.747899159663866,27.111887938646127,727.2152095920142,77.99371655161718,47.254624975884845,69.33472741132205,1.4308702410349845,0.6195428208740885,1.4542691488075545,0.6098217329048291
2025-06-22 18:30:00,19.95168833074792,60.11029749819537,63.747899159663866,27.11755494145414,729.8430548232494,78.34116359481753,47.46762924151809,69.68702667266551,19.038557506135607,60.24203520274372,63.747899159663866,27.118531793901266,728.4784515240868,77.99371474406038,47.26262649521694,69.36684565235775,1.4423051474128996,0.613703500823621,1.4538936826936184,0.6105320983605519
2025-06-22 18:45:00,20.573550230728905,60.044697401193375,63.747899159663866,27.163510399414648,729.9290372214388,78.23069390609669,47.2438414883709,69.49844516697547,19.206317135831863,60.23435435370829,63.747899159663866,27.12547643163253,729.6236579243453,77.97253358262267,47.27719739439582,69.33739238544301,1.4543683333600723,0.6133424577492969,1.4533462069614302,0.6111233484972801
2025-06-22 19:00:00,20.80678203898243,59.931155541347295,63.747899159663866,27.14433889791804,731.17769747587,77.81680745087118,47.18451290820192,69.81043380841056,19.38179847859677,60.226401318885316,63.747899159663866,27.132266798793427,730.81902722829,77.9626857603903,47.28869227951018,69.29737200685129,1.457987094994785,0.6172118071411568,1.4531821892519525,0.6116921571767435
2025-06-22 19:15:00,20.16497392152476,59.916169189428416,63.747899159663866,27.193141511968207,733.79457154389,78.20609460203951,47.18939653228767,69.88275539067372,19.573562620665548,60.21986094127329,63.747899159663866,27.140189683125154,731.9136720969211,77.95809496718276,47.31108552570383,69.25390779723975,1.4598672227087588,0.6205218384453003,1.4529108870213747,0.6121096753113453
2025-06-22 19:30:00,19.681866122306,59.90329585566733,63.747899159663866,27.18163073050909,724.9989410042143,77.80204380876978,47.04762659500648,69.82474204365722,19.75509143085377,60.21114992439138,63.747899159663866,27.14958111024519,733.1887098653677,77.95545386757405,47.30190467621203,69.19503378112863,1.4530597995468353,0.6181409315921405,1.4518737309025223,0.6125208990846885
2025-06-22 19:45:00,19.243528057456896,60.10118054057443,63.747899159663866,27.184031240250725,731.2503044379648,78.03934628731669,47.2411448049664,69.81100769046279,19.946463476545812,60.19317868559869,63.747899159663866,27.159286417481333,734.3504320390406,77.9504335252477,47.29195503457584,69.12988670046988,1.4451723394113063,0.6185076610562269,1.4508312782082424,0.612830345223633
2025-06-22 20:00:00,19.40631318731152,60.0666480061609,63.747899159663866,27.19820658756203,728.2247150461583,77.96012177147009,47.06732584059692,70.15681264339685,20.137431592344647,60.173665202967406,63.747899159663866,27.167527208101998,735.3053622891391,77.9561085735282,47.27584857110435,69.05871975000919,1.4567803425409205,0.6166596676407234,1.4500506903169372,0.6131300683211407
2025-06-22 20:15:00,19.623992039041404,60.13010524143356,63.747899159663866,27.165746223020165,732.0170441991564,77.9008501767743,46.87894517503634,68.43769296853492,20.319782402994438,60.15753142395702,63.747899159663866,27.17551378261696,736.434270376325,77.9616037269938,47.25180780491403,68.96605972995866,1.46317666607755,0.6141872178439085,1.449395327789616,0.6137160480758159
2025-06-22 20:30:00,19.704016771091435,60.18362641292371,63.747899159663866,27.20484988783605,729.8442393051,77.96320263831251,46.86516424821851,68.44744320820007,20.493485001953122,60.144520382269974,63.747899159663866,27.1811763471635,737.3298517322779,77.9420555780135,47.221074098976786,68.8630371992398,1.460492529401617,0.6100004011669876,1.4482114439819547,0.6142681620975577
2025-06-22 20:45:00,19.64801337416589,60.22276974008782,63.747899159663866,27.19598265257022,730.8985322859189,77.66683644566334,46.53672820417666,68.37672888159449,20.65892072687791,60.13046112332681,63.747899159663866,27.1863660865119,738.117242618637,77.92951792585194,47.19538814139237,68.76866225061217,1.45687007481946,0.6184414849268183,1.4475296380462985,0.6148909553551101
2025-06-22 21:00:00,19.1287336546088,60.24301829272886,63.747899159663866,27.18773095288755,739.96766813421,77.97153531850111,47.304778595651975,68.1913757978085,20.81524131963506,60.11717308081916,63.747899159663866,27.19266840768698,738.7004201221015,77.9354954131434,47.17003093519897,68.66687204974833,1.4505868222399445,0.6202467122120574,1.4467691909212625,0.6153336342892802
2025-06-22 21:15:00,19.30217572256228,60.25711943132004,63.747899159663866,27.172350806379665,741.9010857365265,77.81482845482017,47.57555150311959,67.98839931724186,20.958147750406983,60.10389304574482,63.747899159663866,27.200194714711134,739.5395191481668,77.90929054131094,47.139599003157805,68.57386904122218,1.4497047787138782,0.6235989714746725,1.4458946816898552,0.6157882368248383
2025-06-22 21:30:00,20.033171098387605,60.29671782305782,63.747899159663866,27.173454069855133,749.9463642630676,78.6630443473157,47.26221057135009,68.08397883556296,21.0816045492266,60.09254528121378,63.747899159663866,27.206228381204195,740.2336692392466,77.90243870988874,47.10849846258564,68.49092987012332,1.444331221570179,0.6176050324417278,1.444806698096836,0.6158822144056939
2025-06-22 21:45:00,20.91047927781124,60.288654955180974,63.747899159663866,27.182821445081117,753.3626392925834,77.79902981615567,47.079438810877015,68.19497325241886,21.20162202542167,60.08568209977625,63.747899159663866,27.21150271130423,740.8433794851317,77.87791175314968,47.078338444768654,68.41863883007434,1.4442500978331871,0.6156761792673571,1.4425689967743287,0.6159787847011364
2025-06-22 22:00:00,21.443353749769035,60.28806611655142,63.747899159663866,27.16317142629033,747.2902494914352,78.2694402781249,47.04650027948462,68.02029789112699,21.30123331927296,60.07877681224461,63.747899159663866,27.217219516656897,741.3454446767271,77.84938327008186,47.04911607942268,68.34892239234138,1.4414068204347794,0.6153835791662495,1.4408594020148735,0.6159577743249566
2025-06-22 22:15:00,21.671451849530285,60.31758635592063,63.747899159663866,27.19843226807824,742.2868687038291,77.73428545550662,47.14862816376388,67.94173882372588,21.38338390662972,60.072224450949044,63.747899159663866,27.22239519391732,741.8179313471949,77.8079616874595,47.0411543255117,68.34187054367774,1.442346890845109,0.6140022988768167,1.4393780727716559,0.6159341830897097
2025-06-22 22:30:00,21.460965002145382,60.347135364950105,63.747899159663866,27.18382416983304,749.4890504820326,77.81715991297382,47.04158837584036,67.82297110719826,21.45294736348696,60.06330270231988,63.747899159663866,27.229586231080326,742.2651670956795,77.75047981165714,47.030165553833434,68.33454344379918,1.4594977454360982,0.6133704112982146,1.4373012006313572,0.6160179455183091
2025-06-22 22:45:00,21.76031943668064,60.361550943740426,63.747899159663866,27.22185809792561,752.0438354514401,77.70886072984777,47.23944217386176,67.86817448318797,21.50006401977253,60.05384496585364,63.747899159663866,27.23528763836747,742.6883449975555,77.71013165776284,47.0332673446831,68.32766647734739,1.4570295116916925,0.6169260683549384,1.4348909466022612,0.6157827257952608
2025-06-22 23:00:00,22.26163624703802,60.21869099642307,63.747899159663866,27.271525919731552,751.5786697927748,77.95054107358929,46.85747983373815,67.756099056727,21.540724685522687,60.04373729395912,63.747899159663866,27.241683936048393,743.3024717887973,77.70878695641363,47.04266764077088,68.31299797297682,1.4460767501401242,0.615059658541884,1.4322396544113996,0.6154576744735386
2025-06-22 23:15:00,23.09500657578441,60.03674675743175,63.747899159663866,27.26512961751653,750.3906228688651,77.76664271403183,46.95962289254472,67.54891124922592,21.572591798152647,60.037075052450064,63.747899159663866,27.245960660912775,743.7748765511467,77.71037379385396,47.041413580616265,68.29132486862774,1.4421323561911974,0.6103114234693944,1.4292738226423518,0.6149713376420815
2025-06-22 23:30:00,23.696508397102395,59.88794531763651,63.747899159663866,27.254399819319094,747.7772820636937,77.97063770595992,47.09078904859916,67.6922260628973,21.617008701061206,60.02966990991794,63.747899159663866,27.24985309782487,744.7764608482731,77.69219495596577,47.05658381182674,68.27807036724292,1.4362909732341484,0.6126023500558285,1.4264829858746035,0.6144805360447558
2025-06-22 23:45:00,23.385652371162536,60.02149995045519,63.747899159663866,27.26660390740229,752.2974904966547,77.79498850076479,46.81002193106514,67.3075360324436,21.669585071415234,60.01134866481736,63.747899159663866,27.25370404761941,745.8265765673654,77.69809449266891,47.0690028407389,68.25359605724366,1.4382381574710243,0.6116728327475612,1.4236094857551154,0.6138864558938838
2025-06-23 00:00:00,22.96465903974233,60.00791888697267,63.747899159663866,27.25122211383091,748.3648522937104,77.10280397631942,46.90720376745117,67.15885843728965,21.724078123462867,59.993150704386956,63.747899159663866,27.256823958961327,746.8783824184139,77.6905251903681,47.09272958793382,68.21663474674564,1.418178526014232,0.6159818597822346,1.4201500107475458,0.6133960013257426
2025-06-23 00:15:00,22.984996160067784,59.84570794339386,63.747899159663866,27.25829801840812,747.8767145788426,77.63805682197312,46.80141044215792,67.43466935858503,21.796191833758723,59.97509373436626,63.747899159663866,27.262293620749446,747.7345315540618,77.68401261927724,47.11537161845955,68.23237506385067,1.4253016607477074,0.6205457430964132,1.4166621682219966,0.6127710658361991
2025-06-23 00:30:00,23.378694339363424,59.86600413134512,63.747899159663866,27.297994444931486,744.8962124094597,77.56902767295142,46.779289728467816,67.33195160057814,21.8839660477798,59.95425115563398,63.747899159663866,27.265935058948173,748.4023197929728,77.66555449154967,47.139022750557544,68.25711087716533,1.428160815862533,0.6177391371531105,1.4135225464290981,0.612221573283439
2025-06-23 00:45:00,23.78595944075906,59.81949247962432,63.747899159663866,27.346389249892155,750.3002219520841,77.39137939396565,46.98333483900526,67.42383236479074,21.966154868218617,59.93438474593355,63.747899159663866,27.269835982522576,749.125532810532,77.66609705614077,47.17031435278286,68.28480765943527,1.421488098422072,0.6172614898948224,1.410574107521807,0.6116487472083135
2025-06-23 01:00:00,23.532732916505047,59.86507956302516,63.747899159663866,27.309896374731768,750.1028776977796,77.92069793961006,47.01145151736917,67.55096155162717,22.065633599815,59.914501048645434,63.747899159663866,27.27461618065345,749.584686150771,77.65612494797236,47.16623125443398,68.31731620759832,1.409068884776911,0.6130823666408709,1.4081060564351584,0.6107907379284885
2025-06-23 01:15:00,23.28740963878017,59.89187110633616,63.747899159663866,27.30608488322877,746.3954509218377,77.26883937214825,46.72667517170227,67.6922399368275,22.162643879410226,59.89321731862673,63.747899159663866,27.280021022450963,749.7113474065244,77.65022260314868,47.13653369257015,68.34938853156966,1.391809260712185,0.6148332233817896,1.4055171609223926,0.6099523577711157
2025-06-23 01:30:00,22.54616752979424,59.830081681721175,63.747899159663866,27.309134003279727,743.4784096328325,77.30689377774378,46.764016841228106,67.89913956615679,22.2396950857588,59.868038506342565,63.747899159663866,27.285611375236794,749.6152744220212,77.60686505733567,47.11901529006127,68.37195550438472,1.398932896800016,0.6125741026324856,1.402920308834963,0.6091341612230573
2025-06-23 01:45:00,22.06672067793985,59.86590000364364,63.747899159663866,27.30254115641324,742.8132368092228,76.85299667934981,47.122880239693,69.4146931103407,22.30304493262177,59.84029026674419,63.747899159663866,27.2916268883349,749.1802424008818,77.6045598637702,47.10353245991317,68.39746502178726,1.3864303637384507,0.6188350838166845,1.4003422218890254,0.6085975276218043
2025-06-23 02:00:00,22.038592036464948,59.84264503932067,63.747899159663866,27.33328605634425,743.260127277792,76.61670732074666,47.13796609117013,69.46721367630823,22.360248570933603,59.8160465783343,63.747899159663866,27.29879003422996,749.0794571120183,77.59484723172423,47.09562069017965,68.43164391576443,1.3799989832039474,0.616216373681602,1.3972759293425023,0.6078738416766664
2025-06-23 02:15:00,21.98704991929613,59.76096530720622,63.747899159663866,27.33455261802897,742.6243742777181,77.02024928926835,47.33689521386084,69.29213617342229,22.4039065663175,59.79095461246437,63.747899159663866,27.303076745860075,749.2686034860563,77.58811409351708,47.09037885295533,68.46654277898588,1.3820607124871855,0.6062858660578443,1.3938666031889269,0.607080915365325
2025-06-23 02:30:00,22.02660201148717,59.62792538451163,63.747899159663866,27.336227828345788,749.6015012131297,77.77646641039465,47.4665217908352,69.37037867729349,22.445297383825796,59.76267076592861,63.747899159663866,27.308664003821736,749.3046720643337,77.5704038352819,47.09607528702027,68.50860262669856,1.3784483292689351,0.6074602674894921,1.3896686745750721,0.6061653113368037
2025-06-23 02:45:00,21.12098730042352,59.71630194415656,63.747899159663866,27.321443257899585,747.9667144143671,78.25369972524942,47.15177472764939,69.23256226020128,22.47055821636477,59.733627282106866,63.747899159663866,27.31271502101237,749.2519745348144,77.56521437681485,47.10379776087243,68.54533489347713,1.370892269637334,0.6059317335015854,1.3855999392964657,0.6052397647013795
2025-06-23 03:00:00,21.014373209562784,59.68114157970398,63.747899159663866,27.29840383787202,755.0464699180054,77.25667867212432,47.50273353132076,69.42710700211224,22.484633007689833,59.70924032086595,63.747899159663866,27.3150961315276,749.3013585062765,77.55534061835414,47.1245783088056,68.59039792669324,1.369334696514385,0.6034168836723747,1.3818382713880344,0.6045741434091213
2025-06-23 03:15:00,20.820819168077737,59.55154318755714,63.747899159663866,27.29955973408701,762.7537760107316,78.21633238841088,47.613715672330905,69.07677839048482,22.475663507715126,59.689971349000615,63.747899159663866,27.31702472441782,749.5538994084011,77.54290183332253,47.14457364295323,68.63101793573901,1.3589673358266632,0.600685256530062,1.3783819411466267,0.6038060674961866
2025-06-23 03:30:00,21.041104748740448,59.52070919324855,63.747899159663866,27.29180392781953,759.7788905776197,77.73304270244545,47.77912825644443,69.04797332845631,22.42875813316317,59.673171346759894,63.747899159663866,27.319054493775468,749.5305790651694,77.53386547595277,47.15573329335238,68.6119724734274,1.3529960923138251,0.6019460305964882,1.375341755315085,0.6030964295788988
2025-06-23 03:45:00,21.787403347917174,59.58839614081271,63.747899159663866,27.32983607666368,757.7015182685884,77.70547304404838,47.558206090808405,68.90990248168619,22.371936164337342,59.65148929602151,63.747899159663866,27.32068982317747,749.50923320457,77.51273586661905,47.17333720050936,68.60114367535026,1.3585413903110757,0.5954391531576053,1.3720699512826278,0.6024764528320184
2025-06-23 04:00:00,22.337243191723772,59.55834905095524,63.747899159663866,27.31409303379776,749.8778864724306,77.40945880648526,47.57469821115856,69.18951760763991,22.28564549781777,59.63363838190644,63.747899159663866,27.324681566251822,749.6118657846357,77.52721173721672,47.18431799128287,68.60073584337114,1.366303875614664,0.5935156245841826,1.3695626305134139,0.6017340330982396
2025-06-23 04:15:00,22.113677987330384,59.62677744907469,63.747899159663866,27.31301035980231,752.5949228126962,77.68311338339642,47.475476270936056,69.20763234969263,22.17491718014288,59.618632728431066,63.747899159663866,27.329190359667663,749.8314475002953,77.5255326986471,47.193915823765195,68.58452928582649,1.3684169076007218,0.6012567026730564,1.3666074406032367,0.6005870254484068
2025-06-23 04:30:00,22.11309560250017,59.646507374085495,63.747899159663866,27.33113689681391,753.7422683413758,77.67237207344924,47.18228564518563,69.16663224269986,22.050362017861467,59.60578959839496,63.747899159663866,27.331640999585733,750.3725151672508,77.51342178059252,47.20865846131053,68.57417802809965,1.3765452896404895,0.5945064338173074,1.3633291607473044,0.5995699250326781
2025-06-23 04:45:00,22.212484110419037,59.618607530758936,63.747899159663866,27.33449606030502,745.7009234091317,77.63775811010933,46.68462464720434,68.95056903638199,21.914312982053858,59.5943192097156,63.747899159663866,27.333276701371524,750.5093592203831,77.51567883096645,47.22280982338434,68.5689578703272,1.3720379133309022,0.5984475667534846,1.3600796521086054,0.59855280749557
2025-06-23 05:00:00,22.344707288844823,59.54135345453284,63.747899159663866,27.34116465343,747.064174727969,77.36231797292523,46.73665849608385,68.76098802001479,21.774759960626415,59.5813542836529,63.747899159663866,27.33659313900732,750.6179277240168,77.49627952957027,47.23558967565954,68.55721419658818,1.3664256589472903,0.5930591359999811,1.3573703823296428,0.597401458584432
2025-06-23 05:15:00,22.810974683700376,59.45620776722976,63.747899159663866,27.36328683802427,740.3116786584002,77.72987400919203,46.61495390643408,68.96025877449517,21.622190217112813,59.564747407823845,63.747899159663866,27.34094627501911,750.6598432638561,77.49901304107071,47.26004563640363,68.55290795772957,1.3669074894550606,0.5995771712297673,1.3558163569621124,0.5960001950744708
2025-06-23 05:30:00,23.15946289912403,59.56075546425499,63.747899159663866,27.378065803142142,744.266690825531,77.97806131674561,46.80914718747911,69.0456647104419,21.470347367660214,59.55110818947456,63.747899159663866,27.34721220531022,750.8060823845864,77.51053354498643,47.26577017442399,68.54039869422523,1.34941804403909,0.5936730008121108,1.3539776503543253,0.5946359480532899
2025-06-23 05:45:00,22.98119171104719,59.5648273798226,63.747899159663866,27.32703361698169,747.9612599249731,77.53229130929235,46.99137304703403,68.9887047203697,21.32549999530807,59.53542765610609,63.747899159663866,27.352480068864256,750.9534144633692,77.53912514210108,47.26492458148626,68.46690748423626,1.3400671062378502,0.5902145095365772,1.3527869455563788,0.5931693231409583
2025-06-23 06:00:00,22.70268952739424,59.498619968877136,63.747899159663866,27.351441908683004,750.5711078303518,77.28585216591803,47.21248139778874,69.08476653857822,21.192379807768564,59.5191352136127,63.747899159663866,27.357452964143175,750.904431948299,77.57353691203132,47.26366473057293,68.40054720534107,1.3335598870204466,0.5859022904425712,1.3516559855822792,0.5915308477464959
2025-06-23 06:15:00,22.51814441284986,59.49024642908812,63.747899159663866,27.343388613644542,750.4629095658627,77.55317697583656,47.47111638942653,68.97014248654577,21.075016819073202,59.50558999330767,63.747899159663866,27.35999254228798,751.2258128058961,77.57932849117701,47.27435433107416,68.33858793854817,1.3349674533335032,0.5891596692922146,1.3506806400566176,0.5902654835921936
2025-06-23 06:30:00,22.683879986790053,59.48708215919577,63.747899159663866,27.342959235188477,753.0601889366376,77.65432831976753,47.48089627173367,69.10799005321024,20.96150648546695,59.49596150274746,63.747899159663866,27.3621049027986,751.2733309517968,77.57997818469178,47.2902812037976,68.27407791213554,1.333226712887185,0.5950910197741363,1.3503504398680954,0.5891291978059505
2025-06-23 06:45:00,22.82592157654316,59.45867760147164,63.747899159663866,27.32298740422312,757.9668499326001,77.39347916308438,47.55948291697322,68.76751152059873,20.871286480165626,59.48382234590097,63.747899159663866,27.365481158989724,751.4197268385692,77.56907785382532,47.31574485437962,68.21477304688108,1.3384424489489637,0.5872691460813518,1.3508226065357014,0.5880891779360303
2025-06-23 07:00:00,22.28934716054371,59.38394525041477,63.747899159663866,27.315292900048423,747.0776717667487,77.69954698486644,47.42557856057349,67.12086219354877,20.77811174850949,59.4775383221566,63.747899159663866,27.37036046398522,751.4268921140413,77.58187151937616,47.3292706915814,68.15069492667551,1.345085398287901,0.5913132125371962,1.3513395339838217,0.5871531446782706
2025-06-23 07:15:00,21.6809933063876,59.37103842830359,63.747899159663866,27.31566378946242,751.6571146786713,77.16110022075314,47.338139145774775,66.98267209012975,20.690242271777656,59.476680168613925,63.747899159663866,27.374703429486285,751.3864599237093,77.56983120323444,47.33222704187416,68.09969776637055,1.3400840364973012,0.593073530341149,1.352472013429995,0.5864675951742391
2025-06-23 07:30:00,20.37593904415517,59.47239146352073,63.747899159663866,27.370974406061443,751.4438296956803,77.53708009424986,47.23662749065626,67.14662347791568,20.60730034179519,59.4751614101513,63.747899159663866,27.37873140803693,751.4245429744409,77.59877383036927,47.3351651465427,68.05381072044527,1.3429589029378182,0.5937092677688691,1.353644573902728,0.5855893440237351
2025-06-23 07:45:00,19.66314662982118,59.39553833913275,63.747899159663866,27.39356182088334,754.464166048632,77.5876856648848,47.089345416627815,66.94847263224607,20.519771917981533,59.46864895759475,63.747899159663866,27.381539589115473,751.4648606872346,77.6034539270115,47.34197768607475,68.01908388904238,1.3366459634423966,0.5861355136014321,1.3542001467716005,0.5851911620905561
2025-06-23 08:00:00,19.64203947092098,59.480710230262,63.747899159663866,27.37151364247365,761.128242418122,77.20570013131366,47.221568854827794,67.02141386877284,20.423814666284855,59.4652508663042,63.747899159663866,27.384070512397106,751.6899957971648,77.61155970111795,47.349940582368575,67.97834191328985,1.3298124201845598,0.587226124681249,1.3547404182018556,0.5847082974391768
2025-06-23 08:15:00,19.70448836653081,59.47538081924318,63.747899159663866,27.395460303465864,754.4055435460537,77.45909090518401,47.40787570121967,67.2672276316166,20.33648687205635,59.460900189158444,63.747899159663866,27.387205040094077,751.6783051392797,77.62535481925829,47.34881007502016,67.93756612295049,1.3240028392611018,0.5867479637815798,1.355348061538001,0.5838541070684947
2025-06-23 08:30:00,19.346142273681718,59.47613178114448,63.747899159663866,27.409389503805684,753.3599328067897,77.33871889772453,47.3948470856253,67.19865133945677,20.241866962607748,59.456202486572565,63.747899159663866,27.39016725635494,751.6152183506434,77.63914563608132,47.37590790138008,67.90385531887598,1.327790791408042,0.5785418993067317,1.3560973172805482,0.5832653600615011
2025-06-23 08:45:00,18.710317333372167,59.39366483146456,63.747899159663866,27.436678963582487,747.6529171170179,77.35084471716148,47.46035399402494,67.56305277106974,20.14493800577002,59.45198496732882,63.747899159663866,27.392096679324556,751.7374569522161,77.64568711315445,47.412792216138385,67.88299554903695,1.3451884996862655,0.5727953180829488,1.3568343327596672,0.5826109765767467
2025-06-23 09:00:00,17.990882046216186,59.42090513124238,63.747899159663866,27.49711191201304,747.8655832547404,77.65250889521522,46.93575298183876,67.52386166102619,20.05087265486419,59.45458190042625,63.747899159663866,27.394609553543955,751.9761274331471,77.6686893058211,47.455045795452385,67.933689587444,1.3437716985664097,0.5716466919970609,1.3577605262593828,0.5820959958987771
2025-06-23 09:15:00,17.721299507375566,59.39548400258962,63.747899159663866,27.460577063034226,747.2331991727094,77.71074459278974,47.09751245156114,67.20995681067113,19.953225892073373,59.45524827619293,63.747899159663866,27.397809427875554,752.3495914320047,77.67704923750219,47.48994618628566,67.97265959792993,1.3507092198000523,0.5748363364467342,1.359021753197493,0.5815824610530916
2025-06-23 09:30:00,18.044986410279822,59.35387176451889,63.747899159663866,27.482472914711828,741.7906518256854,77.64906041865328,47.100170563770135,67.47640530945299,19.829664228623162,59.45610135075918,63.747899159663866,27.401914937248698,752.3688359758256,77.67603128978905,47.53098080544708,68.00647956466426,1.3460701839809512,0.5670621118477308,1.361360802984146,0.5811186338404994
2025-06-23 09:45:00,18.466160258435156,59.35460869805545,63.747899159663866,27.410739962373164,752.2658000056304,77.19399666363893,47.65758322889767,67.43335816963517,19.696241564557493,59.45489190316445,63.747899159663866,27.4067815437579,752.5500581945843,77.67377459196618,47.58258313862521,68.04111861284748,1.352800346717347,0.5683249414287767,1.364385707599537,0.5810220022981448
2025-06-23 10:00:00,18.62129200329961,59.33907066770538,63.747899159663866,27.399598643664284,751.0270455901463,77.79595721583793,47.94432797253862,67.43507788491488,19.551634221336744,59.455500019392076,63.747899159663866,27.413017393063665,752.835440007448,77.69162447755473,47.62570329341148,68.0777222749073,1.3685423236132708,0.5733716939021974,1.3678043333560295,0.5810572273438984
2025-06-23 10:15:00,18.414387141383827,59.35212723876177,63.747899159663866,27.42273094363338,752.3585910175439,77.92668979925571,47.9156842451099,67.4534163025673,19.39072945674997,59.45220988393741,63.747899159663866,27.418518749609923,753.0471645062356,77.70298524665333,47.65930877657821,68.11480917628693,1.3850572696655097,0.5747311374039845,1.371185378295237,0.5810809128210738
2025-06-23 10:30:00,18.21913125987873,59.49262086737266,63.747899159663866,27.44478298773701,755.261428182167,77.64048863864943,47.90850864737399,67.5047633959451,19.229073491416372,59.45404613533829,63.747899159663866,27.423377965499977,753.1935852118894,77.71791678376759,47.680428789188184,68.13573411524064,1.3848425199579892,0.5753358859395825,1.374555810588322,0.5809954612674827
2025-06-23 10:45:00,18.184734866122632,59.525798581277016,63.747899159663866,27.429848699118917,761.5408103007728,77.85512290415977,47.70240618111407,67.54686358133631,19.062323999384855,59.45238124758315,63.747899159663866,27.42915456725391,752.858453454505,77.74658128291038,47.704955133827305,68.16555353189953,1.3929417192118638,0.5801187714091138,1.377528481388145,0.5812036356916088
2025-06-23 11:00:00,18.552846849266647,59.47514643936992,63.747899159663866,27.41264328433886,760.9213820995676,78.60132151648949,47.86727139650044,67.6713619506979,18.9053052742508,59.45365846588623,63.747899159663866,27.436114048614165,752.8856190890039,77.75152077816567,47.73497632129122,68.26159707687084,1.388172906495822,0.5755984960813717,1.3807148792585118,0.5812003788504864
2025-06-23 11:15:00,19.1615506335073,59.39302256411612,63.747899159663866,27.414081509019944,758.9110496523987,77.845875943316,47.76258227677005,67.8680975395989,18.744346589932608,59.460360066241556,63.747899159663866,27.444004751949024,752.7708276353391,77.78409818658544,47.773252819060154,68.36142733599796,1.375208576377252,0.5834936951622345,1.384150718942248,0.5810275452143739
2025-06-23 11:30:00,19.45852564082351,59.45640631223881,63.747899159663866,27.39002073224673,756.6319397703357,77.65263202967846,47.81358509997296,67.96725833506471,18.615092006714214,59.465329257503,63.747899159663866,27.44813840837817,752.4904058831245,77.77652455001086,47.81900058622402,68.45830198126895,1.3825120185223114,0.5790296850428053,1.3879459888615224,0.5809159843457008
2025-06-23 11:45:00,19.4938441604752,59.49625713470208,63.747899159663866,27.407046190711444,752.2442030761437,78.09696692760649,47.44156105048374,67.98435863951141,18.508316321012448,59.47193191873709,63.747899159663866,27.455070127481598,752.0344910863539,77.78429408173888,47.8570009324607,68.5588833990771,1.3866462076850776,0.5756309915525913,1.3922782167431167,0.5810810825901832
2025-06-23 12:00:00,19.27449831904218,59.50557629650896,63.747899159663866,27.420003384639795,751.84966468229,78.08609657814014,47.995220435983256,68.15530812046458,18.41476152380598,59.478340815025085,63.747899159663866,27.46065238752806,751.5285507415423,77.81920238514891,47.89103803267505,68.66642376931371,1.399022961916917,0.5768440236074975,1.3970727287489053,0.5813512349498513
2025-06-23 12:15:00,19.304615405287176,59.4920819534467,63.747899159663866,27.39237874939349,749.3680814563107,77.83400242230329,47.79115408995349,68.3247759412111,18.345033158576488,59.48814718285017,63.747899159663866,27.463454036441565,751.6531999522887,77.84260521279916,47.91393708716109,68.762832118568,1.394148377704464,0.5788160622108535,1.4015248152151447,0.5814902479062657
2025-06-23 12:30:00,19.52274676166996,59.619261447455706,63.747899159663866,27.416550880012057,754.2242891559016,78.05238375292483,48.00426587550388,70.28180917222622,18.305377736023562,59.50010766871984,63.747899159663866,27.466421109137563,751.6589941992821,77.88154469782548,47.925293213780115,68.8637236517248,1.3942114639387615,0.5776097156608917,1.4060629591415146,0.5821017210542917
2025-06-23 12:45:00,19.88157179997579,59.476199040230114,63.747899159663866,27.459283067972244,751.5155986241251,77.98067195962487,47.661965631432246,70.12935908907293,18.28114179670191,59.513336758672914,63.747899159663866,27.468769028379104,751.8083997807837,77.91253113464036,47.936244569393516,68.95313924037774,1.40474429759837,0.5841711258592039,1.4105087058417287,0.5827583528525064
2025-06-23 13:00:00,19.45261299561768,59.586347701242495,63.747899159663866,27.501231084336343,744.8440271401591,77.94752288535098,48.04018576232176,70.06026371247202,18.28514995786059,59.5235566388038,63.747899159663866,27.467983128848733,752.0179953065623,77.91535029217484,47.9587279933057,69.04509260965465,1.4195895376386771,0.5797581844343431,1.4146909724153238,0.5833429681127346
2025-06-23 13:15:00,18.978511789077043,59.528543951980645,63.747899159663866,27.473031812257787,753.3979264877372,77.46459037460625,48.539443042378046,70.02787616586669,18.317814031124044,59.53647463515443,63.747899159663866,27.4677163897694,752.2096579118187,77.92923391318699,47.96807581384145,69.14585155371496,1.430814244699571,0.5873155632659393,1.418689935052857,0.5837897596936276
2025-06-23 13:30:00,18.364469230771885,59.51686345570605,63.747899159663866,27.538517387855848,759.1325622162619,77.82134873357431,48.50608604137703,70.18287640037256,18.371196962679125,59.547385549946675,63.747899159663866,27.46757034313979,752.5997489374823,77.94235077036872,47.98729852302866,69.23954425796794,1.436118659715228,0.5869590418151817,1.4229700782444916,0.5846275747972248
2025-06-23 13:45:00,17.691001475246644,59.391542365448,63.747899159663866,27.508429310032497,756.8146445294885,77.89400004879536,48.47928088442801,70.08274952793444,18.429001397231005,59.55797089801956,63.747899159663866,27.469739650986423,752.6653117375665,77.96195444720102,47.97965931734863,69.32827675760502,1.4363988015097289,0.5898702336074727,1.4270244665724274,0.5856107653224194
2025-06-23 14:00:00,17.83420102678205,59.5421697012221,63.747899159663866,27.488735711890037,757.4528101062501,78.1022744331953,48.11449665003278,69.73573822182159,18.489713460859676,59.56763429441555,63.747899159663866,27.47139498110232,752.8205961076969,77.96132919676442,47.96444180687293,69.41559028777142,1.434339681679734,0.5925274731664077,1.430547046965436,0.5863742375841057
2025-06-23 14:15:00,17.823436815597734,59.40873096881749,63.747899159663866,27.49628545684108,747.91289721107,78.25341413736756,48.29527325614726,69.66209402036564,18.551903198372113,59.580038649021965,63.747899159663866,27.470989893639775,752.9730717677388,77.96585144101964,47.94589507314564,69.50288362383725,1.4276225729436602,0.5935143788051371,1.4333334687797954,0.587077096689598
2025-06-23 14:30:00,17.57878540652198,59.42226179950732,63.747899159663866,27.52407734085612,747.8926408017126,77.84773184252516,48.32621418449089,70.00216854268794,18.61449662768177,59.58748825749912,63.747899159663866,27.46796599158979,752.8171989556653,77.95277816702462,47.929741308952856,69.53001490241431,1.4406773343989023,0.591215507303518,1.4358946088820461,0.5877747601236777
2025-06-23 14:45:00,16.852232776841905,59.57208643896324,63.747899159663866,27.55238488950814,748.2133710687287,78.13842247334662,48.48643407884258,69.97757986394355,18.682985726106526,59.59667036941168,63.747899159663866,27.46569935616012,752.83176194467,77.94454483353897,47.916438980289556,69.55334980101279,1.4431592270093885,0.5878885212577767,1.4385636295990842,0.5882726205379291
2025-06-23 15:00:00,16.498301547603354,59.62146720136411,63.747899159663866,27.49498409893596,743.0311771292402,77.3098709970121,48.6090605055724,70.05286283604482,18.745095290352552,59.608411733903466,63.747899159663866,27.463024982095032,752.7205657275064,77.92529187320889,47.88720902885055,69.57434178732295,1.4568170005160506,0.5903624417086767,1.441135721379829,0.5890123776629655
2025-06-23 15:15:00,16.459876058768085,59.593618176155445,63.747899159663866,27.60151339398608,740.7867221455177,77.82077161672534,48.2293558037281,69.96591516649121,18.800649340502066,59.61832642886566,63.747899159663866,27.461361879517618,752.5469403292901,77.90811872684127,47.85297101272657,69.5944230114669,1.46661279989022,0.5910884609359024,1.444226522472422,0.5896665268564123
2025-06-23 15:30:00,16.83539555472713,59.672977118901976,63.747899159663866,27.538981443867577,745.9500320737699,78.2529492336147,48.24268186125827,70.24762497587093,18.84814123931942,59.624870491841094,63.747899159663866,27.458645339395954,752.4683855548832,77.89776698047066,47.81854799691333,69.62278486353802,1.4736477803582142,0.595330695471294,1.4469854339014054,0.5906578496471806
2025-06-23 15:45:00,17.612637409645956,59.7695718539955,63.747899159663866,27.47950977087091,758.1450198684478,78.1611757346913,48.094847335800765,70.15947810924524,18.887181323060716,59.63053932509583,63.747899159663866,27.454183290397005,752.3413723178625,77.87804965902755,47.788867426715555,69.65331847733674,1.457565433248293,0.5909183524740136,1.4495224397789082,0.5917646532331511
2025-06-23 16:00:00,18.15647959709398,59.83494635723464,63.747899159663866,27.49840168468556,753.5337602165934,78.50690344851373,47.7355308841961,70.22539733416056,18.90621860114703,59.63880542293683,63.747899159663866,27.449422927678064,752.4957990185032,77.87789359182625,47.751426860453165,69.68087718163247,1.4639351091991324,0.5968860937475096,1.4517141210966165,0.5927497916191924
2025-06-23 16:15:00,17.98323915372253,59.79053753005673,63.747899159663866,27.5071165408288,752.1350845620649,78.28043782160847,47.78889466242716,70.24552043065798,18.920094806745194,59.65018790257912,63.747899159663866,27.446136859860992,752.4496517996487,77.89242644557554,47.71818288424502,69.70005275850886,1.478560900692696,0.5924942720293901,1.4540919470611855,0.5936899274601463
2025-06-23 16:30:00,18.111126880976634,59.72750153516887,63.747899159663866,27.47353492610189,754.1534490280976,77.7370836212493,47.61025569920422,70.28246273933343,18.921577186894744,59.65142937059948,63.747899159663866,27.439947163367666,752.1315878198609,77.8741069232427,47.6785728869149,69.65668832859814,1.4692396957742555,0.5891851498039059,1.4566675805257339,0.5947484059173482
2025-06-23 16:45:00,18.70122170527917,59.783023893108606,63.747899159663866,27.452574890654216,752.9830773304003,78.12725322315447,47.377947067633656,70.23272513248064,18.927704653390723,59.65300206474048,63.747899159663866,27.43368505520319,752.0422009123503,77.85028088668076,47.64163492854073,69.60992926778657,1.470678098926046,0.5882400838735194,1.4592399321174057,0.5954471895330504
2025-06-23 17:00:00,19.646474356932217,59.68119920828634,63.747899159663866,27.47809151582353,753.4933825955989,78.04256613410546,47.676851839386565,70.28718643704202,18.947554328409613,59.65190390144442,63.747899159663866,27.422415496516983,752.1738862416441,77.8546648464909,47.60143617275085,69.56179755938138,1.4744744797299951,0.5921965649556554,1.4611422698171153,0.5961487354570539
2025-06-23 17:15:00,20.200293294991727,59.67216914024213,63.747899159663866,27.475819197772235,754.2326840081547,77.78210696860825,47.42840705849681,70.09533315874822,18.981691023804277,59.65049173019026,63.747899159663866,27.413734094196098,752.1624816488053,77.8492927059966,47.55025583707901,69.50549829605163,1.4744319965554245,0.5978206571846086,1.4626811681316139,0.5965915971593022
2025-06-23 17:30:00,20.442653912159678,59.62897255958472,63.747899159663866,27.449258547141177,755.6855766940588,77.77719970273984,47.487802658267306,70.05448378990651,19.020294120360838,59.650917640435864,63.747899159663866,27.402417141089092,752.0338475256148,77.85751286967941,47.50914061000332,69.43354216591545,1.474219735403518,0.5962758617527885,1.463586483256742,0.5971368547032428
2025-06-23 17:45:00,20.280079266756907,59.72425787695448,63.747899159663866,27.410578319757008,756.9328608187985,78.06235712691215,47.35928223329162,70.0722163845423,19.086263237112973,59.656188494408894,63.747899159663866,27.39103842118358,751.9993274587357,77.86792407549446,47.46118195011754,69.36156774485521,1.4686499240962916,0.5958169105687529,1.464830771599629,0.5974902954683663
2025-06-23 18:00:00,20.09693413916841,59.71610912168712,63.747899159663866,27.354065926237404,750.5852438199627,77.2482904187984,47.42389572159017,68.318701753257,19.166910968911704,59.66190969422114,63.747899159663866,27.379952381444745,751.8945276395419,77.85323530291564,47.43173436919368,69.2936827403892,1.461676723025523,0.5962657889619742,1.4661352988978644,0.5979653450079876
2025-06-23 18:15:00,20.23940781886526,59.80126193865411,63.747899159663866,27.36184963622869,761.9776999709111,77.60812289959028,47.30333632121519,68.24691053929087,19.2721409156767,59.667614442886226,63.747899159663866,27.368391610573322,752.0415981810277,77.83579952485327,47.39934364227577,69.23340575931338,1.473012340722999,0.595054583836656,1.4681738343437598,0.5983012401174164
2025-06-23 18:30:00,20.41613377664751,59.82738737412348,63.747899159663866,27.33241206238631,757.5854955846588,78.02373270658781,46.990372853330165,68.30112154000264,19.4001109867483,59.66969438896634,63.747899159663866,27.35544305850654,752.4802647325491,77.83371632181752,47.36079785220862,69.16624476157973,1.465335659918166,0.5977912098324648,1.4692872247384046,0.5989278886921798
2025-06-23 18:45:00,20.828172137992816,59.69046341298183,63.747899159663866,27.364188431697613,753.7022877059138,77.33068155228668,46.735441793050434,68.47053426391714,19.549865868718264,59.670506632271696,63.747899159663866,27.34044173003803,752.9125122813135,77.79892420005534,47.31784602477309,69.11484483961908,1.4679326091550415,0.6031181709656391,1.4704780887738853,0.599753963117226
2025-06-23 19:00:00,20.883282605344046,59.6527282015018,63.747899159663866,27.3085245285968,754.2752965381259,77.34207963856032,46.78089462557598,68.81811389719833,19.702719886077528,59.67339172545473,63.747899159663866,27.32694216178726,753.7786721489035,77.81264410507791,47.271502560196865,69.0543418473605,1.4652793613918105,0.6087693687658501,1.4705699190877861,0.6003293663807862
2025-06-23 19:15:00,20.665046672714105,59.66632213234429,63.747899159663866,27.273184720742982,748.4338059655256,77.50544728431377,46.55114394455037,68.90036705347308,19.86676554199489,59.67218895023189,63.747899159663866,27.308575497159072,754.4963977124642,77.79638794982698,47.24138164733185,68.9872976483296,1.462756384010172,0.6088350991317089,1.470617511554617,0.600549666656459
2025-06-23 19:30:00,19.845616661631603,59.75355923173897,63.747899159663866,27.277192503071525,756.4824657015121,78.08141456210032,46.8720034481117,68.98206924933628,20.049092259065052,59.66739695845695,63.747899159663866,27.291971108325452,754.8213495736836,77.75651083317197,47.20577075911625,68.91185845678615,1.4647734014481535,0.6063981751887365,1.4699629716153062,0.6008314002804145
2025-06-23 19:45:00,19.72090157323201,59.833556342715326,63.747899159663866,27.29379671488135,747.9836648906738,78.26998803478246,46.79383480370895,68.90004324750288,20.231664696572143,59.659479903628394,63.747899159663866,27.276898116609114,754.6686457086084,77.72199522756705,47.175456253547715,68.83442874260359,1.4654831566415418,0.6070201374394678,1.469523533111141,0.6013921137549537
2025-06-23 20:00:00,19.56721816615648,59.6565054880666,63.747899159663866,27.2308599852122,744.6823697622691,77.50279808294026,46.81596595560036,68.98087627490462,20.412429799952516,59.653040965109184,63.747899159663866,27.261156744450037,754.4898224853816,77.70429267922982,47.168454591496214,68.82495866190472,1.4714804678752098,0.6093640693769536,1.4694085530912049,0.6017414047231895
2025-06-23 20:15:00,20.06539579485508,59.52337986445996,63.747899159663866,27.271419823037963,748.8339913988045,77.26589086276583,46.55382688020726,68.7265872647258,20.58849670881925,59.64812866530863,63.747899159663866,27.245995027920035,754.326419086919,77.66964313989132,47.153214575518355,68.81599347262154,1.4819148453485296,0.605134634330268,1.468580774400923,0.6021258363083172
2025-06-23 20:30:00,20.048103246184382,59.55340280236069,63.747899159663866,27.163144323750192,748.7945870189766,78.07904167965508,46.834223088625606,68.61631246031622,20.758023508133142,59.64919538816312,63.747899159663866,27.230583218517154,754.3138913693055,77.64672783649686,47.13770925318159,68.80199789318524,1.4766596686299605,0.6008045621544471,1.4677546093824305,0.6026966116813658
2025-06-23 20:45:00,20.002612650917087,59.48617881435577,63.747899159663866,27.212589742631145,753.0557887025694,77.3034261597778,47.00403297222249,68.33889826597436,20.911582373871617,59.655710369187055,63.747899159663866,27.212889450218267,754.4761498523827,77.62458228819523,47.12827557779163,68.78825444172278,1.4769811941345328,0.6006014143333918,1.466501607029873,0.6032433374796476
2025-06-23 21:00:00,19.5225621274686,59.52964076307427,63.747899159663866,27.19900879464584,755.2735385205484,78.06795364405838,47.27262922910641,68.02419249628754,21.038968594127596,59.66626465871459,63.747899159663866,27.19146935237509,754.5738722754729,77.58701147745253,47.11172199475571,68.77156626990364,1.463278113469073,0.6033167681333991,1.4648094622461676,0.6037940034816806
2025-06-23 21:15:00,19.67007497781076,59.549667984639015,63.747899159663866,27.167067712867095,755.7790425231163,78.20633622324608,47.04052108785488,67.92351689612717,21.16088256835192,59.67775861893288,63.747899159663866,27.169075288498746,754.5676230234723,77.5590540865327,47.10435321273105,68.757067280048,1.4737274517963328,0.6004734565611708,1.4630734493849216,0.604071331424887
2025-06-23 21:30:00,20.25363298074415,59.71380569558927,63.747899159663866,27.15615451972492,754.3088155304355,77.66161125583078,47.231069222316734,67.69918808784102,21.284813953007806,59.692073062106914,63.747899159663866,27.14620127541428,754.2764645292472,77.54172622522229,47.100786314194806,68.74273202402009,1.4734755006267983,0.6067789593550518,1.4608680337045343,0.604399110512345
2025-06-23 21:45:00,20.98033521854756,59.579873428770135,63.747899159663866,27.1494623306984,752.3250134556442,77.73034079549704,47.32355144860978,67.85378458809126,21.38573975166721,59.701759028910786,63.747899159663866,27.12315396462742,754.0814016489928,77.50902988575163,47.109484246721834,68.72813100600915,1.4887786363205286,0.6035912320879967,1.4590698167872564,0.6047230109893447
2025-06-23 22:00:00,21.4178875386698,59.48466018191079,63.747899159663866,27.13562077885275,761.0526373473564,77.7852357514525,47.16984048247644,67.98733861067825,21.475963873479042,59.71095063060055,63.747899159663866,27.103780809935753,754.1110809262701,77.50766309240407,47.11056000702019,68.76006127891327,1.4740790462382312,0.6100149645464255,1.4576923326646414,0.6050304909477056
2025-06-23 22:15:00,21.344879235940965,59.596453738124005,63.747899159663866,27.102345035452775,761.1807975316608,77.09465882048096,47.1978792557769,68.43558220512412,21.55216752892912,59.713257578569625,63.747899159663866,27.084026208452315,753.9983528039783,77.48881294157336,47.11896952002609,68.78459896280249,1.4788851480738214,0.6126707540091598,1.4559254555571557,0.6054288207873405
2025-06-23 22:30:00,21.083922068381195,59.70801999685488,63.747899159663866,27.08999705141284,769.0159731569405,77.72146814768938,47.21875656828564,68.23777306828727,21.621315414996527,59.71556935349087,63.747899159663866,27.063358082971355,754.1531212544108,77.46615782003407,47.13378473733094,68.81024551401694,1.4595719099330686,0.6076245396154837,1.4544526529156667,0.605714559970023
2025-06-23 22:45:00,21.381245736289,59.55753491947041,63.747899159663866,27.05051345514044,762.3184890523315,77.33308695919773,47.32572841777766,67.9545891955642,21.6818548948585,59.71932931560585,63.747899159663866,27.040576833333073,754.3613735810609,77.45197447163893,47.15716129105535,68.82687800630339,1.4680405738951503,0.5976974692060889,1.4526927735364694,0.6058432179700489
2025-06-23 23:00:00,22.305197066831937,59.52921736565363,63.747899159663866,27.040849778858902,755.6985879103562,77.05663573396477,47.17435521479018,67.98444922956782,21.736408722030216,59.72667979188016,63.747899159663866,27.019859202146325,754.3672771577993,77.44746022772,47.1789425722101,68.83038911578289,1.45401158217889,0.6037827041899559,1.4509959283189915,0.6057910621119847
2025-06-23 23:15:00,23.089810534858756,59.53206020913894,63.747899159663866,27.02732001938087,753.5639039161908,77.12570756654357,47.18541216874465,67.83658668376786,21.781037976247205,59.736791183088435,63.747899159663866,26.999160641961126,754.398798822007,77.43146312064012,47.208450422419205,68.83656471637224,1.4443822781233346,0.6077397567101891,1.4492873254243672,0.6056321656822929
2025-06-23 23:30:00,23.579432698505062,59.64177820165839,63.747899159663866,27.02616051991325,748.1690635197906,77.97582699839661,47.52548102265122,69.94129491319465,21.836742853973394,59.742566079046995,63.747899159663866,26.978981057399416,754.1209801832115,77.39818867190537,47.22928086241752,68.85194134028966,1.4604857086010532,0.6073648227945849,1.4474122504714229,0.605273268122514
2025-06-23 23:45:00,23.26524641972457,59.64316853604019,63.747899159663866,27.05226504492869,747.232982608185,77.24095164145302,47.3316941830912,69.97656475216276,21.88244717787526,59.744931682776404,63.747899159663866,26.955797392770343,753.9701478064843,77.37539236768734,47.25248104784,68.88618138060355,1.4537275399842302,0.6040272195832203,1.4451982731517112,0.6050143493851396
2025-06-24 00:00:00,23.196930860393493,59.7595032208037,63.747899159663866,27.01118064401549,753.777617499691,77.04962451941597,47.145096029101445,69.86259535624453,21.949104484772263,59.75086896647808,63.747899159663866,26.9361686604492,753.9205383464324,77.37013963557503,47.26538430270043,68.91995127771166,1.4444547452194867,0.6063084109953657,1.4427402420197326,0.6044712564472089
2025-06-24 00:15:00,23.30798767743336,59.97847332382639,63.747899159663866,26.92176184168764,757.8508318227243,77.46288677410553,47.09493680593465,69.82042158860672,22.0127878298063,59.76233836486522,63.747899159663866,26.91767276805547,754.0137624348549,77.35962036168934,47.28656064985244,68.96132670953753,1.4330880283493297,0.6046418578219778,1.439903374161115,0.6039927324581523
2025-06-24 00:30:00,23.468060964611585,59.997827894112575,63.747899159663866,26.835488580528235,756.4250552883017,76.9154418118245,47.1802443483092,69.78654128246804,22.079915841085548,59.77137599066581,63.747899159663866,26.90201609520966,753.9685192483183,77.31948132425205,47.304120507531024,69.00831513119807,1.4237101362188236,0.6087165450166377,1.4371590212887244,0.6035506937687034
2025-06-24 00:45:00,23.857712521721464,60.01698794679049,63.747899159663866,26.803997281481845,754.0452064481315,76.94338524101265,47.20734359775677,69.66036346307894,22.142695989615323,59.783872951037296,63.747899159663866,26.88460082049373,753.6779675219319,77.32614955329747,47.31729466527273,69.0547284624915,1.422351610718046,0.6061404954808025,1.4339909958663837,0.6029049147557796
2025-06-24 01:00:00,24.16059545183623,60.05840585480584,63.747899159663866,26.76303815460724,746.9508218673117,77.25736386342837,47.380795702180095,69.62442610906858,22.20979130083922,59.79829414837834,63.747899159663866,26.867351107772855,753.3952119326676,77.31620271219874,47.30808460852172,69.11424451469517,1.4080572649918983,0.6061092343765265,1.4310846636000747,0.6020869154009784
2025-06-24 01:15:00,23.30785322653905,60.01483688107052,63.747899159663866,26.71915899615116,751.0809744111638,77.08146694279182,47.62022020910252,69.63418584421463,22.275248575487318,59.81292286719219,63.747899159663866,26.850440500800115,753.3788245146084,77.27237434839567,47.30585371360306,69.1729733091251,1.4147034165779608,0.6055339248787439,1.4277979694567562,0.6014035683183094
2025-06-24 01:30:00,22.803657793523435,59.99185717238017,63.747899159663866,26.77287128548747,751.4756221382808,77.20728661837184,47.45616853054089,69.27660994038038,22.337846227768473,59.82260975691252,63.747899159663866,26.834960559356674,753.3428971286197,77.25547143742536,47.293239179475634,69.17723758925605,1.4203521993470636,0.6054901877128055,1.424593238138566,0.6004046382788117
2025-06-24 01:45:00,22.525517482367512,59.870470377726505,63.747899159663866,26.769211591725533,758.5958563021588,77.04261837466933,47.5556217113921,68.98304105596802,22.39248844130254,59.83650800545425,63.747899159663866,26.81904942094768,753.7124856305708,77.23193262248465,47.28208368497117,69.18335304262867,1.420006027498434,0.6070044790257046,1.4206587423276789,0.5997054143130487
2025-06-24 02:00:00,22.49057035866978,59.8967406217606,63.747899159663866,26.71236829795749,762.2285490976366,77.34407906040838,47.43482937247563,69.07051807643566,22.451839142782998,59.84936817681163,63.747899159663866,26.804643475178736,753.5861597258494,77.20155366336807,47.28328843182821,69.17702370815121,1.4211515806734984,0.6063633853129392,1.4168099899782332,0.5988653450148113
2025-06-24 02:15:00,22.644356533851894,59.80326227643131,63.747899159663866,26.680750942549192,759.9498575054138,76.90518110043294,47.4367384047829,68.9695090325109,22.503568687604023,59.85718618162576,63.747899159663866,26.789974075067512,753.5189196873129,77.21966284472202,47.29830308964926,69.15976664503455,1.4151362277791175,0.6069779109664113,1.4123818650799744,0.5978553336994179
2025-06-24 02:30:00,22.519897420495607,59.87324248973107,63.747899159663866,26.686995592994272,754.4524038402802,77.20665232099229,47.43433306021834,68.92344718158317,22.554734326213083,59.859548617740224,63.747899159663866,26.776541639623158,753.0294155183193,77.19261732917008,47.32017050159813,69.15793435565206,1.414374004867475,0.6072046930239294,1.4086990704021227,0.5969001772368574
2025-06-24 02:45:00,22.003924299223797,59.96966386859237,63.747899159663866,26.652227915187083,749.3794558917551,77.02553407191738,47.43637945082348,69.08563507115353,22.583794748654828,59.86501937771697,63.747899159663866,26.763694924817045,752.8082177158064,77.19517672839397,47.33652985672586,69.1637072753883,1.411498297171437,0.6040682062409517,1.4044024203788201,0.596210435429553
2025-06-24 03:00:00,21.51676299341717,59.926806110495846,63.747899159663866,26.671804966220087,748.147906537646,77.083181100058,47.49691664806108,69.44336796685919,22.586220873529815,59.866526144360655,63.747899159663866,26.753301610325316,752.8390518505716,77.1849304011343,47.357942853599866,69.1677357610759,1.4085211528598285,0.5956312483953677,1.4001601625299591,0.5954755736828752
2025-06-24 03:15:00,21.092031290288144,59.90452445459778,63.747899159663866,26.59828677600931,743.4586935888584,77.58609890824177,47.48984036638358,69.927244456919,22.566854667050038,59.865893539537176,63.747899159663866,26.74454244468217,753.1552303541918,77.18143468755537,47.38396260005502,69.16542782584163,1.399063837050195,0.599252575318239,1.3959358802122337,0.5944958628488464
2025-06-24 03:30:00,21.56693737306645,59.83462399911691,63.747899159663866,26.64199801557801,743.1940859607108,77.34521611957041,47.20306360141334,69.99397318814822,22.524157190787957,59.860365728801725,63.747899159663866,26.738823226701868,753.6035739412652,77.15928219311873,47.39849184198856,69.08680204096781,1.3977395339158516,0.5930712812390303,1.3914363013273103,0.5933963264785863
2025-06-24 03:45:00,21.97589614587617,59.8674618160743,63.747899159663866,26.716543051226044,751.6307140514806,76.95031264619519,47.18911729476744,69.96785021950186,22.46781589861964,59.85800919207843,63.747899159663866,26.73246099743053,754.1445960495447,77.15575620775499,47.40506703131551,69.00239759035547,1.3968088095899884,0.5907789146585728,1.3870008968010248,0.5922240611047351
2025-06-24 04:00:00,22.061943584561902,59.82453157637843,63.747899159663866,26.693444138375767,747.4372914228802,76.87487055653646,47.36101881898296,70.02596511013252,22.38670226567683,59.85574934469999,63.747899159663866,26.727507192455562,754.2131645419581,77.1802196305607,47.41516244722745,68.91783231436037,1.3943290824582495,0.5875434014709803,1.3830280060770854,0.5909708811945933
2025-06-24 04:15:00,21.886017106810307,59.8610876255002,63.747899159663866,26.69013150115333,744.3392369109745,77.50347303114035,47.399257704473904,69.73129820477705,22.286026957607657,59.848419406572745,63.747899159663866,26.72623737873877,754.0642154033418,77.16699554732286,47.42404654436686,68.825061308406,1.3819404314643076,0.5812280439456733,1.3796085486747662,0.5898408888525924
2025-06-24 04:30:00,21.535421464185514,59.962276683305504,63.747899159663866,26.681517413019574,746.7908708426191,77.76954841109679,46.99632752657583,69.80967406239806,22.174194671114545,59.84146884337574,63.747899159663866,26.72809118518729,754.0408091199599,77.18335830606584,47.4369475956835,68.7346382212108,1.37608814547981,0.5787767874893657,1.3761980604537245,0.5885095595795601
2025-06-24 04:45:00,21.633793217253736,59.98852954905454,63.747899159663866,26.659749503684807,755.2874199813432,76.891485309154,46.97359424029506,69.68538072902483,22.042118067036085,59.83625670546216,63.747899159663866,26.731120843184332,753.9372522405351,77.2017712074158,47.46505240217391,68.64889484320092,1.3751266274967828,0.5799730440811021,1.3728282454270535,0.587171083744667
2025-06-24 05:00:00,22.131562549178767,60.00441238719928,63.747899159663866,26.691756276421724,753.2309939507753,77.1545239267216,46.85263319849398,67.82711649176939,21.88298351460374,59.82467412640996,63.747899159663866,26.735008797235537,754.0233467170907,77.22241935736439,47.48195356082605,68.5669390413177,1.3773335610810866,0.5768110581701196,1.3703593165509913,0.5859272618878826
2025-06-24 05:15:00,22.619601624569547,59.996820885021805,63.747899159663866,26.672128178428608,763.4126685141721,77.02417634727539,46.988886613475856,68.03724818927012,21.73241282187103,59.81264372918521,63.747899159663866,26.73943275829172,753.9953592320013,77.22118164977613,47.499847377195884,68.49318017709315,1.370743761993917,0.5826145131151078,1.3676484521048862,0.5846204223563839
2025-06-24 05:30:00,23.198408583083506,59.87046532263231,63.747899159663866,26.703442405784283,757.262860205713,76.87386697795532,47.205982888187926,67.79745857635447,21.57259690152136,59.80572119751355,63.747899159663866,26.741567792303485,754.2389642538404,77.22179389636416,47.51970208468841,68.43919036765126,1.3586164757548629,0.584812885599301,1.3649422869163315,0.5831309044025436
2025-06-24 05:45:00,22.896765580571763,59.83099388254792,63.747899159663866,26.662263032116197,759.163596375569,77.63793426109933,47.64831899040822,67.91787031162404,21.42877211487977,59.80410374731037,63.747899159663866,26.74573452509986,754.3110254905995,77.23677849019992,47.529381798148606,68.39672058242394,1.3460414011260484,0.5823704145473597,1.3623145842867035,0.5815646983830879
2025-06-24 06:00:00,22.618891226652952,59.77889308028887,63.747899159663866,26.687023988082263,754.3308480871317,76.91010268113106,47.87477892675184,68.18280438681263,21.292326379427656,59.80392000478832,63.747899159663866,26.752251093052124,754.4409659115602,77.23384678120998,47.54815061449531,68.36714607148625,1.349088069597528,0.5789698457386658,1.3600138455908053,0.5801613517710782
2025-06-24 06:15:00,22.253058409541364,59.72165771877272,63.747899159663866,26.66511201095696,755.6825549769472,77.40986893591436,47.81650907160951,68.12777678765168,21.162597971791705,59.80602587117763,63.747899159663866,26.760536069084925,754.4447862245567,77.24422463519309,47.55741301474018,68.33983104076371,1.339141073196068,0.5770052149869584,1.3579866030836911,0.5787715195922154
2025-06-24 06:30:00,22.37798081308148,59.57442036496421,63.747899159663866,26.72905034410705,756.6236119533149,76.74924591617449,47.81674512101026,68.10530380019566,21.045415068420695,59.80804360716101,63.747899159663866,26.769036979047645,754.5804373580414,77.25316495239949,47.564373044395765,68.30118207477464,1.326743846713057,0.5817368517896215,1.3563813009707069,0.5774489092009719
2025-06-24 06:45:00,22.50882434046544,59.51308206443459,63.747899159663866,26.76454505008654,763.0492590247932,77.02083615917563,47.96600456239943,67.76734862673973,20.93615999103622,59.808439557673665,63.747899159663866,26.781179591094673,755.0047425006011,77.28112259140623,47.57491193457579,68.25978130997498,1.3176538085915726,0.5783484316893229,1.3548193673273887,0.576239442629653
2025-06-24 07:00:00,22.298508410642786,59.47594387959473,63.747899159663866,26.85458398050416,761.6193711319893,77.31125216529756,47.96135828065725,67.58252136697996,20.83978547085899,59.81241414388755,63.747899159663866,26.79537608481798,755.5094487412127,77.28934731900027,47.58238926395941,68.26781775007935,1.325498342053354,0.5743787316867862,1.3536361576017877,0.5751173547128663
2025-06-24 07:15:00,21.575007654675108,59.57247243434142,63.747899159663866,26.86139816678856,763.4636458565782,77.1351720805411,47.52894986289984,67.44443123379243,20.755175591526697,59.81683393807619,63.747899159663866,26.812946354637816,755.9372252198939,77.2812044200898,47.57898200014477,68.25709802806882,1.3206654041956702,0.5688592583676833,1.3532984612110617,0.5741175062729073
2025-06-24 07:30:00,20.763521872109088,59.69170779945017,63.747899159663866,26.86256649476641,755.8346722720909,77.78352720358723,47.44795850645978,67.3256370763916,20.678046717042427,59.824383336274835,63.747899159663866,26.82895504342989,756.239381332078,77.28285173301346,47.591734459200865,68.24086275343402,1.3252680235013,0.5687130136911089,1.353212591077529,0.5735072866624051
2025-06-24 07:45:00,20.2877284353582,59.75857518000941,63.747899159663866,26.883667430183888,753.3823576642322,77.06616427697008,47.36145972011676,67.037291409976,20.613412442312267,59.83130922365349,63.747899159663866,26.843857528770513,756.0727498452313,77.29816126740208,47.60706590305861,68.22179730180687,1.330504306279752,0.5707420875619547,1.3531867177130092,0.5730031419265347
2025-06-24 08:00:00,20.113092369818173,59.78931099820229,63.747899159663866,26.89110277398377,755.7228667868443,77.406324574114,47.56727588780831,67.07384866661178,20.555101143594687,59.84426864673142,63.747899159663866,26.86201943087874,756.1691868716903,77.29482261047222,47.61522191547881,68.20719983994951,1.3213954895875712,0.5687766668256667,1.353624180798763,0.572669232898704
2025-06-24 08:15:00,19.89541439936769,59.86062380938343,63.747899159663866,26.89488702139323,750.9385000653899,77.49577228151213,48.05048779246911,67.08806212278266,20.483580658314107,59.854133009425745,63.747899159663866,26.880198336478717,756.4281397802984,77.29306611098376,47.61565718641123,68.20328465897758,1.3212571599179137,0.5659862204340096,1.354516942789638,0.5725739920420752
2025-06-24 08:30:00,19.386558878865863,59.71092848323956,63.747899159663866,26.879676776143388,749.5336561639749,77.87680836188541,47.887830461744336,67.16575205257179,20.408694152673387,59.857645454900315,63.747899159663866,26.90035390850393,756.5085255788435,77.27900921924213,47.636866887935156,68.21306494091725,1.3339893987100389,0.568794578672997,1.3552056737114533,0.5725842239500197
2025-06-24 08:45:00,18.79073244455772,59.65392496432826,63.747899159663866,26.851877827836567,750.2413498584858,77.04433571514399,48.15703470019733,67.4214199174784,20.329586781800106,59.86100614033064,63.747899159663866,26.921984775399263,756.4776899621509,77.293965055229,47.670895916372686,68.24023058791852,1.3333774831948035,0.5663287389337831,1.355822648580721,0.572371106750841
2025-06-24 09:00:00,18.009180183033333,59.784181222230046,63.747899159663866,26.836922305840385,758.7837727934567,77.22565401601308,48.05180975531684,67.65691565712375,20.235021485833318,59.866008636200156,63.747899159663866,26.943231999131047,756.6748180544131,77.31351006393082,47.708855120105696,68.33504649561581,1.3391672436904254,0.5608046490975933,1.3559671767806851,0.5720467872724504
2025-06-24 09:15:00,18.2107738831197,59.82194687163116,63.747899159663866,26.894213575616885,760.757693404929,77.49215618974179,47.846013115198,67.70894749914807,20.128897928226834,59.86958789234704,63.747899159663866,26.963409529310365,756.319060006554,77.32853626674088,47.73688521285881,68.42419275211155,1.3411749486095974,0.5600182984420335,1.3561231656403487,0.5713473234456797
2025-06-24 09:30:00,18.397198295106477,59.89122834609901,63.747899159663866,26.90786533652543,766.1267617264554,77.25612779071031,47.99789386287687,68.18328274830496,19.99807395538541,59.87543665035831,63.747899159663866,26.982974626176567,756.4426278583584,77.35485283314829,47.75505448200276,68.51779948352275,1.3521294197965432,0.5642629869526468,1.3568432071328493,0.5707843466166569
2025-06-24 09:45:00,18.752504304773502,59.86643826811076,63.747899159663866,26.92930022353305,760.0644668953084,77.2165167199262,47.71461041212866,68.15005811083476,19.852691080992464,59.88034090143391,63.747899159663866,27.001948243819196,756.5694312555921,77.33791613277113,47.759529542421426,68.60745025704189,1.3543189525656925,0.5652829456005283,1.357957681746327,0.5704161917095614
2025-06-24 10:00:00,19.004410319365203,59.933774569232334,63.747899159663866,26.94202289187597,758.5219378448245,77.4748618371844,47.643133949886085,67.76397820191124,19.69549089473362,59.88480923460631,63.747899159663866,27.020899145641142,756.8663061058901,77.37505826816775,47.74399716024536,68.69539955712342,1.3662149414779543,0.5675263812866248,1.35906896608745,0.5701805041670134
2025-06-24 10:15:00,18.726271977689542,59.98154238397228,63.747899159663866,27.01650627659794,762.108610168542,77.86426324211914,47.75254615622436,67.84361212716358,19.52814100522029,59.89198506508383,63.747899159663866,27.039518052211395,757.4096390099629,77.37131032538284,47.736267074899544,68.79495312501972,1.364640287871897,0.567784209101386,1.3610302838809774,0.5700137811674111
2025-06-24 10:30:00,18.625527388100224,60.04604369691239,63.747899159663866,27.09769977791925,763.2890937559928,77.32992292787992,47.7212365295697,69.68446116999037,19.364563845527965,59.90303032609001,63.747899159663866,27.054987227887764,757.7238600804278,77.40581854891431,47.74185369800398,68.90857199595008,1.3730248610917954,0.5619686108917662,1.3639890828293504,0.5697457278910337
2025-06-24 10:45:00,18.55373491031934,60.03711828025685,63.747899159663866,27.125394870604445,756.2919879492945,77.34181194092699,47.38762245194427,69.605652796603,19.198004774856123,59.915761538012696,63.747899159663866,27.0697677139024,758.0248306022473,77.42733439714324,47.74489204626624,69.03708344965304,1.388932945328411,0.5692571221194667,1.3677597837982391,0.5697822531345526
2025-06-24 11:00:00,19.253071138538488,60.061105945076335,63.747899159663866,27.12225867934008,752.2587693262388,77.39463550728034,47.585637373096,69.50691494910393,19.031436657648545,59.929266936081525,63.747899159663866,27.08225308360432,758.3976799095216,77.43206061414851,47.75447302584876,69.16825280432074,1.3951634299098714,0.5747646929239677,1.3713047697324403,0.5700733340850838
2025-06-24 11:15:00,20.0368679039713,60.07523843743383,63.747899159663866,27.16361761144483,746.6317694460788,77.40959867785394,47.64906061050022,69.39588667068759,18.869585669301486,59.94214783935688,63.747899159663866,27.095053268198157,758.586393130209,77.4482439181757,47.77299574764026,69.29856073019725,1.3960326086544008,0.5756545725824601,1.3749968298810584,0.5707862165637775
2025-06-24 11:30:00,20.312604623034463,60.21331426871631,63.747899159663866,27.23830120162269,750.3304022166483,76.77471084864084,47.605699191588855,69.58804125441155,18.72334101025509,59.94959651037573,63.747899159663866,27.106461771647478,759.1777911763147,77.46270857068698,47.78328664466642,69.43578618812619,1.407452975030859,0.577526130636056,1.378862823045508,0.5717020552826705
2025-06-24 11:45:00,19.740402548392893,60.15701850632989,63.747899159663866,27.235498669152538,752.1078241692169,77.45077804648643,47.41231583244647,69.61384277561956,18.592631178830846,59.9557131328612,63.747899159663866,27.11674146631994,759.7803064567574,77.47506108877542,47.80409646820359,69.59066447228527,1.4087232911905607,0.5783708182468124,1.3822691269088252,0.5724606782609912
2025-06-24 12:00:00,19.288826294963982,60.06765004754268,63.747899159663866,27.286184573776023,749.2024447989755,77.34784165884781,47.6326185722934,70.10308252058803,18.480068711847554,59.95913322444799,63.747899159663866,27.12488931292627,760.5158147713686,77.47383576922958,47.818572846522144,69.75296702585958,1.396750073134264,0.5790837447277003,1.3860780197378029,0.5732454146789612
2025-06-24 12:15:00,19.26057209105528,60.08935011196397,63.747899159663866,27.308675510544766,754.3623514805608,77.34016038875988,47.9944650934211,70.5003501390627,18.391260389069096,59.962948530443406,63.747899159663866,27.13293204816996,761.4174988582284,77.47647504623305,47.80409849130638,69.84237606907955,1.393635873574817,0.5735795281057428,1.3904554969604332,0.5741162663571625
2025-06-24 12:30:00,19.29460367017504,60.15448726328521,63.747899159663866,27.329172988375213,759.1448367186424,77.74087418777636,47.99140931048437,70.671593722688,18.33563827837564,59.9717837935974,63.747899159663866,27.14138247708491,762.3383385332406,77.4578184780884,47.79953945842686,69.9329533754771,1.3816694070800102,0.5670814738184028,1.3944070510879905,0.5752668919161529
2025-06-24 12:45:00,19.435894896375064,60.10419856942856,63.747899159663866,27.277454083808195,752.7399270784008,77.47496243157738,47.82978939606917,70.7116358841424,18.306175019602694,59.983272829246886,63.747899159663866,27.149851034255697,763.3004502984312,77.48660522714505,47.788820285104094,70.01007279452732,1.375423427783824,0.5616305983119851,1.3986166102192925,0.5764567906266811
2025-06-24 13:00:00,19.273689397840894,60.045928062970106,63.747899159663866,27.29039531177029,760.9698957598464,77.6633639701774,47.75106096250678,70.60566051869037,18.288329173880804,59.99366714073129,63.747899159663866,27.159225534298574,763.7448889360347,77.49942905116477,47.780183911366024,70.07699939736148,1.380217720529874,0.567923580728617,1.4025477327463052,0.5775617300991533
2025-06-24 13:15:00,18.535279348783323,59.97812141481598,63.747899159663866,27.231471561395157,762.9676982925798,77.12983324978482,47.78257080296781,70.60739351719849,18.279625982464882,59.99854179156751,63.747899159663866,27.164460781512272,764.1294434016288,77.49454164010398,47.77737121189304,70.15365855561438,1.379475639530387,0.5713257673344942,1.4059957273392596,0.5787939934819869
2025-06-24 13:30:00,17.90288563888768,59.91294307546082,63.747899159663866,27.255551042740574,763.2370935960691,78.0243667430294,47.4088074614697,70.82128338925855,18.284325608246093,60.002681871513325,63.747899159663866,27.16791677608641,764.3021516651655,77.50889825874681,47.780006486530375,70.22597407422667,1.382426599831217,0.571899219462225,1.4093428964221508,0.5798464586347055
2025-06-24 13:45:00,17.23256172414155,59.93693263309815,63.747899159663866,27.22367920806449,771.9825420991353,77.29743065236708,47.5846065112352,71.1143838245405,18.309240266595246,60.010956404753486,63.747899159663866,27.172108711136666,764.523830018713,77.54252019779355,47.79164568677449,70.3004781432781,1.3979806070018876,0.5720035249988877,1.4128916603405517,0.5811405246505414
2025-06-24 14:00:00,17.47066602231156,59.90577819514965,63.747899159663866,27.193125614398244,766.050244067258,77.78449262211842,47.98434381414351,71.51386992810681,18.35165354808331,60.01648456395925,63.747899159663866,27.17550693954914,764.9905668389921,77.54534408676189,47.801376019626936,70.38211596022691,1.415507815164251,0.5736952534983009,1.4159405842939505,0.5824680329743123
2025-06-24 14:15:00,17.512052220310267,59.89501842211522,63.747899159663866,27.207959630525647,772.0783746793771,77.66631160604355,48.0571550102669,71.62269223782853,18.406278708088806,60.01784864173947,63.747899159663866,27.175085990169315,765.290143346378,77.52782330420476,47.81268382158826,70.46064159060805,1.4307748376582343,0.5794441889948874,1.4187616213736987,0.5839005711449641
2025-06-24 14:30:00,17.301464894415357,59.881105821659766,63.747899159663866,27.22914507156179,772.8048503502188,77.45303867545596,48.24878766813327,71.51760200701098,18.453029932142293,60.01962173882382,63.747899159663866,27.17332487233664,765.5258459139179,77.53173786360209,47.82428785903793,70.47881227793869,1.4318479200793854,0.5831111602027242,1.4213510350450063,0.585457256653378
2025-06-24 14:45:00,16.719478004263383,59.95889953260196,63.747899159663866,27.24540370460358,769.1250424772028,77.62067120135706,48.08463151664445,71.35366901008737,18.502337924045726,60.021410397009085,63.747899159663866,27.17100523891111,766.077147002599,77.52938393365955,47.85151793717024,70.50444208410967,1.4314272086542084,0.590245732728496,1.4237647445600055,0.5867682756254464
2025-06-24 15:00:00,16.376182100717244,59.91516793001557,63.747899159663866,27.204821598245974,773.5766136552611,78.21746677892533,47.75668541724477,71.44240081425995,18.541172188686975,60.01967069940456,63.747899159663866,27.170317636408512,766.8744926165176,77.52935739690862,47.87785439668806,70.53153195414649,1.4412478184347903,0.5961881752578991,1.4256916663104362,0.5877865401532317
2025-06-24 15:15:00,16.366433492630765,59.94207385457361,63.747899159663866,27.19205827035784,771.4578160775119,77.4367398196231,47.985754426231686,71.68363993474854,18.56087996114263,60.014965422109306,63.747899159663866,27.168650805956172,767.8457932664902,77.52725953427401,47.915726927784114,70.55692243956713,1.43269342217927,0.5935007769115737,1.4277013623784343,0.5888323234480252
2025-06-24 15:30:00,16.736218360319537,59.89191374580607,63.747899159663866,27.13553817217375,777.7881162251791,77.36956498773894,48.00156723736513,71.94292527384097,18.58192371407004,60.006150533581945,63.747899159663866,27.163788169846818,768.7675096124563,77.55309987313008,47.93941112099284,70.57830726901713,1.4356622744569063,0.5923187593647662,1.4296361344083366,0.5899011243918265
2025-06-24 15:45:00,17.23116471601383,59.97508298924562,63.747899159663866,27.13616907870384,777.9890226711855,77.57495059161627,47.6162571359961,69.77033341938176,18.60646304071334,59.99761069471427,63.747899159663866,27.157385715549292,769.6845180122903,77.5655396885288,47.97715770074542,70.60147054101084,1.452581476596818,0.5921117707800496,1.431896746860786,0.5907615295333329
2025-06-24 16:00:00,17.717895558062207,59.97598637785967,63.747899159663866,27.13318964359189,777.1588464143443,77.3171113175458,47.75105947535895,69.88307124449814,18.628776937337786,59.992323360068504,63.747899159663866,27.14941259218113,770.653091056704,77.57735589121357,48.006213398652264,70.6092149990426,1.4525360225367567,0.603313345442709,1.4344928733082054,0.5913835380801132
2025-06-24 16:15:00,17.906834681369528,59.99859603381275,63.747899159663866,27.105934542960185,779.1047028141991,77.90793818684371,47.83545950051429,69.73500248898513,18.64269640874743,59.98403935910616,63.747899159663866,27.139873140408728,771.3257268771213,77.58304093943728,48.02306664921557,70.60561788958245,1.459664257133866,0.6020257002496284,1.4366496089750702,0.5922314356146567
2025-06-24 16:30:00,17.47380481137657,60.0960105667623,63.747899159663866,27.118157307126648,772.1169319215629,77.61036873660443,47.79271854317456,69.66471374214846,18.658533579744766,59.9721195619679,63.747899159663866,27.129393711661752,771.7856669727006,77.58127617330584,48.03746234347864,70.60796574508977,1.4571009195007971,0.5939528332717628,1.4393955234092175,0.5933831355032025
2025-06-24 16:45:00,17.949678140641954,59.968186396717655,63.747899159663866,27.05127099202773,772.2943273727551,77.34553385791769,47.76163213100861,70.00872224673525,18.674840720701624,59.96041392356187,63.747899159663866,27.120444580995915,772.548921520227,77.58259647315187,48.064709013130226,70.60408688266284,1.4446147863982397,0.5969861999270386,1.4423154638113755,0.59458509974905
2025-06-24 17:00:00,18.53818706854284,60.01543074447346,63.747899159663866,27.011545173749603,771.3080096325521,77.68682634999625,48.07695210199692,70.35274830667309,18.704192802849047,59.947293508618706,63.747899159663866,27.11022782497067,773.3058659797066,77.57365360902999,48.101499282474144,70.61258328105333,1.452544492283283,0.595836941534207,1.4445076638954426,0.5955823238810164
2025-06-24 17:15:00,19.49994405524813,60.11467426531552,63.747899159663866,27.05505827504081,766.7148175017352,78.22517489132807,48.06378641945206,70.38518018237812,18.740583876623187,59.93687700053563,63.747899159663866,27.1007328198293,773.8043804656294,77.58510382429935,48.144172361530494,70.63051831975073,1.460781870117718,0.6041049260756072,1.4463772466272458,0.5965170769415884
2025-06-24 17:30:00,20.276808764006947,60.09961934540542,63.747899159663866,27.043969744250123,772.5240424531947,77.55957850623433,47.93504393545956,70.2131127103756,18.788916192033057,59.93239027643803,63.747899159663866,27.089445365770594,774.1901632599178,77.56843979434682,48.20454946669021,70.6301012863711,1.4576826600799124,0.6073516309997468,1.4479667950401238,0.5975679400842542
2025-06-24 17:45:00,20.365026777854485,60.0224647173788,63.747899159663866,27.003877795203252,771.0959053901255,77.33863976540552,48.09178021506403,70.19938103859766,18.863556756452095,59.92617132053007,63.747899159663866,27.07772473920971,774.3482825565494,77.56279936749372,48.264791646672855,70.67549280403416,1.4492714002643474,0.6107603542209418,1.4493081405758088,0.5987531360459655
2025-06-24 18:00:00,20.028064109704943,60.099236609442805,63.747899159663866,27.04486624293899,770.3601707821857,77.44735970979926,48.069357653059846,70.22958178990943,18.94598788787315,59.92322763704809,63.747899159663866,27.067609470799933,774.8459012364269,77.54984568270366,48.30562581077182,70.70190970184561,1.450707271231018,0.6086691761441851,1.4501300537067758,0.5998593877375361
2025-06-24 18:15:00,20.032974667422334,60.090778025815055,63.747899159663866,27.0558058678386,772.831020609728,77.27119404265088,48.20452479591372,70.37454698173238,19.047231558370957,59.918768567892165,63.747899159663866,27.056083313007356,775.1281871628413,77.53081905764391,48.33295094847479,70.73590563451536,1.4613442307783855,0.6085876912815182,1.4504468796613752,0.600765414816758
2025-06-24 18:30:00,20.418099077775896,60.008915016940186,63.747899159663866,27.101630604262056,776.1791377437942,77.39383940475285,48.37573115863056,70.31961105020866,19.17936538969486,59.91632051251899,63.747899159663866,27.043951181323727,775.1591166722509,77.5202166337794,48.35880609292483,70.77544567563062,1.4529710824227962,0.6053126287575272,1.4507205320235435,0.6016394046786233
2025-06-24 18:45:00,20.6281010776409,59.9340801185764,63.747899159663866,27.11361269787463,775.7707889452607,77.34666279881532,48.785236543381565,70.15760123330664,19.33437326434146,59.90907324405124,63.747899159663866,27.033259531995693,775.4241371190559,77.50930369578211,48.39990753072036,70.81916758984511,1.456323490694342,0.6070280714262609,1.4508730170271806,0.6021939862713904
2025-06-24 19:00:00,20.94391721085673,59.9488676128956,63.747899159663866,27.092422118342043,777.9818925956275,77.54992101432286,48.31622498785048,70.22958613791201,19.49632085986245,59.903880042983054,63.747899159663866,27.023018567422376,775.4806159159305,77.465634359548,48.444148180272904,70.85931497624155,1.4654961359279262,0.6095901589501025,1.450732924784517,0.602521820983322
2025-06-24 19:15:00,20.476582347692045,59.90082334029972,63.747899159663866,27.043425040226783,779.6180761642379,77.82397250844834,48.54471322502396,70.30874093543036,19.671464052203742,59.89604626374936,63.747899159663866,27.01339853880411,775.8234112190214,77.46056921336405,48.48897185182152,70.89233273805254,1.4765416647640444,0.6041829724920013,1.4509814787872062,0.6028457017228828
2025-06-24 19:30:00,19.95824319369743,59.9090300081694,63.747899159663866,27.04699087273118,778.259636131392,77.70232773939092,48.50428950949898,70.335416261541,19.85214663453464,59.890324862767436,63.747899159663866,27.005361768524264,776.0847131627968,77.4612223563415,48.5332796664125,70.91558082304249,1.4746338665568468,0.5977440011311087,1.4507223404492748,0.6031915491766304
2025-06-24 19:45:00,19.678156233344424,59.84083008309384,63.747899159663866,27.02249195737277,774.541426093078,77.51071183547124,48.50006261032021,70.39243685525858,20.048281598751267,59.8840605825608,63.747899159663866,26.99854321937368,776.7125531077693,77.45415093356681,48.59241491760005,71.00987208265363,1.4583379435807595,0.5990164541420452,1.4493201604432608,0.6035199680553228
2025-06-24 20:00:00,19.76971880009528,59.79689334913729,63.747899159663866,27.014790125965927,772.9430395860214,77.68793120383296,48.42328013837628,70.74202938790718,20.236564023926654,59.87905785799896,63.747899159663866,26.992290496368014,777.2503791026486,77.44901409649115,48.63800776058541,71.08427760133185,1.464046840104432,0.6016324704747761,1.4477639086126879,0.6034569223425847
2025-06-24 20:15:00,19.92510912508068,59.7530294172476,63.747899159663866,27.008980163833023,775.637563504194,77.5145714269582,48.64718948561682,70.59527001133476,20.415995554301876,59.873835345112376,63.747899159663866,26.985972764898932,777.6730355611614,77.42097628365664,48.68093103453524,71.16719663941089,1.4630216398485612,0.5976895256874142,1.4460320752280351,0.6036362345890992
2025-06-24 20:30:00,20.15425186226355,59.65231561467525,63.747899159663866,26.98389263101306,783.6782295442312,77.39507804652126,48.85476904282436,70.86055247040542,20.602960729733862,59.86489428881546,63.747899159663866,26.97938566988687,778.311702379552,77.41583921230003,48.72346985420463,71.24811669376611,1.4459837230518933,0.5978403046876052,1.4443336581891522,0.6043201483357328
2025-06-24 20:45:00,19.627011562007592,59.665626172323634,63.747899159663866,26.94662140715392,777.9231328702627,77.4733397078655,49.06276317465826,71.14544467812031,20.771407628451186,59.861224635319545,63.747899159663866,26.976791967271314,778.8770897394758,77.40299780688996,48.75465176792965,71.30880718485555,1.435563121484471,0.5993683591516561,1.4429448842915809,0.6047377239311297
2025-06-24 21:00:00,19.35285510118369,59.778341352532685,63.747899159663866,26.916927420979476,774.810577424719,77.52444584445314,49.22012061626133,70.80877238786928,20.940706950670354,59.85608134245581,63.747899159663866,26.973608119990267,779.3097504873181,77.39732844099831,48.77510744374951,71.35901683376282,1.4301130522175682,0.6034251137422022,1.441160383027168,0.6055452655910529
2025-06-24 21:15:00,19.471778656712704,59.750363955859456,63.747899159663866,26.872060411238,776.7261209980862,77.12821784677459,49.39187191071451,72.47612935443279,21.085044407252237,59.84826671590176,63.747899159663866,26.968501450018195,780.0055905200874,77.37737384064756,48.79685717146346,71.39891216718419,1.4382209730724358,0.6075594038502228,1.43953330521765,0.6061264750637382
2025-06-24 21:30:00,19.943599964943285,59.81746769069039,63.747899159663866,26.88966756210489,780.9788044635841,77.39588207841693,49.20936873711238,72.30637686245,21.20097118104904,59.84171221928023,63.747899159663866,26.96473695191897,780.5630338719349,77.36744152442665,48.821095040732175,71.43729098119897,1.4401652090932595,0.6068828042454198,1.4377765060329835,0.6065052445155121
2025-06-24 21:45:00,20.54936233524433,59.76124634743762,63.747899159663866,26.86217489674821,780.5469524718078,77.09551285425111,48.876909141356016,72.642570217921,21.29873041915233,59.840732410076335,63.747899159663866,26.962709522880512,781.2561960237051,77.36896351068476,48.847662041011276,71.48153854732543,1.4402796162962184,0.6066250013715465,1.436102007546606,0.6066453184690711
2025-06-24 22:00:00,21.265479834132577,59.80766416046448,63.747899159663866,26.865181121053,773.7327356325094,77.13496595952014,49.02444200163449,72.70380324046866,21.388410645969124,59.83293949692083,63.747899159663866,26.958197210624697,782.0447533355166,77.36048499258784,48.87159940849383,71.53016796088376,1.4400574909444332,0.6093308560586821,1.43451159875186,0.6068848841861457
2025-06-24 22:15:00,21.36971424366123,59.74148147856936,63.747899159663866,26.9246542247627,777.0756558813473,77.29328306143803,49.31767465051024,72.66532643652174,21.466233307590432,59.823169685797275,63.747899159663866,26.95365650408508,782.6529602428449,77.35685436683967,48.899606037649036,71.56975931715043,1.4360017587633225,0.6068831805115126,1.4327643930885905,0.6069747906469094
2025-06-24 22:30:00,21.23460996634708,59.75937189797021,63.747899159663866,26.897592661046392,775.2709775615015,76.90738669190273,49.083904903821214,72.64682240615319,21.53463698133604,59.815758575306766,63.747899159663866,26.948439574159288,783.5582142951379,77.32958729798973,48.92804325360747,71.60499266030607,1.4370450511548822,0.6060232166158415,1.431091824572212,0.6071007397391034
2025-06-24 22:45:00,21.620729262869563,59.70706047756256,63.747899159663866,26.903457411809963,781.7416751702392,77.28478543410411,49.330464572690246,72.67417278907877,21.597988420268855,59.8093201644525,63.747899159663866,26.94083848004144,784.2651642198975,77.3218592828371,48.93864509128189,71.64770111342622,1.4401500422599494,0.6032171990983974,1.4290760585914042,0.6070633305853768
2025-06-24 23:00:00,22.156695830246527,59.72027171634829,63.747899159663866,26.8944350637782,785.6271745384454,77.38915927706267,49.330801675094406,72.64036782353931,21.64008360478201,59.79782918731755,63.747899159663866,26.93384441731732,785.0171163516169,77.30961391199938,48.96243979029414,71.6877853039481,1.4278881243189598,0.6026941829771958,1.4265205111880557,0.606998151413944
2025-06-24 23:15:00,23.11521364251264,59.78715458304665,63.747899159663866,26.93161260418632,796.8242210203573,77.36280790837543,49.39031467162259,72.59907120771584,21.68032720346958,59.78916324711411,63.747899159663866,26.928775416613846,785.8891248128822,77.27330553419385,48.96979670624453,71.66800119213639,1.410516076416402,0.6019643371408229,1.4235530106187333,0.6068830744387614
2025-06-24 23:30:00,23.36636831332377,59.82590464100427,63.747899159663866,26.94560795342187,793.2936262607241,77.16300620527628,49.11884476491981,72.11523680484487,21.72260405779318,59.782577353801685,63.747899159663866,26.922908441103452,786.7798902054722,77.25669566626638,48.96398997115591,71.63214595685467,1.405848467619561,0.6014219740605671,1.4203546416155075,0.6068266454687332
2025-06-24 23:45:00,23.289780592626023,59.84192064721514,63.747899159663866,26.91640259888783,791.7843965695829,77.06680380180815,49.123157719009306,72.22257363135647,21.777324150568933,59.78382832075619,63.747899159663866,26.917154600061433,787.7761897444957,77.23790336173515,48.954328222255654,71.59357367708822,1.4077092555942836,0.6074050676450597,1.4178667285639053,0.6068394391319576
2025-06-25 00:00:00,23.082760074336186,59.82777887785502,63.747899159663866,26.920544456764745,791.276936473282,77.45625659590601,49.06888313325624,72.09231537280446,21.826408295294836,59.785619214929326,63.747899159663866,26.910630952616522,788.795391816905,77.22885049686313,48.94699436028283,71.54884438807048,1.4061484083343143,0.6144702456707691,1.4149499351843804,0.6065748424340401
2025-06-25 00:15:00,23.003085102161798,59.85809679184021,63.747899159663866,26.973459913561165,789.2559481704674,76.96029169561577,48.69708954275914,71.82943697941876,21.885130304890712,59.78916100718471,63.747899159663866,26.9017330021131,789.8936142051923,77.21591619329442,48.927533130887106,71.50584446655638,1.4029515694710917,0.6095134677889463,1.4120739316155837,0.6064982443186236
2025-06-25 00:30:00,23.61716673511792,59.86113195856146,63.747899159663866,26.916029755318103,784.2878320678192,77.51674537324648,48.69062237659273,71.8590377738917,21.955388549571396,59.79866019517418,63.747899159663866,26.892351246505765,790.7200211643191,77.20429772953526,48.90514799888516,71.45145336046701,1.3990094543509088,0.6200631913319055,1.4094052711531393,0.6065135233890261
2025-06-25 00:45:00,23.83006775270457,59.88023546869381,63.747899159663866,26.901858175878623,787.5900184848148,77.62653688080599,48.71627825087045,71.58204018501912,22.03627894879693,59.80915732883447,63.747899159663866,26.883711356632528,791.285815128073,77.1765466632705,48.87436304447924,71.37597122025421,1.4119695358321702,0.6215412102561682,1.4069422367700297,0.6065761343220804
2025-06-25 01:00:00,23.754611977911093,59.902984446759845,63.747899159663866,26.93103480127345,789.2473430086226,77.26160901960742,48.6621800135212,71.36447713081908,22.11668908747406,59.817874144930016,63.747899159663866,26.874300964889052,792.1866072689569,77.15783916975737,48.84056891973144,71.31047577620186,1.4049786845399257,0.6187147145529633,1.4045311933585196,0.6062847912692876
2025-06-25 01:15:00,23.297803920953168,59.99307044126162,63.747899159663866,26.94305492404944,791.890769943228,77.38429935314836,48.88879022343695,71.52680802239075,22.205003059377653,59.82901979960872,63.747899159663866,26.867503459464256,792.9777529771704,77.15454441384334,48.803830780428434,71.18542273741197,1.399036445673019,0.614962572827709,1.4022747943410592,0.6057893347155338
2025-06-25 01:30:00,22.71847091420873,59.86544921477776,63.747899159663866,26.90949687526452,794.0168901365332,77.19300416689207,48.787478677536456,71.6884641966596,22.299668274158854,59.83857326897932,63.747899159663866,26.860963592385236,793.3545386390956,77.13664060180754,48.772813628325345,71.06577041716565,1.4029950073886333,0.6158561476564236,1.399690123001106,0.6050896574876765
2025-06-25 01:45:00,22.36765451606154,59.797683692108215,63.747899159663866,26.91958467165011,791.0772278295747,77.16227527020531,49.04472367056979,71.56228766973244,22.38920199110886,59.850655436924185,63.747899159663866,26.85412714206065,794.0875717781092,77.13613684469843,48.74161642818499,70.9349639626187,1.4089280608803043,0.6112848851044306,1.3970250460829015,0.604556974554353
2025-06-25 02:00:00,22.47020929014401,59.78658170222523,63.747899159663866,26.94512270648827,803.3367593125873,76.57582733925449,49.22884763738352,71.3766113448781,22.461774261359782,59.85728181356182,63.747899159663866,26.846034837180074,795.376034408073,77.13946993114517,48.701709080479915,70.79368895092004,1.4027940269314394,0.6090911015233459,1.3943876327951108,0.6039093917832263
2025-06-25 02:15:00,22.52864424562555,59.74092779294836,63.747899159663866,26.885579874339207,796.97928668805,77.11482234423643,49.10329167361439,71.4388548269114,22.513812142743234,59.86101994393578,63.747899159663866,26.837325058952242,796.7852589079891,77.13122475604818,48.63771346693111,70.64502681179255,1.395850511270107,0.6059057968144608,1.3915614916417938,0.6031945776000524
2025-06-25 02:30:00,22.20677274625136,59.60413829884697,63.747899159663866,26.882600236618405,800.5404565472087,77.18255988919137,49.030065958217975,71.43211185356775,22.561405096223034,59.85976801980322,63.747899159663866,26.83000062257556,798.3886099204982,77.14166804871911,48.56911105874508,70.4937404928146,1.3888297138274746,0.6076347838071197,1.3886829272208816,0.6024476979737309
2025-06-25 02:45:00,21.68389030831919,59.640845134196695,63.747899159663866,26.89135501912259,805.7783300021949,76.73472117428238,48.76542070353559,69.71521758107923,22.59384219392488,59.86503379712185,63.747899159663866,26.827467629843344,798.9626421532657,77.13673296646445,48.54285748929869,70.41855317225377,1.387516647684368,0.6007306632365262,1.3869081991160863,0.6024211634521907
2025-06-25 03:00:00,21.226548823405256,59.71145320879663,63.747899159663866,26.87098160741941,804.9825979090891,77.20403170156715,48.33008745684048,69.25975920308966,22.609454564056247,59.8702038714352,63.747899159663866,26.82507593577424,799.4389088537952,77.12771774108595,48.51471662552028,70.33920264899356,1.378682796460078,0.5960511320302638,1.3854446303588408,0.6024114127548691
2025-06-25 03:15:00,21.31975901661719,59.87835909172908,63.747899159663866,26.849876726112058,804.4304122637826,76.9469426995344,48.21021014331238,69.23526846226473,22.59072274633564,59.873279771005144,63.747899159663866,26.821130133240462,799.5357491439224,77.119010697853,48.48228706825722,70.25550381348533,1.3837005520326957,0.599400264038774,1.384516058282635,0.6024279711109449
2025-06-25 03:30:00,21.242243141872297,59.85062017433123,63.747899159663866,26.8190807026187,803.5191017583031,77.41634525767222,48.20326427919178,69.4001507173755,22.560890224528404,59.87510189138979,63.747899159663866,26.816342524771944,799.7758307932762,77.11731856295211,48.45780407992405,70.18397562150996,1.3765430387186808,0.5936945695372542,1.3836955810004454,0.6024666633051902
2025-06-25 03:45:00,21.686769412957027,59.859283184909295,63.747899159663866,26.742041648730503,808.5842351528131,77.12654231989693,48.06335260374495,69.30527236591136,22.5317346098045,59.87642914115678,63.747899159663866,26.81234012180731,800.0954881622239,77.11933915339786,48.43118993436064,70.1024317011161,1.376741532784658,0.5953915822249131,1.382735034016692,0.6022691271315953
2025-06-25 04:00:00,22.26199920268396,59.93729125435915,63.747899159663866,26.702439962792884,808.4704383180332,77.04652413374609,48.18321508276616,69.22881928772448,22.50877521544901,59.87845623546102,63.747899159663866,26.807831607850748,800.4629278159299,77.1053009266267,48.40461938440666,70.01951988146241,1.3659239091785609,0.5982986767996844,1.3817594767534576,0.6017607471924632
2025-06-25 04:15:00,22.053723538773674,59.9805401821326,63.747899159663866,26.687424710956805,794.8969517828818,76.64080771992272,48.13921454248059,68.88098047173648,22.48728348124411,59.879341428661924,63.747899159663866,26.80063037716769,800.9501878005152,77.11160567580109,48.391903290565246,69.9408278337252,1.3616720899911932,0.6012466871432806,1.3808380814179082,0.6014236723839204
2025-06-25 04:30:00,21.76515926149757,60.039845835398935,63.747899159663866,26.634615668675213,801.834341651236,76.96322103905912,48.20629687382701,68.84390906629832,22.43592515152257,59.88016913184831,63.747899159663866,26.795384950888124,801.7075676065468,77.09319023500811,48.37832515029127,69.85363647280853,1.3577817498722575,0.594684822158422,1.3800121099209537,0.6005764215226483
2025-06-25 04:45:00,22.12119781382049,60.08473359622037,63.747899159663866,26.66813524849408,800.4604922444906,77.02937516935413,48.28972773162464,68.7245381907363,22.369537408609144,59.880165972950905,63.747899159663866,26.790314797317148,802.3798318504388,77.0677927756844,48.362232145501785,69.77133153413183,1.370529002548622,0.5926957072376092,1.3784903277347051,0.5995780982496236
2025-06-25 05:00:00,22.78355640837923,60.10407177180854,63.747899159663866,26.693471549734262,792.2823743213396,76.85876771734263,48.278854174019486,68.71680725506063,22.300283680144048,59.87902504926046,63.747899159663866,26.783278797119333,803.0364562925296,77.05810196348824,48.34723475210081,69.69167425429747,1.3626250688946653,0.5858924874097017,1.3771659098944444,0.5986212674344566
2025-06-25 05:15:00,23.23537384374461,60.12371138578358,63.747899159663866,26.657081387010837,802.5379466422181,77.08040014097725,47.94099313714556,68.71837658151229,22.247782614838304,59.87302266020776,63.747899159663866,26.774869527280906,803.6230713635455,77.04093367982193,48.31873183255681,69.59508826650308,1.3603273087500831,0.590644513371841,1.376014829063993,0.5977611987295486
2025-06-25 05:30:00,23.44264794166017,60.00645545959345,63.747899159663866,26.62241197463561,812.3866145314217,77.23495855292312,47.82722157048223,68.46555288950897,22.22163326487328,59.8734434071761,63.747899159663866,26.767390230170705,804.1567480983795,77.03248531942913,48.29269034116905,69.47878960371662,1.3609350923107055,0.5899033729248787,1.3745159302681798,0.5967559237891666
2025-06-25 05:45:00,22.930850685164803,59.85362538978839,63.747899159663866,26.66336087792768,819.3523908788347,77.04592780852826,47.39780624404602,68.20546226269701,22.213043779509263,59.87789986100363,63.747899159663866,26.758437615966034,804.9261316436033,77.0248506164423,48.248453086498415,69.35623089395098,1.351217524163816,0.5854387550162975,1.3724916872909958,0.5959012790059158
2025-06-25 06:00:00,22.66239857074114,59.72181417399303,63.747899159663866,26.67785956974604,823.3715079367713,77.22068547203027,47.02583265824023,68.10823283681451,22.196970935094594,59.88360724592727,63.747899159663866,26.746769797808394,805.0254674142918,77.05291457126654,48.1871784270681,69.22995711576803,1.3506881185275263,0.5836168278261965,1.3705977910634681,0.5950769150985764
