t_stamp,GR03/ai/GR03_feature_7/eu,GR03/GR03_feature_1_block/eu,GR03/GR03_feature_1_block/setpoint,GR03/GR03_feature_3/eu,GR03/ai/GR03_feature_8/eu,GR03/ai/GR03_feature_6/eu,GR03/GR03_feature_5,GR03/ai/GR03_feature_4_mean/eu,GR03/ai/GR03_feature_7/eu_sm,GR03/GR03_feature_1_block/eu_sm,GR03/GR03_feature_1_block/setpoint_sm,GR03/GR03_feature_3/eu_sm,GR03/ai/GR03_feature_8/eu_sm,GR03/ai/GR03_feature_6/eu_sm,GR03/GR03_feature_5_sm,GR03/ai/GR03_feature_4_mean/eu_sm,feature_10_ext_metric,feature_9,feature_10_ext_metric_sm,feature_9_sm
2025-10-27 17:00:00,4.62426344524859,64.09954806907727,66.79411764705883,28.32887811665236,934.7634545826004,70.09163365095982,61.579618292735205,67.44214395708896,5.254119045327659,63.97469944521414,66.79411764705883,28.277225470000655,935.442134234913,69.96990783866316,60.977282998484576,67.01878929182759,0.9941420277955952,0.4449942473593345,0.9976579871287211,0.4532424634974127
2025-10-27 17:15:00,4.798036627100617,64.21911753807903,66.79411764705883,28.344559802572917,931.339825135034,70.29298359920368,61.40460613998571,67.47477203466491,5.244135452921882,63.96220890816045,66.79411764705883,28.2784837248526,935.7185341364606,69.92425383507035,60.94522709245038,66.80618513420961,1.0065289773679411,0.4429025346448088,0.9973505242663047,0.45306445969506143
2025-10-27 17:30:00,4.949742528541381,64.32381343353748,66.79411764705883,28.33455501255883,933.5695237180238,70.48613141496837,61.43609524976716,67.44035624240156,5.221149209931801,63.95062382010718,66.79411764705883,28.27897578665188,936.0278743756465,69.94720623413949,60.91274071242071,66.61547223402562,0.996951980056274,0.4462311391345606,0.9971217905466122,0.4532077787966283
2025-10-27 17:45:00,4.840321211956599,64.32032095090527,66.79411764705883,28.315558774569087,933.6643570833364,69.9140887299943,61.28734118251595,67.06660644364301,5.221562971725723,63.932035092740634,66.79411764705883,28.27760152061621,936.2174066561134,69.98279715163119,60.87757706017865,66.45894005090392,0.9952518594856468,0.4520565716533944,0.9966118209028324,0.45326483125149913
2025-10-27 18:00:00,5.10373135711909,64.28463296938259,66.79411764705883,28.311481107637984,931.7708220181008,69.57307277430436,61.303799878037545,67.31481100682655,5.23691282438012,63.91221099351711,66.79411764705883,28.27578201275475,936.6147908267418,69.98649727314718,60.86787616614964,66.3249371270058,0.9942507333544018,0.4536199292985309,0.9964078933725901,0.4532752808388551
2025-10-27 18:15:00,5.344676309765139,64.2219871589456,66.79411764705883,28.2978899719421,933.389843462905,70.91462980581342,60.88304792428728,67.07587044944528,5.277822132774209,63.90032570175695,66.79411764705883,28.27191437921733,937.230006583101,70.0130847541003,60.84852777481704,66.21138236063155,1.0056902892474724,0.4465896756314498,0.996554588727139,0.4531699663408005
2025-10-27 18:30:00,5.616472646979847,64.04839963971105,66.79411764705883,28.24981423114903,935.9146649647112,69.18924226545913,61.104243589573024,67.34947408186258,5.312165456226511,63.893519762796004,66.79411764705883,28.267666797247493,937.7610406971702,69.96980891724708,60.826725258138595,66.12390377919313,1.008824251392806,0.4570266263822228,0.9960867794667942,0.4531915473406693
2025-10-27 18:45:00,5.577636401681164,63.91840604434606,66.79411764705883,28.27127495807759,934.8901642698502,70.09826033747431,60.78452882670788,67.27722403335882,5.334075884452247,63.88195349812249,66.79411764705883,28.264107538601433,938.3366012876271,69.91869148699648,60.79343527557728,66.02721043948446,1.0083289415133374,0.4618645513156575,0.9962291373602281,0.4530752700412106
2025-10-27 19:00:00,5.481980445555232,63.89748992219358,66.79411764705883,28.236014530719387,934.6339029210542,69.7874956669151,60.777217879638286,66.91166672577909,5.343605629850086,63.87045486299926,66.79411764705883,28.26092531695661,938.7494278052554,69.92734479752656,60.76071514821442,65.93975335997723,1.0037947808786676,0.457994635206924,0.9962890680964145,0.4529533380179882
2025-10-27 19:15:00,5.131049222767594,63.8031746227905,66.79411764705883,28.233320832195457,936.2378097028696,70.30693320261905,60.97446529805215,67.07192364723022,5.369061308766003,63.856831256676934,66.79411764705883,28.25926840104829,939.3450230259095,69.91120541622227,60.733119154879205,65.86176408529484,0.9930119356869636,0.4607109864236016,0.9967908815572235,0.4529647491906861
2025-10-27 19:30:00,5.239334717147663,63.711413402614944,66.79411764705883,28.20467338848897,932.143244267188,69.02908493202081,60.69175859885989,67.11790415406563,5.407499095644664,63.847640940900085,66.79411764705883,28.258393730028583,939.7740134281718,69.88298076738408,60.71043623368037,65.79154359500872,0.9949512467709614,0.46109801943425,0.9974940919527733,0.45307244204994723
2025-10-27 19:45:00,5.313266678067965,63.72924923164572,66.79411764705883,28.236404758796905,938.8730922084084,70.50467215664534,60.60404367629098,67.2591929199124,5.4531366895897,63.844169955279234,66.79411764705883,28.25752775365116,940.1112681074216,69.87717332252083,60.698270436707816,65.72239523586714,0.982631445462023,0.4550335399632652,0.9984375712981453,0.453365384362007
2025-10-27 20:00:00,5.618554399903644,63.61710091843984,66.79411764705883,28.21660574398048,942.5626919680813,69.69933262914225,60.658993201537456,67.33468097568661,5.491854814345946,63.842434872144544,66.79411764705883,28.25755323332878,940.3313352097167,69.88348603630327,60.693106533030054,65.6576119427414,0.9809162202431408,0.4545656663040094,0.9988349558153251,0.45375714011489854
2025-10-27 20:15:00,5.789203658025017,63.723897447407786,66.79411764705883,28.273138714592108,943.6467358126956,69.8351487809422,60.84915891883514,67.52541748595692,5.527469509106548,63.84096501182146,66.79411764705883,28.25870453435859,940.3504899674972,69.91525366678596,60.691532346103564,65.5875757577825,0.9957684341561198,0.4531365567577422,0.9994961527003854,0.454183708342184
2025-10-27 20:30:00,5.383516030055349,63.70194032913539,66.79411764705883,28.3042121060766,934.2318814088386,69.82590763348533,60.3203263204449,63.61979521949138,5.549552435079733,63.8373453344587,66.79411764705883,28.260140740215064,940.3320813639282,69.94262178863448,60.6753943686151,65.52698861674462,1.0038266835194674,0.4508122729514391,0.9999160380325646,0.45450846546517265
2025-10-27 20:45:00,5.094381566835231,63.77485085235505,66.79411764705883,28.29735754763177,939.8645326596724,69.23944378117797,60.46438850193748,63.61712276993982,5.573712348177456,63.83560640175886,66.79411764705883,28.262075490294684,940.3598722692615,69.93656715486287,60.66266012799163,65.46102692308884,0.9927385813300558,0.4503944026597917,1.000438565002581,0.4547208275665735
2025-10-27 21:00:00,4.853369322090497,63.76526241125492,66.79411764705883,28.2868487754404,940.9773182026204,70.31444461924568,60.392958631945945,63.56406583108177,5.640346844517824,63.82373595307294,66.79411764705883,28.262016699235954,940.6438966113373,69.89673175015385,60.62341800750854,65.45460389834317,0.9934620510315352,0.4555008844216991,1.0008431252157783,0.45529339009486136
2025-10-27 21:15:00,5.228596922222393,63.61602672750941,66.79411764705883,28.25423899800975,939.4394554240538,70.58784274899034,60.27979497206367,63.79789293783514,5.709403042554793,63.80483056594143,66.79411764705883,28.261054449981046,941.0285582945182,69.89039789778529,60.58422231362746,65.44547791358278,0.9879423369585744,0.4542347229843033,1.0007501391923002,0.4559381465767726
2025-10-27 21:30:00,5.5132101721592575,63.55537720749352,66.79411764705883,28.243030871248457,943.767705898051,70.05309946043502,60.69326007362758,63.91288449683959,5.778832776598472,63.77890178372918,66.79411764705883,28.259953329800435,941.405761015831,69.88412683013412,60.5351062165637,65.42826471292328,0.9927371978282268,0.4534633734112611,1.0010563350868589,0.4563122446073437
2025-10-27 21:45:00,6.0550989922619065,63.67450515831396,66.79411764705883,28.19842934200632,948.919105953926,70.51824689220969,60.48090833949773,64.05384179952067,5.84849504283756,63.7524412763324,66.79411764705883,28.258049335638063,941.7787542914185,69.8648013671349,60.48387272478707,65.42668134547858,0.9993418004635666,0.4511689908777638,1.0011348217864569,0.4565520454684472
2025-10-27 22:00:00,5.999031925272551,63.75740098357705,66.79411764705883,28.182715157850826,948.3817229785536,69.1042921801824,60.390674924569446,64.37433215042489,5.895683364702296,63.72999741301347,66.79411764705883,28.25582609516868,942.2232691780847,69.88005439819032,60.444879328357544,65.40328414312255,0.986730594259903,0.4536231673380457,1.0013091645274963,0.45670482036647386
2025-10-27 22:15:00,5.794194877192707,63.63906193997886,66.79411764705883,28.189363107034172,950.42337368722,68.84522545173408,60.09434564178976,63.996650305602586,5.931552912084841,63.70913501124503,66.79411764705883,28.255533228108852,942.5983506495387,69.8772400089837,60.417452881044184,65.38374364385693,0.9992186531223404,0.450633446752578,1.0008605699812496,0.456905149556286
2025-10-27 22:30:00,5.55326002860253,63.61748489028808,66.79411764705883,28.19091644077052,947.831611193082,70.11771762918815,60.04087234623149,64.0156976108181,5.954689677531389,63.69495924976983,66.79411764705883,28.258311984576903,942.6566945334024,69.89675067953448,60.3885586933033,65.35684284028261,0.9976075442925112,0.4502708335070953,0.9999962120371583,0.45665146213716346
2025-10-27 22:45:00,5.954541923832113,63.543488311263445,66.79411764705883,28.22115933515688,953.0437131009515,69.53999964622368,60.09841130816932,64.06801076759945,5.981558323548731,63.68311843129143,66.79411764705883,28.259944005801785,942.8003535876094,69.86340829071293,60.369584283901744,65.34379799140339,1.0083325911558323,0.4532272061627372,0.9991969138742481,0.45624500462710926
2025-10-27 23:00:00,6.330005980732517,63.62707336225569,66.79411764705883,28.237401625555645,950.0697830824638,69.20558919526776,60.16604612490823,64.10625182814225,6.014777467695491,63.67147115766782,66.79411764705883,28.2632204885525,943.1128000148341,69.86390944392814,60.35058693221352,65.34413514451559,1.0143711414459669,0.4556570706722152,0.9982202296558814,0.45589606705407815
2025-10-27 23:15:00,6.5940765382156,63.75739531475804,66.79411764705883,28.235878344215653,948.5426350886668,69.73198720093944,60.39412551239404,63.99368625732762,6.051856464886708,63.66222092041952,66.79411764705883,28.26737777944095,943.3906588928631,69.80253702448967,60.327257746011476,65.3481800916916,1.0220245549324474,0.4606889421635019,0.9971857935076864,0.45524671565571656
2025-10-27 23:30:00,6.498526058008348,63.797322710642575,66.79411764705883,28.258215704946945,946.0530798693932,70.0476165946463,60.55884503740823,63.973246321471855,6.073966484296582,63.65339977346863,66.79411764705883,28.271262702065247,943.9441244140531,69.83706047934267,60.313908355613954,65.35848134756618,1.0091669532619991,0.4639427896900779,0.9957261288186134,0.4545454791254441
2025-10-27 23:45:00,6.489066267642803,63.80127878309818,66.79411764705883,28.28978966216332,940.8676684275692,70.77297968981891,60.64902929908831,63.69659876389245,6.084214682535889,63.644542357096284,66.79411764705883,28.274865985595607,944.412642972084,69.8121056684701,60.310940087379905,65.34986422935582,1.017348468597015,0.4657010504788919,0.9948591998449501,0.4540173482695827
2025-10-28 00:00:00,6.16787436232893,63.73599436830158,66.79411764705883,28.30035450419641,939.816640463996,70.70892920039316,60.22353099893814,63.83054866768378,6.1036238946556445,63.63561156038387,66.79411764705883,28.279811428005758,944.6534267445526,69.81291711472684,60.31352760075342,65.34832456276975,1.01167282733358,0.4636016649088533,0.9938393546397695,0.45319584723292977
2025-10-28 00:15:00,6.274349828011413,63.78517735346331,66.79411764705883,28.318183242603617,941.1658085239246,69.76098277548614,60.29336714991091,63.54813780707151,6.1160332611876855,63.626696130651,66.79411764705883,28.28465751362868,944.8334867860108,69.8207552618651,60.31704254583448,65.34473589553936,1.0155918471330587,0.4608793285071997,0.9922957885096768,0.4521497750971109
2025-10-28 00:30:00,6.6232983354596175,63.74343460849949,66.79411764705883,28.327114384890475,943.2841848448796,68.89657150968948,60.40235467824241,67.2494532147187,6.143559410503709,63.61695595878505,66.79411764705883,28.287434664150663,945.3952229746172,69.79559718673687,60.34999424128559,65.47432899018219,1.0062788341915168,0.4621711232079694,0.9898833062607072,0.4510991708091115
2025-10-28 00:45:00,6.86972256820966,63.65195592413413,66.79411764705883,28.315692324925717,942.8796756304588,70.10296802814632,60.22873532355352,67.20099249185306,6.182223287451593,63.605150411814854,66.79411764705883,28.29045976187843,945.4611365698348,69.80213132741852,60.36241803969941,65.47702669072963,1.003739396663592,0.4622452291021455,0.9879871448121182,0.44986082847176523
2025-10-28 01:00:00,7.032634549851761,63.54594996716988,66.79411764705883,28.30152140714037,944.8856053574076,70.2979993854336,59.962612337854175,66.92396022261663,6.226439921919412,63.59132429230916,66.79411764705883,28.294412569995433,945.4880784561852,69.75613728933828,60.37314239326508,65.47780515019026,1.0061378568930393,0.4574540800516946,0.9862487961205545,0.4485343260327573
2025-10-28 01:15:00,6.930189199129277,63.52650572900159,66.79411764705883,28.25843894969805,944.8541553509598,69.33432484001732,59.75033642921733,67.0191054203023,6.267984264296677,63.58017881105175,66.79411764705883,28.30238391705011,945.8578098377692,69.73261463293319,60.38839502234068,65.46263450464926,0.9976064604735834,0.4592505974864993,0.9844832018429209,0.44703862739462735
2025-10-28 01:30:00,6.519381013061159,63.61131706981469,66.79411764705883,28.244783893556438,945.1062686180876,70.03066370596727,60.13399798515187,66.61289493614522,6.312565757072581,63.57179258635171,66.79411764705883,28.31148102075705,945.872293852411,69.6867913810212,60.387406388601406,65.43615613756232,0.9994810155855882,0.4582031762393304,0.9822695475771972,0.44545483978556566
2025-10-28 01:45:00,6.4207627312414814,63.59611510589267,66.79411764705883,28.289103960147347,944.6422876065228,70.83019812961494,60.06025450488643,66.48965547147705,6.34265554430501,63.56244876431234,66.79411764705883,28.321056933384828,946.0740065467411,69.65752711604813,60.383712118894664,65.39381307977108,0.9922324528600712,0.4525995513258142,0.9794876963700382,0.4441941610999384
2025-10-28 02:00:00,6.310575610376286,63.62312679545503,66.79411764705883,28.33317692519052,937.664981480626,69.77456238198207,60.237417957346565,66.54244997463287,6.3720636905075425,63.54951813881371,66.79411764705883,28.330424442773797,946.2846457003711,69.67775869419187,60.37345880021524,65.33232096605968,0.9828935130700648,0.449416003808547,0.9767477738069043,0.4426294860576649
2025-10-28 02:15:00,6.383695782201421,63.56318148999426,66.79411764705883,28.32023559482397,939.1999358960608,69.09798867282827,60.21529654466101,66.88587856698224,6.4016783631757,63.54014081714083,66.79411764705883,28.339630366207466,946.2627174209366,69.6965436882295,60.37642157159838,65.28320714384064,0.9843499966260304,0.4496708260140306,0.973246043818627,0.4410061809988868
2025-10-28 02:30:00,6.478554769958041,63.548071713484894,66.79411764705883,28.33430901324083,944.0072957377926,69.80253026337114,60.20729732899113,66.9217813191447,6.441500482048735,63.536499733369105,66.79411764705883,28.3490575505249,946.5165621261781,69.67994215525758,60.3760777827138,65.24039857158667,0.974494254327666,0.447526508015991,0.9697568977937129,0.43947196236817115
2025-10-28 02:45:00,6.243419138504069,63.525667505341744,66.79411764705883,28.358039558849036,944.57357604374,68.46576061946473,60.27458971199139,67.19327206251069,6.4645330217733035,63.53448995532138,66.79411764705883,28.35814489899185,946.6791091483458,69.69671533443355,60.37392125818518,65.19550217307005,0.9619788512411158,0.4412304444727543,0.965913466409217,0.43810858289508386
2025-10-28 03:00:00,5.902635299443929,63.446778994088,66.79411764705883,28.32122106721783,948.747209902892,70.06478857761101,60.291276886934,67.42694183030322,6.478084236068702,63.528277702374446,66.79411764705883,28.36808272194283,946.9469322051581,69.67934910256642,60.35378296348386,65.15078048133707,0.9511613060987716,0.4400609235260755,0.9614775426042196,0.43663653836144506
2025-10-28 03:15:00,5.620712625247176,63.46352674047532,66.79411764705883,28.34450326470766,952.9286489493333,69.75602783046787,60.51499562926964,67.00067937360176,6.482590347369667,63.51679297787312,66.79411764705883,28.379160913641233,947.2491412038929,69.6635723375439,60.32137563156926,65.10298534660991,0.956623576252124,0.4391896142874232,0.9565664621216743,0.4349432779738159
2025-10-28 03:30:00,6.200830763496287,63.349177017067625,66.79411764705883,28.36496901628512,949.7862051421369,69.72367601684483,60.73661860274268,67.28849097810404,6.474952273478606,63.504457265514674,66.79411764705883,28.391411609990303,947.583203175558,69.62941228114286,60.283407969739805,65.05246213894902,0.95032086408772,0.4299206352044216,0.9519536905372552,0.43313393887028834
2025-10-28 03:45:00,6.161484653986274,63.456434555421644,66.79411764705883,28.4185212832798,949.0485370564404,70.07029319509029,60.954607271266966,67.41775746904547,6.447638248434502,63.49197336010908,66.79411764705883,28.403255204205564,947.9443837266855,69.58711128518479,60.244569961501604,65.01648627130432,0.9494614502533378,0.4217543926831764,0.9470344282045259,0.43123915241048744
2025-10-28 04:00:00,6.209300509536023,63.40973517315678,66.79411764705883,28.387526621735944,951.0839670670327,69.07116537963836,61.30887718397852,67.50758805877624,6.4184374398280974,63.48092592863573,66.79411764705883,28.41499553333186,948.6805353166518,69.53377434381808,60.21452632769669,64.97245945644742,0.9314522160503816,0.4192941443114569,0.9421670812363582,0.42919729618236374
2025-10-28 04:15:00,6.254297875271763,63.420684443249314,66.79411764705883,28.38811047946496,941.841940516202,69.43546800162771,60.837102454352056,63.698053786363054,6.38470340429653,63.46949698767431,66.79411764705883,28.426882049393498,949.5367036139281,69.51560981243468,60.16783345661224,64.94236440111898,0.935853737872388,0.4132441325394042,0.937223609276274,0.4273209361524742
2025-10-28 04:30:00,6.179868356125068,63.35047882608405,66.79411764705883,28.40543301895044,941.7855747931324,68.93462347683827,60.71468923891574,63.5874196149011,6.336754815207909,63.46196361220529,66.79411764705883,28.439189655044654,950.2451059947264,69.57850605836893,60.128375281463406,64.79286854421315,0.9413115902846212,0.4157058112514596,0.9327777721279156,0.42532866296020594
2025-10-28 04:45:00,6.474927193540369,63.28166228978721,66.79411764705883,28.493379409650103,950.5313968715698,69.88216305683719,60.73737384433189,63.34277357160459,6.276744181042141,63.456859732577634,66.79411764705883,28.45192937079918,951.0167692389547,69.55302469614521,60.10299404020925,64.77425048625204,0.9349745086295702,0.4093637638404056,0.9282225685542911,0.4232928080417391
2025-10-28 05:00:00,6.850654955436345,63.30379046649215,66.79411764705883,28.515943982456555,944.2022263373055,68.67840190307534,60.66360106144905,63.11853348423124,6.204193802612761,63.4535330050323,66.79411764705883,28.462984857735147,951.7351256925699,69.50608062765762,60.09380963762313,64.75324490253577,0.9263275698565128,0.4059497451394119,0.923898046668427,0.42158498777477926
2025-10-28 05:15:00,6.957792609234794,63.394190497133096,66.79411764705883,28.48570672083964,954.9704867838312,69.64031894301772,60.37008024829561,62.78355006578373,6.126200126098657,63.44989464703804,66.79411764705883,28.477087835803903,952.3018395774742,69.50251760152734,60.092302520834615,64.72684599205834,0.9158862642487998,0.4133486303089449,0.9201420315846318,0.41979108878101284
2025-10-28 05:30:00,6.881276311348517,63.36948221861797,66.79411764705883,28.463740439519967,954.700897587456,69.71123952449467,60.08307536418704,62.52956873908308,6.061334633319536,63.440547990288906,66.79411764705883,28.490850196162807,952.8732432236909,69.49287546593938,60.066347543544374,64.70871072685608,0.9045329173658804,0.4066829160698409,0.9165634863174222,0.4181038495206871
2025-10-28 05:45:00,6.682635057237402,63.3577422897925,66.79411764705883,28.465540810044253,949.7655253041838,69.40877527286308,60.18322878328372,62.52323563903093,6.0035240774987075,63.429944102208786,66.79411764705883,28.50432911093075,953.8188485234019,69.44049145003888,60.036677719958455,64.70316277469938,0.8941667534740236,0.4019342949892343,0.9133968749402516,0.41664445496488106
2025-10-28 06:00:00,6.747923594793592,63.50825237713645,66.79411764705883,28.473731970293464,955.4469523503242,69.61967164003038,60.03055867969427,62.73144044319896,5.965113490190015,63.4183371809038,66.79411764705883,28.516893850799704,955.224070649074,69.43507217812159,60.00248016576213,64.69839736905824,0.8929331635450879,0.4042442745856262,0.9111241799136242,0.41520001374068577
2025-10-28 06:15:00,6.645518115569166,63.48319496983162,66.79411764705883,28.493779789165416,957.9201237659844,70.043195021503,60.03371557231035,62.72111881210129,5.922542988375238,63.410327542977605,66.79411764705883,28.530076009079444,956.4697812208118,69.42990488155532,59.97660481846369,64.69705173533228,0.8930296496209568,0.4123258219701188,0.9086736629669687,0.41363179292650204
2025-10-28 06:30:00,6.736542409594505,63.44070577384747,66.79411764705883,28.53553631408513,958.1044747868362,68.68460223925365,59.56189728386876,62.76460107615243,5.870377857922997,63.402470414622805,66.79411764705883,28.543123900074754,957.2355442402929,69.41860419477301,59.944065390829714,64.70119019227202,0.8812934272960435,0.4114957346630495,0.9062501020027359,0.4119333762799109
2025-10-28 06:45:00,6.72925987724456,63.41285357971843,66.79411764705883,28.568224095167743,957.608905050712,69.25868425026421,59.421905554956055,62.559832215513055,5.81891718415616,63.3949324217873,66.79411764705883,28.558255337316844,957.974154214765,69.41036126923049,59.918624926260314,64.70150192118514,0.8746921404560879,0.4098911305346272,0.904317897658843,0.4105070896312609
2025-10-28 07:00:00,6.269383841276486,63.42725133988921,66.79411764705883,28.62573659541887,956.074939019338,69.02281490261517,59.419815182524815,62.45755009164546,5.766512832177073,63.39129726417526,66.79411764705883,28.575897805511676,958.6155388133641,69.36866202532153,59.891520907947964,64.69505045709954,0.8707838057294276,0.4096626165842529,0.9023872948452906,0.4090607505495885
2025-10-28 07:15:00,5.669645516319695,63.42676162093012,66.79411764705883,28.645097488621214,951.7030849613964,69.50394981107658,59.48388905194216,62.61732273455101,5.7236476972778485,63.38696861278053,66.79411764705883,28.592438800697188,958.7037999457501,69.39860288996778,59.8625471264555,64.70918484373998,0.8697705986151315,0.4088574566848636,0.9007966592522031,0.4078102239868826
2025-10-28 07:30:00,5.2918501041367785,63.40457142410106,66.79411764705883,28.65256437798538,961.9011881629898,69.10882095939206,59.32222198479047,62.50974422197688,5.663042662049108,63.38540141527567,66.79411764705883,28.60869100420903,958.96641102598,69.42845536607712,59.82163521259558,64.71362841402636,0.865652418288553,0.4023459780651446,0.8992905580857133,0.40674190805261373
2025-10-28 07:45:00,5.2623287620643975,63.44230912462088,66.79411764705883,28.674778724452647,966.8508574422126,69.21604683398375,58.892581017377616,62.64528614721857,5.621517213411368,63.383434095329804,66.79411764705883,28.625694784088402,959.3116251309847,69.4319233323719,59.77237102019607,64.72449070866122,0.8672876883305355,0.4045885276105105,0.8983918603630249,0.40586248701256644
2025-10-28 08:00:00,5.1848406628009975,63.51743334442881,66.79411764705883,28.6963425544252,964.5362562688216,70.78345888771698,59.21860942377753,62.76457750754329,5.568521186915733,63.383613320889665,66.79411764705883,28.64452973085809,959.5250091201617,69.48722529420384,59.71068340869275,64.73844381745648,0.8729037197407622,0.4024029274399222,0.8980454211507711,0.40510340725864735
2025-10-28 08:15:00,5.069403543236608,63.49883953530443,66.79411764705883,28.69788379756152,966.0295729573122,69.33852716143497,59.467298085928704,66.64245075302038,5.5120192321019,63.38413011947723,66.79411764705883,28.663084873427895,959.9756156935877,69.49514617855876,59.66808846421396,64.87049001170749,0.8670832894548567,0.40116958154814,0.8978053481647769,0.4045067416421218
2025-10-28 08:30:00,4.856123196970362,63.44614814080971,66.79411764705883,28.63318601521944,966.4362989658616,68.88967733080565,59.68708026027056,66.29379271112808,5.452426889255361,63.38915591788868,66.79411764705883,28.681168947634628,960.407664669396,69.53720503756031,59.61964493230182,64.88149124002987,0.8764022003171151,0.4062194720428992,0.8975002144994356,0.4039239069413247
2025-10-28 08:45:00,4.590378903706168,63.41735498917416,66.79411764705883,28.68152829176061,961.85557189809,69.22743405610896,59.7051229255617,66.22713810597995,5.389568507447215,63.39801921618305,66.79411764705883,28.69721741452593,960.9277359991835,69.5343334918168,59.566098789938266,64.89559970374219,0.8849260079597266,0.405433627673509,0.8975088261181734,0.40357531171022054
2025-10-28 09:00:00,4.573416229687511,63.33091736734057,66.79411764705883,28.657654704323573,962.2483780045908,69.74139963832849,59.35534866644477,66.06883698007734,5.323863627558817,63.405851630504884,66.79411764705883,28.712949516231042,961.5430939902374,69.56052262102183,59.5172198610228,64.90721542448229,0.8921246575693013,0.4075859984295558,0.8979341974934233,0.40383403608675433
2025-10-28 09:15:00,4.686446056616624,63.27799846348906,66.79411764705883,28.693471403185622,973.0104465978524,69.25867765259991,59.17015979730887,66.3232169067757,5.271071494215464,63.413621331107926,66.79411764705883,28.730707045398578,961.6499441015978,69.56321250470461,59.481984268532415,64.9369484962457,0.8972341115449507,0.4088177146516359,0.8990097103044975,0.40408745110181915
2025-10-28 09:30:00,5.158257991115514,63.27491915630554,66.79411764705883,28.710119121259208,979.8216452507886,69.61198422446346,59.21149133145686,66.3994878053989,5.212053443676315,63.424223494239364,66.79411764705883,28.747621394942122,961.8799745461408,69.5751958495905,59.45410355615369,64.97541913384447,0.914712662271243,0.4060827670826887,0.9007386863816768,0.4047579488012813
2025-10-28 09:45:00,5.10658072775808,63.32289235220826,66.79411764705883,28.71570034321617,976.571253048193,68.94296977584,59.43903612570791,66.84550955520342,5.164219198631291,63.432419833647906,66.79411764705883,28.762749334652444,962.3700922708493,69.57451751851103,59.42360670728646,65.01195471066623,0.91083448822637,0.4026242015885177,0.9024215408037485,0.40546753528257423
2025-10-28 10:00:00,4.913600856390823,63.3123578628409,66.79411764705883,28.725745743100024,966.9801863222287,69.46350965990199,59.23111449997179,67.04593502733681,5.105800680875515,63.43391706356905,66.79411764705883,28.77944705682355,962.6704301650601,69.56993213169298,59.39552543631208,65.04262592296965,0.9017874254006848,0.3965740086182577,0.9041064043751655,0.40598055205673467
2025-10-28 10:15:00,4.699598925499018,63.299527720276735,66.79411764705883,28.81198267611184,966.7318752779008,68.21847285318947,59.51137577490923,67.20262392990445,5.0438092511251655,63.4389053626973,66.79411764705883,28.796555792221973,962.7491455655584,69.56367717511576,59.37282360887181,65.07106830702739,0.9040127209243236,0.3984418450132528,0.9057268611888326,0.4063542882237033
2025-10-28 10:30:00,4.330504740071271,63.337724265726834,66.79411764705883,28.850495113062845,967.9887478608638,68.81381126034172,59.47815633756351,67.23339790773501,4.991131746245087,63.44782968602735,66.79411764705883,28.811808889575577,962.8260477141183,69.5900236480241,59.36979397518224,65.09927744024439,0.8932432216922,0.3966707510759025,0.9079244921267943,0.4070287074941742
2025-10-28 10:45:00,4.334758578270443,63.33366719863336,66.79411764705883,28.840733120272866,955.5764829209166,70.65425376985542,59.64578218449597,67.42471097281471,4.928959549563347,63.45698615891595,66.79411764705883,28.825352982553046,963.0324573984433,69.58379915594409,59.36808361044135,65.1357168219467,0.9089045084594995,0.4016738174062459,0.9109262397112318,0.4080473964638599
2025-10-28 11:00:00,4.382679706634076,63.30216109192198,66.79411764705883,28.852535121640408,957.6645375490344,70.61925030012517,59.50926118694506,67.42179808669586,4.876320455783657,63.465677147912636,66.79411764705883,28.837114817570797,963.4358514841426,69.644516976442,59.36443218998729,65.18292799331144,0.90513782909303,0.3978711571763566,0.9143756142557466,0.40897621309688675
2025-10-28 11:15:00,4.915721194854054,63.397414957045584,66.79411764705883,28.928634679660977,959.4049602065804,70.17433218393332,59.47668149928165,67.7436263080912,4.830839429404188,63.47512365257968,66.79411764705883,28.847647288594313,963.9742784130249,69.62973742488879,59.350091071446066,65.23009059977257,0.9225005185726808,0.3953717614817589,0.9176977421733741,0.4098439935499707
2025-10-28 11:30:00,4.619419714667004,63.41511193995237,66.79411764705883,28.95257502482661,957.485486742343,70.73022423459689,59.45824883887886,67.92618132263433,4.788218107970462,63.48848093421084,66.79411764705883,28.859024627723326,963.9800098383975,69.65928626283542,59.3348226752523,65.27905741861126,0.9210590396827714,0.3965217516938807,0.921567074698475,0.4110890850148025
2025-10-28 11:45:00,4.559239230856759,63.43618840087621,66.79411764705883,28.94476475655905,955.3601377189808,69.67309453227509,59.55925411998833,67.65943961389297,4.751855391933565,63.50150905379221,66.79411764705883,28.869698602679055,963.8450616243337,69.68184640081684,59.34060765809425,65.31593011791047,0.9286515482925564,0.3953441640436405,0.9256283536968917,0.41228173844660165
2025-10-28 12:00:00,4.392098070728897,63.50125277842752,66.79411764705883,28.94795524515257,954.7470440673828,70.19638924688518,59.261383281551325,63.91745646457264,4.726940171431617,63.50995730536227,66.79411764705883,28.8774406829604,963.5492771609569,69.61618342718361,59.321525804752824,65.34941815329242,0.9321575803243856,0.3982207702275455,0.9294514253268764,0.41355262722303027
2025-10-28 12:15:00,4.589175739296014,63.5475612386186,66.79411764705883,28.974833416389057,966.1335367651964,69.79601668453176,59.13098957342543,63.76602748297432,4.709095790605019,63.52183096883232,66.79411764705883,28.884538980814337,963.2042401108387,69.62588816231549,59.283206771263714,65.26435148384135,0.9352328571917038,0.3989059069072825,0.9331268083053564,0.41474309337875703
2025-10-28 12:30:00,4.879508558784375,63.53876289614722,66.79411764705883,28.987907033609996,962.6629660689164,69.46407577922598,59.19723319398518,63.46700510643409,4.682595847751849,63.53100280094928,66.79411764705883,28.89338514411969,962.7570363866441,69.68672363225397,59.254164003851685,65.32382758508956,0.9390887111140098,0.4137114764354236,0.9367296679021191,0.41597831278370234
2025-10-28 12:45:00,5.374028608934206,63.62728151522406,66.79411764705883,29.01843259586573,958.175990124644,69.72101545350122,59.31301247358394,63.67554221868597,4.658505603326647,63.544814327310114,66.79411764705883,28.901688871886574,962.4772690907258,69.70990812433459,59.22404336718698,65.38495494282537,0.9481516485810269,0.42095108076089,0.9398067268973989,0.41736901978794677
2025-10-28 13:00:00,5.110734795174071,63.68754711256109,66.79411764705883,28.971170925826197,961.6018109237472,70.07073987107137,59.24665399282522,63.68368786704605,4.635152683218741,63.561724635546476,66.79411764705883,28.910694633696448,962.3596497117924,69.70182488403954,59.19471601609507,65.44908884650432,0.9564021996812548,0.4267978470537063,0.9423524785651118,0.4188325162471687
2025-10-28 13:15:00,5.24760770588668,63.6036324720488,66.79411764705883,28.91937900135389,964.469057045443,69.38842534047888,59.268323317266805,63.61930294368376,4.623290816948512,63.57963415241762,66.79411764705883,28.916579479665234,962.1501438022658,69.69279213309889,59.19220732401033,65.50853263263926,0.944652386136176,0.4232218894280207,0.9447182299203644,0.4203518703571696
2025-10-28 13:30:00,4.99536806212031,63.55316927477065,66.79411764705883,28.974663635426825,964.4570891766426,69.48211003548911,59.18812055046296,63.65157681230161,4.620031076789828,63.59700513171159,66.79411764705883,28.921779620656416,961.7705921349732,69.71680545819974,59.1754649901546,65.56637793572465,0.9434790706876018,0.4196347778104397,0.9465934543628178,0.4218762475452514
2025-10-28 13:45:00,4.785775223058673,63.63284394367933,66.79411764705883,29.007041851117997,960.2815857809333,69.85554632418592,59.35266074910236,63.574390333833634,4.642488254623197,63.610247211540326,66.79411764705883,28.924635478306076,961.3181059666308,69.76232092369439,59.15234824484245,65.61134395150874,0.9416433540309712,0.4235379069791772,0.9489378525623962,0.4235037640392964
2025-10-28 14:00:00,5.156217263192161,63.70843547374901,66.79411764705883,28.993129234693225,960.411539243638,69.47499642650436,59.47100827318159,63.6108750726621,4.676307871664709,63.62182635661911,66.79411764705883,28.9257863067391,961.3245859494295,69.7494939993531,59.13607653751184,65.6518505262266,0.94722235543489,0.4317283127771793,0.9517509314285629,0.4252478247496015
2025-10-28 14:15:00,4.864093976792349,63.68754776637663,66.79411764705883,28.97454688449174,963.801195580458,69.07194948786425,59.37059461272949,63.65301366658277,4.70252234704977,63.630097281189144,66.79411764705883,28.924918675991606,961.2128080294601,69.81742100245756,59.11627687680349,65.68051810624021,0.9647445679892124,0.4404517996251965,0.9544292337915763,0.42700038291217385
2025-10-28 14:30:00,4.690211027885795,63.6879810097895,66.79411764705883,28.9785916459515,968.17676159032,70.84434951755222,59.31027256890279,63.87388523258736,4.744102328374037,63.632304959236016,66.79411764705883,28.9196336267416,961.0173783391552,69.86813245398203,59.09961133695615,65.70906769223899,0.974265042064876,0.4375271155750585,0.9581496023806501,0.42870602526688373
2025-10-28 14:45:00,4.305214724935594,63.71015676094168,66.79411764705883,28.96107161932671,967.8558928278636,69.06056326448008,59.05365549570546,64.03220092838474,4.79200360230205,63.6316142274204,66.79411764705883,28.915002673587143,960.9369763402991,69.84290459615967,59.08699996741367,65.71968304797079,0.9694344361439556,0.4348908702773814,0.9611536628295981,0.4304514142351363
2025-10-28 15:00:00,4.013210461125034,63.80528987303559,66.79411764705883,28.99388455185564,962.073130924167,69.99528609779104,58.86417009897748,63.97874878713802,4.840351395211379,63.63579263302827,66.79411764705883,28.910002739051738,960.916887880496,69.84725184523805,59.076304766428,65.73525403079671,0.9817323940415768,0.4396987220100991,0.9643940605101278,0.43234748728900146
2025-10-28 15:15:00,4.171447280957468,63.83315271206213,66.79411764705883,28.99499797312457,962.8024110202977,69.89285097342652,59.06613050263625,63.75146712619452,4.882336393033842,63.63773630829307,66.79411764705883,28.903470893403696,960.8772586550618,69.86774923045522,59.06893682508947,65.74403566736773,0.9891260582830348,0.4403681305644844,0.9674304998105759,0.4341255820775769
2025-10-28 15:30:00,4.437384047742566,63.77088089153078,66.79411764705883,28.928604962865624,955.6627223675212,68.8135696787202,58.64615382353452,63.76921856900177,4.926505353799739,63.63556219669477,66.79411764705883,28.896313126133656,960.9457327099386,69.855997352181,59.06879156710258,65.74991438406218,0.9875958686403064,0.4405295907327825,0.970958907233237,0.4357120440318327
2025-10-28 15:45:00,4.534072118438687,63.85504943940564,66.79411764705883,28.91083273317965,955.6784614537628,69.62966921539079,58.317727081255306,64.09045066948838,4.9735172346956364,63.6267588126359,66.79411764705883,28.88719898741909,961.0044917404281,69.87395607781987,59.073513486646256,65.77147043744489,0.9773447788092564,0.436883566219942,0.9743069376029593,0.4372630285877373
2025-10-28 16:00:00,4.061124911375245,63.7213031043188,66.79411764705883,28.898570914379963,953.0201872400291,70.71474142896051,58.81579723790995,68.07807574857475,5.019840355022821,63.61649042531796,66.79411764705883,28.877723492826572,961.0643041410677,69.87742941933871,59.092680353138256,65.91930423073777,0.9844879882199966,0.4432760541912593,0.9775923216979497,0.4390049190370926
2025-10-28 16:15:00,3.867671570950124,63.831700779999046,66.79411764705883,28.93064012476717,953.462553020536,69.92296881852735,58.80150382562068,68.06095883805382,5.064649719257434,63.602074067246875,66.79411764705883,28.868891339609416,960.8067801459981,69.85578666302008,59.087424048149074,65.94011565106081,0.9772377778181228,0.4471548378008399,0.9804838054802109,0.4408293551788834
2025-10-28 16:30:00,3.872828626450322,63.83822661443135,66.79411764705883,28.9278275586198,958.7197966365908,69.4989024294772,58.47552813368752,67.99285409044596,5.10333057722415,63.58809808386763,66.79411764705883,28.857812364957706,960.7299395119098,69.87431589922289,59.07124853648179,65.97348334165368,0.9684972076006868,0.4514908922062169,0.9832776479441455,0.44211126647489607
2025-10-28 16:45:00,4.3305900685097845,63.815283969623366,66.79411764705883,28.870016782249177,966.7252693120548,68.98769512438034,59.094899034766456,68.10653049082374,5.131235095114466,63.57250475593494,66.79411764705883,28.84519689708006,960.6583299934854,69.87311519347186,59.06302322925248,65.98580865388064,0.9682066522025294,0.4543983379516592,0.9859915813275589,0.4431492312413035
2025-10-28 17:00:00,5.060465786354948,63.79604853512456,66.79411764705883,28.866123350994595,968.4350952320076,70.33238397748872,58.70922131578498,68.13484689796057,5.161715314623622,63.55762025747293,66.79411764705883,28.83484045465893,960.4511042454634,69.8877285403332,59.05889790251974,65.99046082326808,0.9709693955448432,0.4518140827251436,0.9883576234001517,0.4442215915458597
2025-10-28 17:15:00,5.780296062759156,63.72015474707044,66.79411764705883,28.801376072706123,962.9966679979244,70.30843374067923,58.74553376634348,68.1944900287262,5.176468109629065,63.54033632728324,66.79411764705883,28.825050991612013,960.1247682271354,69.91992457630175,59.06271512646476,65.98303483972344,0.9811664342137212,0.4514496964098682,0.9913385500034787,0.4454336382063294
2025-10-28 17:30:00,5.928189367636195,63.659732215204514,66.79411764705883,28.760270596090656,967.1745858061898,69.07870192966399,58.742963280053466,68.26113226887244,5.192772853733183,63.52353086132666,66.79411764705883,28.814787405495508,959.9557468716806,69.90776229157288,59.070917489344566,65.97258929959224,0.9861797913856865,0.4488958299274084,0.9942401288110047,0.4469231000529899
2025-10-28 17:45:00,5.4860331870508565,63.547655457377616,66.79411764705883,28.785953753687004,963.3785376788196,70.25628294632287,58.91738595365875,68.06265133031327,5.2109085705874545,63.504456539219674,66.79411764705883,28.80245576187298,959.9541314729512,69.9202376392721,59.067320149518444,65.9695864716689,0.9843617918147268,0.4510185898904261,0.9972917557659025,0.448252805944283
2025-10-28 18:00:00,5.57790417979927,63.40395460713313,66.79411764705883,28.69194363556266,962.1258571517156,70.33515480607578,58.97819014214326,68.08988548769783,5.2226739614295585,63.48229549604797,66.79411764705883,28.791718634491808,959.8340944080305,69.90885489013385,59.05116034731017,65.96674651678389,1.0048542793644086,0.4478400217171986,1.0003131428583478,0.44943656758844114
2025-10-28 18:15:00,5.771796796110824,63.3129452441649,66.79411764705883,28.701804525639197,953.1644229552314,69.89741803518456,59.26744109822127,67.74317164476882,5.24832106610626,63.46451529775267,66.79411764705883,28.784235841481497,959.6045984202198,69.92260792909934,59.03697161954349,65.96411555330874,0.9990263219279456,0.4540354864538229,1.0028130675734326,0.4503161589918061
2025-10-28 18:30:00,5.833113493913941,63.42751326015807,66.79411764705883,28.70253708557826,957.0618837549422,70.74966777247653,59.18840515737529,67.88892757147377,5.281846312915683,63.444605549232165,66.79411764705883,28.77721125993692,959.5217967406126,69.87492939811595,59.030415324947214,65.95963542977144,1.0023497595089192,0.4547533487923111,1.0051689766470508,0.451372689143426
2025-10-28 18:45:00,6.175271129527993,63.45572521498949,66.79411764705883,28.73267931021959,958.2160834435568,70.78925374044825,59.25564325912558,68.00707540522139,5.325787038675627,63.42242174450929,66.79411764705883,28.769968914267928,959.4116338813243,69.90472539758169,59.0424288595491,65.95617515882716,1.0135936975861266,0.448714605139022,1.007741173446398,0.45245642407147885
2025-10-28 19:00:00,5.944488537643888,63.3498885920034,66.79411764705883,28.737842006725533,959.5397083886468,70.37766788637111,59.45389109927213,68.10254282346811,5.385058443152152,63.39617687643359,66.79411764705883,28.759900262578476,959.2070745718759,69.86137530434645,59.04456870346162,65.95598778758884,1.0269112623626009,0.4441156103215564,1.0101242661052936,0.4534864730567791
2025-10-28 19:15:00,5.969595657733658,63.17208687910994,66.79411764705883,28.67134059512203,957.1229086336637,70.2118563014408,59.70091170629892,68.3061212153744,5.4412238538183,63.372188546312664,66.79411764705883,28.75000935264111,959.0798622033977,69.82972839791601,59.028157444530244,65.96066645092262,1.0290924593842272,0.4418737007207763,1.0119650021835658,0.45443132377469014
2025-10-28 19:30:00,5.781791680544448,63.19320115888972,66.79411764705883,28.663690407377,956.5414160865716,70.30058949245011,59.83638927631131,68.35247026335858,5.501694133503838,63.348824143536135,66.79411764705883,28.742891466821217,958.9975214993763,69.82078712060644,59.01867599945546,65.9615698584713,1.0307191031741008,0.4504774837082053,1.0138111732124562,0.4554011555735109
2025-10-28 19:45:00,5.933456666334386,63.1150704964856,66.79411764705883,28.709868819874387,958.407816913106,69.14673399497323,58.973300423749976,64.39037009266575,5.5636858854012265,63.32243265464093,66.79411764705883,28.736940311535758,958.7072775925707,69.82629173390643,59.024591121818496,65.95996745334092,1.0219773706595363,0.4536389911610057,1.015615808032194,0.45629165852177217
2025-10-28 20:00:00,6.039934297785837,63.11948339476989,66.79411764705883,28.65553779405877,960.3577470462689,70.01995286530999,58.71196784396648,64.46803582421997,5.6413212043475776,63.29679837868717,66.79411764705883,28.731368742227218,958.6882023738422,69.80365032713925,58.99959689095407,65.81323707903582,1.0229039850320492,0.4521688153158041,1.0169194921667866,0.4571012820807063
2025-10-28 20:15:00,6.21116414564372,63.15948167724365,66.79411764705883,28.63996855953628,956.0277045719132,69.68499428097049,59.06625325670456,64.04530158549537,5.7255364393887715,63.270407798640804,66.79411764705883,28.725938803782093,958.7971130379276,69.81564617337709,58.99161158523277,65.78253148683208,1.0295696500834255,0.4520900237531137,1.0182676369541832,0.4577933599439879
2025-10-28 20:30:00,6.025141380448779,63.24101215870072,66.79411764705883,28.66047765319234,955.3850384830891,70.50914027691172,59.12289419084298,63.82325294866893,5.816813646220496,63.244594439069594,66.79411764705883,28.71893995702015,958.7775239822264,69.8249977256944,59.01129289794144,65.76543230412598,1.0273834618590394,0.4589686561903919,1.0202334339048167,0.4584551483646567
2025-10-28 20:45:00,5.690191556049928,63.08511456635794,66.79411764705883,28.62569510994648,954.6789764955988,70.35430641953523,59.38284003561751,63.39652343734475,5.904803806375447,63.222335069902655,66.79411764705883,28.715731698989988,958.4183671423865,69.81950361483926,59.02651041678947,65.73630837365864,1.0340801842359912,0.459583289242113,1.0220305176355098,0.45893425277817484
2025-10-28 21:00:00,5.484510385243854,63.04900529607356,66.79411764705883,28.666756051931475,959.3864485130016,69.11724149362294,59.43419143685711,63.33821060836577,5.978986209792831,63.201279112573474,66.79411764705883,28.71311334795672,958.0813883860545,69.8218542495613,59.057189803154266,65.71924851409696,1.030526434913378,0.4643186332102541,1.0236350666257055,0.45947695186412435
2025-10-28 21:15:00,5.329846728686838,63.06061428046954,66.79411764705883,28.63709254244224,960.233123819052,70.22980675516263,59.24474055431871,63.48430549613345,6.03704141798507,63.18322423099248,66.79411764705883,28.712191887995765,957.5667248944089,69.77094391930046,59.08703334931465,65.69555086842014,1.033192162677902,0.4634290837179706,1.0242997876319866,0.45994466585049615
2025-10-28 21:30:00,5.509178988455263,63.04360417859779,66.79411764705883,28.671015413258065,956.8104272960162,69.13351395235675,58.9862142069335,63.52567642611145,6.087824147988702,63.1690580605268,66.79411764705883,28.711579749206578,956.8516959641942,69.79102896442913,59.09854709286471,65.67311789292158,1.037863968208252,0.4672411621019214,1.0248050822654566,0.4602835602432658
2025-10-28 21:45:00,5.633507117093397,63.15414181751765,66.79411764705883,28.75006309418232,956.9163159461338,69.48454065682911,58.94493277972923,63.57408476232829,6.136610316363764,63.159394281690375,66.79411764705883,28.710390675488558,956.3105970837568,69.73043312799241,59.09663304912432,65.64678126382127,1.0397423094417564,0.4668395417261466,1.0252043745742934,0.460652810334305
2025-10-28 22:00:00,5.695968432168489,63.09068855417439,66.79411764705883,28.76785419961434,965.6927112021036,69.4139935880504,59.11358373101434,63.73948152646838,6.175907649242807,63.15340538079083,66.79411764705883,28.71280259629339,955.8756881796603,69.72526396084915,59.096498721028766,65.62506119888833,1.0449423142734189,0.4692230201236557,1.0248328414744088,0.4610085676194362
2025-10-28 22:15:00,5.623436497733932,63.044642619255576,66.79411764705883,28.743801249256887,964.5510070492192,69.95444324845232,59.414061533761966,63.92839280005638,6.211917428744822,63.14708004133525,66.79411764705883,28.71457068337815,955.7710474030268,69.70119461252814,59.0818080381064,65.6129080149686,1.046600340124373,0.4674029181189661,1.0245579821758868,0.4611334578005803
2025-10-28 22:30:00,5.791352595420776,63.01794383076459,66.79411764705883,28.691825001172163,955.936351640713,68.69478330073402,58.92836541635301,63.9731276499882,6.249589534874864,63.13852007117092,66.79411764705883,28.714874032411007,955.6048516416655,69.65571169166161,59.071928956410225,65.59834928839233,1.053225173808449,0.4706001915691055,1.0237684229128925,0.4611975020002213
2025-10-28 22:45:00,5.856409600941913,63.113502808434255,66.79411764705883,28.69827067500359,958.9860399659516,68.94344378051368,58.573792734695104,63.89182702620791,6.2775549050646315,63.126834979764915,66.79411764705883,28.712304623374045,955.6115225474621,69.59606848167428,59.079035159944844,65.58234547717174,1.044348140631201,0.4687136521018177,1.02213236774069,0.4614163822553373
2025-10-28 23:00:00,6.251492438308689,63.069948808234926,66.79411764705883,28.71506838826873,953.1925012468788,68.54533135943264,58.36171047129117,63.79632079546218,6.313702393669856,63.116094718538,66.79411764705883,28.70914286717343,955.6441014507457,69.5625531244688,59.105504337142456,65.55677018057888,1.042980999507014,0.4696245446974039,1.0196473067842649,0.4617731322021158
2025-10-28 23:15:00,6.393824675360318,63.0633047725495,66.79411764705883,28.73229807461589,946.9711442495964,69.79480761439063,58.49518075214627,64.0423785155774,6.33310201871773,63.10755050404329,66.79411764705883,28.708334303431453,955.9857468303433,69.52760489517794,59.101613626860036,65.52616886052259,1.031483823401394,0.4635986546677795,1.0171295794820836,0.4620001273882598
2025-10-28 23:30:00,6.390184479765796,62.95227482570581,66.79411764705883,28.73142383512385,952.447930678171,70.03549922594513,58.06597031197692,63.6761645194216,6.3470371438864115,63.09570251143202,66.79411764705883,28.710573948593858,956.1612122540506,69.47984084739058,59.08134327492537,65.48972416528476,1.023598512257773,0.4675647609592849,1.0142158322290358,0.46194122526295445
2025-10-28 23:45:00,6.394128622185926,63.03998337860825,66.79411764705883,28.76774197141336,956.7298729430988,70.28284420566234,58.561944653981726,67.1397910719418,6.350999277308841,63.09008289791438,66.79411764705883,28.70991673035803,956.105082672623,69.47561587963989,59.09791884489725,65.59217433170052,1.0176821214400191,0.4679171736992866,1.0111930569852978,0.46145428216390294
2025-10-29 00:00:00,6.611144831402078,63.06382582729508,66.79411764705883,28.71786215576155,958.132124965558,69.77944899899674,59.06596751494752,67.47987860926243,6.351256122236255,63.08273394998925,66.79411764705883,28.709419717306666,955.9340771687251,69.45795634347559,59.1148776948805,65.56186086625353,1.0274711161196914,0.4713445448262808,1.0085753284159593,0.4609962265444449
2025-10-29 00:15:00,6.970294873158292,63.147502894615045,66.79411764705883,28.773769041344263,955.9505641168532,68.8228717987259,59.551424600207405,67.23281257680412,6.355429513219443,63.07423250567008,66.79411764705883,28.708782618638306,955.9539828029821,69.45520604423024,59.1138923244415,65.53888022219694,1.0221191641233218,0.4687714703572062,1.0052503722170005,0.4603898980360343
2025-10-29 00:30:00,7.28593788887649,63.16436981524911,66.79411764705883,28.78757281999669,958.3257325420524,70.40290301914999,59.62960290672892,67.62305111111007,6.3676361756769815,63.06125706193064,66.79411764705883,28.708819618384393,955.8532280979945,69.4180172193559,59.10471044467424,65.52015302817775,1.019105865250714,0.4680950553036272,1.0017231233057706,0.4593975471745148
2025-10-29 00:45:00,7.521952308526352,63.17850829964068,66.79411764705883,28.77373227387731,947.5567632485536,68.78112383285404,59.64084015115506,67.48356065842154,6.384025314834417,63.050673468901,66.79411764705883,28.710792637315297,955.7443197317536,69.36506785934587,59.09980975187027,65.5268966227937,1.0011080644021568,0.4654811160010227,0.9975047379977064,0.45826051478824875
2025-10-29 01:00:00,7.451671267745113,63.234747101234056,66.79411764705883,28.741906432415007,945.723717899746,69.68125328352392,59.08837558655552,67.58814300391543,6.4086705111024544,63.039716458430135,66.79411764705883,28.711923699083112,955.3863338499892,69.37309270947154,59.09030493463592,65.53828530675916,1.00133863038979,0.459062661710498,0.9929830083259915,0.45684417901531127
2025-10-29 01:15:00,6.949618238302731,63.25774209228479,66.79411764705883,28.75028154214651,947.1455712656974,68.43840785322138,58.85996464144675,67.27255245730369,6.44526797287267,63.02518846788628,66.79411764705883,28.71358277514038,954.9963271860614,69.34958873867727,59.09693972474092,65.54933945171051,0.9963405610798252,0.4620960926216012,0.9880205748659769,0.4553432988217876
2025-10-29 01:30:00,6.756824166170564,63.22428758014699,66.79411764705883,28.764301259707672,949.0785900288248,70.18007979177773,58.974160299276775,67.43828353971018,6.475652263666352,63.00456907859761,66.79411764705883,28.71561028589025,954.8868709708953,69.32083865509483,59.10986245599828,65.55425363196763,0.9937082863678712,0.4585127402711349,0.9826797611678945,0.45375455601317133
2025-10-29 01:45:00,6.852090181171256,63.12318506049736,66.79411764705883,28.75484713818186,950.025199656228,69.17533758555474,58.82672061055049,67.3785761271766,6.500006556124229,62.9823895412716,66.79411764705883,28.714243222376634,954.8789929461992,69.31498233187692,59.122995164924745,65.56006075373212,0.9907805429722836,0.4577821918881457,0.9773137157002906,0.4522978807787824
2025-10-29 02:00:00,6.963276677815222,63.1707141552283,66.79411764705883,28.711637556564074,952.0760109141034,69.38518014648038,58.89203270648975,67.45216577418566,6.528021898984998,62.96327610739799,66.79411764705883,28.710888175767632,954.4381226797882,69.3089953663991,59.13636523891336,65.56524248040039,0.9786629816190944,0.4566746747815424,0.9714616187180851,0.4504696398775836
2025-10-29 02:15:00,7.014232235220984,63.10517247280946,66.79411764705883,28.65559703911074,958.4162106174524,68.99995744082828,59.46882936516422,67.5269610686038,6.558317157647136,62.94341609058953,66.79411764705883,28.705953761682906,953.9962386622697,69.29033060020052,59.14950749148761,65.56261841299263,0.9645120424200506,0.4552810127925015,0.9658880489665461,0.4486330967855693
2025-10-29 02:30:00,7.028913195800637,63.02768075519614,66.79411764705883,28.64298932070701,960.5170754871524,69.37220717020664,60.24796641520077,67.3352839256824,6.582499962670482,62.925846613537594,66.79411764705883,28.705053068646066,954.002764332545,69.29071835949863,59.18422477509931,65.5570556202483,0.9523594336698438,0.4548181087249097,0.9596908084876592,0.4465020456353444
2025-10-29 02:45:00,6.551584409169912,62.915760444268265,66.79411764705883,28.647083682862736,967.3722700215905,69.16340942271538,59.58419039782586,67.38808161368556,6.611234579319526,62.908072032930754,66.79411764705883,28.703124754821545,953.8471526738473,69.2879948788729,59.23181600314854,65.5580590805378,0.953560640318792,0.4486835563050973,0.9539879215089665,0.4443673340988913
2025-10-29 03:00:00,6.199845435604867,62.83776138055184,66.79411764705883,28.73087976224923,961.8053787977968,68.86766805882904,59.22827871827143,67.25912940622395,6.630528985997899,62.8914953986478,66.79411764705883,28.700656931005547,953.9005663582222,69.30735450743441,59.29911821418195,65.56737602804664,0.9433066855826726,0.448710419949046,0.9480361491678142,0.441992631464506
2025-10-29 03:15:00,6.052320669007275,62.9464820909563,66.79411764705883,28.69015227279944,956.7239294702786,69.01998496245245,59.47056752290654,67.4638750851384,6.642910940402822,62.869941250435595,66.79411764705883,28.697555986140294,953.7728782569507,69.29590972424734,59.373078247813915,65.57623700677225,0.9312941133473882,0.4390306981894607,0.9425023379778233,0.43993801167080965
2025-10-29 03:30:00,6.047639645608281,62.89901495701588,66.79411764705883,28.640627402517783,955.2275819293296,69.49016678038103,59.22073334346372,63.55863186080994,6.653969496613539,62.84859687815511,66.79411764705883,28.696359921842063,953.559960572002,69.27846199028251,59.453416406455965,65.59873278189657,0.9443721279518982,0.4384271467320615,0.9374467385442914,0.4379265239200516
2025-10-29 03:45:00,6.336365875139334,62.904438347668695,66.79411764705883,28.6208555994857,956.6248735996188,69.6024853036101,59.03669214353492,63.35588226379768,6.642180114134686,62.82836164041267,66.79411764705883,28.6926627064709,953.1298770241241,69.24091716717199,59.52637481813528,65.51731810564156,0.9298209641146628,0.4339001685007967,0.9326641509383499,0.4361512615440064
2025-10-29 04:00:00,6.39134125417494,62.851748846517545,66.79411764705883,28.66158764557477,952.3623973334612,69.3934755306815,58.84743779782507,63.26143712809352,6.603323151624338,62.80895940096918,66.79411764705883,28.690405888366342,952.7468831802527,69.22922926131395,59.598628581813536,65.57044251109436,0.921565994522139,0.4291981303448069,0.9275314965000179,0.434264979436426
2025-10-29 04:15:00,6.181865730772986,62.76760677546898,66.79411764705883,28.6848856778736,951.4117255083796,68.76582561923425,59.23581925149825,63.59883127582348,6.543209293170024,62.780684576820626,66.79411764705883,28.68535004128408,952.3979952633966,69.22411275342013,59.66801598127223,65.63982110328271,0.9075286249940654,0.4254723176541311,0.9225004908904524,0.43239378220308006
2025-10-29 04:30:00,6.223866273284976,62.72029498194714,66.79411764705883,28.70068790496602,948.6468720600662,69.35798699739257,59.14904691982672,63.6798711273295,6.481845097625825,62.754939933171656,66.79411764705883,28.681079509091767,951.8518924325846,69.16743002257903,59.73846344393835,65.69867142070048,0.8948745447619328,0.4218285600221285,0.9171869769438923,0.43053184829042296
2025-10-29 04:45:00,6.427770581793303,62.62477456415401,66.79411764705883,28.68686482416025,948.5329239012171,69.52468763133506,59.44378425746873,63.81592984467371,6.411051298091219,62.727254426408756,66.79411764705883,28.677841402388832,951.7897758267859,69.1787508553663,59.80881680328403,65.76450978093243,0.8843191588774623,0.4184026779122605,0.9130315036846092,0.428792474797762
2025-10-29 05:00:00,6.420707712265743,62.425022499937725,66.79411764705883,28.731840735754144,953.5267408410342,68.27101144488353,59.37389614465436,63.673101833825,6.332451416958245,62.699949942969354,66.79411764705883,28.677230888499537,951.8643924068733,69.15642338325135,59.88361839009485,65.82818951340207,0.8776395572657788,0.4195788778434343,0.9089342449983071,0.4273165734140611
2025-10-29 05:15:00,6.364135890829673,62.48875569773742,66.79411764705883,28.70905118877387,956.6799752052503,69.3088509602915,59.33891404752311,63.74829841526277,6.258822872524617,62.671277823584404,66.79411764705883,28.676879776769688,951.7928851160503,69.1988668224752,59.970629620254435,65.90298302131986,0.878760945413637,0.4231392846944797,0.9048535373705009,0.4255647188876813
2025-10-29 05:30:00,6.536428717991577,62.51728553796611,66.79411764705883,28.667202801344228,952.4666032097732,69.23438462371635,59.51468595067279,63.894933326516885,6.171593676316873,62.64525894881585,66.79411764705883,28.676980857097522,951.5660351636798,69.13296334548237,60.061885986580805,65.97118094261214,0.8693794048072614,0.4143757930876888,0.90088286353379,0.4241879855780335
2025-10-29 05:45:00,6.532294257598052,62.448842115001774,66.79411764705883,28.595768826715243,951.294486523658,69.39450026249436,59.80832911098943,63.84967077782357,6.088673728488652,62.62362117454809,66.79411764705883,28.676532137179144,951.1856088138553,69.13477374752826,60.17288433846618,66.0344618788776,0.8793932475781981,0.4123066253585394,0.8971039188904961,0.42276031190239166
2025-10-29 06:00:00,6.516836746121185,62.49085951920626,66.79411764705883,28.664804210066904,956.1321217489752,68.70641607967768,59.96988392470404,63.806243867658566,6.006808501393425,62.6024037195115,66.79411764705883,28.678538767239306,950.6067866027814,69.15601412515157,60.26498475873443,66.08196162031037,0.8673079594418435,0.4066686570623591,0.8939298643223863,0.4213989037817067
2025-10-29 06:15:00,6.718448100413227,62.58026539022927,66.79411764705883,28.640421260267903,954.317690205023,68.8617393617414,60.00152957617183,63.92193083489281,5.925571487549342,62.579977635481136,66.79411764705883,28.68474608882497,949.7770340871253,69.18539091729475,60.340064109101085,66.13213688184537,0.8732615312704202,0.4046723060082223,0.8916091951120219,0.41999556545467326
2025-10-29 06:30:00,6.830324638659902,62.57264977974624,66.79411764705883,28.64103367378884,954.7949117781254,69.12612021627838,60.38077680229366,64.07582922072693,5.827374161091501,62.5554926890051,66.79411764705883,28.6918977882471,948.9048079696838,69.15329900707063,60.38141482710189,66.18043544787963,0.8644278292724459,0.3983834656658465,0.8898353068541537,0.4187418859301905
2025-10-29 06:45:00,6.765283307507971,62.41668032618343,66.79411764705883,28.63926972865829,943.14050121145,69.45146411877829,60.71398176110494,64.30820787734588,5.74475347133741,62.53293714372794,66.79411764705883,28.700258159645454,948.1422920527282,69.17298502665746,60.43932855893047,66.22586500415318,0.8654694877016678,0.4019600608568887,0.8884103022741957,0.41754590475423364
2025-10-29 07:00:00,6.721941166087314,62.31194365729106,66.79411764705883,28.69554190617676,946.0604001297124,69.51206720700004,60.47611507123865,64.35103777315103,5.680042411764137,62.51277802057644,66.79411764705883,28.705175751945237,947.378967866343,69.16675041866516,60.50706715495712,66.26797037222968,0.8719305292518149,0.4072201284365426,0.8871239330341268,0.41636000077657054
2025-10-29 07:15:00,6.040447147820343,62.43292624633529,66.79411764705883,28.65682551027864,943.8273665067616,69.15649951234677,60.75069700436096,64.69735078429181,5.631281083398265,62.48619723546814,66.79411764705883,28.7141171822962,946.9243704442856,69.17411153708888,60.56413907897288,66.30027380982048,0.8742044932617725,0.4146593024179319,0.8865786091250125,0.41553690713692165
2025-10-29 07:30:00,5.445435956091625,62.48175864399013,66.79411764705883,28.650157612624756,946.6423096494128,69.42881182325578,61.23358042529549,69.0736107728463,5.589151994156097,62.46357086341258,66.79411764705883,28.723558007717305,946.4116553869667,69.16465761534322,60.61802614620095,66.46938199627262,0.8734914829697316,0.4147560815988683,0.8856497846069753,0.41470509665138
2025-10-29 07:45:00,5.166879119528892,62.29925817015857,66.79411764705883,28.622093628876435,945.4839266111752,68.66937656191145,61.63304658396806,69.31417034245476,5.539534508110467,62.43933616931297,66.79411764705883,28.732636123581113,945.8143749500583,69.15970294596067,60.648962437665844,66.51757425518856,0.8711889958363548,0.4126355533568268,0.8853528103086449,0.41406485447612223
2025-10-29 08:00:00,5.445012022550506,62.39203050578004,66.79411764705883,28.65945685422726,941.942647617688,68.70242109391656,61.74302678671256,69.388560633643,5.489544435884265,62.41541927271098,66.79411764705883,28.740916659535845,945.7284118252238,69.14569357203196,60.68110573442788,66.57024844771178,0.8597004468539144,0.4122370379239153,0.8855000558713656,0.41378149633737743
2025-10-29 08:15:00,5.39813832248817,62.34794309675361,66.79411764705883,28.676589072789344,945.693265074593,69.12074881647261,61.751440931525664,69.45871146538015,5.443203525809419,62.39295404819087,66.79411764705883,28.74696154235784,945.8778888610002,69.15188033064864,60.705850518149944,66.61070992004692,0.8764438666236635,0.4132999112211947,0.8866063388825892,0.41359508589761756
2025-10-29 08:30:00,5.093674833755888,62.41561259805196,66.79411764705883,28.72359101573612,947.96221530237,69.01142912007491,61.332423190879936,69.49853497800447,5.400618927453777,62.372285762525365,66.79411764705883,28.75411959184061,946.1799480312841,69.20107073539734,60.73146606683387,66.63280181983214,0.8784208698007285,0.4147856201994698,0.8883581487631401,0.4137240863150386
2025-10-29 08:45:00,4.740761905293915,62.397578510736274,66.79411764705883,28.73974819025108,945.0003525410086,69.71171102993733,61.47030154623445,69.51635769483732,5.356999956368274,62.35352792080083,66.79411764705883,28.76272514512393,946.1254702463211,69.18625362238679,60.74599467280539,66.6408465801765,0.8739193322456381,0.4095404568302081,0.8899922153695496,0.4139741447471436
2025-10-29 09:00:00,4.139948279938229,62.44372133709052,66.79411764705883,28.767333669542506,942.2730914577088,68.20297548199282,61.71185128906781,69.48422117847862,5.3231269332871936,62.340563152502526,66.79411764705883,28.768276736482388,945.6114900240568,69.24151080687375,60.76614891700368,66.64658996468775,0.8745880712665435,0.4172107409816998,0.8923723425207072,0.41431934003701326
2025-10-29 09:15:00,4.364491746324599,62.47405183246439,66.79411764705883,28.741385540630684,938.6124091614928,69.22964964693121,62.15667116711187,69.27700421514045,5.291590004822018,62.32667381423541,66.79411764705883,28.775804272322734,945.0030229294374,69.24200305536674,60.77031593158636,66.64629096671631,0.8774122036734682,0.4149519816188912,0.8946275066494468,0.41455650983929204
2025-10-29 09:30:00,4.50731986495846,62.53419050413082,66.79411764705883,28.77183645836882,934.7113445818876,70.02239147517982,61.65504531453705,68.87715801716892,5.243399298264008,62.31783096474797,66.79411764705883,28.784442066779587,944.6984845224162,69.2812733262727,60.782412985448964,66.6429087756118,0.8834413445758015,0.4158324311609939,0.8971633342098879,0.41525002843281256
2025-10-29 09:45:00,4.5771218198984815,62.43238995189844,66.79411764705883,28.841816686680698,933.523635147769,69.88126120512355,61.72120987616397,69.03221891465361,5.173796951522211,62.30585961487506,66.79411764705883,28.795507628062907,944.4057803249066,69.29815865413622,60.77550269062972,66.64382570117974,0.8948919661091161,0.4131808629814963,0.8995292837026096,0.4159663413793673
2025-10-29 10:00:00,4.082993402065419,62.29313236091501,66.79411764705883,28.857540303370858,934.3502919639076,68.4094498634829,61.48848795522461,68.78424090671021,5.101113457532745,62.288691474288164,66.79411764705883,28.803332269986186,944.0743912158541,69.33591804235343,60.754496701036686,66.65055879652273,0.8991427859337964,0.4172077229904292,0.9023356938107305,0.4169928546918083
2025-10-29 10:15:00,4.072963716547164,62.23909408595362,66.79411764705883,28.89789482481343,944.496792512923,69.75399001032052,61.321602352683584,68.75096830189237,5.02798076671315,62.265355805043065,66.79411764705883,28.80951619544895,943.6217217872062,69.36680627379381,60.742224623522496,66.66160074934162,0.9108105029200552,0.4128041210263914,0.9049556268877879,0.41816190087665744
2025-10-29 10:30:00,4.258513648406696,62.23298768600666,66.79411764705883,28.87840753124261,938.9056532062368,68.68062981906039,61.26043659907098,68.52229044851867,4.947628497902096,62.24325593836451,66.79411764705883,28.816185608833102,943.1806659515327,69.40380939971494,60.72879544760643,66.6747752152284,0.9047156083806044,0.4131333006191515,0.9082161774626959,0.4195427563187148
2025-10-29 10:45:00,4.589480818031076,62.14905853770723,66.79411764705883,28.958395183328516,943.086006808558,69.24081851516331,61.18272524337922,68.43297821286245,4.867793133397296,62.223947110889945,66.79411764705883,28.822589253844704,943.1478066621854,69.37657381878141,60.705255719024485,66.67787888576166,0.9149343960739624,0.414337888999995,0.9120063374374165,0.4210043988527959
2025-10-29 11:00:00,4.783766968343275,62.22022379534927,66.79411764705883,28.92385216515084,939.8461302097658,69.20654912801163,60.83734536030583,68.63187745437419,4.779902966503972,62.207855156833865,66.79411764705883,28.829374669248804,942.8731501633681,69.39970235643877,60.6885007190396,66.67023259890925,0.9165073924107776,0.4134728321658109,0.9154722380785508,0.4223250571817329
2025-10-29 11:15:00,4.84784129377043,62.17739752468043,66.79411764705883,28.893199075399902,938.7064604923676,69.45384522213422,59.96478088748148,64.80165003127604,4.703196533018913,62.189116595227475,66.79411764705883,28.838193032628485,942.786375096635,69.41489818429882,60.663638822353825,66.65425731564213,0.9209117351647512,0.4146929032430637,0.9192685348331952,0.4233817723805666
2025-10-29 11:30:00,4.891639087388868,62.1342419484575,66.79411764705883,28.91000372421684,949.7835035884226,68.97319431281997,59.81173670068637,64.84166290378965,4.635683132266551,62.16925268493778,66.79411764705883,28.848523958389368,942.6343472508544,69.40982637791461,60.62132201764516,66.50420893333009,0.9259833614037634,0.4206973861824627,0.9230085123882468,0.4244346220201647
2025-10-29 11:45:00,4.79163842852758,62.0936500398658,66.79411764705883,28.866232162533414,955.8960365816704,68.9514283777339,59.97816276316018,64.8126754458779,4.580882151316408,62.153014791469545,66.79411764705883,28.859488320042303,942.6959656159416,69.43510535745021,60.57428429916206,66.46795283597424,0.94071711533077,0.4198800044613353,0.9266723156196833,0.425706656481777
2025-10-29 12:00:00,4.946328322615716,62.10024641198199,66.79411764705883,28.91542938944906,957.7086471685848,70.83369913985406,59.917513380344296,64.34262812088596,4.52847256572992,62.13375865196986,66.79411764705883,28.86946126924969,942.7784977100819,69.49619823457512,60.514806044259906,66.43218185310664,0.947428841178458,0.42569857254476,0.9309170178870027,0.42689601474240874
2025-10-29 12:15:00,5.119201449228269,62.06203931241794,66.79411764705883,28.9450314226599,946.8985903523296,69.08017424101804,59.87964243661455,64.0572726550046,4.483575765615395,62.119696709252025,66.79411764705883,28.879421476684765,942.7472732432702,69.49925473378103,60.450788095170054,66.39330677694782,0.9333411570697482,0.4259044308754124,0.9346678604294723,0.42809611740554704
2025-10-29 12:30:00,5.404517019833305,62.03607945098863,66.79411764705883,28.898388476507947,938.107334173102,69.92872697949281,59.9785234706033,63.845403369162426,4.4548185860650165,62.105777018926005,66.79411764705883,28.887008821120176,942.6431220551991,69.55165317876059,60.40472280872686,66.3562765553049,0.9490433718005076,0.4299347365395207,0.9384237931436366,0.42935064669454687
2025-10-29 12:45:00,5.41802803687441,62.07207554972415,66.79411764705883,28.934877263984216,938.4259623666692,69.32361841508124,59.46392448500326,63.73932847611955,4.421265746414022,62.09762199437383,66.79411764705883,28.89534179095483,942.6906194205424,69.54531553596534,60.34571633850553,66.3172248144606,0.946415869275824,0.4302543787628447,0.9423710459033044,0.43050882351572306
2025-10-29 13:00:00,5.090707521251268,62.25200005334274,66.79411764705883,28.92633663504975,943.3304509991366,70.41249275089511,59.87759756655082,63.79346759338148,4.412565248234532,62.090082332743144,66.79411764705883,28.903468653006858,942.7217399713129,69.58332715575338,60.27538165298975,66.28177823747141,0.9454542316204968,0.4351813508933044,0.9461728273214265,0.4311430063074508
2025-10-29 13:15:00,4.444223855344138,62.08970161881446,66.79411764705883,28.92773566521476,942.5133605983718,69.90106009839965,59.60102026641225,63.87717854486182,4.416911696542343,62.080770112436305,66.79411764705883,28.911962153857434,943.0127111655256,69.5913938035882,60.191289938811686,66.24708806447332,0.9503717323598512,0.4337960137551811,0.9495228591700654,0.43198851758677337
2025-10-29 13:30:00,4.33633192643722,61.97581530159951,66.79411764705883,28.89954346776529,946.1904484773994,69.83919772619434,59.33970423691285,64.00823672794867,4.426305650197619,62.06844093258625,66.79411764705883,28.9189006934098,943.4386235226926,69.6035862260599,60.1165338954914,66.23712205109165,0.951500262685466,0.4374640564355898,0.9529555648141564,0.43281033025500837
2025-10-29 13:45:00,4.524467375825369,61.88019531287623,66.79411764705883,28.82593902415089,940.737607345586,69.78838630495285,59.63336725074616,64.25318941945899,4.449827145665103,62.05892973640451,66.79411764705883,28.92261215400918,943.8054504484919,69.58663532471935,60.030752657315006,66.21113175793694,0.9518595235821438,0.4397436915536968,0.9567675164340574,0.4337223126258499
2025-10-29 14:00:00,4.419756574328287,61.90965377938952,66.79411764705883,28.841116075313447,941.563236707918,70.23621399391217,59.97790152481177,64.47106319733044,4.484925868595753,62.05613981528641,66.79411764705883,28.9244172855979,943.8870409901291,69.62759459792743,59.94653795897724,66.18836680553507,0.9622443465196822,0.4398091289275663,0.9604495045849376,0.4345468796273799
2025-10-29 14:15:00,4.370222372363948,61.83741550194654,66.79411764705883,28.83137907900641,942.1547225310354,68.63439669077245,60.00778990364661,64.40131799334395,4.518809002616473,62.05317002233755,66.79411764705883,28.922743184280463,943.627828306453,69.6354313210079,59.87578911372183,66.16440092750734,0.9791742869432918,0.4458093368793208,0.9639985378923319,0.4354607202373353
2025-10-29 14:30:00,4.08523615928762,61.82918503560881,66.79411764705883,28.89910436829974,937.8207051651904,70.20592333672032,59.97346507169224,64.12164916757888,4.545962210690257,62.05118266620016,66.79411764705883,28.9194467961909,943.6419833716025,69.64594995987288,59.798626620978844,66.15542638498115,0.9759075484858434,0.4468398783046555,0.9678120072081107,0.43648625927805024
2025-10-29 14:45:00,3.739254143268556,61.87076939814343,66.79411764705883,28.92137641166905,941.2241145047656,69.61237434814872,60.00484010378744,64.21809228627777,4.5617358968229125,62.04851620612525,66.79411764705883,28.912458223013832,943.5244438012149,69.67411576392303,59.73001347269495,66.14463487068583,0.9880933959010986,0.4463607583829416,0.971245924485127,0.4375554101629984
2025-10-29 15:00:00,3.4200339335207564,61.885841335299375,66.79411764705883,28.9600853854512,942.081474276,69.27665763172948,59.96407628403581,64.57215930348517,4.587814119517677,62.039176741876794,66.79411764705883,28.906250228750707,943.5464208160386,69.70489150965884,59.65351521921698,66.12903750535727,0.9856908096212814,0.4463415707868104,0.9746158796160584,0.4387908055726111
2025-10-29 15:15:00,3.52284969102465,61.8121213661116,66.79411764705883,28.951024478464507,947.3324775637911,69.42774594797912,60.22191502947498,68.22648742177974,4.6232083549958665,62.031333770289876,66.79411764705883,28.900897664204866,943.4703180897285,69.71566012577992,59.616280820531635,66.24518563032878,0.9811030927794524,0.4507965872051968,0.9773992587510126,0.4402125793872227
2025-10-29 15:30:00,3.872724454955832,61.81434632078948,66.79411764705883,28.958645330448785,944.4186104418944,70.53520740766386,59.95867913964787,68.31543114761459,4.6640214345822075,62.02437178580491,66.79411764705883,28.897686850284163,942.7527612683709,69.75421808251207,59.5525554298365,66.23404144082639,0.9870415148734946,0.4479177857428688,0.9801672496485501,0.44153374964793873
2025-10-29 15:45:00,4.051234319052411,61.9260848152184,66.79411764705883,28.975395295841707,944.7565310702464,69.21244379265029,59.83090245883008,68.29245918061568,4.706237212206271,62.0175363011001,66.79411764705883,28.89566839957799,941.8770359053796,69.76140501218464,59.474365832755915,66.21514419839536,0.9889691428977508,0.449302991115343,0.9819075644707612,0.4430206027863097
2025-10-29 16:00:00,4.230959447244549,61.99802188827139,66.79411764705883,28.95121134879849,944.837679660236,70.58338246946175,59.950464597584215,68.38762832871711,4.732347016834293,62.01049031888855,66.79411764705883,28.89032736685101,941.1652479925051,69.69812068254502,59.396549614921156,66.2158265791439,0.9910988512256574,0.4524214988694625,0.9837850197203611,0.44414641642866054
2025-10-29 16:15:00,3.734176715764067,62.15292777417095,66.79411764705883,28.989737285290587,946.4252735013042,69.52158174607975,59.70010743959449,68.34480546950797,4.754511987002334,62.00473765740553,66.79411764705883,28.881751182337542,940.7876523607221,69.6963658545754,59.32564936723505,66.22681565346333,0.9923369150356756,0.4442857614654973,0.9857678646329193,0.4455213856971904
2025-10-29 16:30:00,3.878933334553547,62.21753148817003,66.79411764705883,29.011139531103407,943.206707980822,69.34332407563386,59.60181072359436,68.420823868803,4.763528411935739,61.99434134654947,66.79411764705883,28.876540921486324,940.6598968334195,69.67710670124474,59.24480533104111,66.24437855240367,0.9886415138102062,0.4362362247335294,0.987149524118037,0.44667817099678225
2025-10-29 16:45:00,4.494885195558914,62.194685223259285,66.79411764705883,28.99619056614797,947.3415449878772,69.47164908197614,59.6339197417698,68.23629902519761,4.767471022449721,61.98613619840887,66.79411764705883,28.87024756868618,940.6000313102544,69.67838315908867,59.1780881545501,66.27694538857295,0.9779131591326342,0.4403173199985705,0.988387673645123,0.4479494463409928
2025-10-29 17:00:00,4.789138474616718,62.16431510862909,66.79411764705883,28.979992644939777,947.488715296898,70.3881641493309,59.41236401492863,68.57817761571893,4.777351458219552,61.97188173705116,66.79411764705883,28.864479351281958,940.4022309523264,69.64634112913949,59.09892353895414,66.30576510252418,0.9864225138985324,0.4404868112080428,0.9896640939374581,0.44920397878373597
2025-10-29 17:15:00,5.282766683923037,62.14705406644617,66.79411764705883,28.95316050466209,944.528442921749,69.37273416490727,59.147772730872106,68.25251012001256,4.802053058972475,61.958542907596645,66.79411764705883,28.857894186210277,940.1331541695422,69.61724651959327,59.02745672653852,66.33697629016264,1.0092505147061483,0.4405403341067435,0.9908352200600589,0.45029602709904465
2025-10-29 17:30:00,5.135955089984923,62.20943472737182,66.79411764705883,28.911694251032586,936.798008213021,69.63822805972504,58.9620470050917,68.10129233465406,4.829054464930605,61.94703562691529,66.79411764705883,28.852778680336183,939.7374625945228,69.60002090654673,58.9655276382958,66.36579405998012,1.009602430460196,0.4419447330363285,0.9916644392891331,0.45155791763083913
2025-10-29 17:45:00,5.089457737168778,62.15000029748785,66.79411764705883,28.847671785290203,936.720412002639,69.98909170273434,59.199136995021206,68.03199196106056,4.853833897380524,61.944190917663136,66.79411764705883,28.848210629962786,939.7004985749196,69.60410751862027,58.882664656927545,66.37793194614478,1.017281502141887,0.4402193393250514,0.9920600888693054,0.45276111828141713
2025-10-29 18:00:00,5.073109890620164,62.17336700188533,66.79411764705883,28.779515888555743,939.3303051607218,68.9961889850097,58.945561816781165,68.25305417273282,4.897807831391577,61.94148769858498,66.79411764705883,28.842479403424708,939.4653428572673,69.58047916318621,58.79912146068211,66.37989956306755,1.0191196878539688,0.4438994718406003,0.9918892078594214,0.45397675358182854
2025-10-29 18:15:00,5.062691402010777,62.06906473546003,66.79411764705883,28.74873798801634,939.5598196969364,70.08579263666783,59.124330794862736,68.10923278400267,4.9530408299407735,61.9442799144597,66.79411764705883,28.83886536263042,939.1712825197039,69.62748066387864,58.71676840984009,66.37654666020394,1.0179519143844535,0.4464124155484408,0.9914481039336049,0.454703231512844
2025-10-29 18:30:00,5.566113649186224,61.940039867895344,66.79411764705883,28.73761233725728,940.5054406544698,70.12982150008591,58.542397755966576,68.16395649451749,5.025742762658414,61.94613429448693,66.79411764705883,28.83327837606238,939.2294063271569,69.6285767114849,58.64077150281762,66.38016134850963,1.01760604633872,0.4505346944541903,0.9911106118139134,0.45528229655031116
2025-10-29 18:45:00,5.909668358116084,61.942108377073,66.79411764705883,28.73262213902459,936.423378703066,69.77690370576643,58.84774892692132,68.28609378042124,5.101489682231804,61.94257032059989,66.79411764705883,28.82680010026009,939.3947931876668,69.61484943461383,58.57057651106342,66.3935697418632,1.0044131092133757,0.4573461176814135,0.9900230547348934,0.4558035116981297
2025-10-29 19:00:00,6.116031474979101,61.9253824139084,66.79411764705883,28.813679306595738,928.2567989476952,70.12993301478438,57.89997497983242,64.50733721871799,5.195896601661222,61.94018256524193,66.79411764705883,28.818519757686786,939.3609908622062,69.58900341074164,58.49860265532784,66.40567034296693,1.0090230883298856,0.4603324940039427,0.988493733711796,0.45650605634423386
2025-10-29 19:15:00,6.058111757249496,61.88858549872164,66.79411764705883,28.805678641348276,929.624275691932,69.16703626791109,57.63247485074241,64.24575817294726,5.293646138832477,61.94141634307559,66.79411764705883,28.81025012402803,939.1077131229268,69.59458259211597,58.40977210625912,66.29472893385802,0.9929265599971044,0.4644855986124653,0.9872426689013818,0.45715828313183393
2025-10-29 19:30:00,5.729622461456387,61.88886694563544,66.79411764705883,28.75519840763975,936.3550097823492,68.93516925066578,57.58302684530175,64.36309954334172,5.389394422654648,61.943597455088366,66.79411764705883,28.80080165192978,939.1460919132535,69.55661612547735,58.350845927568734,66.29887480266244,1.0037524986664526,0.4594729818152857,0.9863830394956012,0.45806734248711467
2025-10-29 19:45:00,5.784150554269478,61.88945946792731,66.79411764705883,28.687745887255787,935.570721398835,69.02752940192957,57.752635006031085,64.38694488458773,5.4879305713341004,61.94463788869207,66.79411764705883,28.790755977885176,939.1581854685263,69.56670010801079,58.29772684528565,66.30859272649239,0.9928265044464982,0.4671535089313064,0.9850208352423845,0.45897553285355897
2025-10-29 20:00:00,5.675009767835459,61.724190125306656,66.79411764705883,28.742080650971342,934.274668354026,69.35095237957248,57.55320238478499,64.37229033737295,5.580961813039358,61.94240700869588,66.79411764705883,28.7798543653711,938.9844507176463,69.54542496731094,58.243723138109445,66.3083274205694,0.9904931563540406,0.4646382955272767,0.9839554106995723,0.45969476378546414
2025-10-29 20:15:00,5.536306352293865,61.82592110550642,66.79411764705883,28.74607667998003,936.6299966717175,69.36191215039909,57.46240919027341,64.7163335611979,5.692144860272928,61.93245975368522,66.79411764705883,28.76780925317353,938.9717910221851,69.52186952023887,58.182520413661926,66.30401351042681,0.9835603550884024,0.4683926390891615,0.983233267525287,0.460728288916819
2025-10-29 20:30:00,5.387120594346227,61.824366212611466,66.79411764705883,28.75329011292293,937.3964402612962,69.45123185242025,57.5026590986716,64.65805901191811,5.78698122493304,61.92113394704885,66.79411764705883,28.75507750270903,938.818841282145,69.53981548848151,58.11793987253251,66.30119145573904,0.9837468403905468,0.4728173241756002,0.9824841391138723,0.46199032711498317
2025-10-29 20:45:00,5.185271877931809,61.68953673517865,66.79411764705883,28.73018071306447,934.4410571148478,69.02822181201289,57.45701589394361,64.81351417401558,5.869610705369691,61.911520756763814,66.79411764705883,28.740835937145448,938.4672383547664,69.54407525895958,58.05777618508371,66.30508583054298,0.9855055160378736,0.4665574632144404,0.9822744360941702,0.4629882838777563
2025-10-29 21:00:00,5.1463741051811,61.630596881159,66.79411764705883,28.746078291542343,934.3197012268182,69.32242933479831,57.4818315896312,64.87276982247303,5.945478156908077,61.905352501517626,66.79411764705883,28.729318718006656,938.0394669926567,69.49831738731298,58.0027505516657,66.29844763315741,0.9763768395576936,0.4753207723894241,0.9820981421938182,0.4638879559221144
2025-10-29 21:15:00,5.267850349322949,61.79485403531147,66.79411764705883,28.68889751294898,939.628686757492,69.9109846671588,57.14747780969877,64.61732600439919,6.006736042457612,61.89766569798285,66.79411764705883,28.717712968804516,937.8960945871645,69.47439202460242,57.96198314984773,66.30283102353742,0.963729010987314,0.4758397110710363,0.9806191324905542,0.4645779397235881
2025-10-29 21:30:00,5.738974594659877,61.82855720704511,66.79411764705883,28.66917927917113,934.5085651783442,69.52736333089021,57.47160563744848,64.53009170501362,6.078976939109368,61.891185084280366,66.79411764705883,28.70662510431853,938.1819909575938,69.48913953556576,57.94255644575897,66.31825768193868,0.9571179162231628,0.476278187939909,0.9791810770732816,0.4653970946433012
2025-10-29 21:45:00,6.027212328839872,61.92118197818805,66.79411764705883,28.722957855177736,933.3329124041336,70.04444171154542,57.53719837838621,64.30073090743517,6.147715541644396,61.8892828064552,66.79411764705883,28.694595868892012,938.3643750363779,69.49435681166385,57.91037556804567,66.3452472162231,0.9659411691687984,0.4676036748097848,0.9772089841216067,0.4662865640393905
2025-10-29 22:00:00,6.266294140816814,61.88481643642564,66.79411764705883,28.731494771258618,939.5644193887804,70.23880476490869,57.69355786101825,64.23008981674967,6.200391198792091,61.87973260606157,66.79411764705883,28.684691395317785,938.380655189538,69.48153667620672,57.89032839075105,66.36135646463974,0.9657827848950934,0.4642118294286698,0.9746153043539623,0.4669697583923751
2025-10-29 22:15:00,6.011661730470286,61.76385018153236,66.79411764705883,28.72702813760026,946.1857203200648,69.20055604201622,57.89899035116147,64.62034408688477,6.244620769267077,61.87277891619382,66.79411764705883,28.674732851288233,938.4981605308076,69.48584870258732,57.86141779208606,66.38623904762802,0.9554666835305036,0.4619972128175002,0.9715826244439959,0.4675858329613177
2025-10-29 22:30:00,6.252241516403263,61.8142086745605,66.79411764705883,28.71167510825218,941.0674045121832,68.50127691556382,57.80486061196833,64.93517733659704,6.280474513062646,61.87062683644695,66.79411764705883,28.664548550221188,938.5972184442595,69.46265134662676,57.85731092255292,66.40566657419716,0.9398111789283614,0.4674179101699329,0.9682039781751105,0.4680071225223291
2025-10-29 22:45:00,6.455335806162317,61.84913470112112,66.79411764705883,28.70293546870178,939.7341453854084,69.59512138920894,57.55699855741338,64.89824514851267,6.303889765878471,61.86710257275391,66.79411764705883,28.656108957942262,938.7916136230446,69.43434857988743,57.83902627459055,66.42339685996225,0.9435711484670224,0.4703633908331992,0.9652346590462091,0.4679700517049559
2025-10-29 23:00:00,6.7451729696209775,61.87977968117299,66.79411764705883,28.675191167501392,945.569974151694,69.3962134085049,58.19089377893632,68.4398072117471,6.311612024941583,61.8630006108855,66.79411764705883,28.644331496792983,939.1524260467081,69.39020554850563,57.84521241269078,66.56801581185441,0.9612526327000772,0.4751895664012912,0.9622363167360255,0.46774351284529964
2025-10-29 23:15:00,7.00731877943594,61.95729782332956,66.79411764705883,28.674025074503568,945.1193377284292,69.514963268654,58.23732999033766,68.58399689551423,6.312690074986837,61.86550234816446,66.79411764705883,28.632573359871703,939.2670188990138,69.38512258847796,57.86098765234104,66.58613273938818,0.94810301530125,0.476548702108672,0.9596382001448359,0.46740678372539
2025-10-29 23:30:00,7.021896698402299,61.93109548838568,66.79411764705883,28.6241629733762,939.6256371338382,69.94512824846578,58.33035338229789,68.37966915102729,6.32031391756743,61.86572791491219,66.79411764705883,28.621402447211675,939.159298797141,69.39223036148721,57.869717678463026,66.60213714097326,0.9591361149412908,0.4739984268266191,0.9564994945440638,0.4672632615885778
2025-10-29 23:45:00,7.069668132771159,61.854510123851504,66.79411764705883,28.62838391936349,946.045482637472,68.81491833391803,57.86402570616902,68.21538816523037,6.326263154254938,61.86489779939408,66.79411764705883,28.610759795726533,939.1315240859907,69.37715972009596,57.86547427695137,66.62157452755615,0.970672619807115,0.4752915154061407,0.9535994894017182,0.46686306471436667
2025-10-30 00:00:00,6.724024274356916,61.87775728907879,66.79411764705883,28.629187017168377,938.618215779614,69.88170312291298,57.66439448971193,68.33616222817041,6.347870201652913,61.86890285554981,66.79411764705883,28.597434367891353,939.3091122774508,69.35914090801444,57.85719890664144,66.64030558853518,0.9661676614677656,0.4740973706784551,0.9507894480934959,0.46644047184571136
2025-10-30 00:15:00,6.973769608658429,61.90628951470794,66.79411764705883,28.568943599240495,936.7934571665232,69.59944219631839,57.8290091183058,68.35313026931537,6.37695796975331,61.871333034613514,66.79411764705883,28.583824025011875,939.1660071802895,69.3364863737348,57.852779147061845,66.64032464788706,0.9716220685415676,0.4702560228817654,0.9481601498286718,0.4656375470351565
2025-10-30 00:30:00,7.06516202076831,61.97926745124355,66.79411764705883,28.634476070776007,934.6555744336032,69.01542799993288,57.761595012388085,68.37903169415159,6.409209366720859,61.87593118651849,66.79411764705883,28.570766335801427,939.2068590493858,69.27155952593036,57.82991889714673,66.63531307899058,0.9811336968879788,0.4674769725387859,0.9455163443463294,0.46469944447573375
2025-10-30 00:45:00,7.120503250409054,61.9164499604031,66.79411764705883,28.60498802859783,940.2272707569844,68.65497328359056,57.92475067633324,68.38401183141305,6.442185880080162,61.8883376728865,66.79411764705883,28.55871853684061,939.3069226795882,69.26443327852031,57.808406211735885,66.62079726129922,0.964880223608226,0.4612398481509523,0.9423185984592487,0.4640151124802679
2025-10-30 01:00:00,7.303181989537639,62.01501631629714,66.79411764705883,28.57905831645303,945.3748993259028,70.08065338862478,58.37924588242856,68.5640920866916,6.468818211157986,61.90196708960507,66.79411764705883,28.545009830996868,939.407126439762,69.23258295682551,57.801308165705976,66.60226446409517,0.9664607679420208,0.4665193806277231,0.9392192194929664,0.4629496158447066
2025-10-30 01:15:00,7.151615813219587,62.0929319627328,66.79411764705883,28.486794722494714,942.1919343661574,70.14560998567738,58.23371066362257,68.84167798959362,6.49225576823254,61.906609423311124,66.79411764705883,28.531890197873267,939.3100444207466,69.21013185670243,57.81926479973942,66.59448001476586,0.9581187135916412,0.4669034212077304,0.936918017246023,0.46157901368070703
2025-10-30 01:30:00,6.653379605051048,61.88686099007658,66.79411764705883,28.48238168132885,939.818709755524,68.61158492129529,58.344146497942525,68.73633162523168,6.512658330694779,61.913129479726294,66.79411764705883,28.519585549259652,939.6595845338029,69.20250154574127,57.823377220707165,66.58106425914323,0.9413092948246286,0.4643953024301374,0.9347980772185377,0.4602278155926817
2025-10-30 01:45:00,6.3895785162603564,61.86045403942743,66.79411764705883,28.44998166712981,943.0849799350236,70.21515342808618,58.25701283491273,68.85571027365137,6.527700377490958,61.91654224098109,66.79411764705883,28.505067320540594,940.0889570687235,69.16159761718546,57.828888988082184,66.57668527855226,0.9269715170854632,0.4648946526167204,0.9321838591305135,0.4590596102513249
2025-10-30 02:00:00,6.641725963053255,61.87547747548936,66.79411764705883,28.432083305245875,943.4771780580268,69.43390082126926,58.4191916699726,68.7467822915913,6.543973055437432,61.9176482610248,66.79411764705883,28.491919907010114,940.1623568248539,69.15685834544996,57.82033143905893,66.57265646968456,0.9162466582721636,0.4631733812845322,0.9290542297795713,0.4580056137571982
2025-10-30 02:15:00,6.612125942590864,61.836380466281554,66.79411764705883,28.47943437065689,942.2552340666206,68.92782070358636,58.29920948805031,68.81800235337407,6.562789849974682,61.9270719740992,66.79411764705883,28.478612472486297,940.0233487241566,69.16820602733006,57.81017804136713,66.5582062174738,0.9153335353463344,0.4562339931602168,0.9258593353889848,0.45704454322754545
2025-10-30 02:30:00,6.347699246872448,61.80232355785634,66.79411764705883,28.46035547211732,939.0811716576022,68.80564207333065,58.08555912283909,68.84590577548256,6.583264171573907,61.93314872931047,66.79411764705883,28.46763247050417,940.1570986746231,69.17389764888864,57.78909306621018,66.53206885672599,0.9190728190243752,0.4535363282142526,0.9234994371879357,0.45584827330828276
2025-10-30 02:45:00,6.090453258607137,61.96363761709025,66.79411764705883,28.452934533709957,933.0620612611012,69.01454746708065,58.10573204025028,64.78926599896059,6.596925293868363,61.93326732807339,66.79411764705883,28.45676537673906,940.4347430258143,69.15539549231258,57.783908772710156,66.49541863574922,0.9149830622614163,0.4543837250151799,0.9214016275678069,0.4543142801297141
2025-10-30 03:00:00,5.958337738874148,61.89563394806736,66.79411764705883,28.42007102783888,933.1234067261644,69.14840244094358,57.84492762896112,64.84323159089386,6.6070597959581425,61.92967194287958,66.79411764705883,28.448451405079656,940.3349474811863,69.14627987139436,57.762939094522274,66.34409930402747,0.90959133064329,0.4551673177109186,0.9187748034739267,0.4527257076015309
2025-10-30 03:15:00,5.962627654894739,61.86455600238416,66.79411764705883,28.368466342701424,934.7374800643264,68.57541016019218,57.62533296068162,64.97006648207471,6.611788642027123,61.91973982285597,66.79411764705883,28.440371616674906,940.3155965027264,69.12911261631182,57.7658947385578,66.32466040339479,0.9058263501761304,0.4551476027049737,0.9161784673579657,0.45125946238531867
2025-10-30 03:30:00,6.323221189774704,61.84434180997864,66.79411764705883,28.34231781591605,939.6023140978282,68.81038801712667,57.30494127548734,64.93422216674395,6.612667419731394,61.91064434408982,66.79411764705883,28.434989879633132,940.3947380961039,69.12289508589346,57.75486517992907,66.3078179069993,0.9061919171073692,0.4519605094676157,0.9131647827619108,0.4497434493983012
2025-10-30 03:45:00,6.408939395305786,61.89882647741727,66.79411764705883,28.337766393595533,932.3368437568852,68.68227612200987,57.329816402885314,64.7169053417541,6.5987550070419285,61.907223373246474,66.79411764705883,28.429894193866048,940.136155369128,69.15077210915541,57.764124953513985,66.29062112152317,0.90468140714368,0.4443048947725146,0.9100073022447854,0.448167633818097
2025-10-30 04:00:00,6.35466250337267,61.962310769760734,66.79411764705883,28.36155943660963,938.621996334181,67.50342641828705,56.81685160121835,64.50771194502394,6.587067789183634,61.904345761586136,66.79411764705883,28.425483628631287,940.0803432896315,69.15421673083833,57.79316396150891,66.2789799508288,0.904432675920275,0.444674247392918,0.9071314972248778,0.44673631031918987
2025-10-30 04:15:00,6.174567278710917,62.06173132621922,66.79411764705883,28.36874674423989,937.4429660209164,68.81443438971152,56.81163533161804,64.3780396432747,6.562657037006946,61.902032764929345,66.79411764705883,28.423123916587823,940.036289476214,69.15965653729995,57.81555775567909,66.2671308421264,0.8895731394254509,0.4460275033504655,0.9040910060103335,0.44534662734504465
2025-10-30 04:30:00,5.945344037515833,62.039479382716,66.79411764705883,28.33481711623016,937.3258140320344,68.36691968395411,57.26889020873398,64.3167859063514,6.533063797132716,61.89749935398859,66.79411764705883,28.41948764583371,940.1053336509291,69.15843225788474,57.844097226170234,66.25952427921011,0.8833954705692268,0.4433558733225846,0.9008870029406959,0.4441079507298388
2025-10-30 04:45:00,5.970977061559558,61.93412404649309,66.79411764705883,28.29530851924089,936.7162261870316,69.23745166346663,57.68617683070209,64.38379252451998,6.482326449442021,61.89597684884737,66.79411764705883,28.417633467605576,939.9993374788205,69.16696789056249,57.87170362879689,66.25781833947661,0.8946929435790119,0.4347216461510504,0.898325074260983,0.44301263829740434
2025-10-30 05:00:00,6.351051468527079,62.02415889950015,66.79411764705883,28.30003982076269,944.994768570032,69.29845400205517,57.59497826648083,64.12761903633464,6.416480982413609,61.89232398486067,66.79411764705883,28.415809146000324,939.8516164630147,69.11889978026935,57.884440725995326,66.25317450275276,0.8935197153986011,0.4357422452991481,0.895796854297918,0.4418598397430859
2025-10-30 05:15:00,6.4784737327252,62.023564815831605,66.79411764705883,28.28741099360598,946.2140884517536,68.8173238548713,57.7025513996368,64.16936148970636,6.338570372943338,61.884998359244456,66.79411764705883,28.41724960038097,940.1584894692129,69.08611480441446,57.88944939412893,66.23377496262529,0.8875146265280766,0.4325575145690823,0.8933976740522204,0.4404832843016828
2025-10-30 05:30:00,6.754474479211029,61.91799703773716,66.79411764705883,28.33707236534423,941.766412072686,70.09662661284344,57.43683139032071,64.10922555071842,6.268296172135972,61.890241259820144,66.79411764705883,28.419382383239835,940.4630354251573,69.10509841424637,57.89435118561632,66.21568325952443,0.8718939043668226,0.43259193460487,0.8917714233823175,0.43918505119691315
2025-10-30 05:45:00,6.576165566587804,62.04656157376416,66.79411764705883,28.327805101885676,942.01547729915,69.54098649841893,57.59438842040733,64.18683652056191,6.215680369280822,61.89473980950867,66.79411764705883,28.424182301480275,940.6213128528835,69.06459044503939,57.89799613996318,66.19036821260833,0.8596198518129078,0.4331650969279146,0.8904927895101765,0.4381386426273682
2025-10-30 06:00:00,6.866471164380021,61.99651133089887,66.79411764705883,28.382275048788586,945.0799030261782,68.6720255623217,57.17231135725969,64.15105651416255,6.1632695438784015,61.89767671084048,66.79411764705883,28.428066649572816,940.8407929980814,69.01205898388635,57.89782273569504,66.15833867213594,0.8690142328968912,0.4315298125920527,0.8896383331678813,0.43715640521990357
2025-10-30 06:15:00,6.865169474995966,61.85269266400892,66.79411764705883,28.376922655748377,948.0634759211443,69.04005669192671,57.40146975241285,63.79873851920996,6.1086674183721446,61.901350744288465,66.79411764705883,28.429428074899864,940.975180939558,69.01160373404308,57.886794171535634,66.12596357964338,0.8806368598631563,0.4243435954761386,0.8889067364016247,0.43633770849920345
2025-10-30 06:30:00,7.049208032314386,61.77191812535844,66.79411764705883,28.42577201771919,942.5761078128552,69.1227447809584,57.56180343329993,63.9002272600946,6.0479594890204345,61.907630205917464,66.79411764705883,28.430923341376776,941.236566077781,68.99589583284784,57.887482067662326,66.09516055308156,0.8824479098836735,0.4275323905557961,0.8879586170874318,0.43541215729543725
2025-10-30 06:45:00,7.1491841615053575,61.6593342226215,66.79411764705883,28.43163142236107,944.5388083746288,68.99994561617765,58.32599931140311,68.00082987653377,5.995455468541736,61.90725649036567,66.79411764705883,28.434294696084528,941.6615497850352,69.0030017610264,57.88518026725444,66.21745529347955,0.87021293182242,0.432561345622306,0.8872848581760453,0.43447811346162996
2025-10-30 07:00:00,7.048260029530401,61.65823112540079,66.79411764705883,28.46271086212308,941.9998849351653,69.75860233591531,57.99946662343609,67.87439425916277,5.9452249473746095,61.91252553740938,66.79411764705883,28.441074262571956,942.2745825585196,68.99533291776018,57.87816914902882,66.20894337671548,0.8687255770596448,0.4285180372160927,0.886699725822399,0.43338640673413675
2025-10-30 07:15:00,6.652295752087224,61.75188099855126,66.79411764705883,28.475513346350912,938.2880008281948,69.65122903177664,58.141818913716776,67.69948460094649,5.899787396123484,61.91960891037122,66.79411764705883,28.44960300699783,942.6264580528787,69.00321326623285,57.876732312738234,66.19347596808663,0.8759482042933516,0.428017048000016,0.8863267307982764,0.4322154127565651
2025-10-30 07:30:00,6.373407738608078,61.7914289392687,66.79411764705883,28.496870060125516,936.943853394717,69.9850417734007,58.53556472955966,67.98692710733906,5.858609599076458,61.929585452026934,66.79411764705883,28.458914127302876,942.879457107639,69.0512485699825,57.88174394033232,66.18194035333322,0.879893510870541,0.4311576657112418,0.8860612349042286,0.4312164863666046
2025-10-30 07:45:00,6.241447043357791,61.836899615004285,66.79411764705883,28.49815223793664,935.4718427640026,69.76263639016726,58.5008229434111,67.99765700824352,5.818219658541595,61.93621505903316,66.79411764705883,28.46923571833848,943.2447734247726,69.06372022278717,57.8980329267551,66.1832723308181,0.8804073321052407,0.4285655336574084,0.8859273529088323,0.4304389705603937
2025-10-30 08:00:00,6.177364824541389,61.84326512302098,66.79411764705883,28.525387948152524,936.7268996750554,68.97869961747664,58.61777912712229,68.15083480666286,5.779045371103613,61.93844841792749,66.79411764705883,28.47823740048942,943.6847331568573,69.15202556544371,57.93468522567439,66.19100916010208,0.8850136047988452,0.4303166740826111,0.8857326786527436,0.42963365903894324
2025-10-30 08:15:00,5.598382819688202,61.8707748061662,66.79411764705883,28.54936268175394,937.0473855937252,68.9110422639225,58.75294275513284,68.3328336394082,5.746696747997024,61.94098689872059,66.79411764705883,28.48549063766204,944.1315800944379,69.16231624231962,57.97006297124144,66.20559917232086,0.8880223632168378,0.428380475177917,0.8869159957971245,0.4288697322472295
2025-10-30 08:30:00,5.3278179786853,61.90543039669614,66.79411764705883,28.52432866829552,940.9432688517292,68.6386100798305,58.76135879838176,68.42477698497565,5.712910068098527,61.949091206816526,66.79411764705883,28.494339712049445,944.4744485979285,69.1724732307527,57.987397726325945,66.21533603294277,0.8906141690500723,0.4319354239981715,0.8883550525654775,0.42815772970332133
2025-10-30 08:45:00,4.814297529111448,61.87316319424647,66.79411764705883,28.530008353914045,951.398124552103,69.16206071003147,58.38397070763077,68.25969178576987,5.67779349965079,61.960766495959014,66.79411764705883,28.50367135462268,944.9345914435131,69.18557210352876,57.98372165952602,66.2200811258082,0.886143306220712,0.4256067579656373,0.8897389848379642,0.427625904813404
2025-10-30 09:00:00,4.54515358083003,62.0441480073472,66.79411764705883,28.546365167094784,948.9550884338574,69.18109321625187,58.49120024256424,68.19358053220562,5.640800683743635,61.96644277352895,66.79411764705883,28.512404014013143,944.8436411553797,69.17277311344637,57.977564536508254,66.22850884658745,0.8925217747275431,0.4254483092870462,0.8917163402161931,0.4268894336198676
2025-10-30 09:15:00,4.811104430605908,61.99541053008317,66.79411764705883,28.59397921434302,947.8333027668124,68.99991435187673,58.36636146531868,68.09625886616877,5.607671893896024,61.969347315382805,66.79411764705883,28.523042442419428,944.8571842593295,69.20373666184729,57.97374670723561,66.23480731304139,0.8886125009212363,0.4335023955303718,0.8941152698872454,0.4263508338385204
2025-10-30 09:30:00,5.069401200980637,61.96358451544363,66.79411764705883,28.548613748022053,950.0615824139596,67.857956986678,58.41398954192824,67.78589607741942,5.566517917682085,61.975326473251705,66.79411764705883,28.533538619075475,945.1716409003212,69.1955115632591,57.9780700255747,66.24700658867955,0.8906129680033064,0.433706259060595,0.896927547587518,0.42600245225224154
2025-10-30 09:45:00,4.974062177403155,61.94660146972133,66.79411764705883,28.52027713046832,946.286872310915,68.91416320828824,57.96835256326798,67.84674957859725,5.5127278050927,61.97849074488993,66.79411764705883,28.54596813263543,945.3408031586337,69.18827817562314,57.97710084133201,66.25555013101813,0.8933856323586309,0.4316730915392126,0.9000443131450783,0.4256333721982638
2025-10-30 10:00:00,4.526461366321153,61.99070740672616,66.79411764705883,28.50521346642471,946.9227258042956,68.33440503747394,58.1061960066401,67.92181497862762,5.442065016500899,61.980564162468035,66.79411764705883,28.55651495963752,945.4937605783099,69.21193483524829,57.988201654181395,66.26962264704089,0.8906292395985935,0.4257697921012654,0.9025724126293688,0.4255654295988492
2025-10-30 10:15:00,4.515332644246153,61.952426150536695,66.79411764705883,28.554075174942504,945.8115724787287,69.22772531243734,58.036678028013725,68.45810821090014,5.375885917736838,61.990095439395034,66.79411764705883,28.566538841338453,945.8024220207783,69.19406968156437,57.985860431077036,66.29297935090752,0.8947702949198201,0.4263624100009626,0.9051176077709026,0.42565636866824624
2025-10-30 10:30:00,4.451422103860341,62.053705359378704,66.79411764705883,28.62345802246169,951.5143899306976,68.91833714295716,57.63459408219235,64.58787408797251,5.293322331838744,62.00223075617014,66.79411764705883,28.57674767492315,946.4153261187315,69.19262542849053,57.96131094182172,66.32124797248373,0.8920373600339002,0.4224161158861227,0.9079198078381295,0.42562295891571617
2025-10-30 10:45:00,4.599501117361024,62.0770571912389,66.79411764705883,28.624328675477628,945.2937448950986,68.81182061437158,57.58222787196416,64.50604422320895,5.196002706405873,62.01981663363162,66.79411764705883,28.586947344136952,946.5101787791934,69.18613142694538,57.90883468502012,66.21560261600443,0.8946364994524558,0.4200177833778241,0.9109205108447362,0.4254114887551164
2025-10-30 11:00:00,5.087887278363914,62.14363805965039,66.79411764705883,28.62165142506738,947.1922857406364,70.25144712961674,57.45529010330977,64.58815372414136,5.092883198381753,62.03980276849282,66.79411764705883,28.59551475494893,946.7825596415938,69.15745743668604,57.87794634409924,66.24798887309133,0.8982270402859327,0.4219927177687999,0.9141618246849893,0.4254203989633024
2025-10-30 11:15:00,5.197241179259861,62.097714687603926,66.79411764705883,28.64741412466378,943.2963332708904,69.05642570614955,57.81848599556864,64.75686466630061,4.990708766353264,62.051053699019384,66.79411764705883,28.602676476540367,947.03843661605,69.12175413335403,57.83756804418565,66.29347765135698,0.9006649472817904,0.4209794205861887,0.916846401298875,0.4255538384601075
2025-10-30 11:30:00,5.1794338802332245,62.02931153659078,66.79411764705883,28.6316099011378,951.8207882967272,70.1525866979838,57.91642056879738,64.73981682354368,4.8879961815339525,62.0592757384792,66.79411764705883,28.608542256602384,947.6714737524107,69.08930729221328,57.77761905731541,66.33502631784569,0.8985924482376155,0.4205149017494026,0.9197775499353528,0.4256132808421241
2025-10-30 11:45:00,5.204108585513285,62.13788575001197,66.79411764705883,28.58634385941844,950.8483741483352,69.1231546959886,57.87296769862948,64.81574000983791,4.791641232545692,62.063608370593286,66.79411764705883,28.614297647047767,948.3369920261852,69.06129216369072,57.715801898756254,66.37860041865018,0.92507265375688,0.4231096995990558,0.9228307812420027,0.4258759504851525
2025-10-30 12:00:00,4.931743640560886,62.28260862559419,66.79411764705883,28.60028934785233,947.6118691367478,68.67162933694638,57.788932861268975,64.60889172500858,4.708578395598654,62.06894070986626,66.79411764705883,28.61904247820816,949.0538663168423,69.05216255993174,57.640727752271225,66.40070041721341,0.9265671736198136,0.4219957970053387,0.9257330752895754,0.42610363363373277
2025-10-30 12:15:00,4.917480008127463,62.28438272076774,66.79411764705883,28.57525779643805,950.5205115545735,69.63041784674834,57.57589482670433,64.52614531048302,4.654084781809421,62.07691844500336,66.79411764705883,28.622488994234445,949.5330235269887,69.01907013348229,57.55379690937114,66.41134400381692,0.9362109117536148,0.4187668994535314,0.9290275059772395,0.42650359572588853
2025-10-30 12:30:00,5.241266991312388,62.194447226598186,66.79411764705883,28.56201960247648,942.2662599260276,68.9144842995839,57.410264575948126,64.38045065971197,4.612856693189316,62.08386499744663,66.79411764705883,28.627758270980696,949.7619014970664,69.04053895564653,57.467746196364835,66.41477088150431,0.9528403767454652,0.4136481094930548,0.9318109446574029,0.4267621981889318
2025-10-30 12:45:00,5.484610037296881,62.110701071447366,66.79411764705883,28.60656384579456,946.6203815702478,69.74623030689858,57.58801652145732,64.3583154833249,4.594190593117783,62.09212949515384,66.79411764705883,28.632188971851004,949.8355233292533,69.0073571263475,57.39224135988925,66.43776351251292,0.9594825166596443,0.4163995211286657,0.934669376232592,0.42731238494739554
2025-10-30 13:00:00,5.519855192792871,62.09737177380425,66.79411764705883,28.6519576650256,951.2001113024352,69.84987365519808,57.56653094049347,64.47520381986304,4.586606048104651,62.0892014791891,66.79411764705883,28.637877821191044,949.872259248254,68.98156837955553,57.325269791875435,66.47723367296129,0.9562622353750044,0.4221404870165038,0.9380497243487369,0.42811444801278503
2025-10-30 13:15:00,4.962462188906263,62.14148972291102,66.79411764705883,28.70069050868442,947.0903450485268,69.32398486933995,57.56531289312645,64.4431427907192,4.589992932162413,62.08827594775927,66.79411764705883,28.641664237332396,949.7417957201593,68.97363000164457,57.26237472113955,66.50717757034006,0.9531228185397156,0.4220926953085845,0.9415868266213858,0.42835979564059884
2025-10-30 13:30:00,4.746587506625958,62.0587138582418,66.79411764705883,28.698679858851293,949.6686256164608,69.38172535107628,57.50533574274142,64.5732319948454,4.587813958585626,62.08886013898839,66.79411764705883,28.645113966803123,949.4507083086414,69.00114646237925,57.19468793762228,66.5525610765736,0.94485721742561,0.4294915346096109,0.9449890843879997,0.4287257906328817
2025-10-30 13:45:00,4.879796512074188,62.13863097181862,66.79411764705883,28.677639106776383,957.3233191951992,68.50410208140899,57.331233059281786,64.49943963520853,4.592107342463017,62.0910648446217,66.79411764705883,28.650583112609194,949.0529971693451,69.02014151450864,57.138754842433556,66.59525107961223,0.9569927141091644,0.4270717675580529,0.9482839793720464,0.4292761889258317
2025-10-30 14:00:00,4.572300455371545,62.135977628612096,66.79411764705883,28.732037025260148,960.9632307514532,69.07941718874288,56.82531875564066,64.74828590738144,4.620704950778714,62.089037657682475,66.79411764705883,28.656015998712974,948.8506440214883,69.07603750679469,57.081251585866625,66.648018228628,0.966513911900481,0.4265300979798918,0.9520992624442639,0.4299709689818962
2025-10-30 14:15:00,4.229595398519219,62.18691054646568,66.79411764705883,28.737621498775027,947.384388188484,68.80512556982364,56.75171160735515,64.83146918215459,4.648002923715234,62.08751328225742,66.79411764705883,28.658130255449965,948.7611850130735,69.05890521932353,57.021456937032674,66.68119239119348,0.9602340220206234,0.4262172408043141,0.956069248181667,0.43060273948374583
2025-10-30 14:30:00,3.954674788806832,62.25781517123679,66.79411764705883,28.7197331864824,950.1713108071808,68.89838262813501,57.0728163958098,68.84598197176966,4.6780269530969765,62.08249554667961,66.79411764705883,28.659163311500226,948.5052940604938,69.08119722916528,56.973071163104116,66.8398923814854,0.9659649922672372,0.4287853434616734,0.9602521737614844,0.43116183077229003
2025-10-30 14:45:00,3.5870627912325377,62.08940891434821,66.79411764705883,28.69036499409397,945.964310061878,68.58012993181619,56.930469916308695,69.06414794891609,4.724117814389669,62.07668396640555,66.79411764705883,28.660006389335965,948.5317964460363,69.10925715737667,56.902902334236416,66.86485172620168,0.9564855027099228,0.4320202329041698,0.9643036698056949,0.4318019614915046
2025-10-30 15:00:00,3.2920301940287304,62.0380901230631,66.79411764705883,28.672843461986137,955.93496748554,69.01163653917797,56.73709512345269,69.23338710200025,4.763693076153022,62.06862397710894,66.79411764705883,28.660060574062847,948.5270654031968,69.0823285368852,56.84585232031252,66.88884882916734,0.967827969964876,0.4329409371717395,0.9685265291799883,0.4324744270694542
2025-10-30 15:15:00,3.350798573709984,61.966878578426815,66.79411764705883,28.670813951298072,955.4373909772304,68.92218253449064,56.646308186636375,69.30488003237839,4.810581789095213,62.062225754400146,66.79411764705883,28.660246596984056,948.919329700196,69.15234839371335,56.78372258102576,66.90410413464666,0.9720042713047352,0.4364456229482581,0.9723455343617792,0.43348551901864746
2025-10-30 15:30:00,3.685479716130257,62.00323530121011,66.79411764705883,28.667732882964447,958.2331283947736,68.70481150470751,56.36555473257144,68.81383476356011,4.851511373429156,62.0613589283928,66.79411764705883,28.662449515404433,948.9985970522004,69.12810368784041,56.72369892475273,66.92707866735144,0.9720824262260276,0.437147168540021,0.9763827204568034,0.43472704266507617
2025-10-30 15:45:00,3.9635744060111966,62.11010686027942,66.79411764705883,28.652758162542323,951.4221018981156,67.91826947043877,56.14501746813013,68.65214123751281,4.885871774318929,62.063521872870595,66.79411764705883,28.665473952623262,949.202900005713,69.15446657661529,56.66562664088776,66.95733248675616,0.986855283846758,0.440379337942589,0.9796661894828879,0.43581949171740564
2025-10-30 16:00:00,4.090975320082127,62.11382696999427,66.79411764705883,28.68240697068316,947.8096079540632,69.28267474475767,56.17983740819285,68.5275833155974,4.914183787680647,62.05841629163626,66.79411764705883,28.66519261422359,949.4201723755446,69.19905948260241,56.61355092953438,66.99155613588027,0.974117329454972,0.4396934978894687,0.9832393312378332,0.4369131346619797
2025-10-30 16:15:00,4.2543145269654685,62.12109812546292,66.79411764705883,28.66292938002323,953.6067795177069,68.16660583106079,56.11882561336292,68.94947071602833,4.9438883648626355,62.05507395210173,66.79411764705883,28.666363054728993,949.8088224464998,69.18582671257258,56.580913581037954,67.03483543914992,0.971896253476391,0.4421123607195505,0.9860676356682153,0.4378864905447317
2025-10-30 16:30:00,4.31761723043607,61.956307528404594,66.79411764705883,28.71703064729589,950.057166003878,68.40743081249269,56.482053202150034,69.37768534565694,4.973122222995098,62.055653067636165,66.79411764705883,28.66610544799138,950.3720406566239,69.20458287628453,56.55515105117343,67.08544094411194,0.9939322182118906,0.4495102012487311,0.9883331513991813,0.4390978669873478
2025-10-30 16:45:00,4.912710952338756,61.96764458718851,66.79411764705883,28.707571698583607,943.91939692397,68.76176301454795,56.47950934324205,68.99457578753186,5.000892730498892,62.059562730959854,66.79411764705883,28.66486400251874,950.3783081040729,69.21373060839049,56.513487170256596,67.1422817738334,0.9947255691006994,0.4408628243647861,0.990537140006041,0.44029134086753113
2025-10-30 17:00:00,5.004031993677038,61.98111025231697,66.79411764705883,28.65210563214389,941.3289600684246,68.68345080871846,56.38338603641013,69.14740126442527,5.018026447863947,62.063213447873984,66.79411764705883,28.661969770913547,950.3931127237148,69.19273698765748,56.46467978665135,67.19688775954674,0.992680701001722,0.4446861088290799,0.9927747322494996,0.4413145998849241
2025-10-30 17:15:00,5.10286369372488,62.01274263872084,66.79411764705883,28.684351504650444,934.3555381320256,69.48401477216972,56.290359707606505,69.12744966975626,5.043231679419782,62.06805546311152,66.79411764705883,28.65824947029541,950.5206490552443,69.16125617157049,56.421819325745446,67.26205747212205,0.9922324818800364,0.4481850403277132,0.9950575621297519,0.44242373048064226
2025-10-30 17:30:00,5.384389615792091,61.9298917985492,66.79411764705883,28.668200049538143,940.852131368592,70.01128480605593,56.381098309631824,69.50482944910087,5.06654628079517,62.0769918215939,66.79411764705883,28.65442834968159,950.6388345765391,69.13780678738975,56.38849085358797,67.32454184440613,1.0050877317651186,0.4466131937832002,0.9971821887262046,0.44330805043255406
2025-10-30 17:45:00,5.334271832341737,61.90669488778522,66.79411764705883,28.6175028770522,943.1278022262832,68.71375668830207,56.24283856299524,69.45333308786417,5.078432745350388,62.08308217196975,66.79411764705883,28.65330594140561,950.4647427326829,69.13337707718902,56.342894705028,67.38674995009326,1.0138698670419144,0.4453155250564513,0.9986135224374536,0.44434558194957086
2025-10-30 18:00:00,5.352142985312645,61.90317329204417,66.79411764705883,28.65444970396961,943.8376613533076,69.58709743820977,56.18302086433573,69.34887379673023,5.117054789213862,62.09030025262455,66.79411764705883,28.649194210480108,950.3255763857919,69.10600254217408,56.31467399313427,67.44243520229573,1.0175251274284198,0.4391888545424485,0.9995542701164649,0.4453682784867322
2025-10-30 18:15:00,5.982226956141757,61.90270978301729,66.79411764705883,28.649621010549755,946.0888164613752,69.65361846071298,55.47716300593308,65.25482456469724,5.175455909582931,62.0938596286438,66.79411764705883,28.64678686774396,950.9037480630395,69.11414854742426,56.290832917545295,67.49018639374557,1.0161813807787707,0.4392217049542638,1.0008103863610285,0.44635877136887386
2025-10-30 18:30:00,6.275145131264515,61.90183838075207,66.79411764705883,28.623276966873828,947.0503544554524,69.44358851487304,55.7437896855929,65.30806681311168,5.239479354117727,62.095730578070125,66.79411764705883,28.64414333290761,951.3113552406006,69.17588119010037,56.2591507488199,67.39973279119748,1.0249128215147336,0.4421666851072864,1.001740587773425,0.4474695997378637
2025-10-30 18:45:00,6.603902567525614,61.90576800634015,66.79411764705883,28.652994812300147,955.0642621808636,71.15702141099389,55.95459381696586,65.21452383068025,5.31151559117386,62.101513154316,66.79411764705883,28.641765602735152,951.7049055633747,69.21270615522411,56.24806745212665,67.42711598916965,1.0152351027355215,0.4513121790619863,1.003132807520657,0.4485536275710827
2025-10-30 19:00:00,6.407321410251495,62.00330675637024,66.79411764705883,28.69769745374892,954.1988088568542,69.42524552179574,56.11571088060646,65.42905280468685,5.3909027275421915,62.10957286761411,66.79411764705883,28.64031550690036,951.7237960683664,69.20157593769815,56.23113806295543,67.4540942393747,1.0197080310883413,0.4577606111422639,1.0043411849348607,0.44949962045453695
2025-10-30 19:15:00,6.234920612206462,62.20277408434602,66.79411764705883,28.67707697598341,956.977462753718,69.914041359235,56.1307991826802,65.72335459197957,5.479928324746205,62.121659997035074,66.79411764705883,28.637951837369997,951.76425777016,69.21757145687003,56.232035757909124,67.4732444623415,1.023576724539408,0.4558831711689379,1.0052144210328102,0.4502963216877614
2025-10-30 19:30:00,5.781104041412467,62.129441188564215,66.79411764705883,28.591849195862142,954.1300402316928,70.00941651655967,56.22666152066756,65.63560119873193,5.579393099402164,62.12967723199581,66.79411764705883,28.634225407017563,952.0669883975291,69.23159338073023,56.250980936601415,67.50269537966598,1.0337614262681782,0.45480508534256,1.0055864524698037,0.45104204165669354
2025-10-30 19:45:00,5.808617323587102,62.18411253473194,66.79411764705883,28.61037101160007,962.1800136832333,69.23343474585329,56.596774371811776,65.8245244085721,5.677395612475527,62.13413283952736,66.79411764705883,28.631768139183645,952.4541358014743,69.2716398436807,56.289971110948564,67.53538927525031,1.0210600446650735,0.4479675759360946,1.0055512920031855,0.4516432697246967
2025-10-30 20:00:00,6.118282735286255,62.21182069263109,66.79411764705883,28.55429140034826,959.162806229748,69.47716921094289,56.63738868001246,65.89861580857301,5.777659713286498,62.13647842149227,66.79411764705883,28.629166919505888,952.811200170893,69.26338829475931,56.33652973222791,67.5643065530186,1.020805848674449,0.4499894027715382,1.0056646437725651,0.45212208037162765
2025-10-30 20:15:00,6.317725262410685,62.22799097115791,66.79411764705883,28.569320481615243,946.8084049937194,70.02066227007734,56.33810009395229,66.06354037496841,5.862470639118125,62.13679194862105,66.79411764705883,28.628549923505478,953.1111407940849,69.29336046485311,56.38702925695633,67.58507779292644,1.0256021748654358,0.4522037375341644,1.005847330907068,0.4522986920234748
2025-10-30 20:30:00,6.033866713744533,62.20689328122831,66.79411764705883,28.565130716869824,951.6442498916934,69.2200650332079,56.102309432336185,66.11338339126317,5.950192144172373,62.13900666473543,66.79411764705883,28.624964910407023,953.6155184526863,69.34438041612161,56.41727123435895,67.58490341960366,1.0233900026787637,0.4528382575382937,1.0051340615692894,0.4520482380727298
2025-10-30 20:45:00,5.718619135581331,62.28675018003712,66.79411764705883,28.58908149014031,950.9164349944124,68.37956038672968,56.2794990659491,66.39823416797888,6.031109739218986,62.143268325964165,66.79411764705883,28.622575918231238,954.6765364840055,69.38359074254635,56.458201395089,67.60752761268323,1.0216077149472838,0.4553666131801284,1.0040075124153571,0.452135170262889
2025-10-30 21:00:00,5.446025547887594,62.326804612713225,66.79411764705883,28.5840462404367,953.2141912553036,68.67824382565465,56.50548157801716,66.4477631633676,6.119354286802221,62.14650813040456,66.79411764705883,28.62255071491144,955.5250986508312,69.42229004917417,56.51191695820879,67.62564995173067,1.0085960153191882,0.4560211331669652,1.0032090807543605,0.4521305612362731
2025-10-30 21:15:00,5.236390448730698,62.32134148309407,66.79411764705883,28.64396685849696,952.1005638795132,68.37121077538737,55.96334860248296,66.36568280582256,6.210962286945618,62.15123915790675,66.79411764705883,28.620586938927975,956.5231981284866,69.39107989985834,56.567889638503374,67.63914063021882,0.9999327254466348,0.4581977130685581,1.0024105244318189,0.4517148243459081
2025-10-30 21:30:00,5.730961771275762,62.35252004825606,66.79411764705883,28.608685097495076,956.788240344723,68.25818113829415,55.97869739882868,66.41884347345523,6.284879026858301,62.154811848884165,66.79411764705883,28.620578538210495,957.2577111098893,69.343984976079,56.62217396015456,67.6325308576786,0.994736342270825,0.4572109940947306,1.001278472946328,0.4513161367709607
2025-10-30 21:45:00,5.981629009591315,62.2936918270429,66.79411764705883,28.66540121669058,964.729538505911,69.04950572732909,56.0364793396856,66.26400492565031,6.354927364447788,62.16009056378178,66.79411764705883,28.622177558776784,958.3599885571199,69.35920810633233,56.674288568371985,67.62671678878371,0.9979175093575248,0.4559320272685629,0.999458905668263,0.451098677571844
2025-10-30 22:00:00,5.875378124850682,62.31394365402666,66.79411764705883,28.640427141392006,962.3995261340158,70.7503619084182,56.12235133404812,66.13237389532654,6.416362287721645,62.166428244530536,66.79411764705883,28.62213620518946,959.2651521724464,69.33802241021952,56.72001592917225,67.62165790548701,0.9938710346391342,0.4621101945313702,0.9971425179448917,0.4510842754171332
2025-10-30 22:15:00,5.748149902916559,62.26288620172477,66.79411764705883,28.619033088920208,957.7708197451032,69.68487888552853,56.59797101551128,69.88564388808153,6.450972089878926,62.175832792985844,66.79411764705883,28.621915808398242,960.0949538585542,69.32740254783643,56.79082455231394,67.76144534820429,0.9982520951268796,0.46454106790074,0.9947560035120465,0.4510771011367035
2025-10-30 22:30:00,5.673644285078655,62.27988152200626,66.79411764705883,28.62934058694235,956.5016826352878,68.67773001339906,56.22921344831592,70.04273460815162,6.490439177635035,62.18658374700364,66.79411764705883,28.622459474667817,960.5307362593513,69.32627744435962,56.84002501793158,67.76512981620553,1.004079292390986,0.4613207236753652,0.9917737571335447,0.4508059839052462
2025-10-30 22:45:00,6.021566489830398,62.32949246105565,66.79411764705883,28.599903865387216,956.6512420310358,69.40204810964703,56.67323903524719,69.8793867213824,6.5164158371368,62.19613513452831,66.79411764705883,28.62241087361252,960.6342245583226,69.21840987257323,56.89063689542818,67.76797087290625,0.9982013542432236,0.4603466599449927,0.9892726924700757,0.450115500151327
2025-10-30 23:00:00,6.669422955809055,62.24375235003221,66.79411764705883,28.555939972391457,967.3150472158504,69.12546922051366,56.93391009334031,69.69736228329417,6.5442096522063045,62.19777521116807,66.79411764705883,28.62138938466459,960.9688865343778,69.18109177191414,56.947905813213296,67.76492621709055,0.9832433693358302,0.4595187676079859,0.9861681038077913,0.44921842023653974
2025-10-30 23:15:00,6.903649798212065,62.24377508622591,66.79411764705883,28.579040127524745,963.03652401647,69.11966335895264,57.31472269854456,69.632958105043,6.560600965920722,62.192514993475655,66.79411764705883,28.62140520961176,960.9363952531259,69.14572443440974,57.01141153505282,67.74947195473015,0.985800469848214,0.4584161799826838,0.9827101060641775,0.4484999025893701
2025-10-30 23:30:00,7.098898344411256,62.18419442894178,66.79411764705883,28.604370380350307,958.5215390366265,69.03512827711604,57.57659604657325,69.39510164864596,6.581015776047951,62.18957649537391,66.79411764705883,28.62583473238196,961.0576052908642,69.1251633401352,57.07900032615439,67.73981677402008,0.9775178825363674,0.4540578172973963,0.9795567131114465,0.4479580756167513
2025-10-30 23:45:00,6.798642301914263,62.13050393932606,66.79411764705883,28.644419500011026,962.6049982134648,69.06577093387504,57.63381135521557,69.57260791326348,6.596096494538475,62.18361779914876,66.79411764705883,28.629607229094766,961.2148696515297,69.12349036733967,57.12467059000222,67.72951529541218,0.9773768675114752,0.4474107102749642,0.9766814096874925,0.44763386065785177
2025-10-31 00:00:00,6.94926238206352,62.022749011836126,66.79411764705883,28.609480254342323,965.188495761914,69.93802935054741,57.38931252422852,69.3724541459738,6.601037193776784,62.174631435613,66.79411764705883,28.635538040730616,961.3731604729177,69.08752299869568,57.168409658485366,67.7142848013275,0.9725341380785308,0.4419965827263822,0.9738556874962165,0.44727257955723665
2025-10-31 00:15:00,7.340238803737137,62.095494424050464,66.79411764705883,28.63590193330993,975.7499378635504,69.9380728072899,57.7074141651437,69.67330157991859,6.610046428566986,62.165971875789374,66.79411764705883,28.639681414601004,961.9810933865338,69.01517871314947,57.22172936905933,67.69768360320576,0.9609290944827282,0.4434707900695612,0.9709028069535534,0.44686019488032386
2025-10-31 00:30:00,7.651368421174095,62.07830438552914,66.79411764705883,28.651349532550157,966.7858250731967,69.84443000755329,57.99485293000376,69.69107143584864,6.631827413005689,62.156811562410326,66.79411764705883,28.64593524237691,962.3395262804061,68.97538100071648,57.293611887985506,67.67261705895574,0.9687277511718276,0.4445478380306038,0.9681946702138117,0.44633389781366
2025-10-31 00:45:00,7.851103698026808,62.15467346378627,66.79411764705883,28.625438225146283,964.2985224616876,68.54771029269472,57.969540116443945,69.53217002440086,6.662559842884048,62.14283348205524,66.79411764705883,28.65084777011498,962.8494783878398,69.01227526902076,57.361902482799984,67.6384566177459,0.9682757922037836,0.4357129336167629,0.9653343440632456,0.4457700668416353
2025-10-31 01:00:00,7.601891813172533,62.03707252787183,66.79411764705883,28.667948028013704,962.8875208106734,68.59843709267624,58.009627959167496,69.30653627289419,6.690404804111267,62.12947088297172,66.79411764705883,28.657093891676446,963.3605282630956,69.00220514991379,57.42425072492395,67.60651158671905,0.9711261872003936,0.4346525665347777,0.9633161724601847,0.44509203452402185
2025-10-31 01:15:00,7.435721960026397,62.06505633471348,66.79411764705883,28.66547349404098,976.1961256431972,69.17045059590178,57.80627680951812,69.2789110210175,6.729242692802194,62.121611587023594,66.79411764705883,28.661329739059095,963.5607348081086,69.03590071519233,57.50291889870849,67.5762789320267,0.9592828486999642,0.4387917490829523,0.9615190868343116,0.4442254921271522
2025-10-31 01:30:00,7.195190683528342,62.093303714507,66.79411764705883,28.65320909634985,970.9925698131073,68.95152655482535,57.55484168834341,69.19710729782923,6.768457139206714,62.11002860126241,66.79411764705883,28.66477087399061,963.7459432487232,69.03224156723104,57.57945280421045,67.5461554092956,0.9480334957272792,0.4387567899011218,0.959808885083129,0.44346653575901096
2025-10-31 01:45:00,7.020521020860167,62.18484623667641,66.79411764705883,28.64300910681321,970.9828670446058,69.3350225892201,57.60142170018417,69.44844784621588,6.806878922341288,62.09596527055482,66.79411764705883,28.66759211712947,963.5539511832602,69.01845622464089,57.66690262268125,67.51137527828205,0.9445859477934164,0.4390064765413756,0.9574457905727786,0.4426041617917402
2025-10-31 02:00:00,7.459157763947776,62.22436700128609,66.79411764705883,28.639586954961025,960.1238264793648,69.409835410569,57.21980365412188,65.41860085314852,6.8459909301979485,62.08283450233396,66.79411764705883,28.66980508029745,963.6583352201922,68.94661945084061,57.75552536636869,67.48769533624152,0.9354454301596764,0.4340331681635651,0.9550276125036988,0.44144851662680995
2025-10-31 02:15:00,7.383202352578577,62.19230963208012,66.79411764705883,28.65153678064121,958.168911150004,67.92099425740228,57.47295014186378,65.29975553170198,6.8871618281627764,62.069836127238275,66.79411764705883,28.673342448508695,964.2800279757727,68.91678372589345,57.83653823235651,67.34698397877655,0.9402031628314528,0.4305976664444109,0.9523938538273259,0.4402415280112118
2025-10-31 02:30:00,7.241135862336663,62.05250905556316,66.79411764705883,28.667052785311164,964.2386681385136,68.30570250202264,57.83377841415983,65.33771313021566,6.926824499110719,62.05217376709733,66.79411764705883,28.678096639722188,965.0301334029439,68.9674323986041,57.92648574851059,67.32681642113911,0.9265703712198085,0.4308482136986456,0.9492516264086945,0.43918807508688484
2025-10-31 02:45:00,6.726660023638955,62.04496755357341,66.79411764705883,28.67755172439844,956.002724316157,68.85302123410375,58.03597083786617,65.25972672116788,6.960539414763736,62.03163911601652,66.79411764705883,28.68254653095752,965.4427486802955,68.95314608767343,58.00889356838764,67.31176005215693,0.9198367922309988,0.4343276417538509,0.9461905424568526,0.43794412596667465
2025-10-31 03:00:00,6.393548345229373,62.04128624551193,66.79411764705883,28.72473487896815,957.7663413638452,69.39258368832289,58.254325253714505,65.34594577742969,6.972429790621953,62.018482856029884,66.79411764705883,28.68733963560775,965.6353510704671,68.9478985927506,58.07890506921572,67.29793558358573,0.939159637686251,0.4385502761639946,0.9431532481702299,0.43670755160707503
2025-10-31 03:15:00,6.261038878302821,62.005351647977335,66.79411764705883,28.72354591298433,966.8979445031936,69.18324556198773,57.966882287246655,65.51548005033516,6.973574187278871,62.004931068281984,66.79411764705883,28.692547670877456,965.7588780494119,68.9801122914993,58.13723889586054,67.27489781982905,0.9348009419464502,0.4382411271691087,0.9403643826417044,0.43556979001013796
2025-10-31 03:30:00,6.26650371243548,61.94222978655832,66.79411764705883,28.73221574942365,963.9115308713914,68.39814815162298,57.9495607345066,65.44170098603242,6.952073107262352,61.99187922380991,66.79411764705883,28.696956244809552,965.8270905921011,68.98188967689099,58.191497746254846,67.26080363358147,0.9360341829361648,0.4391509697530833,0.9381442622766947,0.43439501830017646
2025-10-31 03:45:00,6.588002306116786,61.968204176449085,66.79411764705883,28.69362169772696,965.0463924021976,67.85033370369085,57.93769141117156,65.56550443131611,6.938184453541488,61.98273217150518,66.79411764705883,28.69949742162677,965.711011363941,68.96195417274447,58.25501422258773,67.2434309418831,0.937015758585542,0.4398321972267814,0.9359032456256385,0.4335896406866167
2025-10-31 04:00:00,6.68729624690559,61.93208387985693,66.79411764705883,28.75274555014693,962.3972367078668,68.0261336602184,58.2587850001212,65.36138706376258,6.912033144181354,61.974931430921494,66.79411764705883,28.70281862742156,965.6601091108186,68.93531379998726,58.32667207718233,67.23094809995408,0.942145900486514,0.437049345538378,0.9335989578107724,0.4330207899739847
2025-10-31 04:15:00,6.640592031932118,61.86740776938447,66.79411764705883,28.736457322282448,966.214998217423,69.48638843585792,58.32821691038361,65.37342093168392,6.87460764062878,61.96091618796818,66.79411764705883,28.70550045816987,965.371804194263,68.9133564994214,58.37530936093796,67.21170196125397,0.9357979304302998,0.4384516840193878,0.9313381345876113,0.43247081740572263
2025-10-31 04:30:00,6.281374384704182,61.9259266402074,66.79411764705883,28.77142988728072,968.5456875129772,68.37614025244544,58.375928841736254,65.48941223256216,6.82686565152368,61.948884828957226,66.79411764705883,28.7074595393541,965.3052796448906,68.85751035922314,58.4196671649753,67.18800589716422,0.948050867227362,0.4356801636385622,0.9286091695106872,0.4316966240474469
2025-10-31 04:45:00,6.401527109458495,62.08556260465061,66.79411764705883,28.771042279976385,958.1067602299006,69.38207773374346,58.32339381601895,65.4587031650519,6.768632795446812,61.93534199128972,66.79411764705883,28.708495290371218,965.3084500919779,68.8484777835183,58.46615260004617,67.16780736664754,0.946020156670446,0.4322014411624668,0.9258460047311595,0.4314126215400027
2025-10-31 05:00:00,6.9073951634113735,62.00503047542029,66.79411764705883,28.71191914544046,962.3444935631652,68.14840669945566,58.27471456388768,65.515137791522,6.710802457820762,61.92558623886989,66.79411764705883,28.709794113502006,965.5197384569758,68.86949684932878,58.51491848086295,67.143504076255,0.9434302897353444,0.4344423030504939,0.9227240865531445,0.43095713105574557
2025-10-31 05:15:00,7.134282503628507,61.87179190581541,66.79411764705883,28.75003851085651,958.969776542022,68.63594544962433,58.65997389380947,65.22060099524413,6.639853163059986,61.91483580838882,66.79411764705883,28.71149747545509,965.378036009051,68.86120303488323,58.55778556826155,67.12956739630278,0.9270246740470116,0.430060808250443,0.9202824330675191,0.4301204436443054
2025-10-31 05:30:00,7.048738360550516,61.92002060740092,66.79411764705883,28.706816036431352,965.5310472419706,68.59525869441023,58.78103364467123,65.42197563411034,6.564528860555776,61.900660230899,66.79411764705883,28.712973745104183,965.4476429596132,68.8337151804539,58.609219995376485,67.11695659595374,0.921325692566741,0.4274408395834609,0.9178268035223514,0.42906744383504347
2025-10-31 05:45:00,6.983276841861379,61.87293494885405,66.79411764705883,28.725154135257533,976.4216024125202,68.7898071371138,59.02835699514611,65.66430316413243,6.493377904300699,61.879306607433946,66.79411764705883,28.71598250742518,965.5317766752876,68.81229474754272,58.65990640187219,67.09818875351773,0.9192393348356932,0.428331409432795,0.9157202878959674,0.42790997786945073
2025-10-31 06:00:00,6.863524413516916,61.750010717777975,66.79411764705883,28.77196632334712,979.0048454504192,70.19719019471857,58.92763893293832,69.437707879029,6.403669130092984,61.85838472708433,66.79411764705883,28.718454244915044,966.1017091612553,68.79737401917015,58.724197915174955,67.21035605687385,0.9098124698320444,0.4297171359455565,0.9141273556477502,0.42686157607635616
2025-10-31 06:15:00,7.033013959420962,61.71345292863147,66.79411764705883,28.733400602447205,969.0297003515876,68.9734587817264,59.14547363155867,69.42769565191679,6.3137052549499675,61.836502153613885,66.79411764705883,28.72230178519686,966.7836417104892,68.84752051259709,58.752127542278956,67.20761720018363,0.9063688356879688,0.4230281863386878,0.9125066431214346,0.42607614271619015
2025-10-31 06:30:00,7.02613423155551,61.84906455043289,66.79411764705883,28.69973311189824,973.0931189209996,68.96804437282914,59.03425511818264,69.28262822615794,6.223633604707535,61.82304095476492,66.79411764705883,28.72677042418872,967.4359743194707,68.9136523541135,58.76528822420614,67.18745012241182,0.89212454073715,0.4224215368199964,0.9116888403913536,0.4253230912570762
2025-10-31 06:45:00,6.937981697919632,61.83722145378918,66.79411764705883,28.735281185616063,966.7423333848184,70.08607432141328,59.06473749788914,68.94182519234288,6.144098944461267,61.809577361836936,66.79411764705883,28.73261213607138,968.1856671454603,68.93030162514643,58.76260080346366,67.1755468989092,0.9021345039924454,0.4242833320745723,0.91150365836105,0.4243886484985953
2025-10-31 07:00:00,6.453865943915695,61.79263909477936,66.79411764705883,28.73662759831321,960.5679153172968,69.08844983886698,59.20436155840234,68.9722760612185,6.0704375175685765,61.795186697325306,66.79411764705883,28.737055017835377,968.6862009035912,68.95360335926192,58.75321043142568,67.1507801062637,0.9109142715860786,0.4188146659985509,0.9106729185836374,0.42326383533066586
2025-10-31 07:15:00,6.381982690288335,61.85609237018434,66.79411764705883,28.72065480452756,959.122621368664,68.46770580947947,59.53930564520226,69.05142716231254,6.013273579523483,61.779041453529175,66.79411764705883,28.742517842459094,968.7742305034711,68.95556833733535,58.7563539748809,67.11575364461392,0.9101463679797852,0.4232493818681713,0.9102400137187734,0.42209447969347835
2025-10-31 07:30:00,6.164723101259508,61.78872679432549,66.79411764705883,28.709116428186025,963.6614281682408,69.13881816783133,59.53904816206634,68.99796888810303,5.962631339883819,61.76261737900869,66.79411764705883,28.748159043285334,968.8688497136105,68.97148194040179,58.76369511180493,67.07995104363795,0.90340550363255,0.4249310613474212,0.9098740154241861,0.42106613213212
2025-10-31 07:45:00,6.217473697159925,61.67503713545101,66.79411764705883,28.71635685575929,967.1007903668846,69.27935379031402,59.16653267781262,69.0959174189153,5.9120815654073295,61.74751899507532,66.79411764705883,28.756422444955394,969.0370008832181,69.04710215460965,58.77210401161235,67.04744550209226,0.8931043977878984,0.4269716130216998,0.9094188230050438,0.4200353519151311
2025-10-31 08:00:00,6.219108748021076,61.71736361520048,66.79411764705883,28.71012196807697,964.7900885920236,68.16904580160568,59.3255870511241,68.9801895131557,5.865324465347579,61.73351479950238,66.79411764705883,28.76404548826353,969.403508054434,69.09664292575648,58.762683318449035,67.036496860685,0.8868587988640997,0.4213220372823313,0.9088800197545228,0.4192900196749904
2025-10-31 08:15:00,6.104118015720773,61.74838833376096,66.79411764705883,28.656510755659813,964.3936358743036,68.27673302154932,59.36410316856998,68.92621410890062,5.811827529272238,61.724263429071684,66.79411764705883,28.772556539074632,969.5491558525258,69.08536124039453,58.759812365752886,67.0234260989642,0.8853808488179569,0.4271928583934393,0.9091181389817955,0.41849398111403674
2025-10-31 08:30:00,5.866981684391017,61.74439995527701,66.79411764705883,28.706912721937385,969.2261717606112,69.22900906699074,59.47260438367091,68.5774375611182,5.766481415860836,61.71213803586981,66.79411764705883,28.77904818104605,969.62668444655,69.10487259528892,58.75276821871851,67.01052620014518,0.8774686418599447,0.4209878520070643,0.9098891177095081,0.41788182410400515
2025-10-31 08:45:00,5.307243117203129,61.742543420281535,66.79411764705883,28.716574352633508,971.945052205454,68.92163616253539,59.092289431476,68.86081062245083,5.721412675427217,61.70259179449515,66.79411764705883,28.78576841862802,969.8539865053529,69.09860500210847,58.731017186368845,66.99696586202867,0.8860332441311984,0.4136911267397455,0.9108251354714907,0.4174290279790479
2025-10-31 09:00:00,4.935461608402023,61.668036389812414,66.79411764705883,28.69749718582259,973.0807783299724,68.12689092194486,59.097874501791466,68.81878328735785,5.6687327723791645,61.6981723595067,66.79411764705883,28.795367919926715,969.8076907665819,69.12438377564105,58.715348901944246,66.97671938844569,0.8743646093722491,0.407166795623264,0.9115494886562684,0.41674337571453035
2025-10-31 09:15:00,4.885992333207869,61.54423753272481,66.79411764705883,28.733271976443277,973.5068785148402,68.69240960188536,59.122013895055446,68.88541257313592,5.616917410927994,61.69559633395873,66.79411764705883,28.802428303808274,969.9809332527698,69.16592898645698,58.692683270828745,66.96179156747542,0.8813904790018966,0.4042824975735916,0.9129123644746441,0.41635171542794197
2025-10-31 09:30:00,4.767894537716371,61.59671059079741,66.79411764705883,28.713739079656904,977.2218010583938,68.96221355939197,59.14854905320478,68.78361995383187,5.574129479606159,61.694341907006084,66.79411764705883,28.81064772573434,970.177787594038,69.15173898252418,58.66880935147442,66.92843727320654,0.8876574627131595,0.4025811143707306,0.9146225188629181,0.4162682276129725
2025-10-31 09:45:00,4.684286098288051,61.53583242796702,66.79411764705883,28.76696298909564,978.62688762702,69.42538906020961,58.31083895498399,65.21758983099544,5.514813152253203,61.69629958686251,66.79411764705883,28.818351129009343,969.843856136246,69.17610592866521,58.6293196291148,66.88823773610629,0.8915817870419863,0.40703466563943,0.9166768713520008,0.41614342354214645
2025-10-31 10:00:00,4.538986355063727,61.648673090094114,66.79411764705883,28.80111195506695,983.8086464079588,70.28965774751505,58.22859887197505,64.73270079706134,5.460368693623712,61.702685831061096,66.79411764705883,28.823998479896375,969.5321532941997,69.15904172510275,58.59114818599714,66.73417896573372,0.902036289317378,0.4082566699252273,0.918667240778746,0.41620861389805464
2025-10-31 10:15:00,4.340620216250876,61.64105976573392,66.79411764705883,28.85280308087832,978.4935090958476,69.35249936509167,57.95534821559188,64.90263001608926,5.389733133192139,61.710248992504106,66.79411764705883,28.83209124936264,969.4500916267425,69.17729481320218,58.5638997412531,66.7168975753379,0.9142813313218896,0.4062943589994223,0.9205339057177814,0.416554920607779
2025-10-31 10:30:00,4.18370553844863,61.60956631016298,66.79411764705883,28.85802133188796,972.7823541077742,70.09163571178775,57.97261409257497,64.60294199806502,5.326506294565351,61.713701665788854,66.79411764705883,28.840651270577762,969.0349093755586,69.17272266287601,58.531061843792166,66.707708823922,0.9142374443638712,0.4048058811261137,0.922873713988832,0.4168728942464663
2025-10-31 10:45:00,4.546120736950048,61.52099433409324,66.79411764705883,28.88743065169588,969.5388324995891,69.24219490419095,58.06118859090341,64.4646862008413,5.2675802734522295,61.71865095386877,66.79411764705883,28.849382415215302,969.0233115546621,69.13434210853104,58.495360919721115,66.70824589397446,0.9218137960005331,0.4031604580534834,0.9253837186861096,0.417163145345085
2025-10-31 11:00:00,4.747236523245546,61.44950755094375,66.79411764705883,28.901451774210845,966.7501071755717,68.87555624361607,58.16979484222736,64.36762295675338,5.2180695395358745,61.72378136202417,66.79411764705883,28.858057978942217,968.9589607796605,69.11475678205358,58.46172817621478,66.71561396668103,0.925054234098546,0.4083005429123328,0.927503969109456,0.4176736407383116
2025-10-31 11:15:00,5.071509071822075,61.515252658447935,66.79411764705883,28.941523747828803,970.090927490426,70.11894012992666,58.18995840539435,64.59033818494588,5.155770259413004,61.73278455812958,66.79411764705883,28.86800814117167,969.367114578509,69.17293539003883,58.41728419194668,66.71224231923479,0.9233599860112724,0.408908790717113,0.929454422477567,0.41802636953944045
2025-10-31 11:30:00,5.284583245113089,61.51195801266889,66.79411764705883,28.981436849390963,973.3924518443412,69.51235679462356,57.97616420522161,65.03292782154489,5.097219841115498,61.749158519052656,66.79411764705883,28.8775965546164,969.4638834838262,69.17780753273885,58.36092781651617,66.70650412945302,0.9259818029708834,0.4146893783341574,0.9315146345093052,0.4182487394760744
2025-10-31 11:45:00,5.035683949671901,61.58986665646359,66.79411764705883,28.99178884661541,970.5844321601792,69.14793787499919,58.2420883294994,64.98129808005937,5.04364226735642,61.77257152102722,66.79411764705883,28.88745018303575,969.2000981027753,69.18563681349174,58.313490307282564,66.70633238051141,0.9429415072484796,0.4145705271907785,0.9340623441451218,0.4182503749112714
2025-10-31 12:00:00,4.920990982362117,61.56216484415154,66.79411764705883,28.96617914642332,970.8715453337056,68.96148089927728,58.16460443070468,65.10241526799156,4.9916490790520465,61.79662516121982,66.79411764705883,28.895989125340055,969.2253730134482,69.2304943290517,58.262643928014555,66.70906281242524,0.971180229058743,0.4173154533376136,0.9367358072620676,0.4183805762496495
2025-10-31 12:15:00,5.049464896449947,61.79917536341053,66.79411764705883,28.972649407435387,964.9258219939824,69.19404993832937,57.67086284552907,65.05189302155694,4.9464519697629985,61.815259499711004,66.79411764705883,28.905894628646788,969.0465730825674,69.22967113726104,58.21428900483049,66.71558354086804,0.9741006895299222,0.4186175574137489,0.939347425583382,0.41876918095685195
2025-10-31 12:30:00,5.326998071969796,61.87244742576699,66.79411764705883,28.99990418440144,960.955621400037,68.92176990543337,57.80466603114986,64.90774358403218,4.908266406542184,61.83374486568233,66.79411764705883,28.912749936242072,968.6367653687315,69.22831567533672,58.15197375713419,66.73582274504983,0.9651608852786754,0.4138727351149685,0.942484507826855,0.419186351441935
2025-10-31 12:45:00,5.579821660093383,61.79451113937616,66.79411764705883,28.96185002730333,964.16705112766,69.88230177410223,57.98000496034415,64.7727663661362,4.880086374843456,61.856812891340255,66.79411764705883,28.919847043846104,968.2877229246732,69.21086932677271,58.084550124489134,66.75027520835668,0.9679109485982808,0.4183109996527891,0.9455283823096653,0.42013266229639645
2025-10-31 13:00:00,5.765100420895492,61.88238779882141,66.79411764705883,28.953398694213263,971.4366774800174,68.16955857642623,58.06481606404154,64.42134680604441,4.853951491148683,61.87907661642647,66.79411764705883,28.927569778351444,968.007966929716,69.2686459689991,58.01797550602576,66.76296586096423,0.9726303242149628,0.4249362051343789,0.9493624300217288,0.42112531596726416
2025-10-31 13:15:00,5.203787021272699,61.9316653445469,66.79411764705883,28.95625623350757,966.4036586787616,69.52081552134459,57.84366532435768,64.45831705112465,4.841805229773507,61.903277609747,66.79411764705883,28.935089204310792,967.8678785632401,69.2884863616916,57.952858757571754,66.76317620652347,0.9808699095081737,0.4245872873080132,0.9528668552769415,0.4222795850477374
2025-10-31 13:30:00,5.230190654632175,61.94159804373568,66.79411764705883,28.941386849958118,969.6537601890316,69.68526408784525,57.78249563940869,64.81594476785178,4.847304950072765,61.92676023245784,66.79411764705883,28.94359525525605,967.7104183724492,69.2856763743542,57.88695405143918,66.7760884133507,0.969523552634402,0.4316728466228042,0.9563805013952031,0.42368204724355985
2025-10-31 13:45:00,4.913947146473754,61.94034777192146,66.79411764705883,28.976183686435306,966.5678503278688,69.52105142470907,58.328020289237465,68.909253940042,4.867151459955495,61.95561615647617,66.79411764705883,28.952246994052874,967.5653398224651,69.27181985184264,57.84347876304397,66.89028578767571,0.9623687838590296,0.4334173876304167,0.9600699423668313,0.42502548420002967
2025-10-31 14:00:00,5.129329072751887,61.95264474897559,66.79411764705883,28.956533748351838,960.6376513854848,68.83087986304442,58.04911819435457,69.00696568368156,4.896792641748287,61.97996906611966,66.79411764705883,28.960545921321845,967.209206859858,69.26850732404623,57.78506248359254,66.89480761449839,0.9623187888686702,0.4319607459806167,0.9636650289942453,0.42673292880335467
2025-10-31 14:15:00,5.170201064525999,61.98570009618656,66.79411764705883,28.99721552474224,966.3943987579188,68.93465769106429,57.99370977575765,68.95793729391626,4.937033158675635,62.00604536909664,66.79411764705883,28.966302458182536,967.0216002311746,69.24142051541513,57.73316630997276,66.90006445055225,0.9774346449107716,0.4329908650331305,0.9668024509836055,0.42870480048472814
2025-10-31 14:30:00,4.968543926425034,61.94655133944156,66.79411764705883,28.996894510120704,958.637392067252,68.50089004454259,58.19537925321208,69.19331824241573,4.983100783044603,62.036258550506204,66.79411764705883,28.970690585090246,967.0421627692909,69.2179325828794,57.674456353969866,66.91874432153527,0.974521784286468,0.4341295277953486,0.9704982809659838,0.43064622083953474
2025-10-31 14:45:00,4.513004286602196,62.1261882533465,66.79411764705883,29.019159671411053,971.3672353341178,70.21306404903672,58.20598611715904,68.95027773892518,5.029631739659516,62.07236262605632,66.79411764705883,28.97340472724774,967.3267111597359,69.25670109354151,57.61215340540651,66.93682476632583,0.9686599690231188,0.4338312459020389,0.9735839483366,0.43260657362325283
2025-10-31 15:00:00,4.408210552334319,62.279945622017785,66.79411764705883,28.996768831527955,966.5644953277558,69.28498244883237,57.84835689915116,68.82582319465027,5.086750349072618,62.11243588842794,66.79411764705883,28.97537006205766,967.6495838582906,69.21633048764771,57.54517587587474,66.95982185426276,0.9652118645846942,0.4316021594464398,0.9764160181802424,0.43415866216751076
2025-10-31 15:15:00,4.610146484387588,62.37742719468784,66.79411764705883,29.01196570833971,959.1872289353576,69.5142322129005,57.74340740080462,69.09076495066675,5.140433925415629,62.14995897931918,66.79411764705883,28.973826359174158,967.9756830867701,69.18526485787115,57.47937724543918,66.97373519701,0.9695356868623952,0.4270206760776098,0.9793289754745722,0.43558455469637175
2025-10-31 15:30:00,4.659313098889873,62.43897282097857,66.79411764705883,28.96629023720617,965.548335912212,69.51477126840444,57.80019567308381,69.06210247057099,5.187683227961186,62.186711784164416,66.79411764705883,28.972255401290536,968.1543566083515,69.16466710411947,57.42119348630755,66.974102041808,0.9670626923724758,0.4252280774336751,0.9824555386512531,0.43656344179041273
2025-10-31 15:45:00,4.7482047370493214,62.30741848849655,66.79411764705883,28.953675854861856,959.02963794788,68.25203726782946,57.91345547304808,69.12183596218439,5.235619627734675,62.22276696888854,66.79411764705883,28.970876962872158,968.1398329324348,69.17870499803976,57.36278787343592,66.97688761804606,0.9637293984573906,0.4388509996095107,0.9849713085635227,0.437573404500695
2025-10-31 16:00:00,4.721414787766609,62.29896093441658,66.79411764705883,28.912571949795907,956.9319403455336,69.18834520926148,57.60314695278181,69.18461368657195,5.27134890163558,62.26247887356564,66.79411764705883,28.968360694307023,967.910997161658,69.19572642611466,57.307242059435936,66.97588191536256,0.9715811091641332,0.4335029665595554,0.9867170133940655,0.43864071449652264
2025-10-31 16:15:00,4.461842166241297,62.4345841900193,66.79411764705883,28.92948758075436,961.4737788837074,68.39824570561491,57.06958045212426,69.29438452165644,5.3029727551817745,62.29346594582589,66.79411764705883,28.964978475894164,967.7312139990626,69.18832917041746,57.27527674869035,66.97432319302385,0.9773494786155028,0.4420804523735905,0.9885320858279765,0.4397720683540761
2025-10-31 16:30:00,4.151415097558831,62.33594814239883,66.79411764705883,28.929179220982856,964.6880984812536,69.86019018873606,57.10063594789048,69.19950286558397,5.319000311701278,62.32252315370136,66.79411764705883,28.959809194956243,967.7682238766644,69.2181783301696,57.250166549115065,66.97851229316879,0.9893860407341578,0.4369464057492958,0.9909491964247016,0.4410033549739764
2025-10-31 16:45:00,4.521604491952556,62.27026733234088,66.79411764705883,28.958854755223705,969.3042275205636,69.28762138266092,57.168511441435,68.891722939913,5.345764994394204,62.35351088893075,66.79411764705883,28.953743930653665,967.8143296307668,69.18092701444613,57.227935750262304,66.9946977562998,0.9865232366582796,0.438910569987789,0.9933017256925286,0.4422909975802034
2025-10-31 17:00:00,4.9328861466941065,62.301189272122585,66.79411764705883,28.96892060801457,972.497995334666,68.87791393926987,57.17140786922796,69.17098615864886,5.358682837620566,62.38039217847116,66.79411764705883,28.947032455081846,967.6311703700195,69.20918637583071,57.20540189744953,67.01855971213048,0.9930668462610052,0.4446549802454027,0.9958042040011233,0.44349044591765296
2025-10-31 17:15:00,5.279681394769977,62.40151014851677,66.79411764705883,29.026515153000403,974.2745311274986,69.0096933848626,57.00658030312708,68.64351106074582,5.376756656354103,62.405840990121774,66.79411764705883,28.942291010877238,967.7749243309195,69.22356847574615,57.18875132405787,67.03653237582087,1.0022650161908324,0.4473377743335245,0.9981627978445275,0.44470739534802906
2025-10-31 17:30:00,5.42822180884746,62.37926037939887,66.79411764705883,29.05007977313609,973.1246575297454,70.19028191362297,56.47611048843238,64.86835560174154,5.383605920078569,62.400323252582965,66.79411764705883,28.955283185601214,968.7527010718405,69.19205640395893,57.18054083062351,67.03559531784632,1.0098888881397985,0.4594800080249778,1.0009169430575022,0.4468668338373702
2025-10-31 17:45:00,5.547835724071366,62.42334885504323,66.79411764705883,29.02549918669897,972.865310235342,68.5398951061591,56.39846300699868,65.06033509770523,5.408306989808233,62.394672378230815,66.79411764705883,28.967111264658953,969.6171915271059,69.15430016574106,57.166648193089635,66.90867518978389,1.0084039910026947,0.4654505094406262,1.0037694714275263,0.4489871034497457
2025-10-31 18:00:00,5.5657342695176535,62.51596175245007,66.79411764705883,28.98966513911932,973.3992302512686,69.38699773571543,56.21131541248804,65.1633381275557,5.427465700479048,62.38670866919942,66.79411764705883,28.97854246135071,970.5500416106099,69.1714594582118,57.167476285047215,66.91163964897517,1.0251123438352223,0.4630484917703133,1.0061762185699126,0.4510036195330191
2025-10-31 18:15:00,5.9420494353974185,62.60411660059661,66.79411764705883,28.9688549164207,978.0752842129364,70.40525022405423,56.192100134002736,65.00709954455819,5.458155360878072,62.37635807726752,66.79411764705883,28.990517798872414,971.3225881850128,69.18714012419237,57.1728690377526,66.92774435887915,1.0143838171190191,0.4619710415650254,1.0080467886142213,0.4533020383750891
2025-10-31 18:30:00,6.460794805638654,62.65170542209247,66.79411764705883,28.960411818508398,976.4362881322152,67.66443806680223,56.160468956274265,65.05753559486126,5.505993833692714,62.36983794113326,66.79411764705883,29.001757627345263,972.6036568912804,69.20462470485066,57.17260383688579,66.93294201402371,1.0100163294078168,0.4548631992400683,1.0101314343189105,0.45541036156086967
2025-10-31 18:45:00,6.682016362112385,62.64094538518507,66.79411764705883,28.895212661323747,979.8739043448096,69.18697123662969,56.215999492327605,65.0077384673629,5.5600534285051015,62.36007811998759,66.79411764705883,29.01050701045975,973.5389963766976,69.1553470825726,57.18296806865291,66.95305925117493,1.0107487048411687,0.4516855665829449,1.0124574189562863,0.4576402158458979
2025-10-31 19:00:00,6.702062321479785,62.614542158025856,66.79411764705883,28.93430811288239,978.7526574917842,68.89442418207345,56.23065143127276,65.04393316548472,5.618568834962239,62.34503521415313,66.79411764705883,29.019293471062163,974.544638881143,69.17356987510803,57.210403823895646,66.97142901113503,1.019778698271309,0.4440559911553874,1.0143763354629185,0.45995617847652964
2025-10-31 19:15:00,6.473775942876541,62.67152219818757,66.79411764705883,28.95043569406409,970.1487218826752,69.56907469260753,56.48991994335037,65.06486536720136,5.680219803200268,62.32880373527881,66.79411764705883,29.024754021802735,975.8568861269415,69.15945506777383,57.25492809946286,66.9811726440676,1.0184146046165647,0.4448694084992456,1.016224728208499,0.46230445300059925
2025-10-31 19:30:00,5.992869199389308,62.75352198446427,66.79411764705883,28.890691089469243,964.0064722104004,69.47212374152458,56.49823001070505,65.07224418748666,5.7602225568270775,62.30903528439623,66.79411764705883,29.030210284460054,976.7216859241165,69.1093894285335,57.29778317475107,66.97738536743726,1.0235513739750302,0.4493347532124438,1.0175605693029077,0.4648535710201609
2025-10-31 19:45:00,5.998180502835768,62.72878753121817,66.79411764705883,28.87118285504961,959.532327116121,68.9721322674131,56.7119035231618,65.0051313513955,5.841728630344195,62.29258456470946,66.79411764705883,29.038592643235727,977.7382597343799,69.12073194025544,57.33760154844408,66.96594389637316,1.0285528625472504,0.4525581731403529,1.019218926531561,0.4670824516995929
2025-10-31 20:00:00,5.807824767554905,62.74416366203121,66.79411764705883,28.84482575626383,962.065917728092,69.8172446979976,57.05136004389097,65.03341658838039,5.926444818297563,62.279636189884314,66.79411764705883,29.050378893687665,978.812039616569,69.10470659963526,57.383475633473395,66.95117421700307,1.037674203180429,0.4508113337119778,1.0205363323245666,0.4694748562661781
2025-10-31 20:15:00,6.382762140881175,62.72414319625779,66.79411764705883,28.779892098225947,965.5502237507347,68.76476230239825,57.31308099476156,65.25833026006644,6.023669148930353,62.25833840449029,66.79411764705883,29.063035368333097,979.8665719901801,69.07783969691127,57.43355567735605,66.9420328046202,1.0384868266330898,0.4569402778395985,1.021915743722128,0.47150082128419984
2025-10-31 20:30:00,6.1526357176863335,62.68882648503369,66.79411764705883,28.752054427058763,965.9418996575964,69.0173394179633,57.388800479658464,65.13720548096472,6.131157057812747,62.24172894632502,66.79411764705883,29.072728762765845,980.7317125564381,69.04639949968092,57.49097040412489,66.93832791279259,1.0477046734728093,0.4609196552578641,1.0227877504365435,0.4738212267019574
2025-10-31 20:45:00,5.746001583278797,62.69512969406539,66.79411764705883,28.814012907369296,970.71627750576,69.95227851880838,57.344148122607685,64.99749696183677,6.234113759768321,62.22348258181293,66.79411764705883,29.081277507590368,981.4922384747642,69.02148075659265,57.54085632157255,66.94047618687061,1.0516277248102968,0.4610957702192979,1.02433960153289,0.4758926369332867
2025-10-31 21:00:00,5.435668566366188,61.77606591757127,66.79411764705883,29.33115209167748,998.9870624166632,68.73990193422817,57.53618083637773,64.78783302861497,6.327455836261085,62.2010628030713,66.79411764705883,29.08831526078379,982.2138869204343,69.00460681857736,57.56972617251593,66.92996625754766,1.0521479090236427,0.4964560013030368,1.02567225760215,0.47756120076401554
2025-10-31 21:15:00,5.654979238363651,61.77082154135721,66.79411764705883,29.33102605816729,992.5025639858331,68.38836427817341,57.91124116322143,65.10165009816944,6.4096040921753366,62.175692723370084,66.79411764705883,29.09321191367855,982.916990305959,68.9902246349133,57.610667713368194,66.931527976953,1.0479446349597517,0.497025476001682,1.0267197277624303,0.47915520180650417
2025-10-31 21:30:00,5.704090392876322,61.71373347803361,66.79411764705883,29.299469649104783,988.623153890603,69.34565863716634,58.07396095308192,69.09589945941967,6.479992215656682,62.148015750758574,66.79411764705883,29.095799345183114,983.6894147669217,68.94886080463444,57.67514804757221,67.0597796308998,1.0345212031402575,0.4924562284788198,1.026993445668473,0.4802447860022371
2025-10-31 21:45:00,6.090890876496757,61.67518233822961,66.79411764705883,29.35647565039325,989.5707959900108,69.40507767048115,58.15549235691917,69.44107859103592,6.533382879602628,62.120332601068064,66.79411764705883,29.098779597725546,984.2287120205103,68.92402046574543,57.74290228083513,67.05272343297032,1.0335517462400332,0.50194343029523,1.0274006080135076,0.48122105857115877
2025-10-31 22:00:00,6.403698110864277,61.75094725541369,66.79411764705883,29.334089364306024,997.0694532552736,69.0254274642914,58.18742322720774,69.34924789675226,6.582441918294174,62.09144690889722,66.79411764705883,29.099417114136216,984.6545857811074,68.89702658563344,57.81619720508641,67.03708943153173,1.0370611554271474,0.4973792233687658,1.0271127884558156,0.4823219840520817
2025-10-31 22:15:00,6.134792130973846,61.83339361897634,66.79411764705883,29.281641164845755,999.4274198966374,68.73473538069531,58.516913070172656,69.55379485346195,6.611870885735262,62.06209532057587,66.79411764705883,29.100500607187108,985.062024645249,68.84340111442057,57.89046585324204,67.02018999694302,1.0384395081443871,0.5007268744528859,1.0268224883061534,0.483534102982621
2025-10-31 22:30:00,6.163672746048409,61.82865844698399,66.79411764705883,29.260362649600296,996.7337704611156,69.83166622489513,58.67142955643322,69.37691599345307,6.6248765920896755,62.02965615408782,66.79411764705883,29.103302169546915,985.6016744561398,68.86794972468708,57.96168595229683,67.00461859219195,1.022779359783658,0.5010810383653924,1.0263214845226816,0.4848448593992207
2025-10-31 22:45:00,6.459675531528483,61.890482828458296,66.79411764705883,29.175782230556948,998.5546463093116,69.09078799287433,59.079135667820985,69.38307393864397,6.62718554840831,62.0013228955187,66.79411764705883,29.10906261028746,985.9290396771834,68.84408341592611,58.034753252537065,66.99263022455928,1.0249874692298184,0.4974689117996985,1.0253309988286115,0.48640605373155926
2025-10-31 23:00:00,7.059395707694146,61.84591929450091,66.79411764705883,29.12997811692577,991.4923298274616,68.01280209119507,59.08584793173011,68.94848417166052,6.628095008586742,61.97453484173713,66.79411764705883,29.11350334613228,986.3472510669789,68.80590081429412,58.10727045042498,66.97365500303258,1.0071379252047328,0.5017016180205236,1.0237592014446768,0.4879265890152354
2025-10-31 23:15:00,7.19338694256286,61.81389689789331,66.79411764705883,29.20514661813203,989.5268522557828,68.59231261948733,59.10800668383836,68.77859183026132,6.627577124962471,61.94877560258712,66.79411764705883,29.115353388306477,987.0422993605755,68.80005618055974,58.17433156579212,66.96264685128301,1.013480115316989,0.5057174199924694,1.0219712465693762,0.48919865832126064
2025-10-31 23:30:00,7.2629004263676356,61.910509689662746,66.79411764705883,29.266159463354068,989.1453368112096,68.70758499065637,58.979369503661474,68.74152330546947,6.640383629278958,61.919409159408175,66.79411764705883,29.120268816757743,987.7295058725305,68.7705943342844,58.24336041921334,66.9556893976701,1.011103282954304,0.5052751035571129,1.0195997997633044,0.4902094783745627
2025-10-31 23:45:00,7.378572085224994,61.7956506281984,66.79411764705883,29.30918182011728,993.1097500920356,67.59223862389469,58.57198176860366,69.02014215017039,6.646829882010788,61.89218627711838,66.79411764705883,29.127056751616998,988.5491127314774,68.78744087889989,58.287412516272795,66.95397615762323,1.0187318205423432,0.5028594029142422,1.0166888797852478,0.49099895063653515
2025-11-01 00:00:00,7.376052364030645,61.83766439744069,66.79411764705883,29.219981053965306,990.6423154689955,68.9169842718254,58.8230777509556,69.08835611075538,6.661544944198536,61.86527523584142,66.79411764705883,29.13660747340239,989.1423272100129,68.77104681373348,58.324965980363764,66.94581277262132,1.0155462421666217,0.5065585682820226,1.0132089678621201,0.4914685621672598
2025-11-01 00:15:00,7.610305550619791,61.722876396978045,66.79411764705883,29.21531709995948,992.1200050703488,68.54005909001337,58.66508896486512,68.95617116225382,6.663422755197544,61.83998799949108,66.79411764705883,29.148112589351523,989.6921787718526,68.77715485379787,58.354722485338954,66.92564699586929,1.0330787695486774,0.501052876927669,1.0100045611215858,0.4916322683601025
2025-11-01 00:30:00,7.733148441477039,61.628595909873866,66.79411764705883,29.18005320381704,994.147448704771,68.3716957988111,58.03750339752893,68.85568827896078,6.671986023248506,61.81636230116188,66.79411764705883,29.158886369561415,990.0338159158033,68.75540012779192,58.394744966200314,66.90309910224626,1.0330465283387993,0.4947118951672657,1.0061084574119397,0.49154643131327785
2025-11-01 00:45:00,7.744129072197497,61.64040775748031,66.79411764705883,29.173414739843363,995.3676326932348,68.57822787494055,58.23482652869547,68.69036264290581,6.692425247484497,61.78683954341788,66.79411764705883,29.167121214855662,990.3566753881294,68.74596163293937,58.42147499817375,66.88482193262955,1.0336891209992414,0.4951578056081836,1.001935699768287,0.4915478656315789
2025-11-01 01:00:00,7.539865513287843,61.54895120105362,66.79411764705883,29.127702718272893,996.2973913586288,68.94936700525726,58.410520514552736,68.71590522014553,6.729024412981862,61.788281168431205,66.79411764705883,29.159226446285025,989.874433849818,68.73881569023403,58.450768768135916,66.8750536817906,1.018100425321089,0.4921675338969655,0.9977251420226279,0.49006921755391203
2025-11-01 01:15:00,7.149555642449715,61.59285436432791,66.79411764705883,29.11490676297206,989.0442278429977,67.79468493948873,58.43109000488639,64.84864915982057,6.766946596353585,61.7911762037965,66.79411764705883,29.15053242958656,989.7428188599525,68.75571325708651,58.47346031058508,66.84941885779772,1.0206188613537273,0.4947386865082768,0.9933692273252784,0.4885391218245609
2025-11-01 01:30:00,7.037505430264039,61.64939098732474,66.79411764705883,29.00879063143945,986.17544306918,68.57718133235547,58.41016314002648,64.69431808439803,6.806652512734348,61.79537446503912,66.79411764705883,29.145115093736027,989.6683574119529,68.77643219856152,58.49495374691209,66.6968206763951,1.0164777571044616,0.4960762561980013,0.9891457230072638,0.4870795090449036
2025-11-01 01:45:00,6.824918458630073,61.7235689509562,66.79411764705883,29.00135970794744,990.298450137185,68.7964860876683,58.420159578671374,64.50011650689707,6.847124044983127,61.79842210256812,66.79411764705883,29.138858979393657,989.469316077657,68.76910546882523,58.51852424246648,66.66072156044183,1.005674812629157,0.4983346094812032,0.9846879757708713,0.48531164819107564
2025-11-01 02:00:00,6.850965996271038,61.67853042745078,66.79411764705883,29.044458689302584,992.6257824589396,68.40089637479741,58.29707192791804,64.59039345232881,6.8790524006823786,61.79654360060335,66.79411764705883,29.13524322687371,989.0765008374973,68.74450211884367,58.543840273491796,66.62835880413441,0.9949862159036574,0.49418589173806,0.9798595800583406,0.4835443380570808
2025-11-01 02:15:00,6.75128505167144,61.79094762811143,66.79411764705883,29.06802588354,989.6948609761208,68.47098197380069,58.40801849953461,64.64808743838311,6.903479216002273,61.78894633928496,66.79411764705883,29.133754046226546,988.6290118451897,68.73607938002299,58.559883061554196,66.60353123937625,0.9810341340190696,0.498521396553102,0.9752064041913686,0.4814465683931479
2025-11-01 02:30:00,6.729346126832748,61.81090054457895,66.79411764705883,29.06753018822698,991.2989991856484,67.74894613311417,58.40616736791034,64.47467651968375,6.920375765528905,61.77958168281229,66.79411764705883,29.133318594899027,988.0796160024955,68.70152370851268,58.557044995976675,66.57019187441078,0.972624776753268,0.4896720496656704,0.9709786619544503,0.4795991806625055
2025-11-01 02:45:00,6.4582394341484095,61.898745023686885,66.79411764705883,29.00593695929012,991.0001706905751,69.39373568057587,58.50175340436443,64.73462081471418,6.926733415155841,61.77135167214164,66.79411764705883,29.13667467508699,987.6557804898738,68.71323216393617,58.54479116250806,66.54051010568095,0.9647759583575454,0.4830314876800035,0.9665970105489076,0.4778989512680993
2025-11-01 03:00:00,6.377064328883924,61.87252868909643,66.79411764705883,29.038153943007256,984.6226675690464,68.58826835326427,58.56909561334174,64.86352057909934,6.9058986380285825,61.762096554403804,66.79411764705883,29.14302157724618,987.3234903155239,68.73615627456701,58.53040984881753,66.52874402457333,0.9524079697928708,0.4796593548115061,0.9623251923440189,0.4762435863884049
2025-11-01 03:15:00,6.191568084790673,61.91210106252406,66.79411764705883,29.074820900827223,984.1205328845298,69.47752860587792,58.03346643494555,64.95373414998961,6.884514298623343,61.751150882014635,66.79411764705883,29.144914214483812,987.2676341868533,68.74309937584293,58.52819878529171,66.51813852366607,0.9412252632055528,0.4762423409995269,0.9578965178344544,0.4742576668755457
2025-11-01 03:30:00,6.249276633187328,61.93683242372234,66.79411764705883,29.13134740982562,979.8623520841552,69.32542274300526,58.1779639666198,64.7885150383229,6.849417912187019,61.73752733285336,66.79411764705883,29.144505758966215,987.1150423239617,68.73230837369601,58.52305862129264,66.51635485001228,0.9332768454865996,0.4648996796337181,0.9533451675107827,0.4722385354833023
2025-11-01 03:45:00,6.439096470851416,61.96552610574768,66.79411764705883,29.125045576699915,982.0457706059271,68.94800350433013,58.20577614401742,64.65335695750554,6.803372149822616,61.72718840193235,66.79411764705883,29.143835885131125,986.8028611807559,68.73994573183515,58.52427289255786,66.50137716257346,0.942354624417062,0.461851463624879,0.9486600240503963,0.4704641633599397
2025-11-01 04:00:00,6.409533759215176,61.980055535157625,66.79411764705883,29.07526783335549,976.191013976114,68.3646976377843,58.58947490549927,64.4607686722737,6.7564540107663245,61.71119976718701,66.79411764705883,29.14659565090585,986.687806262292,68.72053815646136,58.52443060690441,66.48905914519072,0.9308215621834242,0.4583445438531251,0.9441731723994465,0.4684789602474834
2025-11-01 04:15:00,6.359178310358543,61.80944696174531,66.79411764705883,29.06105826619672,980.4020616755474,69.66912367323235,58.14604908181072,64.44918187333562,6.707197735133262,61.69676598043848,66.79411764705883,29.148814213652074,986.3479450545922,68.72220646684983,58.543581837804204,66.47457446515097,0.9264449955007206,0.4611387997683278,0.9393868569613846,0.4668548044615788
2025-11-01 04:30:00,6.533643531287138,61.819314667970914,66.79411764705883,29.094309034558314,984.51981626732,68.52552365306796,58.41499393524256,64.49478550344664,6.661407796425056,61.68352489869398,66.79411764705883,29.154609273157465,986.0810085101128,68.73845453330811,58.583926103975124,66.46767295792401,0.925831176653867,0.4520965589730319,0.9341107367173329,0.46529048898648306
2025-11-01 04:45:00,6.79264473951533,61.857672602316434,66.79411764705883,29.07020555721332,988.5541142898668,68.89529128374782,58.59198743669643,64.33260537838247,6.606494031213317,61.66589116808743,66.79411764705883,29.160393827675993,985.7157986221022,68.72845654503554,58.60836125501139,66.45761734966322,0.9172671940392704,0.4511226041211484,0.9288151721175164,0.4636712632672827
2025-11-01 05:00:00,6.89526788429923,61.83968131531205,66.79411764705883,29.136949573588744,986.389310450615,69.96722688141648,58.71876404289226,64.51795401734147,6.536283594531899,61.6485023532624,66.79411764705883,29.166427060267484,985.1399062373544,68.72118641839997,58.62613340603816,66.44556365764889,0.9078160735998194,0.4486678450891004,0.9237492402776605,0.46207498374633454
2025-11-01 05:15:00,7.305036843960131,61.76661146409966,66.79411764705883,29.168792220122317,983.5995559611332,69.18527577839225,58.86260722355108,68.35810511243778,6.472599548413447,61.63064984929486,66.79411764705883,29.17273530386484,984.7380662139095,68.7423846670365,58.645087565788735,66.56145822870592,0.8998193291482571,0.4489076046803927,0.9182986015477456,0.46047732009956704
2025-11-01 05:30:00,7.361548781841799,61.69459219647048,66.79411764705883,29.22561678870757,985.2849960504832,68.28732696484465,58.94690415796712,68.3783652075297,6.398571783440767,61.61056184619555,66.79411764705883,29.183055822650665,984.1876382979357,68.76271493574158,58.64673926230805,66.5511463659559,0.8922092840512265,0.4443599193489184,0.9132895750395408,0.4585630049263394
2025-11-01 05:45:00,6.86759659057069,61.60547577942481,66.79411764705883,29.236965745430798,986.0027501274104,68.4820532160749,58.9981967120448,68.80896791071706,6.325628017726589,61.59102104898484,66.79411764705883,29.194512664824924,983.3628335122265,68.7904965660034,58.639699175889625,66.55105185375419,0.8988442321352288,0.4377937845349005,0.9085335210232532,0.45645089502440467
2025-11-01 06:00:00,6.670569231847354,61.54771875280398,66.79411764705883,29.24729910977468,980.2518951802916,68.79499607958594,58.58628758910744,68.37673504448917,6.251143026016619,61.57243052042444,66.79411764705883,29.20225736881741,982.2617047011228,68.80041891261111,58.64633087714344,66.55615278581503,0.8959470926761066,0.4456594064461184,0.9039978180105919,0.45440340917806654
2025-11-01 06:15:00,6.650405020336571,61.64358250833851,66.79411764705883,29.276464636195996,985.8395809306584,69.44204165557909,58.711520663762506,68.49262087674893,6.176479332534533,61.55157586514793,66.79411764705883,29.209048235178937,981.2651621808129,68.79753473693782,58.65254170177298,66.55624711911557,0.8935379270635353,0.4464620299675111,0.9002164469412776,0.45214704708479053
2025-11-01 06:30:00,6.434352393876407,61.56826576236591,66.79411764705883,29.320385181701266,981.5236245969676,68.70052541012002,58.65440852101406,68.59550173843196,6.095783042730626,61.534288387895536,66.79411764705883,29.217385387203898,980.2722512741094,68.80736941729425,58.65593856385588,66.57128934966376,0.8789833790580743,0.4520406716296946,0.8963275963996528,0.4506285298960299
2025-11-01 06:45:00,6.551856760405689,61.48552672621837,66.79411764705883,29.261925735261,987.8511683956638,68.80060565776485,59.04167477806372,68.46042680304329,6.006874333124047,61.5157842913776,66.79411764705883,29.228276101377226,979.1240321407994,68.76973245172887,58.65496559941651,66.57611266291939,0.8806198800300542,0.446139834606694,0.8929616802453894,0.4494212051989832
2025-11-01 07:00:00,6.210008833277891,61.50180321482436,66.79411764705883,29.253905797826267,984.5675809244603,68.38385492624916,58.82516458368944,68.68801309585571,5.930254271585296,61.49698796782419,66.79411764705883,29.235825980832615,978.2726795868159,68.77867093289453,58.654893673119176,66.59072055208264,0.8745627732441542,0.4447011617898099,0.8903773657611574,0.44816398315397404
2025-11-01 07:15:00,5.997199214292912,61.4854827005683,66.79411764705883,29.289085605064603,983.7443157958612,67.82135936806856,58.60840990656045,68.57081152700628,5.8795166046018705,61.46992165758308,66.79411764705883,29.24221353194474,977.3966987992542,68.75716131289167,58.67830272296523,66.60230275415452,0.8781775167307498,0.4496282392133637,0.8884403374792631,0.44711516601537427
2025-11-01 07:30:00,5.968508192341928,61.358005355080415,66.79411764705883,29.30277402720713,987.1906679150776,68.33475701061198,58.82780918135194,68.71881558927292,5.840535215471205,61.44469116604691,66.79411764705883,29.244439786011014,976.5430995450968,68.74157970586586,58.68233505135924,66.60849720897325,0.8809406926381281,0.4470024749083344,0.8865045498002883,0.44645355884987337
2025-11-01 07:45:00,6.132617281627885,61.289862794521945,66.79411764705883,29.281873982346013,981.924168839353,68.59010840166714,59.23962589185883,68.52163076106106,5.7874495000244135,61.418950352377244,66.79411764705883,29.247914562732326,975.6432167572583,68.71074679416104,58.67531862683763,66.61565091056416,0.8894893064068203,0.45232820335053,0.8848620983533653,0.44583708266345906
2025-11-01 08:00:00,6.359450280230876,61.23136345753908,66.79411764705883,29.3539049889789,986.1393523703928,68.85913779256003,59.247831382656656,68.64864306215226,5.736864624433793,61.39810209197446,66.79411764705883,29.253022190048718,974.7523766697353,68.73912358734358,58.65610478300582,66.63313787378539,0.8747629210172501,0.4477824309143953,0.883568568863408,0.44547143255785326
2025-11-01 08:15:00,6.096716115845291,61.11139583928352,66.79411764705883,29.346951375399165,984.411336052914,68.27828822676345,58.96788105978332,68.38869439508237,5.689084917612575,61.38514154931081,66.79411764705883,29.258652873977514,973.76456457346,68.69650603831552,58.654558001223286,66.66136625879763,0.874822183004746,0.4465810340321738,0.8831253235433247,0.4450359129121281
2025-11-01 08:30:00,5.433552412845337,61.02728675630299,66.79411764705883,29.308699696017573,979.0206198161948,68.73126320618942,58.94368504535593,68.35429445971532,5.642314539692992,61.37593557757842,66.79411764705883,29.263705994705337,972.6533981865583,68.73573953295515,58.662903954569316,66.69715334884779,0.8661224701254094,0.4442791482685188,0.8831182315750884,0.44501356363597944
2025-11-01 08:45:00,5.239034258896155,61.0572792453016,66.79411764705883,29.304154070892757,976.9890271396528,68.43063239858506,58.99971479740387,68.32548629153129,5.5991700764199495,61.36251874422987,66.79411764705883,29.26836979774797,971.4463246678478,68.78337672064721,58.66554067707842,66.73907871831476,0.8570996994562815,0.4468087771052517,0.8835974761243315,0.44508455216895293
2025-11-01 09:00:00,4.816672481083624,61.04675089434554,66.79411764705883,29.31840619501418,969.662605589965,69.18708939350807,58.4597140356059,64.38496220189757,5.559664590055444,61.34861233552814,66.79411764705883,29.27124174496205,970.2005709101937,68.7620404351811,58.66286236482664,66.78088017405604,0.8662069618583167,0.438646801001171,0.8848794142829729,0.4452304004601937
2025-11-01 09:15:00,4.636605487204745,61.137345034634734,66.79411764705883,29.34506497317522,965.5543065659124,69.6299349955226,58.20895698611863,64.49728114084564,5.508377251372496,61.33358574839676,66.79411764705883,29.272832745568042,968.9648960827025,68.75297004062182,58.657595642506706,66.68503919327728,0.8629931921405303,0.4349713124231625,0.8862031177830793,0.44517579480458885
2025-11-01 09:30:00,4.6164162449719335,61.12081457063898,66.79411764705883,29.27679980907714,959.591918125826,68.6985667730286,58.4960229655323,64.74342141415406,5.447898395456516,61.32217918390121,66.79411764705883,29.272812776844408,967.6491551552386,68.78070193224943,58.650771012718494,66.7237976223027,0.8589151255238193,0.4327613163479159,0.8878743646971868,0.4451577473506598
2025-11-01 09:45:00,4.511374247208851,61.1653079698162,66.79411764705883,29.27175187438577,959.7985853668246,68.38445670360227,58.59434323842111,64.65091743739953,5.398155308790236,61.31107086859369,66.79411764705883,29.271521241281004,966.573144845881,68.79462490271723,58.648424129816284,66.73897602648044,0.8675930019396367,0.4308305337548211,0.8894038886279196,0.4455356421130556
2025-11-01 10:00:00,4.3084574327155165,61.29227622700672,66.79411764705883,29.317644748975987,961.5116719845432,68.04398654380749,58.50807323039706,64.92594343612906,5.345020469926314,61.30276499550292,66.79411764705883,29.2696645925485,965.802534530905,68.8110533408097,58.66967542471067,66.77440629158198,0.8559592605045238,0.4441165340028534,0.8917582747718057,0.4456704658668385
2025-11-01 10:15:00,3.790978145951095,61.34362212814923,66.79411764705883,29.332658384489847,956.5535966912742,68.26462671361402,58.47256447118322,64.87932021238336,5.292249225710337,61.29257440106241,66.79411764705883,29.266785035812003,964.6296799206116,68.82153622876055,58.684425436071095,66.81009658750068,0.8637984737296471,0.4468117467686028,0.8944236626626586,0.44583450982596823
2025-11-01 10:30:00,4.078462482721341,61.308638982493726,66.79411764705883,29.26465032666892,959.0820909495408,68.85642278823383,58.566937824421885,65.30175725399718,5.246384804264488,61.28542019508848,66.79411764705883,29.261338910567538,963.1340902056545,68.77923012103243,58.703254893777526,66.84889316496208,0.8748785352659133,0.4419426934612301,0.8978181461729842,0.4458268714320347
2025-11-01 10:45:00,4.669438075287898,61.10011175529089,66.79411764705883,29.266447434190983,957.8411092576816,68.83224000579227,58.735737930327126,65.30120021214577,5.190172996799939,61.284400657038574,66.79411764705883,29.25661918882717,961.8631335808878,68.79815617421386,58.694365234557196,66.90250414422864,0.8831144147487202,0.4447778268415331,0.9010147866811838,0.44598446497451344
2025-11-01 11:00:00,5.079834959267418,61.179917677637405,66.79411764705883,29.19813503181384,954.254374459433,68.85797453223095,58.29893381844015,64.97434868288462,5.137342757877281,61.28190966587594,66.79411764705883,29.251387734564183,961.0124238460601,68.82606148297529,58.68844660490644,66.94241612969209,0.875203215117358,0.4450514646686905,0.9044354348528075,0.446080703038478
2025-11-01 11:15:00,4.84652500744766,61.19330169565773,66.79411764705883,29.22928887833929,955.0492869707708,68.02301615318564,57.99528340836914,64.86796800523304,5.073059145721569,61.282849630814624,66.79411764705883,29.24564671206679,960.2080403787633,68.88231018143367,58.68035299352872,66.99424759282805,0.8930810810093677,0.4433571780324511,0.9078737799655087,0.44608732707058635
2025-11-01 11:30:00,4.891987491496577,61.35460772307383,66.79411764705883,29.22849665284711,949.4658113504248,69.21600143326066,58.01305959054486,64.98537756891027,5.00312338413675,61.28790905231249,66.79411764705883,29.238823545538878,959.2973858131926,68.92428306708307,58.66010362160911,67.05364963959194,0.8920156774847037,0.4473750406849504,0.9111990159689493,0.4463059436213391
2025-11-01 11:45:00,4.925787105721966,61.42063068183613,66.79411764705883,29.22997878406077,950.7676987872863,68.39059720239028,58.09964562833462,65.29603342370312,4.935657155355116,61.29498496609207,66.79411764705883,29.231875253830527,958.738532956091,68.92746172299441,58.63087995228625,67.11442665010323,0.913147635898224,0.4480732103965728,0.9139429091452834,0.4463070661935065
2025-11-01 12:00:00,5.130532193699684,61.54313551599908,66.79411764705883,29.245902656393003,951.1848246602736,69.7025284922568,58.66537253562385,65.5683982049516,4.866433606230411,61.302994286817324,66.79411764705883,29.223002970254015,958.0020169360358,68.9251703138551,58.59607110559041,67.16344039622396,0.9256184176067834,0.4514260806885743,0.9173972523221465,0.44629036104177433
2025-11-01 12:15:00,5.4983108413240185,61.455167601859934,66.79411764705883,29.21011964849212,952.3419087285464,70.3244069145097,58.671089111969394,65.59036646239164,4.815651662402313,61.31602121300467,66.79411764705883,29.215338298197583,957.5224714353906,68.95519076489956,58.57945553379571,67.24522665433359,0.9316445305165592,0.453252260110352,0.9212650980361529,0.44661371476159617
2025-11-01 12:30:00,5.710103293364075,61.422489054259856,66.79411764705883,29.22310799001143,949.0166977209956,69.32713831743355,58.6384146753386,65.77199768957946,4.784087350595758,61.331968485847554,66.79411764705883,29.209987880351196,957.2670302452354,68.94733017028655,58.56237524495,67.33212032337643,0.946274218359062,0.4530432938263242,0.9249719338707664,0.44690633011352826
2025-11-01 12:45:00,5.766416683471691,61.31581385015829,66.79411764705883,29.21652223830184,946.5293111363962,68.91316394161342,58.70460555395325,65.48287568907477,4.757412926393346,61.346080271656106,66.79411764705883,29.2023655368988,957.0923088303755,68.96876768067206,58.55141675375992,67.4198849958597,0.9395304341514464,0.4472694350122445,0.9288431767003812,0.44715659499685945
2025-11-01 13:00:00,5.547183104362404,61.35239526160427,66.79411764705883,29.225017726998523,945.8127682265656,69.11928371367313,58.7421652643208,69.54111807829271,4.735746695645487,61.36557139069411,66.79411764705883,29.19320741927841,957.0945830892666,68.98096201890982,58.55377378011862,67.63746252520967,0.9423466914744546,0.4438184957310491,0.9327391233770231,0.4478209393240897
2025-11-01 13:15:00,5.375303990582276,61.27222632019904,66.79411764705883,29.198219678528737,953.7224408466806,68.89974233010899,58.92779022497839,69.26432003604918,4.723737166888321,61.379387205452886,66.79411764705883,29.182262246641674,957.2727131510951,68.967069159278,58.54556365906383,67.72416148671795,0.944729950057212,0.4491306274067725,0.9371019428889774,0.4487763254761886
2025-11-01 13:30:00,5.076524065929704,61.298542560080975,66.79411764705883,29.19159964779967,957.1335857310102,69.28784922236055,59.22382643593909,69.43964299753547,4.726845205873169,61.39264460915357,66.79411764705883,29.173754933669432,957.4445655795568,68.96917667473092,58.53134746593428,67.79997593503441,0.9665786769926862,0.449704119059608,0.9414622212300049,0.44992236222862375
2025-11-01 13:45:00,5.067267693857265,61.33786467512324,66.79411764705883,29.190077934100916,950.65394262186,69.75652829410392,59.15402100457511,69.56332975430972,4.7436404413492825,61.40312035374924,66.79411764705883,29.167782133498804,957.6105049540708,68.98717160434126,58.51817861059082,67.87983993450489,0.9734995637891248,0.451383348741402,0.9457321490849303,0.45103691076469155
2025-11-01 14:00:00,5.058419750500899,61.353639583147945,66.79411764705883,29.15700142436748,936.655933148251,67.43134217827615,59.219292252207296,69.7593990622742,4.780941824465941,61.41138406210991,66.79411764705883,29.161376909257132,957.6771751530072,68.97220285913701,58.51160606341548,67.94702143268297,0.980817884367842,0.4518115198116891,0.9508088356166476,0.45179323542729294
2025-11-01 14:15:00,4.86550253646924,61.45494058472132,66.79411764705883,29.120334083049933,949.7224696526672,69.36838725320821,58.77498500145371,70.06875618103992,4.837155642346862,61.41388340929438,66.79411764705883,29.15409541241304,958.0069249541026,68.9569691646374,58.50044203351636,68.00697177372281,0.976519095276042,0.4508676408810552,0.955794297244849,0.45263389569894685
2025-11-01 14:30:00,4.625101665598164,61.42707347994556,66.79411764705883,29.096962169936766,959.0462888796284,69.22101418909176,58.64760569416672,69.88537265975943,4.8894578925334935,61.4135693787712,66.79411764705883,29.14908791222764,958.0796495078444,68.94322893010873,58.48773323519924,68.05365009540066,0.9771822183928668,0.447588303708747,0.9606538881954191,0.4536722508509331
2025-11-01 14:45:00,4.068690849621537,61.5136816487284,66.79411764705883,29.116854930142672,959.6128117769516,69.50882032182001,58.36560156522903,70.12575542108469,4.9272836350467575,61.42479961629717,66.79411764705883,29.143305751318675,958.331618128991,68.92838456519891,58.47683490480045,68.10933511657018,0.9813278701117844,0.4498269601766153,0.9652231178314368,0.4546130613212745
2025-11-01 15:00:00,3.8704353447973534,61.50978800001657,66.79411764705883,29.0980790313697,959.8710309479644,69.59394358009425,58.22032802376355,70.50087699218967,4.97213348547726,61.4314091525821,66.79411764705883,29.139418021420443,959.0361666645044,68.92643778615778,58.494010006105505,68.17168805554235,0.9806977727413474,0.4535609714309149,0.9700901497098058,0.45578406186452286
2025-11-01 15:15:00,4.108630418178894,61.50214020790945,66.79411764705883,29.073425231095506,965.158583126302,68.68546807900708,58.362915812172936,70.34494107639995,5.029720384425499,61.43482434962986,66.79411764705883,29.135061497097656,959.3971315131913,69.00170880708052,58.524831963392366,68.23244891120872,0.9718061016968428,0.4523618805155527,0.9741620013993143,0.4571875135958096
2025-11-01 15:30:00,4.282743806489714,61.47164307929635,66.79411764705883,29.08773648168364,964.0438717687356,68.79039551838143,58.2035659817814,70.11905544577431,5.071896762285233,61.43182786360815,66.79411764705883,29.130374175559336,959.8989457402953,68.99735913821068,58.57126920302336,68.29293181078947,0.9783932163231452,0.4472812763624298,0.9784304446936803,0.45862628874851047
2025-11-01 15:45:00,4.573257801002367,61.50220362490406,66.79411764705883,29.117011213706085,970.024971033558,69.1789017580965,58.46941390594248,70.84228213837089,5.107156851672697,61.422765950243836,66.79411764705883,29.125553598728242,960.0707955734683,69.02581023621943,58.63063028060182,68.33160553555052,0.9908575544249344,0.4562816456268295,0.9820530638216984,0.4602970211365943
2025-11-01 16:00:00,4.486623058648685,61.5057049415895,66.79411764705883,29.14818716062604,971.3573841115426,68.49544536779925,58.4312763799844,70.96110453100113,5.13854140346105,61.41168750336102,66.79411764705883,29.118497213051388,960.3336389411612,68.99330236233905,58.67011725828342,68.35887440995401,0.9773275451638176,0.4530576088264818,0.985197746278181,0.4616750488970182
2025-11-01 16:15:00,4.438801532823759,61.480632819558345,66.79411764705883,29.07548376732084,971.7473846938544,69.07375771015035,58.670960061701614,70.95842646602927,5.163382947274003,61.40605719927924,66.79411764705883,29.11216755653094,960.6074175644409,68.94489923215511,58.70666275206885,68.3791385113557,0.9732369843447248,0.4543167236051862,0.9876281749514496,0.46307129005837033
2025-11-01 16:30:00,4.16668555864787,61.63148446548549,66.79411764705883,29.043662666402504,969.7308333566964,69.55291954064077,58.53042482636666,70.91228808239666,5.184796186214025,61.40300693091706,66.79411764705883,29.104963767159113,960.9027332707606,68.92991069753498,58.73659247773792,68.39618830703596,0.9830853621575734,0.4585771308180786,0.9898121091512557,0.46432610606271907
2025-11-01 16:45:00,4.27631962448975,61.55181947739807,66.79411764705883,29.016709794073147,970.898208420768,69.21314920656818,57.96265335447493,67.09824998609398,5.201775935085632,61.40571128092902,66.79411764705883,29.099783707805855,961.3605087218867,68.93876826240115,58.75616424620382,68.4136221127519,0.9938777774991594,0.4636328969861297,0.9921918168554711,0.4656072467804062
2025-11-01 17:00:00,4.709657414517365,61.5185366816596,66.79411764705883,29.02158041990985,964.7474909796724,68.76179223661575,58.06953717164618,67.0178548636478,5.21548771366911,61.40550256116358,66.79411764705883,29.09365149480812,961.8778856826083,68.93070631712256,58.77989708218498,68.300285080366,0.989723475754642,0.4671424189209701,0.9945243871793843,0.467128321865677
2025-11-01 17:15:00,5.015231311492288,61.47958030768605,66.79411764705883,29.09256786926697,964.7767666022488,68.92430459191273,58.19927757811716,67.0468374215137,5.228028544547119,61.406340636081126,66.79411764705883,29.085821184238974,962.0943534570719,68.94722489523677,58.80657832299105,68.31693300775828,0.9956908375874028,0.4642669898368559,0.9968801813375505,0.46855341948141105
2025-11-01 17:30:00,5.427498926215275,61.54018747782683,66.79411764705883,29.125488021725857,963.5117779526324,67.59492418768009,58.31089681513679,66.94138838147167,5.247392529897048,61.4034087336797,66.79411764705883,29.080621054459733,962.3190923612585,68.94640519155611,58.81830476443316,68.31876956275829,1.0082598564560403,0.4668062738808939,0.9983518451857805,0.46979788893082297
2025-11-01 17:45:00,5.477392682378708,61.41860254368324,66.79411764705883,29.114213479167013,966.4460907241374,67.80761587862563,58.137643574209335,66.67783044357824,5.272903708905103,61.4002129492116,66.79411764705883,29.07592897323006,962.6687251471627,68.92610943920695,58.83361918092581,68.3110997773872,1.0133623225756907,0.4720315549182209,0.9999209298120182,0.4710267298234241
2025-11-01 18:00:00,5.647529988320287,61.29921806679872,66.79411764705883,29.11442532110692,961.2638275617936,68.44421575237408,58.18567387490841,66.70210690433285,5.323400074903446,61.39575122063209,66.79411764705883,29.071177382470292,963.3475544084873,68.99203423088063,58.85123596795068,68.29845176031003,1.0206662637830155,0.4730933480208183,1.0009610244690912,0.472382917551283
2025-11-01 18:15:00,5.804210350685821,61.43701888106995,66.79411764705883,29.092982606922,965.4001678920828,68.38690905849754,58.40878801836373,66.97175084723156,5.3841711394628256,61.38757613876968,66.79411764705883,29.06558136704332,963.5715788602774,68.9871425218574,58.87716358744392,68.27345830099445,1.020191303829251,0.4730021409517731,1.0020091945539875,0.47393675955493125
2025-11-01 18:30:00,6.42533047218249,61.37820376618501,66.79411764705883,29.08150313486688,975.3908305248364,68.79957116099715,58.81418685759164,66.84493685204927,5.441427475875975,61.37870358753651,66.79411764705883,29.062009468619728,963.5258448871343,68.96596890355603,58.91158798433699,68.25062297300003,1.0212141714684266,0.4801814809661419,1.003509022725387,0.4754582176115741
2025-11-01 18:45:00,6.5741319758948205,61.29575760709049,66.79411764705883,29.098593148655738,965.8782324313796,70.28114678086763,58.91994212697495,66.69079367522448,5.52169839298329,61.37030586787407,66.79411764705883,29.05745053226826,963.409562422304,68.90706578440245,58.94264354486475,68.2157913511053,1.0152366316946255,0.4854607299710547,1.004659684548533,0.47705914640610775
2025-11-01 19:00:00,6.157278827288614,61.26471314242266,66.79411764705883,29.087877006697603,964.5202381635406,69.0855113671656,59.40617677947501,66.7998645563329,5.60604382960749,61.357378706114304,66.79411764705883,29.053128902325582,963.3204955161358,68.86252446310273,58.98641633877703,68.17578640890423,1.0200689763156852,0.4905382952659775,1.0053273347146707,0.4785336624651287
2025-11-01 19:15:00,5.983589787345892,61.1487732809067,66.79411764705883,29.085361479127823,955.9231937824788,69.24413014265234,59.88047795568827,66.45624516653444,5.679956772300794,61.34654150546279,66.79411764705883,29.049551012716613,962.9860262697418,68.88087190608857,59.029718407794476,68.13749500026732,1.0218262097387638,0.498195182039087,1.0061730868363175,0.48032747398343123
2025-11-01 19:30:00,6.072068747350292,61.210782109514895,66.79411764705883,29.03421108608735,959.0701256910554,68.72729227584543,59.849981866071694,66.38646443705636,5.766912440842356,61.34188906385036,66.79411764705883,29.045526806108022,962.915045429999,68.8610530388547,59.0794278044258,68.10589262919396,1.0199588913012576,0.4927669135012901,1.0061028266869056,0.4822786917054256
2025-11-01 19:45:00,6.243557155712576,61.2862584794062,66.79411764705883,29.020229952878832,960.5552674269398,68.87231300899185,59.76745392553232,66.19828950444233,5.858469594497237,61.337659687503795,66.79411764705883,29.04110522577579,962.2509764595742,68.83521258750395,59.1240538719258,68.05197312295579,1.0045573907146197,0.4951394949509163,1.0054290968022919,0.4836514908092877
2025-11-01 20:00:00,6.352500461564748,61.33098100339454,66.79411764705883,29.00699430885657,957.8761689105854,68.87748227882986,59.53630644541103,66.28349155998689,5.946774736479716,61.33193369879996,66.79411764705883,29.033789473524383,961.5928563002512,68.83571845371155,59.17880434196997,67.99441428656307,1.0117922443532468,0.4906877739567849,1.0053442794766403,0.48519577089826
2025-11-01 20:15:00,6.275809149619869,61.39694435051716,66.79411764705883,29.061120457704156,960.26257467018,69.17889088759844,59.29175860792965,66.00588986055338,6.030541673717914,61.32656264579915,66.79411764705883,29.02778686979301,961.3399560501049,68.80247276732196,59.22312699766356,67.92633986447429,1.0109216652779087,0.4857036565428602,1.005825277535872,0.4865012229057868
2025-11-01 20:30:00,5.958536461866788,61.34613366864121,66.79411764705883,29.041051337066488,961.3340770482132,68.8774253553153,59.45415034375576,66.14100710671539,6.136476158276299,61.319271850531706,66.79411764705883,29.023840306205436,960.8983947259385,68.74151380917405,59.274102946721186,67.86129166465318,1.0123238011918498,0.4894507482891723,1.0059091323174263,0.48768607748019605
2025-11-01 20:45:00,5.75152891692254,61.29736856772521,66.79411764705883,28.963310361454315,960.2164740805856,69.39529967353559,59.72822744916058,69.76375785781802,6.2410351238812325,61.315348218898514,66.79411764705883,29.019938052032135,960.3556919611517,68.70126687713955,59.328762848180695,67.92038774840942,1.0154037748022011,0.4918835558787943,1.0052681181222458,0.48851601424060626
2025-11-01 21:00:00,5.657443626427587,61.21058548803797,66.79411764705883,29.03559575442236,963.8757528566146,69.26325811194037,59.57561967920224,69.49473964753602,6.340713173943206,61.30904913293515,66.79411764705883,29.016601099023674,960.1927649900172,68.65632231038317,59.37576677353273,67.85689782053315,1.0107285924395812,0.4870382025419655,1.0042778127973544,0.4892985926873365
2025-11-01 21:15:00,5.832603064098879,61.241991141080646,66.79411764705883,29.04931549721078,961.1429261989828,69.14765572362903,59.61345349935482,69.3332361931765,6.421162453183015,61.30199338617276,66.79411764705883,29.010910406137285,959.6894385621982,68.61385748125062,59.42457499264621,67.7960672700558,1.0205721025762569,0.4882485755194367,1.0033589697065142,0.49023679008323906
2025-11-01 21:30:00,6.57331073045119,61.21978772576256,66.79411764705883,29.014453701574386,957.0208109879952,69.40908592848706,59.747795862953446,69.37995854995927,6.48807674921469,61.28789249011415,66.79411764705883,29.005839421455057,959.2239183696016,68.60638187572836,59.47005114585442,67.7415619159545,1.0120207240800367,0.4924971516474564,1.0018394179027397,0.49113260981863555
2025-11-01 21:45:00,6.688634473250628,61.2096881288492,66.79411764705883,28.9524536202408,956.4432032063668,69.22163598251109,59.55281358625087,69.31895240157253,6.549656677528745,61.27568062353006,66.79411764705883,29.000962081616148,958.9167503760772,68.59406263870979,59.50786597999726,67.69158580532164,1.007964197822928,0.4974829009905031,0.9997670762606394,0.49207841848144296
2025-11-01 22:00:00,6.342791757992671,61.16089694295036,66.79411764705883,28.989805217228977,957.6742696853336,68.5858056400502,59.68033760095891,69.20031281992686,6.604972360111607,61.265865717619086,66.79411764705883,28.995764241887798,958.6554261241506,68.57676040396889,59.55386906888815,67.6405469567279,1.0221770635348475,0.493232045408031,0.9972138804102083,0.49316304888648266
2025-11-01 22:15:00,6.476818362840961,61.26175005885512,66.79411764705883,28.980086839598695,956.124337832041,67.74172674721312,59.29726838106177,69.08080676424251,6.656915925798012,61.24767653049104,66.79411764705883,28.99059438454804,958.3989783362483,68.54422235452803,59.60089526362423,67.57944060455979,1.0158477248061684,0.4978548240126265,0.9945334827704176,0.49423680788933566
2025-11-01 22:30:00,6.400798443523385,61.12197314722363,66.79411764705883,28.968430133089385,957.1990237629176,68.25770394110266,59.53351184113183,69.30072872615773,6.68832544413789,61.2316747351382,66.79411764705883,28.987016878777997,957.8964484136781,68.51566838077116,59.61429770439261,67.52857384473111,1.00072727772548,0.4977964532015431,0.9919446383339271,0.49501995195895065
2025-11-01 22:45:00,6.326018698977965,61.17702418836382,66.79411764705883,28.966088542826327,955.1245057344844,69.23589136858213,59.661977882696455,69.19619881729285,6.705925700250014,61.223105920055,66.79411764705883,28.98313360247412,957.6851048715893,68.41433337120212,59.61951200506984,67.47731098532186,0.9971786653462404,0.5061762260646278,0.9896563265170307,0.4955263630490226
2025-11-01 23:00:00,6.8914138627366,61.33206983092381,66.79411764705883,28.96701028342593,961.9144465764512,68.19582950136561,59.694847880721,69.1709843135733,6.729446978607215,61.21596509898777,66.79411764705883,28.979945118298886,957.4529622273315,68.35793464826432,59.616659927921056,67.42807223723591,0.9762854118407952,0.5058178080222603,0.9870207380719435,0.49589494269177353
2025-11-01 23:15:00,7.319972410648778,61.37532233450703,66.79411764705883,28.98436380373923,950.1029019208164,68.40368821757347,59.80819593094272,69.22469695122597,6.756127065652023,61.2118879879504,66.79411764705883,28.97755960212626,957.1627605023352,68.30105603102517,59.594409752402484,67.3860736895263,0.9706456578865188,0.4974656187426927,0.9847581775301919,0.495988565720022
2025-11-01 23:30:00,7.135777318123089,61.33392528047414,66.79411764705883,28.928714593083757,951.6137793318532,68.51062135402758,60.0737904813092,69.23433943921906,6.769284936960896,61.21000202809448,66.79411764705883,28.976026953928315,956.7737187252011,68.29008468574658,59.57036053133716,67.3429804190575,0.9747830253942658,0.499386011495651,0.9826452834780057,0.4960381934934594
2025-11-01 23:45:00,6.951809649969665,61.31950122953411,66.79411764705883,28.89540565537969,964.1603771894598,68.07638711846268,60.000639732509605,68.9161938033658,6.778767698369159,61.20188129501948,66.79411764705883,28.975651005250924,956.2457530170104,68.27070525909527,59.559157316609,67.31487145645819,0.9876669261216852,0.49348028383099,0.9803378226938235,0.49583542848487827
2025-11-02 00:00:00,7.344720095399442,61.41276060746228,66.79411764705883,28.92526575877517,956.4839936317094,67.72415079620346,60.0597032980953,68.96084208776382,6.77934911690941,61.19457696994763,66.79411764705883,28.976057074310482,956.095990194977,68.25235563890631,59.55507201767805,67.2797959174941,0.9856010056042004,0.4941227680503576,0.9780453532797951,0.49551578968341586
2025-11-02 00:15:00,7.413088592637763,61.43411052840236,66.79411764705883,28.899642168874053,954.6171254771644,68.00574124553302,59.6024503982603,68.87113249878122,6.789726632673257,61.181462741873695,66.79411764705883,28.975505448469097,956.2237280176954,68.22934202567122,59.5550209917101,67.26061372671944,0.9746473516437448,0.4885309997984349,0.9757962818122412,0.49516811038321323
2025-11-02 00:30:00,7.6999989163765905,61.32956410275871,66.79411764705883,28.92147182965627,959.8596818456368,67.4134552339248,59.47965493220698,65.1131570273596,6.806324067051599,61.168388287510574,66.79411764705883,28.974880423953866,956.0807199813806,68.20871247663152,59.56251919194121,67.24016486047277,0.9600143160079012,0.490619772322877,0.9733825461554372,0.4945637998587703
2025-11-02 00:45:00,7.428709688686548,61.267907904814365,66.79411764705883,28.92184708267521,949.6769737676808,67.65035971793621,59.663524151521855,65.22192090719315,6.832437589786599,61.160342680031995,66.79411764705883,28.973770715039834,955.8094280595184,68.17012551430595,59.550073819770425,67.0836176606528,0.9681255448621912,0.4924129117139335,0.9707272506908537,0.49390026070841875
2025-11-02 01:00:00,7.434927807165517,61.11716059606848,66.79411764705883,28.973358481258987,949.5461721747344,67.37065602201186,59.67518141138278,65.30622775843275,6.8605529276324,61.15430015155933,66.79411764705883,28.97026790535181,955.3699463736103,68.12527247154749,59.56231118241658,67.06795716217204,0.9626733023428078,0.4936808659427875,0.9679870289701163,0.4934012473375017
2025-11-02 01:15:00,7.324790531800371,61.05224654616037,66.79411764705883,28.967893283999796,957.231050918404,67.43803876806838,59.27208859849476,65.17854712459254,6.887396402503489,61.1537189481621,66.79411764705883,28.965430936118356,955.1772962390033,68.09107568281969,59.5687188985706,67.05119043475993,0.95119207331268,0.5004058148024454,0.9649966014402653,0.4927585489232869
2025-11-02 01:30:00,7.307000465806143,61.00477088946939,66.79411764705883,28.9584901292564,953.4241000039972,67.92514871014731,59.56576654163503,65.17094144652086,6.905485324025529,61.15739206146403,66.79411764705883,28.960409914323925,955.1496737268343,68.0684530356673,59.561836747034135,67.03163617604017,0.9440703882700816,0.5056322601720071,0.9624616089502506,0.49202263121012624
2025-11-02 01:45:00,7.362517321277959,60.89134326722882,66.79411764705883,28.937886886729256,957.7067342550126,67.41076757527179,59.81957386044615,65.13856028218811,6.926199417957837,61.16002270805609,66.79411764705883,28.956108256531373,955.0539363513705,68.03320914460397,59.549309695637895,67.01481328439588,0.9397793746355306,0.5052149110373647,0.9601658515622177,0.49085342776575486
2025-11-02 02:00:00,7.367616022378843,60.89814990559989,66.79411764705883,28.97417796176563,960.3149328477256,67.94295194829118,59.21626008064312,65.31893405718881,6.961963102234495,61.16050234172726,66.79411764705883,28.951444348699567,955.1775597098068,68.03825802243907,59.5336123916932,67.00303554730881,0.9435488383737144,0.5036758030545907,0.9574261331460876,0.48981222565950283
2025-11-02 02:15:00,7.102139659258527,61.0386931545945,66.79411764705883,28.982094859539355,959.5379261687168,67.24109649379628,59.0763711472919,65.15290789294713,6.971514347633836,61.154376894440546,66.79411764705883,28.947250349928883,955.2193074680563,68.07156953305946,59.53726463731684,66.99593882702156,0.9465872771877348,0.5006530626732124,0.9549100560509753,0.488517106135719
2025-11-02 02:30:00,6.8629171780046425,61.05048851040576,66.79411764705883,28.992222481440574,957.5559588358076,67.39354967903132,59.32061446501111,65.32270211375408,6.986361004148526,61.15136795087272,66.79411764705883,28.943111434933382,955.4853368741622,68.08004849078162,59.52652904236634,66.98204565996818,0.9410013229630616,0.5015956845485067,0.9530291169212878,0.4871891268694938
2025-11-02 02:45:00,6.783992398690096,61.02645994978551,66.79411764705883,29.013795993949103,947.21714203259,67.53777162547819,59.212972690131394,65.19628873524593,7.00306576436594,61.148968565262244,66.79411764705883,28.939485442157903,955.7010234976382,68.05344732082061,59.49516003386563,66.96594079467052,0.9539493934862198,0.50100387288654,0.9508847635019889,0.4856370738272922
2025-11-02 03:00:00,6.466804886616523,61.154203313837336,66.79411764705883,28.98823164014895,947.3988723770372,68.39815191748744,59.12850523411165,65.09366632299233,7.0013745738188256,61.14582454116909,66.79411764705883,28.937693784132097,955.6706794569753,68.061753539456,59.462691383814054,66.95284379721836,0.9565720697356752,0.4942557467044124,0.9494224711358268,0.48407573913183366
2025-11-02 03:15:00,6.528039997960441,61.0426364871563,66.79411764705883,29.008951492557145,944.7162961812168,68.29093020945285,59.4313574836879,65.35502062646331,6.987174768412534,61.141905945308096,66.79411764705883,28.93412226465795,955.9365390847394,68.04313618126486,59.443086513250044,66.940196537905,0.9353335671891532,0.4890565446934821,0.94817297184625,0.48296947798623646
2025-11-02 03:30:00,6.369943017772295,61.11185125123896,66.79411764705883,29.019176380643305,953.3832842495827,68.3269936731608,59.4137474774823,65.23122539106387,6.96612002775495,61.13833432518766,66.79411764705883,28.934158683646544,956.149614743836,68.01941391632441,59.41508096708119,66.92767224037,0.943018161932394,0.4810986099129137,0.9468210551559991,0.4816819261511814
2025-11-02 03:45:00,6.587134622535297,61.00351750829888,66.79411764705883,29.04457168246259,964.0947093517306,68.48848249054585,59.29022782889136,65.4304241373137,6.936986155618336,61.13407759884749,66.79411764705883,28.93592962535284,956.0097906670467,68.0132709099138,59.38000974692143,66.93524807185062,0.943449521251289,0.4752732775367804,0.9448088484999019,0.4805325462384949
2025-11-02 04:00:00,6.456459493217007,60.95390003774781,66.79411764705883,29.022300601609487,957.0438359587724,68.25853888412435,59.67909635068916,65.52754111931549,6.880488348693052,61.12746502535131,66.79411764705883,28.936987571597665,956.0152861702359,68.05193086869083,59.34373368006947,66.93291066332529,0.9399117314877315,0.471321432555884,0.9426808093834889,0.47921425376863064
2025-11-02 04:15:00,6.534934598972567,61.05600034336759,66.79411764705883,28.930019094033344,952.0777164247174,68.23769080376849,59.35486628403688,65.06734186321877,6.821324311143267,61.119537898647295,66.79411764705883,28.93718514621101,956.1690088540261,68.05053770320313,59.32381479742293,66.93280600276586,0.9357449108646964,0.4719773813682496,0.9408920195052911,0.4781962051231854
2025-11-02 04:30:00,6.500903761801613,61.02930963385816,66.79411764705883,28.930511463781727,950.6913022793732,67.91766682918654,59.942740558586806,69.0249246931131,6.750924665296956,61.11444286988636,66.79411764705883,28.936800983331366,956.3195810787795,68.07640144387604,59.30485707098587,67.06332882539567,0.9285219408174616,0.4720678014144511,0.9393616407114161,0.4770083662566772
2025-11-02 04:45:00,6.637907310231567,61.2245550391636,66.79411764705883,28.904206420207093,955.3634221607714,68.12175206179471,59.80568498397543,68.83023437081356,6.69210616146575,61.10800790926673,66.79411764705883,28.938719326039053,956.8103471101163,68.11500662180934,59.26340108806193,67.04761254724214,0.9308592766807235,0.4689676230929961,0.9372024517371724,0.4754905836070049
2025-11-02 05:00:00,7.1159783761123565,61.32998112482058,66.79411764705883,28.86382304774156,956.192135622924,68.73040651391544,59.54133131685939,68.79333078836639,6.627959620982205,61.10953287973739,66.79411764705883,28.938176683408464,957.2067097829786,68.13577197943668,59.227204191634186,67.03686793544651,0.9359709493795918,0.4704196202526347,0.935316043012762,0.4738834417781704
2025-11-02 05:15:00,7.310057291219902,61.28860752661101,66.79411764705883,28.823403886464146,953.5710819424507,68.16431925061163,59.17700204436368,68.81426565224378,6.552441314729515,61.117565191686154,66.79411764705883,28.936501436062592,957.2357837577944,68.12137729989496,59.20170766761613,67.02241294292011,0.939091476181945,0.4624067976593611,0.933681168968301,0.472191048651413
2025-11-02 05:30:00,7.415702286292435,61.17528595308551,66.79411764705883,28.84988798227484,961.3829704384262,68.73727197510266,59.20941848261817,68.84698070731473,6.476304570250293,61.12847330734636,66.79411764705883,28.93398511391663,957.3046297758095,68.14518787438124,59.158989958408576,67.0027864094969,0.9399855110509456,0.4619959822204705,0.9318336129212512,0.4701416541157421
2025-11-02 05:45:00,6.763355724821154,61.07798664025344,66.79411764705883,28.854266876478192,957.3767705795248,68.74107206582516,59.40683574977073,68.86790515562484,6.392875017403382,61.14574512134185,66.79411764705883,28.93331247207577,957.3559274051325,68.18443359370801,59.11399551782154,66.9883113582994,0.940365411952799,0.4590012382991129,0.930477585689653,0.46811171428156817
2025-11-02 06:00:00,6.846198138964065,61.03170484018894,66.79411764705883,28.844262683224407,965.1799059460924,68.51207267276769,59.21144399261738,68.88393371455648,6.322098060632341,61.15926813306547,66.79411764705883,28.93207024468694,957.4115759655799,68.20207359107077,59.096447074456556,66.97118612225081,0.9442991038348546,0.4579570752147855,0.9291350910646928,0.46613097489412564
2025-11-02 06:15:00,6.82716150550039,61.10504262004948,66.79411764705883,28.85730875956201,961.5951044387648,68.43785626975145,58.72090762767479,68.71305285836323,6.255540268229427,61.16897374481491,66.79411764705883,28.93071438121405,957.3775254129584,68.24557946961926,59.08400908221001,66.9798380768288,0.9328480627672756,0.4596146347985795,0.927370612632913,0.4641896696313047
2025-11-02 06:30:00,6.840678146323171,61.23774910812934,66.79411764705883,28.91326054265172,961.004125356569,68.44501606042765,58.72078837917363,68.77807439000848,6.1958350322358475,61.178639580441015,66.79411764705883,28.9304515128936,957.1877781332084,68.27502821439475,59.06194492707234,66.98037556702198,0.9324166408559302,0.4589777671585051,0.9260918537900584,0.46226850233562483
2025-11-02 06:45:00,6.893978248460073,61.2577644586773,66.79411764705883,28.877218219514766,958.0786907537324,67.84516747183872,59.22004981402267,68.84527917182473,6.135203869889607,61.18860570780032,66.79411764705883,28.930609097898348,957.3631061368164,68.29796727951734,59.04737580348125,66.99255334261575,0.933160679199216,0.4642777843747789,0.9242839399781302,0.4603831183291635
2025-11-02 07:00:00,6.504135098395529,61.22677667686093,66.79411764705883,28.92980716274152,958.0060491047532,67.79895340581429,59.23362409624358,68.85861051316951,6.0824313383998945,61.197843594993316,66.79411764705883,28.931725438150536,957.5032732720314,68.30385205842721,59.03623042840297,67.01067543127436,0.9342255246867408,0.460759456443995,0.9226830599023953,0.458645843473841
2025-11-02 07:15:00,6.077793485871259,61.19179943932897,66.79411764705883,28.94853390656853,959.9656548857824,67.89209692614446,58.94850312771651,69.14346874778471,6.028206173314197,61.21021921734054,66.79411764705883,28.93407094785815,957.775629884624,68.29816323002238,59.017977115299836,67.02429117183284,0.927300726438764,0.4589988864503972,0.9220973570896577,0.45722413134566336
2025-11-02 07:30:00,5.649785887640916,61.214383402577305,66.79411764705883,28.9570041461199,956.648858727384,68.88394955951466,58.971421292536576,68.8907198320033,5.998316497269376,61.22008867993619,66.79411764705883,28.937083883725233,957.9622918220082,68.27536850953015,58.99527210542049,67.03926920704022,0.9217598321118096,0.4545739939544289,0.9216283179168203,0.4560718788659747
2025-11-02 07:45:00,5.638167466144208,61.19629672728156,66.79411764705883,28.90556940727456,959.2288059908716,67.96394628090195,59.00488391886429,68.86799268199817,5.962102068326224,61.23577361619404,66.79411764705883,28.940966785968154,957.8764516099069,68.27916335272171,58.97043177252613,67.0531482524526,0.920983655297814,0.4579895404350779,0.9210113120546801,0.45502593299897603
2025-11-02 08:00:00,5.58800954098725,61.17671323993055,66.79411764705883,28.909946943266835,964.3768485882345,68.1893674541118,58.91092313909514,69.02884170625421,5.927905232328531,61.251169330575316,66.79411764705883,28.94615082035024,958.2584806901624,68.25090400563131,58.928712085557116,67.05382946705903,0.9141029521916508,0.4549846063276332,0.919931162503003,0.4541964959412132
2025-11-02 08:15:00,5.664154573750379,61.074859086225736,66.79411764705883,28.979397363905864,964.3999547077868,68.8085150559354,58.41984466380352,64.75043256258708,5.895702612417892,61.260792250976316,66.79411764705883,28.955628809965596,958.5087326161065,68.2706423732956,58.90280604234661,67.07505645444151,0.9033498756348776,0.4468794322237634,0.9190886348170095,0.45343075283249007
2025-11-02 08:30:00,5.510531592659172,61.16290971018812,66.79411764705883,28.957079202341365,961.437052360605,67.99361675083213,58.58927451855056,64.98388940456378,5.866121031597577,61.26989835911344,66.79411764705883,28.9676127709207,958.719186635801,68.27863132691276,58.86071901867985,66.96606226295108,0.906081040610498,0.4454666110777508,0.9189756929540965,0.4525508309298533
2025-11-02 08:45:00,5.059241344219654,61.29321590462341,66.79411764705883,28.91763586362352,958.103270162879,67.00619838181662,58.507192877953074,64.7448973488007,5.835611644755553,61.26791779729673,66.79411764705883,28.98233710709734,958.5955783266513,68.27983378092465,58.85310894566871,66.9900911500019,0.9021458519788518,0.4496340209997249,0.9190432141359145,0.4518126336043507
2025-11-02 09:00:00,5.022898131429503,61.33201435927562,66.79411764705883,28.88300046487775,955.4894805444472,68.63946594473553,58.28423526540836,64.58214544382481,5.789379323060916,61.26199982785389,66.79411764705883,28.998033281183947,958.3976862797903,68.2512960651264,58.8426584168216,67.01542621032185,0.8886437068585873,0.4441504241018814,0.9194645574607907,0.45129144449539055
2025-11-02 09:15:00,4.859630735870625,61.40949768709326,66.79411764705883,28.91770763150324,959.2456631347072,68.58813915507504,58.4697406428351,64.70430874626258,5.739750547167927,61.25537330428092,66.79411764705883,29.01489071112968,958.4193953355855,68.26868200668596,58.83714191073962,67.03794298186051,0.8990985576875836,0.4443167160121438,0.919869956599834,0.45121074115184706
2025-11-02 09:30:00,5.244307319247623,61.30384025730859,66.79411764705883,28.936911140100783,961.9843896611492,68.4721518691741,58.68980677969351,64.80517697573165,5.674183902616119,61.25546393625745,66.79411764705883,29.031065821921267,958.0198064381331,68.26725859362692,58.82964150666593,67.06104152132427,0.9032739996249088,0.4442536214313158,0.92069270084899,0.45145859118878495
2025-11-02 09:45:00,5.105405887171097,61.32986150707778,66.79411764705883,28.941418955352635,958.5164095900708,68.54627285025094,58.70323137989541,65.41246653028676,5.617020410908734,61.255435822078674,66.79411764705883,29.04818529575842,957.8774795366477,68.26682999565385,58.8157280157637,67.0783470911621,0.8936529242343381,0.4424139047885843,0.9217194757172804,0.4517660505393441
2025-11-02 10:00:00,5.071760098197241,61.34046357918889,66.79411764705883,28.98433643182718,951.8635404433068,68.27701202229582,58.65868981088144,65.33882681954924,5.551645205693588,61.25283813898311,66.79411764705883,29.06463408486841,957.487429433353,68.2611560323523,58.80235304490139,67.0900863713189,0.902638557677429,0.4439606656781107,0.9228170102223,0.45201899366496695
2025-11-02 10:15:00,4.9650575283029,61.32544377056463,66.79411764705883,29.018523544091465,952.4769821408328,68.2259435791563,58.775898982398544,65.56162200305924,5.480447406192225,61.24641857124938,66.79411764705883,29.079494567181715,957.1743031975772,68.28406633955528,58.81160891117851,67.11495001259682,0.8997119791283729,0.4444423526927001,0.9242492904712574,0.45193131422218047
2025-11-02 10:30:00,4.883628941925136,61.43133992962708,66.79411764705883,29.021721847714662,951.6038864334776,68.57469528478322,58.794143981763256,65.63732898275089,5.426918307531028,61.23642985570556,66.79411764705883,29.093317600644028,956.9969352579378,68.28596319411312,58.82372857639618,67.1478330394875,0.9085456674636258,0.4421375010447396,0.9261914500308787,0.4517100526280976
2025-11-02 10:45:00,4.901285045389506,61.4139051575732,66.79411764705883,29.07931678378545,952.8869945590006,68.12026535730834,58.88375809059383,65.76349284321738,5.368097136723843,61.22297921214728,66.79411764705883,29.107227663829747,956.8829664034064,68.28233151261477,58.80845160918166,67.1676314834743,0.917762482807026,0.4464051808481509,0.9277408262486421,0.4512620356220066
2025-11-02 11:00:00,5.473252736427694,61.4079351291084,66.79411764705883,29.10956445665584,958.983142371106,67.64315205839365,58.73259718110207,65.6805664472854,5.31266635316337,61.211965602884426,66.79411764705883,29.11735503613516,956.9039339494685,68.30176652683592,58.778274623124865,67.18220149302859,0.9289469867472724,0.4465310355222549,0.9290102475465323,0.451260395737294
2025-11-02 11:15:00,5.500701754240724,61.4740655960344,66.79411764705883,29.161058749750147,961.5195029886942,68.60232778629279,58.54501784206044,65.846795499685,5.250793710102577,61.197687618368526,66.79411764705883,29.12813144618981,956.9977820991555,68.32484758269375,58.753111555065466,67.1932072803508,0.924939345387083,0.4438949015268208,0.9308708196822615,0.45151205103332825
2025-11-02 11:30:00,5.430554413286216,61.41577146918608,66.79411764705883,29.177821633072256,968.5047083664329,67.41075847141208,58.42750574161876,65.54797755750847,5.196163928093292,61.1839112018175,66.79411764705883,29.137031785336852,957.2848403196153,68.30170733395467,58.7304655220904,67.22456093563277,0.9075072449374196,0.4464383208229992,0.9329905430307506,0.4518974581481395
2025-11-02 11:45:00,5.56885600165341,61.344687955397575,66.79411764705883,29.214358782493875,959.5852742030442,68.82984183369729,58.57768498772184,65.70415148469318,5.1405436553445565,61.17066809788177,66.79411764705883,29.14492049991431,957.3033940365066,68.28991282684377,58.71996538964314,67.24928166672144,0.9104690802848884,0.4490050881065558,0.935416780958732,0.4523843457146478
2025-11-02 12:00:00,5.613456337192154,61.30249287797216,66.79411764705883,29.29003029243488,957.0049228702048,68.15733543770122,58.68012984858384,65.75509894840023,5.097588964066337,61.150913023682115,66.79411764705883,29.15427277075453,957.162422263417,68.29847053782903,58.71965625916881,67.27346538696575,0.9251336849300738,0.4456701443353473,0.9384789928320518,0.4530771610927637
2025-11-02 12:15:00,5.722625704970839,61.1651381846623,66.79411764705883,29.345936505506256,951.6551728862833,68.15782568215141,59.57738279364113,69.55110098233796,5.054907167399915,61.13620913544945,66.79411764705883,29.16198531360174,957.2523692215486,68.30203440309576,58.739831248739655,67.44276097306455,0.9328849121352631,0.4468217033279167,0.9416811055254711,0.45418769602387954
2025-11-02 12:30:00,5.729008725273268,61.15244204153518,66.79411764705883,29.33470827033976,950.2553742170936,67.8742750399678,59.22781545144633,69.55338259796454,5.013703098069886,61.118231181378164,66.79411764705883,29.170591874187444,957.3810389511281,68.31897174000436,58.7401605071626,67.47299719279538,0.9486112491258792,0.4547839469838301,0.9451393542873097,0.4553120247784375
2025-11-02 12:45:00,5.821194014430222,61.0898118194218,66.79411764705883,29.329126784836195,954.2223536163036,68.6858974973986,59.0115068619041,69.48976879840404,4.981294084724556,61.09665266715433,66.79411764705883,29.18030943486254,957.411869094009,68.34299136751356,58.741167668579614,67.5086257295511,0.9512534503532368,0.4599856973530563,0.9486390021354931,0.456458943647666
2025-11-02 13:00:00,5.44870294973818,61.17800491238141,66.79411764705883,29.33514130602234,949.3953035148544,68.6945695833316,58.98440636040758,69.5399368912275,4.954661181543715,61.072716951876345,66.79411764705883,29.19046660567899,957.813834241451,68.33348133213244,58.75427238789277,67.54912928424677,0.9646678385256297,0.469431483328608,0.9528183991481792,0.4579768337667981
2025-11-02 13:15:00,5.0484509735996,61.07714321489045,66.79411764705883,29.367851091592826,953.1069635349646,68.72821412663309,58.98943102270383,69.38707225075964,4.943937611182668,61.04790108828272,66.79411764705883,29.200140813986838,957.914171929473,68.3642460973813,58.744516834487634,67.58818509635906,0.9711686580015112,0.4682250188158867,0.9564344049481938,0.45951203850977707
2025-11-02 13:30:00,4.884941982509716,60.9537743473218,66.79411764705883,29.337726356524023,953.4784028472528,68.3418537737209,58.81019486674803,69.23611211926044,4.932832754719536,61.02640418828129,66.79411764705883,29.209269401613184,957.8568614652188,68.38186685594027,58.72023850572354,67.63491858631065,0.9772251389854454,0.4655453689834705,0.9596315190321557,0.4609343830999241
2025-11-02 13:45:00,4.691227520459478,60.91245558803777,66.79411764705883,29.30312322896132,952.2013173654938,69.12516548584126,58.99858361598854,69.4589620967009,4.939418165773104,61.00528865678543,66.79411764705883,29.218815025654166,957.9362860334408,68.38351197937752,58.69799257229707,67.66247673404025,0.975816470235992,0.4569842515149868,0.9630158797290319,0.46247485307667924
2025-11-02 14:00:00,5.234805186487289,60.93808764181466,66.79411764705883,29.32795154652114,955.6830871673856,68.50192169716267,59.08437833570355,69.7645651967289,4.94322095953153,60.98704580225374,66.79411764705883,29.225085248376107,958.4081573857083,68.41303004515045,58.666265935761864,67.69274856059046,0.990681427644569,0.4523399193360181,0.9660541018846777,0.46384975629715886
2025-11-02 14:15:00,5.129343124244483,60.85424515192869,66.79411764705883,29.29452011508628,954.6596251177908,67.73621702688861,58.76174079758697,69.43923249142875,4.954278560454569,60.96502347263763,66.79411764705883,29.22865630013588,958.914090474557,68.4280237753439,58.63366326171665,67.71935367674661,0.9796419657321211,0.4508372741920496,0.9695268233346493,0.46520815422183126
2025-11-02 14:30:00,4.841211591581387,60.8963683989754,66.79411764705883,29.23362833190385,958.6350754866156,68.3820038324481,58.32831451453983,69.29571079979804,4.965919124066656,60.94231310807257,66.79411764705883,29.231433411465325,959.2522953352883,68.42618984962526,58.59053807616968,67.73338803932383,0.9723081636234432,0.4607102599026151,0.9729367797322076,0.46673485562163947
2025-11-02 14:45:00,4.221614194047428,60.763459903852095,66.79411764705883,29.271826208208072,962.781099376394,68.58452860187951,58.19361108593456,69.47364236745136,4.983796921579999,60.91967637842351,66.79411764705883,29.232515481587065,959.687429692809,68.42473601454986,58.559206890708204,67.74823328810042,0.9831178905106406,0.4665485453314265,0.9763391580602564,0.4681033072749766
2025-11-02 15:00:00,4.010892427362359,60.80109090604633,66.79411764705883,29.224014320531285,965.2606053411794,68.18974209734188,58.29204030328469,69.83132949046205,5.002358508555576,60.8991128758931,66.79411764705883,29.23184405380233,960.0175583062357,68.44558972922667,58.537918920465714,67.77371442302137,0.985351532566486,0.4661362073987651,0.9792458359331793,0.4695403397866525
2025-11-02 15:15:00,3.969559283682164,60.79900360920988,66.79411764705883,29.14223084459824,959.785417497608,67.61011106757513,58.68987994544639,69.60961461465868,5.03241208270608,60.879250478414214,66.79411764705883,29.229521612639328,960.3541280398712,68.4656126305736,58.52146747313687,67.78690631983983,0.9937707931372572,0.4725961674303278,0.9828542273897205,0.47118509972520717
2025-11-02 15:30:00,4.299368802640669,60.58406101394081,66.79411764705883,29.19051506847352,960.1476953955488,68.4460987836702,58.90164922486513,69.75435331358355,5.062694727363697,60.860573296154975,66.79411764705883,29.22601953766135,960.3297749982983,68.51523423651965,58.53012572819566,67.80872371983278,1.005969308391248,0.4757690676711086,0.9871138700760244,0.47275121223118616
2025-11-02 15:45:00,4.383700673757722,60.63374243924572,66.79411764705883,29.210773649322004,967.0983634517296,68.9154310139369,59.02509435092905,69.8293001455509,5.0796455811985375,60.839338467771675,66.79411764705883,29.221551716883347,960.5649802568951,68.49545787944106,58.53560356150521,67.82608300278837,0.9994132564374508,0.4801954801572394,0.9910858141334961,0.47439532163622466
2025-11-02 16:00:00,4.274409512758305,60.623571088049495,66.79411764705883,29.215276019912544,965.2971442479908,68.50173685809023,58.5991522712387,65.89097599648855,5.0939690170006084,60.814385693641675,66.79411764705883,29.21577719572484,960.9609272710062,68.5387171810456,58.54743977222737,67.84573929894114,1.0098285034656564,0.4791964737144923,0.9943071248664507,0.47617640430756103
2025-11-02 16:15:00,4.086970943859775,60.64586047790832,66.79411764705883,29.209162683876485,959.028174449306,67.72678720709278,58.53740772046361,65.81375345147238,5.103937627579638,60.79429994557548,66.79411764705883,29.207349225562293,961.5788063954626,68.57288866131196,58.525143820320174,67.74159281716955,1.007135287424353,0.4840415870765769,0.9975779241465628,0.47772594293427084
2025-11-02 16:30:00,4.223911036004259,60.61394290093624,66.79411764705883,29.18771558937112,967.5484349677064,68.35416488330195,58.67737684480296,65.79725208469489,5.122001938787574,60.77306877451558,66.79411764705883,29.198143464804826,962.3828168945223,68.59257204691923,58.52514592626456,67.7723478790753,1.0140256172391735,0.489687127675845,1.0004414520584404,0.4791437664216806
2025-11-02 16:45:00,4.537923625039213,60.66502177928434,66.79411764705883,29.20793388073872,962.2557937753692,69.51108211254054,58.1770740406812,65.87598310963128,5.129581350311276,60.758382048423485,66.79411764705883,29.189135296764583,963.0562658270554,68.59476616997354,58.53545641004454,67.81597956420123,1.0075787316880187,0.4903728583015139,1.0029715721459114,0.4804180736439978
2025-11-02 17:00:00,4.911161625353619,60.658933257265765,66.79411764705883,29.21076876889122,960.26507573352,69.00077462594335,57.96145691677084,66.20718167427925,5.144323761469162,60.73835100009884,66.79411764705883,29.178854874465056,963.9579050092565,68.59580108354342,58.54128039643426,67.85218893148297,0.9991874221437668,0.4869239591357251,1.0050703588421313,0.48142356264096425
2025-11-02 17:15:00,5.302968218778183,60.6963955622021,66.79411764705883,29.22778767658194,960.899146636732,68.59562655336799,58.035853377101226,66.23921096217482,5.156693405809801,60.72109280655712,66.79411764705883,29.16923695787426,964.5994100992233,68.59165558335476,58.558673043896896,67.89735820476484,0.9951837451406268,0.4886280040912412,1.0067527224639354,0.48253318740860335
2025-11-02 17:30:00,5.185843910950018,60.79317794323794,66.79411764705883,29.17244311348544,966.0196810113372,69.16255399548385,57.706890714824944,66.24698161605538,5.17003620101015,60.703798102530044,66.79411764705883,29.16097483015214,965.2918165315045,68.59777581060281,58.581220267926845,67.94102192074085,0.9937852223467972,0.4852077622924983,1.0088619777751473,0.48360570803249303
2025-11-02 17:45:00,5.296785555994052,60.66477388208155,66.79411764705883,29.125655096884792,967.6549748062916,68.67575548495992,57.797818761042464,66.35977548774382,5.197264005673086,60.68950330690812,66.79411764705883,29.153022609405404,966.2347966888059,68.57760760353788,58.59651490845591,67.97142994162647,1.0038936226275246,0.4851942904328716,1.0107998198332064,0.4847287433259569
2025-11-02 18:00:00,5.23284585028774,60.75002899267525,66.79411764705883,29.10503518759792,961.7500322554156,68.51967751322441,57.50038841535401,66.05835986006737,5.219342969125658,60.6784504003089,66.79411764705883,29.14391775373211,967.0830722476029,68.57026283550252,58.60545539732845,67.99101735717781,1.0108443593903724,0.487938543038986,1.0124826126323065,0.4859211136432534
2025-11-02 18:15:00,5.437618970789813,60.73480326810133,66.79411764705883,29.11177888743772,965.941025284622,68.07665030504633,57.94382252674947,66.20885030651556,5.245896255592146,60.671442270983114,66.79411764705883,29.13548976062712,967.7710163541763,68.57495444939042,58.61332111541876,68.01297705473728,1.0198338326484904,0.487458730448265,1.0147590028527484,0.4872488438613694
2025-11-02 18:30:00,6.030100345694989,60.791030053196,66.79411764705883,29.08942162311374,968.8870007739072,68.26876349869771,58.09395807382742,66.44500049491364,5.296325543521792,60.66215933555248,66.79411764705883,29.130183601371062,968.2557448834131,68.59929670195831,58.63658388808578,68.03596752649572,1.016147322934959,0.4896420108725323,1.0169316197171991,0.48840860912850476
2025-11-02 18:45:00,6.402308978755867,60.87819367166803,66.79411764705883,29.091385514860196,971.6165949977568,69.20301482670074,58.05147442219524,66.2425524042391,5.358940515164083,60.65429791138103,66.79411764705883,29.123392419866512,968.3416302961656,68.61593751453003,58.673363858954865,68.05377645122482,1.0331910890833191,0.4932376996834597,1.0184117368228007,0.4892467017154809
2025-11-02 19:00:00,6.33903375301471,60.85545600140898,66.79411764705883,29.07275938373283,967.7741171192488,68.89940664979304,58.68725339338204,66.20249955729676,5.436179836249003,60.64482018241909,66.79411764705883,29.117886003899198,968.4121521258173,68.60379814953212,58.71295835333978,68.06364264449726,1.0352965255265367,0.4934216960023679,1.0196909792099522,0.49030031322024736
2025-11-02 19:15:00,6.077381616698635,60.70764310389852,66.79411764705883,29.080324159153765,966.6414319609468,68.23655112134023,58.74201998700853,66.22492997336057,5.524438181435129,60.63411114368678,66.79411764705883,29.11410952966247,968.719162240655,68.67210598767484,58.73851300658277,68.07936953282955,1.0296274020090417,0.4983283702577116,1.0205062010926598,0.4911636922657509
2025-11-02 19:30:00,6.043159411254295,60.55390965407182,66.79411764705883,29.116794657679648,968.8833332935394,69.4551144858374,59.035216170248766,66.3447878329834,5.619952724353581,60.626031744561715,66.79411764705883,29.106763552633968,969.115184827284,68.67637863077677,58.7530649860444,68.09123759331321,1.0217730069187103,0.4991026244754381,1.0212022276672177,0.49181577534513904
2025-11-02 19:45:00,6.0216840223417,60.56256574267656,66.79411764705883,29.093097400629933,970.1915466199756,69.1829700901424,58.90850423642527,66.42670652919031,5.723843962144773,60.61439707675114,66.79411764705883,29.098671108392328,969.2976007390084,68.68071828540562,58.7599680766396,68.08191358118776,1.0310088905386228,0.4933078621292124,1.0218757374239074,0.49229555762101657
2025-11-02 20:00:00,6.270938061511354,60.51550690973852,66.79411764705883,29.058535447615565,974.3756891888848,68.46477660818552,59.22787862977775,70.47603445513694,5.8357686954642665,60.603769665976166,66.79411764705883,29.090030600521654,969.7008577850759,68.64976297425133,58.78039741206916,68.20384926088056,1.0345170864822102,0.4973186516061229,1.02228983155229,0.49300356487770725
2025-11-02 20:15:00,6.048576360141275,60.6492100366587,66.79411764705883,29.058881743629104,974.425821592297,68.75172118902789,59.32082137530356,70.79871935218218,5.943150070850012,60.586914922086144,66.79411764705883,29.08160782026458,970.53258123605,68.65067179296278,58.78690253013797,68.20316270951794,1.027157052977372,0.4982149140225732,1.022821654632539,0.4935126454643762
2025-11-02 20:30:00,5.890975284474751,60.57707346264196,66.79411764705883,29.026728637036523,976.4444789808872,68.72561699042798,59.15912595209932,70.62621790967982,6.055245164610915,60.566593029365045,66.79411764705883,29.072057180158424,971.1744573242298,68.66137453866187,58.78742414136458,68.19989435050343,1.027631439412219,0.4995961532376003,1.0226451173890254,0.49406694133235274
2025-11-02 20:45:00,5.41954030381878,60.5593974086389,66.79411764705883,29.079313593868957,972.3521162339654,68.6038491209736,59.511210446582886,70.7421504492153,6.155799358678198,60.54303218609859,66.79411764705883,29.059516304729673,971.8685401195544,68.60087588734334,58.80203100270271,68.19013278826908,1.021639566655642,0.5015137618450587,1.0230550192000172,0.49475866371871374
2025-11-02 21:00:00,5.285225838520197,60.4349332265097,66.79411764705883,29.08986252486033,974.2505958156916,68.52546059116254,59.48661158764628,70.54602359854098,6.25441810190664,60.52163925939667,66.79411764705883,29.045260201702728,972.4985531784603,68.55319600296988,58.814349703865155,68.17300815605122,1.0405027983217994,0.4977209877001616,1.0236222259115528,0.4954709161616285
2025-11-02 21:15:00,5.508061660347539,60.48361171938003,66.79411764705883,29.064556606559137,980.4907220845314,68.52011927389283,59.45742283186039,70.37120272326922,6.351308179844683,60.49987109648035,66.79411764705883,29.029628915857888,973.1320320188545,68.5313374439274,58.830139386187504,68.16962591953587,1.0339517319777676,0.4906753103189014,1.0242586207815936,0.49606660996915525
2025-11-02 21:30:00,5.897174090064428,60.60650044383796,66.79411764705883,29.0548058763224,981.1313539313028,68.28157865610224,59.352593001879775,70.35218766326928,6.446043753939056,60.47395660020339,66.79411764705883,29.016186080323397,973.4960274552291,68.53766471082783,58.861092028072655,68.16589293517325,1.0411652116175676,0.4881110288549156,1.0248969113480166,0.49633764140042025
2025-11-02 21:45:00,5.925941718239154,60.64400127215519,66.79411764705883,29.04168032193657,975.2979483149873,67.87696544352566,58.99771234029655,70.09802341821295,6.5241070987185426,60.44788066594356,66.79411764705883,29.004014921715896,973.9272848246176,68.54529973091992,58.893410225950596,68.15873518429457,1.0479336723453787,0.4906691807355288,1.0246438665552395,0.496545720990392
2025-11-02 22:00:00,6.354090229470771,60.61788033605634,66.79411764705883,29.074443554222132,973.1769313637208,69.11227140948479,59.02619769455041,69.9854249525513,6.598386120508554,60.42017807294548,66.79411764705883,28.991399031071072,974.7382411012238,68.51608799183813,58.923382067587035,68.14264886116767,1.0374866695569682,0.4955032179166746,1.0242233975484785,0.4966603136360535
2025-11-02 22:15:00,6.10006334331618,60.52761717870867,66.79411764705883,29.068090763071712,965.3576617589678,69.08375297903092,59.29701021200696,70.00791010932444,6.660595209448352,60.38995862255681,66.79411764705883,28.979844806309448,975.4015200545545,68.53675851954526,58.93048969764214,68.11615136396796,1.027521403678684,0.4916913229407135,1.023216271180358,0.4967001981041271
2025-11-02 22:30:00,6.328072059909947,60.516759037188216,66.79411764705883,29.05882184151177,967.376260230734,67.82556114740467,59.47987513483214,70.12731528863516,6.709033008532763,60.36114083170019,66.79411764705883,28.96950282865554,975.8579225526597,68.50421714395549,58.927187006474995,68.07595656136886,1.0237288041810284,0.4977445525417556,1.0215319554903692,0.4966388195713932
2025-11-02 22:45:00,6.6173096392659305,60.47773244724039,66.79411764705883,29.028936617496445,968.995720942735,69.65934621185683,59.45651954273612,70.08142126462745,6.743056032287882,60.33111566195414,66.79411764705883,28.9582113534625,976.6539865579648,68.47361285682527,58.93962223078197,68.04705797765011,1.0182274496184924,0.4984975387954365,1.0190558912076237,0.4963456207855088
2025-11-02 23:00:00,7.164805090194253,60.34167904018892,66.79411764705883,28.970135757618262,972.0283729944214,68.57427807672765,59.3382086087142,70.11039512809324,6.765235676081549,60.29978388479822,66.79411764705883,28.945535465078088,977.2519826773262,68.46133767574605,58.923280524894984,68.03314464932673,1.0268501056279795,0.4953315600527523,1.0160860048484333,0.4959369706229895
2025-11-02 23:15:00,7.500437807493465,60.284702404928375,66.79411764705883,28.968000322072868,972.5708408034632,69.04562065280228,59.232187068785024,69.54957978178761,6.783389242513044,60.27084489378158,66.79411764705883,28.93145584983031,977.7137084383127,68.47848834466839,58.91245053853674,68.01764078784934,1.019618549138145,0.4945889484335644,1.0134987112120493,0.495389487801874
2025-11-02 23:30:00,7.632151512343096,60.30474876480044,66.79411764705883,28.956060783792463,977.394855630014,67.57307752346163,59.21203233412562,69.54904638727234,6.796045181724084,60.24901057859592,66.79411764705883,28.91741180297925,978.0231072996025,68.4163119092148,58.890955476275046,67.98983450227475,1.0222513273171283,0.500436691415215,1.0104543253741363,0.49454260409154543
2025-11-02 23:45:00,7.308412205432149,60.14021816120767,66.79411764705883,28.956479276164057,983.9798779785268,67.75405176843655,58.73256126252783,65.79315691059388,6.817752358417011,60.222330784175114,66.79411764705883,28.903558415025085,978.4243132255322,68.3926796679108,58.88622854794825,67.96180381365706,1.0230899798318285,0.4993140046766431,1.0066411979733751,0.49376809603825694
2025-11-03 00:00:00,7.58676384883136,60.00428611930308,66.79411764705883,28.901196386186548,986.8047176131008,68.67524725427472,58.6930251816012,65.69920131425955,6.832704326333951,60.1941425877589,66.79411764705883,28.88958274863673,978.5647123508771,68.39149335572279,58.86316779463125,67.7968358497804,1.008729499933765,0.5063160037151411,1.0024920084136146,0.4930061982302377
2025-11-03 00:15:00,7.554549447057702,59.95819648129083,66.79411764705883,28.831707617876148,983.078277635108,67.69612257298422,58.61527988082495,65.58313624260082,6.858272889989937,60.156597675935366,66.79411764705883,28.8751287655825,978.7965492434075,68.38069977568362,58.86178047914737,67.74293031339302,1.0198757860177694,0.5111245298923435,0.9983471192715597,0.49219148232950904
2025-11-03 00:30:00,7.869723922206864,60.01714545620822,66.79411764705883,28.783085678082923,979.1654675006964,67.5703780947399,58.3310179516444,65.69344270774323,6.886397364634037,60.117955062801975,66.79411764705883,28.86168600568196,978.9984930745243,68.35853287166096,58.872619979000014,67.68719780106774,1.016203623489841,0.508291532423171,0.9939905989370152,0.4913069333991001
2025-11-03 00:45:00,8.209670556919468,60.04335067471239,66.79411764705883,28.758849101236816,979.9035118485576,67.9398697820934,58.50954384677157,66.13774386671469,6.923744800257038,60.07707088050422,66.79411764705883,28.845538993329043,979.300804324861,68.31651200510645,58.87164931839046,67.63209343354497,1.0142755912418473,0.5064988183170414,0.9897189975791465,0.49037608363718344
2025-11-03 01:00:00,8.027911133781208,60.0157430549292,66.79411764705883,28.76915804745072,976.9395441025752,69.35237200249675,58.63546997137947,66.13499208517632,6.965631295127787,60.04007171310832,66.79411764705883,28.82964531084261,979.7828286194894,68.30520154897994,58.86764558692588,67.57915978523414,1.012933939339485,0.4933387052304481,0.9851822413454205,0.4895399942847131
2025-11-03 01:15:00,7.638685899378658,59.88249585428635,66.79411764705883,28.76052033865969,980.592695887945,68.90480608772279,58.76736469738084,66.14504296138394,7.001057699774066,60.00154340899702,66.79411764705883,28.81664460124235,980.1705749781889,68.30343349214786,58.862811697026586,67.53008469725415,0.9963022788442149,0.4914366781320256,0.9805338996138937,0.4888225252020469
2025-11-03 01:30:00,7.461216503988077,59.91895120273325,66.79411764705883,28.72655846825321,986.0787205536028,67.64332534077077,58.39954366444715,65.57577016626054,7.023906717169567,59.95977773710464,66.79411764705883,28.80354246690219,980.3726033232141,68.28535350421176,58.85790410096139,67.47705716085711,0.9982302891875428,0.4913763224088313,0.9750560606187711,0.4884131725395911
2025-11-03 01:45:00,7.303891638983773,59.828219756440944,66.79411764705883,28.765152144588875,985.8393938845412,68.69676613626034,58.15705142840259,65.41392539052352,7.057258452600963,59.918005118379625,66.79411764705883,28.79179659619005,980.4929396643209,68.29774625761733,58.86597433487861,67.42523485159386,0.9896200416048748,0.4886552644904707,0.9699619955218755,0.4877788547034802
2025-11-03 02:00:00,7.483234318227307,59.92649632749778,66.79411764705883,28.77916229349657,982.5790757170682,67.29252223100444,57.994877338812834,65.23915641694062,7.075421177443167,59.87606461864617,66.79411764705883,28.779156710577006,980.9487616537989,68.26548239566374,58.86949429093668,67.38372017502714,0.9656178522352972,0.4878006548905175,0.9648438599266912,0.4869641119682514
2025-11-03 02:15:00,7.422999691409434,59.977438579286286,66.79411764705883,28.752641259068948,995.498515156906,68.28488621279418,58.42453115140457,65.37559489267704,7.08860284596628,59.84161764790943,66.79411764705883,28.766828937738186,981.7189083398184,68.22271263869825,58.857682392229,67.33990191232981,0.9589091606009492,0.4844417361069261,0.9599704693093829,0.4862596217321842
2025-11-03 02:30:00,7.004423066824715,59.91550268673127,66.79411764705883,28.69248273220056,985.7140007000934,68.53115121741622,58.197002216772695,65.78509970759544,7.090098413058578,59.80780606944028,66.79411764705883,28.754591240620567,982.4304580252897,68.21102587302542,58.84449270495007,67.29462250374505,0.9461999347508272,0.4811621911267906,0.9553895475948049,0.48531947525544
2025-11-03 02:45:00,6.621988609643504,59.83947337339941,66.79411764705883,28.657935701720533,980.4932047905422,68.7510711890107,58.41712039626098,65.75981412903889,7.092638371988616,59.78002524257957,66.79411764705883,28.743846157126313,983.1274635034523,68.15165391183571,58.838350487718735,67.25148554581064,0.9520085929175212,0.4819038856242455,0.951170423662029,0.484055541819638
2025-11-03 03:00:00,6.422837587585497,59.89888019850211,66.79411764705883,28.695473252147675,978.165299132234,67.58982142222987,58.39036430239803,65.51059926574541,7.075560169238795,59.75420572923863,66.79411764705883,28.73570749422384,983.9221368921637,68.09998512967375,58.8268352728026,67.2084250360662,0.930441431781316,0.4736961131655801,0.9465691374548384,0.48300475765535655
2025-11-03 03:15:00,6.672899323129503,59.76217191005235,66.79411764705883,28.677495762005105,982.2277243978612,68.47400285102198,58.76669638662136,65.58578587065972,7.047631217198483,59.73205957634159,66.79411764705883,28.727332335488498,984.7530672409756,68.07931308743845,58.80996061013499,67.18878480807652,0.9166150685157968,0.4700726205305592,0.9425779898063824,0.48179773566140954
2025-11-03 03:30:00,6.719497099019533,59.66986101725188,66.79411764705883,28.63926545596488,978.5876629492376,68.42918724254547,58.53605603026776,65.52699553883724,7.015361649199478,59.71001891790037,66.79411764705883,28.71905201400746,985.3782780552516,68.12842134645373,58.803732820420244,67.16583847410426,0.9100413996893872,0.4744617173655462,0.9380818315994808,0.48050049958332297
2025-11-03 03:45:00,6.815633269820886,59.52286268195286,66.79411764705883,28.625262252002123,981.3809283682068,68.427913787853,59.27920191078722,69.18155326056053,6.9790403543055435,59.69073708647019,66.79411764705883,28.70802011086871,986.1470953073375,68.13589692227133,58.80887778862565,67.27193567692878,0.9028103787157274,0.4737734370007113,0.9336905921594718,0.4793429334689059
2025-11-03 04:00:00,6.734709523797769,59.417795068640245,66.79411764705883,28.62344584002036,982.5027939143896,68.0606098697476,59.48431094767848,68.95424253992178,6.9252875650967995,59.67500259440576,66.79411764705883,28.70027721206723,986.6440888870272,68.08951667637072,58.80465427535491,67.24904110346303,0.8969358293758841,0.4730596853253317,0.9296345688924609,0.4781920534027774
2025-11-03 04:15:00,6.539963372508768,59.33287193970628,66.79411764705883,28.594903223281364,981.4214537440712,67.34322312433864,59.48209062829637,69.08901942353198,6.870874639415922,59.655494715507636,66.79411764705883,28.695156429783086,987.1250429525603,68.07146253042497,58.808508921273265,67.24198323093158,0.8934915259195806,0.47358826898756,0.925224606634625,0.476743820156807
2025-11-03 04:30:00,6.541820684642678,59.32495820463268,66.79411764705883,28.613052050267417,988.7113246545416,68.18614690736683,59.36649964370916,68.95801414921583,6.810130240971478,59.636511864121914,66.79411764705883,28.690907455384213,987.6074276388857,68.0727504811733,58.82405667010736,67.22899279943927,0.9044001113100224,0.4726383071260524,0.9203487528960044,0.4753280141065582
2025-11-03 04:45:00,6.5708537997358745,59.32776259604105,66.79411764705883,28.67453531855141,992.1231128455164,68.4670775689308,59.31240613488154,68.89895008386983,6.747149497142971,59.61764788086839,66.79411764705883,28.687347330614497,988.0300782992111,68.04793767223003,58.844667598442726,67.20799515547262,0.8945014800319596,0.4691512378389137,0.9155938777200944,0.47388195243257036
2025-11-03 05:00:00,6.5826446119294895,59.35353028706648,66.79411764705883,28.66174184611761,987.1922042820556,67.73917901801916,59.20536511992379,68.76136157135831,6.686265375112348,59.59707930220608,66.79411764705883,28.68543994971504,988.5513045903996,68.00923001255735,58.861504621710885,67.17617854187637,0.8768300417638929,0.4758304489812432,0.9111153300473471,0.472928307764422
2025-11-03 05:15:00,6.926493781181034,59.39082271040496,66.79411764705883,28.68930420057233,978.9080385481992,68.24874804569328,59.23981935781289,68.54335414031512,6.616271706474365,59.58034036683917,66.79411764705883,28.68297037693776,988.9182558231281,67.98215688027491,58.87836734632393,67.14472286972956,0.8951117194385049,0.4716396456522014,0.906859176008931,0.4720125185026706
2025-11-03 05:30:00,6.898971974736904,59.35966534405235,66.79411764705883,28.69524698583072,986.8515910480558,68.14435555087688,59.13179637629266,68.73998465554958,6.542257667918022,59.56332657425928,66.79411764705883,28.68187210502961,989.2435477909548,67.99933112587496,58.90371802778511,67.1250744796735,0.883942601701443,0.4710609358598109,0.9024390191808551,0.4709771422201501
2025-11-03 05:45:00,6.495513399009573,59.49420805660656,66.79411764705883,28.69825757790717,988.4620623395516,67.80066027006606,58.94265325077666,68.69336222840474,6.478329399447577,59.547316395041555,66.79411764705883,28.67792299014714,989.5124713720604,67.98136525175319,58.94041520086943,67.11558780274848,0.881319685159437,0.4705566158586957,0.8987545266819835,0.4700505205757405
2025-11-03 06:00:00,6.372939072678852,59.50241168311371,66.79411764705883,28.691690927983096,988.7227507948714,67.47495817721958,59.08418451646416,68.76893303109223,6.408838738959441,59.5285385329852,66.79411764705883,28.673485194135264,989.6912580514046,68.04862749851026,58.978442961128,67.11044135618909,0.8863011527436848,0.4695401582394324,0.8965135168080468,0.46917771404089087
2025-11-03 06:15:00,6.69350840716707,59.64430764141922,66.79411764705883,28.70658411266891,989.9058852876184,67.87818737616557,59.27225302579615,68.7873125265949,6.352496479597716,59.50469286285588,66.79411764705883,28.671672572263656,989.5528788713448,68.03097347418118,58.98625898538168,67.10870916908229,0.8916537316352132,0.460579535721375,0.8951133275775134,0.46840124068905176
2025-11-03 06:30:00,6.652459007699617,59.56709363996046,66.79411764705883,28.72597587054409,995.8685746557604,67.02421461186904,58.99275216123002,68.81857983576056,6.2999892828496895,59.48382409738975,66.79411764705883,28.674139464258563,989.6091247640749,67.98634247055412,58.99560042815639,67.09871300212247,0.888811519412264,0.4638080351243093,0.8943276892410671,0.46745040641345964
2025-11-03 06:45:00,6.662569246284148,59.62031781801744,66.79411764705883,28.716745560012694,997.4987512678176,68.42545938574293,58.72594718875673,68.9603729420972,6.246084704064638,59.46353272624488,66.79411764705883,28.678369483767604,989.525376325777,67.94981852561129,58.98958367387629,67.08708851350221,0.8998841196844652,0.4583782886151536,0.8932589362752438,0.46671810635153516
2025-11-03 07:00:00,6.66406447237292,59.64352901156381,66.79411764705883,28.707651139361257,996.1511800582944,69.04632529392019,59.02519864268316,68.86065636810424,6.20061970600848,59.43397998170769,66.79411764705883,28.681659244473906,989.4605113287063,67.95104242349271,58.997550238431614,67.09420970778518,0.8873665811100795,0.4615196090726161,0.8930631100600189,0.46616921397437855
2025-11-03 07:15:00,6.218773358614128,59.56176321830219,66.79411764705883,28.625522182001635,1007.0443955411048,67.97831904296454,58.88691030869021,68.9760729953294,6.153301317145011,59.408557515229646,66.79411764705883,28.685555869076172,989.3916882939994,67.93607420951795,58.99807209037941,67.10579497235439,0.8913527966315598,0.4645870212441316,0.8936659075193475,0.4657939749203895
2025-11-03 07:30:00,5.974180172569034,59.53225135737019,66.79411764705883,28.668909422142,1001.7145250037944,67.28383987725636,58.566319783479,65.012364110287,6.111226381703843,59.38362530498262,66.79411764705883,28.692514085157445,989.4576551270374,67.93427561850197,58.99746250028909,67.12310969696121,0.8870488019234376,0.4717896017312866,0.8939393115888853,0.4649225715305408
2025-11-03 07:45:00,5.922161676631371,59.37296011434721,66.79411764705883,28.67808414935196,997.5068996010956,67.15449819461175,58.73091925837542,65.37140006665776,6.0619850932174835,59.36409111163721,66.79411764705883,28.699564154128826,989.3583875545493,67.9193712413822,58.96119759278872,67.01755371678381,0.887576918282693,0.4676775325132322,0.8943700791563407,0.46422734410644645
2025-11-03 08:00:00,6.047391968873576,59.44765991463661,66.79411764705883,28.65561644611669,993.63700809046,67.60901661719,58.797450416667296,65.30372976297367,6.011763248103933,59.35412790787752,66.79411764705883,28.7066596150835,989.2587164276515,67.93250071122978,58.92306580225873,67.05495417070496,0.8699280113312219,0.4658173509157089,0.8952986133240048,0.4635339432497541
2025-11-03 08:15:00,6.320248242064205,59.4774311771064,66.79411764705883,28.65204535814527,992.5830316583252,67.19548551379542,59.12787169683263,65.50781454771534,5.968144942382282,59.34663163801447,66.79411764705883,28.716938554413655,989.2747100001675,67.96663978728594,58.878760944581636,67.09078200421281,0.8716293359645474,0.4631169680974036,0.8961653625934898,0.46282239062443237
2025-11-03 08:30:00,6.201387472862541,59.39868569506025,66.79411764705883,28.71193662046695,992.5763328382252,68.19114221231646,59.14058066942411,65.1804936772889,5.927457235185193,59.34089389876469,66.79411764705883,28.72556073665373,989.1698322555146,67.92680662685893,58.842662995749656,67.10955046417213,0.8785775091570704,0.4647293651859976,0.8971764553064041,0.46239928820847875
2025-11-03 08:45:00,5.538875840239141,59.38032779327873,66.79411764705883,28.68643315534136,991.601232869804,68.09261211924954,59.27324643577217,65.20137279697936,5.887036948943593,59.33924369788084,66.79411764705883,28.731618599773935,989.1456726159626,67.914778156249,58.80892039192099,67.13919228875838,0.8686176576917306,0.4639630002794845,0.8983143995839166,0.4621075933070834
2025-11-03 09:00:00,5.240795347297834,59.40853742533662,66.79411764705883,28.693610311008676,995.8374795884038,68.158552708772,59.16006410828282,64.98631846457862,5.8551869548013284,59.3379571431632,66.79411764705883,28.738141341203058,989.440872454131,67.91721967654829,58.78016680560471,67.17262762370669,0.8656255843452623,0.4603150339332141,0.900181347627211,0.46169141525731533
2025-11-03 09:15:00,5.386043584870407,59.34791437990942,66.79411764705883,28.646678698114947,993.9071013177072,68.15778991260738,59.25796662093218,65.12932508277339,5.814421770129089,59.33774203206029,66.79411764705883,28.743469427705445,989.8183836166099,67.9030316453798,58.75125923565636,67.202707116246,0.8790852666387297,0.4608566151581846,0.9018433477861261,0.4615320708688632
2025-11-03 09:30:00,5.398514503583215,59.36316046580702,66.79411764705883,28.64602841314023,987.9426760973928,69.31038963371617,59.13571014656969,65.08476302015879,5.773420776237185,59.33785048168999,66.79411764705883,28.74894303635989,990.0162461710753,67.89641607562804,58.73103184947783,67.23168492961807,0.898387556017194,0.461616458845029,0.90417303837523,0.46128113727057224
2025-11-03 09:45:00,5.732731910557661,59.262068475406736,66.79411764705883,28.6982626029206,991.3471397551124,67.75526548292194,58.65901187901505,65.32362927947273,5.73987398454425,59.33645765386754,66.79411764705883,28.75427770349577,990.1149230789837,67.90079324347379,58.71883011530641,67.26235189076917,0.9169034836849468,0.4611475355517513,0.9064589992041344,0.46109475191234445
2025-11-03 10:00:00,5.429207164383947,59.289439722747154,66.79411764705883,28.76648949204774,987.401377481996,67.19222110860431,58.47724550001399,65.48521469880085,5.69905063601736,59.33248091732832,66.79411764705883,28.758822512115056,990.2657694406661,67.89824302076151,58.71380918853667,67.30589957070629,0.9226307846574386,0.4526371628590271,0.9082894593082451,0.4609225192079594
2025-11-03 10:15:00,5.0048512460919525,59.230732239053225,66.79411764705883,28.784836286991816,977.9807516416046,67.65535284072588,58.23661776785803,65.41107947043102,5.639681798642079,59.31986843673701,66.79411764705883,28.76301525709406,990.456382066765,67.92702257355548,58.69832591095066,67.34974574619568,0.919946003942824,0.4599348837665125,0.909997746843816,0.4611407722171826
2025-11-03 10:30:00,5.058887645900761,59.01229786238636,66.79411764705883,28.79416607333673,976.2193492201116,67.6265383586725,58.62936123905785,65.72423509423487,5.573665520316322,59.310987973426045,66.79411764705883,28.766251248543732,990.4790872584384,67.92900101688856,58.69146377293769,67.39905236086912,0.9245666453245672,0.4572293418508807,0.9119634671121487,0.4611490494243577
2025-11-03 10:45:00,5.253347657225439,58.99949791571132,66.79411764705883,28.79439450007322,980.1630333566596,68.0249564317794,58.78235194505511,65.93334380773582,5.509593470505535,59.29958303436847,66.79411764705883,28.769937178367453,990.6703983584124,67.93031953946797,58.692244865760216,67.44745194329766,0.9346989922956528,0.4588154489108864,0.9138224891306618,0.4613952497748008
2025-11-03 11:00:00,5.45724903578447,58.92189470984123,66.79411764705883,28.848011938403,980.5666679403728,68.37522951206596,58.517768327558,66.0464372770418,5.439601217169684,59.28390953770484,66.79411764705883,28.77503660982044,990.7635508723282,67.90670697027396,58.68080982756252,67.49939039411714,0.9182435217755256,0.4483196156700856,0.9164431173987384,0.46190843829415495
2025-11-03 11:15:00,5.338394615230118,58.93683688159039,66.79411764705883,28.836764321143534,978.4029011935628,67.98078247425973,58.19125468577647,66.01487385523873,5.377860573016373,59.269454097176755,66.79411764705883,28.782576073353123,990.6432293439108,67.93333039193928,58.67183224050041,67.54468770170483,0.915733405739386,0.4529166142778826,0.918702882075121,0.4623732840926442
2025-11-03 11:30:00,5.228054170391248,59.11889895584934,66.79411764705883,28.836309668660487,979.5126601074572,68.45449396517492,58.34035723177856,70.0762561575561,5.3131713026776115,59.25182522591303,66.79411764705883,28.787023391477724,990.5826567680164,67.99767933467444,58.68355732818843,67.71870346383216,0.9247918544058092,0.4522576596245612,0.9210773943637037,0.46248398486721026
2025-11-03 11:45:00,5.231414200859244,59.10798384381484,66.79411764705883,28.903271403186142,981.9012609195512,68.36739540602359,58.152944897983474,70.16385442876786,5.259040438253785,59.234983087970264,66.79411764705883,28.790949969404892,990.5001856371063,68.01477249070685,58.67621142422943,67.74441872133752,0.9194940040041312,0.4522416902279072,0.9237132564187452,0.4625528076214393
2025-11-03 12:00:00,5.321189468730008,59.15282602713943,66.79411764705883,28.871717517469637,985.5649923149545,66.99115209455651,58.28356117874993,69.52106794799539,5.206300221510565,59.21586925913646,66.79411764705883,28.795601421027282,990.2439367829235,68.0394506284362,58.68128252644195,67.76869582906211,0.9347328926974506,0.4599452346474428,0.9267114888510487,0.46296545926462185
2025-11-03 12:15:00,5.358245212487906,59.27825656952532,66.79411764705883,28.856271212157587,991.3983236589552,68.10622345063283,58.300128020021525,69.78820482145737,5.150959577838807,59.19277966036303,66.79411764705883,28.800617821924448,990.1149391060585,68.08393867729897,58.678568364449156,67.79049404240064,0.9286398083573308,0.4604003907970563,0.9292079857727888,0.4633022191976663
2025-11-03 12:30:00,5.62714478766152,59.31493364553742,66.79411764705883,28.857424088991195,996.0481994271086,67.81242462699764,58.34275753043536,69.76442161980725,5.104294323814131,59.17202635410355,66.79411764705883,28.80374518921798,990.1332811916309,68.0767391830603,58.66373103722122,67.82752719931729,0.9328384830627297,0.4633451074881973,0.931483527588003,0.4635482858294291
2025-11-03 12:45:00,5.703538241013844,59.38436937731756,66.79411764705883,28.84914679564391,990.2333734225684,67.82310711063862,58.3725922593625,69.44573891649452,5.079729311979608,59.15443073764066,66.79411764705883,28.810372298172673,990.177674497382,68.0894891641937,58.647825454299955,67.85251359167205,0.9449717242059552,0.4668593139986403,0.9339633928129316,0.46402959939573524
2025-11-03 13:00:00,5.668942157979823,59.36291883294357,66.79411764705883,28.85945524546415,992.787467682016,67.94588845832445,58.52497479093652,69.60931905671174,5.0687350551124615,59.137782052865504,66.79411764705883,28.81731833102989,990.3204328828432,68.0988916436667,58.64996673739879,67.89150680430313,0.9538333193745606,0.4635329279110812,0.9368071719604935,0.4648528898092609
2025-11-03 13:15:00,5.48910964822148,59.45242322193299,66.79411764705883,28.85829759198369,991.4223695768056,67.93197530543846,58.5766012256341,69.61337106293783,5.066494276424051,59.12465072604166,66.79411764705883,28.822997690372606,990.5711306274002,68.09050118215914,58.643334269304866,67.92716462497518,0.9498985100265668,0.464965055111861,0.9390743591431628,0.46561913452322806
2025-11-03 13:30:00,5.1482386168721606,59.38310958693715,66.79411764705883,28.828035186561618,993.2481416453404,67.39845149585118,58.933556713372056,70.07536342920565,5.07834695411085,59.10839896101576,66.79411764705883,28.82841752661133,991.0848747790951,68.06170171780597,58.64420569882292,67.97098955292242,0.941214955867012,0.4643731771078818,0.9406706102586884,0.46642264991957555
2025-11-03 13:45:00,4.912443285908681,59.26593322367979,66.79411764705883,28.832366462038976,995.6242640705856,68.74157395998454,58.807754698215874,70.10269779127664,5.08298294433039,59.09801015487684,66.79411764705883,28.83350937104048,991.445165855789,68.07485949738471,58.64755567915498,68.00389684195812,0.9429023577023375,0.4671271259980704,0.9418087118066448,0.467122440832337
2025-11-03 14:00:00,4.6719706579268605,59.3006797406319,66.79411764705883,28.823055614034317,996.5497304059668,67.08356791186173,58.786888020840735,70.29777827596364,5.100202978353824,59.083956456303035,66.79411764705883,28.83653418971034,992.0059326057323,68.11383598538347,58.652408974020936,68.0220042639324,0.9477831274622464,0.464056351339563,0.9428419452077786,0.46831214125986215
2025-11-03 14:15:00,4.740407751960535,59.27816964628987,66.79411764705883,28.82732345472424,1003.2380842670376,68.46501506312521,58.74937997343265,70.4123604149536,5.1248457230333235,59.07066779026037,66.79411764705883,28.83930642512286,992.7458812290605,68.12931370621521,58.656472976639336,68.04093619717472,0.95565478023986,0.4657642991284479,0.9439797890034547,0.469293231447397
2025-11-03 14:30:00,4.5642968722974,59.17332411165467,66.79411764705883,28.860634082950792,998.945755475764,68.33794821809967,58.68214749675243,70.41880989268851,5.157210942454423,59.06293313382966,66.79411764705883,28.84078960329912,993.3316355701461,68.16167842494416,58.661606692864396,68.06744791678206,0.9659854291523738,0.4769152646532398,0.9448237743518982,0.4702968599888226
2025-11-03 14:45:00,4.366554034014805,59.12810000245989,66.79411764705883,28.85170608798216,1003.4347496885866,68.77702169292398,58.617582696826815,70.33499222296032,5.195107626505824,59.05430054342866,66.79411764705883,28.843249969646376,993.525254706128,68.18076966727588,58.663149319897464,68.08646213617403,0.9591457369230384,0.4785323951988096,0.9461027927053549,0.4713567212186632
2025-11-03 15:00:00,4.033502062406202,59.00338521945833,66.79411764705883,28.80232896588016,999.8973477269602,69.21430815931157,58.91807241411962,70.23283697410676,5.232732264654376,59.04952772484682,66.79411764705883,28.844306367263563,993.7707939800437,68.17702139986746,58.66318213479498,68.10851602097415,0.9582841705809196,0.4751106249682666,0.9479118432011201,0.473035666486358
2025-11-03 15:15:00,4.298235743916546,58.867695976064375,66.79411764705883,28.79588148716689,995.032765673796,67.66729287558388,58.51054213960527,66.1428577918186,5.28253588294206,59.0443991045258,66.79411764705883,28.845245512316662,994.1602435315285,68.20683054737152,58.68123416530202,68.14722413411332,0.9666527799339398,0.4697422151401024,0.9499966239477362,0.47441816834767636
2025-11-03 15:30:00,4.465185466577008,58.8742450496226,66.79411764705883,28.79515999478837,985.9495424649738,68.34936074907057,58.94958348304292,66.03204299471132,5.334402370987394,59.03190700585973,66.79411764705883,28.846128817953332,994.8108728602266,68.19778049476513,58.699786109216085,68.04809386035033,0.9598749843003238,0.4781969002111877,0.9523957724164376,0.4759933994392228
2025-11-03 15:45:00,4.660028931911491,58.78474321390338,66.79411764705883,28.802537385060297,988.7131013523718,68.53012697967867,59.04644683704876,66.16176094787087,5.377572688093334,59.02122487270607,66.79411764705883,28.84473211883316,995.3220298977465,68.20007108797971,58.747808755719205,68.05956147843902,0.9465242436167496,0.4732197660887368,0.954937615070806,0.47775385715561025
2025-11-03 16:00:00,4.801429852122239,58.776086507275735,66.79411764705883,28.80575763927304,993.1265954053991,67.97515738515624,58.69546085258623,66.2914883847885,5.4132120576056755,59.01044268467493,66.79411764705883,28.843181044494305,995.5825098115663,68.25006597311202,58.797301307646244,68.10122837237837,0.9468437636134984,0.4721113641388814,0.9569016806315501,0.4792904541078392
2025-11-03 16:15:00,4.801925485203447,58.85245929939217,66.79411764705883,28.885246423981968,992.9330320423368,68.47511155325125,58.79607894813402,65.95096456762239,5.454338279624946,58.99503394031147,66.79411764705883,28.843426820101868,995.7330835382394,68.27778056088164,58.84901261868477,68.13386556242725,0.94301361443959,0.478402407268668,0.9586732257118445,0.4807742547398003
2025-11-03 16:30:00,4.910967641283422,58.90907688208196,66.79411764705883,28.90199129672535,1000.1202311522392,68.44062709296209,59.224302601247885,66.15611484351112,5.491912014662481,58.9805565644778,66.79411764705883,28.843971786019992,995.8090907068381,68.28867537612435,58.90955376364025,68.16133910354371,0.9509389587721132,0.485013746338986,0.9607628055438773,0.4820823077098421
2025-11-03 16:45:00,5.318820224218086,58.953974575194,66.79411764705883,28.817059478396285,1001.4280336544168,67.90607606738084,59.05899257811432,66.19905970293485,5.524692075529144,58.959975526602015,66.79411764705883,28.84509864897237,996.0825796234969,68.2923744379349,58.95765080703451,68.20924022407904,0.9471008821188132,0.483843956577197,0.9624716943196535,0.4834172512214883
2025-11-03 17:00:00,5.754094834187157,58.87560751503023,66.79411764705883,28.80862350030197,1003.3550006482404,68.44640570312119,59.16185303211162,66.39951085857614,5.554671031523215,58.94034255702788,66.79411764705883,28.843817570908406,996.1746147816822,68.35590770465652,59.00869129231981,68.24474378968601,0.946275089482958,0.4857219207354538,0.9642772156729641,0.4846942478521902
2025-11-03 17:15:00,5.871811617143901,58.95040429123888,66.79411764705883,28.851017935795184,1002.155872055932,68.14999887028371,58.75951128897704,66.31084795054387,5.5702114524891835,58.91557410945196,66.79411764705883,28.845462783532643,996.4793684192741,68.38627490828347,59.055588917640776,68.27180786745194,0.951046530123643,0.4821412629345977,0.9661543260327444,0.4859438411248329
2025-11-03 17:30:00,5.945808185086983,58.8678287655333,66.79411764705883,28.85723405214344,1004.2243799802912,68.36151574856731,58.622844345992576,66.02843735802904,5.588611084700024,58.89233081888387,66.79411764705883,28.848607845157453,996.897592976115,68.43913026183102,59.084350578750374,68.28111075056518,0.953627786691454,0.4883281756847793,0.9684483138718024,0.4872387706700445
2025-11-03 17:45:00,5.7441335864769325,58.83207225777325,66.79411764705883,28.86800334936751,1000.1792103414516,68.11968446567799,58.35853784641003,65.97903746770035,5.620418049760247,58.87351284151126,66.79411764705883,28.85047729378672,997.2456122893832,68.42922785877177,59.1125192620158,68.28758183218926,0.9540813178131023,0.4893675893925569,0.9704646871972629,0.4883679656300569
2025-11-03 18:00:00,6.029844228533701,58.78025816946467,66.79411764705883,28.83866141862444,993.7919794526784,68.59747992054095,58.78337272580934,66.51958668245489,5.669743754153564,58.853015695290495,66.79411764705883,28.85197512876816,997.3478686898973,68.49495413827803,59.14784678183108,68.28692084553376,0.949886205777878,0.4873381980936493,0.9721916175724153,0.48972542610144454
2025-11-03 18:15:00,6.390248178767489,58.74052020368139,66.79411764705883,28.86820549049096,985.9716074361193,68.59769370173117,58.82863075604725,66.50377038949536,5.722109956348747,58.83175942178895,66.79411764705883,28.85205157683387,997.1788117700141,68.44692293344232,59.17653537429914,68.28605764291244,0.9730695428993468,0.4906112858061047,0.9733916011141358,0.4910579406522005
2025-11-03 18:30:00,6.585988180241063,58.77871015238619,66.79411764705883,28.87970386691858,987.9328461578414,68.26278148981339,58.51875277448351,66.70805382104517,5.777502592966898,58.81550864400455,66.79411764705883,28.851045911390965,997.1104113444105,68.40608750183951,59.20356110884363,68.27747504969196,0.9725150366484818,0.4986879737009289,0.9739177438228459,0.49186316439683
2025-11-03 18:45:00,6.832503163860614,58.782978271959735,66.79411764705883,28.86493867273655,990.0863877381092,68.87505689938178,58.73281560098757,67.17611724941398,5.833606274859894,58.80130896119873,66.79411764705883,28.850212350830294,996.9044514474384,68.4144073617862,59.230590732787554,68.2634737433192,0.9782768281378728,0.4943916701174345,0.9749003148963935,0.4926527795285794
2025-11-03 19:00:00,6.7840488117512665,58.744135995867374,66.79411764705883,28.862808837760586,999.0315399683994,68.18299238698282,58.89691554920049,67.10234794466685,5.899987800805874,58.79369150590067,66.79411764705883,28.85033010533611,996.8711029611924,68.39556797307971,59.23275688022466,68.25859896356405,0.9967663084668488,0.4995145923709556,0.9758210642307755,0.49356543538979053
2025-11-03 19:15:00,6.52652371403744,58.78751984920511,66.79411764705883,28.861370429580944,997.2359720451464,68.43611320246103,59.59362429307709,70.50788297142809,5.966259002162047,58.78538091381895,66.79411764705883,28.850204624227697,996.860739457404,68.41937029545095,59.24502051101489,68.3913734407544,0.9957492836351858,0.5050554217195279,0.9760759992172371,0.49450838812808373
2025-11-03 19:30:00,6.390370554100269,58.82936038620512,66.79411764705883,28.825185287303864,993.3793897295536,68.49099864852562,59.76833773656137,70.77107476617597,6.049246332776255,58.77602029727783,66.79411764705883,28.851254748944356,997.1251005025226,68.44205140371758,59.23004961540055,68.38957905856134,0.9936548595197742,0.506043143214314,0.976454936531385,0.49528098685580946
2025-11-03 19:45:00,6.592031873066,58.81599423862153,66.79411764705883,28.863644480384565,995.9155354591436,68.93766108372166,59.85146735117688,70.7673205229235,6.144807769852588,58.77067467089944,66.79411764705883,28.85341437925873,997.4988403653684,68.44176133997142,59.214439573572356,68.38015805836633,0.9817861607661652,0.5049144097558874,0.9773044581919662,0.4962162486977151
2025-11-03 20:00:00,6.7543568387876105,58.8806123705275,66.79411764705883,28.873773066534916,998.3284144850712,68.13926908427884,60.1589918790999,70.58862785330125,6.234347068336688,58.76507270633951,66.79411764705883,28.85647742843036,997.7020211023748,68.45166107412942,59.201758970625626,68.37115874118804,0.9955258780237084,0.5025866965894533,0.9777186088948191,0.4973151478498322
2025-11-03 20:15:00,6.686940067013677,58.76693824104383,66.79411764705883,28.882952684215347,998.4380409223348,67.93407896495482,59.81550356119053,70.88277253255454,6.329710597080247,58.75785362823236,66.79411764705883,28.855877674586207,997.9033068651419,68.41946840339237,59.18194406605196,68.37821234428917,0.9962383874792432,0.5069076193480251,0.978695591491059,0.49816192594648534
2025-11-03 20:30:00,6.568310837801967,58.77392974571967,66.79411764705883,28.82102290354525,995.5485224275706,69.85188645997327,60.056189349495625,70.6744260249208,6.4160334787397115,58.74892445232647,66.79411764705883,28.852713716589093,997.9885183694252,68.39418887813676,59.15500389226041,68.37092396291582,1.0079989599738768,0.501842826832138,0.9790720017168262,0.49874822237737615
2025-11-03 20:45:00,5.9553222772005405,58.70936979465528,66.79411764705883,28.90765397071064,1000.5649787045676,68.84299141424725,59.98352998526283,70.42529339591567,6.4990621885190345,58.735022977375806,66.79411764705883,28.852579490362064,997.761332873953,68.41755537596327,59.131306335455974,68.37376009793124,1.0062118208199775,0.502452853291143,0.9795952970551798,0.4993497120599046
2025-11-03 21:00:00,5.700227583197421,58.68581086989413,66.79411764705883,28.92238703530596,1005.7948783505652,68.98411210227796,59.79640654666025,70.35444992260263,6.578965452994799,58.7224967603435,66.79411764705883,28.853129078707557,997.7519808845908,68.37528962747457,59.11032799201628,68.37553569916582,1.0100345910387514,0.5032210634642282,0.9800415370416212,0.4997272024286401
2025-11-03 21:15:00,5.866652237715349,58.70139390250168,66.79411764705883,28.88844992091714,1006.0648434686318,68.44450186820643,59.65281519617847,70.2968302399991,6.651632943494508,58.711088084486896,66.79411764705883,28.849927201943036,997.8018405200943,68.37236347448622,59.111376926029564,68.37585071883287,1.003393557466152,0.5010029747984425,0.9805650568905401,0.5002610535215682
2025-11-03 21:30:00,6.151741789726361,58.68576535400869,66.79411764705883,28.867990663477407,999.6174224213872,69.05535629704983,59.84671361529908,70.27794867629873,6.711729133711219,58.70387119297365,66.79411764705883,28.846234295365726,997.7289206781923,68.33964369063848,59.09311876774904,68.38910454804713,0.9995910387168222,0.5047801654811921,0.9808819707885982,0.5006261553700119
2025-11-03 21:45:00,6.311393817816027,58.64048144124386,66.79411764705883,28.829616896695583,998.1663766705456,67.02407891805399,59.6100377474746,70.38646433631412,6.77440898173182,58.698602993841085,66.79411764705883,28.841446585098144,997.7672465257345,68.3461875000932,59.09469792696579,68.4068702676136,0.9916542864914708,0.5057397356511274,0.9813612602914524,0.5009188808855871
2025-11-03 22:00:00,6.22607597084193,58.68580077812268,66.79411764705883,28.830464119663706,996.893742707656,67.11288527001528,59.49291953308698,70.16133209607396,6.827591958913946,58.69492812838082,66.79411764705883,28.83787884017251,997.857638439005,68.32230195124806,59.08684882320101,68.40491078401928,0.9817697104136796,0.501071976992125,0.9819158241129228,0.501228485434236
2025-11-03 22:15:00,6.049664490804672,58.702109518285226,66.79411764705883,28.826699271161917,997.25595277942,69.02661749132483,59.42847141514446,69.9149530317776,6.866233453185642,58.69257170319962,66.79411764705883,28.83495406485843,998.1798652575548,68.30530253259163,59.065025924434025,68.40453631422756,0.988622869129466,0.5022208491512915,0.9815230112680712,0.5014834219256736
2025-11-03 22:30:00,6.0249478407856,58.77486156051638,66.79411764705883,28.805861601054637,998.8968931395792,68.64912649811627,58.983056837233086,70.08659358145245,6.905308526938571,58.690585009761435,66.79411764705883,28.831090459882798,998.564622306746,68.29374480172118,59.055807818871976,68.3984928686077,0.9859066506123824,0.5024903008046011,0.980559830586967,0.5013313262785977
2025-11-03 22:45:00,6.286371784601758,58.61837821361304,66.79411764705883,28.7921170539146,994.7218605601416,68.38136254672108,58.87845106331212,70.12609210752899,6.940558677781037,58.683912511494825,66.79411764705883,28.82804348686996,998.9703675621846,68.25369333520527,59.05383814694808,68.37994492793997,0.9743008295277832,0.4980307972888972,0.9790439640080845,0.50125863770252
2025-11-03 23:00:00,6.954805385003223,58.59342655338895,66.79411764705883,28.826663736288065,993.8803738185374,69.02979399707013,58.50045661461285,65.97821152891942,6.9624730535157635,58.67823254884342,66.79411764705883,28.82488574451282,999.1755449579979,68.25789439385885,59.02915731743425,68.35809030116006,0.9712431037247634,0.501374862042959,0.9769223176801212,0.500970479009504
2025-11-03 23:15:00,7.526872044201461,58.624374422551625,66.79411764705883,28.86732629449155,999.9252972377496,68.5214250672937,58.57814558220284,65.87913094202086,6.976444146048899,58.67213679206578,66.79411764705883,28.821759257606832,999.5264878516529,68.22455507497074,58.97641746484421,68.22625195677423,0.9720098934341836,0.5012776213459066,0.9748323454734145,0.5001355500827437
2025-11-03 23:30:00,7.487608806645265,58.60802757047775,66.79411764705883,28.897649114421814,999.2220175155876,68.27214940989616,58.315042764184255,66.02150886943954,6.988072460061634,58.661765830915066,66.79411764705883,28.820003633635906,1000.10354524588,68.1598291218859,58.93779926929705,68.22166332718453,0.959268284699084,0.5050783387023946,0.9732009480180349,0.4991313666848233
2025-11-03 23:45:00,7.662831347510218,58.63588695617794,66.79411764705883,28.867253808657463,998.9716049253478,67.50933143114004,58.20163181092398,66.16257266065652,6.992349194211036,58.648433808154294,66.79411764705883,28.81641618952409,1000.3563169745759,68.1328816493578,58.90082044096174,68.224993205449,0.9723230923267911,0.5038057501682633,0.9719217441243846,0.4979354573218914
2025-11-04 00:00:00,7.500654091067374,58.64120160490494,66.79411764705883,28.8070725568119,1002.6765762807362,67.6822413352937,58.41609738750136,65.93746340231039,6.996435179505669,58.63280416243794,66.79411764705883,28.81184744010827,1000.3904553588833,68.14859267397638,58.844588477911564,68.22154640154373,0.9622312655451272,0.5026026392657098,0.9702352981175159,0.49660783584700297
2025-11-04 00:15:00,7.809681517597765,58.536930326674025,66.79411764705883,28.81303269158538,994.6124687902544,68.607071002176,58.34806587398141,66.2841437533975,7.009858136488929,58.62376623319956,66.79411764705883,28.80884073696969,1000.4303096294047,68.16646500415935,58.81233466316059,68.20878614361325,0.9627997422694184,0.5018886470530485,0.9684261181439084,0.4947930290331717
2025-11-04 00:30:00,8.151192768460104,58.499821004061424,66.79411764705883,28.82511115066683,1003.0744409673777,67.17843324846035,58.53250272892056,66.45277889561393,7.0197302105948305,58.61487710495874,66.79411764705883,28.808659365454204,1000.5372696473479,68.10067411149329,58.764776366352784,68.20642580896298,0.9596622890762024,0.4970466317975211,0.9661091567262255,0.49304027971442127
2025-11-04 00:45:00,8.05183633213516,58.608144015540674,66.79411764705883,28.754961632859544,1003.6516611210328,68.06221428063279,58.79097930937549,66.32029854055483,7.039396171648133,58.60944863131767,66.79411764705883,28.80549192775264,1000.294170843783,68.02069314116626,58.70760615228099,68.20725336370545,0.966752125591205,0.49815679572244,0.9637886543615991,0.49107778898461196
2025-11-04 01:00:00,7.7486938915883,58.65132202013578,66.79411764705883,28.746446854824228,1002.036784723233,67.3799222331355,58.075099597577015,66.42605223445698,7.0610517084090105,58.605534957610736,66.79411764705883,28.800267823933904,1000.1380752435267,67.99131408573432,58.66229476429058,68.21690718702396,0.9631352036332028,0.4992812311380904,0.9613353821428537,0.48907400196217665
2025-11-04 01:15:00,7.6245290270949475,58.67402628379629,66.79411764705883,28.72437204133993,1001.3289857677188,68.31599874931923,58.40591262291257,66.51200905469402,7.081541441108507,58.60446177838666,66.79411764705883,28.796429447453814,999.9470771322063,67.96768291084008,58.62724082584132,68.22300107374647,0.9684600028987314,0.4981493548598138,0.9588790689159796,0.4871938465892351
2025-11-04 01:30:00,7.625333543997539,58.67001220565677,66.79411764705883,28.73162907085553,996.5037368507906,67.88091345518679,58.54789961286588,66.46080217462575,7.101082471346146,58.6024141817504,66.79411764705883,28.794373955437905,999.8967822494851,67.95888893883311,58.582852752890496,68.22920371777555,0.9665231204219856,0.4966263345531167,0.956173287406525,0.4853635097218793
2025-11-04 01:45:00,7.54949300691834,58.669827448245485,66.79411764705883,28.78046223106842,995.6384119926104,68.08771114203812,58.1739437930375,66.49253629574362,7.1225024646374955,58.60016570248329,66.79411764705883,28.791134639338136,999.9114163845468,68.00443156470426,58.541966694101205,68.22260094213573,0.9612851575537972,0.4982593805492328,0.9535998380390988,0.48319548105304383
2025-11-04 02:00:00,7.758240392828923,58.71910934924061,66.79411764705883,28.763795717649742,999.4755576335808,67.91604956369983,58.24220960762241,66.52675045244956,7.148437619007566,58.591246200931586,66.79411764705883,28.789108582186927,999.8730053587009,68.04844990101775,58.51145745402578,68.21902384273201,0.9436196162153568,0.4941251042886481,0.9515505991002445,0.48135449739473685
2025-11-04 02:15:00,7.890007689134598,58.58280332396152,66.79411764705883,28.7735294823514,1002.25874540127,67.67351290390462,58.67372544327044,66.61967902938203,7.1797694062312765,58.581808011395566,66.79411764705883,28.78924169505913,999.8363565441564,68.00458004342097,58.48304826285542,68.21829587315752,0.9328008307713976,0.4922110128351045,0.9491671538496111,0.47945278897831056
2025-11-04 02:30:00,7.441480083793046,58.57373711632503,66.79411764705883,28.768076567046265,1005.186861842794,68.30902414659049,58.15649066378551,66.44670914126948,7.216106375935559,58.566374392959375,66.79411764705883,28.79142043304997,999.8732910779765,67.98838006769937,58.48077923555751,68.20984033847965,0.9331169186279512,0.490869831580477,0.9464740769028094,0.47756291064659684
2025-11-04 02:45:00,6.945656490031512,58.60464714587586,66.79411764705883,28.76757582240123,1007.7642588547974,67.43593363581762,58.01142871537607,66.5527326398535,7.252959298075402,58.55597109216903,66.79411764705883,28.794291097609257,1000.0041093424672,67.99671098053045,58.4914529901021,68.19740942515249,0.9330501174339828,0.4800075539167185,0.944066044848029,0.4757963776131885
2025-11-04 03:00:00,6.739219974482327,58.51823155168356,66.79411764705883,28.77251656817624,1010.6911115563668,66.54922005598054,58.60979187014647,70.6334158784844,7.262158257435487,58.54762556409846,66.79411764705883,28.796560416647885,1000.048457908671,67.97252377944088,58.51710559490353,68.32548642548022,0.9447129358583914,0.4759176412767028,0.9414133500441051,0.47393302293606693
2025-11-04 03:15:00,6.720333897548081,58.41603355579864,66.79411764705883,28.756021157030183,1003.498687320022,68.12923690787869,58.7421025011175,70.86721687085783,7.259007594640539,58.53832840774233,66.79411764705883,28.79612080329712,1000.0496483542614,67.917348784173,58.52039788525787,68.340251223594,0.9434100439566504,0.4690371288679286,0.938505219603338,0.47209809512821527
2025-11-04 03:30:00,6.876936397626571,58.41172299903673,66.79411764705883,28.73671058406019,999.3525660142896,68.61059982283624,58.47203298759487,70.48522373614341,7.2429019157206325,58.52518229791723,66.79411764705883,28.796110343659,1000.1323074920074,67.89512573562358,58.52501141727403,68.34399208942683,0.9449324978176488,0.4627580523428014,0.9357443998886227,0.4700677563590418
2025-11-04 03:45:00,7.089628776511487,58.49580036389241,66.79411764705883,28.79275159005792,999.6336690379792,68.47024887044367,58.84788911866104,70.49996479463987,7.204478061153637,58.51343755559123,66.79411764705883,28.79482886133457,1000.227271598876,67.8966644051391,58.52327895623887,68.34184317728675,0.9419629882710218,0.4524634149330879,0.932619786640538,0.46811165721907794
2025-11-04 04:00:00,6.864473060979014,58.50725589849514,66.79411764705883,28.81558175808071,998.7573229658674,67.87815967999138,58.6294404452617,70.60361598541273,7.16389809094259,58.50017328499122,66.79411764705883,28.796682295627004,1000.2958457220938,67.9298892396706,58.50361298599354,68.3433626965055,0.9384901174433854,0.4492603472696239,0.9299578111219624,0.46610878250429144
2025-11-04 04:15:00,6.545301108799624,58.54651558542313,66.79411764705883,28.812630839663687,993.272014597622,66.44356230443668,58.26842356310895,70.4501200381899,7.112439575570737,58.49142615098677,66.79411764705883,28.798955575073,1000.5557720376814,67.92681393951585,58.48681986908759,68.3316092758949,0.9365967498811872,0.4435781313968666,0.9271388531720705,0.46407223990725677
2025-11-04 04:30:00,6.349893686023743,58.56840065868638,66.79411764705883,28.76566392074392,1001.1120103428764,68.1027404393196,58.43706490694776,70.64406462215759,7.047363782868811,58.48369526931164,66.79411764705883,28.80166532787421,1000.1854353616824,67.96775576761424,58.46636568476898,68.31268101206138,0.9364364244763927,0.4431074527911669,0.9242406089934718,0.46209070124415624
2025-11-04 04:45:00,6.4813442187002135,58.66919852577943,66.79411764705883,28.773298626514386,1000.3349001290192,67.73556662137909,58.601197042700775,70.47964684167474,6.984056390423855,58.470872007295874,66.79411764705883,28.806795068714948,999.6597801673967,67.98398409575668,58.44842118686747,68.30069650254481,0.9297041606599242,0.4445983136101974,0.9215133843719759,0.4599924529176737
2025-11-04 05:00:00,6.737972696855554,58.62433745492068,66.79411764705883,28.806325903000168,998.1085759397484,68.79153713684072,58.51507142677443,70.46402799717093,6.920297645920771,58.456521232551594,66.79411764705883,28.81301327491751,999.276805847799,67.98303343841755,58.448525060294934,68.27413170395286,0.9184175934331832,0.4498700594605157,0.9191365249606978,0.45785988742928263
2025-11-04 05:15:00,6.9539936165565255,58.57302706323048,66.79411764705883,28.73243741370248,998.6054007223992,68.39035769418894,58.383455983795656,70.18838106711952,6.845997605581555,58.44072062331501,66.79411764705883,28.818758522136246,999.1883294246215,67.99523875979472,58.443328937007664,68.24766363252593,0.9144508054686876,0.440698875586064,0.9165177209809985,0.4557137951297887
2025-11-04 05:30:00,7.004130601944008,58.41821573157174,66.79411764705883,28.769682405127387,995.7414119322776,68.43343535941979,58.57764233082471,70.05401911396261,6.766701240060347,58.420793695025544,66.79411764705883,28.8238633702929,998.9684410674314,67.98049938133612,58.43405727235121,68.228659782518,0.9202925422480516,0.445842467242916,0.9140670452930397,0.45375471434125086
2025-11-04 05:45:00,6.989618107515996,58.41896383220471,66.79411764705883,28.830692657328104,996.1564883430856,67.7105217634216,58.57619568003344,69.89311394454259,6.692882775506476,58.40174568295095,66.79411764705883,28.826976013652594,999.0048589259798,67.95375236007459,58.44356896658008,68.21303718424176,0.9171195116104612,0.4451695966585037,0.9115438390914997,0.45182751701629154
2025-11-04 06:00:00,7.11505693191412,58.31185300743071,66.79411764705883,28.871223740779843,1000.0049291541852,68.16312722646802,58.91498601829571,69.83292754111633,6.624980308794991,58.375419972163336,66.79411764705883,28.832296077646998,998.870624891687,67.98441903502183,58.45445931069187,68.19731866865858,0.9051143422083284,0.4457939508531887,0.9097987165714496,0.45016275220830154
2025-11-04 06:15:00,7.391959448797039,58.30627918990263,66.79411764705883,28.878236990693217,998.6464084948587,68.63128993165348,59.19866369964976,69.75316470771429,6.55692429151385,58.35818427503903,66.79411764705883,28.836962281783986,998.5801042784254,67.99416846194035,58.46548478559205,68.17046673545919,0.9020598678843756,0.4450348062866466,0.9087456913285561,0.4482966041617725
2025-11-04 06:30:00,7.230774165805758,58.34306071127172,66.79411764705883,28.89474330744685,995.2108308046536,68.30417796438299,59.27003475865589,69.82052153875155,6.49414629702179,58.3441942259221,66.79411764705883,28.841099735152284,998.2024787289703,67.98353473047706,58.490399922221414,68.14130673392793,0.8916622596070468,0.4454742217293125,0.9078056772230971,0.4463038811002528
2025-11-04 06:45:00,7.432352160353002,58.34545973186767,66.79411764705883,28.854137893968684,999.9610106054593,66.8661752092571,58.67691429283293,66.32207488543419,6.436589979360116,58.32715897729154,66.79411764705883,28.845310005381076,997.68175250509,68.00425424221524,58.513096818698074,68.11217893050184,0.884765980211171,0.4462297871103551,0.906657334898209,0.4445026739941588
2025-11-04 07:00:00,7.004438439048073,58.21364427572507,66.79411764705883,28.89733532527814,1001.7017916479658,67.60545795341402,58.45344872466898,66.1337348444242,6.375235245150974,58.3100591434387,66.79411764705883,28.84981522661593,997.1307705215979,68.05367501248817,58.51943901426214,67.94829694018503,0.8764436932576222,0.4441681756271921,0.9050181121387012,0.44293523737008644
2025-11-04 07:15:00,6.510115710500339,58.28354468639756,66.79411764705883,28.828809338924515,1001.8205281314072,67.55549151660564,58.14965797986914,66.0981052964539,6.312045377952249,58.29402943383045,66.79411764705883,28.8562538861595,996.959118641056,68.07133131598673,58.54011091083415,67.89880330619913,0.8785846948842517,0.4451227759693477,0.9037496768513101,0.44187045985368784
2025-11-04 07:30:00,6.283254984735978,58.2432734869048,66.79411764705883,28.862675585585013,1004.7337999772697,68.67898637123874,57.82611828014159,65.98304897887328,6.2629366698432625,58.277121025933546,66.79411764705883,28.862075269811136,997.0360441017424,68.04350775249904,58.582048726333454,67.86644146743986,0.8823719999878584,0.4425163978221146,0.9025236901869895,0.44085821617422727
2025-11-04 07:45:00,6.265926056442208,58.27451630654069,66.79411764705883,28.881231074965143,1002.4102582578876,68.51481199753327,57.84427236680277,65.93154113507993,6.217951239391035,58.26039871220465,66.79411764705883,28.86571126890778,997.0425478117871,68.03723672663726,58.61395954862414,67.83663656443393,0.8782310037726594,0.4407923691420085,0.9011349156609886,0.4402275641849395
2025-11-04 08:00:00,6.198918987402312,58.2678945538071,66.79411764705883,28.90640373470322,991.9643406874028,68.40668809141175,57.91887719936246,65.88493098060769,6.182846019511292,58.244898071315774,66.79411764705883,28.866749624395823,997.0146003676397,68.03008491969693,58.660026582843145,67.79633727556134,0.8727149637182438,0.437600471904506,0.9002271494617721,0.4398490947344642
2025-11-04 08:15:00,6.1526145587864445,58.22344615506797,66.79411764705883,28.90885385808166,987.8820052924602,68.54906412490631,58.252644372330224,65.96076325505814,6.1483396276427245,58.22773997591754,66.79411764705883,28.86710656128348,996.9554920625038,68.08441516106646,58.72212958911195,67.75797161075765,0.8849353869463318,0.4352093459279632,0.8991648323695819,0.43968423939853335
2025-11-04 08:30:00,5.835931556495802,58.220798777807175,66.79411764705883,28.93299304090101,990.5475551353028,67.35140251296139,58.07821580040081,65.62910827669802,6.116744853707618,58.215352717354335,66.79411764705883,28.8713752108775,996.5051917220469,68.08609944853553,58.780036381259045,67.71631145177842,0.8918294212948567,0.4353042664863562,0.898613415126445,0.4396944828250303
2025-11-04 08:45:00,5.395527816918481,58.20000800669904,66.79411764705883,28.896729457902104,998.6746930723964,68.68215839063451,58.2500289242946,65.71796691188617,6.0886229968573025,58.2002339163854,66.79411764705883,28.874456071833084,996.1969964251507,68.07955311513214,58.82865004263004,67.68420519166995,0.8898958835077546,0.4337665858749983,0.8985424600898769,0.43970702646359106
2025-11-04 09:00:00,5.246442578361301,58.072204356972826,66.79411764705883,28.88477451555529,989.9070861350892,67.43873210142885,58.269749673172335,65.89068667438781,6.0508216308497955,58.18786156399846,66.79411764705883,28.87497331977416,996.1908742046257,68.06175245444517,58.88079253227777,67.65689069985504,0.8930028497832189,0.4378539108969814,0.8989382022742511,0.43969575185137205
2025-11-04 09:15:00,5.334939070302182,58.09838708600747,66.79411764705883,28.87384153185909,996.7309477490572,67.28530050419224,58.45929461990353,66.02385834745667,6.0086356810509525,58.17940228696871,66.79411764705883,28.878020461307276,996.0187311713521,68.04650708306848,58.93392488757684,67.64343123492301,0.8855889715075974,0.4404434608004513,0.899440794414246,0.4398486313735654
2025-11-04 09:30:00,5.721166391484397,57.92933802561219,66.79411764705883,28.923397637481848,995.4485366048012,68.83604981211715,58.56891993097596,66.05519498495416,5.9664483386682905,58.17861874478189,66.79411764705883,28.877696601769212,996.0972541393826,68.07497401429497,58.98082908240949,67.64669277153259,0.8912659406138576,0.4441821600489503,0.9005390543015295,0.4399078395474688
2025-11-04 09:45:00,5.848327170700342,58.065732410232464,66.79411764705883,28.91351560646104,993.5431270034192,67.96599571146015,59.00448969027593,65.81412103340016,5.912682380015295,58.17811043863411,66.79411764705883,28.876825247452075,996.1443182252386,68.07804128643619,59.03487149279795,67.65976719276905,0.901210073484588,0.4362265714392348,0.9020199695225222,0.4401564891264302
2025-11-04 10:00:00,5.558140249031262,58.15403564281704,66.79411764705883,28.89220016809533,993.8580953591428,67.9900122026916,58.90394476266642,65.57190909533192,5.848230323961996,58.17661902529114,66.79411764705883,28.873709751728786,996.0487425931697,68.0739460798266,59.08250619663064,67.6848600144725,0.9049164954641856,0.4310881397348834,0.9039895376982899,0.44043561798841085
2025-11-04 10:15:00,5.218966960181293,58.09358968695903,66.79411764705883,28.893883929265044,992.1424721383856,68.05751898796282,58.69233560967599,65.67889853707062,5.778214377541051,58.17421342742172,66.79411764705883,28.87191552112548,996.0897681755725,68.03257269320439,59.1098736142602,67.70329248806553,0.898599847687336,0.4259713407338989,0.906026977098985,0.4408822843038812
2025-11-04 10:30:00,4.898577948208057,58.0052365360984,66.79411764705883,28.90767320522174,994.161652051606,68.0318431641686,58.800057737068265,65.71695616898027,5.714529901625629,58.17051963419933,66.79411764705883,28.87099139249747,996.1397267053864,68.04697663575048,59.13376110460724,67.71142237804342,0.8955362530731568,0.4288945425545317,0.9085482187306755,0.4412000311955697
2025-11-04 10:45:00,4.824637881586338,57.93514226755109,66.79411764705883,28.94918094333718,998.3491309037628,68.65892601283545,59.36225939827791,69.38240785128087,5.645964235858676,58.1722011152906,66.79411764705883,28.871607667223216,995.7190392365089,68.09363481824762,59.16394691087599,67.82946999713572,0.9053569853349186,0.437093803375971,0.9118487213207895,0.4417415648614032
2025-11-04 11:00:00,5.4036751543570025,57.904470762129634,66.79411764705883,28.911352093609334,1001.660329834886,67.77589291820553,59.73016745257388,69.514368573365,5.577978592586854,58.1796741176249,66.79411764705883,28.869401859746283,995.4877648619316,68.1203632419383,59.185999566387956,67.83302874270412,0.908152897888031,0.4323907419589847,0.915300592489759,0.44243935920969246
2025-11-04 11:15:00,5.740065862944645,57.99413095202552,66.79411764705883,28.90183156295736,999.82878033932,68.2821180945906,59.80521378738167,69.60581770446213,5.519486722733346,58.18144523341238,66.79411764705883,28.86867165095246,995.1928404755807,68.14690064359154,59.21736239933437,67.85102216671449,0.9002997524909955,0.4335438552544533,0.9184862732128846,0.44329070846842206
2025-11-04 11:30:00,5.811316464586735,58.04223667182872,66.79411764705883,28.84673242272197,997.9188996414424,67.66360547178148,60.01145147183215,69.39463731923523,5.458216277799496,58.18380651421425,66.79411764705883,28.8651987580504,994.8223546130371,68.12198371478728,59.25710113802519,67.87116609975759,0.9112571314668892,0.4379062637553657,0.9209864960811899,0.44417841919095474
2025-11-04 11:45:00,5.510109352742578,58.031772723476045,66.79411764705883,28.823338946293383,991.4987654435477,68.0734695455222,60.13151375117278,69.29915009407907,5.4082009646039815,58.18522871899302,66.79411764705883,28.862386045108142,994.5899680597759,68.1107556351405,59.301677135045495,67.88522626751568,0.904727237115482,0.4386324713189401,0.923454976799096,0.4451587875512806
2025-11-04 12:00:00,5.402050467970579,58.19678290179039,66.79411764705883,28.89372340856456,987.603000129168,68.1532690633918,60.17426867136084,69.39425985278086,5.363580729528709,58.18550459281625,66.79411764705883,28.85854075180482,994.5948528470848,68.11378844602262,59.33249345321813,67.88511032552121,0.9198939071822856,0.4434147555860771,0.9265378486069801,0.44605557032262244
2025-11-04 12:15:00,5.637688513190733,58.21563449671143,66.79411764705883,28.86572445518187,991.0890412221296,67.53917661927755,60.05960688383045,69.51645903841997,5.325705302652297,58.18231244138598,66.79411764705883,28.85400525582379,994.7705685749628,68.1098073513218,59.35029894392884,67.8808775585482,0.9275755095628836,0.4449746227670183,0.9295885446128502,0.44717114173636735
2025-11-04 12:30:00,5.603931716630348,58.25316688331246,66.79411764705883,28.821843341232423,997.9249093240024,68.25751731623144,60.07934611620637,69.644593242724,5.296422901576166,58.18028163581656,66.79411764705883,28.8503920387559,994.7241986181751,68.14441209761813,59.368430179462216,67.89093220960753,0.9302898589644076,0.4495318210939472,0.9328224482265554,0.4484525056267845
2025-11-04 12:45:00,5.688415122591231,58.319248752337856,66.79411764705883,28.823851659695965,993.4411097241866,67.93299655288837,59.97742664276792,69.78459711915896,5.273086473392368,58.179920930397074,66.79411764705883,28.849546534637565,994.0658259405476,68.11061486526367,59.37131877196236,67.90663941410956,0.9295285696685298,0.4452852612518644,0.9363372145479516,0.44982473889580993
2025-11-04 13:00:00,5.738510330464133,58.394709465967374,66.79411764705883,28.75996661898545,998.0971009731956,69.28744329621435,59.98476817580392,70.15186521224953,5.2583334604997685,58.180797348949994,66.79411764705883,28.85006517709144,993.6659596466172,68.14549197825909,59.37795530586978,67.92051339395076,0.953240338866563,0.4476187124600176,0.9401407827574048,0.4511778576439379
2025-11-04 13:15:00,5.3766393479261465,58.403714647770975,66.79411764705883,28.80455202781401,997.5684109187696,67.80253992765842,60.19746799168732,70.28534658163693,5.251822372530503,58.181736487029454,66.79411764705883,28.851930651609372,993.1658188004908,68.17871314214234,59.37138467387953,67.93345709256447,0.9615469682402418,0.4526290840273453,0.9441494466041499,0.4525959672170209
2025-11-04 13:30:00,5.181495250315107,58.26711060714165,66.79411764705883,28.777758869081246,997.1376601921148,68.04027102818004,60.3440271332764,70.58571219221997,5.233859241450565,58.188499346496016,66.79411764705883,28.85166474200345,992.9512099808204,68.15753621670099,59.35700310426451,67.95672433728429,0.9642013874813594,0.454167816712609,0.9479015355534259,0.45413398346319195
2025-11-04 13:45:00,5.291481056168734,58.23411125382013,66.79411764705883,28.82441007259393,999.8771759669448,67.39008833298726,60.01968622853676,70.30613891550436,5.220587553710585,58.191689912330766,66.79411764705883,28.849854461908933,992.6683784351557,68.16058920889051,59.344175216834834,67.99371508047271,0.9631830499052298,0.4584347957507577,0.951213858835491,0.4559649913085219
2025-11-04 14:00:00,5.320239888343077,58.23224691460028,66.79411764705883,28.867019448606595,996.7095866990634,68.73629624076578,59.986659469066666,70.06441823808872,5.2232854164794595,58.194907278946445,66.79411764705883,28.847696257979788,992.6415216165528,68.16328630799643,59.33874344031812,68.04033145982082,0.9672995085577571,0.4550066284799663,0.9546377068941069,0.4577344797412949
2025-11-04 14:15:00,5.375382187344433,58.395904164605525,66.79411764705883,28.87262613574102,987.3403865391416,68.26592068417125,59.58248848089559,69.8635034582028,5.241754716381853,58.19980747414566,66.79411764705883,28.84465733909725,992.7034948096939,68.15237183482348,59.35613504817221,68.08387134925347,0.9837810579145952,0.4624757970853603,0.9583425124959051,0.45962665684734655
2025-11-04 14:30:00,4.964869140893388,58.4378343457539,66.79411764705883,28.831161100970167,994.7635604106488,68.40731066413476,59.115028390027895,66.24049721147645,5.269415944431942,58.20755280067844,66.79411764705883,28.841183943080196,992.6272336070714,68.15694284996131,59.37646775122635,68.13112800406785,0.9799998283267058,0.4651020060758699,0.9617357971613917,0.46164155205675744
2025-11-04 14:45:00,4.755359614895101,58.33667816002209,66.79411764705883,28.806903075109837,992.9727965408764,68.35161356620243,59.09054296826179,66.63790801676494,5.3066416175778395,58.21933616122645,66.79411764705883,28.836887288728658,992.0273183314715,68.14399360274625,59.37761343937247,68.05091898895904,0.9741551165780152,0.4706632537312358,0.9649693387975481,0.46359125466821166
2025-11-04 15:00:00,4.445141636720484,58.31411191096107,66.79411764705883,28.758488798523278,993.619224100961,67.93147850711068,59.01828044086631,66.58736697016643,5.327208908906585,58.2297861832456,66.79411764705883,28.83136125344908,991.2454411998946,68.14500380912635,59.36657610369866,68.10147063982573,0.957378686037022,0.4691477194980938,0.9678199339580998,0.4659030613249027
2025-11-04 15:15:00,4.765466660576772,58.31718244990356,66.79411764705883,28.796849686697254,995.4386616600484,68.17796960813045,59.18155227741183,66.35334616782261,5.34381348291137,58.242150359637925,66.79411764705883,28.824335857050848,990.3900817471512,68.1406043400092,59.34730410676912,68.13977422246104,0.952285425309842,0.4702034199517848,0.9707551853951176,0.4682648415600829
2025-11-04 15:30:00,4.860311935144166,58.27617076850426,66.79411764705883,28.791044935603672,992.110884306674,68.49767241787535,58.84336674454112,65.88145272077342,5.363202331510348,58.25428045587333,66.79411764705883,28.8189289598199,989.564393224879,68.13755573311245,59.31971900324025,68.18531842588801,0.9652011179547652,0.4645039550447613,0.9734202440577243,0.4703186886451967
2025-11-04 15:45:00,5.016351752494072,58.12768161215995,66.79411764705883,28.77278897865071,993.1534771287996,68.42963128388178,58.78680909365195,65.83378024586808,5.39157462952931,58.266057329170785,66.79411764705883,28.81512052203738,989.2400384905907,68.12295907298375,59.282397242140895,68.236293332582,0.9764562671224368,0.4686764883403108,0.9764883077833953,0.4725112197711859
2025-11-04 16:00:00,4.957459524211868,58.15987461072455,66.79411764705883,28.82459652886423,989.156456431674,68.38954490185095,58.62215286640193,65.93074780847779,5.414511771054196,58.271136549072246,66.79411764705883,28.809305307497784,988.9099466503942,68.1219035625942,59.243717752478304,68.28826106113247,0.9888465297060054,0.4737451831988726,0.9795285270229731,0.4744331374175633
2025-11-04 16:15:00,4.6954349714045485,58.18918684411433,66.79411764705883,28.871364334352094,978.9235127435658,67.66824142000047,58.33668669929884,66.18918304694746,5.438205110324277,58.275077191524005,66.79411764705883,28.803770953849163,988.4346186201863,68.13317202484814,59.20519697656631,68.32838773361158,0.9953388731496454,0.4749335839457588,0.9823360203646291,0.47629281107878996
2025-11-04 16:30:00,4.803852191583284,58.09849691356041,66.79411764705883,28.90033378917152,977.9110973171796,68.48504549129174,58.468845690394936,66.30690606962338,5.465544675623783,58.27532179580435,66.79411764705883,28.799083816585732,987.6109552843558,68.14500395761759,59.16891414083349,68.37003383247159,1.0071098960668126,0.478447473340822,0.9850661764507321,0.4779059354242768
2025-11-04 16:45:00,5.139606431224265,58.12656122839128,66.79411764705883,28.92980576739714,981.7267223652676,68.28193542068979,58.26217566019615,66.41216930586802,5.497065250450975,58.27220491597189,66.79411764705883,28.796564053415707,987.1844443417474,68.15339373853392,59.13364657263165,68.40882646868583,1.0058488869099529,0.482986747992941,0.9879722997621335,0.4795412736179659
2025-11-04 17:00:00,5.182272459086238,58.13222380960916,66.79411764705883,28.915420349304163,989.0102720146882,68.20074204887669,58.13747284252504,66.75321232654862,5.526667563671168,58.26672932831023,66.79411764705883,28.796602411515924,986.4435274964401,68.0830800089176,59.10063058933212,68.43850586294782,1.0038286090921396,0.4903226474340803,0.9903271352461265,0.4813773832659424
2025-11-04 17:15:00,5.450176538500927,58.16144938527475,66.79411764705883,28.859207203625537,985.0581806334764,68.05758547714576,58.61965306738584,66.92384332905277,5.5661681965724865,58.257441126343714,66.79411764705883,28.795174004127627,985.5727859772228,68.09417894155973,59.05877025308785,68.47628979689281,1.000579771946539,0.4911568067991331,0.9920976318997882,0.48285611102371995
2025-11-04 17:30:00,5.639076132097507,58.25055664128754,66.79411764705883,28.82745405022088,993.0523908010574,68.07092517586878,58.740991467165,66.9704004757752,5.594046160465621,58.25209010869481,66.79411764705883,28.79389642855087,984.7238693615772,68.12031894036788,59.0062749677859,68.50102039269385,1.00763193722266,0.4841727927180739,0.9938611631192955,0.4841987211595671
2025-11-04 17:45:00,5.773045957253093,58.24059554293528,66.79411764705883,28.80271636278899,994.0016679326224,67.7300847927749,59.214083845298944,66.98509522005013,5.6181661761523864,58.24532933900799,66.79411764705883,28.791493960004836,983.8481432878104,68.15815212059724,58.94791313913506,68.5380384856484,1.0097440157412825,0.4827366539154492,0.9956739801073768,0.4854382884634512
2025-11-04 18:00:00,5.728414789710744,58.23759633208223,66.79411764705883,28.803471324710166,991.8738159729288,68.16897361830316,59.41003882869232,67.13465581341181,5.6535460051539435,58.241843265515485,66.79411764705883,28.78803485699707,983.1145838809231,68.15553620130761,58.89525161818234,68.57229664948609,0.9973347930377544,0.4893413988368574,0.9972305262217452,0.4869200350917215
2025-11-04 18:15:00,5.9414080759632615,58.28864308399128,66.79411764705883,28.820281312790943,980.3516726357664,68.27044859638359,59.39663004266145,66.97613739801658,5.697814540795118,58.23601986187146,66.79411764705883,28.783556128726538,982.791712623704,68.1948529912018,58.85621811268189,68.60848319617418,1.0023632344196127,0.4955848817195966,0.9977770978189903,0.4880521850887122
2025-11-04 18:30:00,6.020693894219357,58.217971422704274,66.79411764705883,28.74557103522202,978.2040158875726,67.80619910960898,59.39904738235957,71.03091809936588,5.754187624916361,58.231887730748525,66.79411764705883,28.780670991426213,982.0973956027303,68.25263357564,58.8149757228595,68.75711067509002,0.9936707527045834,0.5017449416597173,0.9984021288364886,0.48885522776944007
2025-11-04 18:45:00,6.238203083088196,58.36505624379507,66.79411764705883,28.69106967101036,974.1679967570208,68.15013402107577,59.22705387949549,70.75492518352132,5.816546065211123,58.22990310478018,66.79411764705883,28.778325530849212,981.2900409285099,68.27539865884901,58.758717618852046,68.77856761520204,0.9883572956015276,0.5043972623098603,0.9994966488398496,0.48951625836181323
2025-11-04 19:00:00,6.392981922556049,58.406139558890864,66.79411764705883,28.68452550579354,973.14824397328,67.57214726487892,59.18389836596607,70.76096342204407,5.8882175130154275,58.22871992305621,66.79411764705883,28.775605126140395,980.4148456600487,68.3153160757347,58.6891066471648,68.79473063774599,0.9912088913450936,0.4995216763087804,1.0007202327819416,0.49033851978805687
2025-11-04 19:15:00,6.361278293311419,58.38507892239984,66.79411764705883,28.70908581281789,981.7681234148956,67.63556974166114,59.01186091819208,70.82839729489864,5.948237547225576,58.22578796772743,66.79411764705883,28.76942106602052,979.6549839681086,68.32578451366294,58.61776748717841,68.81779089928074,0.9967691488856116,0.5044084050986133,1.0023474988339394,0.4912100438472608
2025-11-04 19:30:00,6.090164713717185,58.34915949883391,66.79411764705883,28.719266972376627,977.7002449232724,68.12160375170514,59.01388398148296,70.95329170929531,6.020292977755836,58.22158112970157,66.79411764705883,28.762602846948234,978.9861342270397,68.35018102934661,58.55804799352764,68.85375020889842,1.0111004843696176,0.5010722849774032,1.0032630934672064,0.49220142544257056
2025-11-04 19:45:00,6.348488691293165,58.33385377026408,66.79411764705883,28.69969384572326,976.8292003158938,67.87723048689571,58.903983606471,70.72025921279322,6.098361358467948,58.227489456365554,66.79411764705883,28.755107769957917,978.5088245418992,68.35176752664474,58.49412492858194,68.87704287959106,1.0118003098125623,0.5007648326038164,1.0030617166636098,0.4927825843056999
2025-11-04 20:00:00,6.42411867561551,58.26050501172312,66.79411764705883,28.68122922332952,973.215009249088,68.6124752993153,58.990861044221575,70.8939762085245,6.180201418209084,58.227311107573,66.79411764705883,28.74370501209628,978.0022184405228,68.37855550839295,58.4385054856114,68.88884989507271,1.0121945415474989,0.4979255514585512,1.0022924362325623,0.49333659674195884
2025-11-04 20:15:00,6.634032367406997,58.22574235736403,66.79411764705883,28.748258764595164,980.6457814459347,68.18468998037838,58.91939959671276,70.94837620558555,6.273053727256916,58.22479533184479,66.79411764705883,28.73033172676904,977.8308521151207,68.39135370792687,58.390335346951034,68.88777266405721,1.016712269010573,0.4943454070625359,1.0012565559656428,0.4938125570163029
2025-11-04 20:30:00,6.626579727069967,58.23044183611741,66.79411764705883,28.761117361991914,975.8695956139752,67.17803140772497,58.994288676817874,71.04224704010984,6.360504963046406,58.2238554898612,66.79411764705883,28.71572127963237,977.7056281940751,68.41504628165008,58.35067338357381,68.88895456563854,1.0238854033863514,0.5027020018993152,1.0000837173945267,0.49429140428779916
2025-11-04 20:45:00,6.561658334965664,58.125068588775655,66.79411764705883,28.76169980616513,971.4461653422476,68.13550790692209,58.941657904359325,71.41886459998662,6.460676178406964,58.21698258775986,66.79411764705883,28.699996823375386,977.2649505695133,68.40782780090994,58.307101416880975,68.88036119829798,1.0146618678500898,0.4969909167606705,0.9990634586651113,0.4947262167534294
2025-11-04 21:00:00,6.017834167109156,58.10658007767434,66.79411764705883,28.739431601778563,971.6701617227504,68.82447099242455,58.76916857421774,71.32763006625062,6.572654215474798,58.20929912681699,66.79411764705883,28.68390377653299,976.7258977440888,68.41281634903038,58.272102061416724,68.8617736660417,1.017107324066581,0.4944461207880233,0.9981938517343873,0.4950773858953685
2025-11-04 21:15:00,6.0150815267717,58.03128816321559,66.79411764705883,28.75233601621283,973.6053937539426,68.52508373986765,58.268831369011664,71.4166817041411,6.671323294020074,58.2016529873634,66.79411764705883,28.670717208393377,976.3441201991119,68.40509893561392,58.212018642986536,68.83270455580093,1.0175675595476683,0.4956218148672802,0.9974646033478723,0.4953205873724119
2025-11-04 21:30:00,6.381634758389793,58.12766470982508,66.79411764705883,28.763246358373674,974.7028044924464,68.65781866207746,58.40681384048519,71.09216315321925,6.750165103834643,58.12492186345374,66.79411764705883,28.638750736053392,973.9602999890608,68.35498505390122,58.159545661872585,68.87815775784534,1.0139958919888117,0.499459027328077,0.9959918079179512,0.49466071496690645
2025-11-04 21:45:00,6.703438256579647,58.22120205528498,66.79411764705883,28.73826428762501,977.6542488225668,69.44542438099653,58.41148331588193,70.94909985884564,6.809405767977955,58.0460553852505,66.79411764705883,28.607964777502676,971.6531816991871,68.31252116306267,58.10865562588423,68.92314377922222,1.0001782058319448,0.4964402969950808,0.9936763639361422,0.4939547750455828
2025-11-04 22:00:00,6.656061664530715,58.313870412065775,66.79411764705883,28.744606981960395,973.934049781438,70.14072819728119,57.87775669535648,70.69932157895195,6.8623411541687505,57.96703579988256,66.79411764705883,28.577892652432798,969.4349983480188,68.23889498533678,58.07122751540783,68.96625492768722,0.9987507588516592,0.4891932864977058,0.9914288943019448,0.4930855038295098
2025-11-04 22:15:00,6.626112823737943,58.27713938097175,66.79411764705883,28.73653925779993,968.7521563142632,69.03456606247256,57.40279984803804,67.28161622012504,6.915146901470773,57.88838138766455,66.79411764705883,28.548496282954314,967.6665733142454,68.15440981269118,58.028603959467645,69.01391449665729,1.0069907166788417,0.4904941715024316,0.9892225333796035,0.4919208091181047
2025-11-04 22:30:00,6.595285070849606,58.278616459241896,66.79411764705883,28.676876657258656,967.3633660471256,69.12900101368133,56.92995129024897,67.07225764648534,6.975492079018792,57.81040302126567,66.79411764705883,28.522292928630357,965.9941914959606,68.12309186713621,57.98273070381519,68.92688476848373,0.9940862042997796,0.4938155622854038,0.9866122081770258,0.4906607649653605
2025-11-04 22:45:00,6.566067686881228,58.229223790040045,66.79411764705883,28.611327883101037,972.6428109018456,68.49202274597744,57.041377477820056,67.04515401386526,7.0256849813559406,57.72504770680284,66.79411764705883,28.498914195201497,964.2881508932339,68.06310542763167,57.959249936614775,68.98014068520956,1.001103406869778,0.4963491417279016,0.9840552776709504,0.48927130908921046
2025-11-04 23:00:00,7.021974851051984,58.1499656277285,66.79411764705883,28.586498363435044,972.045392074602,69.2295678883857,57.05178193501798,66.96023200930344,7.061235022875238,57.63411914885527,66.79411764705883,28.475145099522756,962.6091456910183,67.9965266631625,57.92770150132444,69.03825205300099,0.9926689569527778,0.4942454029040525,0.981230619069438,0.48801788454487915
2025-11-04 23:15:00,7.358403173857421,58.304931412079405,66.79411764705883,28.54793666894121,978.8341865745912,68.47722620282508,56.86911714528089,66.5325603666475,7.074395168815072,57.540042280983315,66.79411764705883,28.44937623998085,960.5990466785868,67.92934668122915,57.907497104708135,69.09125546270751,0.9704149630145344,0.4861112542341911,0.9784982482141874,0.4865323104218869
2025-11-04 23:30:00,7.412661316445924,58.15452414694828,66.79411764705883,28.4825137930153,973.9582733903796,69.19318435429744,56.95356957728605,66.28495827292693,7.090762002627572,57.44462234894475,66.79411764705883,28.42424527823831,958.9480883129298,67.8608911809253,57.8913685245876,69.13874038306764,0.9657681167745816,0.4903655562866424,0.975542981526672,0.485108425653498
2025-11-04 23:45:00,7.481004242839502,58.11371357226781,66.79411764705883,28.470165774534756,973.7825229815024,68.05218740601839,56.89158253948754,66.15686611648302,7.10160566839576,57.347156937409444,66.79411764705883,28.398867768743518,956.9019728556185,67.77729685837437,57.87502819390325,69.19552113472042,0.9642624651420676,0.4892123921760797,0.9725764882604909,0.48345587417501673
2025-11-05 00:00:00,7.427389265268022,58.07030165405271,66.79411764705883,28.462020375071518,974.1543796858105,69.19582270298767,57.27898678907849,66.34236311706272,7.122711103315932,57.24832162227594,66.79411764705883,28.37460559461388,955.0591907134071,67.70823620292043,57.855192429572575,69.2438004180675,0.9719247389333224,0.4928128914857091,0.9690846802786157,0.48184658619228826
2025-11-05 00:15:00,8.144742892040982,57.92037416535133,66.79411764705883,28.45807207968749,968.5063936284122,68.06538099848606,56.95501665941096,66.15436828565123,7.130122562676488,57.15107068271307,66.79411764705883,28.349733293596557,952.8988554329765,67.63182898789758,57.83105624385607,69.28627694583953,0.9752411250274908,0.4960311219618493,0.9655745266528228,0.4804852239443223
2025-11-05 00:30:00,8.54161357112127,57.90171998132285,66.79411764705883,28.43262894403236,972.8386872519566,68.3503984924896,57.08749217859755,66.19558635886082,7.135788996416512,57.0537568271403,66.79411764705883,28.325245131724934,951.1691039493275,67.57853294556406,57.79678948106808,69.3277643500401,0.977740401170424,0.5008577216922518,0.9615842140756111,0.478604559660161
2025-11-05 00:45:00,8.410248894859237,57.93206520166724,66.79411764705883,28.4636101594371,973.6048542841684,67.82606307465203,56.81715051448022,66.0517700218292,7.129822607055127,56.963528266377594,66.79411764705883,28.301306937389338,949.4191994550798,67.5208693204701,57.77002072101105,69.36296173901495,0.978702320351088,0.4984528511104384,0.9581485566804733,0.47683519443273176
2025-11-05 01:00:00,8.00433042653455,55.94862292399747,66.79411764705883,27.86845988002134,921.5377844995232,66.56750872448802,57.16680203374636,68.33399653710761,7.142039180323448,56.87770110998471,66.79411764705883,28.277377298609178,947.4533717951846,67.44124888312696,57.73658135478555,69.38773932277176,0.9634480743250222,0.4643766205529073,0.9549805230997309,0.4752360028383867
2025-11-05 01:15:00,7.550265881552475,55.87460119683815,66.79411764705883,27.87913760626753,924.788119236414,66.4561680676183,57.6873827656482,68.33467586135599,7.156990464246505,56.79166818014905,66.79411764705883,28.251802960250664,945.6346267990382,67.35593630058949,57.71718501545691,69.4056922636746,0.9402806962870168,0.4615584562757389,0.9518693925333073,0.47358032644766984
2025-11-05 01:30:00,7.316476375434596,55.86700877104411,66.79411764705883,27.90130757261378,925.3283154378772,65.96018828652636,58.28719551440026,68.42799026736222,7.176041964516638,56.70014852210594,66.79411764705883,28.22631292546318,943.6974922435984,67.28218548648763,57.70188860334177,69.43835264826147,0.9299107040118308,0.4632632623546698,0.9489767024246192,0.4716975949689745
2025-11-05 01:45:00,7.525580495023913,55.92901071745076,66.79411764705883,27.938390228436443,927.2989216225648,65.73589341701592,58.11792336445612,68.40592446711933,7.195083640046835,56.60363760328114,66.79411764705883,28.20189406711329,941.4937390191695,67.1551407102555,57.68952065813677,69.47914090036706,0.9361724067493749,0.460644040377443,0.9466124837176236,0.46973771821748783
2025-11-05 02:00:00,7.831049220659953,55.87862043073807,66.79411764705883,27.959470405503414,928.032561339034,66.8666607429596,58.022849712785984,68.42002625415876,7.216481572976769,56.503940110195906,66.79411764705883,28.17775403143286,939.3836144483417,66.97883790296143,57.69468958535875,69.5269089605702,0.9153609966272528,0.4639436170773915,0.943760871378815,0.4679384124361462
2025-11-05 02:15:00,7.743990153202656,55.80439680991017,66.79411764705883,27.98970766814439,922.9867786752176,66.35054083593924,58.52263086348292,72.35260268529596,7.230269687218569,56.400646907929314,66.79411764705883,28.153623011574535,937.0854417082886,66.89238304150484,57.70744673430139,69.6932828325716,0.911649380419264,0.4627135860253591,0.9408635897074179,0.46625012115124215
2025-11-05 02:30:00,7.459483168134954,55.678282820463686,66.79411764705883,27.97145263543133,922.7780879068076,65.5747843308041,58.23744530725588,72.50430445578681,7.242995942954973,56.301882964501814,66.79411764705883,28.13218477964751,934.983391723813,66.79725979593198,57.728707440246914,69.72983268027636,0.9064691332997238,0.461918939978839,0.938744561529441,0.4645481741211135
2025-11-05 02:45:00,6.756082671506467,55.56277288624111,66.79411764705883,27.93602002656076,921.4651530419502,65.62017028366067,58.40572901970327,72.4184995860942,7.252762230902201,56.20268949729619,66.79411764705883,28.113299654348825,932.945316388259,66.70542000286893,57.74104540012227,69.75628837341434,0.9147980232280916,0.4598411814088473,0.9368280577702035,0.46234618775935155
2025-11-05 03:00:00,6.58116972809215,55.48656153767689,66.79411764705883,27.965338120100444,928.171493953568,66.06793874258925,58.53002657786668,72.37783932009938,7.266498965009753,56.10947430185065,66.79411764705883,28.095181661712104,930.7331986445638,66.60898036844044,57.735241236666305,69.78219973530007,0.9224424837441544,0.4583557419257382,0.9350919035276353,0.4603350747249769
2025-11-05 03:15:00,6.673798664338834,55.40989142420522,66.79411764705883,27.93836856087944,915.4457365965524,65.36940081036835,58.41377368594038,72.42368176237707,7.271668967108504,56.017691539717106,66.79411764705883,28.078998040169136,928.3953781233396,66.51333072545619,57.745634686896295,69.82056350296028,0.92280551182713,0.4511882882493756,0.9336939633766116,0.4583317768624328
2025-11-05 03:30:00,7.057281723220656,55.29544555771796,66.79411764705883,27.95336399944042,917.931544982746,66.54065563569723,58.395788114301816,72.34235470893667,7.263643540151528,55.93511865756991,66.79411764705883,28.06783931426371,926.0725532858404,66.42866258818314,57.74608081467015,69.87234941794054,0.9074403020912448,0.4496469119766976,0.9321456084402558,0.4562526322211619
2025-11-05 03:45:00,6.85637614822368,55.30821417047776,66.79411764705883,28.00208973407552,915.8357230330132,65.89247352969258,58.19531402521704,72.22267203874655,7.239468664950803,55.85436950897409,66.79411764705883,28.05839484116467,923.88477508484,66.35452157910608,57.73629197712969,69.93110828986103,0.911407660236784,0.4535045396235577,0.9307883453247052,0.45424849920548654
2025-11-05 04:00:00,6.796572739270696,55.31102616893423,66.79411764705883,28.026472505843103,923.9770511045098,65.5791501377193,57.96628579317849,72.286869166127,7.215690346220815,55.77709191950531,66.79411764705883,28.04877959534847,921.823231178207,66.23979105187146,57.72105426215379,69.99255336267404,0.9041760260700036,0.4462820733744765,0.929161402426448,0.452185255935079
2025-11-05 04:15:00,6.382666654124088,55.418211765894725,66.79411764705883,28.0435539760974,918.9490305148169,66.40559915410314,58.13859510264837,72.47478626923184,7.164668093033262,55.7057080621728,66.79411764705883,28.03959001234347,920.0328954318796,66.15379402977706,57.71182627709029,70.0632737606375,0.9115921459959532,0.4439099599377937,0.9277387771302652,0.44994693951417
2025-11-05 04:30:00,6.384331365158817,55.53176538588777,66.79411764705883,28.0215424383737,912.6953319258904,66.43585787213034,57.76598758745261,72.07095757895524,7.094609948834779,55.63789687507956,66.79411764705883,28.032268493126914,917.7557523921746,66.0817452654171,57.71090930279073,70.13361504068065,0.9220663166443104,0.4464703729576687,0.9260097225792453,0.44750246823849815
2025-11-05 04:45:00,6.4636200444633785,55.45030026814595,66.79411764705883,27.98510586545757,919.043043869552,65.96570626374385,57.68694118915259,71.95526993122594,7.031371027606222,55.57364361993576,66.79411764705883,28.024846100526887,915.3992926647196,66.04076877574877,57.72335998158932,70.20519122920786,0.9242336425549588,0.4459515231457768,0.9243799808837068,0.4450555551286213
2025-11-05 05:00:00,6.953179766493787,55.38207496853176,66.79411764705883,27.99854531474902,916.588767829251,66.44529423902168,57.94792147703098,72.07197469082519,6.974267621117724,55.57218066442939,66.79411764705883,28.03762035397658,914.7753238041213,66.01627157899759,57.71983964687534,70.20329310674728,0.927215188728167,0.4429770829672153,0.9231923449531431,0.44362715619827875
2025-11-05 05:15:00,7.274688522485592,55.3258744905408,66.79411764705883,28.00569853712828,911.541652089702,65.63408109403262,58.04044495973211,72.172747422013,6.9096943783673,55.5753087848785,66.79411764705883,28.049931097681288,914.0460913226295,65.97992895806493,57.7090847562674,70.20497415351035,0.9292516446220794,0.4376439944504813,0.9229219406511778,0.4422228983404333
2025-11-05 05:30:00,7.29799965242872,55.32294561950864,66.79411764705883,28.020405911547453,910.6303126566064,64.85164397845897,58.03282451201556,72.13236338504663,6.849634472594222,55.57703066751651,66.79411764705883,28.060160090250744,913.3885313440794,65.99353203648414,57.686332363156595,70.2034428070319,0.9132023886874012,0.4352141130574586,0.9228952959875663,0.4407838879910116
2025-11-05 05:45:00,7.039756250991947,55.17834331297405,66.79411764705883,28.01260866205021,899.8069741126694,66.44092021877476,57.78551431631755,72.27283238016689,6.781252308811736,55.576626318860036,66.79411764705883,28.070514788833645,912.8405777774776,66.01828550844492,57.66450000222319,70.19335598732731,0.9200722665369292,0.4398454329553074,0.9227824323860127,0.43931856535808705
2025-11-05 06:00:00,6.977072742941714,55.3156981564169,66.79411764705883,28.0337296994479,904.3018665128556,66.2753036464955,57.56777246861436,68.16875307762864,6.708610729579935,55.57843294982501,66.79411764705883,28.080745238355558,911.9582912132603,65.97926980819094,57.650920677993575,70.18615125512748,0.9305153589604694,0.4427571513815445,0.9236139555326587,0.43787985468303225
2025-11-05 06:15:00,6.859056325298081,55.2534197738714,66.79411764705883,28.044774124140496,911.5005508352264,65.73682895408605,57.41151627408085,67.83882480800442,6.6299179192514925,55.57687711032868,66.79411764705883,28.089519204924343,911.365592306047,65.97561771909079,57.61469830610421,70.04371127800427,0.943608294092657,0.4302895508750454,0.9247338541137252,0.43642064797034485
2025-11-05 06:30:00,7.43407687427851,55.35350976436234,66.79411764705883,28.04295858433341,905.6818597637435,66.33637885553107,56.87765703133913,67.73757286587535,6.547808059268041,55.577858950252704,66.79411764705883,28.099669264576196,910.7029867258502,65.99120074367353,57.61067056481173,70.02963452234796,0.94058432967573,0.4339120118728136,0.9262048380208056,0.43487804188022167
2025-11-05 06:45:00,7.513503236819977,55.55144854807316,66.79411764705883,28.062428022652163,908.699570937866,65.60773691329761,57.18092065218033,67.68347339645372,6.487406949749052,55.58000466420925,66.79411764705883,28.112005948015774,910.0972943936814,66.00177462192146,57.60521348679368,70.02846462129203,0.9284767584838236,0.4260123183578665,0.9272280285426019,0.4334064185324955
2025-11-05 07:00:00,7.171898507736651,55.677337682532304,66.79411764705883,28.14775201585261,904.273528265406,66.65314023610603,56.96695341050185,67.83853572233458,6.4300927633401574,55.57991007870916,66.79411764705883,28.12217939063806,909.3310950567803,66.01182533583787,57.596131140720026,70.03662081315511,0.9193174686839082,0.4279912170485159,0.9278351465199279,0.4319544277405008
2025-11-05 07:15:00,6.755757986817764,55.69123911439309,66.79411764705883,28.186831581563585,908.1491769514907,65.82795713370632,56.5979174132739,67.91963227409802,6.382719460410957,55.58255320820305,66.79411764705883,28.133110939873823,908.7680454731405,66.036063189749,57.59929979152783,70.04372377843328,0.923544571675548,0.4290884017058194,0.9286179600310241,0.4306885302819522
2025-11-05 07:30:00,6.714039703368359,55.751973969989365,66.79411764705883,28.173563000585425,912.3080624868194,65.75390688594945,56.8218553398015,68.18571530145292,6.332812506581661,55.590126311823845,66.79411764705883,28.146188190935334,908.4085005232539,66.02211711754276,57.60312048782011,70.05564698943344,0.9231164519856068,0.4309155933734812,0.929690162741873,0.42933693330271566
2025-11-05 07:45:00,6.614075296414392,55.77885844537606,66.79411764705883,28.18238458953754,914.7963212385936,65.48547033565377,56.67817710750578,68.27598022455527,6.289831095381232,55.59750951568959,66.79411764705883,28.15755559865025,908.3079689588026,66.02398550844218,57.6244307059189,70.07883443907357,0.932562366142008,0.4288816293345792,0.9311595205969264,0.42792907255717005
2025-11-05 08:00:00,6.439869245166807,55.86738436852564,66.79411764705883,28.212983367535628,904.5243960608016,66.18893556169073,57.05998294961096,68.30582476015483,6.246622489239387,55.607385569829866,66.79411764705883,28.169856793346742,907.8423646305292,66.06565773890048,57.66248487791843,70.10980850421865,0.9258687646398256,0.4275235834220983,0.9332474305465245,0.42681654728848706
2025-11-05 08:15:00,6.513081258002481,56.00446754735321,66.79411764705883,28.24093838143629,902.9110624605228,66.59676838460263,57.19067087843779,68.19905567764539,6.2229290586825625,55.613584189291956,66.79411764705883,28.182264940269327,907.4692680791366,66.05663591833948,57.69818439001563,70.1329577307147,0.9298100694849346,0.4250454578141321,0.9351523350304551,0.4256401466031382
2025-11-05 08:30:00,6.291228231879613,55.90473425880649,66.79411764705883,28.251687483512125,902.818718681572,65.83259282195215,57.061191992327,68.27705286329073,6.200059097928755,55.6151852001932,66.79411764705883,28.197808793254065,907.378981156219,66.03766677753873,57.74649663119409,70.16843643819635,0.9278189964081098,0.4215246526426319,0.9369378329923659,0.42472250863756117
2025-11-05 08:45:00,5.613068599039758,55.96844481031134,66.79411764705883,28.24845991740879,902.9111447916588,65.36588943963885,57.36473604741004,68.38510726424761,6.18566079556175,55.61650970944677,66.79411764705883,28.215035848680802,907.106763591301,66.06737634799168,57.79064463322014,70.20829096761275,0.93216856722806,0.4194307205403751,0.9386874752340042,0.42383153676248336
2025-11-05 09:00:00,5.514679202242292,55.91866525018453,66.79411764705883,28.20817734969749,905.601516081376,66.36828063910228,57.60462372107615,68.38204987300911,6.156712199593626,55.61913457615464,66.79411764705883,28.230244823339532,906.8531462482883,66.09984984068325,57.84148778820641,70.24650193144366,0.9291113641034864,0.4200929518720165,0.9404060090656352,0.423192905337115
2025-11-05 09:15:00,5.4741155815493165,55.916880257756524,66.79411764705883,28.24903118592349,910.8603146245096,66.47849757583931,57.4629525364537,68.10331987598157,6.110485740715493,55.6192835765146,66.79411764705883,28.245309569364785,906.5133183809266,66.11139574057488,57.88136141212667,70.27163290349633,0.9327864987027618,0.4166843613897086,0.9420624882614345,0.42269993420152085
2025-11-05 09:30:00,5.651801843705937,55.932819359687066,66.79411764705883,28.26638389116071,901.5639644125124,65.69618973534043,57.615469985897846,68.20388428816412,6.063809479084214,55.61723894283063,66.79411764705883,28.261257224462405,905.9778578942218,66.16429040284861,57.91929665067476,70.30485492117477,0.9403066910266374,0.4207822968257455,0.9441010407825843,0.4223333357560716
2025-11-05 09:45:00,5.383205843349344,55.75772162502047,66.79411764705883,28.25292666520802,905.205811458822,66.24097816293485,57.43595970680192,68.07940337159923,6.012478504320346,55.61787542803119,66.79411764705883,28.27674072992338,905.6601765891188,66.19432806167914,57.96687748899759,70.3337412233182,0.9452463378512564,0.4189373846447372,0.9459642927583889,0.4218930265334171
2025-11-05 10:00:00,4.996187368631452,55.707738018184415,66.79411764705883,28.275954424986875,902.8999205009042,66.04227506828623,58.11661306848141,72.0820017860975,5.95043643663895,55.615900472646715,66.79411764705883,28.291221326335155,905.6158489234002,66.16425287788766,58.01480037291217,70.49439771581241,0.9505986505121344,0.4156407572751444,0.9475073336748426,0.42144916465426985
2025-11-05 10:15:00,4.944049385936746,55.62714430493744,66.79411764705883,28.306120529748096,903.2943830768857,65.93738663109845,58.242016679161694,72.38340255441685,5.898039992608606,55.61509253562102,66.79411764705883,28.303638801748665,905.4919076530394,66.19762649308869,58.05149090010215,70.54238265783877,0.9454937388819824,0.4156924809770624,0.9492148225316799,0.4213477720522425
2025-11-05 10:30:00,4.86174413582534,55.483723972674255,66.79411764705883,28.27054139876902,905.185513846533,66.36946016008159,58.257556195657145,72.62252507599105,5.8348441010805105,55.60881902293946,66.79411764705883,28.315114457621146,905.7478806522263,66.19555651824213,58.11142599223543,70.59142962202044,0.9406560230639356,0.414796018165896,0.9515393325011317,0.4210861009541562
2025-11-05 10:45:00,5.252599576462825,55.48918530902199,66.79411764705883,28.266315037952477,898.554249087365,66.09653642770249,58.50883321017432,72.63677072072228,5.762886978505658,55.599240534070155,66.79411764705883,28.3262096059077,905.6079544751552,66.23477261187635,58.16485423474846,70.64416010064706,0.9462899171600198,0.413211364492919,0.9542006740601624,0.4210147332193083
2025-11-05 11:00:00,5.560073108341736,55.52263866634147,66.79411764705883,28.34568153128557,907.1451964861412,66.12227346950976,58.510409003070095,72.70005103894174,5.6876878665354145,55.583472766082984,66.79411764705883,28.33424313916879,905.848595465391,66.21708037289983,58.23097016201296,70.69684535259215,0.9396063834167092,0.4090990025996032,0.9572957725834599,0.4211412886560486
2025-11-05 11:15:00,5.566933812210853,55.529710286450175,66.79411764705883,28.343111965523068,912.8197760994703,65.94852525667517,58.83462056818086,72.91829552795079,5.608633726828381,55.567496069927785,66.79411764705883,28.33938678560541,905.6440521367884,66.25915404246824,58.3108132442748,70.73606260783134,0.9554883958883872,0.4112687172571873,0.9599628415920343,0.421290029286019
2025-11-05 11:30:00,5.500314555015317,55.60730779314272,66.79411764705883,28.39550834673788,910.0089212563134,66.82931705146825,59.1079109531644,73.21609112047933,5.5179521727761305,55.55249408528245,66.79411764705883,28.345534221868096,905.3570220472694,66.309133507884,58.377430925578864,70.78745674764403,0.9668133245579412,0.412906315313987,0.9625059202847925,0.4215411360246819
2025-11-05 11:45:00,5.671863737419354,55.604170349757375,66.79411764705883,28.415798383775044,907.7561339730382,66.13494453727321,59.20958046556454,73.16926306411298,5.435385394081733,55.53907496341305,66.79411764705883,28.349875609697296,905.0438821719777,66.35462307367185,58.437760945681795,70.83362217623906,0.9687392805138746,0.4086179393773264,0.9647335278891477,0.42224080916214124
2025-11-05 12:00:00,5.69823254254461,55.57979571292528,66.79411764705883,28.48785802791579,909.9867242383622,65.86678364810777,59.2153548228064,73.13531880340487,5.373932166994593,55.52672156915901,66.79411764705883,28.352656589194456,904.9870116743238,66.37141564495535,58.47800020159778,70.87828578095747,0.9756312555016344,0.4189412339903597,0.9675059785449697,0.42284062343543855
2025-11-05 12:15:00,6.031670973453259,55.49003554575267,66.79411764705883,28.501917528259504,910.876516922015,66.85699337733243,59.01138124993405,73.15090581371773,5.317124647385021,55.5071065405251,66.79411764705883,28.352884577876903,905.0985245623299,66.36318728321992,58.513639349854856,70.92770713950571,0.9767229098041056,0.4192223668934419,0.9705288487929237,0.42350951377393453
2025-11-05 12:30:00,6.084721887450017,55.46082096976798,66.79411764705883,28.45481455451104,908.9802475388684,67.41949901976882,59.47321612661885,73.21830360575301,5.268060569294165,55.48917347968675,66.79411764705883,28.350534948029992,905.4544786765621,66.39633127861018,58.55241180531935,70.97520709368334,0.978771203677099,0.4238181402061668,0.9739897871953509,0.42449795913028243
2025-11-05 12:45:00,5.887894756141641,55.3303445013396,66.79411764705883,28.45764091788592,901.3468160688486,65.98045809078131,59.23665367734015,72.92667658359254,5.229713925939243,55.47336290840504,66.79411764705883,28.348364362806002,905.7951010675758,66.40054403730878,58.57785428589174,71.0209086849534,0.978946020496059,0.4228548603826537,0.9775871754158106,0.42550450814719043
2025-11-05 13:00:00,5.8977118034903215,55.26160660898972,66.79411764705883,28.49883556447608,894.5664980554571,66.43848384667082,59.17088166845844,73.12902391539953,5.200043151490665,55.46016606495128,66.79411764705883,28.347102023068633,905.9519370908334,66.3960743090707,58.58657096660546,71.0677424956792,0.9743589643218932,0.4242161596939829,0.9815489557517193,0.42651696457340355
2025-11-05 13:15:00,5.499827008075921,55.197437868990704,66.79411764705883,28.477113825879275,890.276534959584,67.34204998369073,59.212939466002105,73.13942144447059,5.177510153455542,55.45011347225279,66.79411764705883,28.343061739874983,905.9073220819176,66.40750617985141,58.60556663068045,71.12249463107446,0.9759698258110708,0.4266361562756706,0.9858136819353297,0.4273944928952082
2025-11-05 13:30:00,5.115810712499809,55.25644949488278,66.79411764705883,28.468147591801227,902.972036541298,65.37304813275142,59.00545898605189,72.98844785245423,5.167137187721604,55.440400016409534,66.79411764705883,28.337885970919395,906.1610157985835,66.44175641598467,58.619815695509665,71.17044116596861,0.9768065864540808,0.4294412950071276,0.9896582942889024,0.4282407648467392
2025-11-05 13:45:00,5.28716300438776,55.22918166310044,66.79411764705883,28.417298386545884,907.7823127244036,66.73803741011692,58.51223208978018,69.27837306879574,5.173537525763976,55.43653131820516,66.79411764705883,28.332559118174814,906.2131882138947,66.42807951599465,58.64506032656183,71.22074035257486,0.9948329597977712,0.4272477728142244,0.9932376083258929,0.4291577248740063
2025-11-05 14:00:00,5.538200128435696,55.1653043839154,66.79411764705883,28.38722826050781,913.3610497393488,66.27427961013427,58.67570979533753,69.20898179132524,5.190711030032127,55.43347312369195,66.79411764705883,28.327707141493196,906.3440402065945,66.46408811297428,58.649758608188016,71.12520560894271,1.0103196287592868,0.4260618789302256,0.9964524017441009,0.43029475627159036
2025-11-05 14:15:00,5.354789559574343,55.26409388199402,66.79411764705883,28.395282471248777,904.501785625734,66.78421972232375,58.78376792757141,69.26538775525258,5.213672630900874,55.436511200627024,66.79411764705883,28.32113291178135,906.2928519727026,66.4573720357145,58.65313303696273,71.14305703441235,1.008317005254744,0.4238712863124308,0.9997667690747029,0.43131578730525505
2025-11-05 14:30:00,4.915925148629364,55.20430464291718,66.79411764705883,28.38875801368528,911.4927579724812,66.1223730668109,58.950431228437004,69.41909328068716,5.247028952043004,55.44354294914122,66.79411764705883,28.31568487637122,905.9488060399487,66.4437159499146,58.64813121669192,71.1573300244084,1.0121704243828291,0.4317878801507229,1.003341080260376,0.43248320455628336
2025-11-05 14:45:00,4.384133795606735,55.211938229737285,66.79411764705883,28.341140974662004,902.012877093416,67.09016722075836,58.993209881128855,69.09614993127362,5.280345340477385,55.452430049056744,66.79411764705883,28.311642982159796,906.0287480404857,66.4737468850538,58.633696733754526,71.17339053648324,1.0035566419327824,0.4335506206049315,1.0069399240859336,0.433567060021118
2025-11-05 15:00:00,3.993593081800863,55.30191443062933,66.79411764705883,28.35798608846608,903.6971598012436,67.25329084842227,58.82038577892324,69.72753949583348,5.317910240250015,55.46008405596642,66.79411764705883,28.306934877480064,905.3794348159507,66.49328431904868,58.618484673866405,71.20416980791771,0.9994088127683566,0.4384487955333697,1.0114452873686808,0.43483205836342353
2025-11-05 15:15:00,4.137071935582474,55.376284789293976,66.79411764705883,28.31262622441371,905.4021249798418,66.8501573092892,58.48807771059384,69.66094308240648,5.353073488608293,55.46818286490052,66.79411764705883,28.303289435155104,904.6442618172441,66.52488715949333,58.58442992921006,71.2150123213437,0.9993905942726616,0.4498718234583578,1.0154296990943876,0.43628560998470706
2025-11-05 15:30:00,4.596272432552609,55.496782540904256,66.79411764705883,28.296412752450383,902.8182811311824,66.6927127001958,58.26716062709061,69.64573290170716,5.37905809757905,55.469530964188976,66.79411764705883,28.29535874032391,904.1716634781549,66.50376798351327,58.54723407861448,71.21416934790186,1.0090422843144842,0.445518011621018,1.018776208388824,0.4377093342580955
2025-11-05 15:45:00,4.808855669715352,55.4160166883361,66.79411764705883,28.247778041909637,906.2564491007104,66.34991753253975,58.25984532614973,69.68169643409281,5.3966618977067355,55.47097241019744,66.79411764705883,28.287254056360087,903.9514003047103,66.5325224159622,58.50920642358429,71.21670397969189,1.0204961769235563,0.4451121679690118,1.021997907375462,0.4392812303908598
2025-11-05 16:00:00,4.819305889153919,55.36674243365575,66.79411764705883,28.181198588104778,913.4973421085348,66.82691268366,58.22436565626224,69.70205148861896,5.413000503289548,55.47623243778391,66.79411764705883,28.276405219589243,903.5954664756472,66.54492305408824,58.47107186449504,71.21995359050904,1.0316471484809262,0.4511780133330679,1.0245979095762334,0.44031490545195345
2025-11-05 16:15:00,4.462669298392094,55.49412767186027,66.79411764705883,28.18334236068913,913.1298165220768,65.49227220059691,58.12801046458149,69.75615500234969,5.425319897570797,55.48296989262354,66.79411764705883,28.265601215853106,903.2562014365328,66.51933545058264,58.428700304982826,71.22375406495621,1.0400902138418513,0.4496271910476164,1.0273100248776934,0.4416203985626367
2025-11-05 16:30:00,4.624555968784952,55.5227599465718,66.79411764705883,28.170307157576392,910.306596779102,66.23418879195981,57.866124142487706,69.78706419478326,5.434561765824658,55.49016073399688,66.79411764705883,28.2570346443839,903.0322917001548,66.48409259813057,58.36273193898892,71.223293076055,1.0479647741807454,0.4504666446584089,1.0296518587192158,0.4428472636384421
2025-11-05 16:45:00,4.798125640495606,55.61530247680177,66.79411764705883,28.12782269011401,909.5218643570378,66.8214536992607,58.03282245870371,69.74588393783947,5.46120927270552,55.502869047061836,66.79411764705883,28.24707664264428,902.8155464761472,66.49025653843537,58.29738748911481,71.231044010589,1.0607282842110757,0.4430102110438509,1.0312683550502468,0.44396216304941055
2025-11-05 17:00:00,5.340612871687798,55.64141568438957,66.79411764705883,28.11111082249305,909.1747759124852,66.72369681933799,58.042941930773935,69.64228033498837,5.487158246334745,55.51654570154362,66.79411764705883,28.234588193209902,902.9142567762824,66.49093805715792,58.24644547984044,71.23269986635647,1.055645061633816,0.4461704553716719,1.033104220849827,0.4450768710199091
2025-11-05 17:15:00,5.575215984620509,55.64166067888903,66.79411764705883,28.09312108287069,906.770983918158,65.83067116323461,58.193298638366926,69.58837896978679,5.516858216907772,55.53210401021345,66.79411764705883,28.22233737945009,903.4218731174705,66.47383795940723,58.18772926471075,71.2306928728799,1.0526257589609744,0.4464461854627524,1.0344671479250778,0.4460839516692315
2025-11-05 17:30:00,5.511392496675974,55.61599218278828,66.79411764705883,28.130395124538257,906.8254802819,67.12253297767481,58.25756151726709,69.21595947713273,5.556977068668913,55.54686213387365,66.79411764705883,28.210501934670198,903.4298803470464,66.53955133306528,58.13752719738136,71.23377181292946,1.0470424530583733,0.449751699202666,1.0360960540026551,0.44677583441181734
2025-11-05 17:45:00,5.632897411999148,55.71828661298937,66.79411764705883,28.10889363839266,901.7587360601268,65.73590431330524,58.34324954240304,72.91894531850629,5.59361493910156,55.56251363354203,66.79411764705883,28.20056908498443,903.2439955387196,66.54425039125766,58.10033132015499,71.36660729420673,1.0449247588000414,0.4463234119870027,1.0372325869257426,0.44750842294849935
2025-11-05 18:00:00,5.862433770089232,55.69467642810014,66.79411764705883,28.10710033646512,894.864135863916,65.95977758608473,58.10750158753302,73.05071477587255,5.620919304431231,55.58094529830675,66.79411764705883,28.19162155480745,902.9052268833337,66.52506139327797,58.04035144010185,71.38456152201913,1.0478853586341297,0.4498185356967456,1.0381471125668298,0.44821265549720074
2025-11-05 18:15:00,6.2520912294942725,55.755798306487904,66.79411764705883,28.145058211609737,900.9525091034708,66.99746448187834,58.075798722052426,73.1185860829676,5.664979354756615,55.59834983197505,66.79411764705883,28.18186953804337,902.8890362871763,66.51346397614185,57.980865423015686,71.40168258825369,1.0542552319267458,0.4457270284379571,1.0386584957557499,0.44904479461091085
2025-11-05 18:30:00,6.687020101520667,55.75225887363187,66.79411764705883,28.20443839089382,887.6657997500996,66.70839648935616,58.05404720642644,73.62342918197581,5.725758938459927,55.615627068891555,66.79411764705883,28.17350445227187,902.5715053839045,66.49655947976758,57.92945757728569,71.41589099242474,1.0747672818991232,0.44704895286877,1.0389455270775436,0.4496460956131244
2025-11-05 18:45:00,6.621831262959174,55.77267455447298,66.79411764705883,28.233748695774143,890.76458613827,66.89661047001483,57.81297822849041,73.2435709307307,5.80308505266521,55.63266164916537,66.79411764705883,28.1663234797246,902.4779620813894,66.52619012541393,57.87963897093088,71.43113265286591,1.075020747659595,0.4548752658956937,1.039146382163745,0.44994256406404803
2025-11-05 19:00:00,6.27985282413804,55.64775077179636,66.79411764705883,28.157587501801924,895.8309710836338,66.19574177206637,57.9920354352972,73.19080191722364,5.880171802058175,55.649223861021454,66.79411764705883,28.15974133841481,902.2316759220732,66.51394523426227,57.825241917839215,71.42677017225931,1.0672086033910333,0.4556180435156384,1.0390304245529807,0.44975982469493164
2025-11-05 19:15:00,6.199977741249922,55.64741373001136,66.79411764705883,28.17265786486048,901.148238769703,66.99757751074127,58.06875081465885,73.24530201781401,5.9623481376511185,55.66342403875132,66.79411764705883,28.15397650763523,901.8374960158819,66.50070699615846,57.76859211943795,71.42438138195206,1.065390250113013,0.4557748233602571,1.0388932060924736,0.4490847231148611
2025-11-05 19:30:00,6.1883907100289575,55.737596540519256,66.79411764705883,28.16239292479049,899.3087093664698,66.23880279188872,58.07131805012898,73.23280712791917,6.040996424409469,55.672779827284,66.79411764705883,28.149533958485954,901.763555021244,66.50412455451256,57.723762512797,71.41905710700425,1.0536313215247786,0.4499514858231677,1.0377371066383192,0.4487153196575129
2025-11-05 19:45:00,6.401252801890721,55.69215919094172,66.79411764705883,28.17779741617537,900.6985657485841,66.08936527216464,57.7402344645674,73.26492004713324,6.1274770122246744,55.683997865615176,66.79411764705883,28.149102690095667,901.5799486190172,66.53866731007108,57.68351672417917,71.41927143453036,1.0580863688479056,0.4583871602139403,1.0362230805314945,0.44853395681152286
2025-11-05 20:00:00,6.36197793506588,55.6765462109682,66.79411764705883,28.197817410434894,902.2629554475286,66.3622134462066,57.49416514680177,73.20447393871662,6.21697024405245,55.69735910038614,66.79411764705883,28.151888184193634,901.2556019928157,66.50244022877398,57.63762817854437,71.40833672976176,1.0490262189227713,0.460624092480329,1.0345255314897999,0.4481787768630042
2025-11-05 20:15:00,6.687319962567488,55.71159389328827,66.79411764705883,28.158900865697312,894.844459348618,66.16537629992511,57.27632018111686,73.15920461961277,6.318106598880658,55.70805360128762,66.79411764705883,28.1552550043388,900.993179904718,66.56133697800378,57.60539957783149,71.39223503897374,1.0274409104269864,0.4563018427117082,1.0327076199049328,0.4478537664155856
2025-11-05 20:30:00,6.676181012367053,55.671906243443146,66.79411764705883,28.12418208144467,897.5278070595123,66.45892940834702,57.642621390227326,73.1786995884236,6.412915892146421,55.71937650489911,66.79411764705883,28.158341360499687,900.8326510508047,66.56257907065284,57.58433370358159,71.37044638649354,1.029434938309297,0.457657398808939,1.0306745718503731,0.4474484856895454
2025-11-05 20:45:00,6.390826125266727,55.66418712908594,66.79411764705883,28.10958941308489,905.5050251952304,66.82904705117038,57.451453012111365,73.07921164017301,6.504231574298426,55.72798708410701,66.79411764705883,28.162572380410783,900.7428602752365,66.51142619704859,57.55605270874222,71.3537206844825,1.0168576380685976,0.4568485757553433,1.0283524753442634,0.4474056288766495
2025-11-05 21:00:00,6.319376265334063,55.69919320468845,66.79411764705883,28.11308424840448,903.2122534285718,67.34444934249292,57.49939696617027,73.08081605394162,6.587469907774992,55.73732176396808,66.79411764705883,28.167471921910543,900.832971029799,66.45977430020925,57.52208568151175,71.33463371193974,1.0256737687814013,0.4501977772847014,1.0258149385349171,0.4471125458096098
2025-11-05 21:15:00,6.386299117367173,55.69872665315181,66.79411764705883,28.119312895972925,902.2057684745994,66.87900915588826,57.396355772989146,73.26343750711347,6.6726626234361275,55.74333811028144,66.79411764705883,28.171701275254428,900.9492965741641,66.4845428786782,57.47468004302225,71.30837697218564,1.0289289474903949,0.4492254289146852,1.023162380167356,0.44655530505903995
2025-11-05 21:30:00,6.357331088325811,55.71825432685706,66.79411764705883,28.1188023551985,903.1979900777774,65.69860967074361,56.87631339374322,69.74760862569708,6.766422381482654,55.748675466040964,66.79411764705883,28.174409445853208,900.9429063985225,66.45386817404452,57.441128603995004,71.29141107601815,1.0377553979919,0.4471888553912669,1.020591832171269,0.4457599552047916
2025-11-05 21:45:00,6.676591069335869,55.786229892043046,66.79411764705883,28.10272196832623,904.0160677410054,66.43629720824038,56.99918741498671,69.77901974228983,6.8499904616038565,55.75097076216786,66.79411764705883,28.17881010918141,901.0123896765558,66.44064921719738,57.40950674471256,71.14158313860034,1.0236585009223491,0.4488354597237338,1.0182603803595114,0.4449776910682379
2025-11-05 22:00:00,6.739312659728683,55.72262175041247,66.79411764705883,28.13780544054039,901.9668308743272,65.61523817558286,57.40819585653672,69.84534540581856,6.910319388848543,55.75247140714666,66.79411764705883,28.18239623895327,901.2252792698856,66.41501607363585,57.39121838397374,71.12472949566487,1.0207813640366443,0.4498269102171307,1.0155091664703262,0.4438587814828054
2025-11-05 22:15:00,6.703917221765285,55.72297563795154,66.79411764705883,28.12571179824381,899.2065780179619,67.97908659014881,57.4986516904846,69.55339974450847,6.95767456745814,55.749154397580206,66.79411764705883,28.183181355979254,901.2501730352267,66.34186465782597,57.3759747851816,71.0955880350226,1.0095822945188213,0.442444674132639,1.0125402093463716,0.44303281239513975
2025-11-05 22:30:00,6.30619556358982,55.79878078631168,66.79411764705883,28.160521849172543,896.3085750217591,66.88594411387221,57.18847418617333,69.59666507763593,6.991977961059337,55.742641024997766,66.79411764705883,28.18169851934443,901.5339666023413,66.31782703265877,57.366056132859875,71.0584866520896,0.9959300844454244,0.4329666144598786,1.0085897153246743,0.44222988124259444
2025-11-05 22:45:00,6.60236200337076,55.80229012119003,66.79411764705883,28.139681301026307,893.5767277941053,66.45301016617465,56.78858375855599,69.58927937318843,7.026464517034559,55.73054992914927,66.79411764705883,28.17877199295943,902.046468827546,66.30463496558342,57.36638272716936,71.03281607776746,0.9952740404574508,0.429618776056239,1.0044702307763596,0.44140135760032995
2025-11-05 23:00:00,6.955721035303126,55.77745619688496,66.79411764705883,28.16313627797194,900.6000512920431,66.79523945081903,56.92227242786218,69.48600465327331,7.062161888193203,55.72370134463399,66.79411764705883,28.177094772370154,902.4498411056001,66.24566568589371,57.375735942587085,71.00070372256883,0.974359300689852,0.4344359079005728,1.0004495740858008,0.44038012192268655
2025-11-05 23:15:00,7.403273304171517,55.75255783827112,66.79411764705883,28.23483999020103,900.7482570339045,67.38620019929537,57.0524716676148,69.68812625987563,7.088894232829232,55.71278118375738,66.79411764705883,28.172461343007164,902.878455440276,66.23342923793604,57.38170232715975,70.96526663072619,0.9750753937188132,0.4396712825893115,0.9965484559116428,0.4391061339606349
2025-11-05 23:30:00,7.504102843987178,55.76757947678467,66.79411764705883,28.264763411043848,903.7669433224968,65.7401002447467,56.8477092872181,69.3740103455613,7.108133468937099,55.70029916591306,66.79411764705883,28.16728773236232,903.153943237204,66.23728039871294,57.391790790859204,70.92804983085895,0.9807206772300904,0.4405226148775081,0.9927753638928862,0.4383358087754486
2025-11-05 23:45:00,7.496759943238335,55.81496269890491,66.79411764705883,28.284346965044133,905.257153879144,67.25917467749129,57.16115244319532,69.2731042787093,7.121460793348292,55.69185696495519,66.79411764705883,28.16127759036988,903.4632660954404,66.24067262638864,57.41929233323846,70.89683292426325,0.9855528662958408,0.4398768776250598,0.9887980803045332,0.4372245124484725
2025-11-06 00:00:00,7.468834766757836,55.86244705491645,66.79411764705883,28.262897842402975,905.4907311616976,66.27145157143192,57.23414791499078,69.13340462037662,7.133502367070932,55.68133832628682,66.79411764705883,28.154176991896865,903.6933506858945,66.24898017865857,57.44449992813879,70.87184559624801,0.9869733325439538,0.4383082228772033,0.9850517556358155,0.43593757193060667
2025-11-06 00:15:00,7.537596105055729,55.87361985303866,66.79411764705883,28.25475328744691,906.8281410899922,65.28686749113326,57.18439261352231,69.24411287750807,7.137846626583873,55.66932323366366,66.79411764705883,28.14830626807612,904.3730895733713,66.22011349658528,57.479042927298416,70.84457669502002,0.9910653890277848,0.441724506656972,0.9817154572381553,0.4347359932466308
2025-11-06 00:30:00,7.837762875984806,55.921456080221645,66.79411764705883,28.25809706748585,911.8780985493634,65.17413991415715,57.02393111385993,69.0696711587061,7.136475076565336,55.65847517950099,66.79411764705883,28.142218047349445,904.6315361202276,66.19185047472698,57.493229742139825,70.82127293121975,0.9795189573534282,0.4373779633604822,0.9783888003481158,0.4335270941695704
2025-11-06 00:45:00,8.130997454454576,55.82215106828997,66.79411764705883,28.22000168318721,910.2607502491112,66.57372851730334,56.77112948368224,68.80067677716356,7.139244293533711,55.64867333075245,66.79411764705883,28.137198914824616,904.6762683583117,66.14391415257136,57.507556377207514,70.80230666004667,0.9730490079341376,0.4297289629456554,0.9754434727436416,0.43242836959796804
2025-11-06 01:00:00,8.324185238071772,55.77611285557404,66.79411764705883,28.211640242501648,906.633775012651,66.20229183866422,57.25101834644947,68.70698259210826,7.153973027984624,55.63708627457246,66.79411764705883,28.130673174330877,904.7338722870844,66.08014659600939,57.52724893263623,70.77193718348018,0.9699260131757672,0.4258912035752169,0.9724051998678241,0.4315907189203704
2025-11-06 01:15:00,8.139939815635246,55.78714549679616,66.79411764705883,28.24091353823875,903.8432344011242,65.33933560789114,57.39459376392966,68.42410719597227,7.163273875884981,55.626707109520844,66.79411764705883,28.125600832761677,904.8526969505397,66.00665407602291,57.55705980221176,70.74273237137858,0.9749812044473098,0.4228554878903908,0.9695516240082909,0.43089535805691914
2025-11-06 01:30:00,7.6723015874297875,55.739695777464014,66.79411764705883,28.21468422962094,901.2508236638138,65.19078327923916,57.55885076536815,72.54510548780804,7.1827148759389,55.61795829092079,66.79411764705883,28.119589902754033,904.9706991037142,66.04202029911151,57.60928125442444,70.8273017033064,0.9653489419585722,0.416251248133771,0.9661084449326663,0.43001364941249837
2025-11-06 01:45:00,7.672746587782199,55.65628801949423,66.79411764705883,28.16861172238923,901.6993220637032,64.80292200758139,57.61849075828835,72.24434226369964,7.200699566485551,55.60071782272275,66.79411764705883,28.115935818076498,904.9732269725554,66.02668714294396,57.65450072413434,70.78039310412221,0.9651865182081094,0.4209479558079874,0.9631981395707289,0.42919265621838765
2025-11-06 02:00:00,7.716121909556569,55.556857696158914,66.79411764705883,28.159953291849064,896.1796067635364,65.9872677343403,57.75648763677483,72.51038769398549,7.224969740814047,55.587514253736316,66.79411764705883,28.11425890184334,905.0282730631177,66.02095001724449,57.69476267627906,70.7448896732308,0.9562524612482042,0.4229610182924089,0.9604853312643616,0.4280381578990998
2025-11-06 02:15:00,7.656427942215839,55.40994167901819,66.79411764705883,28.14595290422421,906.139652894414,66.50084845775464,57.82277605777507,72.47345370106693,7.241287896783888,55.57322098504426,66.79411764705883,28.11505643298549,905.2388483772327,65.94345352116302,57.7277986109532,70.7227082652968,0.9514362112101548,0.4300195566277615,0.9578203314250122,0.42707381560428553
2025-11-06 02:30:00,7.350773958897386,55.442293236337655,66.79411764705883,28.107270884123672,907.9321394252532,64.42666338137481,58.272631897828816,72.22743126126437,7.265896193213824,55.55554194634601,66.79411764705883,28.11663870741534,905.2862653932408,65.89391670908984,57.780026602945576,70.69761888049894,0.946588902674267,0.4249809731863363,0.9554544823547039,0.4263993090988194
2025-11-06 02:45:00,7.00194808033078,55.31980890371334,66.79411764705883,28.033654983970685,914.0066688099809,66.63048407201127,58.24774235183888,72.18218926253564,7.279799348945797,55.53723267747996,66.79411764705883,28.121522678057275,905.8283743786848,65.895560800174,57.84340083816687,70.6751693774193,0.9483567048882728,0.4175551844987055,0.9533297140669542,0.4257522552104818
2025-11-06 03:00:00,6.765567793264952,55.36313600518936,66.79411764705883,28.00718460544522,907.5733432743062,66.35433761519599,58.37397196111241,72.11630313190109,7.298395090808478,55.520796337013,66.79411764705883,28.127219166206768,906.1291606337,65.87299639096948,57.90686528113632,70.65335977948888,0.9404385609620868,0.4268417302675795,0.9520989654383166,0.42481912044388925
2025-11-06 03:15:00,6.801072534226523,55.43889316220607,66.79411764705883,27.997493156402214,909.9782514956786,66.19113210243543,58.56528073594533,72.32841284926273,7.307653016472712,55.509002724046326,66.79411764705883,28.132685478540186,906.3472594561904,65.81831682805802,57.95943463502278,70.62515618501924,0.9387678611973084,0.425048270404658,0.950341128618876,0.4238852816437275
2025-11-06 03:30:00,6.723225146745078,55.36098705091691,66.79411764705883,27.98479945624436,909.1654931611534,66.61144001430459,58.25039299381156,72.45485409825909,7.3071033983528535,55.495612914018245,66.79411764705883,28.13869452533063,906.623470268408,65.79997966234818,58.00905552788586,70.61589344309174,0.9366364788612422,0.4220158769443534,0.9485489999609097,0.4228379538550427
2025-11-06 03:45:00,6.817647747955694,55.35114111459331,66.79411764705883,27.982779151074944,915.2366259729248,65.29937583772629,58.31261015590557,72.3411375827732,7.2965717377060875,55.4815994507724,66.79411764705883,28.143929556089414,906.8657892297344,65.73587118358866,58.04970871176801,70.60565964339406,0.9273519584971824,0.4202544821924335,0.9465617502067085,0.42177632721362046
2025-11-06 04:00:00,6.635034511810983,55.34646461856318,66.79411764705883,27.941535459644488,905.2812034651988,65.61103875259805,58.06822583546949,72.47958667441544,7.274179162368916,55.467022202994436,66.79411764705883,28.152401422966342,907.0081888244528,65.702664006069,58.08493117586438,70.59550078467784,0.929635231608112,0.4213904264971254,0.944702029597808,0.42047385672575494
2025-11-06 04:15:00,6.473902634317963,55.37013166662978,66.79411764705883,27.959015437339943,906.8469923377544,65.39095738650194,57.88125206414215,72.51022350498033,7.244074764147076,55.44902860193885,66.79411764705883,28.161641145327973,906.9274064308823,65.74792065158263,58.11095732121632,70.5822920221081,0.9284978099343696,0.4238868386072748,0.942726863198541,0.4191167748492223
2025-11-06 04:30:00,6.761238298861459,55.35158151928869,66.79411764705883,27.91731203359232,904.9403712917504,65.4314226456335,58.09017362903192,72.16973175694689,7.202793495609243,55.43455412306255,66.79411764705883,28.171066998224422,906.8398195295302,65.78160020793786,58.14047838438555,70.56656757012776,0.934525582506881,0.4250682569567694,0.9415820532047511,0.41790693854172967
2025-11-06 04:45:00,6.665324554377872,55.38735170160335,66.79411764705883,27.96714264889695,905.770508378258,64.6742335562937,58.29068186025504,72.38729314406564,7.135644709307262,55.423431120780045,66.79411764705883,28.181443308821375,906.696343621787,65.76508084967462,58.17503206139368,70.5627330754377,0.9433216717043964,0.42836460301115,0.9403231031488773,0.41690296603540183
2025-11-06 05:00:00,6.940561089943376,55.45578976885548,66.79411764705883,27.9384744549691,906.738054673011,66.7595963634021,58.44295696012335,72.28468858353209,7.052273780739041,55.41278974058919,66.79411764705883,28.19065096679632,906.751750379537,65.77508826072872,58.189536901190465,70.56113279134868,0.9344600257231604,0.4207375960586419,0.9393099372497109,0.4162163023057564
2025-11-06 05:15:00,7.216131785735413,55.26901584610153,66.79411764705883,27.99309942800026,904.0919038062444,65.9763025232136,58.35577150628366,68.37176176676381,6.966974524789534,55.39543805223672,66.79411764705883,28.1983095361818,906.8267865779532,65.78425576042126,58.19545088523386,70.57313716327486,0.9363493400642288,0.4242056639004137,0.9380589553599766,0.41560133980368086
2025-11-06 05:30:00,7.467417889583575,55.32651468081973,66.79411764705883,28.08749795354564,903.6182135911982,65.4431244045989,58.61605442087863,68.78024247907607,6.889342479603169,55.38083018817789,66.79411764705883,28.206172570091926,907.1986722282369,65.76058950286456,58.20232351821641,70.45397795450216,0.9393971148456284,0.4151919606384938,0.937456258796761,0.4152787700861425
2025-11-06 05:45:00,7.193461900860478,55.2941775771898,66.79411764705883,28.14963773250818,905.5238374414088,65.65419170770475,58.4897297307087,68.88795750648875,6.805327575773993,55.36608424993752,66.79411764705883,28.216607024906633,907.6441674246246,65.7964376641485,58.22449014638982,70.47544174960007,0.9296322993383376,0.4135144052882121,0.9371265378812041,0.41483730904881994
2025-11-06 06:00:00,7.0444444564879225,55.268409625364335,66.79411764705883,28.2079900820682,897.731085502002,65.39983975167674,58.75531394594466,68.84398353369978,6.729637720636416,55.35527527981963,66.79411764705883,28.2248865491484,908.0937442948602,65.77732744619428,58.251065888929666,70.49669209478631,0.9249546123361736,0.4127314192958945,0.9371952454287857,0.41427048609960965
2025-11-06 06:15:00,7.019456675329944,55.25301205520856,66.79411764705883,28.28620042028432,909.8399973574244,66.50233289869958,58.68981081519483,68.91579428079982,6.6593423284127855,55.348081266652315,66.79411764705883,28.232097681286994,908.2479556380355,65.73916112363209,58.26813151709561,70.51695025630714,0.9315309918249608,0.4102071594061122,0.9376784719663146,0.4135009963781817
2025-11-06 06:30:00,7.513593291183544,55.284365982876025,66.79411764705883,28.33403092245667,909.6236389425034,66.11830717468324,58.82620571694567,68.83171671536027,6.594899402884923,55.34021845623361,66.79411764705883,28.24080120951872,908.1628422698205,65.77514045522305,58.27364678846355,70.5526956013607,0.9374368418307256,0.4064418649027942,0.938250229492642,0.4129455412386797
2025-11-06 06:45:00,7.6810110740985404,55.39874944927082,66.79411764705883,28.39882936020372,907.2912217086138,65.74581331195152,58.629552284208565,68.84201842578656,6.531721143333461,55.33460987297336,66.79411764705883,28.253722303888267,907.8118657973278,65.77870151361171,58.28133393159751,70.59522297153809,0.9223402891355936,0.4116561185844601,0.9387388473264147,0.41277932602171835
2025-11-06 07:00:00,7.487614300391449,55.3658851759423,66.79411764705883,28.44503481475725,912.0532676890222,65.1899852734514,58.336336073110736,69.09612808773625,6.476153562860994,55.327739721713534,66.79411764705883,28.268720438082404,907.8623950711356,65.77735381750375,58.2851382288627,70.63489007869649,0.9269568174911028,0.4091027812169654,0.9394448031071451,0.41233287303420635
2025-11-06 07:15:00,7.18081012383532,55.39455880152947,66.79411764705883,28.44139788780756,912.5267227189393,65.33592031470585,58.38074795965957,68.96609028777897,6.420407338633557,55.31503593197289,66.79411764705883,28.2835205496319,907.6440557104135,65.76159702700973,58.27867371292064,70.65066932052373,0.9259353736698032,0.4080280783823911,0.9400461391851539,0.4121652196243345
2025-11-06 07:30:00,6.797057506642703,55.42512962157762,66.79411764705883,28.517053848710677,909.7627190032464,65.27523624584211,58.2908218378816,68.82863885889005,6.380222518228515,55.306878257323554,66.79411764705883,28.29868880469619,907.5647427148195,65.74423367207753,58.282830447778935,70.67271436179944,0.931181714276938,0.3992341082412385,0.9406996437750237,0.41205516671913794
2025-11-06 07:45:00,6.634464158400509,55.33381182137108,66.79411764705883,28.531944958295963,904.4046692828808,66.64456685654196,57.96517697408085,68.84785000041634,6.34188359929889,55.293762315168244,66.79411764705883,28.315395481676003,907.172166362595,65.75027708286434,58.282546717757164,70.700137382365,0.9318103970497766,0.4010120503609916,0.9412764612053479,0.4120932875999544
2025-11-06 08:00:00,6.599324819849845,55.48722171393255,66.79411764705883,28.540872654379225,909.2504915088012,66.18452660481391,57.90956300893667,68.59793759929578,6.319344862316489,55.286240790366485,66.79411764705883,28.334448624371404,907.1317298287219,65.77002256799614,58.289316630887946,70.73099303107539,0.945174657539728,0.4010828741357018,0.9418511419547647,0.4121579739170761
2025-11-06 08:15:00,6.116533865395152,55.48846099981489,66.79411764705883,28.531291001095912,905.9564730168136,66.07814776940646,57.80773979392609,68.68564193646166,6.291784009057751,55.277925942069494,66.79411764705883,28.351598767378757,907.0494519844963,65.77511747216828,58.31534914966521,70.76051476517982,0.935280506257927,0.3996097877558204,0.9423618401764896,0.4120642117201806
2025-11-06 08:30:00,5.823057381025115,55.45687144984818,66.79411764705883,28.487869981749828,908.2959777451496,66.50251417028711,57.68616354035308,68.65897406943745,6.259040815006122,55.274251170114816,66.79411764705883,28.371242452161045,907.2948879305874,65.81437056268045,58.34486606689753,70.79653078032071,0.9395310362007752,0.4052912916858533,0.9428441076402857,0.4119324597297611
2025-11-06 08:45:00,5.580962137150035,55.2665948462223,66.79411764705883,28.470670619803176,906.0943203536116,65.6143605986674,57.572013285231584,68.7842383537575,6.2445883355604135,55.26855187241493,66.79411764705883,28.389754218573454,907.6442440766456,65.84926332175318,58.35870923647825,70.81641360385456,0.9374517477552836,0.4044066128281272,0.9432621331690875,0.411903655177532
2025-11-06 09:00:00,5.343340231838832,55.30145985569905,66.79411764705883,28.45057524692469,912.407393172326,64.48079555253834,57.76502975484459,68.97032922462758,6.222225868307277,55.25979314483357,66.79411764705883,28.408061263940706,907.9615164385402,65.84471910618353,58.360926016439564,70.83903828818082,0.9472680450620978,0.4065741566076196,0.9437853395289939,0.4119669015774264
2025-11-06 09:15:00,5.152299472906951,55.21390987228314,66.79411764705883,28.481645366830517,915.0641779553296,65.87836684609952,58.28348960349056,72.88825611663636,6.1938147077989925,55.257694825098035,66.79411764705883,28.425810520329154,908.4636329717929,65.82993634146798,58.380718014833846,70.99905968222562,0.9552948907414072,0.4077041246883108,0.9439497850123194,0.4119152307236892
2025-11-06 09:30:00,5.445426255429232,55.23258859262232,66.79411764705883,28.408339019102204,909.6669128706108,65.41396119571374,58.55375991297033,73.14789804957286,6.148599279898855,55.25794058647641,66.79411764705883,28.438056738080668,909.0768649328963,65.84410970846231,58.3784858356981,71.01491108460867,0.9583136876756528,0.4059563298161003,0.9442945038648441,0.4120459601602986
2025-11-06 09:45:00,5.547566175506926,55.19412128399858,66.79411764705883,28.362286868382032,910.7659931896684,65.35585878088887,58.33474490275328,73.08119854669172,6.111781141773976,55.26147902419362,66.79411764705883,28.449111886207916,909.5032961082117,65.86908640611261,58.37424965455658,71.03147118585724,0.965933007336018,0.4069348649849233,0.9449127252121136,0.41229837133837655
2025-11-06 10:00:00,5.417486193061496,55.2064089237766,66.79411764705883,28.36837673107536,905.3787383788052,65.50604332910392,58.43809003886727,73.29979161287089,6.07517861461294,55.26513381764875,66.79411764705883,28.459923977315167,909.9095591168463,65.87976664701507,58.363429362742906,71.05349286321916,0.9637416284640904,0.4083173190012766,0.9455709682201174,0.41268799879066836
2025-11-06 10:15:00,5.106600293786944,55.1515514059057,66.79411764705883,28.421287815057127,903.477374635196,66.73731582367071,58.4783566458577,73.45801036785802,6.0262074894938396,55.26877684323513,66.79411764705883,28.468674127438273,909.9705504412626,65.87291138125273,58.32959026057885,71.06084884703172,0.9630152399014548,0.412568727989865,0.9465653166918937,0.41313962375718577
2025-11-06 10:30:00,5.09854037909095,55.15703146739481,66.79411764705883,28.45712863126927,909.0892214885428,66.31390673195749,58.48810087906789,73.30631634665271,5.9561293535214554,55.265510753381896,66.79411764705883,28.474181463647213,910.0442816117653,65.8679156733793,58.282915255901834,71.0638554306725,0.961617234383997,0.4134481406422198,0.9477739558863815,0.4136187579153928
2025-11-06 10:45:00,5.128685807403414,55.05777946998656,66.79411764705883,28.441496502887176,903.4280706740146,65.71842838761451,58.37134525768376,72.8017901040802,5.877319976176661,55.26196567818507,66.79411764705883,28.47698158962207,910.1585433223354,65.89569947300384,58.24607682851455,71.07852991256408,0.9568079435375736,0.4200186681085001,0.9493075326109582,0.41388592929772283
2025-11-06 11:00:00,5.517680534593801,55.11625681143688,66.79411764705883,28.439847108172916,906.7861032933348,66.09053936633849,58.37509503956013,73.11620533652975,5.802413377565739,55.25858531768932,66.79411764705883,28.476917164559072,910.1274705378617,65.94536517242197,58.226325121844056,71.07928923879079,0.956241616557338,0.4187142897884579,0.9508788545267696,0.41427025951254653
2025-11-06 11:15:00,5.667480180066959,54.95766284993404,66.79411764705883,28.48397946046947,903.459335406189,65.480678161331,58.30409825525232,73.1638281997406,5.726520949297946,55.253067878955946,66.79411764705883,28.47692319698244,909.8192984234805,65.90694750604776,58.20330506972623,71.08895550754148,0.944656481406906,0.4213981086169284,0.9524499060229412,0.4146406200756258
2025-11-06 11:30:00,5.958872402338973,55.12081887451027,66.79411764705883,28.51312974050645,904.068107449008,66.20340330655193,58.2713232293932,73.40525613572704,5.657558214174,55.244734816651096,66.79411764705883,28.474287238928163,909.5090092436466,65.93840177263029,58.17882370744654,71.10653971992016,0.9468756540906176,0.4233310160107743,0.9543207567393253,0.4153336148370422
2025-11-06 11:45:00,5.647077036555792,55.12068621772005,66.79411764705883,28.47351972756057,904.3786570109846,65.54380451166617,58.66222762746012,73.39587552811318,5.599541983937341,55.24059683375021,66.79411764705883,28.470589684602615,909.410486642691,65.89205056204077,58.16897468573076,71.12948628086205,0.9438187565861162,0.4210739727004091,0.9565591968824632,0.4159184384398725
2025-11-06 12:00:00,5.778942477312603,55.24133836064857,66.79411764705883,28.506622577061,912.3034496744848,66.60901536099834,58.97568114600125,73.25021221117362,5.54548732143523,55.226924755325506,66.79411764705883,28.466059131755127,909.3263551182487,65.87127519755839,58.15508662238903,71.16521068202682,0.9489936064207608,0.4211156972441863,0.9584240133586871,0.4166187427344101
2025-11-06 12:15:00,6.231750171006615,55.21637277060671,66.79411764705883,28.52249564126915,916.2511927600002,65.72101632847581,58.705976947676746,72.98377785008113,5.512495595153978,55.21570649420416,66.79411764705883,28.462199234112106,909.3528796937696,65.8445174458276,58.146137601900826,71.19217849354277,0.9558624375684506,0.4275004664442761,0.9610048568601294,0.41738966114368875
2025-11-06 12:30:00,6.269687072349286,55.19302794141458,66.79411764705883,28.48768581598667,916.2562255298544,66.62326989631265,58.50946035896308,72.96342911332013,5.485660286339206,55.20287842272828,66.79411764705883,28.46080722450772,909.3495394456432,65.81398823859159,58.15813609209466,71.23846994145046,0.9501562165203548,0.4226349880554738,0.9633457510253585,0.41845403080947857
2025-11-06 12:45:00,6.363796970486874,55.206066254035655,66.79411764705883,28.52557711965368,919.155399803821,65.53281958174694,58.94953145811188,73.17240358810741,5.4555867251749195,55.19531966586456,66.79411764705883,28.460988863033027,909.173586760198,65.85726302285984,58.17365615230214,71.28533256786258,0.9412827045639937,0.4226555382882969,0.9656533348105326,0.41952899123021686
2025-11-06 13:00:00,6.110955052579421,55.33388752217081,66.79411764705883,28.45488448609104,922.0151724243034,65.86832541442875,58.54908904680602,69.25578455056785,5.43474950524105,55.18438286498478,66.79411764705883,28.46069310322506,908.9644107936335,65.90302421650073,58.1939098019107,71.32848717185402,0.9497386804213688,0.419113843736777,0.9679608237907901,0.4205350407011071
2025-11-06 13:15:00,6.088917757114146,55.40033070870621,66.79411764705883,28.481292176325766,918.3167727008664,66.40349263721386,58.36264429646326,69.38476054394582,5.428573136480586,55.17435041960493,66.79411764705883,28.459343995983033,908.5372743837008,65.88865271394705,58.204632109772334,71.24147619288601,0.9481789397564236,0.4210867406305494,0.9705686364280541,0.4215965674092985
2025-11-06 13:30:00,5.946368641656843,55.37805342901821,66.79411764705883,28.53235281528568,909.9189757610432,65.72024697875065,58.43070519153472,69.50463385455771,5.427587383002294,55.16432463811308,66.79411764705883,28.45961728117168,908.3423856258488,65.92513203591707,58.21943835235898,71.27373187318734,0.9447019025762864,0.4244202428646515,0.9727920303790581,0.4226880484782758
2025-11-06 13:45:00,5.550322921756892,55.362302822799705,66.79411764705883,28.54870492397753,911.6697370899104,66.29667492582915,57.67463775027301,69.13647379517624,5.437266088479657,55.15297441087852,66.79411764705883,28.462143228653755,908.4574960973886,65.94826597810244,58.24381568209107,71.31193428001939,0.9613614459782504,0.4237559084016331,0.9747039803842796,0.4236306553944829
2025-11-06 14:00:00,5.411249212012045,55.18638328727913,66.79411764705883,28.49925100872486,911.835574057586,65.96843593848061,57.42595557663524,68.92191422458389,5.445389047672339,55.140770580079234,66.79411764705883,28.464833904606998,908.6023850256267,65.97656885658103,58.27050586082551,71.34186654410047,0.9736960176653572,0.4208158896490052,0.9767681971932862,0.42441798457305907
2025-11-06 14:15:00,5.316729753754692,55.29239719336605,66.79411764705883,28.48283313944927,910.7190730257188,66.57932730068765,57.52439946259,69.28225288253326,5.45771453290031,55.125224214143806,66.79411764705883,28.464767106781277,908.9738417061283,65.97872251915662,58.29482992184538,71.36330499473817,0.9683475908728943,0.4196712600543628,0.9793352184151293,0.425097861917364
2025-11-06 14:30:00,5.240416342063789,55.26447436106986,66.79411764705883,28.443102062867315,911.1210841548088,66.67995625599524,57.743784872995846,69.11890787453791,5.47576332127102,55.10873120831161,66.79411764705883,28.46112597900206,909.0971897192248,65.95419558441094,58.31054675513466,71.39166144666824,0.974096474965446,0.4206326876616734,0.9822041367349637,0.42591049783479595
2025-11-06 14:45:00,4.90403727580153,55.22903563952833,66.79411764705883,28.441578860508724,903.281559287503,64.18339032347949,57.69014639612479,69.25607835029987,5.504350255554728,55.09458969033169,66.79411764705883,28.455846502678764,909.3873393743154,65.9891796621047,58.31878049436315,71.4342030817853,0.9730669185549524,0.419138895274771,0.9853449205041611,0.42627924569086806
2025-11-06 15:00:00,4.728175452924341,55.17513775243202,66.79411764705883,28.43797510708222,900.4540436082351,66.21886424331797,57.55638096949092,69.35616523025006,5.531552213454208,55.07618648022374,66.79411764705883,28.449830328869528,909.5222052835247,65.98472781023018,58.339491089405435,71.46878854386685,0.9873072357684628,0.4200239510837286,0.9886340421758952,0.4266590363509798
2025-11-06 15:15:00,4.893977251300746,55.2096723343446,66.79411764705883,28.421018328529605,901.4489912542062,65.25403053885614,57.66970632260738,69.53624682867364,5.557665615167543,55.05770912716979,66.79411764705883,28.439048617317884,909.7493432130192,66.01818145345723,58.35672661138355,71.50558757282712,0.9989636013439136,0.4185567584459015,0.9917232495859968,0.4270392027375657
2025-11-06 15:30:00,4.9776849447865095,55.07705936119134,66.79411764705883,28.404956068954696,906.7265457755352,65.56126567034264,57.49292110868485,69.66966963423864,5.5855394831965866,55.03079977403886,66.79411764705883,28.42621681237117,910.0944206473333,65.997355374826,58.35496788555405,71.52784412560375,1.001119151826441,0.4220920029718308,0.9945041566543303,0.42722525502454817
2025-11-06 15:45:00,5.126782076957606,55.15191316617456,66.79411764705883,28.415494071805167,906.7522102824408,65.27541521748306,57.53926917927986,69.49467628193996,5.6111985502637785,55.001469046246285,66.79411764705883,28.416234562885585,910.5602088805259,66.0057186515964,58.336714240000106,71.54752562743232,1.0127058113011969,0.4227373400341785,0.9973287106565046,0.4276748105080245
2025-11-06 16:00:00,5.01799811658192,55.07202930557191,66.79411764705883,28.446109693618396,908.1957703013584,65.58663795320707,58.04611824616828,70.04771750666855,5.627967241490079,54.97153385122901,66.79411764705883,28.404997534838525,910.7543141029206,65.98098624659053,58.30616672762802,71.57979328489779,1.0097578611576496,0.4372223816595504,0.9997094345930011,0.42827210265021504
2025-11-06 16:15:00,4.678755302221456,55.03983214031058,66.79411764705883,28.476119775562303,900.815739790253,66.91260412671447,58.037615091456,70.19011714612097,5.633656005537615,54.94564611976502,66.79411764705883,28.393361085490685,910.7465703993797,65.96545446995634,58.295411035297235,71.61933195926719,1.0066792613105056,0.4366554254502742,1.001821526564992,0.42858708748274565
2025-11-06 16:30:00,4.718223633822746,54.973355829305575,66.79411764705883,28.44170245268572,906.132114175394,65.85363136176514,58.37263924310156,70.26496734437067,5.64423606567563,54.92121165657273,66.79411764705883,28.384761156662886,910.7313112127104,65.94248978632226,58.27862572059592,71.65364464581141,1.0164927144698226,0.4367556407343269,1.004638226774427,0.4291545991446208
2025-11-06 16:45:00,4.967008410093047,54.91293651088769,66.79411764705883,28.441172149569613,902.250085657348,65.4472217694892,58.60515883933955,70.27792674759597,5.6549426497237585,54.89191195657493,66.79411764705883,28.375330007040414,910.6673673016705,65.95047555963691,58.24421530745942,71.67409119011866,1.0335292698593304,0.4395499259340542,1.0074809047056035,0.42983890161473703
2025-11-06 17:00:00,5.415853651080474,54.93181514786694,66.79411764705883,28.416537574761584,903.8202501350466,66.50834085481429,58.99794719056926,74.1155684586126,5.669858467076917,54.85480392128605,66.79411764705883,28.367563056679046,910.2825634063879,65.95087376845349,58.22714919608724,71.81735050501594,1.0250155062057702,0.4387007618854192,1.010120274890991,0.4309134272632283
2025-11-06 17:15:00,5.837927339827794,54.85361446696162,66.79411764705883,28.438065292844296,914.2193073358656,66.0498770464498,59.066064794716326,74.22727075165311,5.683351231655734,54.81607612698812,66.79411764705883,28.35700823657149,909.7183282374729,65.93377409746162,58.19747240357465,71.83267540174025,1.0232915074926625,0.4352130724711356,1.0128542949762467,0.43193504052624726
2025-11-06 17:30:00,5.661174968841956,54.84029399979796,66.79411764705883,28.44909700967261,909.7254062259502,66.35512968346164,59.23879540090038,74.19775953530362,5.695627125235093,54.778381169291016,66.79411764705883,28.34435839879426,909.5268882243757,65.91896791868267,58.182426772873455,71.85044511610032,1.0256681327342936,0.4319371943585631,1.0156700670208894,0.4329069092476439
2025-11-06 17:45:00,5.476364850626064,54.685160427842895,66.79411764705883,28.419283880285512,914.6210750502376,66.8019257009383,59.20807847645362,74.10116388698897,5.718719484457803,54.73735183754069,66.79411764705883,28.33186436951321,909.2751528253699,65.91577003170151,58.19347074911146,71.88989320603056,1.0400258765567432,0.4329650483190095,1.018064794534995,0.4338002822042978
2025-11-06 18:00:00,5.640004030212286,54.66224129242884,66.79411764705883,28.347894797892707,912.7896618814414,65.57809868958728,58.95960587774667,74.15700990455467,5.748944974559241,54.697279170519224,66.79411764705883,28.320399000427624,908.8383031113839,65.90173600653551,58.20515499176802,71.9355184085628,1.047684783979026,0.4378272181651816,1.0201577279093923,0.43467552416914057
2025-11-06 18:15:00,5.986293835914643,54.63353393058908,66.79411764705883,28.283112213188385,912.13256032673,66.7679507184272,58.61835743453838,74.0780391575922,5.789972281242083,54.65234227390686,66.79411764705883,28.305903505339383,908.6503121928722,65.85831525685808,58.22191680498345,71.97175055296562,1.0510314566134968,0.4310811037906638,1.0219999939545599,0.43574208862537633
2025-11-06 18:30:00,6.333739271578183,54.56416050819824,66.79411764705883,28.259361893895868,910.8320805696164,65.95698381010318,58.99641289082855,74.15376919897629,5.825987882026017,54.60703298333327,66.79411764705883,28.292247476121158,908.3841982115227,65.82978562513128,58.21739554990072,72.0198491180523,1.0549152667093606,0.4301080095918079,1.0232187382968196,0.43682489011911
2025-11-06 18:45:00,6.450882231467045,54.40334225831556,66.79411764705883,28.16052811392013,910.2734732910234,66.48428745814233,58.82116391459582,74.26779906854848,5.8721526503219375,54.56222008796309,66.79411764705883,28.277847327011376,908.4566830518078,65.85486723381882,58.225268536847466,72.06681399960776,1.037332703709953,0.4328031002145035,1.0249994867000352,0.43833802049210663
2025-11-06 19:00:00,6.795088443210266,54.31353828058252,66.79411764705883,28.1281755921049,914.4204304784304,65.57862094761475,58.21856145450811,74.07295271902608,5.928318719360516,54.51606044538971,66.79411764705883,28.263089477232686,908.6332905944582,65.86696030063555,58.231548165767784,72.10094566576416,1.0303028661406293,0.4289125846202508,1.026098502956929,0.43976379543801014
2025-11-06 19:15:00,6.4168490485715495,54.24076438394291,66.79411764705883,28.174052242993195,918.352304006764,65.79470281477833,58.114618260841866,73.98632058297032,5.99094158910809,54.464889797422124,66.79411764705883,28.246707684883475,908.4599890042828,65.88490850975026,58.23543413637667,72.13540752325257,1.028555376651341,0.4345606372046993,1.0262737528947439,0.4414067890560326
2025-11-06 19:30:00,6.282003214101617,54.34328251013046,66.79411764705883,28.1695117356492,918.1266063463262,65.86704321082236,58.05925577483862,74.2182419351377,6.054230649465825,54.42095784871525,66.79411764705883,28.23297869428111,908.3503194493015,65.91116780320365,58.25741944810236,72.16469961949501,1.020415324515657,0.4390344615099018,1.0264708128047226,0.442620519743372
2025-11-06 19:45:00,6.402413092432663,54.439740826687085,66.79411764705883,28.173402160833877,916.018881653772,65.25506302945031,58.38330617775316,74.16993808116294,6.1316991496670346,54.37463439753389,66.79411764705883,28.22059786214031,908.1192970730397,65.91170058863055,58.280318634367156,72.19842341098743,1.0192251967281774,0.4369500114201936,1.026238019497235,0.44394393149132105
2025-11-06 20:00:00,6.587088876489733,54.459994045645566,66.79411764705883,28.22968795115276,915.7984499297748,65.93432938729002,58.0059009179236,73.99280970964678,6.216508216865216,54.32995544253189,66.79411764705883,28.20582243178638,907.9332869742022,65.89284633948749,58.29227590369215,72.21012976984912,1.0346572228034014,0.4396603379117299,1.0264486466065048,0.4450165074477862
2025-11-06 20:15:00,6.684994491930718,54.32707525410152,66.79411764705883,28.242642630979564,917.2370824726275,65.77239278118667,57.91721906401701,73.78579991732543,6.308804867353296,54.28551235293924,66.79411764705883,28.18809735654884,907.91644144331,65.8582283993563,58.299554179572965,72.21526184725475,1.0265630424992906,0.4431846123917832,1.0266928329608125,0.4458535110877046
2025-11-06 20:30:00,6.558429573174213,54.22064646350462,66.79411764705883,28.221875975249965,910.471055565822,65.8802716789258,58.03710570564071,73.55356399748575,6.399584486680231,54.243930054287574,66.79411764705883,28.169715648552067,907.61519965773,65.84117642583527,58.3068128524897,72.2161331803749,1.0289197859829922,0.4513496131915148,1.0265180430580287,0.4465994185753593
2025-11-06 20:45:00,6.493700694478648,54.23849687976827,66.79411764705883,28.16464757309903,901.3897176334162,65.89050250745807,57.472340521085385,69.84450744567488,6.486649725436352,54.20134800437848,66.79411764705883,28.15073361751934,907.585357226323,65.86927755468453,58.304716456211466,72.2166014380928,1.0301995423140953,0.4517351385211182,1.0260085222834407,0.44733574731898484
2025-11-06 21:00:00,6.314645449037637,54.2472046981049,66.79411764705883,28.15285768196878,904.1757753681276,65.27606161538179,57.97933627049881,70.03772528535994,6.576207591607247,54.159139885133875,66.79411764705883,28.129957552510497,907.6773920315287,65.8670034222595,58.29312480680089,72.08707502437404,1.02917506391557,0.4535763045065502,1.0254776847418792,0.448136148731392
2025-11-06 21:15:00,6.2430936984381855,54.13142287029021,66.79411764705883,28.173884045546018,904.1176751197368,66.20073831639446,58.0059570374132,70.31991649308358,6.6525750947904445,54.11991122223428,66.79411764705883,28.111015103974957,907.4792285397349,65.84505210716829,58.293633151577154,72.06994892440596,1.033203271401417,0.4505570971012497,1.0248237926353476,0.4489192575241976
2025-11-06 21:30:00,6.318013915055184,53.98420327663496,66.79411764705883,28.155289936157253,898.7300826380081,65.54741518350097,57.77648285633192,70.29067030055087,6.734300573387788,54.080374406920214,66.79411764705883,28.09148672648801,907.4095114500594,65.79296090915031,58.27217777617818,72.05162186459035,1.0364840188972797,0.4470731485942898,1.0243178551652818,0.4497441744921421
2025-11-06 21:45:00,6.5475489542399306,53.94429029499532,66.79411764705883,28.047968286802156,905.0793454703672,65.27670481036425,58.027253859052905,70.36921721461817,6.823438629240465,54.04633625217039,66.79411764705883,28.07223159701133,906.9727204857282,65.74197887459505,58.242882125152036,72.0431744471784,1.02361557222792,0.4516681937414338,1.0232783664375975,0.4503993937675957
2025-11-06 22:00:00,6.320884365581847,53.90519564386203,66.79411764705883,28.03342118632057,903.1376647143238,65.82406730419127,57.60814722051393,70.5618648271387,6.897710334973872,54.009506332150565,66.79411764705883,28.05402687086639,906.8056216357504,65.76909961209562,58.21903358657926,72.0239710204467,1.0106588052332397,0.4531167324736868,1.0219521184089004,0.4509901192850521
2025-11-06 22:15:00,6.288980324679107,53.88464877842296,66.79411764705883,28.009574387215142,905.456104496056,64.93583858410597,57.92633600452736,70.66502479696344,6.952291281920108,53.97282329360565,66.79411764705883,28.03695989028906,906.6887092372245,65.77002880814622,58.21385106096553,72.00720208288757,1.0264893706514182,0.4645328064646675,1.02043090043427,0.4516401827803358
2025-11-06 22:30:00,6.413157524081705,53.79034847523066,66.79411764705883,27.995239613721527,905.752269887744,66.58165624781994,57.74476983710049,70.38011521494191,6.9931646928198745,53.937913655375695,66.79411764705883,28.02074308962612,906.7191476706408,65.76470744381051,58.193860741641934,71.97924779239706,1.0202777234752682,0.4627971994608356,1.0190391319337324,0.45224003975595295
2025-11-06 22:45:00,6.77266334372794,53.674552895316886,66.79411764705883,27.92956455805335,896.2499435489476,65.79247681229755,57.78628544087385,70.57010255332614,7.026655788876661,53.90821506697873,66.79411764705883,28.007168205582772,906.9727006803982,65.69946696593621,58.18966286454511,71.94134349111445,1.0042210994783622,0.4678465669865732,1.0179294917193704,0.4527314266533772
2025-11-06 23:00:00,6.876356755518571,53.75910089998519,66.79411764705883,27.993086350883644,903.4364591260944,66.34904447394398,58.15248046045557,70.54843252151184,7.044965857500684,53.88391503833822,66.79411764705883,27.994454364489382,906.7707927847126,65.70693695142974,58.212810612855726,71.9105711792227,1.007030949125811,0.4585039235920161,1.0167827544929429,0.4532951379906294
2025-11-06 23:15:00,7.450837082993906,53.762209630733736,66.79411764705883,28.044069107581123,899.8215389945863,65.29139878029012,58.2262447672238,70.50639002671221,7.0530632145813135,53.859860139488156,66.79411764705883,27.981297271840763,906.1316033627776,65.70581579985193,58.23554009406169,71.88242746850001,1.0057220120765664,0.4624396924726479,1.0152285743058223,0.45373698350203545
2025-11-06 23:30:00,7.562270132527353,53.73166065551196,66.79411764705883,28.00284678300065,902.6154673362352,65.02101047891549,58.40483632591808,70.3989082725192,7.058733944484493,53.83167748242716,66.79411764705883,27.96781607559573,905.5529004461575,65.704216215844,58.257366472076484,71.85222286249588,1.0160766744357397,0.469399660353505,1.0139265563671491,0.45398039858491435
2025-11-06 23:45:00,7.447654816863844,53.70653945253113,66.79411764705883,27.94436751843606,900.3103738634837,65.87406592277887,58.255963367880405,70.34407946829013,7.053808861482968,53.79905200475147,66.79411764705883,27.95424172433165,904.9850394897962,65.70549340044957,58.271940872050855,71.81859300541262,1.0140048519397402,0.4617655346478261,1.0130279625331762,0.45407936538996
2025-11-07 00:00:00,7.4416122136308545,53.72588686975547,66.79411764705883,27.89025121278249,897.0948606079997,65.34207215613378,58.590399430603696,70.29110733797481,7.054137162752945,53.76860803056913,66.79411764705883,27.938139833655605,904.4774635359533,65.68912134942654,58.29471431482785,71.79395006064182,1.0112490173863091,0.4591328653639659,1.0113279769011354,0.4540127559359078
2025-11-07 00:15:00,7.57896557277663,53.63547501361477,66.79411764705883,27.871711218587784,901.354812715136,66.29025563496698,58.54226695099222,70.29197447913305,7.061821340421379,53.74715215900319,66.79411764705883,27.921073252351587,903.9624122323074,65.66814979972597,58.31617822991166,71.76941333263447,1.0182436466216878,0.4616397882428199,1.0098916662668187,0.4537651381103954
2025-11-07 00:30:00,8.102589636207352,53.66557157052882,66.79411764705883,27.79325562449637,906.5812942912206,66.44011688206369,58.6501977082524,70.2297760470502,7.080265744032094,53.72779405377129,66.79411764705883,27.903177860941106,903.6537983998898,65.60876540527825,58.34707593490889,71.74798943691063,1.0090903799589284,0.4627128042576347,1.0083843472180276,0.45323805505507664
2025-11-07 00:45:00,8.128952435323685,53.67675457997406,66.79411764705883,27.86979183677801,908.2744025820484,65.39133759371306,59.08131513800421,73.71348775261087,7.087711001465731,53.71025450470022,66.79411764705883,27.8870918479255,903.6196647920863,65.60645885430627,58.39859990526296,71.84636236609698,1.0036747442967096,0.458706336255304,1.0062290683817081,0.4525044713735416
2025-11-07 01:00:00,8.112939326762298,53.65418954037576,66.79411764705883,27.86324568506433,907.6338935356832,64.79239374292267,58.59513413893104,73.64794774083525,7.101675448816082,53.6925441222686,66.79411764705883,27.873184769927764,903.3405643771237,65.60450223555894,58.42560033539975,71.80683818570418,1.010490008632322,0.4566847033968982,1.003767654118616,0.4516040878105597
2025-11-07 01:15:00,8.150506526206367,53.66401578534844,66.79411764705883,27.84162999598516,901.517346120307,65.27246466428032,58.329208945669386,73.84774136463004,7.129821741852054,53.67691333715712,66.79411764705883,27.85710773187226,903.1387347131014,65.58886153763906,58.45303147346528,71.75674178354478,1.0088412147262191,0.4526216265826185,1.0011280887951817,0.450645801582905
2025-11-07 01:30:00,7.868155202214476,53.55734369183386,66.79411764705883,27.801753013544417,907.7766963821056,66.39172081460407,58.24414972056325,73.58090710260365,7.167861259992506,53.66462750819471,66.79411764705883,27.84295837364281,903.21713396474,65.60308073904169,58.49639328224466,71.70714981829701,1.0078973431181115,0.4555489836888726,0.9984538008771028,0.4497184286363693
2025-11-07 01:45:00,7.623722244301726,53.53304277424175,66.79411764705883,27.7711027958685,908.6251883709504,66.79582659994557,58.46288166612648,73.57497103081866,7.202656576457044,53.65696440235139,66.79411764705883,27.83340340867541,903.0385087637047,65.60480256969632,58.518702924278294,71.65912705433114,1.0053949173745806,0.4505830086491738,0.9956056963913448,0.4484282797685008
2025-11-07 02:00:00,7.559941598571175,53.51687136129942,66.79411764705883,27.772857874007503,911.7452335721076,65.79734288003199,58.39670331112078,73.31514048426074,7.24380545193772,53.65389668448541,66.79411764705883,27.82474942062157,902.8161853632436,65.61517842247068,58.563674578975295,71.60389276531644,1.0131622116932384,0.4481037188603244,0.9932796159658549,0.44714716403694205
2025-11-07 02:15:00,7.455615113170618,53.51238460640644,66.79411764705883,27.753281592619736,917.8800635837442,64.52707312191305,58.6952276016912,73.13067003007045,7.283684855436968,53.649657695404656,66.79411764705883,27.817382292148164,902.6335386029294,65.66319920265997,58.615481901382694,71.54481123294286,1.0040434972790917,0.4475447071372296,0.9900277267856281,0.44536069209007906
2025-11-07 02:30:00,7.344390501930988,53.58453742136758,66.79411764705883,27.74676035930331,908.3631936078618,65.80272051242066,58.91299390382658,73.1497833622735,7.318160035867092,53.64556264843156,66.79411764705883,27.810164009719486,902.4748231096644,65.62402018773228,58.67362981310321,71.49944483278215,0.9959007493477982,0.4458239247378197,0.9870648707420854,0.4437914908354081
2025-11-07 02:45:00,6.659769760990426,53.51911741844082,66.79411764705883,27.77933946353458,899.1766213487125,65.76106826744414,58.79650269702063,73.14200926128956,7.343152250598345,53.64354000507439,66.79411764705883,27.805428532993794,902.3730406289028,65.6005507657434,58.74698822311647,71.43928877166185,0.9819299710377294,0.4478160025468795,0.9842214229379027,0.44189950471505046
2025-11-07 03:00:00,6.452125111197026,53.49780279830051,66.79411764705883,27.765075848298288,900.765518847728,65.81905569058455,58.7140471152825,73.31210375501396,7.371794142353169,53.638574468456895,66.79411764705883,27.799028610325703,902.1668891248704,65.55749842971629,58.81944769880189,71.3817307304937,0.9813547863554604,0.4463369139962685,0.9813183498300307,0.4404625190079257
2025-11-07 03:15:00,6.254660602386913,53.46097649641641,66.79411764705883,27.766171622911337,898.9830529629327,65.293378567617,58.82053817698426,73.16104236866526,7.386186836763612,53.63379147566392,66.79411764705883,27.790863287765298,902.0261849103284,65.56361079609437,58.895544466717205,71.33345272519831,0.9922673817089842,0.4399190155715641,0.9782311046514387,0.4386800332390275
2025-11-07 03:30:00,6.59693791458904,53.54667482017558,66.79411764705883,27.74663123087153,900.5711713144854,65.44316785659959,58.6891042012336,73.2535213665222,7.38589519910194,53.63418117043221,66.79411764705883,27.78113417827556,902.0726639143558,65.58489287436709,58.95095839311161,71.28265552555924,0.9836576538421866,0.437662054290161,0.974903037017471,0.43652020164316385
2025-11-07 03:45:00,6.915519821983711,53.683399107123066,66.79411764705883,27.73064519185901,901.785543363252,65.14324629016922,58.561136516531015,73.04969807710485,7.373448667214644,53.63689877395848,66.79411764705883,27.773097413303233,901.9900311195531,65.58105630623865,59.017633438652986,71.24433590852513,0.983473723469786,0.435756077626414,0.9716429246300151,0.43467773854979075
2025-11-07 04:00:00,7.111761681495702,53.639903306547694,66.79411764705883,27.685014232935423,901.2126405932916,64.09873984549432,58.964036855557794,72.9108471257709,7.355742944754704,53.640745696032006,66.79411764705883,27.76793307661789,902.1159247144907,65.60708552049132,59.07521281638991,71.2024480719978,0.9837002145192574,0.4355371215319501,0.9682998541510589,0.4326827261104686
2025-11-07 04:15:00,6.717058417487737,53.71231040763613,66.79411764705883,27.682067182631005,900.3657093993111,65.82130597829891,59.01805963170771,72.79569532126531,7.323993600079455,53.64667230009836,66.79411764705883,27.76333738869197,901.9205685584292,65.54635250657458,59.13527586539437,71.15184768159565,0.965541177224515,0.4297276280750687,0.9644633808309994,0.4306014954788341
2025-11-07 04:30:00,6.733578869548183,53.71589322515638,66.79411764705883,27.735645342036573,895.8027629192471,65.21736305296162,58.789349174602485,68.85199987357619,7.275890879307965,53.6548814960407,66.79411764705883,27.76115811934231,901.6948176380419,65.5238957951146,59.189407500248755,71.10880747198571,0.9553326360228044,0.4265647976170929,0.9604583812503066,0.42841156897095384
2025-11-07 04:45:00,7.087482489517319,53.66249931694576,66.79411764705883,27.69157290388107,898.062785199068,65.73151737879816,58.82889117937872,68.81702442830142,7.2261146688200135,53.65629282269203,66.79411764705883,27.75721218864033,901.29910727561,65.5381411798615,59.22201787417698,70.95345262822437,0.9540163116983836,0.4218085102716097,0.9565296435776617,0.4263080470578589
2025-11-07 05:00:00,7.459199459268745,53.61562840776287,66.79411764705883,27.73080918927356,901.0820601871676,65.97399122557974,59.07733711971365,68.80291134311774,7.174783220211313,53.66010896927428,66.79411764705883,27.75459007553815,900.745709264464,65.58067597238389,59.277162679341444,70.93353688829635,0.9562553813549144,0.419251960198219,0.9526657918772858,0.42399865065008324
2025-11-07 05:15:00,7.591408448176077,53.71439711969551,66.79411764705883,27.761319337780225,899.7205894393089,65.32835973000334,58.69654312006182,68.92853429564207,7.109710318565859,53.662146205137766,66.79411764705883,27.751744682345613,900.2733139436939,65.63032898590784,59.34415108555803,70.91262123692565,0.9381724376551812,0.4129637277053781,0.9490499483126125,0.42175621955359294
2025-11-07 05:30:00,7.555350630002124,53.81316410788269,66.79411764705883,27.77380154470528,896.4679627004906,66.13534288742184,58.95729686142391,68.90483615669795,7.040291584759443,53.66490661143031,66.79411764705883,27.751167889892706,899.4360378081013,65.63407351665947,59.42836967205934,70.90389055442989,0.9408763924685388,0.4146832605269229,0.9459976128939854,0.4196178088940487
2025-11-07 05:45:00,7.485362429656551,53.75747910600027,66.79411764705883,27.788560533012973,899.9767016866344,66.37646198978496,59.48055567674923,68.89257882575541,6.985899280160757,53.666840834449935,66.79411764705883,27.751887465144467,898.6192666526562,65.61349628323553,59.506789474569594,70.89985078454517,0.9289326952446166,0.4109386480587774,0.9433655303277668,0.41774401520920346
2025-11-07 06:00:00,7.447412936985435,53.66749706603768,66.79411764705883,27.77869114086129,900.9908050897944,65.40628579998948,59.48920718871611,69.01912321012134,6.938434929686522,53.668842156995005,66.79411764705883,27.751694311537133,897.6967713475261,65.61384767151145,59.588453402528906,70.9005995557762,0.9313920421689916,0.4157211618207071,0.9405271030335612,0.41582838318938553
2025-11-07 06:15:00,7.522429785665487,53.613873594602026,66.79411764705883,27.78750025628259,893.1964691260936,65.08839415263073,59.98703774127143,68.76542071971616,6.894589522939925,53.671576436255506,66.79411764705883,27.75151862106767,896.5664596258418,65.66736541045212,59.65131007605519,70.92243481867928,0.918917665352878,0.411086983375844,0.9379702265982867,0.41392933179850805
2025-11-07 06:30:00,7.735613508163333,53.61013480146006,66.79411764705883,27.801088670840905,897.2519140051252,65.05747439313069,60.32626473101835,68.82169128646807,6.84027386726981,53.66893806992186,66.79411764705883,27.75171798630524,895.6428101520352,65.72934790249036,59.71548266493239,70.94548244786779,0.9199387558896476,0.4153943523782735,0.9354899457537604,0.4120913886694569
2025-11-07 06:45:00,7.882617915307179,53.61871984694484,66.79411764705883,27.799109430769,895.6004125583293,65.47476977163285,60.509147804683366,69.05804986785063,6.797326668590367,53.671296748424005,66.79411764705883,27.75079105055065,895.1620778676439,65.75580764988062,59.76669940127585,70.9580068972773,0.9131046567188092,0.4089651194057019,0.9339419671483592,0.4102606890018867
2025-11-07 07:00:00,7.553521002677197,53.74335149856047,66.79411764705883,27.71097349830859,904.0098374570516,65.65947282709678,60.06725411775032,68.87499228334677,6.761772640532608,53.67442196020795,66.79411764705883,27.75073448478641,894.8783617370314,65.76926077441776,59.82190058346399,70.96029642012981,0.91623464541671,0.4046047124775954,0.9326541863261872,0.4083718635636863
2025-11-07 07:15:00,7.074258860244974,53.78806755831908,66.79411764705883,27.70326456926621,897.8313900194061,65.75896887892581,60.25621473412155,69.19449095726685,6.736090735342376,53.677854647251586,66.79411764705883,27.75148139513259,894.536912189873,65.80667621259677,59.87532681905917,70.96910472176329,0.9162014803160634,0.406491641846634,0.9309280273581528,0.40672096706128325
2025-11-07 07:30:00,6.910440539832611,53.8412945319613,66.79411764705883,27.735321112222064,900.8716684561224,66.12294858371396,60.31778076271122,69.03447224215465,6.717812932206593,53.68102957056082,66.79411764705883,27.75129128609815,894.1824339688031,65.8070548545079,59.93595214533399,70.9688280635004,0.9109569030176208,0.3992824921843022,0.9296463250316134,0.4055748882961668
2025-11-07 07:45:00,6.626485232519183,53.813273135605584,66.79411764705883,27.733840580810263,895.4941280332954,64.46826521746472,60.3441584211262,68.7739627670689,6.691457587037703,53.68228831630759,66.79411764705883,27.750887947072094,893.4705786679219,65.84020312658598,60.003281008496764,70.97524906357198,0.903149447019902,0.3992028692937844,0.9284775043696966,0.4045535773155959
2025-11-07 08:00:00,6.659508013062631,53.91184744879891,66.79411764705883,27.72787754400642,899.8087666796009,65.76641553826425,60.27414675388388,68.93856975875168,6.656439903773142,53.68391643968008,66.79411764705883,27.753001005480495,892.7786811653025,65.91092972465762,60.063660012342645,70.97896362987281,0.8889403925381466,0.3970150090212266,0.9276385100963871,0.40373702391627464
2025-11-07 08:15:00,6.6356661206851575,53.71909437951376,66.79411764705883,27.75141391571884,896.4030917090936,65.81869913612007,60.05962635585082,69.05284243977088,6.635456257291214,53.68168869887107,66.79411764705883,27.75680204285753,892.0181309084553,65.92538642170103,60.11477287581094,70.99353125719273,0.885812614117364,0.3956006788624566,0.9273855010981684,0.4030207299629114
2025-11-07 08:30:00,6.572995868501312,53.76867393784365,66.79411764705883,27.784582291998795,891.031953201306,66.0684375185943,60.24947829386503,73.05047554299442,6.606747190605223,53.67487779548041,66.79411764705883,27.758061214710594,891.4179799057005,65.97464112427693,60.177389761948014,71.13899680626676,0.8945744576210463,0.3874028111636274,0.927497827133892,0.4024521287974781
2025-11-07 08:45:00,6.198319476842711,53.72513286125282,66.79411764705883,27.75626820020912,887.3454864971999,66.76205506999864,60.338861132167175,73.22027182350905,6.5761024880924275,53.667861428724386,66.79411764705883,27.7619581669221,891.0059817525974,65.97463001797517,60.219561437249986,71.1707319809099,0.9003659077860152,0.3853486936879096,0.9274262148789153,0.40202810468472056
2025-11-07 09:00:00,5.78559318802205,53.64015588061013,66.79411764705883,27.78444923995716,882.6584123143261,66.50405673715322,60.77070731560226,73.31898662773116,6.527318855678309,53.66660264280896,66.79411764705883,27.76510188165124,890.4693360502714,65.94399801769933,60.25385837671361,71.20360065610602,0.9163272805593028,0.3913966639025462,0.9275031787447579,0.401667279303198
2025-11-07 09:15:00,5.991953106341128,53.59106946483069,66.79411764705883,27.792690053421385,884.122053707595,66.17850959722726,60.81547574143426,73.45377793427713,6.488352453713967,53.66480483417574,66.79411764705883,27.767659712773213,890.0387260635756,65.9344839674264,60.29052843258042,71.23733598009173,0.92643244038802,0.3943691981038162,0.9286456181356544,0.4017345932559953
2025-11-07 09:30:00,6.136011084344125,53.57691103765151,66.79411764705883,27.76706326578758,884.0703744182093,65.80788452830961,60.8466211499001,73.33760362119132,6.436088271581897,53.65716875993187,66.79411764705883,27.76957999404217,889.6789761613664,65.9553985358712,60.291681445313124,71.2755486413484,0.9280093928670724,0.3906347582657857,0.9292735790746233,0.4019513825989284
2025-11-07 09:45:00,6.1402529107727,53.59441298422152,66.79411764705883,27.748010878535773,883.9707119332182,66.13260529013343,60.58092780747967,73.78572791716309,6.382928294206746,53.65747498593468,66.79411764705883,27.771854720790188,889.2377421145534,65.94007599414772,60.270093178588056,71.31671443009344,0.9273372042208544,0.3905731654109052,0.9300578220709266,0.4021983882634293
2025-11-07 10:00:00,5.714920831827496,53.50538643135783,66.79411764705883,27.752741316430285,880.6537093936573,67.66219527356763,60.83817157014254,73.84121223792863,6.3148701709602495,53.66451403743842,66.79411764705883,27.7767506217066,888.9416283309444,65.97348448002019,60.256976674538265,71.35754943975158,0.9214923240120096,0.3906856308662844,0.9312424988046657,0.40233919190605627
2025-11-07 10:15:00,5.371353800607155,53.58987777350536,66.79411764705883,27.751531390896872,884.7546528169762,66.55486068915197,60.33300478732449,73.51774274357463,6.25208505496357,53.670514659723125,66.79411764705883,27.781308449844428,888.9830029360745,66.00750325607329,60.22290518791853,71.41100555422169,0.9354906128756928,0.3928950125197747,0.9329627953426045,0.4027918098094924
2025-11-07 10:30:00,5.385504269464273,53.59155915181902,66.79411764705883,27.763378875371163,892.2540349293496,66.22264942669865,60.370082580927054,73.38078944058914,6.188153433942655,53.67549648326709,66.79411764705883,27.784366100230745,888.8302425075242,66.0210903002486,60.18002928063471,71.4679161288441,0.942721361690302,0.3896721508502573,0.9350924818019545,0.4030466885016177
2025-11-07 10:45:00,5.484203446679967,53.563957107725365,66.79411764705883,27.788578933296744,888.7395665481821,66.41584171298749,60.42332524483923,73.42529141767007,6.113668198495755,53.67853010156816,66.79411764705883,27.788046215247615,888.8555404592969,66.02127976269807,60.13502330888945,71.50773912589801,0.940482612667953,0.3903921204994702,0.9377024940192763,0.40377912421523626
2025-11-07 11:00:00,6.048603820515514,53.64192251945274,66.79411764705883,27.740927959838388,889.9368246823929,65.45452711393317,60.50786398947822,73.24522161863547,6.032452420116942,53.67651546915122,66.79411764705883,27.793212954164797,888.6676748908096,66.0448890031649,60.12022934885139,71.54576458262873,0.945206584046,0.4032796913366685,0.9404927870153572,0.4046366366092322
2025-11-07 11:15:00,6.124859466917045,53.72116147952626,66.79411764705883,27.71854502107725,880.4298843368113,66.1376944525117,60.58100241141451,73.24232807925242,5.958118311804534,53.67206285962609,66.79411764705883,27.800070200899086,888.7669146505953,66.02988360448673,60.094179273631326,71.56912483762724,0.9484091036122804,0.4051167482092855,0.9435842889280234,0.4054145508417404
2025-11-07 11:30:00,6.061231183558855,53.68874700772234,66.79411764705883,27.74840598518752,880.4557155147087,66.22053778764341,60.77540697093381,73.02228411479592,5.879757461191458,53.6649916671283,66.79411764705883,27.805186295448134,889.0268544577161,66.03457803351527,60.06056929415268,71.59603860153882,0.9585303863199784,0.4110405195523135,0.9468838123635568,0.4065216898824999
2025-11-07 11:45:00,6.087549023029896,53.64547818336565,66.79411764705883,27.79609830394194,877.5492016938986,66.2550068896017,60.55144553575681,73.23272414086298,5.819146733381362,53.656853487898026,66.79411764705883,27.809774315892312,889.4355586086325,66.1008285731923,60.025193644282346,71.63448881668458,0.9579509072779534,0.4082388094741732,0.950470413202556,0.4076510411162194
2025-11-07 12:00:00,5.872306868968454,53.51156612343675,66.79411764705883,27.77342049762849,877.7982328366041,66.69500413023816,60.667855758714666,73.21596634579659,5.763325972230134,53.647940050270485,66.79411764705883,27.814363424794465,889.7870199729119,66.10152503320145,59.99448873487795,71.6724814037487,0.958702417094508,0.4095067626540948,0.9545669130376359,0.40873036391401935
2025-11-07 12:15:00,6.168141414133451,53.45200831426505,66.79411764705883,27.80848147022622,885.7028406059762,65.73118418974572,60.09404143843777,69.76907966759588,5.710072962356393,53.64259218229047,66.79411764705883,27.817872318409727,890.6041383121278,66.07593301308283,59.969765724866264,71.70438321925721,0.951867944049084,0.4090877868888802,0.9587919232008109,0.4095701794274532
2025-11-07 12:30:00,5.995690486845206,53.57786483030008,66.79411764705883,27.82512063114789,884.982689117386,65.05503121730425,60.106245303622366,69.78897159900136,5.6526937339589916,53.636531554443266,66.79411764705883,27.819257621841974,891.7126182844087,66.0716883774629,59.94881246307366,71.60926961715134,0.958564297330192,0.4084271987525432,0.962756072358697,0.41074954920337337
2025-11-07 12:45:00,6.4224163892457975,53.660462860699056,66.79411764705883,27.83805427143948,886.8022898384323,65.04293822181563,59.79664479606635,69.94059401521298,5.6032445479386865,53.62979174869974,66.79411764705883,27.820873015122803,893.2145167054694,66.03917488563546,59.94048859195574,71.63779936723267,0.9724456193820806,0.4149831462892954,0.966752516579582,0.41199092544252963
2025-11-07 13:00:00,5.987425166040046,53.584081880566174,66.79411764705883,27.831409982774066,885.6754656342173,66.76277994076561,58.99188724340495,70.05121599439781,5.566171232692449,53.629054486079404,66.79411764705883,27.821187969659533,894.9706344341364,66.01994047256943,59.925449339576545,71.65515621335612,0.9597152206376024,0.4211869408149175,0.9706531948493077,0.4132657840634442
2025-11-07 13:15:00,5.890563108402005,53.76666588608476,66.79411764705883,27.85680233545332,886.7396802822417,65.91678573808065,58.83290767499726,70.1275524881073,5.533664582487608,53.63187691619195,66.79411764705883,27.82152133211431,896.6401796626175,66.03461219962355,59.91034938885772,71.66782285159765,0.9524599851337168,0.4183488179938043,0.9744714735077993,0.4145764136495673
2025-11-07 13:30:00,5.405669239590546,53.87866861114991,66.79411764705883,27.925568168353816,892.1073915815242,66.40854037616371,59.09571206722223,70.24417349986527,5.506809115743262,53.63972718207189,66.79411764705883,27.822507083420774,898.3045083093992,66.03876802205868,59.90355309350298,71.6926487232456,0.966932344181163,0.4199452710995171,0.9780848423106134,0.4160463378594509
2025-11-07 13:45:00,5.638876305765085,53.79389226314304,66.79411764705883,27.92423510041736,894.4377072799986,66.10895743422383,58.96489314267945,70.3691041538196,5.492998417947029,53.64788505582951,66.79411764705883,27.823184838720287,900.1478131538407,66.01366041803624,59.890095124993756,71.70915458208243,0.970526561491046,0.4246655204789294,0.981576485739292,0.41736842057165663
2025-11-07 14:00:00,5.817664877535875,53.759589507778976,66.79411764705883,27.89281818243039,892.6691011486181,65.46508571838993,59.03998751250377,70.52900852514014,5.501153884415253,53.65897263657897,66.79411764705883,27.823158611898595,902.3237050904379,65.93687211271208,59.87733800597146,71.71638217730118,0.9838293496701462,0.4230407131420298,0.9856686640459817,0.41851035836803446
2025-11-07 14:15:00,5.648060851900182,53.709728395976775,66.79411764705883,27.909512881275045,896.3593511115039,65.48045364511708,59.15896865232542,70.25273977946776,5.517890646329891,53.665845928234845,66.79411764705883,27.821563408937244,903.9275923099988,65.91028045236975,59.8905686432172,71.740273830226,0.991405023238462,0.4309381908142596,0.98919805647437,0.4196703243463755
2025-11-07 14:30:00,5.117047651312835,53.682912526052405,66.79411764705883,27.86597566582403,898.3738704024346,66.36775004110156,59.62343531660864,70.01575598526932,5.545626550856578,53.67157578701927,66.79411764705883,27.81998676037709,905.0766929086694,65.9141740063703,59.90241657738367,71.77082965135425,0.9999434352991412,0.4303300842974742,0.9925810641729379,0.4210238937791572
2025-11-07 14:45:00,4.844235610872732,53.65448927256528,66.79411764705883,27.90898197129488,900.8085828129764,65.30880691858016,59.47471247751956,69.89529860722193,5.576327446172039,53.677104413700334,66.79411764705883,27.815551161724933,906.2180527183644,65.89578967719561,59.899881016767736,71.79046943712085,1.008946537696042,0.4298290688218774,0.9964297894346106,0.42278849700608867
2025-11-07 15:00:00,4.559615021440327,53.62915875702761,66.79411764705883,27.88880394869354,908.6698626697528,66.26378145457076,59.30948137835198,69.84188515950177,5.600201408402993,53.68230292732837,66.79411764705883,27.81156714611604,907.1007159914673,65.89794464041549,59.89577026777995,71.8247829672479,1.0099426060836234,0.432496663407089,1.0004855203518925,0.42428713325247075
2025-11-07 15:15:00,4.808163398216302,53.56912775869745,66.79411764705883,27.87148119413561,907.7552525607804,66.45578140777553,59.28288892501591,69.92746922144161,5.633348699827264,53.68511321340505,66.79411764705883,27.806621420678695,908.2747887260724,65.91750495738933,59.88894157104974,71.85467564528994,1.0107474721898804,0.4330834063053697,1.0043466376962695,0.4257829631803506
2025-11-07 15:30:00,4.984885178525792,53.64444431997261,66.79411764705883,27.865550811071024,910.3526076079868,65.7873093385388,59.35299947175219,70.07834737067573,5.662658864013923,53.69247970376081,66.79411764705883,27.80036575464217,909.3782884916598,65.88813272438487,59.87809250780913,71.89646837123883,1.011835387590542,0.4293946929552252,1.0081804339414604,0.4271486955906799
2025-11-07 15:45:00,5.038075824472949,53.5586583401134,66.79411764705883,27.856680724176574,920.9166418855672,65.05093853256133,59.31793605550007,70.00989690502597,5.682479284476682,53.70189976136441,66.79411764705883,27.794081964923954,910.6577190428993,65.84775891373495,59.87994500676252,71.9283778791528,1.0125629190126135,0.4207951442654721,1.0116945894680767,0.428718976392168
2025-11-07 16:00:00,4.851619016579219,53.58685510242734,66.79411764705883,27.82614139496628,924.2863523697304,65.94109844999679,59.62088044008705,70.19706747981814,5.703256767751667,53.715406014007655,66.79411764705883,27.787464283564614,911.641184941925,65.85286327511453,59.88113055847486,71.96151941642692,1.013498932357631,0.4227839044412306,1.0152542924137047,0.4303448339162231
2025-11-07 16:15:00,4.714843896233604,53.52293868894691,66.79411764705883,27.804729998634,932.4024391290252,65.786650315175,60.08914499862952,74.07616432594935,5.712939542683298,53.735062584283455,66.79411764705883,27.77808885494935,912.2428228817029,65.87855514107812,59.90170551367566,72.10968779735633,1.0202592344125672,0.4225899808625979,1.0189634924776383,0.43187541958649
2025-11-07 16:30:00,4.67339373063488,53.61803800200032,66.79411764705883,27.79389787605912,935.3419441743374,65.92702434517238,60.31952974422647,73.8396920114341,5.73639478501526,53.753003650878206,66.79411764705883,27.770641659321615,912.6977588288174,65.93994484559987,59.909761318875056,72.12133344245503,1.0333476286510754,0.4296424225299849,1.0221579711405644,0.43326756611968104
2025-11-07 16:45:00,5.016753600195944,53.67574236820692,66.79411764705883,27.802690927064702,934.2084105620276,66.61866140885091,60.36247721986939,73.83377708152305,5.734133650659197,53.77438466000878,66.79411764705883,27.762589241896766,913.2004639274259,65.94902726866896,59.93912601101013,72.1436229719131,1.0409808001427647,0.4336880856875094,1.0250174737458695,0.43432567463117344
2025-11-07 17:00:00,5.330347082013709,53.812419014049865,66.79411764705883,27.79663580498148,934.000233821663,65.93255920136339,60.64273228925792,74.08237977063001,5.743531029620672,53.79753221422054,66.79411764705883,27.754452468026027,913.729493394186,65.917958174578,59.993454359459776,72.15608436930367,1.0364104569514965,0.4347324845622928,1.0285497762872104,0.435316361090372
2025-11-07 17:15:00,5.725931976885729,53.83914919695013,66.79411764705883,27.76834353752111,939.2698572664603,65.37937716946034,60.17718875220295,74.28090368226822,5.754904703711891,53.809516837372946,66.79411764705883,27.745967503938285,913.9755059294598,65.92549396578153,60.05099021604006,72.17199821326162,1.0320865070812115,0.4302356467770778,1.0322145667400984,0.4364642249986756
2025-11-07 17:30:00,5.959584825874229,53.83801385384168,66.79411764705883,27.75195451177967,945.9304674915728,65.35854611384283,60.45545799947384,74.05804009449083,5.7709013311428246,53.8113266470029,66.79411764705883,27.734340751873727,913.8464240563952,65.89259530998739,60.093018098336906,72.18882759708049,1.044257673212703,0.4249437647576187,1.0353191353039979,0.43777252960733576
2025-11-07 17:45:00,5.873456658046297,53.796076523181576,66.79411764705883,27.703675302056155,932.8712694038024,65.75711087888195,60.729923904696776,74.23449233131949,5.783243649343423,53.81592310658174,66.79411764705883,27.7193698574721,913.6397055946908,65.86506001001398,60.12649525695226,72.20934482441403,1.0413723857273387,0.4276939918700058,1.0380674765088331,0.43899451391185595
2025-11-07 18:00:00,6.217581405264843,53.76345491535164,66.79411764705883,27.71607941856655,926.7270528894696,66.33945604671527,60.72552060592085,74.29746407443636,5.799206449739808,53.8188350965291,66.79411764705883,27.704554409863622,913.4356185529905,65.86894743429544,60.14635174079328,72.23657897809242,1.044211592647338,0.4302792338337092,1.0402530028239894,0.4405248273688579
2025-11-07 18:15:00,6.405230306143791,53.72981590815736,66.79411764705883,27.65551097373204,922.9803608390328,65.86431183774687,60.34725842636145,74.014484990668,5.83031750395946,53.8213353750856,66.79411764705883,27.68830210789645,913.0782378199715,65.87331481297988,60.165050478242456,72.26955355304933,1.055944370518134,0.4433302173074147,1.041976555471864,0.44172743329698555
2025-11-07 18:30:00,6.764822687444179,53.79787792829391,66.79411764705883,27.62140749157168,916.4167228754768,65.51917601052939,60.38454151984454,74.27462752244661,5.880825267553286,53.82884992019961,66.79411764705883,27.672026497993972,912.5477973479312,65.8357837777398,60.16915088969508,72.31605226367255,1.0668785115644603,0.4482387787281282,1.0435580423745061,0.4429506201672099
2025-11-07 18:45:00,7.119278209645169,53.80547006182657,66.79411764705883,27.57017325795681,915.6520663749674,66.72450396172691,60.37614150950834,74.13910842051426,5.942966447903573,53.8435383062352,66.79411764705883,27.6543850833427,911.8422454015436,65.85605131426054,60.185084793174916,72.36370038471532,1.064242623943589,0.4499916460456825,1.0450464872681342,0.44439456314460435
2025-11-07 19:00:00,6.940536109158638,53.90974171839525,66.79411764705883,27.56073600409185,913.5607084823272,65.33937079750983,60.449935073715416,74.27606589326224,6.016993897085483,53.85891838394145,66.79411764705883,27.638643212576884,910.8200404567573,65.85353205376511,60.20536228152909,72.40913587100323,1.0735442736757077,0.4520124918621931,1.0466106365481673,0.4458663528395665
2025-11-07 19:15:00,6.682161636912619,53.92807991147354,66.79411764705883,27.607584612395364,915.9321182310848,65.04379257010415,60.607020504358495,74.19000937828254,6.090976360275919,53.87163429155654,66.79411764705883,27.62317891401274,909.9422375553905,65.85577841380412,60.22961887971128,72.45188089788618,1.0633755730764385,0.4553472335188157,1.0475950030585297,0.44730904466524807
2025-11-07 19:30:00,6.495631367218016,53.91675370273416,66.79411764705883,27.574890056848435,907.3022098073704,66.84813497162557,60.70342231008478,74.21021246402051,6.166684326924162,53.885645610749336,66.79411764705883,27.610765980620993,909.2786700360873,65.8581863504351,60.2509002233581,72.49841247824125,1.065493505463347,0.458282488375746,1.0487588807030632,0.4487553855034589
2025-11-07 19:45:00,6.458624662082378,54.04170542253878,66.79411764705883,27.527218611768163,903.7519787993158,66.50194016865309,60.71129009446187,74.21413109547761,6.258439177907624,53.899654745301135,66.79411764705883,27.59929914563063,908.2476281117023,65.8593026041573,60.283051981280465,72.5427218168006,1.0631439459670953,0.4550053569968903,1.0497814666560426,0.45054966633520105
2025-11-07 20:00:00,6.699347756804052,54.11609682814268,66.79411764705883,27.601704762316025,898.6307675308257,66.89672235295689,60.34791945960403,70.13834095196216,6.355690750154927,53.91072346107875,66.79411764705883,27.58920837355742,907.1887484454746,65.87352690269354,60.30211398197272,72.57563613676844,1.0543986572179784,0.4501915947482733,1.050790728240474,0.4521991017407353
2025-11-07 20:15:00,6.354582358563909,54.30189313461622,66.79411764705883,27.596481748693837,901.8834427966848,65.31541091388799,60.67758556011894,70.6092798989556,6.444045789647832,53.923167138960046,66.79411764705883,27.579565165813698,905.7258025587361,65.85794145526884,60.29187436380706,72.48090385548862,1.058230697541228,0.4467264016340688,1.0509960184262004,0.45394056262254856
2025-11-07 20:30:00,6.269346534884332,54.27850850691917,66.79411764705883,27.587306766651903,901.54634963702,65.83070711803718,60.62173769689429,70.42505791611492,6.535269272288511,53.93500874955347,66.79411764705883,27.569533462199743,904.1203594938232,65.83142368006199,60.29162349801641,72.52608873251371,1.0656842968778348,0.4509075345908706,1.050526896795925,0.45569623006197957
2025-11-07 20:45:00,6.231773331138588,54.12620458065692,66.79411764705883,27.602253412821156,894.1200563404552,66.14285947418638,60.55898337240556,70.6049678068454,6.631884606304726,53.9415133613131,66.79411764705883,27.559192542705997,902.6163385678552,65.79928779387613,60.291531738685315,72.57088189176989,1.0624036987203491,0.4527847352429135,1.049340140166778,0.45730106670135334
2025-11-07 21:00:00,5.885568062518521,53.93296290004847,66.79411764705883,27.576765606416924,888.2349353895878,65.42158070233958,60.35654853612776,70.74905501443122,6.737765379409912,53.94199733055793,66.79411764705883,27.547428972089826,901.0845531656018,65.79490264277564,60.27689663165803,72.60285430929382,1.0600694010981535,0.4591944093593238,1.0480764702564425,0.458685966375158
2025-11-07 21:15:00,6.009145851783043,53.93178605050835,66.79411764705883,27.475108268368597,888.2361534288642,65.28289843502131,59.96920790114005,70.984620973826,6.836587604945313,53.938297162236836,66.79411764705883,27.53698335436474,899.2030448627434,65.83294987663965,60.28860547794984,72.63064685377678,1.0529767976361013,0.4613250496145339,1.0462202007271721,0.4600801771636101
2025-11-07 21:30:00,6.296548889427439,53.84694920619974,66.79411764705883,27.4483547541761,886.546489897608,65.58170844683407,59.63568202773411,71.34603313549208,6.9201861145827825,53.93732580075322,66.79411764705883,27.52661815321772,896.8584914633362,65.85639755607004,60.294583020693565,72.66948299242058,1.0493951391248335,0.468950116852088,1.0435743178040213,0.46161257561981617
2025-11-07 21:45:00,6.581392478489713,53.78473675267189,66.79411764705883,27.42194382225987,885.637929120939,65.61147500564995,59.71993077580083,71.24197702817553,6.996553737172097,53.931671040546526,66.79411764705883,27.516466669413205,894.9453081258245,65.83923120422163,60.28825617387526,72.70278257765384,1.0431116026747027,0.4670163686580891,1.0407109666130077,0.46316622243859296
2025-11-07 22:00:00,6.632280559127622,53.9083488794727,66.79411764705883,27.37770736874973,882.4606562412251,65.24181898389989,59.74644766018749,71.41071730396509,7.054144802407352,53.9281769417705,66.79411764705883,27.506082204680876,892.9671851130155,65.80712917955923,60.297348262372914,72.73431975999715,1.0473880423784043,0.4670256904042045,1.0374273627913246,0.46454108055749077
2025-11-07 22:15:00,6.708471021381337,54.09514085363303,66.79411764705883,27.379739531756744,879.6420244213473,65.9168330142019,59.95272958191444,71.3247422385051,7.108185233221288,53.926634757857435,66.79411764705883,27.498511682274643,891.2794808328983,65.78746681567821,60.31276859621453,72.77451222062405,1.0535998845048848,0.4731473581437118,1.033574273662203,0.4651487945907281
2025-11-07 22:30:00,6.78043849689763,54.09056108821478,66.79411764705883,27.416547825719,878.0037143261607,66.1882036397079,59.91780602897726,71.2049497481392,7.145441404244154,53.92067646727562,66.79411764705883,27.491883225438546,889.7780568748765,65.79695203451666,60.32567261224054,72.80984628034,1.0568670844846162,0.476650354255954,1.0294917808819362,0.46570304768891774
2025-11-07 22:45:00,7.027637293929393,53.95060498715008,66.79411764705883,27.40755223721139,881.4211655197789,66.52317220894577,60.01058687048169,71.20982002793019,7.179380825276412,53.91493053588584,66.79411764705883,27.48596044176914,888.6478796726428,65.75010273993927,60.342487889902536,72.84403860419168,1.0402784675007537,0.4763641610758156,1.025345218496969,0.4660539214007923
2025-11-07 23:00:00,7.256124177973096,54.06478389575691,66.79411764705883,27.49316280931845,890.4455820288935,65.8595474374681,59.99143978115667,71.47429478132766,7.216088842606284,53.905331531745546,66.79411764705883,27.48173588301065,887.5089657729782,65.75284100162825,60.36011060861334,72.87343726650198,1.046751716926547,0.4727849181015505,1.020549683687348,0.46618346714240816
2025-11-07 23:15:00,7.790721353976799,53.97893237666701,66.79411764705883,27.51267567446583,889.9853841540187,65.08442614422776,60.28248879317128,71.33917706180644,7.249597008467183,53.88859205140604,66.79411764705883,27.47591801101968,886.3929450345317,65.74018431814608,60.37599524703458,72.90112407423257,1.0432404976019904,0.4746235692177378,1.0160117359111693,0.46617003040247484
2025-11-07 23:30:00,7.769166183998326,53.91891657575616,66.79411764705883,27.52341823276993,892.5199623828966,66.36782740608375,60.19274046085439,71.1844970788532,7.277681884910482,53.8694516426102,66.79411764705883,27.47185329584394,885.5158537213182,65.68886502214848,60.398028970118695,72.92564959191448,1.0437767798905753,0.4722669666072572,1.0112952643646913,0.46595039255753945
2025-11-07 23:45:00,7.365495081020717,53.896249025385565,66.79411764705883,27.51543376632237,888.5140625268662,65.31908689243409,59.78195645365991,71.23419588755503,7.31176213701344,53.84357351373128,66.79411764705883,27.470283929254393,884.4615863784093,65.66581349001031,60.42476023616959,72.95766348872203,1.026417939984362,0.4748338073169937,1.0069618772435565,0.4658228210029542
2025-11-08 00:00:00,7.41009820985527,53.97328631980295,66.79411764705883,27.492946767640426,887.1786522269543,65.1314910889669,60.312003770507054,75.195238322187,7.339819762579782,53.81625629459563,66.79411764705883,27.46627508463435,883.4324563162056,65.61932545217773,60.46492485674526,73.12307567748681,1.0192739797428094,0.4823124457129166,1.002354223982954,0.4658234292563364
2025-11-08 00:15:00,7.915213620682386,53.870880720995984,66.79411764705883,27.492463342252403,889.0877827829866,65.65458482327486,60.35972443993633,75.17757185920806,7.382904789306627,53.78217381782577,66.79411764705883,27.46271877708489,882.4221685906869,65.63480544988208,60.480836477826806,73.15341364117036,1.0053781012683525,0.481833184868722,0.9977206914570697,0.4657424897359999
2025-11-08 00:30:00,8.506770275169318,53.826938091394766,66.79411764705883,27.443728686496183,888.0466717540668,65.80100466834891,60.203679078439606,75.04155229634772,7.428206754736338,53.75125946451756,66.79411764705883,27.459607439799573,881.0552464934178,65.63282593837927,60.487293903993105,73.19236442287466,0.9985003596414328,0.4762794747764341,0.992747938569233,0.46542671074932224
2025-11-08 00:45:00,8.690598742947735,53.728144147317074,66.79411764705883,27.454975005768517,882.8246081807023,66.52079418538034,60.52845414095692,75.11468001675748,7.468195935913567,53.725924396023416,66.79411764705883,27.45528617721594,879.6018892394765,65.61442943943152,60.51167827834545,73.23447232531251,0.976398421203104,0.4720619704306383,0.987642517715478,0.4648686410665578
2025-11-08 01:00:00,8.46754011499832,53.80887300933352,66.79411764705883,27.44099847736902,875.5938655093619,66.06197649675478,60.6347842817857,75.22312425380512,7.516463639232096,53.70358163667991,66.79411764705883,27.452715551560882,877.905215136065,65.59084675558171,60.54105395945516,73.27406916883669,0.9648811855181756,0.4709157184438032,0.9831556710638146,0.46403630527448914
2025-11-08 01:15:00,8.164485335725733,53.62643371698049,66.79411764705883,27.39913078792095,875.4757692784424,65.2421203234294,60.540118500147706,75.23347988831695,7.559534415636991,53.680058880815295,66.79411764705883,27.454593349169173,876.0578627955222,65.59155201492666,60.58821845871692,73.31377864902748,0.9554718499969324,0.4743033964333086,0.9791514712760161,0.4630947766928678
2025-11-08 01:30:00,7.9453133623224925,53.65863195207109,66.79411764705883,27.40454547659663,867.3833625052022,65.37639530684355,60.99828326085063,75.24357954473597,7.597419876269748,53.65751512885845,66.79411764705883,27.45592470061607,874.4380439262279,65.58561023285502,60.642127568974765,73.33767905195883,0.9457034779968442,0.471524977400644,0.9755023087378125,0.46204981849283694
2025-11-08 01:45:00,8.026443230561885,53.68355039076517,66.79411764705883,27.428395301545034,872.3492324355171,65.27444092131633,60.809868441609886,75.22025880947439,7.6303372570720365,53.63470299387221,66.79411764705883,27.45714205311624,873.2343528209699,65.54674474193061,60.697758446021176,73.36141254246364,0.940351696644479,0.4615616383045345,0.9717159780265349,0.4612046965964324
2025-11-08 02:00:00,7.88250781813014,53.61912921083957,66.79411764705883,27.42255378648874,871.3740041348216,65.80373257568282,60.771662000624765,75.33464931392545,7.6675845700619005,53.602729511793854,66.79411764705883,27.46245559078291,872.84826168755,65.55521774694135,60.76153036969531,73.38124943960683,0.9444037281564648,0.4648663716738167,0.9678288151716322,0.46027699053539195
2025-11-08 02:15:00,8.137460840612905,53.63309212013315,66.79411764705883,27.392489747874773,881.746750307962,65.31902512440523,60.88059983936821,75.16487813606504,7.690463223356101,53.569205239439135,66.79411764705883,27.467819793437833,872.627417561141,65.5645944401203,60.8168393134084,73.39693460855938,0.9398457523945668,0.4605178574019207,0.9639647867225993,0.4589336422448163
2025-11-08 02:30:00,8.041776629054802,53.621771594186455,66.79411764705883,27.433999241337037,879.393291492386,65.42151864817905,60.97861663503962,75.15802576257066,7.713387356059838,53.53564813202242,66.79411764705883,27.471062327125228,872.9874126571983,65.54745108920378,60.86477029955938,73.40626478662928,0.92967822938708,0.4558988641106687,0.9599750664284138,0.45753328754118666
2025-11-08 02:45:00,7.68740661273962,53.42589550128855,66.79411764705883,27.433048452666227,882.4514960776958,64.66409206563894,61.08355965699566,75.02061361020031,7.72613636255488,53.507833936077944,66.79411764705883,27.472839291780872,873.1911321315098,65.48946630220624,60.9076446642928,73.41048315865604,0.9272371397910776,0.4549441313208147,0.9564624875975735,0.45600693173425794
2025-11-08 03:00:00,7.338177660516973,53.34254143885875,66.79411764705883,27.45294860157629,880.9894704109619,65.30855609169734,61.36443400260806,74.94597799447766,7.725624788752252,53.47732012368068,66.79411764705883,27.471491283759224,873.0503963121658,65.50241603196024,60.953808600239235,73.4017306206458,0.9239993590690088,0.4516933530276854,0.9524674469913138,0.4545017932572982
2025-11-08 03:15:00,7.4810322251710915,53.26536155617132,66.79411764705883,27.48013761408172,872.1239585120458,65.81039420450819,61.51322807598863,75.1745479997039,7.714370446170216,53.445194779998246,66.79411764705883,27.470622920124995,872.7280469061192,65.50148643660226,60.983760225303996,73.39702121779136,0.9331423323330515,0.451178210359333,0.9488907286740621,0.4528664161199992
2025-11-08 03:30:00,7.5410765237943265,53.29658025407318,66.79411764705883,27.481439423714782,867.7568656647139,65.50208121797992,61.5528580768745,75.10070661490565,7.685787841490131,53.41846628195088,66.79411764705883,27.469429024686644,872.1316213317242,65.46596995219731,61.01722790896858,73.40087337137811,0.9161690593998963,0.4502098423497387,0.9452408332670201,0.45123913843998054
2025-11-08 03:45:00,7.647133160369262,53.27941883152028,66.79411764705883,27.489792522210063,871.574811031125,65.77981084501806,61.15493419256516,71.51941880946221,7.665093541847296,53.39297340936884,66.79411764705883,27.468990214222654,871.5761455531849,65.46476989082396,61.05024544028691,73.4025958965744,0.9192247217647028,0.4442982160239739,0.9421987458372448,0.44943917669327094
2025-11-08 04:00:00,7.62840549777565,53.35107790767283,66.79411764705883,27.493966648092268,860.5386867189495,65.7713217729528,60.81546048188336,71.59358136724404,7.631865008466273,53.36838410704742,66.79411764705883,27.469208505799255,871.2288522033933,65.47222036602216,61.074498750809354,73.2670794120256,0.9165017102427409,0.4414341649905402,0.9395095280899232,0.447718274388316
2025-11-08 04:15:00,7.431448766455447,53.36615252583277,66.79411764705883,27.47261553531216,850.5193387222114,65.59096450575387,61.29051460297582,71.86820487998133,7.576707541745375,53.34556604946509,66.79411764705883,27.470183486301895,870.6862456582207,65.47279594235475,61.10716506196657,73.26150541886479,0.909241073107694,0.4360426447599804,0.9372255495784626,0.44591861575750086
2025-11-08 04:30:00,7.333599162074393,53.262680119743045,66.79411764705883,27.49964683676529,837.3347122872458,64.7141001868454,61.23781896941906,71.93696032015632,7.511446048312369,53.324675412079564,66.79411764705883,27.47141319345616,870.1443565996636,65.49657575424352,61.144306184614265,73.26273718921081,0.9254640015482564,0.434224335597264,0.9347341405784658,0.4443035919102098
2025-11-08 04:45:00,7.301269143929926,53.22610337456999,66.79411764705883,27.531442196617352,832.8155832125785,65.30405621536994,61.38414287899283,72.17590537954949,7.449564023071792,53.30782736584219,66.79411764705883,27.472602100747896,869.8328964599299,65.4445579678501,61.16210515078864,73.25512902414997,0.9328508040021458,0.4330791921658934,0.9332866715391522,0.4428768146263136
2025-11-08 05:00:00,7.433112708410104,53.17063664749431,66.79411764705883,27.4882952975828,837.9519238187804,65.40345498468491,61.25295533546964,72.06304522343268,7.382169960056726,53.28585644544441,66.79411764705883,27.474739691834543,869.7387439614208,65.45581765722004,61.185371268406165,73.24048909526479,0.9399202629787226,0.4376013708511637,0.9324328549170757,0.4413018707729014
2025-11-08 05:15:00,7.568913902558391,53.10037270308474,66.79411764705883,27.45846439726517,849.5271959631987,64.44551027791786,61.38885708719289,71.95398174331986,7.314127560231941,53.27165461652033,66.79411764705883,27.48042442061745,869.7743951564141,65.46315278097788,61.217620989949815,73.23420784571074,0.9295216813363744,0.4416627117659524,0.9318193131103472,0.4394721971809866
2025-11-08 05:30:00,7.74969994882354,52.949144417122014,66.79411764705883,27.537113498749783,870.8779222386314,65.4960091342218,61.6596053704117,72.00582421826071,7.248220218504698,53.25674617393809,66.79411764705883,27.4858975868118,870.1189064184239,65.4772435894349,61.23657191875363,73.23338794913572,0.9307731567313244,0.4391945085729911,0.9315178607211154,0.43759950575784734
2025-11-08 05:45:00,7.394830620207351,53.08941268299138,66.79411764705883,27.540665611404343,873.0167006290703,66.19813380957069,61.61199789330722,71.7952973070816,7.176336201865884,53.238319942652105,66.79411764705883,27.491081817226892,870.366838322705,65.49211372452058,61.25614603853197,73.22183064168914,0.9376790310338994,0.432846909426441,0.9309608606256298,0.4358616041230125
2025-11-08 06:00:00,7.468162478009749,53.08384786571354,66.79411764705883,27.513823836340908,888.803567207887,65.67390311221192,61.355735613506525,71.48485509023652,7.1216642391748355,53.21900018556702,66.79411764705883,27.496248804336627,870.4713865198643,65.48001206291192,61.2763893338243,73.20339812736295,0.937175475659048,0.4346397131470647,0.9303165996568111,0.4341228809546822
2025-11-08 06:15:00,7.410107488780634,53.11617910881576,66.79411764705883,27.460861176880663,887.5327497491228,64.7836285990195,61.29681781248447,71.33637118873294,7.043109093385319,53.203009978362,66.79411764705883,27.50334859488987,870.4404435468155,65.4544143508381,61.28389608978334,73.1904758359609,0.9349011025755474,0.4305734868679551,0.9301255085786359,0.43247672463229847
2025-11-08 06:30:00,7.240776963894251,53.149369523839006,66.79411764705883,27.45272256866913,886.2235074485731,66.24803933008852,61.37635785954959,71.21171864101977,6.962646367148965,53.18781894900637,66.79411764705883,27.50823019551286,870.3311445365849,65.44900106590775,61.28696677746636,73.18195067916437,0.926900498738756,0.4276307637927588,0.93000694579485,0.4310664129194486
2025-11-08 06:45:00,7.453091076515716,53.015172066193934,66.79411764705883,27.48662476543887,880.3149019726186,65.05653828348822,61.18103754511398,71.1978949761737,6.879234920612253,53.17957231177308,66.79411764705883,27.512640633722594,870.2404549053803,65.43456062030016,61.27453207273248,73.18399959859148,0.935938948084436,0.4255622550987687,0.9300373300120872,0.4295529575367023
2025-11-08 07:00:00,6.911688043595805,53.11706163433519,66.79411764705883,27.487601369619394,874.6271951510488,65.30233287393489,61.19677097079192,71.30006168645596,6.79754901301814,53.17019473427432,66.79411764705883,27.519157829948416,870.112199022685,65.43753092306765,61.239649440312604,73.17701260061685,0.9342799176793212,0.4234486362066955,0.930626064615069,0.428187585913501
2025-11-08 07:15:00,6.744666091735653,53.131462847924375,66.79411764705883,27.5022694524028,871.8497891706879,65.28308505123374,60.77248239321001,71.28587164344344,6.725921009714018,53.16538419731176,66.79411764705883,27.526337708984425,870.450321055155,65.42148549522624,61.2002522363042,73.16271428284492,0.9351553170910956,0.420834954915708,0.9310676759700793,0.42666059518450006
2025-11-08 07:30:00,6.4132422084246095,53.23560725016031,66.79411764705883,27.49949551493836,876.759851733203,65.35500534491287,61.03960308618042,71.1297437857227,6.665021190115488,53.160777111520595,66.79411764705883,27.5363813407052,870.9243493484395,65.4153135811307,61.154793986220305,73.14242165862056,0.938597447323163,0.4306853765642683,0.9317106468473321,0.4248959574344282
2025-11-08 07:45:00,6.260489619055398,53.18633899352621,66.79411764705883,27.52171275733156,872.80958642781,65.6718521132528,61.33971377465255,75.01035206438407,6.6092432050158125,53.159625134430584,66.79411764705883,27.546478927787653,871.3063909225708,65.37654713328543,61.12908828894857,73.2377352094173,0.9368587459245354,0.4278434259442678,0.9323886259390055,0.4235126994189849
2025-11-08 08:00:00,6.548925472179165,53.20021896982879,66.79411764705883,27.480619901124168,871.7899999973521,66.5143990250118,61.31791275787052,75.07850540672862,6.553878242078667,53.16086854244713,66.79411764705883,27.557859063058267,872.3444332049102,65.35280895148519,61.09831091573858,73.19923643301573,0.9237580896415324,0.4278287593577013,0.9329749031758292,0.4224210045087719
2025-11-08 08:15:00,6.834137985730451,53.22270276019615,66.79411764705883,27.490642224520663,873.4808039886935,64.96026059357767,61.06242312618827,74.88643506493203,6.49899660199671,53.16668596347201,66.79411764705883,27.567927020164483,873.5376859800101,65.36131302424717,61.05149082184712,73.15843223465542,0.932974350023693,0.4292586519137526,0.9338025328831485,0.4216439819792316
2025-11-08 08:30:00,6.445718224546302,53.149745397399904,66.79411764705883,27.50512620996844,872.7692905540875,66.39976717785329,61.33276781031135,74.78392638724952,6.456846623720893,53.174494538517926,66.79411764705883,27.578099350105774,875.2676042441734,65.42731458671393,61.012056910244006,73.11197100017952,0.9392666868558812,0.4236674028414364,0.9340514446756832,0.4211221709845799
2025-11-08 08:45:00,6.12321334098221,53.20037884925808,66.79411764705883,27.569672651408048,876.5453051282425,65.46217403616468,61.50761014645693,75.04504240169582,6.419981828231424,53.18381399568372,66.79411764705883,27.587216578355246,877.3848276089083,65.4618376487489,60.97029091354107,73.05378455967757,0.9370655957950768,0.4194131886758642,0.9342204086417002,0.420752116703115
2025-11-08 09:00:00,5.968093110505171,53.21137867460405,66.79411764705883,27.568740462427108,877.7187003654946,65.7991195605541,61.566811124965405,75.21898264748482,6.390189561830822,53.19471012820511,66.79411764705883,27.59808815688552,879.0874779009065,65.45859953329612,60.925223039695766,73.00431904925124,0.9366599063198922,0.415344234706465,0.9344488912076212,0.4204962854227941
2025-11-08 09:15:00,5.869922731397496,53.1307634521856,66.79411764705883,27.58392221399794,879.7871895639514,65.72054497388667,61.397092034960174,74.87353958607743,6.353503321964294,53.205312014086175,66.79411764705883,27.60932390123438,880.3387251466368,65.47803908110346,60.87933739571318,72.95628429547781,0.9236416937799096,0.4094245892594902,0.9348657203592967,0.4198883243369823
2025-11-08 09:30:00,6.24234893739866,53.03953649828701,66.79411764705883,27.577563399780733,874.5104500495986,65.44068272742317,61.37896085939449,74.78167388413927,6.307793069398108,53.22001376705543,66.79411764705883,27.617977307557723,881.0145800527232,65.50898549973712,60.81298824655035,72.88550718502148,0.9250758990919064,0.4127046766239085,0.9353844426574985,0.41942767723801444
2025-11-08 09:45:00,5.780806466927408,53.15338590398239,66.79411764705883,27.605483464472,880.8184611164987,64.5510937621904,61.105802518139456,74.77720939400378,6.258183956848061,53.22670599001273,66.79411764705883,27.627333831981552,881.5638205282229,65.50417678629451,60.74496889590613,72.81805246242227,0.9341130200493084,0.4111331677304072,0.9357478225662487,0.4193772877886666
2025-11-08 10:00:00,5.627894841964201,53.16604071351761,66.79411764705883,27.58044726002672,876.1143211854684,65.25912010026856,61.07073726553028,74.90227105867521,6.200902288573514,53.23626286612303,66.79411764705883,27.638257214760888,881.5188304921778,65.50883831712325,60.697444418594614,72.75520499348707,0.926121345873504,0.4135895127251727,0.9356942313796922,0.4193855564115223
2025-11-08 10:15:00,5.18506321663828,53.17849638428967,66.79411764705883,27.56536159895828,879.7308071415539,64.23087869741137,60.71051851497906,75.08208119301335,6.134677851073169,53.243804719554035,66.79411764705883,27.65086857030179,881.585194545561,65.51982881908863,60.65285164135745,72.69750607414188,0.9281486663081928,0.4095404698384269,0.9360122581517323,0.4194544257275879
2025-11-08 10:30:00,4.8876004326935725,53.06121411389606,66.79411764705883,27.64846448835093,877.1417939301066,65.39766517472215,60.31795503001175,74.73636805523911,6.082579073392056,53.25236157339244,66.79411764705883,27.66404040036075,881.9774588753211,65.50185385301731,60.603853397040616,72.65112992355881,0.9416613971584636,0.4107322043316453,0.9370464498052562,0.41968777115521944
2025-11-08 10:45:00,5.332192126047405,53.12104544729469,66.79411764705883,27.69553398516204,882.2676194861455,65.32903136926538,60.33131195573685,74.74559846654549,6.026231411790988,53.2629016442441,66.79411764705883,27.67705203568047,882.4888302589911,65.51024679222779,60.56306407841416,72.61302075876486,0.94639067298336,0.4053684884893059,0.9375431110632076,0.4202107357554297
2025-11-08 11:00:00,5.714081935838461,53.15836768033812,66.79411764705883,27.782748375338063,881.9777144632503,65.31692379511391,60.18911057435746,74.49192788817476,5.972563298652961,53.2726542153376,66.79411764705883,27.691429022473088,883.2168088248146,65.50003888483242,60.53303062232281,72.58034351630502,0.935458185717482,0.3972707098475834,0.9379596626048026,0.42083982492669103
2025-11-08 11:15:00,5.973793607378981,53.24485951882015,66.79411764705883,27.792720134683687,883.0360582550632,64.61681740965993,60.38376327441336,74.37882533336459,5.9311363916492414,53.279742042352744,66.79411764705883,27.70643727023135,884.0999481010347,65.50236015090493,60.505326673076546,72.54529920903573,0.939564094514905,0.402800475560674,0.9381865532929051,0.4217948616468006
2025-11-08 11:30:00,5.967456609661284,53.38838014816921,66.79411764705883,27.835370706210597,891.6799551891311,65.05917631894576,59.89213928558336,70.438618075197,5.895404040971927,53.28414327285055,66.79411764705883,27.719030223401546,884.7624512341397,65.49282418541742,60.47246253783989,72.51443089110504,0.9340900273474484,0.408683317684151,0.9386852729896429,0.422387805362435
2025-11-08 11:45:00,5.784999563996735,53.54067515657902,66.79411764705883,27.774654248498678,886.3169219752092,65.8460866886132,59.88591178623214,70.6440789291716,5.864657034190125,53.29032918401786,66.79411764705883,27.73214219458898,885.3714860480446,65.47111181792502,60.44057468249608,72.35511802788214,0.9340699643272704,0.4127319688737693,0.9396247354678527,0.4229071321834907
2025-11-08 12:00:00,6.069099813799907,53.49693737112065,66.79411764705883,27.80481673500402,889.2322602121434,66.69414706084812,60.05480162132551,70.5431232858801,5.821023282063802,53.29350149944864,66.79411764705883,27.7468348006612,885.9437308964397,65.4626700292573,60.41857493080829,72.31805021537618,0.9329313553243008,0.4185700057577141,0.9412691722900317,0.4235136149738008
2025-11-08 12:15:00,6.195325279245819,53.50568708954365,66.79411764705883,27.804959044101484,896.3322841546247,66.33974807641877,60.13116297790497,70.43031216449076,5.767605069002083,53.29735636140556,66.79411764705883,27.76074270674331,886.3965422927016,65.47029450033607,60.40938101118165,72.28342557080784,0.9379197229826558,0.421977563721948,0.9424589348566673,0.4241962391308069
2025-11-08 12:30:00,6.539344716392052,53.49752062313619,66.79411764705883,27.814442653491117,889.031432578728,65.30631152110179,59.90091912011028,70.57907991064249,5.723757975651329,53.310093560555735,66.79411764705883,27.77278493303196,887.042353509025,65.45512955745046,60.388653347455836,72.26188947283453,0.9467747399563528,0.4299264324415366,0.9436571969876112,0.42501178931743067
2025-11-08 12:45:00,6.468326706562539,53.418429279516495,66.79411764705883,27.79553672773083,887.0646133351072,65.02869671213838,60.01228776771556,70.51293913011698,5.687674335245854,53.32240660148366,66.79411764705883,27.78063015742953,887.5578456104229,65.46614398005609,60.362438555698695,72.23635982283297,0.9420265558866422,0.423423879191596,0.9454615824363194,0.4261827915475089
2025-11-08 13:00:00,6.378392371837975,53.390197006199486,66.79411764705883,27.796715688450117,891.1535694212263,66.42440169323139,59.66913089552629,69.88251090457125,5.660411048102505,53.33935433697909,66.79411764705883,27.788672789892416,887.9664153681911,65.42990572809668,60.34178750524879,72.19636682292834,0.9463348256773764,0.4253750956039567,0.9472648994736648,0.42762664040662
2025-11-08 13:15:00,5.906557243705958,53.290179371710565,66.79411764705883,27.821361344119232,889.4939148940608,66.0538724062921,59.57141737398104,69.77165562910542,5.648394319935572,53.35777240505832,66.79411764705883,27.796731064196535,888.4599800644675,65.43724107515591,60.31644565674244,72.17157619830353,0.948580428296402,0.4313352259460082,0.9501432800721621,0.4290739183349858
2025-11-08 13:30:00,5.749712429773286,53.37055414902246,66.79411764705883,27.84152531972092,887.4538661265306,65.81374903707452,59.93000129416104,69.59943102218013,5.62656714890831,53.37752298730793,66.79411764705883,27.805354912279515,889.3406063409844,65.46334229873166,60.29093458415569,72.16278928013747,0.9355677400623588,0.4348877718327334,0.9526696424160906,0.4301968214762347
2025-11-08 13:45:00,5.423374363770339,53.34243471174601,66.79411764705883,27.83920184310775,889.5236713506167,65.11334365798082,59.95903449536969,69.60540360837724,5.634981771342717,53.39608789542002,66.79411764705883,27.811640573494465,890.0907798853806,65.5111784492729,60.275378512532306,72.1600523171159,0.9444419057367446,0.4326395663499218,0.9553876862567652,0.43163683884293585
2025-11-08 14:00:00,5.677813633460844,53.40607513899098,66.79411764705883,27.84787747043788,897.9914373413773,65.70879034794893,59.906410530044326,69.82043412352787,5.659726710032336,53.41848941154469,66.79411764705883,27.81848887987268,890.6799345991298,65.52002469411222,60.26415342166559,72.1505538287601,0.9579262483444748,0.4346311266217058,0.9581556320904905,0.4329089296137926
2025-11-08 14:15:00,5.762661228483702,53.33137419174397,66.79411764705883,27.87697382503068,895.6560434827189,65.30832645980269,59.95735798632026,70.05462003235476,5.696255463865934,53.44280123967063,66.79411764705883,27.825910492091133,891.1499544875402,65.55249655498997,60.262663546974856,72.13873160763858,0.9508387858229812,0.4412511931050767,0.9609921053933205,0.4345514271955284
2025-11-08 14:30:00,5.301644649454975,53.40963876714009,66.79411764705883,27.9189109733978,896.4665521257563,64.99609565207356,60.295767288051536,70.31974441266112,5.755228522502518,53.4705639727781,66.79411764705883,27.83092120291628,891.6675837169622,65.57661224353492,60.274576154184714,72.1320725174476,0.9467764639271674,0.4423213113445359,0.9635071912662424,0.43606541661547865
2025-11-08 14:45:00,5.501858881624036,53.34409765837879,66.79411764705883,27.95251688515081,898.3439674572874,65.35272303340905,59.94136391582206,70.23454242536492,5.81453851192652,53.49529025616914,66.79411764705883,27.831493916284504,892.1019569204085,65.59138393312682,60.300645349283876,72.12506629105391,0.9419620377341752,0.4494860565189936,0.9660321390185896,0.4378346419088605
2025-11-08 15:00:00,5.341271688105205,53.36764416509447,66.79411764705883,27.87728411004411,896.6349457263558,65.06892638028737,60.05367902908056,70.2036942478014,5.866224351346359,53.51734295584174,66.79411764705883,27.82943159032068,892.6027108838451,65.6222002992867,60.342002720601336,72.13763424318662,0.9535590382252916,0.4484736880332997,0.9687939006869437,0.43991940938784707
2025-11-08 15:15:00,5.338079415601337,53.371916328545566,66.79411764705883,27.915071892954572,891.0806308449588,65.02048108848103,60.38307811433842,70.23096616769728,5.906185541381549,53.534809839934645,66.79411764705883,27.82955999964845,893.3172411942962,65.68370627364305,60.36668414746907,72.15314527475613,0.9650426202708348,0.4434232305759398,0.9715301479797667,0.4418742639582481
2025-11-08 15:30:00,5.239912908389461,53.29538843275199,66.79411764705883,27.921398083290853,888.9573454492047,66.26114536498014,60.657920207236906,73.96647103154952,5.94453324462643,53.54706593121143,66.79411764705883,27.827387650782363,893.4691896263266,65.7145653507625,60.405549421313275,72.28884368898639,0.9730911943068996,0.4460232430670058,0.9742780054639032,0.443503867680364
2025-11-08 15:45:00,5.231591593878866,53.33834861890391,66.79411764705883,27.907879406983888,887.0651458765506,65.18899472594073,60.78660553738897,73.84769572788181,5.980915057338077,53.54730842159824,66.79411764705883,27.827777813799457,893.8930688784569,65.69612929423802,60.43640260479692,72.29124585386656,0.968667227022762,0.4497373766239333,0.9770390079187438,0.4450624077744475
2025-11-08 16:00:00,5.130305424023702,53.531861371905,66.79411764705883,27.866392998627887,892.1436270437871,65.94481889128492,60.71093789853708,74.13784344805023,6.003864707315313,53.55134661165398,66.79411764705883,27.8279516047736,893.9573073962107,65.64644494697342,60.46216500898955,72.2940969948821,0.975214550784196,0.4481339084401516,0.980203750637923,0.446387776882359
2025-11-08 16:15:00,5.040704128817936,53.56977007709597,66.79411764705883,27.805029383335217,892.0100681701817,65.79260671433391,60.72116639374281,74.27915290164921,6.0233423656385225,53.554218398784975,66.79411764705883,27.828590713643038,893.9672810364532,65.63423989280173,60.47779297960886,72.30693425947044,0.9911971592563216,0.4545432555782099,0.983131688050621,0.4477883776813076
2025-11-08 16:30:00,5.150194496204732,53.71981073946706,66.79411764705883,27.81001943631364,889.9757930985379,64.71197200177166,60.94727961146803,74.01919265034627,6.042579928179614,53.55687535355749,66.79411764705883,27.828471306829588,894.6349706407501,65.63380773803823,60.50334470854248,72.32118839163545,0.9907594174402572,0.4586597004797984,0.9857270132763961,0.44901114223697075
2025-11-08 16:45:00,5.509420886389473,53.68330549456254,66.79411764705883,27.825670443121552,894.5941304522422,65.9406053856637,60.63683657976951,74.12982084733304,6.0660112487422015,53.562806947484496,66.79411764705883,27.82997428840932,895.3152315069416,65.64098420629516,60.53678892406523,72.34361154038683,1.0099931117348269,0.4528429271104662,0.9887121486023893,0.4505606096851851
2025-11-08 17:00:00,5.58753380658084,53.632053965775,66.79411764705883,27.83627884226999,900.929238345111,66.22371943469544,60.61362868179213,74.51806633915722,6.092434177276653,53.57037535920251,66.79411764705883,27.832323205599895,895.9741399007453,65.62949806512309,60.57421754440494,72.37782891186764,1.0008667694097664,0.4463917708613749,0.9915827941929837,0.45220849349792347
2025-11-08 17:15:00,6.033245139959596,53.71033314734514,66.79411764705883,27.79405330092059,903.3236674483804,65.98617827842772,60.63912036943819,74.69510050335676,6.117967198772431,53.58326725449738,66.79411764705883,27.833761455379406,896.4488379338082,65.61831814944465,60.604691558433366,72.41892814311849,1.0156543352695413,0.454333688731441,0.9938886185272157,0.4537704534530925
2025-11-08 17:30:00,6.370243002652792,53.83808619725792,66.79411764705883,27.785896451373247,893.788962597944,65.52450744544802,60.73398453952844,74.61731640800117,6.139794554735247,53.5950640172272,66.79411764705883,27.835711979764003,896.9946392726107,65.63492464574577,60.6193878338148,72.46124695096492,1.0091597208852634,0.4517522358508757,0.9967555800322209,0.4553577425506475
2025-11-08 17:45:00,6.2809258316462,53.9078512280677,66.79411764705883,27.7880099655118,893.8314037938674,65.20503452374399,60.66582227425727,74.72741455936765,6.181430149816778,53.60401289211818,66.79411764705883,27.83617705161411,897.4351546324548,65.63103258633774,60.62198546502452,72.49414958160806,1.0132428653930934,0.4588153972904992,0.9995218569763918,0.45695899940558554
2025-11-08 18:00:00,6.656792191791101,53.89409610712029,66.79411764705883,27.798785813105336,892.670670812766,66.12113583107099,60.6753332463073,74.53659534950964,6.22050897688903,53.605537896797614,66.79411764705883,27.835830375008662,897.5960417208032,65.60577866574481,60.638300197904286,72.51408430720875,1.0171139733461214,0.4561518869301538,1.0019873386402975,0.4584752822609816
2025-11-08 18:15:00,7.111491808767474,53.86283394902587,66.79411764705883,27.71271538620875,895.2988155895331,65.77218205702195,61.11338780871171,74.53541167473543,6.275459245683494,53.60639899262009,66.79411764705883,27.83400751490001,897.7867853528741,65.58091578827451,60.642158004352716,72.53385952582086,1.02213910555378,0.45844524729076,1.0045690790317494,0.4596772597015793
2025-11-08 18:30:00,7.26465711843361,53.8199486705162,66.79411764705883,27.720878596423397,897.0003333663532,66.24141477991047,61.42983171388133,74.86896645215639,6.3406805159220045,53.60313334109132,66.79411764705883,27.831081673876994,897.9507477641924,65.59346520608334,60.631876034531324,72.54416333025588,1.0183110357680978,0.4598137342171812,1.0076194755980359,0.46093842865137735
2025-11-08 18:45:00,7.172629308434715,53.76886604160715,66.79411764705883,27.796572414516746,904.4719675685936,66.46199664035055,61.12420608044535,74.84415628044945,6.39187006924067,53.605531680688664,66.79411764705883,27.825693285556326,898.233002140174,65.60446306347418,60.625702052419804,72.55775995834551,1.0216515132995976,0.4614461126727053,1.0110322950083908,0.46198692165200367
2025-11-08 19:00:00,7.117887707007717,53.75606288647265,66.79411764705883,27.77020024022797,896.2384081500435,65.98494863252894,61.05809750090955,74.50957050210455,6.438584430606653,53.60966976216548,66.79411764705883,27.82212028295321,898.4592565324466,65.59427640823375,60.616062919452,72.58056985330121,1.0165257518715434,0.4575714293476289,1.013584523212139,0.46305874033245353
2025-11-08 19:15:00,6.876453945346121,53.547949868183366,66.79411764705883,27.786359139011527,899.0332995391194,65.29300499287906,60.81150729074125,70.71614387557703,6.504537257228939,53.61571220844919,66.79411764705883,27.815217215307403,899.0046621179556,65.62770300821475,60.610495210683176,72.59734298629296,1.0169000379724864,0.4594881716962741,1.015825959241058,0.46428877613844344
2025-11-08 19:30:00,6.7575893131169655,53.618083072792814,66.79411764705883,27.810030464228262,891.1594157447572,65.20361664290974,60.82767374710466,70.62865751634631,6.57641685885597,53.62119251457288,66.79411764705883,27.808915191141914,899.607845840088,65.63105084100066,60.59136788597885,72.48506939689453,1.027873636899676,0.4583310789950574,1.0175740169677534,0.46538877819434177
2025-11-08 19:45:00,6.779655028942104,53.59184070347355,66.79411764705883,27.824132310184684,896.6314933618997,65.9735964512684,60.60000209648422,70.8154301021408,6.65884688112958,53.620912119626446,66.79411764705883,27.802548411180673,900.3294290942413,65.66339405470538,60.57873672656621,72.49421575063049,1.0257578453635976,0.4639955876904064,1.0195249702201794,0.4661611784562543
2025-11-08 20:00:00,7.116471592624805,53.57722926631143,66.79411764705883,27.81086044908749,909.0621207076324,65.29334687819691,60.667470988118815,71.00670387559292,6.752224387215188,53.613317516602514,66.79411764705883,27.79950957827875,900.9860971322926,65.67835280910495,60.57304294784126,72.48659014814298,1.0246344967296068,0.4666093691114311,1.0210509051220324,0.46692771260138116
2025-11-08 20:15:00,7.171266323440193,53.59637709732704,66.79411764705883,27.84062617512288,907.4724393208544,65.24399075984604,61.01561423339784,71.1856335926579,6.8516637805577165,53.6046161443768,66.79411764705883,27.79823039848308,901.5529381455427,65.68640642220092,60.56332914690383,72.48262120939914,1.0315806156664402,0.4699079026380278,1.0212738648175004,0.4672906322194599
2025-11-08 20:30:00,7.171080227871515,53.61724935773987,66.79411764705883,27.867183204167365,910.9208212353342,66.0798174580692,60.79198950571795,70.90903204899561,6.954606602397136,53.5927076884195,66.79411764705883,27.794780549807435,902.1501960818335,65.72029954823633,60.53246382385983,72.48113412825172,1.0324541933952038,0.4748116099861084,1.0220469674873167,0.46740403951323195
2025-11-08 20:45:00,6.672547888579275,53.676936230556535,66.79411764705883,27.864508837504488,903.73485588595,65.7184749359392,60.48563779483376,71.00463256663069,7.052983911594969,53.58383108873054,66.79411764705883,27.787416294781455,902.638276533637,65.7100372558745,60.515115343915724,72.46761839182508,1.0177551583233628,0.4781940246010773,1.0220057554378463,0.4674860264538196
2025-11-08 21:00:00,6.404533108657807,53.72445703091725,66.79411764705883,27.900041051258984,903.8279062906074,66.31194392610784,60.37088955560386,70.86899525757332,7.1570379743388495,53.570340621450505,66.79411764705883,27.77846329718739,902.7827725795242,65.70389857237305,60.49349169761406,72.44550560203464,1.0215765852125105,0.4825064447593834,1.0224713291021663,0.4679263963832126
2025-11-08 21:15:00,6.672442216216267,53.61090095847531,66.79411764705883,27.853153998610992,902.7391321459384,64.9965818757402,60.03696343166149,70.5924825276712,7.2544484747558435,53.55037343052591,66.79411764705883,27.770579757021494,902.7052740202657,65.68792187364078,60.47257682630824,72.41717348200432,1.0274302140618785,0.4806772719980641,1.0222449089167769,0.46800606339020195
2025-11-08 21:30:00,6.850178445628347,53.4518252793741,66.79411764705883,27.83747717227441,902.8180499918312,64.95117273016092,60.3958525164373,70.41847589154871,7.338057737617699,53.527640655933716,66.79411764705883,27.763427103824355,903.1548903432525,65.68760938216322,60.45605522164363,72.3913562853536,1.031890698261644,0.4801196122835884,1.022420896871689,0.46825532170975265
2025-11-08 21:45:00,7.411169292317644,53.35720706641811,66.79411764705883,27.82228802177103,901.378352444844,64.56244013569368,60.07309217977304,70.6478765907184,7.407773768680673,53.50418377009081,66.79411764705883,27.755681785452456,903.5317127282673,65.70735382298628,60.43043813918457,72.36438622615678,1.0282909975665355,0.4773105163230065,1.0219519522788894,0.4681544346977358
2025-11-08 22:00:00,7.258282756610307,53.31166922127721,66.79411764705883,27.83113574270729,901.385424465305,65.37257818633859,59.98730819341002,70.62885854571138,7.449486195355866,53.48085801695477,66.79411764705883,27.745924191199876,903.8211581377068,65.68200729773244,60.39165881521688,72.35030098882292,1.0382883609157652,0.4801563798384785,1.0217594959676286,0.4681044618499819
2025-11-08 22:15:00,7.037545481184,53.41604784629909,66.79411764705883,27.79086523553084,906.8115987367356,65.68265875513448,59.75614445247627,70.64244126805396,7.478928702129887,53.46062559800648,66.79411764705883,27.740277647591252,904.1616570822705,65.67334135539282,60.34155139111021,72.33721501118728,1.0443466200448244,0.4809408465377822,1.0208984034308128,0.46770944238236356
2025-11-08 22:30:00,6.742702529084693,53.49178660939872,66.79411764705883,27.770094031950627,903.4225774945326,64.76332672307433,59.76450504004647,70.88799109647235,7.5032396259832,53.438185437390025,66.79411764705883,27.735186100501377,904.5473405001538,65.59349415593921,60.28085621827516,72.30455523478491,1.0301258843377352,0.4806282484467968,1.0204227303836915,0.4672359583803209
2025-11-08 22:45:00,7.316664214269888,53.55318971705683,66.79411764705883,27.7079798635803,907.4427984102314,66.02327908791077,60.21604685127373,70.73416015744988,7.524936037171895,53.41703701836445,66.79411764705883,27.725888616768565,904.7849103278483,65.55412329948616,60.232682536180555,72.27364641432322,1.0322857011383997,0.4803243047556366,1.0197739887093036,0.4664507656036379
2025-11-08 23:00:00,7.396300957200444,53.45979761646291,66.79411764705883,27.732337358326177,907.0528571131764,66.36158034855733,60.08410046610707,70.59826334959678,7.542016527708229,53.39646846243391,66.79411764705883,27.71581270206227,905.3503281691186,65.52380087213903,60.20390655811614,72.25207598723176,1.025532926107764,0.4790233047439539,1.0191860520738922,0.46596190656417225
2025-11-08 23:15:00,7.704492262087133,53.32993677051064,66.79411764705883,27.716876008146706,908.7126435011488,66.15929113708222,60.4076707550099,74.12208633996057,7.558002966057701,53.38032831448375,66.79411764705883,27.706012342001667,905.66568497857,65.52328164793734,60.18547241565634,72.35925233035577,1.0271958245955437,0.47290938448131,1.0183328296058811,0.4654743851500503
2025-11-08 23:30:00,7.931630606591937,53.30402328118725,66.79411764705883,27.77522801157028,911.8436681853276,66.39358152327225,60.540124536788525,73.90907537342484,7.567027038704684,53.36116885176499,66.79411764705883,27.696324566426053,906.4117746459276,65.54062281304486,60.15110223339715,72.34418517725197,1.0209925978397856,0.4711299327939564,1.0171425199916861,0.4649545475045123
2025-11-08 23:45:00,8.023885929093822,53.30872891032433,66.79411764705883,27.76665398946506,909.0152985676832,66.03421510721275,60.4297523656199,74.16008473933374,7.568922551154714,53.34592966133979,66.79411764705883,27.687230529844545,907.2496456029461,65.50911205588218,60.131138784005266,72.31850169135835,0.9978859501203584,0.4654308441205713,1.0160352008533502,0.4641944031513027
2025-11-09 00:00:00,8.238479151387306,53.36255706074815,66.79411764705883,27.70652397604431,907.8935311872632,65.72876578283399,60.0213199201479,73.9745802159237,7.571573247048251,53.33205004316769,66.79411764705883,27.67655780869981,907.7781231121055,65.51216803098848,60.11291032063022,72.28837082573142,1.0139524975347507,0.4620619192929627,1.0148005451322346,0.4633300462071443
2025-11-09 00:15:00,8.46074016232446,53.41700750389372,66.79411764705883,27.60474279234209,909.23654400635,65.63273661480906,60.11638218144653,73.72434875453456,7.5805561910298875,53.32002475400364,66.79411764705883,27.66437661585953,908.5164339585397,65.49651650590332,60.08645730626977,72.2587911857551,1.0087567502507184,0.4553025353280945,1.0134511810808928,0.4621531798525298
2025-11-09 00:30:00,8.709155688897267,53.22733994737403,66.79411764705883,27.567688914448123,905.2641197217248,66.03955892965178,59.964919292742174,73.85468264544356,7.589805161231863,53.30491249616591,66.79411764705883,27.65137525305017,909.0765032476593,65.43528624907245,60.06691123140726,72.22824865013416,1.0148339793393608,0.4596028687431649,1.0121570599138443,0.4606955968540223
2025-11-09 00:45:00,8.955560152469388,53.11131741960696,66.79411764705883,27.557547095943736,900.9987106706276,65.50687731645993,60.01167423026365,73.84513690244705,7.61155775722156,53.28674481418289,66.79411764705883,27.639475721220233,909.8509527582542,65.39555695998367,60.05310567838648,72.19018724082372,1.0088617297078637,0.4567236989411216,1.0108568417633577,0.4588951009910083
2025-11-09 01:00:00,8.878520888508476,53.15610295949248,66.79411764705883,27.57131685545896,907.2774522875426,65.51513270112117,60.23833639959007,73.8428005084796,7.653057919707039,53.266921702568695,66.79411764705883,27.625319631423142,910.5834298922192,65.35966460328093,60.04453599718169,72.1522056427136,1.0144393595326249,0.4592299854373989,1.0096133872878006,0.456733217998452
2025-11-09 01:15:00,8.372406763535402,53.20414465278056,66.79411764705883,27.555650414354904,905.136075344311,65.79736774843587,59.89730980048529,73.91831278346339,7.679728101730414,53.25072971474794,66.79411764705883,27.61538708928481,911.2666641457486,65.35487315750558,60.04290669877765,72.13499651402456,0.999174527609101,0.4557887869299922,1.0076642742731192,0.45481418139541235
2025-11-09 01:30:00,7.908164992046923,53.19432351303899,66.79411764705883,27.50605798552785,901.3540330959514,65.36074007345528,59.51195352727692,74.11403822949364,7.718965613131993,53.24053031314979,66.79411764705883,27.606912253185026,912.0361842077483,65.34870094106758,60.03163476429722,72.11633172789061,1.0113402840082983,0.4546527014975378,1.0052850008166798,0.45272468672292576
2025-11-09 01:45:00,7.994767011988058,53.25586138057712,66.79411764705883,27.54331907795004,905.5137839264464,65.51220378683402,59.61016508551155,74.14283234566632,7.745521236387171,53.23139378512279,66.79411764705883,27.598783070237666,913.0531980414851,65.36695254317097,60.034813793798975,72.09260348352335,0.9963063294493082,0.4465946632622076,1.0031359228412693,0.45098349435439583
2025-11-09 02:00:00,7.993984834033036,53.1467438520224,66.79411764705883,27.56813218372716,908.570835902852,63.84599879630179,59.608976528829714,73.88917316008498,7.77960832432631,53.22301019670996,66.79411764705883,27.59065440220446,914.0443133420993,65.36053263804142,60.034103474046056,72.06218199950166,1.0040408443544615,0.4456092141559023,1.0009046200226743,0.44925178555102824
2025-11-09 02:15:00,7.823521644095541,53.13441347084009,66.79411764705883,27.51764790253239,911.599062399429,65.28087094675901,59.67899561760737,73.91689166659944,7.814343487746988,53.20938737049561,66.79411764705883,27.58381152796776,914.9913313382661,65.32647418648791,60.03445313971037,72.03199418412531,1.002189263067956,0.437890329372214,0.9988118220394503,0.4473753840113251
2025-11-09 02:30:00,7.630302423097759,53.13900620855648,66.79411764705883,27.46792279903905,913.2009433881497,65.07527581211525,60.19481815897676,73.86245768935996,7.850077670058955,53.19438888848928,66.79411764705883,27.578236671867568,916.0984122329885,65.32084354897455,60.0393171290175,71.99822031320576,0.9988876528092064,0.4429056581636602,0.9973583933769264,0.4454518000239853
2025-11-09 02:45:00,7.356047095830259,53.063745429678505,66.79411764705883,27.492348337193494,908.4940038226604,65.27742826682798,60.25848301694733,73.93143416929749,7.864214742908492,53.17702115930893,66.79411764705883,27.575430764887173,916.9934039717134,65.30800681655033,60.0197639668353,71.97550421750312,0.9913033639321502,0.4448625292726175,0.9953775989267419,0.4434804129171928
2025-11-09 03:00:00,7.028311492526491,53.0432991912299,66.79411764705883,27.519397196959908,913.5421057654872,65.72385159613587,59.79656827932895,70.1766429232323,7.884977606600943,53.16027450981655,66.79411764705883,27.5725052682108,917.7458311778688,65.24577232737346,60.0155364588618,71.95785389037145,0.9921643484738306,0.442735949628916,0.9931258011099445,0.4413977062857156
2025-11-09 03:15:00,6.83652040244297,53.13466499071768,66.79411764705883,27.55131121273944,921.767622072456,65.0282737363879,60.00109861472783,70.04492552533256,7.893071668218144,53.14626110773508,66.79411764705883,27.571607197916354,918.4894832486607,65.20510321898557,60.00672422994628,71.82264476304226,0.992538271213518,0.4411912570941182,0.9909553894586753,0.43970211008127186
2025-11-09 03:30:00,7.195992469430922,53.16084072114854,66.79411764705883,27.490678814745447,924.916445982412,65.38502613138557,60.12061708686735,70.10277790678495,7.884259728606223,53.13251320111968,66.79411764705883,27.56689634278745,919.2569265070878,65.15993136837955,60.02069332219701,71.83221938254681,0.9875948250961368,0.4406786607866801,0.9881153365084085,0.4380870995095994
2025-11-09 03:45:00,7.440754642889295,53.23561842240544,66.79411764705883,27.475190389914548,929.6217647138816,64.7744450072912,60.22202380258457,70.29824439336795,7.854312143883727,53.1244413774147,66.79411764705883,27.563546312070073,920.1171682186636,65.14717297751541,60.040057259455175,71.82884270056826,0.9910996941261838,0.4346019119995896,0.9859223091488794,0.43682883231384156
2025-11-09 04:00:00,7.4485493339307585,53.16388162260794,66.79411764705883,27.477142319886468,927.7228999089214,64.24290975314331,60.20560725984245,69.99275598036739,7.806906172421084,53.113310143085315,66.79411764705883,27.56189257344134,920.8819001276123,65.12392246590159,60.0693839875374,71.83894745546628,0.9936305583837544,0.431084120030884,0.9831415834159547,0.43539852353477776
2025-11-09 04:15:00,7.325125768270171,53.131905771066094,66.79411764705883,27.50752288260642,926.9683412037982,64.5265962632757,60.07147120421038,69.86279028731795,7.7410594940456425,53.10071659109253,66.79411764705883,27.563533606388386,921.7022146536312,65.09117888537867,60.088861915003655,71.84875974427321,0.97874861380876,0.4241791487106581,0.9806990564749131,0.43418813946230106
2025-11-09 04:30:00,7.649537983222191,53.129763682491294,66.79411764705883,27.475358357346096,925.8022203095576,65.23517322502583,60.11379911946031,69.72954731426945,7.67268631898297,53.094518525146285,66.79411764705883,27.565580595745338,922.8722523870398,65.04147539359901,60.117171560373066,71.85640086774784,0.9842729509458036,0.4176499549826957,0.9777881677596482,0.43297336573473993
2025-11-09 04:45:00,7.472547676917525,53.12514132385248,66.79411764705883,27.55517773446108,923.2361597518196,64.85283850247943,59.98808447954013,70.07620866700019,7.587419858925147,53.09185108710662,66.79411764705883,27.56741134778919,923.9853115963468,65.00654079364533,60.13533667330216,71.86060763209579,0.9689568236214336,0.423106173906875,0.9750642139361444,0.4316903397339651
2025-11-09 05:00:00,8.027303787675717,53.14584323142977,66.79411764705883,27.583232089280973,925.9036518518212,64.76600623702119,60.05769448202464,69.85853230753025,7.490159536447967,53.09048578040842,66.79411764705883,27.568349478559085,924.8969238845818,64.99235587799723,60.14144804711453,71.86184143930392,0.9605124945684635,0.4174347721089902,0.9723369052005257,0.4303015415905709
2025-11-09 05:15:00,8.207837989972983,53.08311122560797,66.79411764705883,27.57841253335012,931.8887674569504,65.10998819879495,60.1684630648256,69.93602925970032,7.393006886862833,53.09112488691166,66.79411764705883,27.56852878833057,925.9471799048114,64.98190091872458,60.14771976993399,71.86335984604274,0.9638186583042172,0.4250747452671082,0.970264288403029,0.428830449910057
2025-11-09 05:30:00,8.280895394784524,53.06016156889228,66.79411764705883,27.58727570171135,931.11888348373,65.17998103245219,59.96599860082214,69.71621402506048,7.301422022084537,53.09535170321147,66.79411764705883,27.57096704792957,927.3344965669311,64.98841998751811,60.16220789746513,71.8531798964552,0.9713492763579156,0.4282051157374499,0.9675733434099878,0.4274459079277577
2025-11-09 05:45:00,8.079600383804305,53.00736305986876,66.79411764705883,27.585579008429605,935.2221386217426,64.66090520852947,59.76663442240585,69.73680680676357,7.207728640616766,53.09963334170326,66.79411764705883,27.572327157476384,928.452745119953,64.9911466797747,60.17624730926752,71.8404090221168,0.981562680548104,0.4246488003466889,0.9652534899870349,0.42638942566148563
2025-11-09 06:00:00,7.814727998443697,53.04183214920904,66.79411764705883,27.60284834894501,936.6350043362016,64.59440759767354,59.91042471926032,69.87477496888606,7.114801136638714,53.10246910085623,66.79411764705883,27.571697187397188,929.2165511485972,64.98250027160617,60.205420498479576,71.83705115659338,0.9865230244620216,0.4229207288266045,0.9628457967585008,0.4252290491575875
2025-11-09 06:15:00,7.740776399756021,53.03215784164609,66.79411764705883,27.62380265416845,934.2925505719764,65.63817711518413,59.629451985807776,70.05267728637034,7.041085272783123,53.11064742183716,66.79411764705883,27.57174978649037,930.0328041726785,64.98493338961026,60.22535597403441,71.82550867776223,0.9728618676328624,0.4211826915518598,0.9607822583309257,0.42436974833446167
2025-11-09 06:30:00,8.01918686797395,52.95739813169169,66.79411764705883,27.644572458034947,929.6256732978392,64.49454567325098,59.95727522690224,70.06875353564693,6.962394051269288,53.11675087981536,66.79411764705883,27.574654573812627,930.7174178173867,65.01341407935915,60.21954520894729,71.81678909852336,0.957978991603842,0.4165421057996388,0.959059029987762,0.4232030920135073
2025-11-09 06:45:00,7.947314110603176,52.90953470806634,66.79411764705883,27.68993389931325,931.0222056249056,64.93921788544556,60.14330388754422,70.06581252008472,6.884562665832918,53.12290050454423,66.79411764705883,27.576990554184842,931.6534936229622,65.04424955379841,60.209039517903015,71.80466636330297,0.9620834750574708,0.4220414983479962,0.9574554187296271,0.4220941329385017
2025-11-09 07:00:00,7.667272418234283,52.89158608272541,66.79411764705883,27.63390235770325,934.866965938143,65.03842600509152,60.959197304310464,74.19631395856162,6.828738205623534,53.1324129580058,66.79411764705883,27.576946780147672,932.2847922058402,65.03275614309366,60.22142623299625,71.92059794579163,0.9357910093317776,0.4226796156437838,0.9560401662315408,0.4211213834127138
2025-11-09 07:15:00,7.125458387418954,53.06657419917488,66.79411764705883,27.666153067943693,934.8225499149532,65.65146338128866,61.01067048336501,74.0587842799773,6.796451766249467,53.14071877702386,66.79411764705883,27.575457836398968,932.613104885574,65.04411572548001,60.211192024771904,71.91452676125127,0.9320951293344846,0.4276828282478381,0.9549994989075231,0.4202795752235342
2025-11-09 07:30:00,6.816300007508014,53.02862003086638,66.79411764705883,27.65691181718232,930.8354884557264,65.0312504344193,60.90112176261417,74.27772286286438,6.754974899093852,53.14960305553736,66.79411764705883,27.578194645416588,932.7809751583214,65.05035803317573,60.19119365078894,71.89995502529509,0.9305307255470092,0.4191526559210473,0.9539651234813052,0.4196010022724817
2025-11-09 07:45:00,6.48533981106123,53.03920094411005,66.79411764705883,27.65397378075348,933.84597978692,64.65042919912158,60.70072000543441,74.01871741874186,6.705859967561766,53.15072237977418,66.79411764705883,27.581726411043842,932.7211900874083,65.0620488241933,60.16737697550291,71.88029319225618,0.9354809420194709,0.418991013153792,0.9527804019970014,0.4189786196819052
2025-11-09 08:00:00,6.657960437017092,53.04139796898675,66.79411764705883,27.6290985951566,940.3652517239796,64.54845417626242,60.81420865382442,74.08391634968268,6.65666973181793,53.1487094949185,66.79411764705883,27.585006542157014,932.7651038642235,65.08758688201345,60.14029578045803,71.8746754119776,0.9275073178814136,0.4231596569163318,0.9515111100106075,0.4185325693045125
2025-11-09 08:15:00,6.397566350734683,53.03129427841719,66.79411764705883,27.612469657259336,934.390486949838,64.45883931784904,60.55662761813662,73.97133983288596,6.607471841325215,53.14581702739023,66.79411764705883,27.587933812305142,932.8114824027124,65.12996205230812,60.124734754405424,71.88565256925831,0.9271431150027488,0.4182329189178762,0.9503720594072147,0.41832287638472265
2025-11-09 08:30:00,5.960711214193111,53.11514375854623,66.79411764705883,27.59946077855595,934.6258209345934,65.08958523167834,60.42167761396127,73.87981472472349,6.55098337352618,53.14172199773712,66.79411764705883,27.59287596234271,933.1520535814312,65.13914779556033,60.09870552280584,71.90978340857004,0.9326200974640636,0.4175660411355731,0.9493070460651373,0.4183129931251639
2025-11-09 08:45:00,5.457827275981344,53.22331784787799,66.79411764705883,27.56102970749944,936.6437559511996,65.48371897025612,60.0854614850688,73.96386498562741,6.501103204461853,53.13740859898348,66.79411764705883,27.596875092928816,933.7833149716807,65.12330027581972,60.07733680996027,71.9139119819761,0.9369960236842017,0.4116560365145741,0.9494045045760401,0.4183118415765717
2025-11-09 09:00:00,5.160619048698068,53.32112800203333,66.79411764705883,27.57920577349782,942.9735329595426,65.55631213726154,59.94659735321122,73.80863974186768,6.445117262436581,53.13289563581668,66.79411764705883,27.6013601663807,934.5043762543847,65.16384726287303,60.05132699258563,71.91488676107032,0.9306119342170648,0.4131164420285604,0.9500793987253874,0.41871797487689394
2025-11-09 09:15:00,5.183965567954923,53.38431053533087,66.79411764705883,27.58412236435454,939.0612405171024,65.5940045545316,60.03134743958305,73.75970611551456,6.385810188607696,53.13213603512131,66.79411764705883,27.6054335790621,935.2869609015796,65.15118180441507,60.02080714248015,71.90886732118999,0.9267107267607184,0.4149001952740452,0.9511188857026424,0.4187771578821157
2025-11-09 09:30:00,5.2061597146914576,53.23181662661173,66.79411764705883,27.54923308135116,931.4850167621786,63.58660655124611,60.48417220519154,73.78843719438206,6.314246247139879,53.13047736399186,66.79411764705883,27.611074617381323,935.9889642587348,65.16180701569488,60.00840089442795,71.9166462973957,0.9318100474984372,0.4107979190389595,0.9523276743339567,0.4186269848893566
2025-11-09 09:45:00,5.612045728427821,53.37976310026753,66.79411764705883,27.51922587532777,936.086653121866,65.35386448688182,60.27705988425222,73.5706173016651,6.2422850039873286,53.12930690758349,66.79411764705883,27.61546143261562,936.7051967543898,65.18738500385612,60.00039538953151,71.92777913762129,0.9402831102407028,0.4121113046784377,0.9532777019751905,0.41866347306777757
2025-11-09 10:00:00,5.269565777682699,53.32210994790261,66.79411764705883,27.555066418706907,933.7393527293996,65.9296965045819,60.02049520636346,73.60087031219417,6.166468090394582,53.130687590421495,66.79411764705883,27.619409877823546,937.1718889524408,65.23443661779596,59.981530445769444,71.94241274080355,0.9471908025143017,0.4079059685350304,0.9542115447327559,0.4189918505083596
2025-11-09 10:15:00,5.021105532739187,53.248234171544816,66.79411764705883,27.562427748359944,936.5762779899228,66.20249250000539,59.94331228561936,73.56775211268592,6.0930134763980766,53.13679062982062,66.79411764705883,27.622691454029514,937.5432533288506,65.22636314223368,59.96853774410924,71.9547011294248,0.9431950261881044,0.4115937570224478,0.9562417750665926,0.41949181774006933
2025-11-09 10:30:00,5.353577686244922,53.32867279507694,66.79411764705883,27.518083975844668,932.4810632518272,65.37904927499375,60.168169732125634,73.65459039789144,6.009000004649331,53.146544837860986,66.79411764705883,27.625730888727166,937.9554293828216,65.28281831203611,59.93419203839302,71.96120347451604,0.9497067735312392,0.4135534638552818,0.9588836732057096,0.42019313126323066
2025-11-09 10:45:00,5.8679272212209765,53.383839561259286,66.79411764705883,27.506642900278354,931.6170024644716,65.36906120797819,59.69407236799746,69.862789989122,5.925439779221653,53.15615221963797,66.79411764705883,27.626722394226086,938.4685141157076,65.30841686378457,59.908611974466204,71.97329182629248,0.9613182514929876,0.4159370114187279,0.9609999611992035,0.4206041747863764
2025-11-09 11:00:00,5.95168645476249,53.42736907655375,66.79411764705883,27.572783085274093,929.952554164834,65.57229536225695,59.52066586737854,69.66562582809898,5.835393103794748,53.16628121132563,66.79411764705883,27.62738537047886,938.6002013921174,65.33209092347812,59.85755177076432,71.85200177873512,0.9565635623096002,0.4203214722551049,0.9638574984015372,0.42090481266226676
2025-11-09 11:15:00,5.96730669692672,53.26919814950985,66.79411764705883,27.581143358732213,927.8282125864874,65.1251687378186,59.50752354400378,69.70838940220116,5.751500741014508,53.170304376901775,66.79411764705883,27.624536672263755,938.8088125928255,65.31764722731394,59.81020552429581,71.87035283844665,0.955558049597068,0.4159304342822941,0.96690610223111,0.42122681819507196
2025-11-09 11:30:00,5.972842261615647,53.10349507693749,66.79411764705883,27.57554625328157,929.0403132133792,65.00905148774763,59.39317140849583,69.82422257201011,5.686566290006892,53.167624223635116,66.79411764705883,27.621350697769042,939.1662403422073,65.31016979673602,59.76880431929852,71.8850271497176,0.9555517987919364,0.4177026087091038,0.9703814422621817,0.4218289607902277
2025-11-09 11:45:00,5.849189053488749,53.04513174521821,66.79411764705883,27.595340987050307,928.3596973584596,65.79785137211577,59.60464042263232,70.19210500573908,5.627437346891057,53.16447567464114,66.79411764705883,27.618651238296575,939.4199328072277,65.31498583424896,59.72419924602708,71.9126074899962,0.944577095706978,0.4178883611169625,0.9738036547248784,0.42225921485839263
2025-11-09 12:00:00,5.954883949251146,53.00691279289797,66.79411764705883,27.62362285847311,936.0193556711248,65.5107455225923,59.33292217147248,70.4534724936209,5.573242654223124,53.162347122174964,66.79411764705883,27.615565364999703,939.8128330356176,65.35523398292405,59.69437361395425,71.93859808305777,0.9523225506834796,0.4173534571959336,0.9777748056419229,0.4226176650311493
2025-11-09 12:15:00,5.976142604987705,52.995739361243125,66.79411764705883,27.675151652044224,942.1740014593069,64.3774129102608,59.34702309417341,70.2000658691825,5.534602615811617,53.159280353384766,66.79411764705883,27.61263424326064,940.4093433587211,65.42367359645247,59.66819691091458,71.97561127834229,0.9718805789485158,0.4230716274491077,0.9813242549343671,0.423324188515938
2025-11-09 12:30:00,6.3477255269175314,53.01045433642592,66.79411764705883,27.71778429283753,947.5354903329418,65.98241584862096,59.27739996078517,69.88777568035644,5.514009014139934,53.15282532364175,66.79411764705883,27.61231657030701,940.9703298903929,65.40485175303884,59.65578579647087,72.0128534278145,0.980759319048882,0.4296187711186579,0.9846861178655804,0.4241221396938686
2025-11-09 12:45:00,6.428625775106439,53.06032320474694,66.79411764705883,27.700614913792123,955.3663068727946,64.7300244450559,59.25286756166121,69.75544606329072,5.50439609784918,53.14074508203117,66.79411764705883,27.614090825559135,941.5705451725987,65.39179904594381,59.66119577790459,72.05046891787015,0.9950032676218672,0.4268502354237633,0.987958110692252,0.4252331672839323
2025-11-09 13:00:00,6.133977150750022,53.01040143500858,66.79411764705883,27.756506851287902,952.1789841983835,65.49873737084638,59.59381115925642,69.94958331123162,5.50905267605582,53.1254243666368,66.79411764705883,27.615920021538432,941.9185660146268,65.3924187682426,59.664217248551935,72.09258537984725,1.0076129352973489,0.4236999259546764,0.9912110296398144,0.4263612013143761
2025-11-09 13:15:00,5.920763089227804,52.9722493676179,66.79411764705883,27.717183465458703,956.709113491393,65.4282448533669,59.5264692755125,70.07079201353164,5.5264437932936685,53.11253153343583,66.79411764705883,27.618969611644847,942.5762480497405,65.39312658463145,59.67565486291577,72.13606446437083,1.0100635097851167,0.425743445699316,0.9944596653178763,0.42740807737955744
2025-11-09 13:30:00,5.5402205906612565,53.0832526343488,66.79411764705883,27.721301705182643,950.6357702777372,66.00595601586866,59.34447640639844,70.31378306435379,5.554250668354354,53.104842771366165,66.79411764705883,27.624681987535247,943.3642055382405,65.48548915521471,59.667774829031245,72.17503659037943,1.0145383071889822,0.4327720520440657,0.9976955813986097,0.42849344997259214
2025-11-09 13:45:00,5.537137979860893,53.21524902361988,66.79411764705883,27.7222499403476,945.4334818642668,65.39597284831572,59.23967093600157,70.42132894500807,5.579855354913946,53.09288831875953,66.79411764705883,27.62978317447497,944.0583408316065,65.52085235570502,59.65620443571914,72.2217160685316,1.0337687776479636,0.4361817085031516,1.000427038647358,0.42963426199294485
2025-11-09 14:00:00,5.498782715511559,53.25002437290272,66.79411764705883,27.73575549896444,941.9909549169696,66.18820076732392,58.92690405541573,70.2638238883841,5.617932432319564,53.08591806522392,66.79411764705883,27.632492813446092,944.8359032094362,65.47737867475773,59.65429512000351,72.2653921554605,1.0372359357773513,0.4375815114944797,1.0025672158797214,0.43113030540041597
2025-11-09 14:15:00,5.44050734777289,53.19775616137588,66.79411764705883,27.71967906428094,946.4147476114858,65.70717443789951,59.3759019697396,70.42846307337783,5.646427265993676,53.07959602941703,66.79411764705883,27.633811426708107,945.7946995376097,65.43899464558771,59.66193065000936,72.30957005531259,1.02557211486229,0.4343728040423672,1.0050620894043785,0.43231565084339985
2025-11-09 14:30:00,4.965872155427118,53.1954558333552,66.79411764705883,27.653791645286432,938.8175842304396,65.74864779589764,59.42739119325395,70.5576125318406,5.666425667582043,53.07279232364608,66.79411764705883,27.6353370087672,946.5977318046502,65.44554280656763,59.6701158266331,72.35128899148366,1.0215171254017892,0.4316987519204962,1.0078563609842572,0.4336090264888489
2025-11-09 14:45:00,4.608687504011712,53.18726916645939,66.79411764705883,27.58069212149063,941.0808859361904,65.21815249636369,59.59028308930965,74.60931607132301,5.6764095920474285,53.06278536775744,66.79411764705883,27.636077797570998,947.362879477445,65.47444079321046,59.70013086443002,72.52132846480691,1.023553244221666,0.4373429942319929,1.010380967158684,0.4349453393835359
2025-11-09 15:00:00,4.868266477279565,52.948215432866704,66.79411764705883,27.56133258234076,941.558320937184,64.8069275170815,59.65908561269566,74.71795220099288,5.694056323108088,53.050780665839824,66.79411764705883,27.63428473985816,948.0682779086073,65.44684196475,59.72425867441716,72.56933932073636,1.0347909264791626,0.4372169337757189,1.0133935961883314,0.43592892860280563
2025-11-09 15:15:00,4.711471517586163,52.94474447429053,66.79411764705883,27.572989996579523,941.4567537375316,64.79491032450976,59.36256780729092,74.84612762710059,5.723487758072412,53.04553020912103,66.79411764705883,27.632045667750187,949.0535077816374,65.43369940615527,59.75681037233635,72.61921140653534,1.038147315900369,0.4318986351987412,1.0163832338702183,0.4372479028187016
2025-11-09 15:30:00,5.0321196569791065,52.97754139500148,66.79411764705883,27.536522396250504,952.1522585756732,65.7558986365149,59.91943969163961,74.86363414152943,5.751093664364979,53.044329062921385,66.79411764705883,27.630074351952725,949.6117150838542,65.39957564059144,59.79555822406514,72.66438197942809,1.0466418453927506,0.4339131620990303,1.0196228497247026,0.4386050953700999
2025-11-09 15:45:00,5.238365198389476,52.9392912147113,66.79411764705883,27.524536005087462,952.2857966429492,66.51202772370213,59.7713265269465,75.08173569142117,5.780244209771753,53.04098107344141,66.79411764705883,27.627826205691676,950.2796624749443,65.35916807241205,59.83591170080072,72.69104893771821,1.0336265937760756,0.4394286234615389,1.0232299195537389,0.43999512417635583
2025-11-09 16:00:00,5.342903164042632,52.92149286625583,66.79411764705883,27.58993058994696,951.4554168847452,64.52492992926912,60.04934418064997,74.99707920889013,5.8069185457027475,53.0396079456221,66.79411764705883,27.623724213430553,950.6040368918889,65.32589910242358,59.87566513593019,72.7156968986266,1.0334759854004612,0.4415045764734889,1.0268130597428085,0.44146942610572637
2025-11-09 16:15:00,5.169439787258704,52.8609105995606,66.79411764705883,27.614257365063253,954.6502144173712,65.09213775740524,60.24776092808047,75.09232968729674,5.836015227318487,53.03802738744552,66.79411764705883,27.616886663805648,950.8542527979769,65.34089422168687,59.92379430846484,72.7489207093265,1.035155808484353,0.4449868642164862,1.0293859657346618,0.4425073764692205
2025-11-09 16:30:00,5.300316394897281,52.86150654020209,66.79411764705883,27.634081652876656,953.4141582203848,65.57490380622527,60.03724147263164,75.0721336011811,5.853368383516751,53.036813972602104,66.79411764705883,27.60946545856535,951.1877637702364,65.339679431151,59.97592802156581,72.79645260410243,1.028199502643935,0.4469574629418752,1.0315596959028228,0.44342307658608626
2025-11-09 16:45:00,5.7056990850904015,52.99752553930187,66.79411764705883,27.67561006754698,958.7917015705144,65.61523904619659,60.3744758704982,75.06407865122158,5.867733523440259,53.03355126579384,66.79411764705883,27.601227291201152,951.4333562035978,65.36416025965721,60.02581838149368,72.85232667302517,1.024169797102577,0.4463064772294839,1.0330284694045746,0.44437741031060723
2025-11-09 17:00:00,6.040365966511975,53.00115376452171,66.79411764705883,27.720604358063163,955.1237414171816,66.35748366874424,60.24777118865545,74.95760097464019,5.868444722113399,53.031447473180336,66.79411764705883,27.58827341817432,951.9826895453747,65.37289211433148,60.062188268792994,72.89983462237613,1.0288875299204392,0.4433590968300013,1.0340494440492638,0.4452858851423212
2025-11-09 17:15:00,6.3801863252156,53.02112952206859,66.79411764705883,27.6722614835195,956.9107119228448,66.41476050159095,59.92994808488932,74.9710016462303,5.863014956979327,53.035818606036635,66.79411764705883,27.577911155268517,952.3616244129078,65.34007223386746,60.093693144466826,72.94027462367723,1.0222268277031488,0.4463356652890206,1.0351236944273587,0.4459734694049618
2025-11-09 17:30:00,6.411878099851252,53.113002341834175,66.79411764705883,27.63635558784044,957.0662240642898,64.6254860761634,59.96321573489439,74.91115292006104,5.8709623636841375,53.027857958695705,66.79411764705883,27.566557322783172,952.8365553951086,65.31306945481573,60.128548141006526,72.96528095176463,1.0113961194852024,0.4527872707591624,1.036197999339347,0.44644925712753036
2025-11-09 17:45:00,5.875950542962538,53.05857309733808,66.79411764705883,27.60198614622057,965.3401678351306,65.05097162490502,60.17237818579474,74.89308910824855,5.890236109485314,53.0152649925295,66.79411764705883,27.554272146727122,953.4667208645025,65.32511819603793,60.162274747717035,72.99348124682174,1.0180412319278138,0.4471541203119648,1.0366367836760395,0.44685849379871645
2025-11-09 18:00:00,5.953529733895946,53.12456162194822,66.79411764705883,27.563851437617394,956.5720312630376,65.5754941043913,60.41372503083795,74.90615848302348,5.925990296457556,53.0006010613024,66.79411764705883,27.54240172849931,954.038562349115,65.31195413991519,60.21476400701474,73.02819643697227,1.0335349209276057,0.4523547332187532,1.0366063998505541,0.4472578177507629
2025-11-09 18:15:00,6.167444955182538,53.08363088460028,66.79411764705883,27.52886656439228,954.5714326483168,66.23600080726303,60.59452350190544,74.96397418881986,5.964682467808856,52.983255083429185,66.79411764705883,27.53166084496725,954.3881217096284,65.32815217448267,60.26024143270886,73.06106659779627,1.0370564367257884,0.4560263982593367,1.0366707556276038,0.44782132218908816
2025-11-09 18:30:00,6.481088386582285,53.06722801902525,66.79411764705883,27.518991353888868,951.1145070997056,64.74433050844351,60.24450016699259,71.10595150598222,6.030277509647862,52.96450863698469,66.79411764705883,27.525007876156277,954.8974274428862,65.30474428547713,60.30406946312992,73.09006897876142,1.0469424331990234,0.4498291488331966,1.0370454819486559,0.44837471718970573
2025-11-09 18:45:00,6.850249745856428,53.11168444794637,66.79411764705883,27.51397119549311,957.38510877739,64.73089197997624,60.48407448157958,71.20455197617034,6.10356926807066,52.94543379555084,66.79411764705883,27.520960901313792,955.4279146827558,65.3317345793076,60.334084659896874,72.98491826440731,1.0452471800536811,0.4554996607591733,1.0372993007447062,0.44862040430489075
2025-11-09 19:00:00,6.801019450392654,53.06746069094788,66.79411764705883,27.51640677935773,945.786532279882,63.98533852083258,60.55560696035926,71.17933975879266,6.171302212892694,52.934978082933455,66.79411764705883,27.51726560844544,955.8853247896702,65.36846345969744,60.38739899007524,72.99665053263887,1.0527402744264622,0.4584183852510518,1.0372697778222801,0.44903974378213235
2025-11-09 19:15:00,6.723705415691963,52.94469206081883,66.79411764705883,27.527896599218877,948.3981190911628,64.5856243267343,60.81524472469983,70.99211375444231,6.252605608843472,52.92862719265726,66.79411764705883,27.51324041539093,956.4370264947959,65.39858749992888,60.445490372046066,73.00787593447718,1.0527891905780598,0.4595892253046422,1.036603417763092,0.44984475788288514
2025-11-09 19:30:00,6.755114027180988,52.96571895831878,66.79411764705883,27.50056309063945,945.7505881794616,64.51267642293833,60.5255252253567,71.19291132087325,6.337183758436091,52.920853571113774,66.79411764705883,27.50807988486333,956.622372880162,65.37307848118841,60.46988091777074,73.01305661670312,1.0598167563555736,0.4615825150770494,1.035638052637541,0.45032361312495817
2025-11-09 19:45:00,6.849043053459896,52.948322615945685,66.79411764705883,27.470025163297045,949.680478641946,64.82726648815957,60.79089827021282,71.1967801901792,6.415288623790014,52.91910469268122,66.79411764705883,27.502512102195485,956.9493053054453,65.313220795525,60.49793508206833,73.01213226756893,1.049067758704116,0.4542101383539334,1.034992903109725,0.45076044216719696
2025-11-09 20:00:00,6.868320212865468,52.97405189112345,66.79411764705883,27.495148135628547,957.540819500728,65.94597213254454,60.8414113538142,71.3137325236346,6.498046046921858,52.91673561832608,66.79411764705883,27.496069304854252,957.3117035538648,65.35511976268222,60.5173584216948,73.00736601857675,1.045971224093715,0.4570897746246295,1.0341306236421974,0.4511381557743641
2025-11-09 20:15:00,6.8595799728116384,52.96244200049921,66.79411764705883,27.45346989286627,962.734079873636,65.46444930024234,60.74957835949724,71.43166813097291,6.587986870026132,52.91501891758493,66.79411764705883,27.487998840286846,957.7036404719705,65.36304950775116,60.52935568428959,72.98956354733373,1.039066472674415,0.4554802471593934,1.0327073904674164,0.45134557582050244
2025-11-09 20:30:00,6.155313110944224,52.947287656603365,66.79411764705883,27.367890660482956,968.6589844516916,65.76069301107465,60.684907778235846,71.37482179176052,6.673532706309738,52.91411141703097,66.79411764705883,27.476842916379024,958.108706204427,65.3722709487132,60.53704136800913,72.97626235483115,1.0382421746380257,0.450954170906095,1.0310895347089912,0.4513262415862617
2025-11-09 20:45:00,5.75787013520562,53.10338335330699,66.79411764705883,27.406315578284516,968.077159517384,64.44364843944611,60.471615545727694,71.28399205256432,6.757451882248834,52.90707136813036,66.79411764705883,27.46653537987375,958.4351947906129,65.40904082901349,60.52949815165578,72.96509553657557,1.042291021127965,0.4463709735785347,1.0296919870591106,0.4513193599824925
2025-11-09 21:00:00,5.778642791805599,52.844433214120826,66.79411764705883,27.38068673062228,964.883699743764,65.19587264431661,60.39012630258922,71.06397290697537,6.839309004821754,52.90002253080198,66.79411764705883,27.45461023296078,958.6687745719104,65.40085798329082,60.519008857251826,72.96163202776667,1.046767454548637,0.4470456837211221,1.0279774686161365,0.4513666074657624
2025-11-09 21:15:00,6.11535035389621,52.83746003863381,66.79411764705883,27.35369465866613,964.338445946082,65.75743508498198,60.25146913731707,71.26733779672162,6.910094952312131,52.88953067086134,66.79411764705883,27.443268011196288,958.9277059687796,65.3492205223471,60.51235783234199,72.95191690894593,1.0469323077487316,0.4484588086387339,1.0264135706519155,0.45129155821145445
2025-11-09 21:30:00,6.571408324678817,52.81010643608966,66.79411764705883,27.3796429521301,959.1461994553453,65.79327908364178,60.50158183434669,71.30527959290016,6.971439639979531,52.87412920342323,66.79411764705883,27.43133509807281,959.2729685094208,65.37498806943567,60.501828503067536,72.94825816345863,1.0363244210127898,0.4495612300558729,1.0258487865644248,0.45100496780255145
2025-11-09 21:45:00,6.601272488311863,52.67737682517944,66.79411764705883,27.39745255831905,956.9015284268894,66.19311547492396,60.74022474056304,71.41456789809797,7.046996943153201,52.85745431353362,66.79411764705883,27.420673407569357,959.3077935247483,65.37375938393095,60.491446063069375,72.94954740736164,1.0275027881737815,0.4512779371921249,1.0246443164861616,0.45074147714733287
2025-11-09 22:00:00,6.933723410597305,52.63306244002045,66.79411764705883,27.454202580957315,954.096756228171,65.04641112573115,60.74223210588571,71.42768396079522,7.113088839205304,52.83844108744192,66.79411764705883,27.41047156449862,959.4032427613034,65.36737401008071,60.48090021723475,72.9557500563641,1.0327589150333547,0.4483006019390217,1.0232668915807597,0.4503413760159199
2025-11-09 22:15:00,6.807440256695667,52.61502392344375,66.79411764705883,27.45928287621607,956.9955031322828,66.02786131127775,60.49073899231826,71.45479464069977,7.173982273015266,52.82741798168647,66.79411764705883,27.4015046496471,959.7487265731384,65.32525721643488,60.46986138333321,72.95764768035124,1.0311678081031772,0.4447136076875443,1.0218645397415522,0.44979834780171846
2025-11-09 22:30:00,6.900254821940614,52.63454405434511,66.79411764705883,27.450473796290375,955.2806241446154,65.90879392877693,61.2585155180469,75.06992024793955,7.225060840111373,52.816580891785826,66.79411764705883,27.390643508112664,960.0389445552995,65.35535295829342,60.481434741454684,73.08679759424487,1.0339052388063743,0.4497971180929682,1.020140333042085,0.4492554786854011
2025-11-09 22:45:00,7.150573396109466,52.75421776600469,66.79411764705883,27.45223420494401,958.0078048912976,65.69863153145323,61.1053092664158,75.18288968224978,7.2665161269680505,52.80142243029527,66.79411764705883,27.3817647785702,959.9989792624602,65.3446116340654,60.46623885698988,73.0792960354807,1.0181565141247275,0.4560490582213236,1.018234270218597,0.4486742046705308
2025-11-09 23:00:00,7.569464144757693,52.74433274869697,66.79411764705883,27.381706480422576,957.7126501366604,64.99062807430067,60.65115606337946,75.01905460830773,7.302353053485898,52.79635907662808,66.79411764705883,27.371719380564343,960.2828853247634,65.39521173766656,60.44872672281137,73.0622070040647,1.0176808916262206,0.4482788193612229,1.015290889859382,0.4479914295258082
2025-11-09 23:15:00,7.5815111590071425,52.886824861734695,66.79411764705883,27.35750252505205,962.0937694014456,64.71629715379963,60.612951455874295,75.05400521739557,7.320911718203622,52.79334351510688,66.79411764705883,27.362012525928165,960.1845073219182,65.41346861383178,60.42141381051221,73.05036578958676,1.0142721079415942,0.452533494728702,1.012046548940765,0.44714431864821996
2025-11-09 23:30:00,7.8256258579979505,52.85042063560147,66.79411764705883,27.39664666970995,962.3273643373324,65.7818989439857,60.63204436944428,74.85409173912493,7.325683712340006,52.78764755911739,66.79411764705883,27.351731633788084,960.1995633398595,65.42072693403455,60.40174676273345,73.03778990495054,1.0076076013746371,0.4528359846885039,1.0084016129539157,0.44629999464402687
2025-11-09 23:45:00,7.867664480386946,52.80940957732629,66.79411764705883,27.372143428041127,966.408321960541,65.33003010947338,60.607678805923925,74.55825555000577,7.328084662664703,52.78409427686958,66.79411764705883,27.34130219063721,960.1883119230785,65.3853459915633,60.38375336449257,73.02366282284403,0.9924588132409196,0.4512094656006367,1.0047756909395706,0.44553102850806925
2025-11-10 00:00:00,7.866691483405421,52.834281523583314,66.79411764705883,27.29940393564197,965.5661301940831,65.85154703508661,60.26781198421799,74.67309782610383,7.328068192869522,52.78187013860198,66.79411764705883,27.329453325983533,959.7819386975682,65.34141634876825,60.36608521774655,72.99837831577754,0.9796638298911804,0.4463774359146514,1.0007663025479252,0.4446266329126729
2025-11-10 00:15:00,8.22327436326331,52.78632407228341,66.79411764705883,27.366383972388785,968.5863591560887,66.71833545520524,60.14817937989772,74.72907410355465,7.3349693998942636,52.78096229615816,66.79411764705883,27.317090324792396,959.0022021398582,65.31571202166855,60.351939628414385,72.9684922680377,0.9822433676061588,0.4461000291164087,0.9970267868909221,0.4438064286059543
2025-11-10 00:30:00,8.496079643699566,52.78968864467019,66.79411764705883,27.362849950673983,962.1311348561036,66.11199829706433,59.93309235653665,74.85369571037275,7.354861232680679,52.781912778350964,66.79411764705883,27.30926979182835,958.1300606178039,65.27818877415876,60.33588612423646,72.93861490750258,0.977451976631212,0.4447765213280983,0.9935861286386278,0.44279246386924087
2025-11-10 00:45:00,8.503764749926907,52.70637372384958,66.79411764705883,27.331994830584843,964.6786538289246,64.86563667327897,59.73041733759452,74.67954808160759,7.397467522915141,52.77891302788114,66.79411764705883,27.30235345125851,956.9298211536703,65.29500257486099,60.32542671329121,72.91271914475747,0.9753098887765236,0.4440841876597818,0.9897394286370067,0.4421233864893363
2025-11-10 01:00:00,8.25221872987325,52.65095831869106,66.79411764705883,27.27836819413616,967.4241002835264,65.39851248882066,59.64733585666082,74.80139055544268,7.443376814256078,52.78884672518161,66.79411764705883,27.2961558377401,955.8780491188971,65.26802872652532,60.30172571600003,72.89311044141029,0.9944525968604796,0.444189558492073,0.985393496416167,0.44145462055700524
2025-11-10 01:15:00,8.142669638172633,52.55832640064963,66.79411764705883,27.28213543111685,966.3849182949542,65.01411105976348,59.86090498584979,74.9317664253381,7.476326030304154,52.80012584587591,66.79411764705883,27.29045627370381,955.0312291390521,65.22337281653544,60.28350980892492,72.85952367290619,0.9819071295799172,0.4392494006554061,0.9807570279540422,0.4405098492307902
2025-11-10 01:30:00,7.936286615459046,52.55416483919733,66.79411764705883,27.2577961454954,959.4355083596902,65.38393288888388,60.09734965579904,75.09223795309758,7.507183329507753,52.81116982935897,66.79411764705883,27.285007930409133,954.3410668084093,65.19051640657919,60.254765936711536,72.83513435009125,0.9922121737655478,0.440351699276365,0.9763353818637853,0.439340215232063
2025-11-10 01:45:00,7.994247969481392,52.75293771193645,66.79411764705883,27.259859118846737,964.935947003364,64.97249699788821,60.26335848485935,75.02090290843385,7.548233805482711,52.826108803328786,66.79411764705883,27.27730565276234,954.04490195556,65.15559301653302,60.214764428866914,72.81786795720896,0.9949858815495688,0.439735551833293,0.9720039981722337,0.4378592624450167
2025-11-10 02:00:00,8.013445399465525,52.74211532200601,66.79411764705883,27.193157107855686,959.8210465645444,65.64720276419983,60.59170091063675,74.9804489227914,7.577581672415911,52.84437767086965,66.79411764705883,27.268689176478343,953.5313718694415,65.12815718694705,60.1528233982586,72.79184643797902,0.9952162322150072,0.4335430753436761,0.9678998425104304,0.4363886631178037
2025-11-10 02:15:00,8.093908351556738,52.65693060322981,66.79411764705883,27.24760930921929,956.186149992212,64.40865225313574,60.02819794763563,70.97950521324542,7.609242293749332,52.86419657192381,66.79411764705883,27.261286923853866,952.9731966889029,65.06713658993532,60.10490943713764,72.76596345985129,0.9880652953490368,0.4380614403130645,0.9632702107483483,0.4350261733902923
2025-11-10 02:30:00,7.876127245928067,52.91556008093219,66.79411764705883,27.215044839181925,954.3037141489734,65.50334162886733,60.03024293500386,70.6666688163129,7.627617368830834,52.881500551746754,66.79411764705883,27.255777623094364,952.2838166424049,65.05279876930553,60.02870139960299,72.61939307321288,0.9644388636500107,0.4379351309093749,0.958493915285839,0.4334542558747152
2025-11-10 02:45:00,7.280465357223675,52.85422521518291,66.79411764705883,27.23669096013357,945.446779005811,65.1333306116909,59.99585735572491,70.636877320104,7.6440671609936395,52.88588961332407,66.79411764705883,27.249003258202997,952.0864377372707,65.03052867405906,59.99157699040255,72.5309966384185,0.9554589630195562,0.4341758989769954,0.9564365842913946,0.43267512475931486
2025-11-10 03:00:00,6.898273851272556,52.79484027863386,66.79411764705883,27.19213632643706,946.202268717696,64.7304260290213,59.93551379199408,70.81563478178619,7.646731554430637,52.89094521563218,66.79411764705883,27.24426385740944,951.8855015801497,65.03195369547899,59.968020594939084,72.44213742520817,0.95046867675009,0.4362527949512553,0.954249287600865,0.43211784995210384
2025-11-10 03:15:00,6.921071563200796,52.84172414851141,66.79411764705883,27.157141868770704,949.3429361385143,63.76583821402198,60.25109632298628,70.77296772698419,7.649147124631508,52.89109782133209,66.79411764705883,27.240069832681936,951.5074175867683,65.04364467850415,59.94413426675629,72.34540158105308,0.940290098273765,0.431141154275203,0.952026220180838,0.431361714960378
2025-11-10 03:30:00,6.86782611901001,52.90732774309556,66.79411764705883,27.139682196018214,945.349622735424,64.62808284869328,60.31136695143378,70.55519731164028,7.64235948104049,52.89266232847557,66.79411764705883,27.234047646642395,951.0912657886697,65.01525028367793,59.917676185883685,72.24891349805031,0.925689572344348,0.429957906762742,0.9498884747503074,0.4305357815092962
2025-11-10 03:45:00,7.066616183553911,52.93520672718463,66.79411764705883,27.08257985713224,939.3419831423372,64.69331948725089,60.32521067953228,70.53508669877763,7.633347281066632,52.895992438521546,66.79411764705883,27.22852381538645,950.4785835417948,65.00265909064612,59.89007608108207,72.1565398159721,0.9268810029643244,0.4308741179578346,0.9481856612106828,0.42970883414564265
2025-11-10 04:00:00,6.752068094536699,52.97580212238745,66.79411764705883,27.13327467156159,942.494738790057,64.63499558578131,60.203302652897975,70.47850097570684,7.623624605969183,52.89856372664397,66.79411764705883,27.225570477042467,949.8499357646161,64.96728875962776,59.87433708511808,72.0516832322166,0.9350224270691996,0.4205352288046912,0.9468740708489954,0.4290143090719339
2025-11-10 04:15:00,7.0360588422395,53.01339083921211,66.79411764705883,27.19882536118932,932.069975593383,64.94806246051262,60.1578332173701,70.5071191702113,7.597552877391178,52.90344371161617,66.79411764705883,27.219448151157845,949.0353086606391,64.89115629460265,59.86243089838853,71.9352749334628,0.9268900210793304,0.4262986521813972,0.9453362753378144,0.4282714516786959
2025-11-10 04:30:00,7.155921532033675,53.14244413313484,66.79411764705883,27.19475832506994,933.3305387005632,64.38665719424684,59.67909638385394,70.4757118065593,7.556710751649887,52.90861439647734,66.79411764705883,27.212929887543478,948.4400438335724,64.83566347630894,59.85921901392725,71.80261944360323,0.9163894879234464,0.4269827057511902,0.9438764707335691,0.4275212212400867
2025-11-10 04:45:00,7.103826835338474,53.17583365946318,66.79411764705883,27.18270773757741,938.9338465507316,64.41775778528566,59.7049919250636,70.25973474159933,7.5116129422081235,52.918244904697715,66.79411764705883,27.20726012835103,947.6667766909367,64.83423618121513,59.86535242708595,71.66562284179352,0.9078382538849896,0.4201156688522831,0.9423796413029522,0.4267325085534346
2025-11-10 05:00:00,7.4971273007868,53.14142594058117,66.79411764705883,27.21619265328979,938.4413295360644,64.80758678495417,59.63926566794528,70.57359990845147,7.474582652824867,52.93160923399805,66.79411764705883,27.203704725061773,946.6789105113072,64.80602236583486,59.87625325560721,71.50883445611105,0.9036750383050818,0.4144722100940574,0.9397759935250758,0.4258596560565026
2025-11-10 05:15:00,7.83278676756063,53.12554604427389,66.79411764705883,27.16638422891528,948.01658284141,65.14541377353866,59.540179505224366,70.89657611162869,7.439420179911827,52.951255698911126,66.79411764705883,27.19957679316414,945.6417522069048,64.7950703293123,59.877061059278645,71.3286801419412,0.8975612774272315,0.4068493535807377,0.937558565311663,0.42515493265656035
2025-11-10 05:30:00,7.814159418593241,53.18112846624638,66.79411764705883,27.19570829243734,938.6908536446124,64.22333623815246,58.88400118763614,70.64703838389774,7.411816489048093,52.973316302228554,66.79411764705883,27.19634238470129,944.8754324206388,64.76235574266943,59.864822803916404,71.11959359687697,0.9096342451792556,0.4041826221226305,0.9345222537308917,0.42431066784434895
2025-11-10 05:45:00,7.757258896698326,53.20959095506886,66.79411764705883,27.23721529748185,940.250247716127,64.19724340092552,59.05332015868981,70.67830529686775,7.3775558137284865,52.98627974871633,66.79411764705883,27.192606106222144,943.6954021510668,64.74999449236245,59.841379528566826,70.89010481384422,0.8922788552407138,0.4038389158622034,0.9309655697415579,0.4234033217273523
2025-11-10 06:00:00,7.451507074385667,53.15366344903333,66.79411764705883,27.285194773505253,934.5992227496746,65.47865930988304,58.97227439200718,70.67280864878695,7.337812714619922,53.00154002538572,66.79411764705883,27.19257166862005,942.6875493752244,64.69391897537261,59.79448444218745,70.634458307035,0.8906163749310968,0.4026395926256513,0.9269499033369673,0.422769587126332
