t_stamp,GR01/ai/GR01_feature_7/eu,GR01/GR01_feature_1_block/eu,GR01/GR01_feature_1_block/setpoint,GR01/GR01_feature_3/eu,GR01/ai/GR01_feature_8/eu,GR01/ai/GR01_feature_6/eu,GR01/GR01_feature_5,GR01/ai/GR01_feature_4_mean/eu,GR01/ai/GR01_feature_7/eu_sm,GR01/GR01_feature_1_block/eu_sm,GR01/GR01_feature_1_block/setpoint_sm,GR01/GR01_feature_3/eu_sm,GR01/ai/GR01_feature_8/eu_sm,GR01/ai/GR01_feature_6/eu_sm,GR01/GR01_feature_5_sm,GR01/ai/GR01_feature_4_mean/eu_sm,feature_10_ext_metric,feature_9,feature_10_ext_metric_sm,feature_9_sm
2025-08-28 17:00:00,8.976991622821068,65.47626248331179,66.1218487394958,27.297838606784044,779.4822756624958,72.80723054343648,52.72564648001892,59.88301498059579,10.443105669185423,65.79289018203858,66.1218487394958,27.24852336654768,775.2868377094417,72.19421090409281,52.37048278779586,59.99810155789698,1.0903069481674312,0.4472966792246925,1.1029338266250113,0.44756737721245454
2025-08-28 17:15:00,9.496386975083553,65.67439709289327,66.1218487394958,27.25176178285865,779.2717769015392,72.33096380911338,53.08233382519125,60.17127873523868,10.421488298288896,65.79652848654095,66.1218487394958,27.242025344973413,775.1039121928042,72.17345173068664,52.329675340638204,59.99268258924977,1.0958961832163197,0.4481309216080257,1.1024301992188892,0.4474971983259166
2025-08-28 17:30:00,9.890792219675284,65.71389144491222,66.1218487394958,27.24762355509123,783.0141024649693,72.45258579686191,52.89337623103115,60.106409934638265,10.390279844345802,65.81232654932408,66.1218487394958,27.233481788828747,774.9803699394424,72.17230199977362,52.276937400406204,59.75488913377262,1.1062857526868988,0.4513459246922637,1.1019003815585233,0.44744190126475525
2025-08-28 17:45:00,9.539657175691822,65.71825205884342,66.1218487394958,27.238792661250365,785.045227309209,72.94399098364235,52.74738077554943,60.04716772829144,10.357844562333437,65.82602609673084,66.1218487394958,27.22657624839863,774.5842675594698,72.18347445238263,52.21850708675143,59.55517301172617,1.1090820807692183,0.4541064037065172,1.101931668654473,0.4473511701677697
2025-08-28 18:00:00,9.739111493067888,65.75318292095598,66.1218487394958,27.25372832515237,775.6919479679634,72.50127287659147,52.8739648680977,60.14254589453615,10.372656462086026,65.83472015289055,66.1218487394958,27.222086927760877,774.2040333550405,72.19507874977448,52.156136206206455,59.38253683205931,1.109184918104024,0.451568648548716,1.1015684561027992,0.44737247221828086
2025-08-28 18:15:00,10.441147553021969,65.85010576308143,66.1218487394958,27.284383045651,773.707594503971,72.16973018221188,52.53343080799961,59.99223210461405,10.38764129871861,65.84086795505011,66.1218487394958,27.21900463515239,774.0841852807646,72.18027809544773,52.09721441731067,59.22257381533308,1.1137338850064804,0.4463314847829983,1.1008043656098372,0.44746483381900565
2025-08-28 18:30:00,11.170187856494463,65.84006437022224,66.1218487394958,27.297938578100005,771.2606483296677,71.90198220780215,52.38096683476396,59.77257966508353,10.398643920170349,65.85075180486497,66.1218487394958,27.21811635480558,773.7846363909391,72.18756297677788,52.054865322917856,59.08174289133784,1.11930141925035,0.4447136785486272,1.0996695282641258,0.44784741686963936
2025-08-28 18:45:00,11.37894306191428,65.77618756126844,66.1218487394958,27.26268363149357,771.6642168476751,71.87457375454215,52.410866696839136,60.10032778746864,10.403348272114654,65.862939676397,66.1218487394958,27.213798072498,773.4116714959329,72.18512243067966,52.022313138520595,58.94595321080997,1.115152225737016,0.4492076642864062,1.0982599665669246,0.44822948355918385
2025-08-28 19:00:00,11.185755494891248,65.78635904435319,66.1218487394958,27.21462573493609,769.8727000674081,72.07218735587138,52.302501074089,60.207757746831966,10.41695117640434,65.87972322844804,66.1218487394958,27.21037167203341,773.2837078740793,72.18094356946229,51.98488792124835,58.81434893712665,1.1139377258178438,0.4457646434746128,1.0972173809824828,0.44871534851104594
2025-08-28 19:15:00,10.734447943861158,65.80166236381969,66.1218487394958,27.278319381434308,770.2395127192898,72.04059980419869,52.27015884882344,60.17443386872453,10.45775609303069,65.89156124818264,66.1218487394958,27.205153207038922,773.2127057374856,72.17954004117404,51.939593669803436,58.692079551508236,1.093234200060348,0.4488090289363806,1.096150842591165,0.44904360391135945
2025-08-28 19:30:00,10.82124005776395,65.84957580176318,66.1218487394958,27.24714044033915,776.6541051548453,72.06368986609043,52.22356749156659,60.07241459248888,10.537781822194924,65.8995481081921,66.1218487394958,27.203808074134344,773.2620917673023,72.18527837178229,51.895906081203314,58.58246687054078,1.1044838914581612,0.4433204036211108,1.0953533577383125,0.4493630812766503
2025-08-28 19:45:00,10.639095249004695,65.84950578245869,66.1218487394958,27.24628464862893,770.0790411455226,72.06876026140905,51.829525027717146,59.80140995537238,10.628824138903669,65.90508524699372,66.1218487394958,27.201900095764454,773.3514767099683,72.17211652730319,51.86137284973991,58.478085831544895,1.0975897420243803,0.4448468017704183,1.0943973838993648,0.4496485440114914
2025-08-28 20:00:00,10.929474676404038,65.89655288719226,66.1218487394958,27.224335661371263,774.7792402832295,71.77712889682014,51.73075316947728,59.869065850032655,10.725726826410614,65.9092252616755,66.1218487394958,27.198708736342663,773.3077414436158,72.19088268949956,51.8301029697882,58.38010703225849,1.0917624764995328,0.447485294450527,1.0936519730690608,0.4500120472874517
2025-08-28 20:15:00,11.192510819264124,65.99617679926308,66.1218487394958,27.20170695261675,773.5427077024056,72.20354091448807,51.7675165675353,59.64876692252518,10.813829788895593,65.9113993634619,66.1218487394958,27.1947665660505,773.4799667968649,72.19076524878112,51.8056751805639,58.28255907773412,1.088212313337679,0.4466752975660065,1.0930555185170119,0.45025573260741286
2025-08-28 20:30:00,10.510842838821786,65.91117635623989,66.1218487394958,27.180687492507484,774.9974685814338,71.70492630831255,51.78525311823794,59.9821176020125,10.89767522106653,65.90796543071163,66.1218487394958,27.18953674551154,773.9337919232272,72.20329071376604,51.7815738791117,58.18804499347623,1.095843637239484,0.4439077829695156,1.0925902588693333,0.45036261632118607
2025-08-28 20:45:00,10.097227734841,65.85110305407649,66.1218487394958,27.14455502135941,772.3600294432407,71.86206412959409,51.71756363327345,59.911398059541696,10.993947885799098,65.90608907827409,66.1218487394958,27.185089005729083,774.4736281388219,72.18153464230623,51.74246981760102,58.09859244237059,1.0948757881270594,0.4464445150278473,1.0922852117865274,0.45041701654289235
2025-08-28 21:00:00,9.890944581256306,66.06509555385416,66.1218487394958,27.096784890514037,773.0036938856565,72.15390630516552,51.43313035669413,55.95019384613823,11.173327960437522,65.91659388400078,66.1218487394958,27.17487032072881,774.7274483471517,72.13692060284504,51.67568132247208,57.96108272137922,1.0934232989926675,0.4465571482861739,1.0917417123899795,0.450578838491936
2025-08-28 21:15:00,9.806444768123235,66.05891840264584,66.1218487394958,27.109182061086685,767.8505270999345,72.37340614673546,51.22519175462031,56.159998936936574,11.327921127079474,65.9180276924024,66.1218487394958,27.16572756659717,774.875106424108,72.11420883135636,51.5838713164891,57.81483647219408,1.1024635492856183,0.4458087415190153,1.0907093588438574,0.45066419845568034
2025-08-28 21:30:00,10.639270657632622,65.99121316376534,66.1218487394958,27.141279156281293,767.3598176753126,72.40395610282816,51.03346035639692,56.27508559805571,11.465624300674621,65.91596830382178,66.1218487394958,27.157201536126326,774.82703522636,72.09031794551366,51.503493051655305,57.6725142907178,1.0950306301726702,0.4477559091274827,1.0891766972594188,0.45086143418804236
2025-08-28 21:45:00,10.672353194737685,65.95767619608164,66.1218487394958,27.16044107559113,771.807071869522,71.89906566323927,50.97770042829082,56.18327649753465,11.601205404758765,65.91353564435194,66.1218487394958,27.150164509072503,774.9182200959035,72.04336165005866,51.43524585842467,57.53549823467191,1.0862866462435594,0.4492197042327748,1.0875312297822504,0.4508616236099672
2025-08-28 22:00:00,10.61869634920514,66.0484288011622,66.1218487394958,27.200350747869447,767.7936585944317,72.33326060338081,51.20788343506145,56.26512441143318,11.716822979377456,65.90775934276478,66.1218487394958,27.14388851746468,775.2576101902089,72.01535766453354,51.37486175263563,57.51148347264627,1.0769727813499006,0.4554990778823147,1.0854975923163641,0.4507591696736795
2025-08-28 22:15:00,10.502139662945073,66.1188849785695,66.1218487394958,27.123114144038794,765.5794087008028,72.13387096261688,51.3387172661781,56.09436991972471,11.8037838054525,65.89743620953294,66.1218487394958,27.136838691404765,775.9701812903048,71.99711428806341,51.331175184433846,57.48778026630098,1.068659170925696,0.4562528840396176,1.082872449179021,0.45080232503528755
2025-08-28 22:30:00,10.716215070777393,66.24896137357089,66.1218487394958,27.134990861812465,770.4685081932965,72.08900862268017,51.161533141258985,55.91905491609356,11.877253773031681,65.88208819557964,66.1218487394958,27.12846602800562,776.6664346874699,71.97666411461681,51.290266866914344,57.481202534266245,1.0742804981247651,0.4594043774520125,1.0792674242748628,0.4506418242207784
2025-08-28 22:45:00,11.396269175436778,66.16383570207871,66.1218487394958,27.085128512165745,771.5796565958339,72.1472588905446,50.89782588657042,55.87988368228466,11.940077056519707,65.86486329502847,66.1218487394958,27.122004773006367,777.4229734014046,71.96625047303057,51.25248254999936,57.463302820111075,1.0716204595908567,0.4565934781185692,1.075886586114382,0.4505084101792442
2025-08-28 23:00:00,12.458399322136543,66.09123274841909,66.1218487394958,27.17152488442437,774.4473564829034,72.32299830638007,50.84740395480041,55.95176252732173,11.98158274101607,65.84318067246487,66.1218487394958,27.118406886221972,778.2548674892018,71.95098676102482,51.221829608594426,57.4432937100429,1.0762137212698504,0.4570305380436317,1.0727702573860896,0.4503509081596437
2025-08-28 23:15:00,12.904882056622316,66.04351371703403,66.1218487394958,27.15420063651723,775.5861002766152,71.84307041532598,50.99804206315466,55.86855985664777,12.014283314839794,65.81909821478023,66.1218487394958,27.113726867432778,778.748648195753,71.93488124986605,51.18929608890928,57.42111568578153,1.070498037925673,0.4567851123825177,1.0703575659319247,0.45011109401922034
2025-08-28 23:30:00,13.24519670159115,66.01686564340189,66.1218487394958,27.11573339137607,772.1706245184505,72.67880290660487,51.01708609104399,55.83265825081222,12.037826653977845,65.7882134917217,66.1218487394958,27.11104770529061,778.8179246247586,71.90705794650735,51.15906474120569,57.3939577609809,1.0742712914811574,0.4594631324624209,1.0676894785487965,0.4497416577759046
2025-08-28 23:45:00,13.192609775990032,65.97010011169453,66.1218487394958,27.088327968162123,778.1300513345943,72.18759434938346,51.14612487150766,55.64876430557614,12.068328067057662,65.75741007316826,66.1218487394958,27.106343562753363,779.0797592828928,71.88399259195279,51.14267250329776,57.37792992378499,1.076951245611692,0.4568352362463643,1.0652383979319986,0.44914208946013623
2025-08-29 00:00:00,13.245347321852782,65.81181531370409,66.1218487394958,27.043101770420648,786.6408954613681,72.55400373334341,51.106737438450025,55.54165063425536,12.092893904821299,65.72724601243553,66.1218487394958,27.10220857080296,779.014834475801,71.88073377751195,51.14705415413286,57.354501937083505,1.079562988734333,0.4533553603068344,1.063633166454041,0.44849636142432714
2025-08-29 00:15:00,13.7858551630436,65.85167485758554,66.1218487394958,27.05610455203777,790.1288783910727,71.55060856997243,50.60845203379149,55.5044684603069,12.106019493393354,65.69252869888993,66.1218487394958,27.097833362799562,779.093480728906,71.86458328199477,51.14544645837353,57.337575932822055,1.0834388463851503,0.4519946229723757,1.0622888181293224,0.44773228128035875
2025-08-29 00:30:00,14.358393861973749,65.7914066551124,66.1218487394958,26.991278056775872,787.0968819123857,71.46880935960031,50.72199162615067,55.75772335085475,12.137728768759883,65.65746876846218,66.1218487394958,27.094638740014783,779.2701622006754,71.87897931817103,51.15371250155058,57.29898446230861,1.0740019662709996,0.4521513376960009,1.0611403065824172,0.44701834510770116
2025-08-29 00:45:00,14.13418197434216,65.71741134494214,66.1218487394958,26.977479158909432,783.7015192102311,71.64961066445338,50.328033645701744,55.78389125968449,12.176965274185035,65.62414071947607,66.1218487394958,27.091382291070264,779.6790128762865,71.85286002987928,51.159739089955366,57.25735313978587,1.0649255768326542,0.450691720520357,1.06007132653648,0.44614027386297017
2025-08-29 01:00:00,14.021887427529675,65.65210978749336,66.1218487394958,26.99184264096596,781.5719665325239,71.73585922158072,50.48202828601752,55.83674449034981,12.224505883024898,65.58039600409164,66.1218487394958,27.089685983782026,779.9038249122628,71.84614285474682,51.17078032989391,57.35115131099189,1.060305905153745,0.4572629966631248,1.0587459309636167,0.4454066477456943
2025-08-29 01:15:00,13.607090298216123,65.64527227474814,66.1218487394958,27.02768184963573,787.7807733955165,71.53530211999208,50.69996497863056,55.93668604691478,12.29670766608175,65.53673492015247,66.1218487394958,27.08772282750962,780.4033244978689,71.82353115920955,51.17817222208013,57.4466892109475,1.059718056454165,0.4541120863642612,1.0570274767538816,0.4447567159924199
2025-08-29 01:30:00,13.207638731628592,65.57989387334132,66.1218487394958,27.065448576917674,785.8736507971265,71.66115331083836,51.0624416944262,59.422103033766746,12.360908480521093,65.49337955241134,66.1218487394958,27.08435708947966,780.9511651666578,71.79460087938178,51.184466622481345,57.54280275578977,1.0481757941274328,0.4484950304600876,1.055508125796878,0.44389794926717574
2025-08-29 01:45:00,13.049972335273296,65.54041176612628,66.1218487394958,27.07288826385353,795.084727506851,71.62242888810805,51.22283376194603,59.28113591425536,12.42979047717489,65.45521718882273,66.1218487394958,27.08112508203262,781.6719768651005,71.79331055585595,51.18759125715876,57.64192973589724,1.0349795908861883,0.4476261456312354,1.0539966249275958,0.442915731368836
2025-08-29 02:00:00,13.374286883869916,65.37962395162336,66.1218487394958,27.046758676125567,792.1482502446154,71.28847700440389,51.15371730917902,59.575247704041786,12.485093217653635,65.41340477444723,66.1218487394958,27.07514117211726,782.2893698547078,71.7618538712318,51.184107963248124,57.74131474887506,1.0111506721256025,0.4398986541133544,1.0522812777002597,0.44188328467567556
2025-08-29 02:15:00,13.263641566555078,65.25944054473347,66.1218487394958,27.068845981515945,794.3603782657192,71.56216450695483,51.27733718938924,59.56333636281346,12.539941944170614,65.36646799811723,66.1218487394958,27.071527410547183,783.0921887666643,71.74696896588189,51.17345321841433,57.84492715450977,1.0137270809225956,0.4452052430403805,1.0505147117738176,0.4407393546201475
2025-08-29 02:30:00,12.430926029782064,65.13588036744473,66.1218487394958,27.106689131404405,794.8295227013225,71.61427599569909,51.38291283194134,59.60748444478664,12.584297421148044,65.31538943915527,66.1218487394958,27.066494598678823,783.5030833403869,71.73051789790696,51.15897326255578,57.83154854542723,1.0204478639690668,0.441039582886596,1.047991219257359,0.4393303117049752
2025-08-29 02:45:00,11.71546515857294,65.0791886332804,66.1218487394958,27.13791881775841,785.0529339158268,71.55743446943536,51.29415325826896,59.50909314088336,12.622707121209787,65.26519900595277,66.1218487394958,27.065321002670625,783.8398493483389,71.73447720154692,51.15269408854333,57.81144449780935,1.020853456435403,0.4416146047236811,1.0458716231108045,0.4379951144858814
2025-08-29 03:00:00,11.527540231905483,64.9230341100078,66.1218487394958,27.166765576074056,778.7323980250118,71.22899076532913,51.31662706045881,59.25767684846992,12.637054454229935,65.21480243142427,66.1218487394958,27.06152129796283,784.0217141874779,71.71499695685331,51.146466218127095,57.78159761176856,1.0244412699643155,0.4322373163216397,1.0431874514582875,0.43653498499274884
2025-08-29 03:15:00,11.554137641399208,64.92540322585536,66.1218487394958,27.10516037251161,777.9340808895497,71.37679962477253,51.33775789047935,59.32057483949525,12.638021778943264,65.16157343365816,66.1218487394958,27.058418077630943,784.0716174287301,71.7148128423601,51.139175084914775,57.75811750181388,1.024057323520441,0.4268597522973663,1.040785443211097,0.4352900269743211
2025-08-29 03:30:00,11.66644980931311,64.99163106521011,66.1218487394958,27.100285902859152,772.8314960704752,71.67936446359523,51.86220269453023,59.16622624898804,12.618383050952877,65.10647131861505,66.1218487394958,27.05619971340441,784.3742536829335,71.68861935915837,51.136679676686185,57.7495066069124,1.043605532160809,0.4281134533762538,1.0382758216538106,0.4338959505895201
2025-08-29 03:45:00,11.58627847642578,64.95465739289526,66.1218487394958,27.07045071251475,775.9020952955548,71.71902604897217,51.71928569475551,59.14098679468175,12.573974972351426,65.05333266289853,66.1218487394958,27.055394152904647,784.8759453019114,71.6909025100209,51.12605591350463,57.74284628720594,1.0478818635961211,0.4237528932469557,1.035196860383529,0.4325615046023797
2025-08-29 04:00:00,11.462121099817711,64.85937844340731,66.1218487394958,27.08484880896421,780.2979127345163,72.13680739360059,52.033234413549565,58.82437348660925,12.51626631368433,65.00818074016377,66.1218487394958,27.057124714569802,785.1426236885956,71.68402051347088,51.11435105059208,57.746471805861844,1.0613882908323289,0.4224896977897881,1.0323838641295344,0.43134891142269505
2025-08-29 04:15:00,11.274322897595535,64.85126158449303,66.1218487394958,27.04686155302376,784.6255497115742,71.07848548084105,51.89836128541688,58.662458383859146,12.433131139580357,64.9629864459002,66.1218487394958,27.057088068159327,785.1857235366373,71.70444476119984,51.11307682557529,57.759477767183164,1.062806386748942,0.4201023776859174,1.0297093297538222,0.42993406948710694
2025-08-29 04:30:00,11.317162846452185,64.75275409232167,66.1218487394958,27.04589567186696,779.7480549649474,71.95239105119205,51.764367554850494,58.764138982318926,12.323220517054967,64.91248969988472,66.1218487394958,27.060243065825876,785.2722523584581,71.74125614728648,51.1016836861501,57.76406198002756,1.0536614318067694,0.4245483647678963,1.027232055085151,0.4286445520876689
2025-08-29 04:45:00,11.972498259828804,64.74908588447043,66.1218487394958,27.050287372914568,782.8355146681146,71.69505528061778,51.44694852020672,59.02613593560482,12.20445817780947,64.86298302699694,66.1218487394958,27.061666852658675,785.4765460425783,71.75030556975243,51.10272076445727,57.75812324485363,1.0509099229935617,0.4263107889207846,1.0251669143690383,0.427273344451049
2025-08-29 05:00:00,12.56529509081292,64.69055213153142,66.1218487394958,27.04030701538241,783.7950377389827,71.5360477079945,51.222292368433536,59.15849194332389,12.066046334957859,64.81501378129425,66.1218487394958,27.06279793303028,785.6593764564227,71.76469337044121,51.10575940677753,57.74698022772662,1.0494501014625652,0.4219929073701569,1.0230643408809816,0.42562112025470866
2025-08-29 05:15:00,12.738813094351588,64.81280528842343,66.1218487394958,27.063480852180057,793.4314228228025,71.86035595746526,51.07143946861317,59.1570859007588,11.916028015524859,64.76784860398247,66.1218487394958,27.061635602161676,785.6772089641257,71.7843761791289,51.11959920215851,57.73273973585538,1.0409416201650894,0.4197531672825839,1.0203276609603429,0.4241524547038945
2025-08-29 05:30:00,12.277778563567464,64.79405636989708,66.1218487394958,27.02083345040855,786.3154482826482,71.38956006465571,51.103384617742535,59.24667480076773,11.762470580016608,64.72650791427378,66.1218487394958,27.060745063885307,785.7820213168558,71.79820417772613,51.129702672705896,57.60094736128042,1.025512364529819,0.4245256770875011,1.018122615924022,0.4227137583303902
2025-08-29 05:45:00,12.147601458454474,64.71078168866991,66.1218487394958,27.014701296936494,789.663976059498,71.68732380211947,51.01907492116405,59.20274208876605,11.613792927854268,64.68812508573158,66.1218487394958,27.060079642197568,785.651316631226,71.81291450762991,51.135063788148415,57.4728367302234,1.0156621931324343,0.4219349823737771,1.0164086710356066,0.4211664236716994
2025-08-29 06:00:00,12.046879380100227,64.71660460471186,66.1218487394958,26.984006505761517,782.795345404974,71.59547658343213,50.72713446550264,55.51769664361749,11.466094492697348,64.65044833055836,66.1218487394958,27.059901802074855,785.742354770079,71.82877824494514,51.144879190526794,57.33597123562297,0.9985757226310076,0.4171330899968418,1.0150519738498898,0.4199898188672936
2025-08-29 06:15:00,12.548560177289062,64.65812270600365,66.1218487394958,27.04992063192002,781.6826368343958,72.26603799974376,50.709450666197085,55.276762253748025,11.323181745026814,64.61536665192884,66.1218487394958,27.059247837821644,785.6619278570885,71.82613526780794,51.154353667627326,57.20557218249802,1.008032575194224,0.4165375615457571,1.0140548128442812,0.4186760677947273
2025-08-29 06:30:00,12.888819312741024,64.57933551256406,66.1218487394958,27.05753374319052,779.9033016570704,71.73859096557129,50.66056784231301,55.05635594609822,11.19773070527421,64.58707600625151,66.1218487394958,27.05495540946187,785.5601038147,71.83553863804916,51.160974866036604,57.072735852777,0.9956885716943376,0.4132266532496527,1.013270221847367,0.417503254060518
2025-08-29 06:45:00,12.933901798022196,64.44664378405088,66.1218487394958,27.06110402656053,777.0831975141824,71.83754698053008,50.77930806678529,55.16415655800718,11.0822176088413,64.5590480625721,66.1218487394958,27.049041106224788,785.8384491129161,71.83485009628215,51.18209165391883,57.06617170542808,0.9984377905099574,0.4194363718296882,1.0126168870564312,0.4164970599218499
2025-08-29 07:00:00,12.656034861879537,64.3638021921085,66.1218487394958,27.049182464580145,781.2497121445549,71.89299841055298,50.94222384418613,55.57433140376789,10.974666621641031,64.53182167176182,66.1218487394958,27.04291759487182,786.30781627017,71.84800618793756,51.203144005490614,57.07535985570829,0.9989826447625644,0.4176408409183884,1.0117567470950022,0.4158633340388352
2025-08-29 07:15:00,11.860367417946463,64.37594044019872,66.1218487394958,27.064161153169174,793.1807999039291,72.25608887525988,50.82741197606101,55.44895471438255,10.880065476470527,64.50139864105635,66.1218487394958,27.039097609229472,786.6532155516207,71.85276253406917,51.21098193008437,57.07330215200063,0.9845824075032512,0.4168018566321507,1.0111387773263767,0.41549303633824053
2025-08-29 07:30:00,11.514087561839933,64.4572576316614,66.1218487394958,27.09501862037529,794.6412470618922,72.34754383684265,50.75559155107344,55.65041619393232,10.799937245154132,64.46393915437476,66.1218487394958,27.037207590159493,787.2102009397664,71.85119465090007,51.196587567228555,57.08146957672803,0.995173101114489,0.4169775649162967,1.0103929411814478,0.41502363463749486
2025-08-29 07:45:00,11.291799939924424,64.49584602967862,66.1218487394958,27.05500515972361,791.4218738323267,72.16333600184097,50.57022528328816,55.89464729994655,10.740303833534647,64.43017305090385,66.1218487394958,27.037003622749225,787.836737356347,71.85115757340198,51.169809996785176,57.09380663118961,1.0032028151137882,0.4095493649047331,1.0094353564726608,0.41461719824581067
2025-08-29 08:00:00,11.061075186212028,64.27650427464808,66.1218487394958,27.08592798677231,789.6927465670124,72.5731509421992,50.38019744339478,55.89524973618668,10.677987385901778,64.40161414266807,66.1218487394958,27.034243302050314,788.3270231144244,71.8378646908536,51.12962851588934,57.11515809522438,0.9996837262108632,0.4134658157128583,1.0084072753541773,0.41419704040986144
2025-08-29 08:15:00,10.571311796977216,64.23221115830894,66.1218487394958,27.020192763893327,789.830329733832,71.92109333843149,50.35914599491696,55.60572920446626,10.607710833151689,64.37348863181683,66.1218487394958,27.031374132370715,788.4850202198437,71.85968766529359,51.09262527353973,57.14872948115414,1.0029713553492676,0.409555491421762,1.0075417536038536,0.4140112671555846
2025-08-29 08:30:00,9.869532141981397,64.21303241641247,66.1218487394958,27.0257750521141,787.0568789478575,72.1674932422451,50.57318755562509,55.50245397653969,10.534150694557367,64.34717088286592,66.1218487394958,27.02817149002028,788.6570412665361,71.85720429439225,51.069584265799016,57.18018698514275,0.9972287005120478,0.4076962707729126,1.0068519021368256,0.4139001914553973
2025-08-29 08:45:00,9.10654071522608,64.23031695539466,66.1218487394958,26.99281192357761,788.3157486266077,72.12578638062257,51.11515884005998,55.509471290777725,10.450163291778846,64.31884126628175,66.1218487394958,27.024552632522997,788.5250704372585,71.85543550618824,51.053575839579814,57.20613304765506,0.9776176588349994,0.4100521198398388,1.006209380745923,0.4136966240822008
2025-08-29 09:00:00,8.600915666381056,64.33967318208052,66.1218487394958,27.03873242862657,789.0180213790252,72.07599326875511,51.36554581084784,55.46833179651775,10.358815966683066,64.29561144951727,66.1218487394958,27.02010132182955,788.4208084885025,71.87730703176943,51.05224555430361,57.23153773170918,0.9820244430378132,0.4053341392549572,1.005688854486195,0.41373766697313197
2025-08-29 09:15:00,8.589642770403149,64.38892690986057,66.1218487394958,27.052925613221387,791.1635869379629,72.06373878522098,51.38366722522173,55.437816982544845,10.25734456966699,64.2700980027432,66.1218487394958,27.015970445345662,787.756776782645,71.8846245992784,51.057077621628274,57.26317925093713,0.9835612442337216,0.4012061058705126,1.005452679132722,0.413766368441915
2025-08-29 09:30:00,8.943333829162306,64.24932129642633,66.1218487394958,27.041423472444112,794.8793944102065,71.76438912386091,51.44817938053029,55.46928286602883,10.16639603383682,64.24665733433228,66.1218487394958,27.01303922430473,787.344030481291,71.89549818927244,51.05993923207778,57.29059256593839,0.970449756554096,0.4046005099811797,1.005998785848719,0.41363217687564313
2025-08-29 09:45:00,8.976259136439062,64.20699018584797,66.1218487394958,27.049227053919683,791.9475708760007,71.48287519283919,51.561571502405336,55.65136476906487,10.051362106619235,64.22386143889338,66.1218487394958,27.010651082038812,786.9276953116303,71.90920196128188,51.06740785207128,57.32131937133173,0.9838122507543436,0.4057927108633913,1.0068467283019358,0.4134549845684362
2025-08-29 10:00:00,8.667394837203945,64.28716099712487,66.1218487394958,26.977916280611144,791.7748014296698,71.8963771029355,51.581548784219535,55.62239455315623,9.930205224897897,64.19819355692356,66.1218487394958,27.010680416858285,786.8485320899149,71.90146916558825,51.07665432216978,57.471558513940046,0.9969101340616386,0.4058551708603181,1.0085635984484862,0.4133958642822968
2025-08-29 10:15:00,8.250072265585597,64.23835032289819,66.1218487394958,26.9604897206461,793.4032928623074,71.53677821642503,51.92765689473585,59.312168720415656,9.802699628407803,64.17174929446057,66.1218487394958,27.006308880830193,786.9141963682159,71.89235053274997,51.081869743853574,57.63227421912563,1.0012534127073311,0.4114287805636364,1.0102965848367789,0.41347961290180485
2025-08-29 10:30:00,8.30101061589743,64.10624238569905,66.1218487394958,26.983060235485024,792.8134127426285,71.62367351499181,51.94819760761234,59.53332135687632,9.66861214924808,64.1514977178728,66.1218487394958,27.002036631966465,786.7978323578347,71.90918468254101,51.08919104388542,57.8005732073632,0.9986370711214428,0.4132255398311979,1.0127952736128103,0.41380927388832117
2025-08-29 10:45:00,8.716103286284103,64.01271230469138,66.1218487394958,26.99056080324109,788.2960593330731,71.51949000872096,51.57289562829206,59.258843728265134,9.533702813664554,64.1362257799356,66.1218487394958,26.99828235671397,786.7656404546611,71.91484890425087,51.085842273538695,57.96899652793475,1.005518230461673,0.4157508212795274,1.0153350572215778,0.41383562044040795
2025-08-29 11:00:00,9.262602869821306,63.86784646476266,66.1218487394958,27.043585330759797,789.5410577148433,71.63232796852171,51.43037180885567,59.41124899081034,9.383701213697869,64.1228384956226,66.1218487394958,26.993811927847002,786.6509879603956,71.91066175560394,51.07337233167642,58.12464067310073,1.0212304478129457,0.4140314023538823,1.0181030691461046,0.4139428213615519
2025-08-29 11:15:00,9.797276127841164,63.94167428876767,66.1218487394958,27.06433169020664,794.6981877929741,71.71791372402998,50.91595858145418,59.51109842852901,9.251778116586552,64.10891703716545,66.1218487394958,26.988154095338395,786.1129007781279,71.89495966381945,51.035865485043736,58.17195853402286,1.0191543223325086,0.4115598014964314,1.0214905418011808,0.4140757195060516
2025-08-29 11:30:00,9.592627670831664,64.00261119633416,66.1218487394958,27.00203918799694,795.0064854768341,71.73802091714926,50.82778998667453,59.46491740765244,9.119969317826992,64.08935230946257,66.1218487394958,26.981859189075415,785.4708905881268,71.8743477459369,50.99655097781557,58.21763051251374,1.0305458572778263,0.4098849627113099,1.0247883651907457,0.41430685607938816
2025-08-29 11:45:00,9.166026315092871,64.00749625895565,66.1218487394958,26.96078646263581,789.3654628741566,71.73317471404022,50.788264014928366,59.66959996175191,8.995592386242208,64.06439408397567,66.1218487394958,26.978919762131635,784.883818253463,71.87199367484537,50.97447943097831,58.25382876972856,1.0368407342392272,0.4145291800576146,1.027818234727979,0.41472709589558465
2025-08-29 12:00:00,9.110358688622524,63.96322162379486,66.1218487394958,26.94981640135388,784.9086863657186,71.87788992415204,51.07313732262909,59.70786410197716,8.885283358288955,64.04376432796862,66.1218487394958,26.97533737505789,784.0423047673204,71.84833137931183,50.95840037442954,58.28978919253984,1.0329658877959378,0.4212160937622765,1.030682787080275,0.41527472911845165
2025-08-29 12:15:00,9.452876176473143,63.8991973869449,66.1218487394958,26.94172164799603,778.8763897897859,71.64199163449719,50.96669573363074,59.80451781097408,8.798710451092484,64.02657104717454,66.1218487394958,26.974749139915392,783.3669403414478,71.84448082654878,50.943897166651965,58.33310540594346,1.031634281266477,0.4202037677248891,1.0337279233880563,0.416021422984514
2025-08-29 12:30:00,9.82487533793954,63.99365762859688,66.1218487394958,26.90676769457908,780.6671792763029,72.19219347543049,51.182383810147655,59.920632464947815,8.736379310421922,64.01090235417126,66.1218487394958,26.976047382535643,782.8452202328964,71.8301972202841,50.92361130211296,58.39282869486393,1.0338343136707293,0.4232241940980916,1.0374912960608715,0.4169441635003247
2025-08-29 12:45:00,9.694671183869282,64.0474018852015,66.1218487394958,26.939554557663392,773.510471647077,72.0798829827341,51.21640148835282,60.10633147759722,8.696317109804342,63.99550981819793,66.1218487394958,26.977573355807433,782.5213269261754,71.83714158675677,50.89072273857219,58.4536727728156,1.033856359560896,0.4206142113460767,1.0416337433802179,0.4177911425920151
2025-08-29 13:00:00,9.549322488662378,64.09083631756963,66.1218487394958,26.932896819180485,773.9330592420345,71.7157677644775,51.18923293122763,60.06907425080562,8.676873190741121,63.98094702463399,66.1218487394958,26.978888114266688,782.0792926999012,71.83289033304133,50.859912483647015,58.51363894714134,1.0418955660097304,0.4204999300993443,1.0454871341669534,0.41884202063846626
2025-08-29 13:15:00,8.696583641926999,64.02690482550254,66.1218487394958,26.943057028959117,777.173920969672,72.09843696240212,51.24313352096915,60.12454625056618,8.67344151189162,63.96415854119167,66.1218487394958,26.98024778790032,781.3794528086996,71.82324182024105,50.83123023594485,58.57071839656981,1.041100466728936,0.4166192131575694,1.0493967479999335,0.4200370447803027
2025-08-29 13:30:00,8.412172928460011,63.94656814561725,66.1218487394958,26.98488655034568,780.4204487535135,71.36349271262367,51.00452856845756,60.02487092186675,8.686321121305495,63.94980601139029,66.1218487394958,26.982269533365834,780.6233548206753,71.84790946504627,50.804725931976265,58.63034751361939,1.0500818270275245,0.4153594814126587,1.0542946019439878,0.4210946777148006
2025-08-29 13:45:00,8.723392282586287,63.86479483211436,66.1218487394958,26.91877455107725,783.6525651834261,71.99247901459513,50.86591331671107,60.09823340931551,8.722866322468242,63.932772813632965,66.1218487394958,26.982329423823366,779.8128053846607,71.86096497590894,50.775818740780174,58.678081044654846,1.060022166843,0.4190500201309988,1.0590198781376272,0.4224079560446489
2025-08-29 14:00:00,8.866194937949334,63.97178821493066,66.1218487394958,26.929366277278625,776.4123813456341,72.24361545930267,50.88020684326847,60.10532559322555,8.773456560686038,63.90944601452898,66.1218487394958,26.984045161709275,779.0157118979963,71.8669949713026,50.749687419636516,58.72652684652668,1.0706492349752803,0.4231164828451423,1.0631208264405474,0.42357649443199946
2025-08-29 14:15:00,8.886621730516389,63.98848564593505,66.1218487394958,26.94847576898566,776.1174404189761,72.00747363182595,50.6788449563834,60.21685617515336,8.834355413267154,63.89331036569222,66.1218487394958,26.988411973964297,778.6334053516662,71.87241624129088,50.70970352823645,58.65115649408535,1.074631298772982,0.4202267683922917,1.066944738040305,0.42453635147852015
2025-08-29 14:30:00,8.15598686287899,63.96218366271874,66.1218487394958,26.915069598571183,777.8101373165849,71.76738395114506,50.56812558831783,60.243655758747416,8.888651083411368,63.87909886765838,66.1218487394958,26.991414970560903,778.3411549124118,71.88028620692282,50.659219341396465,58.56868431161866,1.0820230024983717,0.4208568685527074,1.07128324347488,0.42546887246747217
2025-08-29 14:45:00,7.902674504606923,63.95829668648408,66.1218487394958,26.89442617791093,777.0381844359014,71.7850261217249,49.70220657708083,56.868490542046416,8.944317748060632,63.870233301050625,66.1218487394958,26.99282283853213,778.2114882780038,71.90508536338798,50.620209007595186,58.49676001225395,1.0862065871555355,0.4207888009671418,1.0752803524915742,0.42629699170658264
2025-08-29 15:00:00,7.559823599053194,63.87031580057483,66.1218487394958,26.906171432485884,775.380941361858,71.72918630036659,49.57615633422846,57.02057554865892,8.998080605684358,63.86563877552316,66.1218487394958,26.99145435188736,778.1576815849779,71.90189384576144,50.59368394901609,58.414639128516384,1.0941078028014375,0.4239116621163921,1.0789161043362998,0.42728371486127315
2025-08-29 15:15:00,7.560491992380889,63.7470992650718,66.1218487394958,26.966822351410187,773.80970379241,72.09271386909494,49.90807887816984,56.98059501639082,9.04674779238174,63.863332293265884,66.1218487394958,26.989370460358398,777.7458865015949,71.9128234282678,50.57537328528901,58.325667230658595,1.0940989012307838,0.4221565593906283,1.082327717581958,0.42826147603405457
2025-08-29 15:30:00,7.751804347614427,63.65761159443607,66.1218487394958,26.97845637455997,764.4473419827357,71.86328207619307,49.89782574693199,56.97406242052546,9.081930618119117,63.85852038606039,66.1218487394958,26.99018440629562,777.2236227205265,71.91128187397486,50.55405087550946,58.2597948594938,1.085620296779751,0.4298948123988679,1.0851190598725489,0.42931732002375156
2025-08-29 15:45:00,7.974124581083055,63.71641273448679,66.1218487394958,27.002545709618484,769.5693969576596,71.80557675553987,49.92404976158963,56.90521560657503,9.121942851421547,63.85338808704728,66.1218487394958,26.991820841741227,776.8749674525935,71.90924644235315,50.53525682362031,58.304576120083176,1.0943254445827055,0.4319563074036341,1.0880294053691595,0.43055471794277694
2025-08-29 16:00:00,7.999597921864602,63.742971626314414,66.1218487394958,27.0647223307215,771.4052756913121,71.7389850543043,49.96461161945483,57.29415264415341,9.169123151515828,63.84896226105616,66.1218487394958,26.992878910126645,776.8654386492233,71.90421474960827,50.497597911571,58.34748754507482,1.1101298806964994,0.4353784862472334,1.090851081309315,0.43173730150047435
2025-08-29 16:15:00,7.904674696698655,63.768540876194685,66.1218487394958,27.03859112173138,778.5989494249783,72.33411737480282,50.12850193383681,57.33479362932798,9.210233288650759,63.849334186221114,66.1218487394958,26.994800517919426,777.025264160948,71.92352416055577,50.466981932520284,58.38813479326642,1.1018910784153888,0.43546149259055,1.0936083634331235,0.4326703370025797
2025-08-29 16:30:00,8.017598094484413,63.90278937516232,66.1218487394958,27.07817518240421,775.7569945907983,71.94845565729169,50.44123816309291,57.267317026290016,9.249772158652076,63.84227252384538,66.1218487394958,26.99725302264999,777.1915505997838,71.90471332988751,50.438625135418214,58.42970158676609,1.0976261666398752,0.4368604806484914,1.0962815250655913,0.433474033455533
2025-08-29 16:45:00,8.486692404918124,63.88527240659081,66.1218487394958,27.093715822230276,770.1683902019147,71.7742834012133,50.52319979415662,57.15020046539885,9.297854637174636,63.83385044924044,66.1218487394958,26.997791193902824,777.5250463151992,71.8989675641238,50.40434700276327,58.46514934576204,1.1008496592231336,0.4370568301256057,1.098608450590509,0.4343945870196764
2025-08-29 17:00:00,9.329722111578532,63.81874540238479,66.1218487394958,27.10207583640969,772.1964547694798,72.504418468017,50.653050261472686,57.25815637751621,9.336587353928687,63.822371824170304,66.1218487394958,26.99850390429235,777.5091960166685,71.9270325912582,50.36734146142479,58.512332077941934,1.1173853748757256,0.4363294980161167,1.1009621265133214,0.43534676523561827
2025-08-29 17:15:00,10.072615171321496,63.695994253128525,66.1218487394958,27.051023767645543,767.6310877955583,71.87454051871939,50.69435576652248,57.08337070012848,9.391047437489702,63.81143446800875,66.1218487394958,26.99711475690091,777.4302226930264,71.93244932574116,50.336454063103886,58.549722232293234,1.1255705365635231,0.4451910607588416,1.1030378934733638,0.43662584472666366
2025-08-29 17:30:00,10.185101983737807,63.58735702400527,66.1218487394958,27.029388417188507,767.8619968297372,72.0772769647456,50.79760914990985,57.0757686093113,9.455376901797719,63.803362457918304,66.1218487394958,26.99374014370886,777.1276559787876,71.94454897194693,50.30758292546966,58.58327778780009,1.1199385831492437,0.4409113224808348,1.1049643497385242,0.43821549994191233
2025-08-29 17:45:00,10.077037843019092,63.75428085779566,66.1218487394958,27.091494088296653,781.9340964724082,71.69941631607293,50.72814015273395,57.051058147175794,9.516615715405589,63.79919183305574,66.1218487394958,26.991900796838,776.7771366922992,71.92710577539174,50.275014416567075,58.60498843178268,1.1159707607000546,0.4402244919592572,1.1064539246844463,0.43969718455561196
2025-08-29 18:00:00,9.929880720223856,63.67989744468345,66.1218487394958,27.073150133383137,784.0458995649947,71.85977248395005,50.433672002412926,57.059155882875714,9.577199439183454,63.793428133575816,66.1218487394958,26.99008633957142,776.2587513745879,71.91834281657358,50.22156447314045,58.6319161803407,1.1287922341586938,0.4412011694997584,1.107544007256005,0.44102183747530993
2025-08-29 18:15:00,10.38610322576197,63.74674530645884,66.1218487394958,27.032796842378065,784.40606030083,72.2634647026759,50.40258561425365,57.10111474732374,9.631990783518862,63.78611276412432,66.1218487394958,26.98689554603509,775.8203589547958,71.90580146347101,50.17047989019589,58.640416147341526,1.125431500962499,0.4405943984528416,1.1085232632854567,0.44258492655159043
2025-08-29 18:30:00,10.875488598533092,63.73001069893859,66.1218487394958,27.00253073141664,787.9268569240674,71.53658243972508,50.634620051482855,56.94762247868348,9.710934005995357,63.784059874620624,66.1218487394958,26.987241279809172,775.3926386533292,71.90372967739184,50.1300697697748,58.64481806480381,1.1303030031547163,0.4436330969945959,1.1089791812051275,0.44413021962065197
2025-08-29 18:45:00,11.257291728762684,63.87247982104948,66.1218487394958,27.00181494433777,782.3443352914875,72.04580119922123,50.36663866964155,56.84194149279534,9.799845449033656,63.780452807416204,66.1218487394958,26.99001384379965,774.8471827670692,71.89482539698454,50.108437558565505,58.755259405005674,1.121502719702253,0.4408926366798743,1.1097300567433177,0.4457859174211996
2025-08-29 19:00:00,10.6481124429529,63.858253980169344,66.1218487394958,27.026457566113564,779.3385720447806,71.6917742883608,50.18811769328809,57.48874627270845,9.90722730433735,63.7817600095341,66.1218487394958,26.99258603234497,774.3524395629719,71.89717359006335,50.091399555247804,58.858589639002766,1.1142861259955543,0.4415602824022205,1.1099105391154294,0.4474225159068942
2025-08-29 19:15:00,10.366393314165824,63.85352728856243,66.1218487394958,27.009879526004017,778.9058048361711,71.6721117653893,50.224442458254025,61.01303777943329,10.038538142424862,63.78927872634235,66.1218487394958,26.99210398546236,773.9611374823976,71.89816516645926,50.06292179577086,58.95714441072092,1.124151099137545,0.4516511176283759,1.1099611820375048,0.44897234036676614
2025-08-29 19:30:00,10.525767691450907,63.83044684406093,66.1218487394958,26.981558452916538,784.6228222646073,71.72693914180579,49.94336996114959,60.99520685172625,10.187109846793502,63.79936940583591,66.1218487394958,26.992520729212455,774.0835237530464,71.88413750640252,50.036652501597715,59.057521353960844,1.1176161660006096,0.4566936004931988,1.1100900423203697,0.4503065966726618
2025-08-29 19:45:00,10.686180290521156,63.91035514189359,66.1218487394958,26.99936988177942,783.6711551415286,72.22127396292174,50.048216362109386,61.02393525672217,10.35233477337428,63.80864676201761,66.1218487394958,26.99405756968749,774.2036608251454,71.88090390503248,50.00620184277428,59.16010772629956,1.1143527449807236,0.4481948327880508,1.1096261167273183,0.4516118900438813
2025-08-29 20:00:00,11.011041437979022,63.78180775732495,66.1218487394958,26.98034283649582,785.6557724413759,71.62786855538296,50.331679897085465,61.16763626993793,10.51829858081621,63.8161097583228,66.1218487394958,26.994155123415588,774.0866179730248,71.87585513104575,49.97387361636532,59.24115998607326,1.1140291626447612,0.4473350876866884,1.1086530358325788,0.4526318867885156
2025-08-29 20:15:00,11.13714553954614,63.79473964705311,66.1218487394958,26.955699695248565,783.5153431095429,71.90751000982274,50.18805750870426,61.16976424747581,10.685879609686964,63.8199867552557,66.1218487394958,26.995124166002277,773.8045699911283,71.84733878799302,49.91463355714287,59.20464328809483,1.1036641253084307,0.4482308182703793,1.107826955604444,0.4535293281953438
2025-08-29 20:30:00,10.71130399128385,63.74647756546563,66.1218487394958,26.954278130866182,773.4575502861119,72.55771857850895,50.07906669107364,61.48455621620239,10.849833597948974,63.81829296907315,66.1218487394958,26.995562784571597,773.446830692517,71.84456765305058,49.842965171046885,59.157370202695496,1.112505843694103,0.4490652765776018,1.1070871238707976,0.4543749376524767
2025-08-29 20:45:00,10.330386148757384,63.69878414065594,66.1218487394958,26.901382607215968,774.8047212604052,72.26093899689178,50.31651157134191,61.24625088110518,11.021215927444041,63.81826734420743,66.1218487394958,26.99533299470718,773.3079654774043,71.85428681770938,49.76580971313802,59.113138921975874,1.1033734755302131,0.4549915978889284,1.1060485309593437,0.4555673305776767
2025-08-29 21:00:00,10.342056857700578,63.70440784290405,66.1218487394958,26.88364815458412,771.3434473263535,71.72648209879665,50.138394439430726,61.03153758707271,11.185460745159656,63.817575411885464,66.1218487394958,26.995627148804243,773.2039190007947,71.83868101577836,49.68173624106713,59.069405216602746,1.107875514982339,0.4630491378701206,1.1045843917254698,0.4568308521849213
2025-08-29 21:15:00,10.560556690822407,63.73967608623716,66.1218487394958,26.863594144951374,773.1369865887749,71.46918311793931,49.88885804963354,60.74955272879294,11.32686961449813,63.82378282801694,66.1218487394958,26.995994461773925,773.3827861099788,71.83474039036311,49.60915303108252,59.03186808229756,1.1047094152206576,0.4635005585419875,1.1029858264031547,0.45770721190098496
2025-08-29 21:30:00,10.68370665128526,63.79887723053302,66.1218487394958,26.874932559281405,760.8608218142898,71.98072669475758,49.276708540469656,60.91315804996622,11.46056874065672,63.83589241073378,66.1218487394958,26.996640359029474,773.7559010898832,71.81998533954655,49.536847737723086,58.99382457419203,1.1033517121220373,0.4628560704360827,1.1015992080085204,0.45837717862143934
2025-08-29 21:45:00,10.53036206057867,63.76902456239003,66.1218487394958,26.852751962895628,762.9656678252169,71.63123303874862,49.14630746804679,60.47185518517811,11.576191256826695,63.84281415367414,66.1218487394958,26.99581029234984,773.4221323317289,71.80766782174307,49.465017022742,58.964985828026684,1.1040089796565409,0.4671194406807068,1.1002773809173785,0.4592076679703903
2025-08-29 22:00:00,10.524283537173789,63.90059697760788,66.1218487394958,26.925441611793765,764.978528272586,71.70523036877042,49.35582197568522,60.37571328261592,11.684029963467317,63.85114242546238,66.1218487394958,26.99613108571579,772.6436768591316,71.81988134976645,49.402486645310525,58.941164118807706,1.0957005400884827,0.467215660624554,1.0984003142848529,0.4598704618714261
2025-08-29 22:15:00,10.570017795755918,63.85008467035169,66.1218487394958,26.977603097625256,760.6745078481015,71.51789770950587,49.053240240801934,60.18173074810253,11.775020280352141,63.85684713670638,66.1218487394958,26.99874351888993,771.967037634134,71.80119261133737,49.3331686068464,58.910352068281256,1.1087328533012533,0.4704597349835692,1.0961802902346334,0.4604397188448122
2025-08-29 22:30:00,10.781279258164028,63.90953186411193,66.1218487394958,26.98333708884557,760.5386452389394,71.79963209273038,49.06501623469728,60.1204825685716,11.850845782143638,63.86311702047724,66.1218487394958,27.00441553076505,771.1383088061684,71.80908266302455,49.251036462452156,58.873082698153326,1.0995222739647863,0.4730096166872302,1.0936276139709455,0.4609801017121419
2025-08-29 22:45:00,11.499817135006207,63.97266076931935,66.1218487394958,26.95236094493187,762.0706413751809,72.12246116097266,49.05374609386168,59.93723816793528,11.916135404462066,63.86271953530562,66.1218487394958,27.010555735901917,770.2402699138248,71.80438315221326,49.18179054978463,58.84915404988624,1.0956181888930463,0.4686512931867851,1.0912001803739158,0.46176126927521144
2025-08-29 23:00:00,12.20895547867368,63.96033197924267,66.1218487394958,26.99095868706262,768.1189301021982,71.44245227449109,49.10974692173742,59.985370717723086,11.989727244223852,63.86276323775432,66.1218487394958,27.015022689149582,769.5657193804469,71.81143828023401,49.11105142605657,58.80638268413512,1.0894861052657,0.4699225015757401,1.0889127682762465,0.46259440771652777
2025-08-29 23:15:00,12.930872378506352,63.994733419937845,66.1218487394958,27.04865092386973,773.1735091206316,71.70856871443861,49.01052999688658,59.982806776736616,12.054110362116885,63.85947765000695,66.1218487394958,27.01901052830208,769.1029018249168,71.81039635012563,49.041654935878505,58.6437517411008,1.08040767679115,0.4711151085402172,1.0863638490899785,0.4629944307911611
2025-08-29 23:30:00,12.978512145122588,63.96686151547016,66.1218487394958,27.06764894256451,767.8939901276913,71.58752183470244,48.99476482718613,59.72572043736417,12.094095013226653,63.85715442761116,66.1218487394958,27.025181555135553,768.5158946151355,71.81320132190847,48.9788175202879,58.48317200440365,1.0809374538543195,0.4659783885862634,1.0841005129265835,0.46297333645908895
2025-08-29 23:45:00,12.932105562821183,63.88485078418136,66.1218487394958,27.06766239933192,770.1375099680859,71.47862708322074,48.35130015716327,56.23929268997527,12.13222327740652,63.84735125825407,66.1218487394958,27.031825163978752,767.7967154728079,71.80083714782866,48.91019816459184,58.3071149804897,1.077108671571347,0.4623847347953975,1.0819353568964922,0.4630236403886572
2025-08-30 00:00:00,12.936217742344716,63.851975789685845,66.1218487394958,27.09133373948381,765.0248156324566,71.8653216090185,48.29118658021324,55.84912446431011,12.168339232244579,63.83745545214446,66.1218487394958,27.04049434769392,766.9021904802923,71.79900403895967,48.8356082739785,58.1131471401964,1.0754312146304847,0.4622287643624755,1.0797938977666175,0.46306702055785626
2025-08-30 00:15:00,13.62816228977014,63.88450366061932,66.1218487394958,27.08682212629786,766.0024337485345,72.06585834097703,48.20853605689089,55.8232620438101,12.205184006769631,63.82693927257735,66.1218487394958,27.050960919232395,766.0121226010491,71.78591388880788,48.78095845929902,57.92365901962139,1.0696918718795156,0.4728286178816055,1.0776241916980835,0.4630408341151708
2025-08-30 00:30:00,14.25706664304698,63.79798743272578,66.1218487394958,27.11090045932141,769.0750604711944,72.03624441008677,48.13084609934595,55.94614521632238,12.237588199224682,63.81668436141055,66.1218487394958,27.062858302502725,765.4744388868373,71.75394323791761,48.72972302317292,57.73200972104904,1.0734611978595092,0.4742351462334561,1.0746617859940073,0.4628027122528258
2025-08-30 00:45:00,14.314881251475684,63.88221673707276,66.1218487394958,27.062043156736053,772.9971010710834,71.7563217562617,48.51685946698412,55.95725667097271,12.26758053922172,63.807977444365655,66.1218487394958,27.080408010040586,764.9877010209601,71.72798730125665,48.694740100597954,57.679262976545196,1.0776135768940671,0.4714818522407522,1.071646946656952,0.46242514260227335
2025-08-30 01:00:00,14.19607576849556,63.950644505510525,66.1218487394958,27.04876533485493,779.0554462268663,71.6346254402489,48.62845034912685,55.93446336614591,12.296677587522876,63.7990572187408,66.1218487394958,27.099412371597158,764.7599553750339,71.71170568733912,48.65511340248001,57.63782024867164,1.0783400313102245,0.4610103240944662,1.068676069807481,0.4615326844357442
2025-08-30 01:15:00,13.545713328118314,63.961933146006594,66.1218487394958,27.06659208790768,771.9210337277783,71.32989078196849,48.57321870330157,56.18589576221511,12.330035778206911,63.788576125605886,66.1218487394958,27.119031216702634,764.5182744386246,71.71470056038166,48.61712941982967,57.59628055626752,1.0763159479657884,0.4651391724277852,1.0661113473017463,0.460631426519588
2025-08-30 01:30:00,13.16504191944258,63.92974559833058,66.1218487394958,27.082773934361583,760.6922353870732,72.22617832465129,48.55776067946831,56.34450460630634,12.392915821699912,63.77870314568342,66.1218487394958,27.137203788875702,764.3836565546351,71.69366770802694,48.594327212274514,57.56097087880136,1.0724802351829312,0.4610849865308325,1.0634424202612769,0.4595530864564903
2025-08-30 01:45:00,13.115812732306615,63.917886643778914,66.1218487394958,27.11116983760239,764.1068835509074,71.70280254980314,48.32304446032997,56.17675323153048,12.467958437117755,63.76979608165392,66.1218487394958,27.158721087858794,764.1859350524879,71.68526107970614,48.578180482475396,57.54430918844319,1.0588307794559126,0.4576721076544259,1.0603428795795873,0.45829770109363094
2025-08-30 02:00:00,13.150253652278076,63.91810721206423,66.1218487394958,27.17269108767016,763.0649920851002,71.77328399034123,48.17065571965567,55.82954137484533,12.53728622891749,63.75758331015738,66.1218487394958,27.177657981235587,764.0548157343038,71.67032835455197,48.55181909464498,57.525754982954204,1.05372271524408,0.4598445830144849,1.057223111198638,0.45690017496864355
2025-08-30 02:15:00,13.21598039831544,63.86055526590099,66.1218487394958,27.186021098443764,755.4031685211764,71.90481587488232,48.28926128961573,56.12408204478266,12.595690846067123,63.749162859551895,66.1218487394958,27.193554884613427,764.0417007697142,71.66748449051066,48.53011964638346,57.51323398798263,1.048679711791357,0.464327663571962,1.0534825721006393,0.45548677491305944
2025-08-30 02:30:00,12.855867635806524,63.859565053630405,66.1218487394958,27.160466163543465,759.1020560434428,71.90342812898373,48.06594398144644,56.20560530017523,12.648870152941447,63.735208444309094,66.1218487394958,27.210479712525387,764.1104503541233,71.65470519412436,48.52162289801424,57.50076493220055,1.0456637630654808,0.4665544356417107,1.0498722960660751,0.45390728925757956
2025-08-30 02:45:00,12.297886850956784,63.75495965614122,66.1218487394958,27.12951470057897,765.021278170267,71.64085386213763,48.14254775291199,56.13410948840353,12.687443335550212,63.71850601667096,66.1218487394958,27.22742614370102,764.2675422569081,71.63810665388034,48.526016722293015,57.489731349134225,1.0476835235495043,0.4636518098673752,1.0461297827503457,0.4525153071652433
2025-08-30 03:00:00,11.725307224743986,63.76075017218714,66.1218487394958,27.166689257920847,767.0126059711705,71.81108829529089,48.05824749343137,56.17781475081152,12.711791622707542,63.70158803849723,66.1218487394958,27.24076216096303,764.3070629299501,71.63927256920691,48.51434528000156,57.48020318017204,1.0497160810987596,0.4560607705310323,1.0426620983092438,0.4511356183515323
2025-08-30 03:15:00,11.830028215917162,63.61626006118125,66.1218487394958,27.198678147075373,762.0957808717023,71.85034874052765,47.98963569122749,55.742224539303805,12.71017494637383,63.6803298902711,66.1218487394958,27.254132150238615,764.0576352459632,71.63227118112236,48.510836681213,57.47191274074241,1.049398064077989,0.4497039506750983,1.03931507816225,0.4495964406483057
2025-08-30 03:30:00,12.09452008312076,63.484933574036624,66.1218487394958,27.240418347950747,758.8200226659087,71.57287528931299,48.093983178685214,55.3486010611391,12.692452803077007,63.6564532801406,66.1218487394958,27.267942141285644,763.9205316399524,71.62395342062912,48.50910556906094,57.47964011060631,1.0497853887485136,0.4486364927626615,1.0364581154424357,0.4481049541910869
2025-08-30 03:45:00,12.242488775297716,63.47925426003977,66.1218487394958,27.26969684140289,756.8133067322451,71.51480550526911,48.54856306832014,55.485120630225325,12.657115798893368,63.63230002745892,66.1218487394958,27.2812502276125,763.5982071553833,71.62092872268109,48.52772948040168,57.61169416377377,1.0385729432524062,0.4474452249898147,1.0336550631282952,0.4465022222523585
2025-08-30 04:00:00,11.68342976493537,63.43883023046155,66.1218487394958,27.311199628976095,757.3270388597584,71.59859905180102,48.54200360729061,55.73507725903183,12.602828744759213,63.60716636102142,66.1218487394958,27.293497855824295,763.6117955690407,71.6044816893681,48.535507116612315,57.75755014760265,1.0236336725718238,0.4419216207072542,1.0310777815165701,0.44490223280262203
2025-08-30 04:15:00,11.23015634866858,63.43757662930902,66.1218487394958,27.427873833351857,760.2025852840895,71.48226089706267,49.26702389409282,59.66384854599004,12.523708213525,63.580597415590574,66.1218487394958,27.306870389184667,763.401623404286,71.5799177615715,48.54969348556006,57.90022817829525,1.0129282954185534,0.4436645083723536,1.0289147674539172,0.44284625562542385
2025-08-30 04:30:00,11.214968306735242,63.43680107415823,66.1218487394958,27.45377900128122,764.5110779485643,71.2380336812704,48.94959349589266,59.78825575086559,12.419308445665958,63.55734037511354,66.1218487394958,27.32018113998122,763.0188476877846,71.55805874225467,48.573734791125844,58.03791530048122,1.0187492094982151,0.4362753928742457,1.0268491523777137,0.44046020824110144
2025-08-30 04:45:00,11.561302411343483,63.42524329218992,66.1218487394958,27.452159498115734,765.886558496501,71.55902930921572,48.74933857012309,59.5033619566698,12.305398670531499,63.5306214814667,66.1218487394958,27.336945251761517,762.679827797773,71.54347231647596,48.5891505286294,58.18389139344211,1.0277677400486074,0.4364628210573018,1.024667439731783,0.43818278389157556
2025-08-30 05:00:00,12.57010795607522,63.50268783285918,66.1218487394958,27.420109724473367,756.8222852946026,71.34974112411648,48.59264231381494,59.85386772598138,12.17463563990932,63.497135133053774,66.1218487394958,27.352755906847573,761.9404051111976,71.52690377912803,48.59408134035085,58.20104122339896,1.0232839009079588,0.4305058685431507,1.0224054482026705,0.43634996780764684
2025-08-30 05:15:00,12.781640523113998,63.50181264150516,66.1218487394958,27.498270932388447,757.0340227607969,71.37903418912455,48.66190557407327,59.9720044744327,12.036682533352993,63.46292981799931,66.1218487394958,27.368419651654726,761.2222320260591,71.52999156549956,48.597421886685645,58.21027771444355,1.0110227592058492,0.4294578797949258,1.0198857491654718,0.43435601865903767
2025-08-30 05:30:00,12.60411729116584,63.53421383271127,66.1218487394958,27.493548413097525,761.0449487270645,71.2572486141452,48.56498034077264,59.8190871179464,11.894557709636057,63.43195828759726,66.1218487394958,27.384232901770943,760.8423061087029,71.52440864904133,48.59672765580082,58.214778774275324,1.0021074886600123,0.4252898768749339,1.0175047365226908,0.43267330594752773
2025-08-30 05:45:00,12.322156310244877,63.597471152187225,66.1218487394958,27.45451019896035,760.2810589104145,71.43258178826684,48.40225679295654,59.80610089895553,11.756805504450822,63.396835945508855,66.1218487394958,27.400098610225793,760.3927774582512,71.52230743862796,48.604017269222176,58.23291497366928,0.9965166803612888,0.4280577333160455,1.015527730263026,0.4312937035092416
2025-08-30 06:00:00,12.376658464393788,63.49089940682779,66.1218487394958,27.491081926204394,762.6011327712138,71.4162532011413,48.81011378362052,59.74641089510922,11.620189021009207,63.365007371260155,66.1218487394958,27.41373848622244,759.8297421246382,71.5237929952394,48.620624738120405,58.25993635683137,0.9912139929278616,0.4256250470228326,1.013653915266254,0.4300728205880849
2025-08-30 06:15:00,12.657012613269131,63.471587940175255,66.1218487394958,27.46075388020104,766.7833984587216,71.624504953652,49.18556082222499,59.606230675945554,11.491815817834604,63.331626195370106,66.1218487394958,27.4254159566764,759.7415036652553,71.54271143619272,48.64567058230662,58.27163768067899,0.9833427894211622,0.4268918304166976,1.0117362294231294,0.4284994735386153
2025-08-30 06:30:00,12.93940409339355,63.45279263403092,66.1218487394958,27.391039204922805,769.304550293457,71.47742973428791,48.75960365299372,59.69952564885772,11.364255174995073,63.29615050108814,66.1218487394958,27.43934967256176,759.5072291151412,71.5237561067977,48.67102045531538,58.28486189472528,0.9854555720326416,0.4285318371644119,1.0099204268661994,0.42698304259663955
2025-08-30 06:45:00,12.882372088495003,63.35698897315408,66.1218487394958,27.449750602137232,765.6906786010263,71.49852707190207,48.90527203322984,59.73409359384741,11.237328824210525,63.26069486546438,66.1218487394958,27.454578103923648,758.8409549709563,71.50667265496004,48.68615020106059,58.30179173702241,0.9799970723813356,0.424939777443418,1.0086460399974126,0.4256472292827071
2025-08-30 07:00:00,12.44684784621787,63.25056321155513,66.1218487394958,27.48194867397533,763.7808819473661,71.33798901990542,48.942831462624426,59.95754153328131,11.120126867662238,63.22262886044778,66.1218487394958,27.467423012438022,758.1773072297717,71.50566559592114,48.709386793305676,58.317217768431625,0.9952285722598898,0.4212337948697017,1.007411448780325,0.4245384308541418
2025-08-30 07:15:00,11.871995437312094,63.16025320373086,66.1218487394958,27.46690498913776,760.4677754310187,71.38788614477927,48.910017497385454,60.20091428499878,11.012630779240414,63.18690276565884,66.1218487394958,27.478666222658205,757.5705969327985,71.50476277990097,48.74417585024965,58.34514406880116,0.9930171021471328,0.414302776633544,1.0058922748243562,0.42359355071147914
2025-08-30 07:30:00,11.307606118320017,63.0979657965609,66.1218487394958,27.458762585837626,765.4324680421785,71.37191060962873,48.52451566653232,60.22480397917674,10.906844855620616,63.150459093706985,66.1218487394958,27.486391766730286,757.0034188843505,71.51863006640285,48.77933486352588,58.39195929428772,0.9981127662787306,0.4142290808703815,1.0039361292818658,0.4224133199136059
2025-08-30 07:45:00,11.25454635274378,63.08743529769389,66.1218487394958,27.48799812710889,759.6972688058892,71.3289405070791,48.63412712532323,60.10360296458815,10.798687874757787,63.117228276449474,66.1218487394958,27.49534667380062,756.6436908238478,71.51705671929014,48.796124079606734,58.43868299230705,1.0048014499999298,0.4111493025656598,1.0024773957024922,0.4213872821472586
2025-08-30 08:00:00,11.125073607275692,63.10027621841501,66.1218487394958,27.510222983218014,757.5917889761519,71.38047383058286,48.852085266319285,60.07675888190127,10.70561947052283,63.08870754877636,66.1218487394958,27.500958004863655,756.3838999357589,71.503631362549,48.80198700340696,58.492893603893855,1.0114927455734049,0.4026537247037827,1.0015469667165484,0.4207374688120068
2025-08-30 08:15:00,10.897587997441962,63.0806499276675,66.1218487394958,27.56496651014505,762.8265043707381,71.31872898289966,48.97933159209112,60.33653945979973,10.612701939971231,63.056790850496895,66.1218487394958,27.501803632566016,755.9971934293534,71.50849817219496,48.77644166139557,58.41802684069395,1.012162197516144,0.4031591217549755,1.0009530263341861,0.42002857670579036
2025-08-30 08:30:00,10.27318484983012,62.946054053122666,66.1218487394958,27.523084987436587,756.8727656296016,71.13756931981115,48.77637470076994,56.44895826485115,10.513267246505311,63.02394302339001,66.1218487394958,27.49980400618598,755.3603276803527,71.51927654652044,48.75865554156992,58.339506845785,1.0104802854368535,0.4060258415766052,0.9998791775144019,0.41983134329706245
2025-08-30 08:45:00,9.407120131428504,62.93577369437249,66.1218487394958,27.53650443212224,750.3758411736269,71.42252437311444,48.6734350933455,56.4629904935527,10.412348689750054,62.996209224433485,66.1218487394958,27.498912896480153,754.6014672225775,71.51737370044422,48.745502714835396,58.27255959804048,1.0007249768498283,0.40532069796951,0.9991313743740515,0.4196665487039473
2025-08-30 09:00:00,8.901297207934524,63.00059968626927,66.1218487394958,27.557171437848243,749.2944578663859,72.05869083090427,48.53693375292361,56.47953640125952,10.30573859910392,62.9675837679735,66.1218487394958,27.498610516935056,754.3051791663147,71.53076552644134,48.7477462589221,58.19233869095802,1.0010498558994947,0.4106036051855346,0.9982598426932898,0.4196612742735707
2025-08-30 09:15:00,8.98324657674962,62.86421638112659,66.1218487394958,27.58714109124779,750.6210240373526,71.63976623740271,48.54173286297086,56.7208392133493,10.199486511045116,62.94276082013308,66.1218487394958,27.495667147625266,754.1063669004609,71.53497205305675,48.746754576950444,58.11259150008168,0.9995205916659664,0.4162840345058435,0.997844616115814,0.4196217904083706
2025-08-30 09:30:00,9.051759149029532,62.9632499846033,66.1218487394958,27.581887367569497,746.1739320767093,71.8178506886841,48.66887978660228,56.64018286970796,10.09301623487769,62.91447679371735,66.1218487394958,27.494428190820123,753.8962317230784,71.54673288467735,48.7589975536624,58.159205516187164,0.9975082653409286,0.4232180953797814,0.9982133518936653,0.41981861362281775
2025-08-30 09:45:00,9.364784303077386,62.8591199891996,66.1218487394958,27.536345212062745,752.7560147396937,72.47236910348158,49.04063661520233,56.4751217602114,9.975672114364091,62.885779093492836,66.1218487394958,27.494811950083292,753.8279937134668,71.56337217778834,48.78149743817663,58.2125042524689,0.9911491364976096,0.4171272520878747,0.9989251153405062,0.41982569742959097
2025-08-30 10:00:00,9.029048350620622,62.79529422517142,66.1218487394958,27.5784776401042,752.0738195400199,71.33476824713377,48.826440171709294,56.60233172156386,9.841080149764519,62.861960192175964,66.1218487394958,27.49233556324587,753.4444037920964,71.60288140955568,48.78552193841235,58.278603076492566,0.9911896863575872,0.421061507382437,1.0002768085328733,0.419899052376273
2025-08-30 10:15:00,8.49009632742034,62.69129058742828,66.1218487394958,27.586367641435483,745.0330538447183,71.12835030700762,48.59644012526818,56.64200475731735,9.71182605191632,62.84179192072133,66.1218487394958,27.490929545482388,752.9465805357128,71.61440881590934,48.78381918856035,58.346059311286496,1.009451917485899,0.4235774104494019,1.0024210294407796,0.4197390806244644
2025-08-30 10:30:00,8.209248528295364,62.61877002168925,66.1218487394958,27.55203651335212,747.1031737356385,71.7808765241237,48.75534526078391,56.64059569308806,9.582833093088517,62.82409234655241,66.1218487394958,27.49287102839572,752.4092037239719,71.64466345596817,48.79686422185749,58.40043564220809,1.0126783445861345,0.4227968176740749,1.005105808630305,0.4199220218408015
2025-08-30 10:45:00,8.605145563262397,62.54447721751297,66.1218487394958,27.535974453680826,743.8944719624991,71.82326425992244,49.03330739954672,56.58001355039013,9.446792092817747,62.807369079908376,66.1218487394958,27.492977866149563,751.8522520605349,71.65555716881188,48.810762728587456,58.45714523847401,1.0038228453989269,0.4213575463952175,1.008167362419944,0.42039581121746855
2025-08-30 11:00:00,8.9209423745268,62.39162341548095,66.1218487394958,27.47218467011329,741.8046812124687,71.98889388436946,49.1487535769724,56.75305782573582,9.307785522638252,62.793716109478254,66.1218487394958,27.49249153606326,751.4105935529403,71.67052308924231,48.808854586970725,58.51278024400558,0.9911010224738028,0.4132295688264668,1.010842147621002,0.4210924986650774
2025-08-30 11:15:00,8.997779349412935,62.48232974231443,66.1218487394958,27.538344053512752,746.0214649171667,71.46760509188736,49.05223955074538,56.8868315708053,9.158982219784102,62.783942768461515,66.1218487394958,27.492654215801405,751.0169897283537,71.66912221913043,48.796271277011755,58.57259304398296,0.9948109358711864,0.4166640919993953,1.0135165004439657,0.4218351370244724
2025-08-30 11:30:00,8.89137763788662,62.583208400268106,66.1218487394958,27.47953956086729,749.5333122170899,71.19583834956717,48.717891321297486,57.36139560663571,9.01238414964116,62.77541966776463,66.1218487394958,27.49541213384877,750.7106215211502,71.6841358398239,48.790332847853705,58.63417232613788,0.9957208029935158,0.4224272206496985,1.0159778626348401,0.42251543617174003
2025-08-30 11:45:00,8.44263043212062,62.48007568092528,66.1218487394958,27.45324266442262,748.6013900919241,71.62826518644133,48.50066363375116,57.41784564999292,8.877280615504189,62.76836471337535,66.1218487394958,27.49656118955099,750.3720061379422,71.68887458400243,48.78951188231865,58.70603139202194,0.9951100839476886,0.422397745185861,1.0185849636645015,0.4233128520798227
2025-08-30 12:00:00,8.231927502757634,62.4513662609518,66.1218487394958,27.39379020988008,745.4051054785464,71.56138491103557,48.41600990112303,57.43265590359734,8.766951564350062,62.75952427935441,66.1218487394958,27.498709024090008,750.1901393238271,71.70476473649062,48.77473649620661,58.768001384299424,0.9865337449046891,0.430358390612408,1.0211969215973287,0.42453843795370916
2025-08-30 12:15:00,8.533745708685785,62.59322932349383,66.1218487394958,27.42542620694102,743.1207447632428,71.50194392692849,48.35475376808739,57.49494452433408,8.675219586895203,62.7536846943321,66.1218487394958,27.5010544146564,749.6538720181047,71.71045005174605,48.754301166390114,58.82015817840088,1.0053336458380902,0.4315189832638487,1.0240260197309674,0.42583220573893343
2025-08-30 12:30:00,9.371805236691184,62.64392413906003,66.1218487394958,27.411038338120427,747.9336436067189,71.75149590402992,48.65994863641604,57.4472405135075,8.59252509827451,62.754541331094515,66.1218487394958,27.5042027156411,749.2697576798338,71.71585554155625,48.7264749563236,59.006275746038185,0.9971379504851072,0.4303476356318523,1.0269563349814494,0.42686177995754837
2025-08-30 12:45:00,9.594077881349854,62.75712420629215,66.1218487394958,27.409969853094683,751.0696547851832,71.50522998758692,48.63215511492364,57.57958874814265,8.530685913722063,62.75685559680438,66.1218487394958,27.50774621822224,748.9990968140039,71.71323686102038,48.70774684034232,59.20662469122205,0.9985659618815808,0.4282733638389212,1.0302757941734388,0.42796720582502396
2025-08-30 13:00:00,9.410009006143056,62.68569304023968,66.1218487394958,27.456379708943214,754.7408934055891,71.61007356276332,48.932269642131374,61.21750760111074,8.484510931237754,62.75808454963884,66.1218487394958,27.509810469114495,748.9423434057164,71.69124101582136,48.69486916039422,59.40227616783479,1.013169561995548,0.4311945733083494,1.0331089841783476,0.4290468527185311
2025-08-30 13:15:00,8.801832694836904,62.736540145451706,66.1218487394958,27.46602297685554,758.2339186220688,71.93176058159614,49.0772533283833,61.405062987407504,8.454404393392112,62.76295284129689,66.1218487394958,27.509487923633337,748.8663136816043,71.69550447731838,48.68714703271617,59.58081802514455,1.0178695837665146,0.4282702475192431,1.0361331960744795,0.42988989580924064
2025-08-30 13:30:00,8.33889952640669,62.77633236732161,66.1218487394958,27.4167903210817,751.0934351300986,72.60153015416161,48.930848790692565,61.72937561581925,8.449179940091838,62.764711039885356,66.1218487394958,27.50796800007781,748.9803519613303,71.6833004799475,48.6848782264316,59.7648085203988,1.0317647886988743,0.4278256954232926,1.0389715471609695,0.4306259092326448
2025-08-30 13:45:00,8.779389677823183,62.86653979653615,66.1218487394958,27.418573347296505,751.8487007672159,71.97032714426209,49.134478326664905,61.62991771976362,8.454249380878618,62.766333232220255,66.1218487394958,27.507512635329938,748.862216609968,71.65719037925459,48.663472821151494,59.952980007809074,1.0476694166583516,0.4220926778624398,1.0419170640061186,0.43159321397924433
2025-08-30 14:00:00,9.069615328559427,62.92180540896339,66.1218487394958,27.449283692322844,753.1832459412327,72.38506893605265,49.15095465190784,61.33081557650528,8.475906422713924,62.76916372282585,66.1218487394958,27.507413061419264,748.7064822540655,71.66638512566585,48.644243541553074,60.00974506725427,1.065998947718407,0.4340200736545235,1.045067147701114,0.43218970672359586
2025-08-30 14:15:00,8.801142080371845,62.85529097383296,66.1218487394958,27.4529557347526,748.9821286979121,71.82533845721366,49.3222272351288,61.435381481825225,8.512435764300808,62.77754848362492,66.1218487394958,27.510119494349446,748.6262900851759,71.69289025634431,48.63241788814675,60.06167357370815,1.0718436860705078,0.4391534587434297,1.0476737752430656,0.43267925304093835
2025-08-30 14:30:00,8.27665074083305,62.84097409865159,66.1218487394958,27.46735877138623,750.5311267195298,71.78696663281798,48.88558721412258,61.626591699228456,8.561289284950693,62.788457676065015,66.1218487394958,27.513676987883123,748.3675179106074,71.70358940481032,48.62039438270943,60.117419449693834,1.0754721282916269,0.4421344182979681,1.049412931810103,0.4332485877384726
2025-08-30 14:45:00,7.407896351687616,62.867052973228645,66.1218487394958,27.47178538128201,748.6596606934181,71.34586004142315,48.532518198616,61.99529828432022,8.615540871661045,62.805490574465104,66.1218487394958,27.51876418515014,748.2856516959534,71.69481414891962,48.5930868126563,60.18005093722572,1.073247686836044,0.4365819274153933,1.0515128302060295,0.433681816864521
2025-08-30 15:00:00,6.909664014031807,62.842272775654585,66.1218487394958,27.54150012725862,756.2414218260727,71.82231923043264,48.34636279179087,62.07218244382399,8.692564923456466,62.82750694843504,66.1218487394958,27.522903164602745,748.2269009918449,71.68656315615908,48.56559260541807,60.23800466234646,1.0719536320049647,0.4346380552884105,1.0542726279774908,0.43444856904654183
2025-08-30 15:15:00,7.201440328634539,62.87578666601531,66.1218487394958,27.522469798175457,749.5388073096528,71.47110283243563,48.60949815927176,62.25937494111018,8.776722967856285,62.843996991957084,66.1218487394958,27.524674951255133,748.060694401889,71.70870959964559,48.53872179504631,60.28420750352787,1.0830144808897648,0.4350717798081397,1.0570671870390782,0.4351183852664582
2025-08-30 15:30:00,7.815202072651964,62.83506319778667,66.1218487394958,27.57465801938853,752.1357845526969,71.85717840522776,48.40882368295791,61.93585865022575,8.853877242014745,62.85836660870266,66.1218487394958,27.527350957434717,747.6920531012944,71.73001487748027,48.52412645209272,60.310908326688725,1.0898514835582238,0.4394213009203787,1.0600660788308474,0.4357991747651166
2025-08-30 15:45:00,8.145628673796189,62.90546237699811,66.1218487394958,27.63532822713696,746.7384851990644,71.48928844056286,48.3662716975964,61.9012432828434,8.928445464002385,62.87647211814312,66.1218487394958,27.531649121207103,747.6284459417932,71.73645636083562,48.51055323191993,60.31588228353434,1.0970351415253046,0.4419721553117027,1.0628160651868879,0.43643666050490937
2025-08-30 16:00:00,7.792350191209325,62.971753155995366,66.1218487394958,27.61753401697749,745.3493354814769,71.29973401411718,47.941588398774535,62.03248529397015,9.002106308570154,62.89646929937736,66.1218487394958,27.538176455786584,747.8291108733606,71.75176878239542,48.51626911968075,60.31132925138076,1.0983897429513103,0.4369130681350536,1.065927288350252,0.43699817543576797
2025-08-30 16:15:00,7.551944594855093,63.00520166566836,66.1218487394958,27.64280950955656,742.2560151987301,71.34396395703835,48.11159161390693,62.473458849068976,9.07300752449524,62.90800143220418,66.1218487394958,27.54356115600076,747.8197638092956,71.78017185665743,48.532807579158955,60.31893732334579,1.100308752609512,0.4384834739937752,1.0687419629887627,0.4377670641123899
2025-08-30 16:30:00,7.516047733405238,63.03746827130297,66.1218487394958,27.61909896461573,747.5918556177596,71.39881547493378,48.1506033544807,62.34908069964174,9.12296786200683,62.91820576725943,66.1218487394958,27.549519526956082,747.7054571277597,71.78227869709278,48.53682788157429,60.324909370465214,1.0860455560467572,0.4429930119907513,1.071846911959322,0.4385545175786822
2025-08-30 16:45:00,8.080050441380362,63.01026513086818,66.1218487394958,27.577464726813066,748.3401323139914,71.76767008231306,48.310069032629215,62.077094932642055,9.162869630053665,62.92342835582429,66.1218487394958,27.555877560480514,747.3356777766278,71.7893177462775,48.546472401552975,60.32703513394047,1.090246948549925,0.4415753272271283,1.074885931690814,0.43962454338521084
2025-08-30 17:00:00,8.895025550021302,63.01599594225733,66.1218487394958,27.536289660903677,749.5950804684865,71.451730767558,48.60081559806532,62.15989772733546,9.190414767025256,62.93434571814657,66.1218487394958,27.559789674514327,746.7598512021516,71.79112408750358,48.55587395583435,60.20053846526182,1.0826587979356284,0.4452984980819077,1.0772530994051017,0.4406161492554184
2025-08-30 17:15:00,9.516867526680796,62.90778575924658,66.1218487394958,27.52268426962656,749.211954198825,71.68906608269367,48.398474456799306,62.12026638251961,9.22350465191743,62.945151830595016,66.1218487394958,27.561248360742745,746.2089102554138,71.79152548146017,48.55867476697427,60.060705768721036,1.079514641852087,0.4461463944858594,1.0797560570040479,0.4415686381236916
2025-08-30 17:30:00,9.67875960567981,62.88020894333919,66.1218487394958,27.575490422784,747.4017888629456,71.61061063947244,48.24956178375635,58.30528350491987,9.256127124951862,62.95655186741157,66.1218487394958,27.56264887178879,745.7183562718358,71.75924412222896,48.56577962336614,59.9103972397157,1.0856921972074438,0.4389562897129818,1.0821104679603697,0.4425531231446658
2025-08-30 17:45:00,9.585976575026834,62.942833411400365,66.1218487394958,27.667560629341,742.6272887780345,71.92350422736116,48.24167052307858,58.199859950933536,9.28997945391144,62.96505439290277,66.1218487394958,27.564074376824042,745.423189526358,71.75763047978812,48.56511063411078,59.760100595624415,1.087650743744453,0.4382637999696782,1.083753647701682,0.44370377455036836
2025-08-30 18:00:00,9.674854147791889,62.94604579489205,66.1218487394958,27.65876131936236,739.3400084985792,72.10185097810344,48.39464009766442,58.31297197265882,9.334941760551484,62.97327487489324,66.1218487394958,27.56506001334346,745.1530358544846,71.73103707351225,48.54727131916192,59.61539098754063,1.0648530415972537,0.4398768586001008,1.0844380705551842,0.4446864415952026
2025-08-30 18:15:00,10.23269316457302,63.05546416951577,66.1218487394958,27.688590371691408,741.4384855228827,71.56000658320129,48.21408029795276,58.45895817634647,9.402265797298293,62.98613755363098,66.1218487394958,27.56518389471388,744.9059031938249,71.71779710161998,48.53209571289706,59.469410350598466,1.0668197972767184,0.434354420176672,1.0849246922042914,0.4454238269547116
2025-08-30 18:30:00,11.231663928389397,63.05211463457888,66.1218487394958,27.596354053691453,740.042160089212,71.74136410155391,48.32392735982563,58.4916695793579,9.484609734767007,62.9971684174113,66.1218487394958,27.56332051138494,744.5456580433657,71.71816342545547,48.54620101138247,59.43647560426875,1.073894955617645,0.4362321342870889,1.0850154362470532,0.4461143049701884
2025-08-30 18:45:00,11.522520681407542,62.97703104797588,66.1218487394958,27.5914976530844,741.0352672184869,72.13199839648267,48.24611523959248,58.27291680624746,9.592659917167657,63.007312445013056,66.1218487394958,27.561672135369147,744.3524473420955,71.72701661414742,48.57808681591666,59.3859151748244,1.078647707718808,0.4367585785968885,1.0853995187449006,0.4470466424234809
2025-08-30 19:00:00,11.20600586264042,63.01429690263544,66.1218487394958,27.55981974625475,738.4740731992531,71.83499668460746,48.28003103269002,58.16242030146165,9.723969232978003,63.0267108117564,66.1218487394958,27.55759356549456,743.6897649522256,71.7333294280514,48.61995233061513,59.33597633025976,1.085687556746588,0.4428509056094504,1.085792467509359,0.4482563771631389
2025-08-30 19:15:00,10.679677091749827,63.023240964139056,66.1218487394958,27.58218757759414,746.693175306889,71.82150968710192,48.0934670285672,57.56706435536119,9.864446555589868,63.04747406659666,66.1218487394958,27.554187066385122,743.4047113579993,71.74402429226929,48.64665366769051,59.282980748110646,1.077609674628908,0.4415223173796443,1.0853862431407035,0.4493664662337769
2025-08-30 19:30:00,10.44175283979066,63.05128169797882,66.1218487394958,27.589610247264563,751.425053425567,72.02075755782926,48.5874865339479,57.29606493898997,10.011413315874801,63.06973270026487,66.1218487394958,27.548451732628624,742.77792782119,71.74549734125584,48.69452010347518,59.23690322724179,1.0798704398056114,0.4472038385381653,1.0854019332267828,0.4503229392828032
2025-08-30 19:45:00,10.660782186438414,62.93919330829876,66.1218487394958,27.586967213366314,742.8403328412988,72.35403615478863,48.850907552433085,57.72318668328504,10.169837507441178,63.088416418037134,66.1218487394958,27.54117245714788,742.369005776415,71.74393516699038,48.74962113974848,59.19067010640439,1.0897738849934075,0.4545856435625065,1.0848068577832932,0.4511916335216365
2025-08-30 20:00:00,10.87061536203888,62.950054190717296,66.1218487394958,27.58978946678001,744.504443160637,71.81470111709045,48.780557708876415,57.62640192709017,10.349382164305105,63.10842131865482,66.1218487394958,27.534202867873308,742.0575835422794,71.74868858688643,48.82003926134999,59.140695796489844,1.0902864196018849,0.4539712396206212,1.0842756947820242,0.45215128839435254
2025-08-30 20:15:00,10.791130922754844,62.91380186323805,66.1218487394958,27.600710858827743,739.9762742512262,71.71640146312889,48.92149071428406,57.64336165240024,10.543252980626374,63.124121688839054,66.1218487394958,27.527597496920247,741.907203017897,71.74955210124375,48.89069379927201,59.086197593559824,1.089736553826338,0.4603741380347819,1.0833279759570036,0.4530487717608141
2025-08-30 20:30:00,10.236363115290771,63.01321390990776,66.1218487394958,27.573743129957588,737.466096171302,71.6642637995457,49.214316270572624,57.42260754075144,10.737038738478306,63.13201782562978,66.1218487394958,27.51954955361165,741.6640035417126,71.7451956749289,48.96685289209031,59.03655845050877,1.084184593424188,0.4609427494145761,1.0827034491166136,0.45381977109095417
2025-08-30 20:45:00,9.794529241602184,63.06072351890538,66.1218487394958,27.509783563708005,741.7056902199316,71.94380240029355,49.16127766258111,57.21008209118395,10.935638528602082,63.13881549276953,66.1218487394958,27.51282494271237,741.352295418702,71.74275524432956,49.03425373837934,58.99335646440773,1.0929583117348969,0.4568449135674378,1.0818685220857895,0.4546090671469633
2025-08-30 21:00:00,9.317573717439616,63.11833347181818,66.1218487394958,27.458805652463177,736.3768156227628,71.63308937722591,49.14399448244839,57.22011974565907,11.121855048062383,63.14296781995572,66.1218487394958,27.505776061461304,740.9968376005016,71.73972575295562,49.0800919623647,58.9446201050761,1.102397117388533,0.4573602460525195,1.081365457617803,0.455219441344587
2025-08-30 21:15:00,9.794959546610542,63.12161556127246,66.1218487394958,27.461338498353964,742.993698402883,71.92191787103644,49.11440864900419,57.121018397025125,11.302809109438693,63.14849419770409,66.1218487394958,27.498603830229573,740.6377512099749,71.72599146032687,49.13740737819202,58.89850683753577,1.0969648088977246,0.4566122200335153,1.0807982929485127,0.45587522327797597
2025-08-30 21:30:00,10.418484527760713,63.16841986867728,66.1218487394958,27.47885278790548,745.0786357850304,71.58726674777716,48.61577520344202,56.98952733399169,11.471761790844882,63.15476865839624,66.1218487394958,27.48881879992787,740.5764783938324,71.73227966443996,49.204414864158394,58.97560883213718,1.0865316333234691,0.4635000849995503,1.0803024803779837,0.45673774175879883
2025-08-30 21:45:00,10.820863182776122,63.2411713359651,66.1218487394958,27.45667217586513,741.5681488781208,71.42813930044497,48.86695904718295,57.05596237356061,11.62471029556973,63.15980398634952,66.1218487394958,27.4753176062163,740.7119355601728,71.72292448381266,49.28291487558379,59.05084847113379,1.0864423355437192,0.4612750195287008,1.0794762501837114,0.45751423441583605
2025-08-30 22:00:00,10.746968864894477,63.17190001206116,66.1218487394958,27.41145727151804,739.7237722057541,71.79795634788275,49.30874616868497,60.63854930933677,11.752367720272668,63.16671820540394,66.1218487394958,27.463248239089477,740.8521440248477,71.69945518573374,49.373952249566045,59.13163349809299,1.0781944495744813,0.4628487587622731,1.0793053348669281,0.458269854004322
2025-08-30 22:15:00,10.649401823707183,63.17137380128144,66.1218487394958,27.4223341008083,742.8633396553145,71.61145570218163,49.48909233464177,60.4784854009897,11.859868551719755,63.17115063682586,66.1218487394958,27.450802226699405,741.1745363406123,71.69204420253392,49.47581461341364,59.20535986244536,1.084770161771473,0.4645520510141671,1.078807507156161,0.4590881974419884
2025-08-30 22:30:00,10.84894348834213,63.42422377795476,66.1218487394958,27.419143031020845,736.3609501299732,72.0117036475525,49.60232823274503,60.57401710688496,11.945035383572671,63.177129803636156,66.1218487394958,27.441084583777307,741.5247416503319,71.65513961851028,49.56310083406722,59.265804238226806,1.0837420949387104,0.4709300974781502,1.077719740473596,0.4599173794779621
2025-08-30 22:45:00,11.415760006990563,63.49868431122305,66.1218487394958,27.420274824892477,740.9871994828623,71.79194875897146,49.41053827153281,60.66950747663668,12.018784282369586,63.188453191771096,66.1218487394958,27.429516785196657,741.9286259007024,71.62278821429416,49.66455543080208,59.331520824375225,1.070827749830099,0.4683744519272795,1.0763501640262947,0.460582172516767
2025-08-30 23:00:00,12.22420488119991,63.50282220783298,66.1218487394958,27.40259800669353,733.332278448423,71.90136987482447,49.84481675649825,60.553533024159925,12.082461688433247,63.20092588519301,66.1218487394958,27.418355993741823,742.6564099189636,71.59324257555127,49.76363617539937,59.28206589850372,1.0903221861406005,0.4681154923911679,1.0745116808382356,0.46097378334549083
2025-08-30 23:15:00,12.898354420787497,63.4659739101663,66.1218487394958,27.416949962714604,734.4708238558133,71.4424232125994,50.01930278579525,60.51424965772142,12.137915577220415,63.21268187139651,66.1218487394958,27.407265438348645,743.0318332976508,71.5595781110179,49.870438274907684,59.245876132057155,1.0791828782206234,0.4680329824767016,1.072550531482752,0.46134231561203964
2025-08-30 23:30:00,13.178689897127166,63.57190017452581,66.1218487394958,27.40844633874037,736.0066684574078,71.44233661099868,50.05413204681987,60.533255996533896,12.191736924620582,63.22130344167633,66.1218487394958,27.394863616798784,742.9942639200164,71.53815402083633,49.94606901399107,59.2233004883057,1.082454852913235,0.4657027143165344,1.0704663460205641,0.4614439489984624
2025-08-30 23:45:00,13.368069084493127,63.47621277119523,66.1218487394958,27.4446483809647,737.7445994672551,71.36986938775772,50.231227751567566,60.83851276116817,12.233605188957835,63.230792416111726,66.1218487394958,27.383981409770833,743.1292983146826,71.49358379059507,50.023227156770936,59.18993744169915,1.0718771878588924,0.4654079749876228,1.0679595424191062,0.4612126822487197
2025-08-31 00:00:00,13.329620468963151,63.274352375024826,66.1218487394958,27.377660665357915,740.2958713322298,71.26812268548814,50.43537613902972,60.85990640811026,12.271699963898829,63.237634365388324,66.1218487394958,27.371765085868365,743.2655934027417,71.46785268678636,50.106653865703265,59.15560929421123,1.0673097508350666,0.4661229918949545,1.065308417411891,0.46085520298064425
2025-08-31 00:15:00,14.038044145093629,63.2141951450608,66.1218487394958,27.37572639983465,738.9888886236723,71.69445716433333,50.33209442130011,60.781035349610846,12.316713273222183,63.249022819362985,66.1218487394958,27.359567398527652,743.4627095406818,71.45745415983265,50.17657231594481,59.11449996878168,1.0651991376252032,0.465254208907403,1.0623540208122537,0.4602048033977362
2025-08-31 00:30:00,14.481521133830377,63.14056575784306,66.1218487394958,27.324823223371663,738.9313459224775,71.36084602633973,49.97596231762612,60.69780694738637,12.373802411147333,63.254287160435936,66.1218487394958,27.347414329716983,743.5079855461313,71.43761404833337,50.229980224865926,59.085464080692525,1.0675668638960198,0.4636097240106169,1.0594943753208834,0.45972001072138863
2025-08-31 00:45:00,14.945489367970064,63.07357709169768,66.1218487394958,27.307517332674685,738.4393624830215,71.27703730383092,50.11793693161899,60.73686835630987,12.436174618598521,63.25680316336935,66.1218487394958,27.336171678423668,743.2694592918069,71.40202284970461,50.27932220431042,59.06345020546561,1.062499701773393,0.4658198524875292,1.0563090258508063,0.45937260061156004
2025-08-31 01:00:00,14.747340047865483,63.068442764103686,66.1218487394958,27.28193951373292,745.5636043786734,71.79925676286499,50.259786362747576,60.61834334296236,12.51020589246769,63.25534685768263,66.1218487394958,27.32747490170159,743.1490195445957,71.37680285606423,50.33194495794522,59.04569999408693,1.0708178200915677,0.4648318441376675,1.0525759000948403,0.45892709276997773
2025-08-31 01:15:00,14.174431716772316,63.09389324999881,66.1218487394958,27.26252481799378,746.6910037682431,71.64284880854257,50.59667086584045,60.4570491208316,12.581346611303195,63.254688984084495,66.1218487394958,27.31803816826042,742.6917699308601,71.3459956610107,50.39517605581718,59.02562402649248,1.0628638379162818,0.461558579680795,1.0488197663037775,0.45863325169940933
2025-08-31 01:30:00,13.504576888880026,63.15347236652433,66.1218487394958,27.29668030555779,743.5462624388285,71.39777203573571,51.125761317131975,60.736522781434665,12.649542152275343,63.25199630367407,66.1218487394958,27.310597492482096,742.3353735960211,71.33710378265822,50.472015644443,59.01592545024496,1.0597255820937608,0.4625454462546792,1.0447547235928416,0.45803060375407184
2025-08-31 01:45:00,13.45771810798559,63.18843711217365,66.1218487394958,27.31520999998915,751.1102549958227,71.33767708720713,51.26995121338071,60.67074910691812,12.703651180032772,63.246312810691066,66.1218487394958,27.3024531187947,742.2269090506842,71.31589196763296,50.54042892296522,58.994518249142516,1.051884965953704,0.4589047233066639,1.0409180797773645,0.45754091104949474
2025-08-31 02:00:00,13.786668883976931,63.23148963888761,66.1218487394958,27.30482476602863,750.5483193807931,70.63422658084414,50.942513979432896,60.30500085280106,12.756874784383303,63.2442372631045,66.1218487394958,27.29417995459202,741.9618514691243,71.28842584502998,50.596699722604036,58.847051957877284,1.041261955140692,0.4611075953662992,1.0372215799821938,0.45706069091945534
2025-08-31 02:15:00,13.73498764531494,63.316732692024026,66.1218487394958,27.244463695664816,753.1517947296053,71.16145626999932,51.28975314163847,60.24441439069983,12.805655167081802,63.24223611861659,66.1218487394958,27.286656023489968,741.4396864160624,71.26134068070178,50.643664675883336,58.688673753297245,1.037560414299766,0.4567023697610343,1.0330972780794085,0.4565221896735489
2025-08-31 02:30:00,13.11632804455028,63.38847770529302,66.1218487394958,27.224996002609704,760.307593747091,70.94862752232073,51.25245337060869,56.67877252531655,12.847233963365749,63.232939194461395,66.1218487394958,27.27837403320998,741.4189528640879,71.20170554136604,50.68514460636316,58.530611237745255,1.03053306110482,0.4545992304711663,1.0294227765452573,0.4558103416512947
2025-08-31 02:45:00,12.34329375536485,63.37592055024385,66.1218487394958,27.249470915798803,757.9558766675045,70.81157575110099,51.29753001381657,56.48137136196454,12.877545883956596,63.22343620117226,66.1218487394958,27.270074904968677,741.0950565551104,71.17650941595791,50.73254288222374,58.37114264166611,1.018775193964402,0.4525782853761093,1.0257296142058883,0.4551839056192176
2025-08-31 03:00:00,12.056393261795671,63.30992880637365,66.1218487394958,27.21755560076881,750.2979720965332,71.37803485238183,50.85640870644936,56.61879562644632,12.900158076694147,63.20842976625933,66.1218487394958,27.26158757402451,741.2749795947491,71.1406246778643,50.7641220762582,58.208817037008586,1.017344875939973,0.4502528401308489,1.021763468036805,0.4543404451578879
2025-08-31 03:15:00,11.916830116556032,63.22386254136036,66.1218487394958,27.26050100252768,746.891364681282,71.016929247551,51.1656518358292,56.7222952850883,12.895921434622391,63.193148207702144,66.1218487394958,27.252693685009323,741.5651170363001,71.1022154464709,50.777120978951054,58.04777402725134,1.014569776949665,0.4476476410702243,1.0176729885115423,0.4533591460729321
2025-08-31 03:30:00,12.013458610268682,63.1553126690153,66.1218487394958,27.223299749705973,748.5932958024125,71.0427680028294,51.28335897684629,56.59655750245257,12.864758531197156,63.17803890395729,66.1218487394958,27.244736029925033,741.7018819639561,71.08581596024094,50.81164340782236,58.00932554143181,1.010752669385431,0.4432468615783568,1.0138688609945605,0.45209831996182603
2025-08-31 03:45:00,12.141530202455474,63.25545548247824,66.1218487394958,27.23478023860645,745.8897583894294,71.40444565451752,51.01904422153042,56.41008188951362,12.815153934001888,63.16193282633406,66.1218487394958,27.234749731806595,741.7138158596127,71.0742519168085,50.84582410194902,57.97029522114287,1.0011046558372174,0.4408621505475409,1.0104843255687208,0.45058070414101686
2025-08-31 04:00:00,11.94903725304528,63.17114414209616,66.1218487394958,27.209151065637545,738.824376334787,71.06906045456685,50.816553538205966,56.55153089807689,12.74655837412537,63.15091108551046,66.1218487394958,27.2285479103045,741.3850424978692,71.0611111851711,50.87903069412878,57.93450809957985,0.9983952286830784,0.4463989691241484,1.0069938363036104,0.44883640250939705
2025-08-31 04:15:00,11.665695465137826,63.13620360690763,66.1218487394958,27.17250402490845,734.5499025902033,70.87606644143075,50.64153704591581,56.549665834376256,12.6537989221372,63.1426595428737,66.1218487394958,27.22197582019672,741.2382529384375,71.04405049541076,50.9130771085577,57.902658446047525,0.997397827632591,0.4464226102725822,1.0038310919476685,0.4470624161059622
2025-08-31 04:30:00,11.538511933514693,63.07464430121678,66.1218487394958,27.197902350800906,732.7636232064252,70.87648956801507,50.722677091492656,56.687613404298965,12.542392413723375,63.13728855523974,66.1218487394958,27.219635894727826,740.9983362708118,71.02777380878034,50.971849291704984,57.880679631101316,0.9904033447095488,0.4439950108050492,1.00025184227814,0.4454875704718896
2025-08-31 04:45:00,11.929181111675687,63.10187935332814,66.1218487394958,27.178236495118743,729.2762099908147,70.99770201943055,51.01134158516315,56.51873936919178,12.417428755843998,63.13990525785439,66.1218487394958,27.215872624601886,740.8967002510233,71.03283555342391,51.03678371967673,57.859082880175734,0.9842807951658404,0.4477969879164626,0.9969835081347344,0.4438899111731428
2025-08-31 05:00:00,12.464350756925166,63.087639456364585,66.1218487394958,27.255632514555792,734.3867457398619,71.32051039720191,50.92096286221623,56.69857004656588,12.270122402345287,63.145115207520824,66.1218487394958,27.21220490552447,740.4360036101531,71.00653801020393,51.08895842305624,57.834844407889776,0.9645803519953896,0.4454206466394268,0.9934554104726885,0.44220385795771205
2025-08-31 05:15:00,12.44413401549896,63.07066654647529,66.1218487394958,27.212340965243257,738.3142125180108,70.79178484968804,50.91935740284956,56.41374634048732,12.119370407483752,63.15016880314372,66.1218487394958,27.209171124103623,740.0614631900173,70.99937739794699,51.12732675461056,57.81660228169613,0.9713430210794068,0.446584238391388,0.9900901783912974,0.4403891196825129
2025-08-31 05:30:00,12.34367699541043,63.10963358446395,66.1218487394958,27.16326234543765,731.7720447589581,70.97397266979299,50.99687015784954,56.21456057137975,11.967157539314977,63.15523173359823,66.1218487394958,27.20659275489725,739.5937857547948,70.99417377450261,51.14301344871459,57.7930598252694,0.9672994557193628,0.4484421548610904,0.9867444651215695,0.4385055173729825
2025-08-31 05:45:00,12.112813304662126,63.11133946664396,66.1218487394958,27.19661616774681,727.1983880634557,70.7989007723354,50.898040933021,55.72713926358858,11.81912828657733,63.157632369383045,66.1218487394958,27.205057510640675,739.0860675483419,70.99549631189866,51.15615749074623,57.78190197981566,0.9610411046879156,0.4483970136369754,0.983882828940915,0.4367505761953331
2025-08-31 06:00:00,12.09630737686058,63.14531605329898,66.1218487394958,27.170683322621283,735.7389435707441,70.22264946748068,50.84672614713956,55.83214164032528,11.665451289955424,63.158839552198955,66.1218487394958,27.202790829373416,738.7534509537394,71.00730912353357,51.18032556967019,57.77646506401082,0.9735070489141696,0.4495746568105221,0.9814685218851676,0.43481012731156937
2025-08-31 06:15:00,12.32511762471594,63.21359451254925,66.1218487394958,27.171300977653285,731.270310213533,71.03606499672716,50.83248654735026,55.88544959426229,11.509034874585012,63.15569712945186,66.1218487394958,27.200978579578994,738.3775837340577,70.99600572141064,51.17917070506096,57.78180206353076,0.960032879649029,0.4495813709649682,0.9789491742969479,0.4331426132975094
2025-08-31 06:30:00,12.902570663326438,63.05262916044484,66.1218487394958,27.147978078368503,738.7299696375808,70.82482773201626,50.792192577531765,55.6837648844344,11.359932450043186,63.14975568517794,66.1218487394958,27.199828298718543,737.7831293975715,71.00009263246798,51.18082463950904,57.90362907472944,0.9713378010681042,0.4428116785512757,0.9771987770113615,0.43190601211443347
2025-08-31 06:45:00,12.77125515863484,63.00752715345082,66.1218487394958,27.150133292259035,743.1749471023427,70.29014627079728,50.40926986658118,55.68295936500398,11.230536517732185,63.14298766660447,66.1218487394958,27.19727358567331,737.142837461956,71.01692885010121,51.18938679463388,58.02886913300848,0.9564684924627378,0.4385940099280263,0.9755906409727343,0.43096737304400834
2025-08-31 07:00:00,12.243802794370062,63.11862106217996,66.1218487394958,27.16971668621156,740.1096162870892,70.95035202409964,51.08980491295904,59.37980142194762,11.104830630070525,63.13744504090653,66.1218487394958,27.19677842302588,736.8584585340396,71.01730124989705,51.21007456198218,58.143950295072884,0.9683310274037868,0.4278779309833531,0.9742840721298968,0.4300470803244847
2025-08-31 07:15:00,11.879931168635103,62.99303044249875,66.1218487394958,27.145059437411632,738.1026163369538,71.02294808478537,51.25664857536735,59.66760315250015,11.005786939094202,63.135716184838685,66.1218487394958,27.19751562551485,736.4348049384378,71.02308552158806,51.22064776906314,58.24787291243479,0.9703411250836952,0.4198795003633475,0.9731209122189703,0.4290719517272649
2025-08-31 07:30:00,11.27175367266764,62.94370015031676,66.1218487394958,27.191606020295016,730.4326704799254,70.87390073636575,51.431573904422216,59.78629276121976,10.924066119781322,63.13436838699599,66.1218487394958,27.198222748777052,736.10361540405,71.01814083087132,51.23521493395286,58.34953149354383,0.9625950728817624,0.4137939429463605,0.9726261927612749,0.4282659351905631
2025-08-31 07:45:00,11.255260585448532,62.96664886595796,66.1218487394958,27.17856369660132,734.5852018407224,71.18263647152286,51.35348685416813,59.82554574364113,10.849124140575718,63.12630695733892,66.1218487394958,27.19982791164638,735.7209565994078,71.03056081552286,51.24959791692221,58.338514606121436,0.970316806946944,0.4120346168043584,0.9725315290200295,0.42726111410089707
2025-08-31 08:00:00,11.139325881415646,62.97943612882419,66.1218487394958,27.254625459304837,731.7338458937057,70.87254542742743,51.73912781204447,60.038442499000055,10.780377181138528,63.12267814667073,66.1218487394958,27.203278286450104,735.6489093131062,71.02741479470063,51.260171564319144,58.31966445495795,0.96018937381016,0.4163643549884382,0.9728027630663804,0.4259369722381665
2025-08-31 08:15:00,11.196579631588705,63.15207817013696,66.1218487394958,27.194619228896432,735.3902818893656,71.42888964313799,52.06596977077123,60.08896582854228,10.709884259134618,63.11861825392153,66.1218487394958,27.208324326859437,735.9557388818141,71.03536167606394,51.28215353601781,58.311083779741985,0.9644496774712258,0.4178900735251262,0.9733522402465321,0.42458337985454747
2025-08-31 08:30:00,10.328149442904166,63.224741254096976,66.1218487394958,27.17190794141045,731.7427051525653,71.01033046626542,51.82502746413316,59.891189174383605,10.638265275662233,63.11552084301935,66.1218487394958,27.213414006503342,736.2173021110967,71.05137048334633,51.30835632744816,58.293108411017336,0.9649748902301936,0.414250247674745,0.9739644007928673,0.4235119676082364
2025-08-31 08:45:00,9.651871870926236,63.24550111868557,66.1218487394958,27.171511375368407,735.4547911641724,71.42803044083428,51.74772081246989,59.90978533502253,10.56277163031699,63.1102468141566,66.1218487394958,27.220666343644503,736.6939238441458,71.0714432256831,51.32233325701804,58.28221828848585,0.9619068754745508,0.4071164314248193,0.9749344897317381,0.42244827260360457
2025-08-31 09:00:00,8.938190843816784,63.30536028015968,66.1218487394958,27.219329229366537,729.5159393821533,71.24166333240473,51.59636214025304,60.03024908863247,10.482143222778195,63.1036027999367,66.1218487394958,27.22626955816464,737.0165085666493,71.0793119682218,51.34549411535911,58.26969428032549,0.9593541840019224,0.4060373769687667,0.9771455009781811,0.4214421916439916
2025-08-31 09:15:00,9.016840525856209,63.26045618571809,66.1218487394958,27.269152672291877,735.8787088022369,71.37735320908835,51.66427247432981,60.336013743305934,10.400224606522421,63.097899027119325,66.1218487394958,27.231487835871924,736.8154049696831,71.09092205318214,51.36255286607368,58.275182683518125,0.9660358805340692,0.406256487977182,0.9794854030469994,0.4204173151194893
2025-08-31 09:30:00,9.176358985319752,63.26770512336508,66.1218487394958,27.236824328010854,740.5698215427168,70.98861092989162,51.66755634715167,60.14189337865599,10.311389194705264,63.0942723558923,66.1218487394958,27.24024352906117,736.7433794745498,71.09913140834449,51.361844790561506,58.28335713987531,0.9688327434682694,0.4028941288533905,0.9826187612218079,0.4192072747765717
2025-08-31 09:45:00,9.042495184202611,63.22246000961105,66.1218487394958,27.1900962018322,741.8757781391528,70.82235420631122,51.25510720336159,60.40452437629799,10.21380466949528,63.089935835565505,66.1218487394958,27.247903007271777,737.1457367129163,71.12174805270168,51.36056332365408,58.30847437646724,0.9619799866531752,0.4066769493392333,0.9859010861272874,0.41815219486956445
2025-08-31 10:00:00,8.64325530829546,63.210234377075246,66.1218487394958,27.190487576796198,742.4739636525057,71.07123485404078,51.30207140405095,60.33358286127682,10.115127129069283,63.08086753681054,66.1218487394958,27.256361276774022,737.3861125073495,71.18689366939692,51.36663694227457,58.3458028376752,0.9780211425372274,0.4175011949788884,0.9888813970245407,0.4171333960069995
2025-08-31 10:15:00,8.461415786034783,63.172879993040034,66.1218487394958,27.17282952444189,738.7471185990403,71.31666228009782,51.554394667562185,60.23857311033583,10.005612767406044,63.07129546732363,66.1218487394958,27.262495741682535,737.8046111880109,71.21766542464269,51.378097852724586,58.38204084575555,0.970531112805584,0.4244191132633553,0.9924614361726143,0.4163981542194813
2025-08-31 10:30:00,8.285216631945936,63.143650035435215,66.1218487394958,27.202700721345792,741.7666042590406,71.38920684625754,51.47704172689814,60.0712304883786,9.878893434643407,63.0644008356733,66.1218487394958,27.270539713592097,738.030845038216,71.24629744405958,51.39392805800685,58.43416949368796,0.9781478106548488,0.4226440585451389,0.9962020547971149,0.4159631683765894
2025-08-31 10:45:00,8.945519387266287,63.17199685932523,66.1218487394958,27.282617077196807,734.1817568132304,71.19045739828144,51.48284804825784,59.839973805945135,9.748693436638943,63.0579289652204,66.1218487394958,27.278249546253257,738.1441813793225,71.30765264705074,51.433055627028814,58.49962249208894,0.9796749796218732,0.4183937831536322,1.0005449641306112,0.4158321768252427
2025-08-31 11:00:00,9.561834030882304,63.11487873373419,66.1218487394958,27.2445134475721,738.657609770773,70.89442728132681,51.72037392353787,59.646314935723886,9.625294094434228,63.04904554105427,66.1218487394958,27.283888019037928,738.1226026093938,71.3263857838058,51.43897558059875,58.43830428598817,0.9959110856545684,0.419066365477302,1.0044183120651955,0.41610781871041336
2025-08-31 11:15:00,9.893270826287374,63.01361259276619,66.1218487394958,27.28293512468629,734.4099942501718,71.77704519406366,51.450533710611126,56.07957526684204,9.489978382394948,63.04670057974679,66.1218487394958,27.28877348592258,738.0328734127779,71.36412945482873,51.42561771818212,58.367331301149655,0.9982647435998536,0.4107175178575591,1.00830489172592,0.41661486925258406
2025-08-31 11:30:00,9.886628469929564,63.06227982205041,66.1218487394958,27.312662309749204,736.6629577457344,70.9746798299001,51.133762960113806,55.98602636317221,9.371754559030538,63.04649507009231,66.1218487394958,27.291306632304664,737.9831919929399,71.39022175870937,51.39799298579155,58.29041965077088,1.0065322500736094,0.4066747132422323,1.0123018258079743,0.4173837224988064
2025-08-31 11:45:00,9.550907805020502,63.014406824431695,66.1218487394958,27.323885237188463,743.7547896514415,71.11447288232965,51.30099619687575,56.29224557789728,9.255754459909204,63.043762304167466,66.1218487394958,27.294838266966387,738.0080101487135,71.42277075562427,51.37105960384838,58.214548734508796,1.0138821430371374,0.405814838764012,1.0163286650605123,0.41825630478153
2025-08-31 12:00:00,9.389942429343147,62.98172197415121,66.1218487394958,27.350592740118003,740.6105200849012,71.35675378648689,51.50876083440326,56.14835234255951,9.144430841454112,63.04186392325014,66.1218487394958,27.296744259770858,738.0217203670452,71.44964675567188,51.331392579008956,58.12303767171427,1.0087681610996022,0.411852643415714,1.0203230877676863,0.4190999441383734
2025-08-31 12:15:00,9.664371751318368,62.943658487446,66.1218487394958,27.39580660935359,743.5748619822882,71.59988428953369,51.43064947225935,56.19203569324712,9.03870505261754,63.03536929053309,66.1218487394958,27.302959703040145,738.2645841185894,71.45073790464815,51.31236557567971,58.15451290486179,1.013383463331966,0.4158861377775097,1.0244480676076864,0.4199669049762248
2025-08-31 12:30:00,10.045498530761346,62.88831902976764,66.1218487394958,27.42372895015986,744.0642874149679,71.55657267336306,51.61578861244862,56.32284980175517,8.961603625188575,63.02404856552586,66.1218487394958,27.30757345626663,738.6180746164731,71.47864624484373,51.30325866335702,58.185676286903835,1.0309106893886817,0.4152382178510385,1.0286875505489639,0.4208408397229475
2025-08-31 12:45:00,9.986575527825782,62.89955336195384,66.1218487394958,27.368889296461862,732.2811046090251,71.14008739849847,51.43111992428655,56.57839843626621,8.905546596362203,63.01337244968641,66.1218487394958,27.31185014509264,738.848917576601,71.49531535618323,51.281031234671474,58.21408662676327,1.041540083143958,0.4158379426563197,1.032747841869699,0.4219673965287421
2025-08-31 13:00:00,9.67861464089563,63.00083344765326,66.1218487394958,27.425933141115102,729.6112799049547,71.2202533246636,50.97562789248441,56.45979426209546,8.871978530292584,62.99604512254519,66.1218487394958,27.315496690208946,739.3930491077367,71.50141424669077,51.25906223454787,58.250918529223895,1.061300200963617,0.4121409445735621,1.037382529839384,0.4232104841473829
2025-08-31 13:15:00,9.18527754836264,62.9812438568401,66.1218487394958,27.42640051406492,739.2691052144518,71.47740010305067,50.85959692579806,56.48065636134655,8.852774494692177,62.981797400582145,66.1218487394958,27.317887901716677,739.6935261104824,71.49442913599032,51.23482854700942,58.27585699529593,1.059510851852301,0.4167446164267571,1.0418859349978682,0.42450176581554466
2025-08-31 13:30:00,9.135981164080649,62.87326709065008,66.1218487394958,27.42443140768865,742.9502174037424,72.17701796833785,51.02893470575427,56.95199547656394,8.850639590465807,62.969292798553646,66.1218487394958,27.323066764910727,739.9179142951275,71.51888589275582,51.21221255268735,58.31697846922297,1.0629163758317652,0.4190106909335745,1.0461335620772474,0.42622921002132674
2025-08-31 13:45:00,9.03968677481883,62.92643242794191,66.1218487394958,27.355334924908675,743.8252706333758,71.95921765410033,51.17631386085077,56.97258983667281,8.8712337764403,62.957003823391375,66.1218487394958,27.330770032021544,740.0103758288045,71.54473687122142,51.20447086990271,58.34674249529359,1.0674340540912366,0.4275241173394194,1.0509374432364964,0.4278633753562205
2025-08-31 14:00:00,9.100990680447348,62.84579021093506,66.1218487394958,27.389297235655363,745.5169851437305,71.68378831452308,51.26709873599984,57.247624322406736,8.907821143653127,62.94120449659648,66.1218487394958,27.338689398934623,740.2449220806513,71.57274560410058,51.19833632367615,58.37680018184255,1.083556359803124,0.4297621032645204,1.0553389121774523,0.4291337490963153
2025-08-31 14:15:00,8.865255218500904,62.81337103986352,66.1218487394958,27.38142827209377,746.5750373355407,72.13080236053274,51.58309693724002,57.6465493170334,8.953338921610198,62.92554649520179,66.1218487394958,27.34745748877861,740.9036251562859,71.57629476119648,51.19548089264918,58.413667182493576,1.0867557724676316,0.4346642633876254,1.0601633525419523,0.430047791947457
2025-08-31 14:30:00,8.541822528228568,62.8521183371963,66.1218487394958,27.338870869751712,739.4622531892294,71.51234612675125,51.26740352005741,57.540255238924615,9.014021459479872,62.91117091808954,66.1218487394958,27.353714796321878,741.3702683816306,71.58525996784823,51.186660892183816,58.45092423314338,1.0845314654413127,0.4361471875384725,1.064905991530787,0.4309866891882933
2025-08-31 14:45:00,7.820459807456727,62.9226816032741,66.1218487394958,27.291623443951227,735.4107404384764,72.15525821547239,50.85591270286817,57.53841360734469,9.069521201677555,62.895024276343676,66.1218487394958,27.35665052153236,741.9568826476498,71.60001396324317,51.18738702588237,58.49890523639665,1.0869385149054291,0.4350910166284689,1.0694477271052552,0.4321015154098981
2025-08-31 15:00:00,7.725038971735367,62.93753486068261,66.1218487394958,27.267600411757588,728.9422278847829,71.65666985278573,50.60283193270483,57.47894324985628,9.134126134557532,62.880917761387686,66.1218487394958,27.361824545533523,742.2933505920998,71.61760378982552,51.180612289407875,58.55158464039003,1.0825030953433896,0.4368595403330286,1.0733948743080624,0.4332311420672701
2025-08-31 15:15:00,7.775257611808493,62.88466588821243,66.1218487394958,27.284512736452957,735.3297465139364,72.15910637896933,50.54548539587331,57.54941825577868,9.200994431605405,62.86938650499603,66.1218487394958,27.364888573580483,742.8744992006604,71.61103764074042,51.171604899373946,58.73168995560746,1.0911219845230842,0.4382120852860658,1.077046613930811,0.4345966228660934
2025-08-31 15:30:00,7.799617327762858,62.9224847013045,66.1218487394958,27.31180524343897,732.1451524436512,71.67882542885614,50.54911706686188,57.29311061516429,9.260075930274889,62.85683800379214,66.1218487394958,27.367603223938094,743.0505015725992,71.62595928882973,51.173365408774664,58.913118057462675,1.080022055025386,0.4416735356937427,1.0805005860102945,0.4362356407319404
2025-08-31 15:45:00,8.024805966491625,62.95723918862543,66.1218487394958,27.381082526974943,742.6761944356929,71.46162411242598,51.49515967089396,61.03322282296804,9.319513011001112,62.84604900810139,66.1218487394958,27.370008957218378,743.1947373455918,71.63713096697978,51.168337978877354,59.086033946348834,1.0881990726712214,0.4438988986606654,1.0833200719844194,0.437780953441545
2025-08-31 16:00:00,8.01510662003515,62.885119503880055,66.1218487394958,27.310320538205048,742.3474200890744,71.84758067213278,51.551820094451976,60.826090635644896,9.375933648493527,62.83466572245708,66.1218487394958,27.37214223244928,743.5573298368082,71.61601406311874,51.16164407732892,59.26576540286044,1.0921593784685202,0.4404682900764284,1.0866569544832634,0.439306869829645
2025-08-31 16:15:00,7.970161006135094,62.92521764350213,66.1218487394958,27.299812040148712,742.38007996801,71.92810378101908,51.08089795190397,60.76209553080554,9.418177999690377,62.820017086853774,66.1218487394958,27.372224984151085,743.6396359508569,71.5938361669587,51.15422867642181,59.43965406742835,1.083715615096604,0.4409131355986586,1.0899793785646454,0.44051854866525
2025-08-31 16:30:00,7.931148861728246,62.785540465923,66.1218487394958,27.32872558285581,745.8398853162249,71.42463004763144,50.937292136544784,61.13520616245129,9.45812729468489,62.80738280228232,66.1218487394958,27.370705702547347,743.8720068824092,71.58183442678975,51.140857323357714,59.605408582510485,1.0983948230924716,0.4433300055279892,1.0925670214044585,0.44150593703772373
2025-08-31 16:45:00,8.440719457843976,62.83302452682678,66.1218487394958,27.34088901752374,744.8930188846052,71.16779988807433,50.93726184817631,61.08416772546688,9.494892004587603,62.79699455914955,66.1218487394958,27.37080668260251,744.4642260660019,71.57985302268813,51.12404215589512,59.64115680122106,1.1011380352885975,0.4449949380220357,1.0944100407944488,0.44248770125709175
2025-08-31 17:00:00,9.112311858528615,62.89256706251015,66.1218487394958,27.392190223832348,747.3014670820742,71.7223136328566,50.98907651748945,61.37553759646728,9.528579780770555,62.783372777415586,66.1218487394958,27.36676202064659,745.4008224537905,71.58089139279609,51.12235448893317,59.67279256644085,1.096261555849648,0.4547174550268522,1.0956027650930564,0.44377620792808653
2025-08-31 17:15:00,9.660320763437433,62.85379075474314,66.1218487394958,27.42119421515683,744.649624149463,71.59788356027919,51.02285671982226,61.2974451584165,9.559403432419584,62.76544684290468,66.1218487394958,27.364151131135753,745.8476648843509,71.56364649903294,51.131297258930516,59.700334551260134,1.1060964214306397,0.4557019093860464,1.0967941489672257,0.4447985365406316
2025-08-31 17:30:00,9.740876324680258,62.7362545732281,66.1218487394958,27.428068584188487,749.5103512079063,71.91149684041575,51.11803501725452,61.23531345774544,9.578856872243252,62.749746772647605,66.1218487394958,27.3599786371381,746.2271248220204,71.53802211150794,51.13420067577246,59.70915418176529,1.1100652107659124,0.4556124071817324,1.097754363021418,0.4457457272742047
2025-08-31 17:45:00,9.826949124746983,62.70313995119942,66.1218487394958,27.43587221976149,758.508210868077,71.42313699297478,51.46873173675284,61.34458312986688,9.611784044028127,62.73266788270347,66.1218487394958,27.35776864215735,746.8107062296566,71.50501131635697,51.13384501774237,59.71173316988646,1.1152643237405784,0.451840398797606,1.0989324841356496,0.44655972894880974
2025-08-31 18:00:00,10.10569276803613,62.712382722067744,66.1218487394958,27.39041994764381,755.7659010193873,71.6581630458097,51.21244171293728,61.18894200787281,9.66035352502018,62.71687090954937,66.1218487394958,27.355336056849584,747.2691031676508,71.49130017211763,51.12534452288544,59.70401916915735,1.1204269803198896,0.4508109757702278,1.099089927630884,0.44706699237927877
2025-08-31 18:15:00,10.610511653196712,62.68759760694935,66.1218487394958,27.37068883351124,751.7801847938006,71.63307726013007,51.50463205921483,61.279403903543006,9.73205583262447,62.7025019239907,66.1218487394958,27.352467013408607,747.7637974445929,71.48399441192792,51.10127515626343,59.69010750306522,1.1159270468559193,0.4518385698017773,1.0988997137248409,0.4475856922372453
2025-08-31 18:30:00,11.499982017281663,62.691683285054616,66.1218487394958,27.39973416760702,748.751648104279,71.42212207879716,51.51713182930271,61.22669705552551,9.812098719259248,62.68925364325573,66.1218487394958,27.35308771953838,748.3454008630208,71.48010092865626,51.106556117220414,59.68106874423961,1.114325501738783,0.4529551651984624,1.0983647887728571,0.44800608862225527
2025-08-31 18:45:00,11.899319737723513,62.667674901016326,66.1218487394958,27.37485596609505,751.8444525069864,71.58006072151086,51.180312009593344,61.48273472336473,9.912587294266181,62.674004827517386,66.1218487394958,27.355735860026154,749.0652297755985,71.45480889782421,51.136502325318354,59.66969553593375,1.107816932282312,0.4516819418222561,1.0980654381916992,0.4484920878709483
2025-08-31 19:00:00,11.659073430014066,62.68582478593359,66.1218487394958,27.39410182047756,741.9430289038975,71.42232927257943,51.1865782421353,61.42886941882852,10.029552120911895,62.65946243026978,66.1218487394958,27.358538066522787,750.0389667790049,71.43814753319295,51.17709360913326,59.656175878376565,1.110151412458116,0.4558452492176415,1.0978208343238023,0.44909138433032464
2025-08-31 19:15:00,11.334020226807253,62.69073695370926,66.1218487394958,27.396057235596928,748.0818628412197,71.44962322683112,51.15017329995636,61.47972224448217,10.17085731682547,62.6496774502924,66.1218487394958,27.359842075078383,750.8187599624093,71.39660972140392,51.216322621346904,59.63676108115476,1.0984667222608795,0.4521742200521508,1.0971379001502866,0.44955389080253183
2025-08-31 19:30:00,11.082561554115646,62.64022340482196,66.1218487394958,27.41459099704518,751.488294821393,70.72324667065604,51.30794378795052,61.54029603790767,10.328416442182887,62.64084214043474,66.1218487394958,27.36112684981272,751.6099331557415,71.36897317510926,51.25500376300604,59.63242637083318,1.1088746360649262,0.4576301350587163,1.0965566798880533,0.4500545664234809
2025-08-31 19:45:00,10.931702287223796,62.50419941934667,66.1218487394958,27.398289160407643,746.0440454037516,70.93454740473163,51.20818744504599,61.408695630284576,10.500420876047354,62.63403788131862,66.1218487394958,27.360921360267426,752.0450511096329,71.35023863212191,51.2656280647607,59.502526774523425,1.113056185773427,0.4522365028456575,1.095503358619297,0.45034679342929546
2025-08-31 20:00:00,11.24397738059675,62.509290492624245,66.1218487394958,27.37815050204781,751.0354153615359,71.19652046829516,51.21464802052552,61.29548525421914,10.679475047299926,62.63387840307675,66.1218487394958,27.363006184837253,752.4620097080684,71.32513152898899,51.262171643910584,59.3759017274159,1.108539974583075,0.4448598690252515,1.093850704034728,0.45053739294609607
2025-08-31 20:15:00,11.089516824907186,62.58790606797078,66.1218487394958,27.371918698116712,750.047680116804,71.08064527544933,50.92666490040875,57.65084499758336,10.859111548535697,62.6320946910411,66.1218487394958,27.367773947210857,752.960171643572,71.27787517843169,51.27637910514339,59.24961396931207,1.096830664843665,0.4452908692373595,1.0928525572911154,0.4508702005753869
2025-08-31 20:30:00,10.689247926384176,62.59217999563437,66.1218487394958,27.304593282437526,757.7091715386172,71.25140442790278,50.92499788362594,57.40886721868903,11.03812412627709,62.631427082801345,66.1218487394958,27.37239642827208,753.5107585245775,71.27761341349684,51.298310238620246,59.10603880843175,1.09708192992185,0.4507961447034036,1.0915473098793658,0.45096707016090937
2025-08-31 20:45:00,10.109987097833557,62.44346582151282,66.1218487394958,27.34807382873976,752.6743781312632,70.96005329015631,51.12788002571831,57.306915905925344,11.21974947507665,62.62966437110971,66.1218487394958,27.37380823920307,754.2282795479547,71.27898592549263,51.32240418553739,58.96710965722009,1.0952523680773785,0.4474144748031119,1.0902322917501162,0.4510655470268302
2025-08-31 21:00:00,9.71958435879064,62.40226498293764,66.1218487394958,27.29925658775895,754.3340155338263,71.4082863425877,51.11603721101272,57.21658439171866,11.385407023339322,62.626228732101566,66.1218487394958,27.37340401643751,754.6041370805791,71.26479248834633,51.35593679513211,58.81698522707672,1.091722797457528,0.4474264129407657,1.0892305878686843,0.4509152721527671
2025-08-31 21:15:00,10.027501928365051,62.41406572961805,66.1218487394958,27.28903507548631,761.3327128624625,70.9688937995713,51.16564411994801,57.049959480307805,11.545677193767315,62.626573060449566,66.1218487394958,27.371815804612346,755.1038811577508,71.24733569496978,51.403923426356414,58.79412401236552,1.1027776875181952,0.4519441675775723,1.088109747987388,0.45092263256790566
2025-08-31 21:30:00,10.558075110208978,62.37188101631208,66.1218487394958,27.3163196764224,759.2688932835541,71.27245398734274,51.01208389029195,57.016204300533296,11.70080729418773,62.629349251750185,66.1218487394958,27.36891975053079,755.528740610291,71.19903752584305,51.44204960675083,58.76349336167489,1.0882796646601474,0.444980006178591,1.0864346236572238,0.45105603075760425
2025-08-31 21:45:00,11.01632444662959,62.38230147310354,66.1218487394958,27.29535696886436,761.4158656438035,71.91162955484178,50.861015938579726,57.22919933426982,11.83488829165642,62.634591178419,66.1218487394958,27.368720334109565,755.5671137205549,71.19357085113053,51.46157813728784,58.72680846634606,1.0810493552863434,0.4502252591266219,1.0843516155729855,0.45134246591701166
2025-08-31 22:00:00,10.943109127271928,62.45466991514718,66.1218487394958,27.357492053645004,756.910355742065,71.39554162860115,51.42583234876692,57.269092474156125,11.948936583604372,62.64136169680976,66.1218487394958,27.371169768364997,755.7353892132999,71.17593702439814,51.500531844634615,58.695838836266326,1.0684837168817964,0.4487590790887711,1.0818650914511803,0.4515537149849554
2025-08-31 22:15:00,10.835117057664666,62.46521713112373,66.1218487394958,27.371067658584494,757.0056078158088,71.396497290511,51.7542989458062,57.19721735816876,12.046287948017566,62.65111556253861,66.1218487394958,27.374104506567537,756.0172462145213,71.15049765087586,51.53679754523552,58.67473451606358,1.077957997470692,0.4496709940892587,1.0796629910862867,0.4515810856172113
2025-08-31 22:30:00,11.233983771106832,62.50126294325426,66.1218487394958,27.35166660665646,758.1543379869809,71.1568289138475,51.82057044715212,57.07335352314106,12.118798001926463,62.65963430524882,66.1218487394958,27.376274247830104,756.3754698259735,71.11849145701285,51.576986344091445,58.65871628411245,1.075164979306486,0.4548384341143196,1.0771535518444528,0.45135031786386254
2025-08-31 22:45:00,12.01441348921572,62.591116488891295,66.1218487394958,27.323632993120764,758.7235420160634,70.91297202529911,51.72235576228275,56.96697433912436,12.17717880397289,62.67181113289594,66.1218487394958,27.379169373605787,756.7429557771292,71.10845184161366,51.636005163566146,58.6318302897786,1.0706339593176102,0.452087279452281,1.0744989107912117,0.4510969358498215
2025-08-31 23:00:00,12.526391088485347,62.65742540557462,66.1218487394958,27.35034848546921,755.8803482436155,70.84972904001592,51.70955131663574,57.16306930551689,12.225959474658579,62.68386244178698,66.1218487394958,27.382637472243893,757.7056824437876,71.10456746558121,51.68748319302445,58.600552952068895,1.062585447158383,0.4566938043222148,1.0715932482284662,0.4504244070954405
2025-08-31 23:15:00,13.18493898242568,62.7531114151419,66.1218487394958,27.37491784061625,755.7297330524385,70.89958782280566,51.8138887235338,57.13623493367533,12.25467386801802,62.69425873806354,66.1218487394958,27.38505119688877,758.477243255453,71.08813467399094,51.746300855420934,58.56013188175178,1.05659943460854,0.452665708835103,1.0693195777617186,0.44965104420807733
2025-08-31 23:30:00,13.386731757612266,62.88033515662373,66.1218487394958,27.37286527529972,754.8561780421422,71.09436757814508,51.44812746894837,57.02733922241914,12.270968638828265,62.70449254123805,66.1218487394958,27.387289892802833,759.1620222550856,71.10068935018035,51.78308247000478,58.51640874126183,1.0425797409314437,0.4461862755804476,1.066759499668909,0.44875156104310576
2025-08-31 23:45:00,13.359256043208276,62.871706282432704,66.1218487394958,27.44284491135681,757.3249380331176,70.51041326429984,51.50712178888839,56.97346278769061,12.292703933339864,62.717709430156006,66.1218487394958,27.388217307213875,760.08755900147,71.08097866027794,51.82409681921898,58.4724351200897,1.053771212788226,0.4508973644773829,1.0631485604772462,0.4480161941213994
2025-09-01 00:00:00,13.301526193970004,62.76551221873035,66.1218487394958,27.467400014692565,762.3574917463824,71.41677709958627,51.595226140850286,56.82795133604163,12.308757015088077,62.732513886909764,66.1218487394958,27.38959672102976,760.9216685226377,71.05395050881465,51.881543309312995,58.44552003648868,1.0592374007399818,0.4462360930936634,1.0596779701983274,0.44764403104674133
2025-09-01 00:15:00,13.889479921830867,62.78014317607764,66.1218487394958,27.38324334545332,766.4186495859232,71.20897524794806,51.66008025569077,56.91629318911731,12.331442637018908,62.740474735642486,66.1218487394958,27.390619464924743,761.8203846940665,71.04796018709916,51.95518950150832,58.53155306662329,1.061687491411113,0.4479492439996607,1.0566946150753391,0.447076027063911
2025-09-01 00:30:00,14.082038306408696,62.78949789226567,66.1218487394958,27.380063540865667,758.577193060807,71.29651051846785,51.99505480533089,56.87180469216587,12.366102719798425,62.750272626069965,66.1218487394958,27.392241846025374,762.2602653206261,71.03142258207825,52.03084630194687,58.62887636995483,1.0662104394066942,0.4502092088049572,1.0540791685139907,0.44615350194375125
2025-09-01 00:45:00,14.468425876277184,62.86412060518329,66.1218487394958,27.37354786040178,759.641946464617,71.07417975898247,52.4624556565517,60.611608717080784,12.409275513175254,62.76638458923451,66.1218487394958,27.39272728376959,762.5966917175955,71.02319852225898,52.08809418582439,58.727654578917615,1.0724712249917523,0.4559227218402034,1.051827531125395,0.44533820719033523
2025-09-01 01:00:00,14.394779337292702,62.81954031224642,66.1218487394958,27.341186961741897,762.256134784114,70.46255176661336,52.26182042908673,60.31639393702634,12.467265068650418,62.78382335835353,66.1218487394958,27.393896911379105,762.669780100347,71.00939686636113,52.15133172626751,58.83467878572003,1.059811480860981,0.4596143528726916,1.0487438210898055,0.44460643411567413
2025-09-01 01:15:00,13.84937904880767,62.8603977512643,66.1218487394958,27.4298897271247,759.6594041759898,71.25913675159926,52.05458765286328,60.24403627000198,12.537046219409227,62.80143302931952,66.1218487394958,27.39647052553847,762.6451088891876,70.99607694435171,52.217099884693695,58.95149882199386,1.0527740812134363,0.4604334535798282,1.045293251261147,0.4437037754439811
2025-09-01 01:30:00,13.527141526474717,62.915498273790384,66.1218487394958,27.463902975306752,760.8141658017358,71.12914824383839,52.38105293334054,60.25985310548084,12.604222260483606,62.819993670485445,66.1218487394958,27.39821082569183,762.7920973193773,70.9864599272442,52.29572953806823,59.07951466037938,1.0458312566657262,0.4571484478085396,1.0428088770114288,0.4429208691655727
2025-09-01 01:45:00,13.531052585592573,62.98021357881472,66.1218487394958,27.4587309795875,760.2358948304441,70.86989605446183,52.59260307724215,60.64627429746087,12.669541785044919,62.83762894758995,66.1218487394958,27.400355296697253,763.0030263698793,70.9568181380862,52.373498547389005,59.07356834934516,1.0498640359091138,0.4526596887694529,1.0402460553785968,0.4418889259885202
2025-09-01 02:00:00,13.675283634548585,62.94724556636118,66.1218487394958,27.464826405484,759.4983564478447,70.46193626290686,52.72279579498021,60.74615009699156,12.73046038215739,62.84960886865826,66.1218487394958,27.39964688755601,763.3797854819893,70.9256228432648,52.426834973206645,59.06926340901653,1.0390423244837683,0.4460321325979998,1.0380317641236472,0.440785778129247
2025-09-01 02:15:00,13.650743799116334,63.03297973042988,66.1218487394958,27.46170973936558,762.8690310416583,71.27887225953438,52.95087659383437,60.67615489334924,12.782334054373091,62.85963912731754,66.1218487394958,27.39995187773792,764.0722353038557,70.91276486877065,52.467235412525845,59.066003461654255,1.0281777006850723,0.4440804814010262,1.0353393760387146,0.4396455795449318
2025-09-01 02:30:00,13.122493550584725,63.04736405266458,66.1218487394958,27.49814477962067,770.8248289036483,71.3057979916068,52.730919125884256,60.49054928753729,12.811494318171842,62.86526035657112,66.1218487394958,27.401874725915757,764.6619319034411,70.89945550607032,52.508310608323605,59.06230975884498,1.022981535575752,0.4356693865862108,1.032676293198039,0.4384709451342184
2025-09-01 02:45:00,12.195452027590523,63.00262584200596,66.1218487394958,27.468468974943377,771.2286871911829,70.95663947912256,52.914703171851016,60.267090134968825,12.825905968016375,62.86848618760663,66.1218487394958,27.405093907248684,765.0826421441947,70.90801756619483,52.54285267900155,59.060990365414156,1.0302566082584557,0.4289733334312566,1.0298407093937778,0.43737346125796145
2025-09-01 03:00:00,11.571404678422889,62.947237500057504,66.1218487394958,27.48175187446708,772.031664810366,71.09988695633807,52.411392225465946,60.228601823209154,12.840208275740705,62.87315026145868,66.1218487394958,27.406809232051597,765.562243329567,70.91527786780419,52.57299253171309,59.054452278103334,1.0320722932806343,0.4306456401095679,1.027168539569818,0.43625099909292814
2025-09-01 03:15:00,11.583761122571785,62.90070608688544,66.1218487394958,27.426111592738813,773.8101477952879,70.34322670765974,52.43861792147207,60.08948699512039,12.830497475780305,62.87470051419273,66.1218487394958,27.40840331232042,765.8527120942673,70.91218764338858,52.604412597196706,59.043333667260654,1.0047280100235427,0.4301754951944671,1.024426773448035,0.4352352105018769
2025-09-01 03:30:00,11.725569833043195,62.95342419523699,66.1218487394958,27.419532916524396,776.0587009965667,70.38567592439647,52.938042723345866,60.4880327461888,12.809152712520273,62.87306190287112,66.1218487394958,27.409268766620915,766.278886387711,70.90448232965186,52.639949033726914,59.038640767390554,1.004422266215515,0.4336949767855081,1.0222336392654487,0.4344889397247646
2025-09-01 03:45:00,11.77008548283209,62.82673152995245,66.1218487394958,27.402601014966148,777.0091652596693,70.90093562398467,53.13605066626842,60.23183590162182,12.77753556984047,62.86729516216182,66.1218487394958,27.408672680734092,766.4854665059023,70.92182661907573,52.6602229843921,59.043459122340415,1.0073300111540182,0.4282507497524518,1.0198195176239746,0.43364748639675504
2025-09-01 04:00:00,11.729050409769735,62.88611670845848,66.1218487394958,27.35326471545646,770.9055903354014,70.75527627727556,53.19470189678271,60.32856631863514,12.73252302128235,62.86280611228594,66.1218487394958,27.40706614928032,766.8623762353267,70.91724357444478,52.668024219653276,59.06039929280177,1.018618533081393,0.4231203910986122,1.0170209647751074,0.43289864564301234
2025-09-01 04:15:00,11.405170899138396,62.9268247164496,66.1218487394958,27.36263696106623,762.767170040344,70.7133314955781,52.845316542043726,60.27026217480883,12.65973493561025,62.858368773706296,66.1218487394958,27.40746788002473,767.2223855321013,70.89933697291995,52.6770750915957,59.07930289099853,1.0277032464195115,0.4229556322006297,1.0142016059864731,0.43205037027952886
2025-09-01 04:30:00,11.459271023045552,62.925428056507926,66.1218487394958,27.334345416044457,756.526667016375,70.99423666565212,53.01316342430645,60.42731059579096,12.57029750728669,62.85182392670405,66.1218487394958,27.408816456636472,767.7116287253507,70.89973224785989,52.67465735565786,59.09961516243127,0.9992114963898426,0.4254732207009317,1.0111215832214058,0.4309360956240976
2025-09-01 04:45:00,12.120936451129293,62.94235585859774,66.1218487394958,27.36624350026721,760.5925765276752,70.56929613928897,53.1386888727334,60.55456056852284,12.457455433566617,62.84177075250118,66.1218487394958,27.41049295769653,768.2850035581516,70.90143833058983,52.67320040902851,58.9864125230267,0.999260592658441,0.4248644074267815,1.0084245712071274,0.4295595543838719
2025-09-01 05:00:00,12.57335634244037,62.928700251289726,66.1218487394958,27.36852868102325,763.6785461892474,70.98394347411737,53.37097349152784,60.85667945209909,12.328692036191553,62.834449174607315,66.1218487394958,27.412565533376874,768.5631139709182,70.92692764143607,52.661759161046376,58.87230169343953,1.0137484371686,0.4214928178263422,1.00634402039016,0.42800236708679945
2025-09-01 05:15:00,12.975910183468947,62.91135978623881,66.1218487394958,27.359691099027124,767.7437371588691,71.0223758801015,53.1940862182034,57.05081000324302,12.194655217685941,62.82588980182599,66.1218487394958,27.410634514568308,768.9162905851699,70.93020287462973,52.65806244849383,58.760738985902435,1.0041647063013814,0.4192669638150453,1.0039980916290034,0.4264110727533176
2025-09-01 05:30:00,12.770667040646105,62.8140675471964,66.1218487394958,27.33623977940762,768.2131291053607,70.45968278395905,53.025925123296005,57.13994426429705,12.05548761139511,62.812766756161516,66.1218487394958,27.40885204442964,769.2551794237731,70.93661199328906,52.63599781285178,58.647473036568684,1.0020549792333096,0.4156646433105735,1.002240211991768,0.42489420145866813
2025-09-01 05:45:00,12.39132722413572,62.76612489090231,66.1218487394958,27.380217364041776,777.779102471802,71.0107580556866,52.96631212538219,57.09941893730048,11.910444344018977,62.798098004472195,66.1218487394958,27.407863254570426,769.8163484025047,70.95607653343377,52.61333060284657,58.51867300112212,0.9971863549227143,0.4154650365598038,1.0002076237745297,0.423283633524717
2025-09-01 06:00:00,12.108791685069328,62.66989982086174,66.1218487394958,27.409352051991583,775.8452359745397,70.75754803283802,53.05282632108467,56.96254243886294,11.76563937869613,62.78598964268516,66.1218487394958,27.406534897754444,770.2119948178138,70.98043501692554,52.60218198720453,58.51021911114853,0.9952724940862172,0.4195994017929164,0.9982275069026171,0.4218967685786559
2025-09-01 06:15:00,12.446762984551674,62.68789141995629,66.1218487394958,27.420208433108627,771.3448492386744,71.16983382903443,52.75861788262136,56.9273925361997,11.615625755377703,62.77100151113771,66.1218487394958,27.406366887970005,770.3189108862923,70.97659840098828,52.59387545748643,58.511043045683586,0.9855664451897724,0.4191627631645735,0.9964344925020765,0.4203940014256774
2025-09-01 06:30:00,12.955460320215302,62.79734762113629,66.1218487394958,27.401808229556565,770.2683838047857,71.06753808829642,52.61374689798179,56.96692668619229,11.474822973411214,62.751303028039324,66.1218487394958,27.404109265430684,770.0698706269735,70.97164789084763,52.58514309079926,58.519816719139634,0.9824203524395896,0.4230199393712167,0.9950730867377975,0.4191230632982566
2025-09-01 06:45:00,12.893614983613704,62.79961899716346,66.1218487394958,27.422740248680867,764.443795993448,70.80688109033741,52.75649068804243,56.80267660839493,11.352276278310235,62.73332600418423,66.1218487394958,27.402978438890997,769.7845295794734,70.98595561119818,52.559181227179046,58.54023828235325,0.9743464509550476,0.4221920511035653,0.9940434248180083,0.41819671317762747
2025-09-01 07:00:00,12.746388859811296,62.83117681697548,66.1218487394958,27.398828904314577,767.6414068454546,70.86320816604294,52.514220564854526,56.886552226316006,11.251713008906176,62.722483484576316,66.1218487394958,27.40239755883712,769.7809372186714,70.98458707624518,52.546362809168954,58.560228606017645,0.9767857154538584,0.423798152267077,0.9932066602751557,0.4172425206809887
2025-09-01 07:15:00,12.410741762814114,62.698704061153606,66.1218487394958,27.42496233475228,763.5223415788536,71.03074194701641,52.1153403088439,57.11801343618643,11.161431398785759,62.715510083324745,66.1218487394958,27.40294379698185,769.676541785627,70.99382908929131,52.527042886506614,58.57930583491282,0.9813475635440002,0.4256537646370962,0.9930091312416589,0.41615321185062826
2025-09-01 07:30:00,11.951149737226412,62.63084072245378,66.1218487394958,27.419204071079267,773.6647836291131,71.27928576065791,51.82926319868565,57.33615644988223,11.087545983731724,62.70627451571936,66.1218487394958,27.404287190033543,769.59268925325,71.01275107292913,52.49335128027155,58.581655100402614,0.9752808152739636,0.4237708704813814,0.9926291468919477,0.4149544052211334
2025-09-01 07:45:00,11.705837351667936,62.64702301868857,66.1218487394958,27.395295267785578,777.2189284891631,70.6717772022034,51.93160641396335,57.48340113502002,11.026427868630952,62.70115032865164,66.1218487394958,27.407790825728114,769.2805213137656,71.00830067755561,52.44469011272219,58.58895015229252,0.9771067277520904,0.4225009830951571,0.9923731298248739,0.4140113405253068
2025-09-01 08:00:00,11.398915456701856,62.593152482198285,66.1218487394958,27.420520839217964,773.2544888582871,71.30836876666548,51.92252272719575,57.481172835148335,10.953905079060478,62.69673620729779,66.1218487394958,27.413743462539614,769.2026451141545,71.01618060376119,52.3983704628776,58.59395728194614,0.9738097564546704,0.4167809691420208,0.9915100814558706,0.413388890701493
2025-09-01 08:15:00,11.083163664674991,62.56252537909722,66.1218487394958,27.423842892203545,776.8431914486426,71.12536224088065,52.41874725767124,57.21552953494364,10.889392063643832,62.69014944995214,66.1218487394958,27.41936279399914,769.5498126067571,71.02837859622326,52.362183097183795,58.61004027627097,0.9915608645634044,0.4146264846334321,0.989901936702962,0.41280164419244986
2025-09-01 08:30:00,10.53187741604076,62.59989297543039,66.1218487394958,27.403364232152157,770.5994471671123,71.22723109200079,51.91858298962288,56.8930690494113,10.814594198457183,62.68486855297165,66.1218487394958,27.42574248504968,770.2502174531793,71.03145381464506,52.34261318606002,58.62925888614913,0.997394956351952,0.412898733960518,0.9896547418558884,0.41217961943900616
2025-09-01 08:45:00,9.8282744936393,62.60361656782442,66.1218487394958,27.371959162867707,770.2547026035423,71.35739374740939,51.94368627628667,56.89715504388903,10.733925536144461,62.680897791550066,66.1218487394958,27.433420049969197,770.7446926294109,71.03967710878095,52.29695409969108,58.63607903846577,0.9823962183787454,0.4126946235753716,0.9892816911051504,0.4115872506824481
2025-09-01 09:00:00,9.35211333774984,62.52180690385632,66.1218487394958,27.410428871146877,770.9808309598337,71.32142180361792,51.71911386407894,56.86187462546817,10.647957423253986,62.6786413292089,66.1218487394958,27.441231185308297,771.0293914130226,71.0334042292267,52.24353583458104,58.63528718479565,0.99309486754866,0.4116423089690574,0.9889564330522584,0.41102758036773807
2025-09-01 09:15:00,9.179754564308563,62.5401510281351,66.1218487394958,27.42906728381101,777.070964192391,71.45383225880317,51.91258677708593,56.78227323406392,10.551473704400271,62.677641594608346,66.1218487394958,27.45035616470376,770.9813138101423,71.0331807430127,52.18773401799902,58.763381774564294,0.9888863893919674,0.4043426507509192,0.9888643145142192,0.41043416952521494
2025-09-01 09:30:00,9.33113467486314,62.58399471274996,66.1218487394958,27.42497570100451,771.3677489071192,71.1926907676596,52.388337325719256,60.49253339778392,10.46746294365632,62.67709295306926,66.1218487394958,27.463371125059776,771.0100677275843,71.05345025497937,52.138367107224006,58.89076603742884,0.9796388183263888,0.4044261842161639,0.9890241782619567,0.41000673625944817
2025-09-01 09:45:00,9.150335099563552,62.58333578400652,66.1218487394958,27.456669445832382,766.0765130960132,71.16377378141712,52.70168070229141,60.70087292940128,10.38347858848337,62.67778514673117,66.1218487394958,27.476475149477654,770.8583582904954,71.06150611352771,52.081009930556554,59.013187466218,0.9743872686688544,0.3989974668116736,0.9892259962705806,0.409773523774672
2025-09-01 10:00:00,8.898410091590064,62.45640955971307,66.1218487394958,27.43041610344101,763.3536211240829,71.1572826873869,52.46894812526876,60.75375949121834,10.286760673843562,62.68158715880963,66.1218487394958,27.48877599257202,771.1648324491355,71.07629727885492,52.02192783612259,59.13043394882446,0.982139362647383,0.3975412427635885,0.9898412129076503,0.40934479273027813
2025-09-01 10:15:00,8.519051174561115,62.46331512635288,66.1218487394958,27.4345441787528,762.6684557661792,71.38587108963897,52.135847263244976,60.87973703137738,10.18220255093322,62.68174947019646,66.1218487394958,27.500594719395135,771.5865763106509,71.08467857580052,51.972202057050595,59.2489834995189,0.9993667506647814,0.4011828298123805,0.9913216853117282,0.4090358727305759
2025-09-01 10:30:00,8.554506596301163,62.62196191182005,66.1218487394958,27.46432547285085,771.9238939863066,71.0588309077486,52.02683968516305,60.828311533141125,10.065472757118714,62.68044100296879,66.1218487394958,27.511892651393342,772.1622614023258,71.10312747990051,51.917707949832376,59.25191055946711,1.0069693569950535,0.4020198652104056,0.9931376596154191,0.40879678106978173
2025-09-01 10:45:00,8.875312818959255,62.69150404933856,66.1218487394958,27.44249873708076,770.6782848039574,70.62048709904364,51.85902024160185,60.66180386197576,9.949545352660197,62.68083848802885,66.1218487394958,27.51982689529843,773.1419148956098,71.11438959114959,51.8542330878521,59.26143901493675,0.9988021390186412,0.3974962302836535,0.9955489627105342,0.40859524581546897
2025-09-01 11:00:00,9.50900738142212,62.67635716707532,66.1218487394958,27.45983470807516,773.5431250252551,70.95333543353094,51.92729453629389,60.55851071088239,9.821393513392529,62.6798643785489,66.1218487394958,27.52659486287657,774.0065370564645,71.14468068015648,51.7936336430868,59.26798457853208,0.9930227357241757,0.3977307779006619,0.9978675577451817,0.40828578866094456
2025-09-01 11:15:00,9.93654202980892,62.67300591792086,66.1218487394958,27.50771008580324,767.6441270751396,70.76742376277934,51.67621563978761,60.450687458318846,9.68052196404009,62.68283270612169,66.1218487394958,27.53198595224104,774.8806934147572,71.1553960877504,51.7584922763665,59.265001947697336,0.9996494991418068,0.3999588088776524,1.0007201699317352,0.4078175009244206
2025-09-01 11:30:00,9.553366722655491,62.75369306784284,66.1218487394958,27.531843819801352,768.5693043470695,70.99167406344216,51.80511240144518,60.4787802082439,9.545948033161306,62.688187836941125,66.1218487394958,27.536690940876504,775.2385606952447,71.16024502870025,51.72855595147118,59.27003719675803,0.9927270820112918,0.404446896384198,1.0037336939481145,0.40753905679917496
2025-09-01 11:45:00,9.469780436639034,62.72922199608014,66.1218487394958,27.531216904852183,773.1821948184208,71.07927126944054,51.759695571229365,60.75275200455373,9.421899655087346,62.69111155565903,66.1218487394958,27.54065433947874,775.6047748549585,71.18836464111723,51.69431204834911,59.273350062519185,0.979458903832256,0.4053382369293374,1.006858935884751,0.4071866205841331
2025-09-01 12:00:00,9.215335067446157,62.76700114709347,66.1218487394958,27.52573614756058,777.538812409038,71.08649321830609,52.42606609059333,61.00386889213591,9.320358037540565,62.6967415165483,66.1218487394958,27.54248811017044,776.0950248149663,71.20133696792047,51.656277626070164,59.280163199122235,0.9917956509776324,0.4068124780976213,1.010152321485059,0.4070292314173418
2025-09-01 12:15:00,9.70087658174765,62.82323301595023,66.1218487394958,27.59657044785265,775.4268318146255,70.81599496336564,51.76891628166511,60.75916513802188,9.241018542459782,62.70638591208582,66.1218487394958,27.54501086195048,776.4178547108139,71.2196242564095,51.59657475853235,59.29814104387533,0.988069070136304,0.4070933447300411,1.0131261780456842,0.4071305870470684
2025-09-01 12:30:00,9.994312955726096,62.86100638105462,66.1218487394958,27.602862741196255,772.2195096975962,70.79575708748989,51.76842553822682,60.832923841995616,9.167651583568077,62.7112295018321,66.1218487394958,27.548219706049235,776.9188833157518,71.22230109148396,51.55338809844242,59.32686232705615,1.0039906955818414,0.4047027083850382,1.015968126554061,0.407490697178749
2025-09-01 12:45:00,10.08139861785746,62.88136774822223,66.1218487394958,27.633440480891004,766.3014090724625,71.01567129368122,51.520031720742686,60.89364769630208,9.104740980889327,62.71602493417713,66.1218487394958,27.55318655804209,777.2857319146868,71.23416781155505,51.51241193051833,59.361774860112135,1.0014011501602056,0.4014646385393521,1.0190601069159047,0.40778340190705104
2025-09-01 13:00:00,10.250344218327571,62.79760830102383,66.1218487394958,27.72668859008814,769.0757466286228,71.0677681429588,51.54491780004552,60.961472150233526,9.07391222398669,62.73007389951109,66.1218487394958,27.55755186691771,777.7988431791472,71.24375735935077,51.47435497728271,59.38819033571503,1.0068508916654308,0.4028416453375715,1.0222106298859128,0.40823204818313835
2025-09-01 13:15:00,9.87179656894728,62.78689070075955,66.1218487394958,27.773338096578044,773.2278193591304,71.25243381213785,51.24559682535867,60.77206180097532,9.058389607962658,62.74193136101606,66.1218487394958,27.559679260172082,778.4448913953598,71.22429924563517,51.423195240906,59.413401793706434,1.0032408951814349,0.4084686620165185,1.0253918184884698,0.40890608996021066
2025-09-01 13:30:00,9.20725424587503,62.78396018321536,66.1218487394958,27.77837734482269,785.0394607337448,71.20128299265363,51.280363488066016,60.47993691705684,9.074730441163656,62.75294061804687,66.1218487394958,27.560513842138587,779.1795403678592,71.2197998311479,51.34731828755813,59.311554320723964,1.0137289931983042,0.4067374704611012,1.0293672800874707,0.40992475359279723
2025-09-01 13:45:00,9.310019297241434,62.69276076156113,66.1218487394958,27.77477023780217,783.9971650841372,71.42127273740266,51.266844510461226,60.483879057032944,9.115093662881776,62.762711276781154,66.1218487394958,27.559944117065843,779.7272185150266,71.23665792441263,51.25845495590272,59.20031104155064,1.0299806173121089,0.4098951631735045,1.0331558222266766,0.41115485560271586
2025-09-01 14:00:00,9.453566505780046,62.758093604306495,66.1218487394958,27.7407461895026,787.5389365550318,71.6210052112965,50.97892368143543,57.05473848463856,9.16038135521641,62.776071160030526,66.1218487394958,27.558760852785294,780.3759578276001,71.25991445100212,51.17131866069841,59.0873290068884,1.0368995815503166,0.4158471895473906,1.036839611569853,0.41235739837873164
2025-09-01 14:15:00,9.415792849858212,62.8115435489652,66.1218487394958,27.660767565833545,793.8334007919684,71.14474442780967,50.852244828633935,57.08853027248392,9.198604357668703,62.78987762585188,66.1218487394958,27.558010931856415,781.0756593757047,71.27636995209451,51.12078067412167,58.97520571493962,1.046685543808501,0.4161459934741841,1.0398029770238897,0.41363905072917306
2025-09-01 14:30:00,8.901833681781282,62.80195353257704,66.1218487394958,27.601867931658923,793.580071671092,71.77194083624975,50.69623722189567,57.082919134176166,9.249757243673283,62.79873394196773,66.1218487394958,27.557738428800967,781.4466237720587,71.30390231108846,51.07248238830706,58.86883782907005,1.046343566493284,0.414514437631345,1.0425365302751068,0.4149965915110938
2025-09-01 14:45:00,8.18459528224098,62.787753888337136,66.1218487394958,27.58669501568627,789.7470323276343,71.35220417483394,51.06109930723488,57.02853451114413,9.31822159083754,62.801892700540144,66.1218487394958,27.559736893082587,781.7622542752414,71.32326910825674,51.03129667181894,58.7702463351618,1.0669259291406057,0.4116051325413768,1.046155827206958,0.4165942824810767
2025-09-01 15:00:00,7.913931810862909,62.79149464703708,66.1218487394958,27.56035373014318,784.4008020437434,71.42475398915288,50.93117345182592,57.487213921703145,9.383913305014781,62.80489487643993,66.1218487394958,27.56112451592647,781.8984325520626,71.33306619710751,50.998838829558615,58.80434826257696,1.0656865357653469,0.4154175467240134,1.0496753286950642,0.41809281694456746
2025-09-01 15:15:00,7.984386009449082,62.73473458022546,66.1218487394958,27.51419722585251,788.205353280574,71.5153655747133,50.90428932030127,57.5827871078545,9.444711351705637,62.807804521981666,66.1218487394958,27.55894413822847,782.5396198111043,71.35745106426836,50.97343401963514,58.83612368833883,1.0708639858511848,0.4119278966439009,1.0530507753935179,0.41967124695117014
2025-09-01 15:30:00,8.352666930298422,62.76205130887664,66.1218487394958,27.47553395996908,787.9619876585267,71.69753857076232,50.78149005882752,57.685566933239656,9.51016830766048,62.80900253276008,66.1218487394958,27.55515275500626,783.0484762695248,71.3769316191658,50.9527058878012,58.87115142089167,1.072611324463909,0.4120592941382826,1.0563954999399379,0.42102284824426367
2025-09-01 15:45:00,8.702978812251535,62.8518572452228,66.1218487394958,27.49952544560481,786.5280883240699,71.67398089555158,50.62766123153669,57.75486487753656,9.566721876542038,62.81208991665389,66.1218487394958,27.549586246709435,783.4621159414336,71.38328122428484,50.939427426183485,58.89536531736955,1.0807765613821576,0.417667153525229,1.0600567543834198,0.42260602548059584
2025-09-01 16:00:00,8.330868649289611,62.74520066781858,66.1218487394958,27.49962955511479,785.6303053152483,71.30753614423453,50.62298318692496,57.75470754483592,9.632893857589115,62.81467102096461,66.1218487394958,27.54182054027552,783.8784109594393,71.37684717553773,50.91165789943553,58.91894316665268,1.082653411603253,0.4237020379109357,1.0633570970749109,0.4242564338853534
2025-09-01 16:15:00,7.940956413276829,62.74747953817535,66.1218487394958,27.52096472265329,781.2601605715911,71.71339534954207,50.71440123856419,57.94453103556857,9.680113564099583,62.81581755726186,66.1218487394958,27.53235651508566,784.6849596016328,71.39188588229801,50.905864169717205,58.94187901975604,1.0751556292340565,0.4214757654244325,1.067144993853087,0.42579695888347435
2025-09-01 16:30:00,8.427250630670676,62.94327586387509,66.1218487394958,27.54138813741544,786.3741688936421,71.60910823748983,50.57740526701032,57.65433889355487,9.723338145156104,62.815929235674666,66.1218487394958,27.521943145973108,785.5977424031146,71.4095124453829,50.91179032709128,58.96037022356811,1.0876105566489054,0.4251016972516758,1.0707090942135025,0.4273824964796698
2025-09-01 16:45:00,8.714076083587585,62.89587487328424,66.1218487394958,27.4928890814423,796.4524106787719,70.8700888473348,50.37779468578445,57.53861697380642,9.757634617758415,62.818593521894805,66.1218487394958,27.51017630671222,786.6071221798487,71.40160492982068,50.926286245097785,58.98597463884245,1.0843220474686808,0.4245639040630892,1.074297863197424,0.4291738745615677
2025-09-01 17:00:00,9.821359670893065,62.91427242367443,66.1218487394958,27.45001315999966,793.4072180821009,71.05770833304179,50.11202872528319,57.43710920830971,9.773082148218508,62.82424936537517,66.1218487394958,27.49245658311938,787.5059860247278,71.40598539664585,50.939941702937986,59.00620167596413,1.0989026662964168,0.434986093193763,1.0780958446854607,0.43081829130460286
2025-09-01 17:15:00,10.36123175110724,62.87645554603495,66.1218487394958,27.43957769365002,782.5068575110334,71.66951657935913,50.03578075262911,57.36357455420151,9.78403893060757,62.8295422942967,66.1218487394958,27.47295771014605,787.8575035827521,71.40160257332278,50.97250020203172,59.03266789184598,1.0880435328450249,0.4359005271092329,1.0819324385899156,0.4322216466611461
2025-09-01 17:30:00,10.257040861629095,62.85720605719428,66.1218487394958,27.394918175024618,782.8158005012899,71.85497848507129,49.85485926913949,57.36429845135133,9.809263293999463,62.79460344777648,66.1218487394958,27.469838683213702,789.0257646048071,71.39298116880988,51.00314949404529,59.06123191522819,1.0926530429426795,0.4336175260440588,1.0853902925691514,0.43502917828382337
2025-09-01 17:45:00,9.665741248129889,62.87750910099343,66.1218487394958,27.41204655088634,783.6595022093157,71.87953612241141,50.61970766594266,57.51603827291368,9.841568214782798,62.761558130425755,66.1218487394958,27.464664624457278,790.2077032606144,71.35897338892813,51.03456993193418,59.092230296907,1.0882677142858808,0.4396324003256243,1.0880159040580495,0.43779963136198
2025-09-01 18:00:00,10.08909317643852,62.88765139529555,66.1218487394958,27.456150381187346,783.0528258769276,71.8848016775667,50.57789111072477,57.637274957054224,9.876644953137168,62.727149841285396,66.1218487394958,27.4594140152855,791.1552653950073,71.32732886012612,51.06934546057622,59.23416525391749,1.0889759545315645,0.4427460886680281,1.0902293578652569,0.4406271726824371
2025-09-01 18:15:00,10.929243233886952,62.78626680651087,66.1218487394958,27.50245266552936,780.1471998994392,71.20149101409196,50.62344874695857,57.70405904472807,9.931820908539832,62.69130226502751,66.1218487394958,27.458358353704423,791.8552549760208,71.32897976278119,51.12365489455202,59.373202711896425,1.1073810469741765,0.4454269593831413,1.091927878937752,0.4435136336728477
2025-09-01 18:30:00,11.479758806739412,62.76642244406911,66.1218487394958,27.501463393391678,777.6284733298855,71.24724809905389,50.9535592684839,61.58156853333732,10.003318880358682,62.65417338721217,66.1218487394958,27.45872073967093,792.3961561884267,71.31003316375491,51.18196149281544,59.513121762321816,1.098607780367369,0.4426868118053832,1.0936301433352573,0.4465773952776931
2025-09-01 18:45:00,11.76048343053454,62.76029528417281,66.1218487394958,27.442298754863213,786.8797448463927,71.49896977760488,50.91407134208346,61.40395023117487,10.096396720226231,62.62128413620288,66.1218487394958,27.45902723850524,793.3121273434007,71.3112459839776,51.23995108646588,59.6543097182383,1.1009129000954163,0.4473117090757353,1.0944514164180228,0.44957076324317385
2025-09-01 19:00:00,11.517075401300824,62.78963339119532,66.1218487394958,27.418102323135205,783.8349980996859,71.57609071036578,51.183268446426766,61.52961218482904,10.203246591864865,62.58847939914866,66.1218487394958,27.460502398270705,794.3849322146754,71.29205818442047,51.30409025561323,59.779702821845234,1.093068818403892,0.4449949351770018,1.0958437142922395,0.4524260132424343
2025-09-01 19:15:00,11.16638750308582,62.821843512894255,66.1218487394958,27.364221655947325,785.5913849756848,71.2697594230111,51.36134172269816,61.47916889889038,10.326280584261417,62.558326992930766,66.1218487394958,27.46169860606868,795.416055599365,71.27658170357836,51.36527261607439,59.8932468714512,1.0892965371367154,0.4528335540193022,1.0972443249189077,0.45525039319748706
2025-09-01 19:30:00,11.200494498858356,62.84443427641516,66.1218487394958,27.29276495454313,790.0276629492062,70.89347175589309,51.59298028815439,61.71120437062983,10.463806660410752,62.53034853090745,66.1218487394958,27.465286693333592,796.8013965943657,71.24301174893132,51.41058720911277,59.88776415006194,1.0908059317223595,0.4563247302403488,1.0985486808154037,0.45800037898190743
2025-09-01 19:45:00,11.117467777061764,62.85762910486765,66.1218487394958,27.31264969215689,799.6232910804356,71.26715616617365,51.595104390115424,61.44724073112253,10.614265763900422,62.494921053198865,66.1218487394958,27.467828896690424,798.1424055893557,71.22280365628144,51.472320187199664,59.88158773975143,1.1017059734815855,0.4533090946736688,1.099625678645328,0.46059896849448384
2025-09-01 20:00:00,11.291050387421707,62.86435673343927,66.1218487394958,27.2904616678196,799.6029937420464,71.32455398003707,51.9462102594493,61.387659956357616,10.78764165009608,62.46141067509201,66.1218487394958,27.47070609157966,799.4699318846248,71.20686641491095,51.541228506205,59.8756373073956,1.1109137063943044,0.4522688362709044,1.1007962142019716,0.46301289902694515
2025-09-01 20:15:00,11.110292795926812,62.961296334826,66.1218487394958,27.28043530306461,796.5828023744897,70.77844582681456,51.954909260937576,61.66178015453239,10.962169823856,62.43158261466924,66.1218487394958,27.47259647076085,800.8500550236646,71.1810402428663,51.60839185481333,59.86376509405399,1.1090642196778546,0.4552059809962876,1.1020471885836611,0.46535494869781885
2025-09-01 20:30:00,10.713770132130325,62.96728360543458,66.1218487394958,27.195096882302725,796.0416619749947,71.19918214771438,51.95458153525183,61.56828326388386,11.126313032918285,62.39485011197873,66.1218487394958,27.473570204611516,802.0493395627557,71.17186674636748,51.68225300719498,59.86800708623728,1.1207903363065317,0.4521741476286242,1.1026892510470565,0.4678871731116517
2025-09-01 20:45:00,10.200500040619108,62.94567856840575,66.1218487394958,27.18837190737828,783.7733460998552,71.12094911244476,52.22235179817051,61.566048277430895,11.30056318215507,62.361573654286,66.1218487394958,27.477344547475578,802.8520161003879,71.16790688237434,51.76104400254631,59.86856190934871,1.11833871231508,0.4505693227128165,1.1026537023991634,0.470144040481501
2025-09-01 21:00:00,9.963985147631854,61.73579478760876,66.1218487394958,27.684806536852037,820.0872913953995,70.94264085726729,52.19984224847309,61.33685761852321,11.455767336783481,62.3261216835151,66.1218487394958,27.482493377077745,803.7015358881287,71.14844626849754,51.848515129280976,59.87119675187434,1.1174646125753822,0.4909634191414196,1.101684693986417,0.4718464189198686
2025-09-01 21:15:00,10.27916692074148,61.70140124103942,66.1218487394958,27.619548475109667,819.455324758355,70.40103934094968,52.2094576471281,61.41383050739692,11.595507735443524,62.28801482374404,66.1218487394958,27.488309547480075,804.7892485208547,71.09606182578092,51.9544991538498,59.882837709464084,1.1087489619790467,0.4930087555182052,1.1008820980015193,0.4734240888922578
2025-09-01 21:30:00,10.50586865641116,61.72584493009561,66.1218487394958,27.583227914349163,815.9658005868172,70.67166934723663,52.02218954069669,61.31278719495363,11.733523281130484,62.24799261391333,66.1218487394958,27.494525242498515,806.0124456381606,71.04785082302199,52.06397702408171,59.90017672458011,1.1033031957665371,0.5006734291611022,1.1000594174679401,0.4752465595251716
2025-09-01 21:45:00,11.071071511938092,61.73611626122853,66.1218487394958,27.6290977184012,814.8330882223727,71.19427150746154,52.48152784790776,61.25965401185186,11.880600042937663,62.209377648311104,66.1218487394958,27.49941847911247,807.5159781741528,71.0175906428737,52.142191458884575,59.90073347677869,1.0976411759833615,0.5027398231865007,1.0985706476122337,0.47696993672663823
2025-09-01 22:00:00,11.0467728363468,61.68808719811699,66.1218487394958,27.61273951065419,809.8071080432768,71.20354286546147,52.44543516979845,61.28049064693795,11.992930974415385,62.16976228643878,66.1218487394958,27.501913428927928,809.0664283889625,70.9769581123781,52.22257984629123,59.89455683402908,1.097411498418445,0.5064272857767085,1.0969225445474415,0.47846202147842204
2025-09-01 22:15:00,10.976930478267429,61.801076358058346,66.1218487394958,27.59588998071549,817.226166976847,71.38858878151453,52.80078711674776,61.26417318863849,12.082685833154606,62.134531713729864,66.1218487394958,27.50124618985535,810.7813896884891,70.97709326275421,52.288900939712185,59.88454500451287,1.0915641216235683,0.5014061715057978,1.0941770572278808,0.4797258284282478
2025-09-01 22:30:00,11.11942796002195,61.80735253541044,66.1218487394958,27.604608523107217,816.5849481819815,70.84912000243914,52.855348526246615,61.249007029911176,12.15309563420932,62.099924789849176,66.1218487394958,27.49973715142839,812.6226622152909,70.95119327409324,52.332616710011045,59.750028203418076,1.1074554719918457,0.5010750467018276,1.0922030482861282,0.4811828828729626
2025-09-01 22:45:00,11.675405781345685,61.83016239368877,66.1218487394958,27.55008345979172,819.1390548212644,71.05107114945002,52.73976013413593,60.98910859603346,12.210383789737508,62.06469335669606,66.1218487394958,27.49958945233232,814.2666370120652,70.9221827028703,52.38460339764405,59.62084520147528,1.1128823046512284,0.4966592952954837,1.0899062463141957,0.4825005013437932
2025-09-01 23:00:00,12.47844921477848,61.92269744817739,66.1218487394958,27.58317657791645,829.5222175085479,70.69043993135111,52.14092784997885,57.52108529156198,12.265260865212403,62.03684312002682,66.1218487394958,27.50133909591799,815.7629787843073,70.90799027504202,52.436074972578126,59.491536976636084,1.111742001358785,0.4945588676708938,1.0877318643840261,0.48382457434660453
2025-09-01 23:15:00,13.216751916941565,61.78903291396525,66.1218487394958,27.575791546309752,826.7583581737739,71.0677381160553,52.47965057414349,57.56957256822124,12.311663954321308,62.00918106285022,66.1218487394958,27.50447237301266,817.455577501598,70.88148272593153,52.47961043452013,59.35831775162054,1.1130864962798914,0.4956248389025222,1.086294951822047,0.4849844569925048
2025-09-01 23:30:00,13.532145235159453,61.73988932461281,66.1218487394958,27.585945401791925,825.456094173316,70.8294189031193,52.6902327570852,57.57619457416103,12.344894629353858,61.98463973196745,66.1218487394958,27.509750424977813,818.9231911052633,70.86620558537138,52.51833965563503,59.20975007748622,1.117769478302563,0.4961199538847741,1.0849396040842698,0.48589693991797467
2025-09-01 23:45:00,13.17680162607434,61.85263772549228,66.1218487394958,27.57767609808896,822.6638547427901,70.93861018820273,52.72930169681408,57.58836463532023,12.389972841304907,61.96190947713396,66.1218487394958,27.512918578513865,820.029732528655,70.86265071592713,52.55393209939506,59.07569550788821,1.112684860684744,0.4917372555506439,1.0826832644264077,0.4869863041577414
2025-09-02 00:00:00,13.351546902539235,61.84130078315947,66.1218487394958,27.570600152935416,822.3527050663693,71.33390334252576,52.79323983845983,57.78159865905357,12.4396512414829,61.93679526471333,66.1218487394958,27.516569145805185,821.0635984378067,70.83766708967619,52.58639232663816,59.08662856636006,1.1068724305507662,0.5010684296666624,1.0802871468693902,0.48790424770728547
2025-09-02 00:15:00,13.941580560691174,61.89758114250241,66.1218487394958,27.6061193673641,820.5327068077415,70.7512929275402,52.74152454632423,57.55526166714927,12.499101647075936,61.90869424087434,66.1218487394958,27.51925712405175,822.1556968735293,70.84379079117906,52.62517757278153,59.090273172186095,1.0832555880318873,0.4922699251585656,1.0775989612828432,0.48867817626411514
2025-09-02 00:30:00,14.47748430974538,61.850713300547326,66.1218487394958,27.60447804806475,818.8928117143222,70.47388991673769,52.736162527323366,57.51615448407877,12.544409930758528,61.87926741539505,66.1218487394958,27.527394286137177,823.3057956878721,70.82782357435735,52.6612466266048,59.086359739718695,1.0698324139140265,0.4860574463447912,1.0743519811378512,0.4895214637260542
2025-09-02 00:45:00,14.553443710908468,61.73324975290344,66.1218487394958,27.61406280571989,815.1382364928191,70.09798329786081,53.2153014896938,57.71280328189355,12.587381148806715,61.84938627997316,66.1218487394958,27.53576339466299,825.0285835305859,70.81437908227389,52.68106235895404,59.075661160953956,1.0639656532980917,0.4832306262809098,1.0710264933131874,0.49036116155914944
2025-09-02 01:00:00,14.397507232237924,61.65653976227306,66.1218487394958,27.581389025577803,819.5117140204633,70.40864840230368,53.13919537609645,57.884468904832346,12.640791105854786,61.860201669262786,66.1218487394958,27.527455234102526,825.4692290244014,70.80138320632479,52.71274274917048,59.078739002717796,1.0679726269353065,0.488291645031473,1.0674073354654652,0.4897444851071325
2025-09-02 01:15:00,14.078044102345302,61.71906013292634,66.1218487394958,27.558843649305103,828.7654782890842,70.97173071796202,52.966140710029,57.53274083887111,12.698599787077136,61.87393619941619,66.1218487394958,27.522206085810858,825.8068362714752,70.81262284419626,52.752000605536196,59.07124558892339,1.043604618614679,0.4913337163696254,1.0639210833319201,0.48904187675286065
2025-09-02 01:30:00,13.459021120770217,61.69919053912609,66.1218487394958,27.530998875650937,829.5663323212182,70.66582576269886,52.98954273292453,57.45197567456568,12.768963137402643,61.88403718191282,66.1218487394958,27.519548611222046,826.3780312505986,70.80429323808131,52.79997490383469,59.06693225432607,1.0395328625878004,0.4875086312215405,1.0607533450859992,0.48813976674354187
2025-09-02 01:45:00,13.621888996063571,61.72934962524317,66.1218487394958,27.482435493352103,831.5960388852328,71.20554552537564,52.61308154958684,57.40370415924198,12.835922113467499,61.89116789277513,66.1218487394958,27.514529075586367,826.7443620729242,70.78886935141648,52.83715059597626,59.06072250216121,1.0250164273873643,0.4833411678779128,1.0580931493921708,0.48696738402501544
2025-09-02 02:00:00,13.592052838380802,61.72821472764859,66.1218487394958,27.456192240582887,832.8666491339433,70.47024843922517,52.2650323774499,57.54606450049346,12.902220453612989,61.89605571514,66.1218487394958,27.511611262392815,827.2954202094077,70.7773322874498,52.86935066466815,59.05365583945959,1.0393875121147924,0.4863984451468287,1.0546685723339044,0.4854945574952981
2025-09-02 02:15:00,13.479128096380188,61.70335228957944,66.1218487394958,27.437867781981065,836.1989887496206,70.6286526409162,52.4736719710736,57.52846017289077,12.951813543949864,61.89717876592088,66.1218487394958,27.510995387716186,827.5540118617554,70.75480018130878,52.88641463286124,59.03428196097118,1.0320088409374302,0.4868402632006525,1.0515633188274547,0.4840878603543504
2025-09-02 02:30:00,13.163387665547615,61.95412629111812,66.1218487394958,27.470591630705265,828.7252512669531,71.1503178755173,52.727415694448936,57.65036543965337,12.999926622633698,61.90452801539209,66.1218487394958,27.509876743897316,827.6685052019399,70.74622177359552,52.900463335628515,59.02138877595102,1.0278373604988107,0.4847171252613422,1.048142922995665,0.4828133384466507
2025-09-02 02:45:00,12.55848017635297,61.99198179759604,66.1218487394958,27.458219968787414,836.369346494403,70.47453294969655,52.66740558095839,57.48259214842402,13.046917550677195,61.91082735735776,66.1218487394958,27.50931216941261,827.5813459121299,70.73063399312167,52.92410849752282,59.013892989720745,1.046189160277339,0.4876300333963103,1.0449371825557328,0.48169178362009557
2025-09-02 03:00:00,12.197414749834897,62.108194349931935,66.1218487394958,27.451106513497702,834.0560710591675,70.4351575390884,52.75485692160149,57.25417414660009,13.089061529365393,61.914958164971075,66.1218487394958,27.509176769197634,827.1962185295457,70.73587925152715,52.97237480100333,59.131639385178715,1.0501454995890438,0.4836992180044443,1.0416336197025986,0.48034580069316873
2025-09-02 03:15:00,12.469814135593191,62.17572145986307,66.1218487394958,27.40769429823856,832.8195337821841,71.16051008284634,52.66287770291628,57.42560364318229,13.108374338662204,61.92114894969544,66.1218487394958,27.508309866700024,827.2390407740312,70.71210235610368,53.0100404668782,59.25292334071491,1.0340157837457291,0.4859900218666727,1.037721530905553,0.4788863220346153
2025-09-02 03:30:00,12.781402392761592,62.110930360820426,66.1218487394958,27.39997868655914,830.6189710166007,70.57504519250874,52.92001707674233,61.71565171051324,13.102651006361354,61.92898754219461,66.1218487394958,27.50745077297623,827.1480271320621,70.69148393179553,53.03592060836174,59.37224578734505,1.0390301796837718,0.4798071427572252,1.0335383300975483,0.47725882596690833
2025-09-02 03:45:00,12.893804963717798,62.11826561965635,66.1218487394958,27.36107465046156,829.3457554461653,70.96215687190062,53.11846664523846,61.77111832931334,13.085638925394653,61.93562990817447,66.1218487394958,27.505249430833565,827.3007072303824,70.68194507724944,53.046623588016864,59.49532511536804,1.0284186520814456,0.4784238377011771,1.0294487668641554,0.47581269141884025
2025-09-02 04:00:00,12.07301864260809,62.08447884105591,66.1218487394958,27.43921174486561,830.544626405275,70.72016564306287,53.03665314994994,61.450880289861885,13.04733859605326,61.943894674110396,66.1218487394958,27.502942140738586,827.494407242467,70.67680083598512,53.05390851133904,59.60967310656167,1.0233809319567757,0.4774727714867978,1.0255621908363364,0.4740856640709952
2025-09-02 04:15:00,11.489636582064762,62.049244505748895,66.1218487394958,27.43944516315265,835.4569813812763,70.71761434994104,52.81682376864766,61.24509091448873,12.982463934297888,61.95021062636965,66.1218487394958,27.50155845408684,827.9106474912804,70.65022004420294,53.05381323022808,59.739046881094964,1.0185740775751655,0.4757602577056737,1.022433455068999,0.47250010615946453
2025-09-02 04:30:00,11.566283859073955,62.06025646629765,66.1218487394958,27.435561720038088,833.30665620986,70.55276457879447,53.150253954966274,61.42919287143837,12.89168732430238,61.95898814882654,66.1218487394958,27.501328586775113,828.5108288428494,70.65456529030028,53.05359418362002,59.74564107160408,1.008889877143715,0.4724631255809104,1.0204686613194514,0.47110885740839165
2025-09-02 04:45:00,12.013427357411972,62.11343714564161,66.1218487394958,27.462074026359616,829.5835421705685,70.73822847709347,53.387193338099856,61.18902809356484,12.78676590131521,61.97531746409373,66.1218487394958,27.500708737133188,828.9903576170711,70.673151227301,53.01613333879628,59.73498099903972,1.0041613979726978,0.4719305048900496,1.0184991950898787,0.4699451524125028
2025-09-02 05:00:00,12.616769166176413,62.02887440499433,66.1218487394958,27.50350367668482,833.1016499605176,70.4217811637885,53.46141848965117,61.18338715703381,12.664516921785376,61.995982845116934,66.1218487394958,27.502477668050574,829.3455630224503,70.68779640259403,52.977823734032796,59.71229410876415,1.0082710483889057,0.4736101288815392,1.0164462054613081,0.468637733300464
2025-09-02 05:15:00,13.07984079388379,61.95003758709797,66.1218487394958,27.47851164933084,825.8230128921449,70.7315549075163,53.59679861215516,61.07336144690642,12.5239627330368,62.01198903214303,66.1218487394958,27.504920925737274,829.38999757774,70.68252602129941,52.94791001166488,59.71509232590863,1.017835305168511,0.4675683416307078,1.0155624337692593,0.46728962105262783
2025-09-02 05:30:00,13.035723040711495,61.83472186906294,66.1218487394958,27.52520511484761,826.3388521377766,70.85743094646094,53.41143723055505,61.068490765889024,12.39527494263519,62.02490528452319,66.1218487394958,27.509807240914647,829.4480572270679,70.67874854908781,52.91799783708033,59.72523622404599,0.9946741866704524,0.4622424898851875,1.0148441979091127,0.4661080702594756
2025-09-02 05:45:00,12.46472318837368,61.8347678814848,66.1218487394958,27.57741374041657,824.9839165472791,70.71262559728409,53.31270616254038,60.682956833986346,12.251984267190108,62.03848029453899,66.1218487394958,27.51434082606168,829.4116707956688,70.66637797272898,52.914811043594135,59.73066015097556,0.9984065164300748,0.4592052572773683,1.0140918854304202,0.46507774256909395
2025-09-02 06:00:00,12.562820320536929,62.02783001954689,66.1218487394958,27.571049208541037,820.0197483875185,70.59176777104153,53.27680960926517,60.86221147930628,12.108220428712958,62.05134442941004,66.1218487394958,27.520480427973684,829.3737208846632,70.69001236095166,52.93082464935068,59.7347871497986,1.004843597038152,0.4628393894708361,1.0127660644743612,0.46400196044700925
2025-09-02 06:15:00,13.085133622650618,62.01914265265859,66.1218487394958,27.533146225250583,816.5242761269659,70.58343773523417,53.449114990964965,60.76423500912518,11.966141379282245,62.06453748125221,66.1218487394958,27.527500015511283,829.4572383685,70.684638523253,52.93090475470573,59.73954055505552,1.0167100914532643,0.4630126504988294,1.0118511131271046,0.4630076280708611
2025-09-02 06:30:00,13.742768575424446,62.04662167657704,66.1218487394958,27.579114571467283,817.968396031019,70.84779768351589,53.588916954394165,61.05347715530117,11.821849490433614,62.065222559955416,66.1218487394958,27.53436388269099,829.6440690347347,70.6708511261389,52.929003849786426,59.740361312807636,1.0126351157647666,0.4541793798630901,1.0107079981530565,0.46204213318549575
2025-09-02 06:45:00,13.79613619584583,61.97475645569632,66.1218487394958,27.54978447138143,828.0430255083397,70.35443125335132,53.60962055038963,61.20809123430696,11.680767182517902,62.066299155479705,66.1218487394958,27.54230975569159,829.3452821019968,70.67872747690072,52.92768241142593,59.74924147611002,0.9957238323685216,0.4518404791459169,1.0084693759407757,0.4611003024509941
2025-09-02 07:00:00,13.36044526613397,61.975047099587854,66.1218487394958,27.56017259007816,822.7256849142448,70.21086617387475,53.46663700159146,61.155867973065504,11.557281994168877,62.06091682052459,66.1218487394958,27.55115668473096,829.1172702971432,70.68543564141505,52.923873979645585,59.75960682480965,0.9922734540624164,0.4472950718535669,1.0066296151739664,0.4603654902203686
2025-09-02 07:15:00,12.666439197073334,62.051908704888,66.1218487394958,27.511635833808977,827.2442576923983,70.65244455182001,53.05039108646771,61.28074447600989,11.445031862821395,62.05452897741665,66.1218487394958,27.562185007094445,829.1028953764281,70.66948467582762,52.912995179429686,59.77164890534732,0.9899979636829644,0.4483532191086014,1.005024771901612,0.459469253665589
2025-09-02 07:30:00,12.20253702229741,62.08924376123735,66.1218487394958,27.50138145008599,828.1637054289044,71.17957610459548,53.01178753812487,61.21203839486245,11.333442005880086,62.052033729954665,66.1218487394958,27.573844271212785,829.1808168423142,70.67006500612302,52.89474963419371,59.6515063142224,0.9902751497161898,0.4492576092313103,1.0027473655367372,0.4588120118648211
2025-09-02 07:45:00,11.995340708030058,62.08705971028,66.1218487394958,27.56460876781184,833.0199142721464,69.95386917407508,52.73866611299567,61.43647490314808,11.223302904399713,62.05203614925621,66.1218487394958,27.586030266527228,829.5374496371188,70.63667634022454,52.87543276435279,59.52126533300899,0.989393515011764,0.4447031878126457,1.0009833675966657,0.4581848555796084
2025-09-02 08:00:00,11.754186009880089,62.11403897425418,66.1218487394958,27.597582028712832,836.8982522613938,70.60424729965843,52.72959112908166,57.713980199352434,11.14241848109201,62.053296741346095,66.1218487394958,27.597196787269983,829.7897814658364,70.62480811568028,52.858704533926115,59.41490505456288,1.010888601427603,0.4443199838126054,0.9998183199264765,0.45777703872922326
2025-09-02 08:15:00,11.405801021293415,62.22312921091908,66.1218487394958,27.595467316462106,829.5240997194683,70.65556140788206,52.09147614498142,57.39300110496252,11.073552077535746,62.05456509315198,66.1218487394958,27.6062867761035,830.0502627172395,70.62573787436013,52.86372800777299,59.306431499323075,1.004881666410911,0.448319476404241,0.9988003520403562,0.45753021694543444
2025-09-02 08:30:00,10.730037846342851,62.27650119296902,66.1218487394958,27.634456953099377,830.1678761818372,70.84800366109438,51.98990723319211,57.20386219656511,11.004984187717506,62.057687863932806,66.1218487394958,27.617141807338783,830.2482087501504,70.64103851680576,52.85195029886019,59.19264597816997,1.0063829380781864,0.4490690716703117,0.9987132437623245,0.4572989742425031
2025-09-02 08:45:00,9.861418439888082,62.199245743709234,66.1218487394958,27.63214137990614,830.0985149477754,70.81361927912347,52.06872903899124,57.61668735320556,10.938853768380126,62.05657745739357,66.1218487394958,27.625274676337657,830.3809890423446,70.63920510754957,52.848204989680816,59.20779224330967,1.017091467853216,0.4508903489345389,0.9990527673432831,0.4570409495110619
2025-09-02 09:00:00,9.598387408721912,62.08667811053094,66.1218487394958,27.67758833097213,831.3081218010609,70.55250159635105,52.09217749538801,57.75629261868674,10.85860770062553,62.057859784637444,66.1218487394958,27.63205262706597,830.25531363934,70.63154900079469,52.83982072731256,59.2254498812445,1.0179857867834008,0.4520621074269725,0.9996605440884392,0.4567885591419333
2025-09-02 09:15:00,9.32316873271111,62.1365999257172,66.1218487394958,27.618443047763076,830.5044459432577,70.83442823461091,52.51747774500123,57.56642196712881,10.762017847686895,62.06256927318228,66.1218487394958,27.63952426705477,830.2985565541842,70.64786951499492,52.84278642226482,59.249466318059675,1.00244705302659,0.4524313371664652,0.9999950883694713,0.45669794589789536
2025-09-02 09:30:00,9.279137684066228,62.11413877377984,66.1218487394958,27.640380297943047,831.7281518037728,71.17928008590526,52.74544055014612,57.66987446518452,10.650667330409664,62.07393101039286,66.1218487394958,27.645266607252093,830.4521225363702,70.63698552525783,52.8432424132332,59.26954885792359,0.999612883433022,0.4541249814842881,1.001363410677993,0.45670049007105873
2025-09-02 09:45:00,9.216756613458804,62.099143844844775,66.1218487394958,27.648455408109097,838.7045132647256,70.46743750995664,52.4760751317252,57.67106233059848,10.533801409617972,62.08152100256513,66.1218487394958,27.648020017961404,830.5798822643133,70.64310404288223,52.84388353107401,59.29740653691176,1.0045603005197352,0.4570102919162064,1.0026812321258065,0.45692262999763533
2025-09-02 10:00:00,8.834631000088773,61.97467865221439,66.1218487394958,27.676507646096443,834.3301712539931,70.73669596209453,52.67038854686965,57.674988172217,10.398417789758026,62.08075630043204,66.1218487394958,27.65086626222894,830.9950768185433,70.64393679454724,52.82778239902642,59.319129497831874,0.9935439112773616,0.4557522787003831,1.0036102837533822,0.45702098621242265
2025-09-02 10:15:00,8.326010938881515,62.02427966332468,66.1218487394958,27.69659615880544,827.4057385122643,70.7108234725503,52.62776243014333,57.74899704749552,10.258149388251438,62.08114681768833,66.1218487394958,27.652706566199164,831.2463323637954,70.65687303668554,52.80040534483806,59.34297032112025,0.9790304939089192,0.4593751113612615,1.0040645134788013,0.45705146720198697
2025-09-02 10:30:00,8.492859099364185,61.9467243012784,66.1218487394958,27.716514384678696,827.2157169135635,70.63640247451929,52.64060396819124,57.565134607589,10.10055186749755,62.085921934653875,66.1218487394958,27.65276709918874,831.2940984003031,70.65377679145823,52.76006372082819,59.35471751375512,0.9949526765847646,0.4616548510856781,1.0049850582610782,0.45752786006972584
2025-09-02 10:45:00,9.10231019516874,61.984086166624806,66.1218487394958,27.7385439691431,832.3882861607314,70.68198111522273,52.33651369643942,57.786866059312494,9.941046374962347,62.09582554381315,66.1218487394958,27.65323485385064,831.1268405139066,70.67970636781892,52.71023567543008,59.366965181022266,0.985870485575102,0.4591029252232839,1.0064602924303179,0.4579843715489909
2025-09-02 11:00:00,9.433706684522322,62.03607293696094,66.1218487394958,27.74975661010942,832.9566149931842,70.59245510137109,52.372650719662936,58.11137397676566,9.7852613876538,62.106116398344604,66.1218487394958,27.652230873627577,831.5408698346067,70.70318075143796,52.66230639975562,59.37614152082721,0.9707079887375176,0.4600898887341892,1.0081513032893425,0.4586962461344123
2025-09-02 11:15:00,9.5896319193066,62.118338198702745,66.1218487394958,27.726654509894843,840.044739290301,69.96049689494615,52.53896055001091,57.86388889291095,9.63328751492448,62.116117318471105,66.1218487394958,27.652894134723553,831.8549802076992,70.71298816409876,52.64796605893701,59.3950112176249,0.9754987138793052,0.4596091491447971,1.0101355781061074,0.4594741262036457
2025-09-02 11:30:00,9.646485943377002,62.12229660375237,66.1218487394958,27.77420736714829,838.1145812668028,70.36411890673513,52.534806237149695,58.26007193647867,9.485062179574287,62.12535085292395,66.1218487394958,27.652958436013375,832.0576414835951,70.69593961358288,52.63490550464582,59.4244228786704,0.9884295018510998,0.4652382659752429,1.0123275176414994,0.46027738451188677
2025-09-02 11:45:00,9.423644475376856,62.08729505992553,66.1218487394958,27.712144828158028,843.2714189233712,70.74550711033646,52.96752798405399,57.9908842572945,9.349892620194034,62.13656750532398,66.1218487394958,27.652788595972204,832.0682777326509,70.71577933406608,52.624082739307696,59.45324172061206,0.988035040991554,0.468355604192008,1.014893381542541,0.46115868193556403
2025-09-02 12:00:00,9.50924716452678,62.15393958972255,66.1218487394958,27.76121265709665,839.2450371971864,71.01178385216339,52.79692268758231,58.01562723684527,9.241344974307092,62.14539332249466,66.1218487394958,27.6506513546512,832.018728648479,70.70974354934742,52.621842368850864,59.60498356107872,1.006276628802767,0.4655258444929706,1.0168849164933556,0.46202159836592904
2025-09-02 12:15:00,10.029514777290576,62.0801249494643,66.1218487394958,27.706060096325768,833.5669509363917,70.68322619940817,53.27483406271871,61.64341604775571,9.148285633224088,62.1488396576048,66.1218487394958,27.650476399146402,832.08112139837,70.71882384445753,52.630751834369576,59.76855448271745,1.0143471054014517,0.4641897629468136,1.019085259801131,0.4629911818542755
2025-09-02 12:30:00,10.209387133538527,62.067344222310574,66.1218487394958,27.70684219853433,829.3313878703827,70.19209796114164,53.20989061860352,61.713116295078976,9.066574161230964,62.149711781468405,66.1218487394958,27.650443756149816,831.7520876958581,70.7282987071159,52.65974023897898,59.93791724779948,1.026504350743589,0.4660384178076816,1.0217237547183131,0.4637587577250735
2025-09-02 12:45:00,10.182145205724666,62.09132224344312,66.1218487394958,27.70266084899484,827.1203003374677,71.22117033352332,53.68576946072288,61.79385455136136,9.017867717286283,62.1506031420065,66.1218487394958,27.648970834226244,831.5886148256236,70.72879277532577,52.68036343232595,60.083210266004926,1.027871633599473,0.4648499443095703,1.0242552242716243,0.46454959269811325
2025-09-02 13:00:00,9.695207522394568,62.17557398538028,66.1218487394958,27.697475320767293,830.9458316033599,70.53091125434813,53.42511695960636,61.67096696180648,8.976990885699365,62.14944461552386,66.1218487394958,27.64509077060798,831.2042014057305,70.74703602440862,52.691246015846694,60.225323740597084,1.0357238559261055,0.4623188150800886,1.0269582587026547,0.46519442915059916
2025-09-02 13:15:00,8.958745564622934,62.062467646652784,66.1218487394958,27.660016061695814,828.8167083855687,70.89618112601636,53.33193969776504,61.51868720363125,8.950018243194698,62.142794362280505,66.1218487394958,27.641866481013356,831.0948234587187,70.73759891048508,52.68161146664753,60.25562569403931,1.0379411598644817,0.4658694550746677,1.0299958378880045,0.46588249034907686
2025-09-02 13:30:00,8.501311724738642,62.00488895555425,66.1218487394958,27.656436536567305,832.475585014423,70.61675032099174,52.79377564783703,61.51390030690994,8.951831663767678,62.13789955351158,66.1218487394958,27.637390653665292,831.1115694924964,70.74056232881907,52.66978269052666,60.281218601523115,1.032715145865423,0.4657900759144533,1.0329591075814981,0.4664933568666789
2025-09-02 13:45:00,8.877081577452936,62.03085817034722,66.1218487394958,27.58835534435719,824.0619424845274,70.9715249993832,52.62780336531434,61.47945970777654,8.97811340796201,62.13251969435058,66.1218487394958,27.633743218642106,830.919719273773,70.75238109150872,52.67997043525364,60.31250231740787,1.030336983215837,0.4639270801857579,1.0356556115894489,0.4670319749330064
2025-09-02 14:00:00,9.014842952807747,62.18987518554341,66.1218487394958,27.580930561154588,819.4013771262507,70.7549103266959,52.378668234098285,61.405892934347406,9.021912933243991,62.1306254152069,66.1218487394958,27.627756575202316,830.8453885097072,70.76123625150146,52.686090029052075,60.351625119454056,1.0402514592330738,0.4684711658952578,1.0388623858657382,0.4676470392201514
2025-09-02 14:15:00,9.010971419789811,62.27186473047468,66.1218487394958,27.56381711123847,823.0252889164387,71.13231854417243,52.11477918844583,61.57552125232126,9.07768693786139,62.13197680771532,66.1218487394958,27.620557283403,831.0929214125049,70.76679892104183,52.67433034240997,60.393197880352766,1.0399808574457077,0.4655358235238679,1.0429168648432774,0.46845444554579924
2025-09-02 14:30:00,8.686895646877554,62.28377273553149,66.1218487394958,27.530053183386155,835.1465645352531,70.91509768244568,52.02875873135786,61.43115816721359,9.138294488045718,62.13387860322474,66.1218487394958,27.612607944503104,831.2351312019267,70.77636244026196,52.64849805814513,60.43583893953575,1.0430037798331582,0.4686513094162075,1.046590829415267,0.46915028450751567
2025-09-02 14:45:00,8.107223015193659,62.35193630868288,66.1218487394958,27.531533666688304,836.6675688851718,70.94666693164463,52.62018086190938,61.84683537994063,9.198268498641392,62.132630819832336,66.1218487394958,27.604550250996965,831.2409371795297,70.81003913054587,52.633997669303156,60.47573379576682,1.0495262081859142,0.4716896211856043,1.050982160981648,0.47009039847721595
2025-09-02 15:00:00,7.75577696179167,62.3662497948228,66.1218487394958,27.503310488780677,834.2435437057823,70.66811958911914,52.619970909389245,62.09438822622757,9.274402187660433,62.1271347144459,66.1218487394958,27.594995255296883,831.1372274942007,70.81167270554197,52.62458664976321,60.5020903320469,1.0560333357779508,0.4733553584785422,1.0563581062685432,0.4710785136118872
2025-09-02 15:15:00,7.940253926622419,62.42355928228088,66.1218487394958,27.559513566576683,833.339001743823,70.54906078857103,52.41398315285187,62.30104016139799,9.356393211685182,62.1156763765014,66.1218487394958,27.586433724878358,831.0021803341962,70.8363151420568,52.61762755563401,60.53286832382652,1.0663694320430082,0.4711421105229648,1.0616570724175733,0.47185772029651385
2025-09-02 15:30:00,8.497756633271925,62.37881348937471,66.1218487394958,27.53346478908266,835.4117797362346,70.42317375809812,52.6623800153767,62.26623541335188,9.425941488776438,62.1026886566382,66.1218487394958,27.57572355112478,830.8746039501973,70.86083743018135,52.612932600878615,60.54479541636868,1.0706346499520385,0.4702074767235553,1.066267677411877,0.4724314572245634
2025-09-02 15:45:00,8.614020788803211,62.32651926422334,66.1218487394958,27.590218651318228,831.395882216195,70.92797026118562,52.35876011054292,62.3001287541245,9.484290989018778,62.091658672673844,66.1218487394958,27.566753101424535,830.450770351343,70.87138086975271,52.59180486810192,60.573199403553225,1.0708919656441769,0.4774069810546368,1.0707955310396713,0.4728517493398512
2025-09-02 16:00:00,8.278693686549191,62.302664908876864,66.1218487394958,27.633477663201816,820.2968651064823,71.13224954084507,52.85955937147404,62.28474514902602,9.535310884239658,62.08097517168186,66.1218487394958,27.556735869880733,830.192017500889,70.87790193159734,52.59103399316584,60.6033028822422,1.0855377855936468,0.472096347794251,1.0744519663628471,0.4735158361992955
2025-09-02 16:15:00,8.400225121547576,62.225986559852366,66.1218487394958,27.5879537221989,825.194328840743,70.82844132542019,52.68742483940018,61.97547789936923,9.573097313585894,62.07294051280826,66.1218487394958,27.54769229093078,830.0409568767217,70.89192154846279,52.57788043963093,60.513722466828746,1.0930355544525496,0.4746153981257296,1.0779108826951707,0.4742099027604462
2025-09-02 16:30:00,8.372082461114436,62.05192231605152,66.1218487394958,27.56118642242427,819.7757192042656,71.09979906883643,52.41865500101075,62.019696856451226,9.61946171326731,62.06559398579229,66.1218487394958,27.539785476581585,830.0573258241141,70.92376468700574,52.561727800140375,60.41245695027892,1.0990768197143157,0.4714072010015518,1.081452353904795,0.4749868372770648
2025-09-02 16:45:00,8.513989457571075,61.93709232841668,66.1218487394958,27.52171435992435,827.2231075328986,70.5513148169044,52.22844126902648,58.47548057039565,9.658015406233295,62.06217675591328,66.1218487394958,27.53262945794634,830.1877348033165,70.94001663860082,52.54945703669259,60.30997209606082,1.093574428587087,0.4730731731207945,1.0846339323254068,0.47604018573802287
2025-09-02 17:00:00,9.33354030125561,61.967294510712,66.1218487394958,27.50610547750112,832.2305328171097,71.26818263592493,52.390577266519735,58.437661689698594,9.69851832634518,62.05828157000409,66.1218487394958,27.526231265827324,830.2338764786258,70.9607815942625,52.551571552308026,60.20734063323065,1.088510974237828,0.472450977012349,1.0878373913401789,0.4772332460140754
2025-09-02 17:15:00,10.005208939288776,61.937748070014734,66.1218487394958,27.539032357413404,832.9490067030207,70.82200039064615,52.78170747353441,58.60957380714144,9.74983060890014,62.06187066028911,66.1218487394958,27.52099563388144,830.2815359974244,70.96061025757885,52.55408971244261,60.11658644255098,1.0854554207582547,0.4731688339060322,1.0907009790987028,0.4785933076163383
2025-09-02 17:30:00,10.148616758548192,61.91785027790422,66.1218487394958,27.49690834290277,832.100248332018,71.0023507618766,52.85397636082292,58.84867223360236,9.806267082456372,62.06743758086942,66.1218487394958,27.515608464871296,830.1438736502015,70.96079240756119,52.5652102857306,60.021332156692964,1.0897471395660467,0.4742042073147334,1.0935402310694022,0.48002611236166237
2025-09-02 17:45:00,9.99923107740355,62.06482143857713,66.1218487394958,27.480617404825928,834.8317255962017,70.87770355876192,52.27497183088012,58.99617987445683,9.861548016392103,62.071466932417245,66.1218487394958,27.5133246302423,830.2603623950093,70.95577425992694,52.58536523590202,60.04755968876859,1.1006648632350942,0.4835973011306964,1.0964089733595788,0.48148037445777636
2025-09-02 18:00:00,10.311085604894018,62.00377816656093,66.1218487394958,27.47803421768191,831.4820105962106,70.9233080511232,51.86563544024615,58.84436638307858,9.934862236338098,62.06675158451274,66.1218487394958,27.511955749116716,830.6252866221621,70.93841199070083,52.60721327240821,60.0774076674741,1.105171613744455,0.4825300199371721,1.0980912681316959,0.48301120662988156
2025-09-02 18:15:00,10.901530513038953,61.94665266485278,66.1218487394958,27.496813163959043,832.5624654888262,71.69228182374017,51.90150203118013,58.98371174624445,10.017651063003354,62.06143858092284,66.1218487394958,27.512384491858548,830.7970270918925,70.92131503781549,52.642418091100836,60.09999785247964,1.1176104325665293,0.4873063443142906,1.0996684570836384,0.48456875628801127
2025-09-02 18:30:00,11.71771735509351,61.87118977536794,66.1218487394958,27.463106739106745,829.845324433312,70.64146235125365,52.090320133464616,58.902070065167926,10.110026124653276,62.058450116733596,66.1218487394958,27.511547257751975,830.2401120476022,70.9222455163547,52.67632345162761,60.119162766330355,1.1319863473443772,0.4897333427743264,1.100902655584958,0.4861329829558191
2025-09-02 18:45:00,12.049362640049123,61.774588060367634,66.1218487394958,27.469808597339178,835.993324490164,70.69976999039129,52.3301877261347,58.78722864629985,10.217506673931133,62.05206349626027,66.1218487394958,27.508488196083892,829.5572474624934,70.91347422383572,52.691345459265456,60.11113870388806,1.134467698350204,0.4829853496835966,1.102096625475321,0.48753531906224873
2025-09-02 19:00:00,11.732934256114673,61.73266500785657,66.1218487394958,27.45290215454095,834.287289746838,71.09978755047169,52.39395759448809,58.61788471274337,10.334324466284205,62.0503500269858,66.1218487394958,27.505675357660195,829.2014955430587,70.89911058943625,52.71003588411481,60.097223376799995,1.1267476516802086,0.4824503738167307,1.1037016125938783,0.48865921554258474
2025-09-02 19:15:00,11.174129482647045,61.75639554099472,66.1218487394958,27.44303133715081,830.556410957742,71.06181029747715,52.333696000752994,58.8430038728311,10.467444832236843,62.0457651251038,66.1218487394958,27.501641367645842,829.0481278930253,70.90319439687558,52.73089540343707,60.07349337976726,1.1238706498253903,0.4809643676506427,1.105007968176022,0.4898475232455968
2025-09-02 19:30:00,11.039844021153163,61.83343455996281,66.1218487394958,27.4606957107824,831.4824516835656,71.20741570750216,52.77379643949978,58.918731597513904,10.618048442660161,62.04238875065512,66.1218487394958,27.500330114744063,828.6877076820135,70.90350006562105,52.7419270199345,60.04903752686587,1.1159696884980368,0.4854484502762982,1.106465267854095,0.4911325695339015
2025-09-02 19:45:00,11.16310765767763,61.83908518325658,66.1218487394958,27.434752727827316,829.0351322113778,71.10381470537192,52.88022745667148,58.956003585352526,10.78600012243105,62.04238166677091,66.1218487394958,27.49704822669296,828.3635107252105,70.91644740291898,52.762179855777646,60.034645454467245,1.118114595371161,0.4850117597813362,1.1073363631736575,0.4920613087951789
2025-09-02 20:00:00,11.600319123981036,61.84694841183152,66.1218487394958,27.46963776805844,829.8224562921495,71.14739211742999,52.72531143388694,58.67515079858421,10.957455648147867,62.04566482443375,66.1218487394958,27.491978073924617,828.4604004540167,70.9087186980229,52.76685928731448,60.02757777970526,1.1327484870323226,0.4893464533062384,1.1070660523131421,0.4929755792672769
2025-09-02 20:15:00,11.338755994704249,61.98880534707256,66.1218487394958,27.4879802899375,831.0325697135429,71.70872888137598,53.31764655728912,58.719308924818144,11.119603858734596,62.051523412350505,66.1218487394958,27.488195965937948,828.4060507800791,70.91275898478635,52.77791523531861,60.02396963523504,1.1233189862178257,0.4964503981383129,1.1065113669490856,0.49373180321788135
2025-09-02 20:30:00,10.910295125751084,62.05871840810498,66.1218487394958,27.50552955719668,832.3300818626391,71.15385992419854,53.48855242806979,58.59202307690156,11.289699734794711,62.064405810995055,66.1218487394958,27.48700217169231,828.6462896572941,70.9141267008164,52.80547161271584,60.010482320281945,1.1318276263692646,0.4981106233616627,1.1054449053171778,0.49467569053771504
2025-09-02 20:45:00,10.498114041271744,62.170140355203245,66.1218487394958,27.50294710331937,830.2464939495243,70.89104102550647,53.40748450180226,58.79606148324129,11.470571735762203,62.08251223211652,66.1218487394958,27.485609335648366,828.6903544340871,70.93025980829654,52.834084737572326,60.11095526141221,1.123848792620198,0.5066713031425538,1.1041020854621688,0.49537843491937983
2025-09-02 21:00:00,10.194405931425596,62.17189657296336,66.1218487394958,27.494821466262955,828.3457145977357,70.62221482046164,53.12739284647688,58.656271731169234,11.638501539827951,62.105530657095464,66.1218487394958,27.484296109329616,828.5495967593833,70.91482892377856,52.845351952827706,60.22834054210169,1.1178927049864076,0.5087742182741771,1.1029434720097464,0.49592440654789127
2025-09-02 21:15:00,10.53550959552486,62.15173871678207,66.1218487394958,27.51984030548721,827.5566048287652,70.82098057035594,53.23245187045675,62.26628567004525,11.792230708084405,62.13076898569557,66.1218487394958,27.484597840995768,828.1586161799496,70.92058506705888,52.83432169098271,60.34543081557065,1.1163992519211283,0.5075549430691787,1.1018672090571058,0.4962993246457365
2025-09-02 21:30:00,11.214269551187629,62.048414748408014,66.1218487394958,27.53986412738712,830.3491039408306,70.23404224991262,53.0341093292841,62.30133229551284,11.942249721594829,62.155497534561746,66.1218487394958,27.484937507895882,827.6893345749236,70.9140282346221,52.81913889621503,60.45632566226651,1.0907203023965886,0.5143961310584122,1.1004922262083874,0.4967407535007096
2025-09-02 21:45:00,11.494636219747472,62.11247462277765,66.1218487394958,27.576679393493613,828.1775030083527,70.61940995761246,53.17092374922492,62.25322680248743,12.071091789885369,62.17192512702811,66.1218487394958,27.485726048127333,827.0667402208466,70.88936214930848,52.827176437044024,60.57199397342663,1.087296526003983,0.512262313267761,1.0984672462439584,0.4967232988653148
2025-09-02 22:00:00,11.458147496375242,62.19411880985438,66.1218487394958,27.50493616018891,818.4391132065446,70.94301203862217,53.04591954716099,62.00610558273532,12.183415300673595,62.192113089637346,66.1218487394958,27.484979950418104,826.7151130159375,70.8651037098517,52.84256198003727,60.689433243047645,1.080029734872751,0.5155781094504418,1.0960181423605626,0.4967258891525803
2025-09-02 22:15:00,11.331639493529387,62.16033769448305,66.1218487394958,27.439761816645788,816.1816313319054,70.68352815607494,53.07084109104464,61.60611350667158,12.275525759166149,62.210545399054766,66.1218487394958,27.483392069137814,826.2274564506359,70.84504758831103,52.846435630963484,60.686368463628845,1.0853453048968016,0.5137597043784936,1.0929405295392494,0.4965314779108704
2025-09-02 22:30:00,11.260310732383733,62.314845716588735,66.1218487394958,27.418925336069734,823.5709861227459,70.237210557135,53.180683654869576,61.67692841358538,12.352851774799223,62.231709449160114,66.1218487394958,27.48516026538423,825.8753342965841,70.84708116115524,52.84064577673809,60.688578878713656,1.1041829493346715,0.5070722528886219,1.089152919791688,0.4961633181484392
2025-09-02 22:45:00,11.933864905201611,62.2860122258209,66.1218487394958,27.438493866146175,828.7379722428154,70.67157501175075,53.03976873251981,61.58914025041616,12.409052431943197,62.25559347890251,66.1218487394958,27.485933240652916,825.2934083244897,70.85276804204582,52.839541506957886,60.68792960440559,1.1055600995073216,0.5067913416133257,1.0853794234396743,0.4961709218249376
2025-09-02 23:00:00,13.015864945971432,62.277522255914185,66.1218487394958,27.494127202029244,824.5991734058849,70.43234382046249,52.99332851029993,61.53255982631021,12.459443711447411,62.28225722432443,66.1218487394958,27.486617059807827,824.5785473906931,70.8375606918089,52.84931429443547,60.69070159113541,1.1143536402942242,0.5087588653726974,1.081586283071496,0.4961782035286718
2025-09-02 23:15:00,13.652571181929916,62.32630674769718,66.1218487394958,27.49176200978519,821.6699735121052,71.31639038012335,52.96634518583706,61.86836658216561,12.512762216725317,62.307069414731885,66.1218487394958,27.486953347794195,824.2117039777124,70.83076852556822,52.85583922124085,60.67920017439841,1.0970248252310488,0.5052691588929572,1.077654356184263,0.49606315491268804
2025-09-02 23:30:00,13.422359458053716,62.40115963876228,66.1218487394958,27.481373080151464,823.2035569706698,70.90038839396257,52.999942317579205,62.07271490616686,12.556571157540144,62.32801550210264,66.1218487394958,27.486697946719893,823.4581925909248,70.804179730871,52.84629477584063,60.65979752564358,1.0774284597781818,0.4995244619571918,1.0736059609587503,0.4959456218059561
2025-09-02 23:45:00,13.264671439149408,62.40174419735478,66.1218487394958,27.47449048259876,823.5638386226108,70.9496499283241,53.01910327952411,61.86723356526248,12.60023395823121,62.350495583946596,66.1218487394958,27.487048241033637,822.7664802852613,70.77236534339158,52.838616803241344,60.651249815150805,1.0763949935308614,0.4973021166438631,1.069604779794465,0.49564409793273917
2025-09-03 00:00:00,13.474958742917895,62.43839427538812,66.1218487394958,27.525372595055178,826.9828855207181,71.14083054973737,53.24534632292749,61.61507740785808,12.631822992844208,62.36894072035484,66.1218487394958,27.489755382650806,822.347510636084,70.74714208566184,52.8307332502029,60.662438652283846,1.0670829707570806,0.4997238205965624,1.0649986580881519,0.4952285055206213
2025-09-03 00:15:00,13.940149486595832,62.480284962060686,66.1218487394958,27.47992927860603,828.5450508366883,71.0353080413091,53.08683501472108,61.48966880430381,12.672944179086075,62.37940849649093,66.1218487394958,27.491515892477615,822.2542793600253,70.68890439216551,52.79520564833561,60.68212122425341,1.053289832936812,0.4941555045707379,1.0605633257466112,0.49466808032479864
2025-09-03 00:30:00,14.371434423228028,62.65784726008043,66.1218487394958,27.46670868793868,828.0078025759976,70.80525610038545,52.72859372418093,61.95922011038303,12.720006446816894,62.38864563923172,66.1218487394958,27.49477971135383,822.1521623494108,70.65463681749493,52.754465730784005,60.70449285895675,1.05375257066516,0.4888301258676941,1.055494399538524,0.4940026967794699
2025-09-03 00:45:00,14.61708398698242,62.69489792801772,66.1218487394958,27.54808430739793,821.2195893200064,70.9946846890556,52.45079961818477,62.122282011209954,12.772186473159802,62.39746821680729,66.1218487394958,27.498789445588326,821.8062048485775,70.63597573226738,52.724682896031524,60.71382353359489,1.0531675321790392,0.4844163768413881,1.0510935280657814,0.49313543793796927
2025-09-03 01:00:00,14.649187163860914,62.659706743889565,66.1218487394958,27.507098349906297,818.0218001812407,70.80564578877332,52.398492517792654,62.17551763447816,12.832868483303404,62.40885882490758,66.1218487394958,27.50427534389367,821.4332294634147,70.63654049771459,52.71393638954748,60.729395614950924,1.0484976541044904,0.4874470729639257,1.0471984760829187,0.49209340269629365
2025-09-03 01:15:00,13.864493126119733,62.55764921256812,66.1218487394958,27.504273611769413,816.1538949738837,70.1377209993535,52.51609805574985,62.46622920926051,12.897044692778552,62.42086122008847,66.1218487394958,27.506045820866284,821.115006533204,70.60965299060534,52.67663374114715,60.612221624651546,1.0399154643022224,0.483073662068853,1.043114950790496,0.4912519057505566
2025-09-03 01:30:00,13.680790928540784,62.6094170448379,66.1218487394958,27.455651286405004,820.9331944489427,70.19555486741945,52.32720173004317,62.36754447170897,12.943649777804838,62.433542669957504,66.1218487394958,27.507958124257257,820.6104309250612,70.61737423151156,52.64987858527018,60.491873038703055,1.0316984972425822,0.4826077285551374,1.0395893860351948,0.4901725711557142
2025-09-03 01:45:00,13.664844267815573,62.4996219473754,66.1218487394958,27.449176725550213,817.932768529778,71.09059817752038,52.0177115589669,58.8917683636808,13.009059758664657,62.44604116816471,66.1218487394958,27.50828037357155,820.010965967978,70.61441937402479,52.615230095404826,60.38012393069632,1.0252820479271345,0.4814740070629944,1.0368102608419643,0.4891250729395173
2025-09-03 02:00:00,14.037497824085747,62.50611127852833,66.1218487394958,27.51615262649939,819.2816598117606,70.70246953658015,51.91662450670265,58.96838251771217,13.072701518946817,62.457065680091134,66.1218487394958,27.511820593594887,819.5477634760446,70.5821185734968,52.58841157965731,60.2722947420436,1.0183580549175413,0.4786885499013895,1.0342298849421185,0.4879221660437888
2025-09-03 02:15:00,13.735382354368312,62.491108952639735,66.1218487394958,27.492997855399675,818.5355453273328,70.87037641710853,52.29705963272883,58.76775041705772,13.130694674399516,62.46404951644523,66.1218487394958,27.51795741607243,819.3803785673266,70.56587319347499,52.56793404514958,60.17680287167945,1.0212628077897876,0.4832134599785483,1.0315396380445452,0.4869354099111605
2025-09-03 02:30:00,13.2446726412411,62.53257737051383,66.1218487394958,27.473416729188305,812.8414617329382,70.64356704336376,52.68714121881566,58.70104431463793,13.180495222626677,62.468342797078414,66.1218487394958,27.527081341413453,819.1280798264335,70.56478203694827,52.542932341117336,60.079798715420885,1.0129534406348597,0.4826688249287565,1.0281146174270022,0.48593224264917195
2025-09-03 02:45:00,12.773684640984245,62.50076125321839,66.1218487394958,27.453119976741824,819.551108568318,70.85804531025694,52.52944380491407,58.497961370721065,13.22271098654293,62.47120162932278,66.1218487394958,27.535027349324036,818.8731983281177,70.55858651972359,52.532544547049866,60.099403549133285,1.005912843208409,0.4775129091711289,1.0242718813618426,0.4848901012891874
2025-09-03 03:00:00,12.354112245598028,62.46181718108558,66.1218487394958,27.45303367855336,808.8771100799423,70.40975186658537,52.48746307749346,58.33665213486888,13.227019504551283,62.479413772426405,66.1218487394958,27.54230292945993,818.7747378651587,70.57369421037842,52.5173449353008,60.116314758589006,0.9945178317326469,0.4819224570743398,1.020403427494118,0.48359326283144866
2025-09-03 03:15:00,12.472991678409604,62.51348763857526,66.1218487394958,27.445261557239657,808.2837630414699,70.14938308098955,52.64988827869272,58.6995722705696,13.229266053967255,62.48435209576054,66.1218487394958,27.550494199106968,819.0376437023152,70.54743773917882,52.50021892468636,60.12089475055907,0.9980791604426072,0.4759660435848309,1.0172879005663669,0.4824442439120268
2025-09-03 03:30:00,12.547990162370947,62.40030250407875,66.1218487394958,27.55085201657352,817.2533668168297,70.39069438553773,52.4888048427334,59.01081591257519,13.22301052310358,62.4864243037028,66.1218487394958,27.558287001375565,819.2121812746319,70.5329685931804,52.47123501165889,60.11308910343134,0.9945648358429272,0.4768786809427028,1.0152295860553122,0.4813824422578349
2025-09-03 03:45:00,12.57239158196024,62.302838631155545,66.1218487394958,27.540795584741826,828.2356314317827,69.96159807648607,52.25181850127085,59.3097860839052,13.195978956192837,62.4928575420624,66.1218487394958,27.56648371542549,819.1443955083137,70.51118839462802,52.42704753908302,60.10635136435589,0.9902590159716026,0.4796376422636318,1.0135037609332087,0.480264521486081
2025-09-03 04:00:00,12.32216315767573,62.33583269032834,66.1218487394958,27.603444123483055,829.2665715442032,70.1258326840812,52.26635490152148,59.26317211800164,13.143399675713072,62.50081859729066,66.1218487394958,27.572970695856252,818.8108019801197,70.47877460648355,52.375238373859275,60.10565576287369,0.97975984012665,0.4781491170018009,1.0123079252870233,0.4790445021053689
2025-09-03 04:15:00,12.06351483155895,62.43481768247037,66.1218487394958,27.62323913035432,819.8677689245288,70.33120846868032,52.51399945922796,59.07598172238545,13.064243944146542,62.50390617928799,66.1218487394958,27.581853954393026,818.3582690351933,70.4532267392952,52.32754254340495,60.10851663088923,0.9918226484379188,0.4806535378975349,1.0116419266834462,0.4779388134582464
2025-09-03 04:30:00,12.01486623573362,62.51361481597207,66.1218487394958,27.65939841542325,817.1564530428478,70.63915778387747,52.80499765195533,59.12343417185051,12.969922277205173,62.50252930796106,66.1218487394958,27.590293929472857,817.8706995379748,70.429612192095,52.295911743781566,60.09564787412212,1.0010411455005268,0.4775131610239062,1.0105739623875487,0.4771148229510918
2025-09-03 04:45:00,12.460795879779266,62.511810572208745,66.1218487394958,27.57295461466557,818.0099169224441,70.01435535707839,52.11337241844694,58.75106596106392,12.86982912051287,62.50285667294193,66.1218487394958,27.595871069906373,817.738232036751,70.41846756628892,52.263659671896626,60.07326289538,0.9938934931484498,0.4823100346970681,1.0089915816610702,0.4765734761642987
2025-09-03 05:00:00,12.612422101976264,62.42885824447902,66.1218487394958,27.59723322911633,815.2118356965503,70.46567947709941,52.231454652974975,58.69087471705795,12.740859570726432,62.50747363562838,66.1218487394958,27.601895361917904,817.678175956265,70.39247778788258,52.23964302785041,60.05088142777071,0.9849533597375524,0.4820160932131417,1.0078617855463243,0.475776814145534
2025-09-03 05:15:00,13.456935645542073,62.48742956899407,66.1218487394958,27.58634687292246,810.1935542958538,70.53076423300973,52.13146905326434,58.90075356228543,12.609339910298335,62.516780287566625,66.1218487394958,27.6084132002959,817.5358632976028,70.3975792189774,52.21014394173225,60.019845942923844,1.0039227702070654,0.4808373667818524,1.007132982350069,0.4751791646650295
2025-09-03 05:30:00,13.367400304839938,62.52485416764688,66.1218487394958,27.611142760888928,804.5430384485412,69.9739880227821,52.24136407473532,58.77122992315341,12.460945223189935,62.52797031344551,66.1218487394958,27.617900733275192,817.2227744632331,70.41074616435056,52.18259147686153,59.99098076653941,1.0026184578773794,0.4794909025785863,1.0067989554566865,0.4748235728784799
2025-09-03 05:45:00,13.07143415711039,62.36985278510597,66.1218487394958,27.623866490972123,811.1600840703666,70.19616675542039,52.456515055812574,58.741357395747215,12.301250260613548,62.54478784449808,66.1218487394958,27.62598847721316,817.1173191908133,70.39642383626713,52.17550910321336,60.08614610332818,1.0046378979696005,0.4841570203996449,1.0069573203032336,0.47434360162230715
2025-09-03 06:00:00,12.754327179198542,62.443644135584094,66.1218487394958,27.692643096300355,816.0020238959498,70.20447586133376,52.43063253390258,58.76680372582868,12.14431754976858,62.563009620647605,66.1218487394958,27.633542691410053,816.8487464922196,70.38154845575893,52.17153647565964,60.17879683976949,1.0014323308083812,0.4769772350289663,1.0071167756105384,0.4737690876969445
2025-09-03 06:15:00,13.200337822689312,62.37177719315197,66.1218487394958,27.67687410346372,821.0915272933441,70.48570949501016,52.72813491049556,62.17728526178794,12.003308544005343,62.58183334579557,66.1218487394958,27.643449008539918,816.9382099239514,70.35375777576661,52.15092830492746,60.259408443502785,0.990278017552536,0.4755271008137894,1.0071425019961022,0.472793667326979
2025-09-03 06:30:00,13.145120486221929,62.52388654902306,66.1218487394958,27.712394606106013,821.6453595171166,70.8855745401077,52.5373401578279,62.03989610998189,11.86442342693577,62.603966733543984,66.1218487394958,27.654072392610352,817.2780046256645,70.35480450495649,52.097331371537884,60.3429598061909,0.9983000242624844,0.4698537116405329,1.0077753750142562,0.4715486620243279
2025-09-03 06:45:00,13.719967664409056,62.47445644772121,66.1218487394958,27.737500099196414,829.5571486268013,70.52869624413492,52.45256486740396,62.0057663412675,11.724199765089912,62.62608314361341,66.1218487394958,27.665200281593627,817.5677551014256,70.34093868436207,52.05628417316392,60.42243944706527,1.0035590173985116,0.4707985913103027,1.0088855336619604,0.4706965428825517
2025-09-03 07:00:00,13.234693532143536,62.4633258770297,66.1218487394958,27.71515714820939,828.4396841401691,70.46631401401014,52.1304249267553,61.83854549233504,11.601074168776972,62.653728925450835,66.1218487394958,27.677328546879256,818.1456405178527,70.35598845663053,52.00808960787145,60.40070177656504,1.0156790244465466,0.4676704123314348,1.0106535903778486,0.46955249647868474
2025-09-03 07:15:00,12.453724431827078,62.59474134814315,66.1218487394958,27.720391904096623,821.5302656330615,70.29624397175274,51.693479102247856,61.66510139299897,11.485678872164323,62.68037912802765,66.1218487394958,27.691597753660098,818.5677823938398,70.38414703201224,51.96251406820838,60.36919369536552,1.0246202398677524,0.4637644934912479,1.0129007783863933,0.4686029054954249
2025-09-03 07:30:00,11.897580328524924,62.677225932236006,66.1218487394958,27.719982007977933,816.9750796748967,70.16841690540312,51.6910713662153,61.59420936339203,11.389389102311661,62.71320720357787,66.1218487394958,27.70438000171156,818.746890977911,70.37848914450423,51.926302632493176,60.33598899494873,1.03120790137152,0.4631232391751994,1.0151689871230245,0.4675267021053918
2025-09-03 07:45:00,11.565477539599964,62.57291242198031,66.1218487394958,27.746427034709228,814.9690624888974,70.26887202565909,51.65596010109116,61.575494844770056,11.307253076006122,62.74535445567461,66.1218487394958,27.716739905333025,818.8374777718371,70.38032461713843,51.907037226614634,60.294704456807956,1.033309874829499,0.4609848451570611,1.0175594189141197,0.46622741482980284
2025-09-03 08:00:00,11.541784414986966,62.61654112027281,66.1218487394958,27.719907940333528,813.3807176594463,70.09681968437901,51.77966973547958,61.57315740736963,11.22947737152025,62.783436037750086,66.1218487394958,27.726521690929935,818.7770881395595,70.408061443843,51.88452462417831,60.26301386357148,1.0217136417882395,0.4641104106530589,1.0204057268565796,0.46509347014890984
2025-09-03 08:15:00,11.61428928621335,62.70471887744375,66.1218487394958,27.71539852040337,817.2455642832915,70.66034591487345,51.48323746163642,61.450732648946506,11.147170313067498,62.818025939780924,66.1218487394958,27.735409426559134,819.0961415322596,70.4150274133262,51.851729558722546,60.23708998017819,1.0056961103846804,0.4681759732375928,1.0230428187068419,0.46388094682113823
2025-09-03 08:30:00,10.780100670267757,62.7982156244829,66.1218487394958,27.687827110252247,816.22011776666,70.02595243658276,51.67799319640621,61.50407360619948,11.069312730108154,62.84708832605902,66.1218487394958,27.743955414655712,819.1224770795251,70.40862812405894,51.79853577526385,60.21248993030573,1.0146037706621145,0.4635472124009857,1.0253413144721941,0.4627767676593247
2025-09-03 08:45:00,9.918903313276829,62.83684877071557,66.1218487394958,27.699808763109296,811.884515214018,70.29076393219802,51.631125472204864,61.535164663854566,10.985156713250284,62.87641762681581,66.1218487394958,27.75430499967969,819.2591134554809,70.41451318935621,51.7615168341085,60.19470433897617,1.0180513684145598,0.4651441776537169,1.0274046949434228,0.4612730451227313
2025-09-03 09:00:00,9.22895031528877,62.94511782120437,66.1218487394958,27.74027727578382,811.5405294178548,70.59056322861463,51.50062778392187,61.5015891801757,10.913696593262149,62.91026020114755,66.1218487394958,27.76498465268724,819.4110696390081,70.4339204750417,51.72308379856678,60.17486259316127,1.0216776904411065,0.471939974958651,1.0302209310170787,0.4597905733519507
2025-09-03 09:15:00,8.87399539052394,63.00414787895264,66.1218487394958,27.69180904368921,814.7691103571847,70.66092833501773,51.80524034952139,61.74672846734424,10.819540858359888,62.94058092295821,66.1218487394958,27.77437917897311,819.881653299815,70.43203366438462,51.691811711242416,60.156996826025896,1.0300329933235493,0.467074869377812,1.0327636362893817,0.4585934356675955
2025-09-03 09:30:00,9.329516498736783,63.05276456301414,66.1218487394958,27.7427790524062,811.2244788539431,70.25620812133346,51.79744568009147,61.74790461095142,10.718003494581302,62.97090330378232,66.1218487394958,27.782410591669496,820.5530979652241,70.44899027046934,51.66504351498324,60.142472578135155,1.023141714136687,0.4614531321405083,1.0354078863388265,0.4575086014634587
2025-09-03 09:45:00,9.505112181471183,63.05582070707892,66.1218487394958,27.790187369295683,821.2194482792869,70.03665601733934,51.67881451076335,61.18609852905652,10.603029103321624,63.00243470805096,66.1218487394958,27.7924071419314,821.1111551082188,70.46388424961584,51.62602614717478,60.12221517767978,1.0220345993567028,0.4539508488795838,1.0378252030476331,0.45639566791049907
2025-09-03 10:00:00,9.07811912915398,63.196579002966,66.1218487394958,27.792118251301343,823.0353027843345,70.67496891906008,51.079233217128376,61.207585195281176,10.477637142984564,63.03647712283499,66.1218487394958,27.799700367235438,821.5560238551045,70.47738973506968,51.58830525889148,60.10345136348429,1.0319396311794833,0.4453186658492234,1.0404580170292905,0.45565502697458415
2025-09-03 10:15:00,8.566974785608432,63.16425355530092,66.1218487394958,27.78695664623999,828.2436228411522,70.44207069242441,51.29802785369487,60.88235059695249,10.343554030208143,63.07142003910746,66.1218487394958,27.809070164215616,821.7905995031116,70.46784196404205,51.5441478995093,59.96828864716062,1.0392176026395272,0.4519493349178429,1.0433378202973398,0.45495132156819557
2025-09-03 10:30:00,8.660344356209833,63.29119063620839,66.1218487394958,27.81688163712223,826.2136725727557,70.86124503463896,51.04162611871942,57.68452201986205,10.213042136565246,63.09719020871982,66.1218487394958,27.81672108949782,821.8415087927608,70.46283386166596,51.50587980313066,59.842806992880504,1.047559533209294,0.4476010649583309,1.0463239641100242,0.45469032828282124
2025-09-03 10:45:00,9.011132780030062,63.31299371587991,66.1218487394958,27.873337760664874,820.948019321079,70.99414034244097,51.28262208880057,57.75432983458366,10.065212736508961,63.12785543531936,66.1218487394958,27.82353021980289,821.6486852932662,70.46978049608722,51.46827152192102,59.71568988383679,1.0654948006989493,0.4474783140870353,1.0493175044444658,0.45439990797045676
2025-09-03 11:00:00,9.659297066791105,63.38514477058537,66.1218487394958,27.9343194581175,822.6266243389701,70.22095776029721,51.40246177127749,58.01467490007166,9.921582172580194,63.15513887466731,66.1218487394958,27.8309709667593,821.3372508746746,70.48226847671894,51.43937922524504,59.59319214522402,1.0626110979418653,0.4445925792417094,1.0520297629026332,0.4540249777282668
2025-09-03 11:15:00,10.108310792794056,63.26725619405748,66.1218487394958,27.911592693385675,830.9532352495646,70.01666225551203,51.67385632491441,58.07124993968204,9.781701825517835,63.176820739541405,66.1218487394958,27.83721853760399,821.1559371971979,70.51706287688928,51.42270764383595,59.492752232892265,1.0619719697044585,0.4406590239959657,1.0544540991461817,0.45397809685419355
2025-09-03 11:30:00,9.988892023099602,63.47828015259276,66.1218487394958,27.896897691390443,827.454882575877,70.9579374852182,51.59097682843184,58.312454320907314,9.644371960222944,63.19600167183075,66.1218487394958,27.843094677924423,821.1905106823855,70.53530604023146,51.427148938077,59.51907066617198,1.0651490784004445,0.44413077657501,1.056264687365228,0.45399038884229254
2025-09-03 11:45:00,9.594303077976404,63.47251474339558,66.1218487394958,27.889871199230136,829.4393707055284,70.5401875531763,51.53014749555504,58.29826522058674,9.522886338529547,63.21937215742922,66.1218487394958,27.847179561766975,821.0317042125852,70.54390243535636,51.45143591610432,59.5498014069683,1.070935403945789,0.4442778380643845,1.057875946348087,0.45429829139923744
2025-09-03 12:00:00,9.67913874695329,63.385486404314925,66.1218487394958,27.91577805832074,817.9465194608115,70.44717910586031,51.20918414819442,58.385432675676576,9.403944296349108,63.24201286788196,66.1218487394958,27.85145838841847,820.8909011879945,70.54710900016123,51.47819425786896,59.58130496466061,1.0699960184610968,0.4443877861695024,1.0599791058200998,0.4546519980509559
2025-09-03 12:15:00,9.936115374043132,63.39168959491233,66.1218487394958,27.88344216538495,822.1090082011219,70.19090731599614,51.00280418378647,58.21749822117731,9.293475363107698,63.263434210742076,66.1218487394958,27.85521276739056,820.7872170352325,70.54731541783791,51.52203472607299,59.611172259855714,1.0557949072853032,0.4371983585992667,1.0628347736762374,0.45517828500046326
2025-09-03 12:30:00,10.468618502332266,63.444135474431405,66.1218487394958,27.917622819342768,819.7705212023662,71.04789804766408,51.07846358672372,58.09562234261105,9.2069662135069,63.28503769769355,66.1218487394958,27.860115107425955,820.982178168673,70.5765815266939,51.55864026509583,59.64512270217586,1.0694404419472336,0.4375419400897218,1.0654479258672618,0.45572705319847034
2025-09-03 12:45:00,10.632263598474236,63.39705122331385,66.1218487394958,27.86818266149852,824.3110641200562,70.47415991329758,51.1933064335332,58.36478054822405,9.15216391575628,63.305395708146655,66.1218487394958,27.863768245556948,821.1108595439741,70.5793331725597,51.5887248584379,59.67269079987692,1.080203928376157,0.4449232362511966,1.068499964771768,0.45641949191710324
2025-09-03 13:00:00,10.321279391482388,63.43452559237039,66.1218487394958,27.8520851417806,824.6863784108148,70.4826862053235,51.438318186960096,58.33550248643117,9.116837415223854,63.32196345519775,66.1218487394958,27.867280257719198,821.2883098320991,70.58140041824521,51.632555406884286,59.70612650771007,1.081945959360723,0.4469458764544828,1.071732344335253,0.45692584905441425
2025-09-03 13:15:00,9.622202419320065,63.31579491316492,66.1218487394958,27.92376299882927,827.9017983602096,70.64298612981537,51.28599402155865,58.133635382085856,9.118765476422801,63.33276993369081,66.1218487394958,27.872840156247644,821.3224549697891,70.56319117905329,51.65427818047491,59.74214660824232,1.0771573992337995,0.4507690138108562,1.07499431693608,0.45775249905362286
2025-09-03 13:30:00,8.992568369086698,63.464916579104944,66.1218487394958,27.911439855421435,829.348086302521,70.60964042494895,51.29900588540371,58.20388929996407,9.126588550538674,63.34234564356378,66.1218487394958,27.875490280879355,821.5235456607564,70.59619593259737,51.67463192813456,59.790754048909804,1.0804167502580992,0.4547580069515178,1.0786170800163206,0.45900854478339004
2025-09-03 13:45:00,9.177844439396631,63.42006468132616,66.1218487394958,27.95796801286902,828.1287967335563,70.19927636418119,51.40341412903016,58.12240377207773,9.14371905451675,63.351734321918705,66.1218487394958,27.875633040906816,821.0872931635864,70.62850299642193,51.69968429898968,59.85962342177006,1.0766721155940195,0.4544159386221322,1.0827681913782992,0.46041492611270063
2025-09-03 14:00:00,9.229763676935107,63.29699163739407,66.1218487394958,27.94192236457208,823.1726382065938,70.73533146882484,51.38929726646863,58.27544648157856,9.181770367987033,63.3571186157668,66.1218487394958,27.87339622093791,820.4655941840008,70.62360652610528,51.7428950526669,59.92242915340483,1.0878843386430113,0.4620239130793038,1.0865131427949757,0.4622791990022603
2025-09-03 14:15:00,9.285085662720446,63.39441324570729,66.1218487394958,27.94177400834857,823.7724436419605,70.73709527677335,51.32431643111466,58.19225306995597,9.22838170244516,63.363477531675926,66.1218487394958,27.870544130957835,819.9542400016302,70.6255904316354,51.78008596469965,60.0006850111248,1.0933652274317645,0.4620859819393681,1.090312560941759,0.4639130717573471
2025-09-03 14:30:00,8.92577661428059,63.28182905746807,66.1218487394958,27.93837955690172,819.0966515824222,70.84095343296164,51.26365602647599,58.16361333395211,9.28260876513719,63.361950014246915,66.1218487394958,27.867176622642376,819.5405669262531,70.61187009646143,51.83110740267321,60.19686939256005,1.0970467781915658,0.4564225050657352,1.0936627948142361,0.46580049215153957
2025-09-03 14:45:00,8.257314019956267,63.24519729436588,66.1218487394958,27.90781902943741,816.0908553087619,71.34007597686298,51.193331659975335,58.65190402304616,9.341664049446276,63.361770441467726,66.1218487394958,27.86278256077016,819.2703776515675,70.61566152151416,51.878182733547966,60.387805185489896,1.0973503271742109,0.4623580672690505,1.0968063364300724,0.4679309605068877
2025-09-03 15:00:00,7.7776843696782,63.25265390091641,66.1218487394958,27.896266217590792,818.0122842305257,70.71571180566818,51.82431019344675,62.38376236178347,9.414067110656044,63.35870673943773,66.1218487394958,27.85740039606311,818.9098621039434,70.63038350324337,51.92545535376683,60.56073401701833,1.0855255479429065,0.4634919988181695,1.1005150880430952,0.4704194577661962
2025-09-03 15:15:00,7.920908888798006,63.27402698993447,66.1218487394958,27.868973549985878,810.2048683948894,70.52676387940605,52.38456944191074,62.4974170686596,9.473828877355446,63.36048189384384,66.1218487394958,27.851421349463443,818.1357382102134,70.64671069318729,51.96849454430146,60.72705378058311,1.081647644315268,0.4702219218654079,1.1042009550723983,0.4732666172112854
2025-09-03 15:30:00,7.97352314957387,63.29576243385493,66.1218487394958,27.84827273987844,809.1566269217221,70.19301662852489,52.582419988418685,62.518264138139216,9.53473886623553,63.35380254261056,66.1218487394958,27.846023648290284,817.8275680263953,70.6447515700208,52.010639007269106,60.886866297926716,1.0848084259486237,0.4747216102046134,1.108349771964714,0.475971406401573
2025-09-03 15:45:00,8.300221288971018,63.34735916324731,66.1218487394958,27.82802988956608,814.1350397004331,70.66653844517445,52.798451507756994,62.34675150479944,9.59287732336862,63.345644076222634,66.1218487394958,27.838433205744362,817.429733735256,70.64538951063773,52.05056177427596,61.064914190513036,1.0913661460688038,0.4839645817228124,1.112338385904874,0.4785603049184533
2025-09-03 16:00:00,8.184826182243851,63.44632023302716,66.1218487394958,27.83489731131407,822.0689517698751,70.90393570226226,52.77615936709181,62.52258687580406,9.642759401225097,63.33856173755366,66.1218487394958,27.830535938068916,817.1714197337794,70.64991881007512,52.09218542875877,61.130049436935494,1.0929983363928537,0.4800102583411991,1.1156660970121741,0.4811701098490097
2025-09-03 16:15:00,8.274834380758145,63.44758908430863,66.1218487394958,27.80940290703899,815.7449564730522,70.37331330817203,52.53366327246691,62.36220759488592,9.68491882151799,63.33708501821645,66.1218487394958,27.82429655331911,816.8671079348744,70.66178662621536,52.148200605092825,61.2048549040119,1.1096125355497437,0.4859173392127047,1.119220528671305,0.4840474284165006
2025-09-03 16:30:00,8.169155299316083,63.44215023273741,66.1218487394958,27.845637640651383,816.8640380616023,70.65258059917953,52.81554423731348,62.504660415170406,9.71105603262453,63.33220497145272,66.1218487394958,27.81696240207543,816.4894913068478,70.67332379485941,52.206604195843056,61.27834860011742,1.1186490773456608,0.4871306890779796,1.1218937087884968,0.4867893299718159
2025-09-03 16:45:00,8.931837226492343,63.328342233744365,66.1218487394958,27.85860599954256,815.7934644878825,70.11465115926038,52.45692355724024,62.8273314833118,9.735469654377702,63.32332347619617,66.1218487394958,27.81042177736584,816.2252857619169,70.66590014404561,52.26620813090553,61.34402830033219,1.1278921713483567,0.4918743693540711,1.1239312725755395,0.48932800401566284
2025-09-03 17:00:00,9.564208722212896,63.3400358592031,66.1218487394958,27.822282791357395,817.257199582963,71.24635072765577,52.40805810988078,63.20612783097596,9.757165917742405,63.316131349180736,66.1218487394958,27.805209030791023,815.8661431673662,70.67092204601698,52.316072995652334,61.406052523402835,1.1318246065439004,0.4991345040335244,1.125887911199398,0.4917324047334197
2025-09-03 17:15:00,10.01902730081352,63.33748105772676,66.1218487394958,27.794470170119723,808.1318733641895,71.00586793207623,52.43038563641672,63.25217971486416,9.796574545822024,63.31241610712862,66.1218487394958,27.797351732783874,815.2568057620055,70.67496097094762,52.37084857909845,61.47786732508271,1.1465679402160611,0.4961422887589008,1.1276694477268616,0.493803989496931
2025-09-03 17:30:00,10.21965853326248,63.358107818408726,66.1218487394958,27.72501365223396,804.3843333967645,70.5280748095606,52.37555582744526,63.09175714432437,9.845326227287083,63.3023896445941,66.1218487394958,27.788828446222816,814.5893141408482,70.68175756884446,52.42253583325237,61.54043968348006,1.1442881736797788,0.5012468525360115,1.1295787597429015,0.49567086832602686
2025-09-03 17:45:00,9.96531481935228,63.35502103257492,66.1218487394958,27.701393946837847,812.9029973700355,70.50158785832782,52.41375521467746,63.23002632855166,9.897204630899354,63.29402308389171,66.1218487394958,27.778570796890907,813.932838977651,70.69455454135708,52.470140375752614,61.59699598398234,1.1532001470430324,0.5009655175704485,1.131998001226571,0.4973179905990937
2025-09-03 18:00:00,10.287156236970652,63.24536511333787,66.1218487394958,27.715856387658448,813.8034803114416,70.44963497941998,52.57226925792632,63.57005346291954,9.962555682497689,63.28962482786988,66.1218487394958,27.768357451136204,813.7115916323806,70.69491295496692,52.52129108748827,61.64457758027923,1.1480665493836018,0.5042236767841047,1.1338759444600768,0.49846240919794027
2025-09-03 18:15:00,10.782791309302668,63.30760653250444,66.1218487394958,27.741515904498463,812.8423410805104,71.10788309402291,52.694882015042985,63.48240362247884,10.027840941859294,63.283623931096336,66.1218487394958,27.75844461271874,813.460057934531,70.68690560878208,52.569232535043916,61.693544814918326,1.1598010491740416,0.5113923647474795,1.1355624053857247,0.4996478595650453
2025-09-03 18:30:00,11.831388903084136,63.29323370968541,66.1218487394958,27.77285451690596,811.8111579102504,70.66261721217333,52.82064037784346,63.20253984592479,10.09522082476973,63.28206362263709,66.1218487394958,27.748395333609732,813.3838333437458,70.66344097772813,52.61669502628135,61.73996826014705,1.1738736463325474,0.5192474970209658,1.1369654163402882,0.5010084797250803
2025-09-03 18:45:00,11.901163793776089,63.32051082624085,66.1218487394958,27.732221295395664,807.729518437664,70.50647795382967,52.96503204095304,63.06084284662536,10.19237404069239,63.281235217336004,66.1218487394958,27.739400949209493,813.5351095293388,70.62845676201765,52.67778341724797,61.773010052144656,1.1725479805835544,0.5260738073486386,1.138000815754493,0.5021851365263568
2025-09-03 19:00:00,11.81619168950218,63.27789961559416,66.1218487394958,27.73496665619577,818.2097770613321,70.89916379022371,52.85531071746156,63.10682984121543,10.307140853972843,63.277265110540355,66.1218487394958,27.730448069994296,813.5163264791261,70.62325345194785,52.71805135540036,61.67326059160684,1.1896135851699108,0.5252744522836384,1.1391250542010234,0.5033234719297863
2025-09-03 19:15:00,11.33845679196908,63.22776075175809,66.1218487394958,27.662157922852334,817.5043419713513,70.55932577168453,52.727830505760686,63.63970199817646,10.431037330671966,63.273504389340594,66.1218487394958,27.72266391584263,813.6500514484208,70.6378286677814,52.74561258301882,61.5627474077344,1.190593822150597,0.521944793570795,1.1400549605769976,0.504314665300864
2025-09-03 19:30:00,11.175601082647606,63.17301624424572,66.1218487394958,27.67886002805742,810.1970994165165,70.58305808898122,52.45789378267867,60.33949006835029,10.580837822303863,63.268429321735205,66.1218487394958,27.715913001511986,813.93039773241,70.64710056035291,52.758513970067284,61.45572682369162,1.1698273516800946,0.5226819340861951,1.1408096818586535,0.5053053593948807
2025-09-03 19:45:00,11.200897982829932,63.34738801479569,66.1218487394958,27.6962606228906,812.9796542339683,70.54694180020375,52.68325947380799,60.461662233469575,10.739603853964997,63.25419909957976,66.1218487394958,27.708220938198664,814.0123295716896,70.63255147110092,52.776859984616316,61.357788286531154,1.1624278570592292,0.5235179156239927,1.1411866453193513,0.5060418142678266
2025-09-03 20:00:00,11.25273483552849,63.29773407151949,66.1218487394958,27.69759828203255,808.4420223615668,71.3940131069856,52.83057130923055,60.30043322577652,10.913548029794281,63.232055048001016,66.1218487394958,27.699614313594218,813.9555792169639,70.62824455496758,52.78948795790174,61.2545916585385,1.1496358454629854,0.5197989867491806,1.141195170489991,0.5070200815316844
2025-09-03 20:15:00,11.364672251069338,63.130606365617496,66.1218487394958,27.671963920210764,816.3848977721314,70.25145038888394,52.98142448540772,60.33517155466741,11.085151136466115,63.212153426016066,66.1218487394958,27.690175995415316,814.031493282884,70.6023312876759,52.79897681559043,61.15333656664582,1.141330841987435,0.5210834575666043,1.1404189161481304,0.5076841991473902
2025-09-03 20:30:00,10.972167292423457,63.21876178190733,66.1218487394958,27.695702744535996,813.9121005742933,70.63334326446399,52.93426412936387,60.19622917855012,11.266842268533273,63.18868658151749,66.1218487394958,27.678923091804407,813.9978857052376,70.59278190332667,52.800171302199566,61.161698354992886,1.1406451180764778,0.5190778979871904,1.1390528789496146,0.5084225376794214
2025-09-03 20:45:00,10.804461261708642,63.20433765160147,66.1218487394958,27.68804405861485,809.6216761993887,70.76415387773515,52.92926152494231,60.28807943248241,11.435984456341698,63.169172108702504,66.1218487394958,27.663658273604145,813.8138463223643,70.60385890179175,52.81892930148524,61.152208212064245,1.1306034950577113,0.5129165567161929,1.1376825098610406,0.5089922372280972
2025-09-03 21:00:00,10.455118813038531,63.16412270306948,66.1218487394958,27.655741258589764,809.3233376677987,70.8135383618538,52.84962351002119,60.08106005188441,11.598858995404381,63.14665475784706,66.1218487394958,27.64782960947152,813.6207881209143,70.58338640073698,52.82412038383009,61.12706658381809,1.1376961107392969,0.5107643718243959,1.1358482197070006,0.5093208017427193
2025-09-03 21:15:00,10.73419654776476,63.169067860254266,66.1218487394958,27.65023853291175,808.4345418376455,70.58318553955955,52.83155040403744,59.8190927871464,11.754918437854611,63.120943929561555,66.1218487394958,27.632970254318227,813.8837405843356,70.54149981595717,52.82936316757697,61.08968233284812,1.149249360104106,0.5038296068141357,1.1333141803337057,0.5096014893172859
2025-09-03 21:30:00,11.190295224885096,63.16504395673923,66.1218487394958,27.635521991931032,816.5352178484806,70.74608387712058,52.92381861853849,59.70289437048508,11.89598836909649,63.09470995927196,66.1218487394958,27.61936401038965,814.3593352391898,70.53320542509043,52.84236948194438,61.05873631913803,1.1442226356481815,0.4963564710447012,1.1306536346603264,0.5097236198078806
2025-09-03 21:45:00,11.243643443568592,63.21438634250077,66.1218487394958,27.64438885582464,816.2264327064744,70.49687489122796,52.76255985778397,59.661270109128765,12.028353505198245,63.07070678592617,66.1218487394958,27.607811975608076,814.6074993196022,70.54352407300578,52.85488898371859,61.0315440528377,1.143959055201212,0.4976494929525205,1.1271267735356354,0.5099622287030174
2025-09-03 22:00:00,10.947173101593668,63.23501980369079,66.1218487394958,27.63690118363141,816.809913858865,70.13701450134262,52.68753076359896,59.55631669081378,12.133573416227527,63.045397664913594,66.1218487394958,27.59689570341542,814.7325603850443,70.54492793853173,52.86550009834375,60.98997239548929,1.1391371068284624,0.497241109866787,1.1239127485010918,0.509747076318286
2025-09-03 22:15:00,11.171910497636166,63.2203451353336,66.1218487394958,27.63798749743029,820.629140876549,70.29054950554931,53.025983388974005,59.64315778297459,12.22463234453553,63.014481106290376,66.1218487394958,27.586525609692284,814.9500398989478,70.50822735342663,52.86316144591176,60.957198546882786,1.128412309600359,0.4976577713073412,1.1200194458770651,0.5091804505909743
2025-09-03 22:30:00,11.22068876809174,63.13355069704678,66.1218487394958,27.627679841134917,817.4487927241453,70.55961250357382,53.03234833801849,59.391278545648845,12.29083970584611,62.98173515160347,66.1218487394958,27.573555694998714,815.3891201912674,70.48251049852325,52.84931365322749,60.92704127527911,1.1192527013388116,0.4976420609210569,1.11596653708592,0.5081439410747344
2025-09-03 22:45:00,11.6378031897717,63.16120535394159,66.1218487394958,27.63544892543585,814.2166174737271,70.96402035441311,53.21140627046452,59.18202155248643,12.353195185395005,62.945523693387024,66.1218487394958,27.56051427847473,816.1019316994261,70.4604008349443,52.82986166507574,60.89919174711638,1.1095448355945028,0.4999577229977369,1.1115918899852935,0.5069428621508346
2025-09-03 23:00:00,12.467537898530711,63.14351040569333,66.1218487394958,27.64574530995917,817.5670154414001,70.47117340566966,52.96946159987273,59.3076466168556,12.396282776088027,62.90908446988724,66.1218487394958,27.546195182177016,816.2194161548559,70.41898011336876,52.8223017120964,60.85842158158081,1.1074500643982943,0.5044424330251169,1.1061363515956522,0.5055952372306626
2025-09-03 23:15:00,13.063202238805085,62.92045249858395,66.1218487394958,27.5972679901663,816.5929948788241,70.23006576761483,53.34883194422798,59.40859538998563,12.4299179375717,62.8731132849651,66.1218487394958,27.53452755231935,816.4128801064114,70.39647924084487,52.82804365361648,60.80999482954091,1.1026750498897329,0.5060582279111862,1.1005278315621443,0.5042336246674433
2025-09-03 23:30:00,13.403151457122387,62.78199868566467,66.1218487394958,27.576698573180646,820.3664411281029,70.77472821826235,53.15499856565435,59.4266880360245,12.452016044928456,62.841536065139465,66.1218487394958,27.522364719897276,816.9856840971604,70.38386975094596,52.83390378735372,60.868054847511715,1.0932540915120532,0.5093582762569335,1.0954810452194617,0.5027935041801237
2025-09-03 23:45:00,13.422927580913088,62.85054042476045,66.1218487394958,27.52625336167202,818.0223784506527,69.59591528942106,52.81832900312766,59.32455483810554,12.48180008226135,62.79941229051334,66.1218487394958,27.508380694450707,817.2627107003395,70.37571793774609,52.83205100098907,60.933704212746754,1.0863249052939203,0.5058408676838776,1.0905857982054221,0.501410428354742
2025-09-04 00:00:00,13.61988926133085,62.73814489777977,66.1218487394958,27.508050532324155,815.8558107322156,70.36609906870319,52.85137883558741,62.75551406558239,12.514046252205548,62.756154403822016,66.1218487394958,27.49535494243678,817.6941145677137,70.34984127256702,52.81764201934138,60.99806403895404,1.0776679613901907,0.5092808450389171,1.0862243956038236,0.49983842913889626
2025-09-04 00:15:00,14.00610286074516,62.74290804929512,66.1218487394958,27.40066145353464,810.2722830016829,70.4469611132129,53.01966353581059,62.54262719545246,12.546525665014423,62.72245152862351,66.1218487394958,27.483148502131538,817.9027373226675,70.35331156031603,52.799026021745085,61.05133054483004,1.0867810986911342,0.5089653558143438,1.082108247336339,0.49819586173459196
2025-09-04 00:30:00,14.45044489409334,62.66451533353945,66.1218487394958,27.34742286737864,811.465453539463,70.63217569601242,52.56379058022648,62.451878983591406,12.591131726446399,62.685771103323,66.1218487394958,27.470778315760395,818.0086176963323,70.34945299525712,52.77296214063615,61.10081123370374,1.0767959019227038,0.5089914394721897,1.0783026015660917,0.4965102465249964
2025-09-04 00:45:00,14.700810574320418,62.56615620916174,66.1218487394958,27.34868951552089,816.0204472668269,69.74927038868128,52.58766914882317,62.13065218576492,12.631069617723435,62.64639960227762,66.1218487394958,27.461164588622314,818.5302218100746,70.33617094349378,52.744927550093,61.15531049632629,1.070546759017207,0.5045629159958974,1.0742802257931958,0.4948385865593106
2025-09-04 01:00:00,14.451756470518776,62.571088709720975,66.1218487394958,27.316826334376696,818.6521730423933,70.27924308355882,52.76574525846734,62.16337673302158,12.676065611867035,62.610283634409804,66.1218487394958,27.452160513871945,819.1391044428038,70.31910116464131,52.70494230285076,61.095859365879136,1.0644718034784078,0.5049107672538542,1.0696328964753035,0.49304133698260877
2025-09-04 01:15:00,13.93626890240498,62.634925832200985,66.1218487394958,27.354832903390665,820.3479197824056,70.81114729578842,52.789340267903455,62.41425833954196,12.732725351349291,62.572791859351284,66.1218487394958,27.443250026537612,820.0657748664319,70.31322889979987,52.677505970252916,61.048915690794566,1.047394313302301,0.5081237844245529,1.0643439391504836,0.4915629654828594
2025-09-04 01:30:00,13.443753567849168,62.48609148296093,66.1218487394958,27.38836822187875,817.555312274702,70.49175094519796,52.89060269668132,62.32290374246704,12.791035702323958,62.536637336453126,66.1218487394958,27.43530550603094,820.833692286003,70.2912743826185,52.64886875353472,61.00261120144855,1.0516457983472909,0.4977691052421623,1.0592784669958826,0.4902821715812959
2025-09-04 01:45:00,13.51455915854273,62.380109773807575,66.1218487394958,27.430413092804415,819.366726497617,70.0068655408701,52.62472244208328,62.49918816428392,12.867491961267692,62.50062662212724,66.1218487394958,27.427874333911607,821.9500811190096,70.29751003083938,52.62673781186775,60.94546683283577,1.0430019704532425,0.4943935929281286,1.0545509413938,0.48849749936974457
2025-09-04 02:00:00,13.817609742401537,62.31085506907816,66.1218487394958,27.383757076098743,824.9835666798361,69.89111156507249,52.40520659731535,62.29782169781452,12.941735335349522,62.4669453173181,66.1218487394958,27.41933273915384,823.1276729401324,70.32520731769498,52.61125482663915,60.888987958103925,1.052286382598188,0.488152211533766,1.0496625244964397,0.48659401157554927
2025-09-04 02:15:00,13.771828180242942,62.23416707974755,66.1218487394958,27.340978799676208,829.1138636824244,69.84318804646091,52.38147239640063,62.2253570017436,12.992573776090678,62.435080509849385,66.1218487394958,27.411180065288175,824.1920474182374,70.33129621682984,52.58056710875941,60.83176742879753,1.04130856756476,0.4900414396316503,1.0450731375910893,0.48476975751633233
2025-09-04 02:30:00,13.10881941029286,62.18472291060061,66.1218487394958,27.30539376726424,821.7343107242282,69.6565421429575,52.62851212808111,61.88372487514803,13.039291551894411,62.40537581182592,66.1218487394958,27.40344166882948,825.3424212477152,70.30817632344639,52.556428923822246,60.78654009999317,1.0259474334806782,0.4848457046784755,1.041144640563822,0.4828508987562594
2025-09-04 02:45:00,12.347511636479243,62.148625204094,66.1218487394958,27.312129027122616,823.3082605180167,69.88429959596753,52.90008875136338,62.1868994369797,13.078103991322934,62.37509037920805,66.1218487394958,27.39408859843034,826.5725808278722,70.28930296498372,52.51699665271049,60.75485878425809,1.022338221145359,0.4810964166742152,1.0375427932083925,0.48084718598633136
2025-09-04 03:00:00,11.83854430335028,62.2256996494765,66.1218487394958,27.313975055395066,827.3812191389861,70.20477339201452,52.633697794795744,62.08129060747434,13.099286467917864,62.3438594658928,66.1218487394958,27.38400411653445,827.8581743552107,70.2828412345911,52.48979397495001,60.70805304102399,1.018423761399614,0.4794783194666066,1.0342819738858156,0.4788026698590057
2025-09-04 03:15:00,12.094419102816753,62.08367477601192,66.1218487394958,27.276739859493613,821.2904523293428,70.30238740420734,52.62767588286853,62.43114319052075,13.10319346783822,62.32071101862233,66.1218487394958,27.374779500182456,829.374937265628,70.28349590555187,52.45433562899916,60.6654579652705,1.015570446638043,0.4820256408625418,1.0309205408891253,0.47668165820502356
2025-09-04 03:30:00,12.220119933854376,61.9999974707798,66.1218487394958,27.30682572161457,821.3841383827879,70.61771315161317,52.39830185979987,62.23122801199523,13.081397564836525,62.2987180879923,66.1218487394958,27.366932141009034,830.8403998796554,70.26640201772108,52.426630545101986,60.615673140284756,1.018793767415029,0.4726390102738093,1.0282088472519773,0.47481030130053775
2025-09-04 03:45:00,12.339054635335629,62.11952010966246,66.1218487394958,27.30577071105356,822.6435804207464,70.35555902135454,52.422944557518825,61.93316673094705,13.034134396387513,62.27046056814395,66.1218487394958,27.3603101841209,832.4804616366384,70.28246519440584,52.4008300937219,60.58348723187911,1.0178463939628948,0.4718064354374745,1.0256766725024435,0.4729805623682578
2025-09-04 04:00:00,12.31034913538276,62.11834902289233,66.1218487394958,27.32459715340172,817.0885117842403,70.5175863126972,52.152347696096015,61.68064984476114,12.974535062801333,62.240166405283034,66.1218487394958,27.355320038095602,833.9769993986297,70.26719179642883,52.38556790411797,60.43867224935036,1.026475744969067,0.4685094416993247,1.0230452146840248,0.47108561660936465
2025-09-04 04:15:00,12.002598000019772,62.02319262023987,66.1218487394958,27.399632244472496,825.2697996116584,70.36569232483465,52.08822380864756,61.923057311159184,12.910643715045767,62.20978993268943,66.1218487394958,27.35316369264086,835.8034614349613,70.23837511720811,52.365863288407986,60.300250810994356,1.0099322218708335,0.4627667577456191,1.0205428587381442,0.46923549176197826
2025-09-04 04:30:00,11.804998637346417,62.08064366703491,66.1218487394958,27.38561901607868,827.5898166496751,70.30144499627946,51.65006609275423,58.297526138469664,12.821764025058648,62.18080359537503,66.1218487394958,27.353322229559385,837.5239887029027,70.202968628734,52.36325377032215,60.15367020820985,0.9982762312025172,0.4568468845233397,1.0184380841998573,0.46735112820096697
2025-09-04 04:45:00,12.433988732232477,62.04431460849871,66.1218487394958,27.3829239128818,836.2346545464839,70.40701759431609,52.0084604261021,58.41078253460908,12.719384949183183,62.15396573701551,66.1218487394958,27.354075235639353,839.1725821551257,70.22009203753568,52.36364952934153,60.02016633787507,0.9905806403595144,0.4594784618216557,1.0164658982937638,0.46556773290116193
2025-09-04 05:00:00,12.939605754125116,62.08040826979441,66.1218487394958,27.39718637673076,839.5727404356164,70.08744836167996,52.06470211699248,58.313759690104895,12.592493629065334,62.12490970979436,66.1218487394958,27.354810346849845,840.9731498950398,70.22039518743466,52.35648463008782,59.89476296654175,0.9922584710101502,0.4579326539977953,1.0149675316266666,0.46398898266007504
2025-09-04 05:15:00,13.53733121188066,62.13406491272436,66.1218487394958,27.421453692244697,849.7180976966725,70.68394433785404,52.09863160777495,57.946939050745264,12.465182958389338,62.0937869484559,66.1218487394958,27.35425780098996,842.8184201549561,70.18082938940958,52.344415308067774,59.75828713832751,1.0021332871387345,0.444109326605982,1.0142738268687637,0.462277236990799
2025-09-04 05:30:00,13.174474324048498,62.22458065941674,66.1218487394958,27.3806533408984,852.1376684925485,70.9679331070106,52.22304120674073,57.86195044885849,12.328332710938456,62.06511998957721,66.1218487394958,27.353314355035142,844.7822526098352,70.16172968425661,52.334540457439516,59.75264188815958,0.99248459990766,0.4401364760409265,1.0127753703042957,0.4608312716286927
2025-09-04 05:45:00,12.697063719870869,62.26440091127187,66.1218487394958,27.393407281460227,852.5603752197026,70.47321647959532,52.105351852582224,57.92654190378252,12.178849253236725,62.039981220339016,66.1218487394958,27.351250128895263,846.7230915341347,70.16623213880696,52.33039012348123,59.74006100579972,0.9907307024398464,0.4429301495308334,1.011711537321302,0.4594651450102402
2025-09-04 06:00:00,12.622222042203711,62.24240975634271,66.1218487394958,27.395527947374177,851.9600076084743,69.86601570207046,52.30820278990329,58.034458681518174,12.030522286519767,62.0194740126554,66.1218487394958,27.35007768623193,848.3689503168401,70.18341394493238,52.33719747838742,59.732591706606975,1.0013977905207894,0.4400762981188705,1.0106494671444748,0.45825601012659356
2025-09-04 06:15:00,12.802176372627413,62.25264237540563,66.1218487394958,27.35485681346165,851.1214048784404,70.39781960053242,52.02843813711189,58.231582080434194,11.87840663795281,61.999321470036485,66.1218487394958,27.353609485239073,849.6352242995329,70.20996504981058,52.346902641281865,59.723663834955445,1.0014894149316165,0.4398463398998957,1.009992978523893,0.45717105104836087
2025-09-04 06:30:00,13.103012196378636,62.20658300623568,66.1218487394958,27.343210853082315,856.1348212615555,70.27732149389156,52.15338126705834,57.903474319832526,11.743264849963326,61.98464681361118,66.1218487394958,27.359280968493596,850.9765620382393,70.24477799662648,52.33897403065708,59.72509394425599,1.009625484720986,0.4431069492053467,1.0093335750197385,0.4562523494830072
2025-09-04 06:45:00,13.18041223641575,62.22599908047019,66.1218487394958,27.320529499606568,862.0958821913434,70.24970589643794,52.28508156570261,58.13074311738086,11.622377809676092,61.97310533820472,66.1218487394958,27.365152764175424,852.4079241456909,70.2802926571735,52.32367664396903,59.720366567672805,1.0018320599890305,0.4424278782917212,1.009159516442759,0.45544303493082894
2025-09-04 07:00:00,12.74927436707157,62.12221076676383,66.1218487394958,27.341277797978,864.3303195489226,70.26191158333839,52.32384604873894,57.93314328645216,11.509022650034662,61.957972425055964,66.1218487394958,27.371212918664646,853.6289556622943,70.31573310009006,52.31019406512383,59.726599623972184,1.0119032823976102,0.4532175691223586,1.0091408046656025,0.4548444004901224
2025-09-04 07:15:00,12.005032527442738,62.00281482930994,66.1218487394958,27.32759465502807,867.2242311601462,70.07781058996422,52.04431546172517,58.35897758593637,11.40804830096396,61.946216856076404,66.1218487394958,27.3770184808689,854.8465564542178,70.34788846668258,52.304846345771594,59.72876496928282,1.010359662807906,0.4509486997154799,1.008915166068459,0.4542415897709323
2025-09-04 07:30:00,11.83190925374542,61.829320011952056,66.1218487394958,27.358346151565136,860.7519435919472,69.90789712939278,52.3935131474696,58.41106458971976,11.321608835544952,61.93017630164227,66.1218487394958,27.38133558670391,855.9121030197847,70.34247743391016,52.310685384728394,59.72915215206907,0.9987242268376322,0.4524324722721231,1.0084257230081812,0.45399935822227167
2025-09-04 07:45:00,12.089362428078156,61.83161387148703,66.1218487394958,27.33597108989238,865.0661440916324,69.58246073659141,52.42852506451098,58.38998404477222,11.256386872361437,61.91314946171463,66.1218487394958,27.38780522349963,856.78781358227,70.34964900984245,52.32483666510581,59.75428693246226,1.011710420314713,0.453461610392751,1.0079747816824347,0.45377516663813033
2025-09-04 08:00:00,11.784054194479792,61.79492521410768,66.1218487394958,27.35217897493443,863.0812715777106,69.56998104178899,52.48550503765153,58.05446090005628,11.192474706648747,61.89377824133712,66.1218487394958,27.39521254395476,857.7711341107268,70.33506306742235,52.36223989105882,59.78544646950466,1.0136526657740994,0.452460532641852,1.0075950002657101,0.45367854555095544
2025-09-04 08:15:00,11.6294382980565,61.76102045837602,66.1218487394958,27.371279697919984,865.4782508335132,70.26297265273134,52.599541919404366,58.12553607572158,11.132498141955127,61.876642587621646,66.1218487394958,27.399136527143757,858.2717782710974,70.33221916389832,52.394937485167546,59.80159158839381,1.0113811818343983,0.4510610570017454,1.008067122292289,0.45400587833236955
2025-09-04 08:30:00,10.645016866983283,61.699407893086224,66.1218487394958,27.33887967069145,872.6692052398148,70.28833758052862,52.55079828085614,58.40127559302206,11.070090750443093,61.8543604271917,66.1218487394958,27.40480301336711,858.7402249589843,70.32377468277319,52.438174595164035,59.93634340718639,1.0195208034654966,0.4575482600212493,1.0084532128416974,0.4545574886561063
2025-09-04 08:45:00,10.116948782125071,61.70124299204744,66.1218487394958,27.33825652759404,875.706027579897,69.62417335503594,52.42726060730199,58.319983493114506,10.992584563647513,61.827143170531755,66.1218487394958,27.410624272279755,858.8950866338425,70.31232831595204,52.47387171720548,60.06613177677723,1.026583170565212,0.4567714143462701,1.0093395972965762,0.45515758625829733
2025-09-04 09:00:00,9.338246144322698,61.62608271660024,66.1218487394958,27.36006484323425,876.4702859210736,69.91875979060882,52.59435717783374,62.15354623742935,10.912310503176435,61.7997889718879,66.1218487394958,27.416949314065167,858.9356033198653,70.32272090128231,52.50588767163283,60.19353850242856,1.006692101413247,0.4543901443789733,1.0099412338606624,0.4559401550015949
2025-09-04 09:15:00,9.03005542749084,61.625946696661664,66.1218487394958,27.368486308608027,877.5918942266055,70.14193917738086,52.50021242333471,62.12176169348807,10.82139975734264,61.77122580000776,66.1218487394958,27.421485674612413,858.3175272947598,70.30967289161259,52.545712496205155,60.32369544851693,1.0110869809634355,0.4534097943745547,1.0106006302860489,0.45731963731191433
2025-09-04 09:30:00,9.367800740892838,61.695638838569565,66.1218487394958,27.34858379619873,874.3593301609951,70.40656574883464,52.60942724450084,62.07374272203204,10.730395739576842,61.7390795654539,66.1218487394958,27.42738876882972,857.4387260789542,70.29614532087955,52.58175986152013,60.472182388250936,1.020424277293374,0.4518781650243653,1.012031996942089,0.45889528984551975
2025-09-04 09:45:00,9.208358723234165,61.6295908011801,66.1218487394958,27.44693276989051,867.1020831632094,70.63972119280699,52.67262728323409,61.95752085219794,10.641483265572543,61.704847742231046,66.1218487394958,27.433006737914454,856.5803184432681,70.28612119694847,52.61400039041222,60.50581424344573,1.0216139089473044,0.4574926672846691,1.013947069535128,0.46046022042052537
2025-09-04 10:00:00,9.05456577060833,61.74448321784153,66.1218487394958,27.475538264900017,861.9744428854221,70.70093054743504,52.390653809337685,61.92662815416424,10.541238515699616,61.66584784260792,66.1218487394958,27.440128894642402,855.6700047950395,70.3019121401518,52.64937708769505,60.53665319451237,1.0061653283560392,0.4572846577178654,1.015855837164585,0.4623152059757791
2025-09-04 10:15:00,8.720900427862249,61.8023809418999,66.1218487394958,27.488282897577346,866.2491237415616,70.94973941237787,52.44116715072164,62.04507813948407,10.43037696757608,61.627298802033735,66.1218487394958,27.44900186190902,854.8933891141533,70.30448093055644,52.69487769652059,60.558013922809714,1.0171164638359758,0.456816980108868,1.0174939252269355,0.4641152442896514
2025-09-04 10:30:00,8.437889514107367,61.77171225501412,66.1218487394958,27.495779690071718,864.0121646370887,71.26798667951138,52.22922042943993,62.2682822964558,10.313476886924693,61.58766084190658,66.1218487394958,27.46127759572227,854.1870817169089,70.3058498872228,52.74307824008358,60.5990864274451,1.0178624080849168,0.4615192862454114,1.0187960582972369,0.4659396667183227
2025-09-04 10:45:00,9.06518863069567,61.73100770662532,66.1218487394958,27.450906725621355,857.8184760870445,71.26704840198275,52.46724430230133,62.49610354984001,10.195301773979258,61.551268292301174,66.1218487394958,27.474717956999097,853.3789494206641,70.31684428817405,52.77635912700557,60.63483734776897,1.0088012887237408,0.4639413192868388,1.0202788435161063,0.46769623222540463
2025-09-04 11:00:00,9.626935971284126,61.51878083775542,66.1218487394958,27.4363388966648,853.3505353498025,70.4553821684409,52.573473028503926,62.24284349558257,10.077331018752071,61.51927370494885,66.1218487394958,27.48674491862541,852.379636212232,70.33189603139978,52.80520656144139,60.68170270555394,1.0041104756066943,0.4653720638139893,1.021511210331974,0.46902497904582824
2025-09-04 11:15:00,10.38239573983022,61.60871491183346,66.1218487394958,27.49985981492502,848.9148972953044,70.57070629932267,52.84748296884117,62.687210142742735,9.95442694862928,61.49027293567692,66.1218487394958,27.497981104551005,851.2428488761104,70.34460608925255,52.84727185218015,60.71260734914882,1.0043181541905033,0.4650806879132365,1.02299742939955,0.47044608767563395
2025-09-04 11:30:00,10.392984164002078,61.53721241156684,66.1218487394958,27.546816767055745,846.5881276379421,70.08000804009463,53.27444447468645,62.61543595603304,9.832972350694659,61.462783399758436,66.1218487394958,27.506972504356806,850.1893493694469,70.35789976670449,52.87475690669813,60.74002287386135,1.0150823024673308,0.4656108090840752,1.0246783175913579,0.47181607574959034
2025-09-04 11:45:00,10.203301059211151,61.50912300877594,66.1218487394958,27.517351740142438,840.2891244227767,70.28037521911328,53.06915163190934,62.40741087783405,9.700792181735826,61.43301642462706,66.1218487394958,27.517204843026573,848.9743313361024,70.38756265255513,52.9038860301451,60.76165694011742,1.0240958826681963,0.4725867411880429,1.0260804211956223,0.47291983609487576
2025-09-04 12:00:00,9.932776891985409,61.41217885413632,66.1218487394958,27.55561360277932,841.6432172862812,70.04811056252589,52.94717939264876,62.34008070224681,9.585615941716988,61.40365539987833,66.1218487394958,27.527350093089485,847.7395227782123,70.43104137447914,52.934704482181026,60.79857244468413,1.009858947684771,0.4733951942354433,1.027911709212796,0.4742157790500234
2025-09-04 12:15:00,10.108803128365098,61.22779690870053,66.1218487394958,27.557561680261017,840.8805047922312,70.06362658968172,53.07937408734546,62.30443362233448,9.483116245881755,61.37985393343059,66.1218487394958,27.53461253279355,846.3130371960503,70.46680454405593,52.9626434953069,60.837574730051024,1.0171721740058792,0.4774813898873847,1.0294623154394205,0.47538331258576483
2025-09-04 12:30:00,10.53138393999279,61.25978231047862,66.1218487394958,27.586937630293257,840.7882410162989,70.39922592158777,53.025180749812826,62.13596145964468,9.408618319485726,61.35950369309746,66.1218487394958,27.544288627157677,844.8469337056688,70.48589562706155,52.994035427069356,60.878470843457265,1.01030756793273,0.4814097162967255,1.0305368640126353,0.4764370793539738
2025-09-04 12:45:00,10.810008836866738,61.27716975632018,66.1218487394958,27.55754450866191,831.1758169435061,70.29250404776305,53.29337634494477,61.851647433396245,9.342927601624616,61.34083313305811,66.1218487394958,27.55421183569115,843.3046300636162,70.52915740735338,53.0270822958059,60.91666265989309,1.021915179900328,0.4854937959155619,1.0311265458927763,0.4776866665199073
2025-09-04 13:00:00,10.4443537910746,61.26019362280071,66.1218487394958,27.55774616741776,825.7736320183842,70.56210598501873,53.304462166190405,62.3165586408788,9.31316948109041,61.32325623666814,66.1218487394958,27.563168280357612,841.7711334498458,70.55578431793022,53.05275029849205,60.825438537851326,1.035425599588867,0.4874060520490894,1.0325777847673898,0.479109338900237
2025-09-04 13:15:00,10.029689499741911,61.23744621458641,66.1218487394958,27.561946354002195,826.8081461491153,70.17249276166311,53.07256771934456,58.93549755962632,9.309890450949046,61.305108199356845,66.1218487394958,27.57204821168927,840.1039101721915,70.58378053976415,53.08586171212106,60.72576190102712,1.0481828802310136,0.4898780667810024,1.0344513806954425,0.48047597674669296
2025-09-04 13:30:00,9.614879546015914,61.072412767648814,66.1218487394958,27.60919264921267,824.6505981616173,70.33974399817004,53.369503708388415,58.95962721351709,9.319775174157149,61.28355079657825,66.1218487394958,27.579658357575905,838.648664516102,70.57605096005113,53.10944788286862,60.647152459942184,1.0586608194045015,0.4957258647764824,1.0363871937367284,0.4816332640596071
2025-09-04 13:45:00,9.476329928921292,61.09617115818036,66.1218487394958,27.621045831460076,827.8229344518535,70.47488331267203,53.39345640187803,58.87240392935481,9.362523341774244,61.2657303338324,66.1218487394958,27.585501263731018,837.4497557691593,70.56152248390177,53.13931541403876,60.565836398732934,1.0506320568021283,0.4938474893160646,1.038320003002628,0.48267868041737944
2025-09-04 14:00:00,9.596009776837027,61.01744420242109,66.1218487394958,27.71148286747985,834.9455993442235,70.31839019388208,53.59939757394785,59.13564945889428,9.418258809319124,61.23921015307977,66.1218487394958,27.589884712967617,836.4522420916629,70.55828264336284,53.18326192145079,60.49134901791722,1.048689476830028,0.4978396220654875,1.0409575902502393,0.48384702604051366
2025-09-04 14:15:00,9.635158848052711,61.13422259230776,66.1218487394958,27.723740337911423,837.851913303997,70.57953792497568,53.2835081733623,59.20327072709672,9.475502016912467,61.210157555067255,66.1218487394958,27.592418311407,835.2539948248328,70.53228686200596,53.24474875415779,60.532966402611734,1.0463156165551135,0.4951248435041779,1.0433295778815885,0.4849202267577403
2025-09-04 14:30:00,9.210151710255962,61.16237314619419,66.1218487394958,27.70208664676745,834.3509232959623,70.71346388011014,53.189269081813634,59.33910402000124,9.5408052765494,61.180745306092916,66.1218487394958,27.595578437217775,834.239629167105,70.51127833653456,53.31887761332249,60.57151864265688,1.048874286873645,0.4930799737350659,1.0457632293989687,0.4859327341003368
2025-09-04 14:45:00,8.317910423758994,61.132791751151984,66.1218487394958,27.66468023279595,833.1206110765004,70.45911232554732,53.306274183888064,59.28611689378259,9.600845501186267,61.152668980050244,66.1218487394958,27.59995238084426,833.5051917398504,70.48556742963855,53.3865612904597,60.60011412243037,1.0549462348351863,0.493581958609653,1.0485997229996196,0.48695887224939116
2025-09-04 15:00:00,8.188271315706768,61.00463393439762,66.1218487394958,27.62808814573916,829.1469583920439,70.30670745295117,53.21806478300888,59.23353033109595,9.650628208856082,61.130765822879404,66.1218487394958,27.60280540847622,833.0728294160531,70.47203638519859,53.44115846707588,60.63741115570628,1.0491508725918683,0.4935321144908129,1.0515015543858808,0.4880332145528017
2025-09-04 15:15:00,8.123957359313179,60.93860461754573,66.1218487394958,27.64294124998538,828.6156030912919,70.47234731211056,53.30239876792003,59.03900603245423,9.698504488527483,61.10317543357861,66.1218487394958,27.604574747230103,832.7105934486851,70.45809117143494,53.487881046581414,60.65550834338333,1.0537735284426446,0.4865744207513136,1.0545339266203317,0.4890804272586109
2025-09-04 15:30:00,8.328766993914694,60.91409447164588,66.1218487394958,27.65653647682177,826.0370148410084,70.87434269950934,53.41005859872955,59.16192603705775,9.739647722696139,61.074306756037274,66.1218487394958,27.605573512620722,832.7317034944598,70.48647677118106,53.51916557517906,60.676524601783946,1.068591306289313,0.4913388212962804,1.0574563789400475,0.4898453491931526
2025-09-04 15:45:00,8.554447422999482,61.046976464943576,66.1218487394958,27.58915288904169,822.6836833686564,71.3358677400347,53.43771231318055,59.29560463672826,9.776762627710987,61.049843236717024,66.1218487394958,27.606703808540065,832.9209094709927,70.5032520930924,53.55179863029096,60.718477675817084,1.0578993686331333,0.4860870630739899,1.0603810315664965,0.49020618126094057
2025-09-04 16:00:00,8.4100790751024,61.088900683092334,66.1218487394958,27.62916250161544,828.6861005283681,70.86107007069735,53.49255623372972,59.6281589952092,9.825686657543253,61.02870897535013,66.1218487394958,27.606623571361713,832.8092978225811,70.53094268521134,53.583067389255966,60.74845611130745,1.051757260661939,0.4891612630675179,1.0636709711280627,0.49052661307211565
2025-09-04 16:15:00,8.14622724629184,61.14112619086709,66.1218487394958,27.635952783598192,829.4369183183203,70.92202676379122,53.41866666939825,59.46573798618953,9.882220729520515,61.01260467637419,66.1218487394958,27.60754819160677,832.7004910330563,70.55095801261909,53.61375179788842,60.78948814515287,1.0442736269694397,0.4942590293242778,1.0668464630599306,0.490703424103116
2025-09-04 16:30:00,8.445502528296503,61.09877582490106,66.1218487394958,27.62875818322811,830.4653875079658,70.71756710791401,53.36439725841845,59.41682257617618,9.92982697067554,60.99881699046486,66.1218487394958,27.60528146758431,832.7039428397761,70.57141884006865,53.65154393082396,60.8409373797942,1.0502292676516571,0.4970703157888617,1.0704436421174373,0.49095610420239505
2025-09-04 16:45:00,8.931684523249887,61.08150557732292,66.1218487394958,27.634884248557757,827.575195896973,70.98182583239836,53.49355483220469,59.131462588762005,9.967703048368456,60.98604237264745,66.1218487394958,27.6031084405841,833.2246097377498,70.5853654634527,53.68352084500523,60.89570123119379,1.0672948588050155,0.494408929768235,1.074084906859003,0.4912466253375763
2025-09-04 17:00:00,9.664342437135923,61.04891675521181,66.1218487394958,27.57688817279787,830.7019604783076,70.17467835744411,53.31701236692786,59.71545948948376,10.005975818415806,60.974833201104865,66.1218487394958,27.599583443378624,833.7206662050504,70.58765146273659,53.716129979434456,60.931789035722666,1.0784986685319455,0.4865967844117885,1.0770091526330157,0.49161699493320954
2025-09-04 17:15:00,10.490803751747022,61.09497691880459,66.1218487394958,27.62221995454386,831.1348207549311,70.20386690832599,53.56865321833847,59.518039015920685,10.03392138066317,60.96411480504703,66.1218487394958,27.596153520022522,834.0644321540568,70.6002160231545,53.75375756990669,61.07091778857817,1.0795981869242988,0.4888551580178394,1.079623457275613,0.4917515560230129
2025-09-04 17:30:00,10.726629796954702,60.948877795262455,66.1218487394958,27.607041741998,832.0490325605276,70.60373533126743,53.70904903169828,59.69200672969287,10.07360461257228,60.961608090369246,66.1218487394958,27.591294043731747,834.4961509391954,70.60388051006208,53.77392053625897,61.213763205917346,1.0852929457843694,0.4923350264118917,1.0818749846743154,0.49191440175492246
2025-09-04 17:45:00,10.438196655662546,60.93080300152464,66.1218487394958,27.564290850758745,830.3017057366623,70.16986597167129,54.285772131931765,63.293599680319495,10.130071172312247,60.96353914237381,66.1218487394958,27.586828804418726,834.6269135941234,70.60288674033254,53.802346207181394,61.35852157592006,1.0882760927764543,0.4890130016256685,1.0852207553659678,0.492072937938102
2025-09-04 18:00:00,10.39698730321533,60.88934478578386,66.1218487394958,27.590583464395035,833.5811949052516,70.63773091536933,54.45308620438097,63.42484949781018,10.190824027118802,60.96874140390805,66.1218487394958,27.578966892088907,834.6710870491358,70.60266616818609,53.826379818260314,61.49789944848599,1.0908719536063258,0.4918945065233062,1.08851777951467,0.49214001523650236
2025-09-04 18:15:00,10.866395369801769,60.888717925345055,66.1218487394958,27.58212503441583,835.785353269408,70.49572119510229,54.49775461641775,63.35396794304448,10.267953483229633,60.966341535751624,66.1218487394958,27.56864939224424,834.6406058411446,70.59310062964981,53.86483378565251,61.63420199297238,1.0938960967432627,0.4947254637584679,1.0916201643017822,0.49217829317383827
2025-09-04 18:30:00,11.12041720137853,60.86168612263031,66.1218487394958,27.52192972562362,840.3796656358816,70.04945083524213,54.21138832698912,63.36175449385996,10.35557919585183,60.96043035477623,66.1218487394958,27.55981242442533,834.7450754979498,70.58072962222289,53.91306841178451,61.7696355208226,1.091165417194531,0.4976023329163048,1.0940493844882417,0.49229255516258813
2025-09-04 18:45:00,11.818684129972269,60.781003232809816,66.1218487394958,27.55293997754157,838.047818274268,70.15234988641375,54.24916035400727,63.23012577305421,10.464762874102899,60.95844471707831,66.1218487394958,27.55215271254639,834.9001428363132,70.58361577679483,53.95954505865814,61.78834463873237,1.0952893212240336,0.4964970690875129,1.095893943094613,0.49240685548531965
2025-09-04 19:00:00,11.627281189061756,60.67115208532648,66.1218487394958,27.57677972877432,847.2214290111831,70.93157603247793,54.212980332615686,63.24592370805161,10.583212064323142,60.96171021252914,66.1218487394958,27.54308964604568,835.3072861657947,70.58462611684344,53.99900144843563,61.820430503762275,1.1027558720588049,0.4885584671203284,1.0979337397658304,0.4925617672685103
2025-09-04 19:15:00,11.31674820965654,60.77521742916835,66.1218487394958,27.55126061772266,845.9653037187593,70.78363487645325,54.04814328526649,63.66600309882799,10.723999978678114,60.97007319677444,66.1218487394958,27.53228967960929,835.6738422621926,70.57709330847759,54.022309706490134,61.86630659689758,1.111835461461666,0.483411703221682,1.099777537799031,0.4929959804543061
2025-09-04 19:30:00,11.400497786953435,60.7781510131296,66.1218487394958,27.553206487428863,838.2948678339358,70.8788283260945,53.885242161599,63.23943376695796,10.883577329689333,60.98058562482249,66.1218487394958,27.520646371841895,836.0281903041327,70.5526825492599,54.03552434381062,61.9044543710367,1.1085571345317622,0.4830081485706954,1.1009537507018574,0.49338600237739005
2025-09-04 19:45:00,11.804825287682904,60.74466793942244,66.1218487394958,27.585300287612775,837.6163011064873,70.66408641191444,53.99990634631905,63.5353946376972,11.056108404748644,60.98868676762082,66.1218487394958,27.509725993990873,836.6377099879752,70.50068472907076,54.059214387606204,61.95338022812294,1.1124369319619074,0.4827857208173965,1.1020952255670458,0.4936945041876821
2025-09-04 20:00:00,11.959571174643589,60.84615173319872,66.1218487394958,27.518935909619344,840.8917952178938,71.01305074507412,54.158944737878926,63.6794384988843,11.239711608934112,60.99772429415985,66.1218487394958,27.498848866109526,837.3168915921549,70.46966087556935,54.08724050555737,61.98936501370092,1.1182229396579342,0.4889901192750954,1.1033675722309846,0.4940493722453309
2025-09-04 20:15:00,11.946291167654218,60.89393122179772,66.1218487394958,27.492353698655744,846.7958238827163,70.71090274928477,54.25268377038309,63.494562975384056,11.427351082839492,61.00541888307131,66.1218487394958,27.486347845327394,838.0819232694247,70.42655838470746,54.117423283610876,62.03910005503591,1.1311531221473012,0.494209429970999,1.1047152139844982,0.49429805050242676
2025-09-04 20:30:00,11.592536892495072,60.92391847652345,66.1218487394958,27.451996251253373,840.6553260374028,70.63068596353509,54.28273619906697,63.39919277674488,11.611762208035575,61.01627138392909,66.1218487394958,27.473922792860442,838.8328731354944,70.38545265602473,54.14620020219623,62.10424846472283,1.1231529728092515,0.498517139918087,1.1056405058239467,0.49458629376786095
2025-09-04 20:45:00,10.86805636716286,60.91589433285099,66.1218487394958,27.459048653319087,837.1211246193085,70.54942957420049,54.201395433511486,63.10936014529164,11.785611252055558,61.02666383954106,66.1218487394958,27.46093400000781,839.5581157167104,70.3730705147139,54.17927426195116,62.19308386988493,1.126612019508924,0.493914899475102,1.1062211321109972,0.49490317437263726
2025-09-04 21:00:00,10.805376503289242,60.99721132731556,66.1218487394958,27.463408360489428,837.6021617157737,70.44967860539778,53.974392698956834,63.24498973369256,11.946263300512175,61.03545774727172,66.1218487394958,27.450537269036992,840.1804350978489,70.38229014457696,54.207039924260826,62.271739963576806,1.126206641365581,0.5006112367337701,1.1060532070549687,0.4954079489311368
2025-09-04 21:15:00,11.17032672112029,61.15410271831716,66.1218487394958,27.487088652069566,831.7458140996919,70.44507022078551,54.24622652955081,63.21515502943615,12.083705353170473,61.04262659565591,66.1218487394958,27.438584537122185,840.9271815108307,70.38169898232248,54.21647210859298,62.359622167184824,1.1510051775517007,0.4986035748114518,1.1060033088616066,0.49584573033621154
2025-09-04 21:30:00,11.418595421033698,61.17351204844817,66.1218487394958,27.475625497585305,836.2708029945999,70.31177302948888,54.32040590631559,63.316985635871895,12.212754187801089,61.05528748586597,66.1218487394958,27.42595191175959,841.4523394633397,70.34600907388932,54.21962095044166,62.44413740303625,1.147600201291091,0.4998519410174959,1.1056164537427868,0.49595992473558004
2025-09-04 21:45:00,11.94904253137759,61.06222654761504,66.1218487394958,27.41421534257131,836.9374770642603,70.29257176888684,54.4371271951281,63.29234706168849,12.325985742017897,61.070036345618774,66.1218487394958,27.414433106415302,842.2029030927603,70.34172977115155,54.21975037339501,62.4002422234442,1.1393871601684766,0.4962731816242576,1.1049446962764449,0.49617589596696654
2025-09-04 22:00:00,11.838923088921872,60.98503771693225,66.1218487394958,27.43697761220012,837.4850130001184,70.34233365730294,54.63630786577355,63.40210985550786,12.420121219584084,61.08898164251879,66.1218487394958,27.401731736434286,843.0192248332987,70.31178582870764,54.20626312069516,62.35536122845963,1.121750892467437,0.4965078333975614,1.1039640755329745,0.4962126787000822
2025-09-04 22:15:00,11.593420771291044,61.07322262021457,66.1218487394958,27.434888876427717,837.7726312273979,70.545696962705,54.70057359009719,59.8473904310758,12.501318824085114,61.106203012136056,66.1218487394958,27.38822861083489,843.7737085017701,70.27809734717898,54.19059078925776,62.308132419093845,1.110282993026326,0.4970109682915973,1.1029491523833184,0.4959889713026262
2025-09-04 22:30:00,11.741747022314124,61.10259879792248,66.1218487394958,27.356196150717807,841.3612582764922,70.33701765440954,54.40175647633337,60.19610628199293,12.582103100657868,61.11669714557737,66.1218487394958,27.377291983184964,844.352705932876,70.26755464164037,54.17647387750291,62.26854055081806,1.1103447727283795,0.4981794679865339,1.1019605253085853,0.4957047433769553
2025-09-04 22:45:00,12.347594789962292,61.18949414490484,66.1218487394958,27.31894225689372,839.6122859832267,70.24636306113553,54.001646509555286,60.41528882651319,12.634963187480457,61.12680433918635,66.1218487394958,27.364912123301572,845.0734472000172,70.26069937076156,54.15631189226204,62.24103793114505,1.109087469438668,0.4996008163251878,1.1010353148849414,0.495300646118127
2025-09-04 23:00:00,13.116087524251215,61.229467313087206,66.1218487394958,27.30723724379992,836.6674560992155,70.14201992297805,53.80649771834391,60.30635926123175,12.673577819118785,61.139300519396095,66.1218487394958,27.352431678270968,845.5259252964963,70.24551599109752,54.13800011965443,62.212318359076484,1.1038776933741028,0.5030394789887989,1.1002051510084117,0.49518046267304716
2025-09-04 23:15:00,13.730379674778828,61.29001074889358,66.1218487394958,27.26154155351121,840.9692738839293,69.77593313436074,54.148413627048136,60.76338034931545,12.703133624771109,61.147090769733005,66.1218487394958,27.342943053097738,845.7239302500014,70.2164840827899,54.139379496981775,62.28573852556933,1.092143614588787,0.4953421173827518,1.0989434928088413,0.49532360941283293
2025-09-04 23:30:00,13.91817520066649,61.36002647926344,66.1218487394958,27.302848665174896,849.0615486537588,69.93035446565507,54.33333977226467,60.70770256254845,12.72194312159271,61.15509177323701,66.1218487394958,27.332601392204445,846.0968027862024,70.19218860783381,54.13819298676472,62.36843158206177,1.0899276605801071,0.4998073047969796,1.0971772865553622,0.4956225362429774
2025-09-04 23:45:00,13.775411463453176,61.37196385821044,66.1218487394958,27.26092216013434,852.3878686364129,69.62895203793474,54.32415001100348,60.95778922623936,12.735434118084868,61.16034903290547,66.1218487394958,27.321222419725498,846.5148076209726,70.17403567366549,54.13142479328015,62.43899323547138,1.0847028795748437,0.5017193770371531,1.095441721648751,0.4957562459986301
2025-09-05 00:00:00,13.977836284179062,61.4243508506347,66.1218487394958,27.256006609219508,852.9938834900597,69.48439524743233,54.227704815979045,61.371274866783885,12.751112151311279,61.16333389897634,66.1218487394958,27.313564350588017,846.7144173464586,70.13789059265268,54.120413679410305,62.505654794152846,1.0779880228351135,0.50571761375189,1.0935855755304997,0.49559038121188664
2025-09-05 00:15:00,14.147155843849362,61.39327924568196,66.1218487394958,27.24522046297888,849.3324733334506,70.61036159307321,54.48577662485255,61.79652474362473,12.766436320297167,61.16684578783377,66.1218487394958,27.307724473988223,846.7041782349091,70.11114499132968,54.11272841154845,62.575304325173086,1.084713647416528,0.5039153479115226,1.0908690386230213,0.49521862909869335
2025-09-05 00:30:00,14.483903890834426,61.312733987131686,66.1218487394958,27.26498624367312,849.3715419124617,70.45126725333584,54.149982236218015,62.07514230024021,12.791416307573632,61.168333473964516,66.1218487394958,27.3016420525904,846.9713099604601,70.08953692383031,54.10534778246312,62.64639450722589,1.0734609168510885,0.5017400211667765,1.0882824367785144,0.49472272118117194
2025-09-05 00:45:00,14.614065331495938,61.31004237033052,66.1218487394958,27.263637997099703,853.537213144385,70.1861320406917,53.85161874830296,62.15450512416105,12.827838610774876,61.17427766313714,66.1218487394958,27.297138894104123,847.5047499616467,70.07253910256823,54.10634401310934,62.727059270956616,1.0781012411234354,0.501988600170081,1.0854184057711405,0.49426383410407937
2025-09-05 01:00:00,14.59809483587317,61.32870450156401,66.1218487394958,27.228062981120317,847.8037711358005,69.53303807827245,53.80351428715856,62.22746380523583,12.860696223514008,61.1776712369203,66.1218487394958,27.291369808833956,847.8818708402366,70.06193270230541,54.10975466759032,62.800391720125376,1.0736872922197769,0.4957608583929482,1.0822860176655058,0.4932122690922844
2025-09-05 01:15:00,13.83514328216679,61.37326879410901,66.1218487394958,27.21872669042997,852.8186146192763,70.04148688953848,54.289654820532526,61.97674429255788,12.894132223385059,61.17609397329952,66.1218487394958,27.28540968750767,848.550117537978,70.04835695419781,54.08931499420406,62.8684991609105,1.0681233687862048,0.4954921385672619,1.0782523061761713,0.4922402683404885
2025-09-05 01:30:00,13.22105163020101,61.4577036927841,66.1218487394958,27.209542364964584,858.070847121408,69.73941264205202,54.04846862338541,62.07841964827307,12.943429518656036,61.17267311633764,66.1218487394958,27.279472333313468,849.2028605348902,70.04287694120463,54.081995980017595,62.93069468830651,1.0614533313022123,0.4929979885167752,1.073876970185202,0.4912556672405735
2025-09-05 01:45:00,13.302323504832655,61.40535901386308,66.1218487394958,27.177031266433875,858.4198633235451,69.48506674924214,54.02758467329576,61.93710366207119,12.983438506095995,61.17559152547126,66.1218487394958,27.276315737862642,849.6925955889237,70.04892342288967,54.068698480558446,62.9868210142508,1.0634484022535746,0.4880142418347892,1.0696113515002412,0.4902127641651195
2025-09-05 02:00:00,13.543945498561124,61.17651012586947,66.1218487394958,27.19383089612592,857.7495885690639,69.73316966908425,53.78788097434357,62.17399844558625,13.022346203505744,61.18084111188803,66.1218487394958,27.273351493690246,850.4032511680858,70.0378725960618,54.04863064913079,63.03350193400715,1.0615066049525463,0.4890754951461775,1.066311137569499,0.48913188437165106
2025-09-05 02:15:00,13.404486734649913,61.08421904107924,66.1218487394958,27.18154418103984,859.6700562884995,69.94669176004918,53.64430079678134,62.40504718286402,13.057543954456525,61.185297578527994,66.1218487394958,27.27011957391259,850.8582797543266,70.0250322296811,54.02579811018493,63.194866925658616,1.067533008514706,0.4843741513226635,1.062806229468285,0.4878871642312263
2025-09-05 02:30:00,12.785720138211662,61.04603749161908,66.1218487394958,27.20236637785616,860.7957719055589,70.47607464255653,53.663627154387314,62.384336545994536,13.083952330005319,61.18892526445041,66.1218487394958,27.26867995263205,851.2873890262106,70.01587784550036,54.00901952265044,63.34053878597596,1.077850955762918,0.4849529637679329,1.0594802772256118,0.48647840222132094
2025-09-05 02:45:00,12.203422379226229,61.00892493927559,66.1218487394958,27.266601862525725,851.9054523239104,69.91267762722471,54.08952460508667,65.86860809361343,13.09706465521793,61.187768298766876,66.1218487394958,27.269248206761674,852.0283583118893,70.01000624729599,54.003554114614545,63.47051452967025,1.0739857154745478,0.4877061054152552,1.05624380179106,0.4850931209732033
2025-09-05 03:00:00,11.96478269160144,61.01818111824968,66.1218487394958,27.242956660630128,849.481043919967,70.14996407741211,53.84964685508764,65.72022546173079,13.093271829307168,61.186821095026524,66.1218487394958,27.271019238829076,852.9689465665678,70.00466899162562,54.000315322587156,63.586490250595375,1.055570946927399,0.4919759534750303,1.0529973746084076,0.4838217989106635
2025-09-05 03:15:00,12.20955518244766,60.90238572947633,66.1218487394958,27.243931113244283,850.1564461495943,70.11949838686454,53.79686054178183,65.65224423998592,13.067609024129263,61.18100445722575,66.1218487394958,27.27470174668388,853.8191094602078,70.01816498422737,53.98712950243179,63.66347476689722,1.0603699847635748,0.4867970134869763,1.0497190931707638,0.482625800117717
2025-09-05 03:30:00,12.429912171435925,60.93569771532472,66.1218487394958,27.28919383549491,846.8800869824729,69.92869831468984,53.82861132178366,65.67928525932824,13.021814594408594,61.16987488071299,66.1218487394958,27.27834114729372,854.371092084303,70.0225707509531,53.97029442514558,63.741942598344494,1.0625385561103875,0.4840141756727914,1.0462597479365858,0.48142325407490466
2025-09-05 03:45:00,12.40601623723086,60.999287887520886,66.1218487394958,27.317157400661937,846.4886505362288,69.90853470959507,54.02212573452736,65.58404890599118,12.967769977590592,61.15340834263655,66.1218487394958,27.284320424694066,854.5872429601808,70.03543835010468,53.95127661641693,63.68696307650247,1.0496570149229427,0.4830568665751998,1.042909233325823,0.48024469972186723
2025-09-05 04:00:00,12.341936510789036,60.96854906044565,66.1218487394958,27.26952360931864,848.6692778039323,69.98244393855389,54.06131732650702,65.53189823832918,12.889840663208133,61.132686235652535,66.1218487394958,27.289158963413325,854.7660998096552,70.05801472322784,53.926335402297006,63.596761311434676,1.045554917474056,0.4836399023924453,1.0398947070232112,0.47908348803297435
2025-09-05 04:15:00,11.960725463200122,61.094220008029886,66.1218487394958,27.32395389873075,853.1243246549069,70.0394949363381,54.23128235289805,65.52930305721324,12.81146056543202,61.113841880984516,66.1218487394958,27.29485302980505,855.107226699496,70.03790225347468,53.8959652630949,63.48559517705811,1.040691089287704,0.4801482871623259,1.036541333603369,0.4778718358821038
2025-09-05 04:30:00,11.79110488546325,61.09901854081004,66.1218487394958,27.290335802384494,848.9157880734753,70.13148659751319,54.07671233338642,65.44496320875533,12.72018189435408,61.09369330006357,66.1218487394958,27.30154740881611,855.4800824097655,70.02339623383727,53.86232625534571,63.364796121084034,1.032234998196538,0.4690642863799211,1.033725827141745,0.4768017531555983
2025-09-05 04:45:00,12.173406717251732,61.10678480969406,66.1218487394958,27.30828501228095,851.7932150319335,70.03779777755774,53.63303632796271,65.25837825298991,12.612122620003595,61.07406704357393,66.1218487394958,27.309135365847037,855.6243532022412,70.01026693705741,53.83723950181924,63.241429308079354,1.029993832871665,0.4694435522575743,1.030852375119188,0.47585669162070227
2025-09-05 05:00:00,12.897514279163037,61.07088633959193,66.1218487394958,27.297504871759173,855.853092901963,70.14737263969316,54.10083548072173,65.18285145775222,12.477596298656493,61.05263530249976,66.1218487394958,27.31913232448919,855.9340961928598,70.02660773077527,53.81675126098198,63.12016469771211,1.0163401215620134,0.4703139080200454,1.0281245633032556,0.4751521638468759
2025-09-05 05:15:00,13.149312154576393,61.14977882162345,66.1218487394958,27.31951747904663,851.6295286852654,70.47396621943797,54.03820221135366,64.97613684001693,12.342326192037152,61.0287212306272,66.1218487394958,27.32972302712263,856.1824279483251,70.02176706906737,53.77662907090654,63.00369913596921,1.0114185996196483,0.4649860893606372,1.0254770303029475,0.4744352521774972
2025-09-05 05:30:00,13.006154011214369,61.14252530943515,66.1218487394958,27.348050287028254,858.8046803749824,70.0108088524669,54.03427292294388,64.80253744819844,12.21251729489355,60.99693692382083,66.1218487394958,27.341586418761526,856.2009234186083,70.03145122888054,53.7413817394639,62.87044418393439,1.0227444745451693,0.4640814395935094,1.023370824021032,0.4738413126619033
2025-09-05 05:45:00,12.649353299814496,61.20691661941356,66.1218487394958,27.337931283098087,851.4234888146234,70.16048597128396,54.01559742172133,64.68834018061975,12.078393467561305,60.96689892918394,66.1218487394958,27.35546446133238,856.4968494576556,70.04173307646876,53.71941347027466,62.754221180494625,1.005135749989913,0.4596693640788538,1.0211535288725884,0.47355574004551104
2025-09-05 06:00:00,12.533998288777882,61.21142937559515,66.1218487394958,27.31300751230158,854.2345364330089,70.06238612898713,53.89839885029884,64.56626209151355,11.937970299658344,60.94857025149379,66.1218487394958,27.369378220345556,856.9008261483185,70.04819370074536,53.71253754541931,62.64278140900553,1.010566205448182,0.4559166076893732,1.0191042443816405,0.4732612794330106
2025-09-05 06:15:00,12.740964546340644,61.15478517439861,66.1218487394958,27.33598988078238,861.8413645535882,70.07021511500501,53.83768426847829,64.31456113734176,11.808955283772585,60.93184696854804,66.1218487394958,27.38286218447025,857.335129283425,70.04430694378134,53.71011897704593,62.52743781100592,1.011993206402121,0.4580423788816585,1.0171035083053612,0.47327025800655004
2025-09-05 06:30:00,13.002302746928398,61.20105120087671,66.1218487394958,27.36036820582209,864.8851037395706,69.98190225286686,53.70933395752219,63.785630888985445,11.704094735824905,60.91718319538941,66.1218487394958,27.395674750338067,857.4699988391563,70.03036185911907,53.70517595505213,62.41247017968576,1.006484877894525,0.4648998171126056,1.014103283007702,0.4731529671351066
2025-09-05 06:45:00,12.960495519441636,61.1155116148704,66.1218487394958,27.372016789155317,866.4741606931259,70.18081291241326,53.75283902238731,63.07291583837061,11.59584018355603,60.901529329441274,66.1218487394958,27.407965620406383,857.8504865364126,70.05795283612933,53.70028030203447,62.180837317417144,0.9937951714594704,0.459462153594357,1.0116909535674796,0.4727169852981033
2025-09-05 07:00:00,12.544342309046415,61.02613918388035,66.1218487394958,27.412030683470032,865.6210273766193,70.0625274674267,53.82828745367844,63.0617375059668,11.495035776706397,60.887294135589094,66.1218487394958,27.4222713123876,858.3937848271721,70.04999337216675,53.70070718533521,61.9418282340491,0.9861473035547732,0.4637309235126103,1.0102408243267353,0.4722104258246094
2025-09-05 07:15:00,12.15407295891311,60.877967715917656,66.1218487394958,27.440300482144764,858.8723949127453,70.01498001248252,53.75361574914393,59.30840357097884,11.395633441722115,60.87856444980825,66.1218487394958,27.436264569212696,858.8562837692298,70.04099073938234,53.695174449492335,61.70632158123007,0.9841874412519503,0.4663627464460305,1.0084201504663928,0.4720791168367088
2025-09-05 07:30:00,11.639956852705271,60.802687641114325,66.1218487394958,27.401162770797225,858.359588974295,70.16168644112655,53.47946839238124,58.66522191475,11.313947447596858,60.869574340142385,66.1218487394958,27.44802683401819,859.4281540653774,70.04863354226062,53.68218476202922,61.47156501688318,0.9875522337567638,0.4708812630851023,1.0068495766115937,0.47201774632065646
2025-09-05 07:45:00,11.795752910565987,60.82794860564121,66.1218487394958,27.41604245473069,859.5662800286699,70.00698750047907,53.57467244878944,58.46154071232749,11.239241288232614,60.85298259618186,66.1218487394958,27.45927649231674,859.8386789711187,70.05603909087532,53.668881147859764,61.24181210281833,0.9841124448212676,0.4675657833854066,1.006211055014193,0.472235396495889
2025-09-05 08:00:00,11.745543758496243,60.70827655950334,66.1218487394958,27.46581761400486,860.5572132205502,70.01608666421332,53.14081200374201,58.45117062101809,11.169743141017346,60.83451634534332,66.1218487394958,27.473388669882794,860.3169984961252,70.05530877312884,53.64701509371844,61.02738742111578,0.9889957230023696,0.4696375393716098,1.0064332394311923,0.47240228671615586
2025-09-05 08:15:00,11.3722871009814,60.72125467564131,66.1218487394958,27.491276708027552,857.8653369186541,69.79225313729576,53.09901614250917,58.45350073402077,11.094716142634828,60.811377805637434,66.1218487394958,27.487259190712717,860.6825002598448,70.0447437798722,53.65373759062485,60.93795783325069,0.9918976804467208,0.4736367541232002,1.0066146938912235,0.4724471816994994
2025-09-05 08:30:00,10.562305195460093,60.68575226933881,66.1218487394958,27.527971740384803,857.0960608543602,70.023261889808,53.18886706204075,58.58952549421847,11.030783554481518,60.78661532833446,66.1218487394958,27.5021769604045,861.2522500099245,70.037964995237,53.65941978572569,60.84482067570095,0.9918529377418044,0.4746250251781561,1.0071269887502952,0.47281932946334826
2025-09-05 08:45:00,9.777040083586591,60.65584663793211,66.1218487394958,27.536447769433217,860.2685672832376,69.89626703830147,53.08598911826911,58.48277744027067,10.96187537835738,60.76436638085673,66.1218487394958,27.51741099263862,861.7732864592059,70.05040050029032,53.68174429205357,60.75533047419048,0.988697378776956,0.4739847884859033,1.0081167721113535,0.472910470578482
2025-09-05 09:00:00,9.32678471589286,60.50417448859321,66.1218487394958,27.56544411413144,858.6257112299029,70.02993743644727,52.9910486801061,58.080771087228406,10.883758090578219,60.74255491791489,66.1218487394958,27.532521039915927,862.3550476460036,70.05572578663751,53.68745926008714,60.67029934722255,0.9982671428447554,0.475179803048958,1.0093171104970733,0.47279926176108644
2025-09-05 09:15:00,9.278608684865365,60.50421917475639,66.1218487394958,27.59337254355973,867.2976444949616,69.79352217688863,53.36853659761886,58.45041355887853,10.804937594904606,60.71791293254148,66.1218487394958,27.54780358985973,863.0822397580889,70.03755250412759,53.696509250948345,60.60261123173215,0.9969295478002608,0.4794470633430189,1.0108462922936008,0.4729688594465535
2025-09-05 09:30:00,9.33125046147231,60.62664979516499,66.1218487394958,27.61124366652108,869.8688892889511,69.92698839738233,53.581603228682994,58.83080530091323,10.71869720576635,60.693980140614826,66.1218487394958,27.56193947360896,863.6497682898442,70.03439110607297,53.72637822304235,60.54610656303894,1.0000280702241122,0.4802416767711647,1.0120327382543688,0.47298590700208043
2025-09-05 09:45:00,9.534036258077196,60.58252055270653,66.1218487394958,27.58606310478065,872.6991503416966,69.83008905112844,53.57174374557998,58.9447392428757,10.621478898974472,60.66359287992615,66.1218487394958,27.575915559919288,864.3946020860853,70.03129269672608,53.755411599235664,60.50029292092549,1.007510926226327,0.4846435085288492,1.0137135128686297,0.47343303808996684
2025-09-05 10:00:00,9.639903699781168,60.60612429686045,66.1218487394958,27.586743353890647,864.8418585774982,70.05772210268886,53.51533649457297,58.93530760638981,10.52940644408642,60.62878718603009,66.1218487394958,27.593171493673843,864.9619576113811,70.02950657878834,53.774366117802806,60.464392347620965,0.9878441968331388,0.4814342376246266,1.0157185600228358,0.4741088030281093
2025-09-05 10:15:00,8.955785811160009,60.53930896083144,66.1218487394958,27.63532796457524,863.3200832415997,70.74040693753241,53.9426550145572,58.91962222555495,10.434386724334527,60.59567705606499,66.1218487394958,27.60799802922833,865.0299159971779,70.02383433011893,53.79129731819627,60.435868374243654,1.001615832267876,0.4746266503051571,1.0185362332995391,0.4746498224429577
2025-09-05 10:30:00,8.940650486112458,60.59112530268438,66.1218487394958,27.67212742006662,865.7799926427488,69.91118015853486,53.86245335410986,58.54995296068957,10.326033665540832,60.56155506438058,66.1218487394958,27.622027969507837,865.0292091821406,70.00834901904157,53.81040664367035,60.41380904956353,1.0120670697050738,0.4767791692702133,1.0215098922261518,0.47516434356570325
2025-09-05 10:45:00,9.22748513291924,60.64049515605085,66.1218487394958,27.66372881799712,864.0314144113249,69.84941940333184,53.63087846649538,58.58704465541482,10.206224805975484,60.53156336153351,66.1218487394958,27.635723937202744,865.2260942288079,69.97376684732318,53.82228058540079,60.4143992222789,1.0057497689532948,0.4828577438499568,1.0253676700683971,0.4757844202082432
2025-09-05 11:00:00,9.979332347678143,60.66599442534859,66.1218487394958,27.642061779659663,864.0361958669033,70.15798240103821,53.43892069789042,58.63658832892151,10.080218990174473,60.50678063008388,66.1218487394958,27.649193995212006,865.1348128349414,69.95585581118571,53.830291346913704,60.41216264066197,1.015421340466416,0.4821730601912249,1.0296271080902812,0.47638665769217287
2025-09-05 11:15:00,10.16483145630352,60.50153556870536,66.1218487394958,27.654647149618476,858.8043977084706,70.13070116803603,53.62301730944346,58.69146148404575,9.94422607301681,60.48485415551178,66.1218487394958,27.660933366071145,865.6945301497389,69.96448676711225,53.83941596187445,60.539909010514094,1.03050136700092,0.4895863718321763,1.034432328589687,0.47717685668272536
2025-09-05 11:30:00,10.25699209433108,60.41456153528917,66.1218487394958,27.69288893630028,863.0188635541205,69.96053440615954,53.40533570226737,59.0991577872528,9.816599905129488,60.46819005478176,66.1218487394958,27.675321019705525,866.1898006043103,69.96321586935912,53.85133233706139,60.690076385551734,1.0522204499840426,0.4886466090004503,1.0392614850301378,0.47787269248198583
2025-09-05 11:45:00,9.70991551172454,60.400063816853525,66.1218487394958,27.7400695236284,864.0893775664969,69.72254513863919,54.43295726009052,62.84641542126035,9.697516674596383,60.453170578909706,66.1218487394958,27.6887582245533,866.569987925073,69.93736215694845,53.84837867203444,60.838833638064706,1.046134723088636,0.4814951366626307,1.044018155514335,0.4787605037852404
2025-09-05 12:00:00,9.87312724086396,60.356144221720754,66.1218487394958,27.73786889313806,866.0082805758678,69.92812305845729,54.24717818641143,62.650848482263406,9.600937567119367,60.44304580835142,66.1218487394958,27.7011638649472,866.8588189121435,69.93716949413155,53.8695615967508,60.98702961647697,1.0476038439686906,0.4802287192953861,1.048594431796957,0.4796333550328794
2025-09-05 12:15:00,10.106161433527628,60.4393163853622,66.1218487394958,27.765305979304543,867.4243085103728,70.410862929157,54.30277151779914,62.57367220767581,9.516447460373108,60.4353835882329,66.1218487394958,27.713404685651213,867.3623751086551,69.94748381929996,53.89807601754486,61.14032261617482,1.0596873337034125,0.4721777857115893,1.0529166254936482,0.48034962789332597
2025-09-05 12:30:00,10.553995645788175,60.41654245133671,66.1218487394958,27.75080629007844,873.3059285058961,70.30713123010895,54.27228452172896,62.63191764871427,9.451780372234817,60.42941735048115,66.1218487394958,27.72464788748705,867.9454650805923,69.9512995039092,53.908047935228076,61.1571552969269,1.0523502731336043,0.4669776434981765,1.0576798780027745,0.4812849556241445
2025-09-05 12:45:00,10.784697284368018,60.41051926042097,66.1218487394958,27.77799397736064,873.4452920478263,69.92876774414022,54.30970193718983,62.94549337530502,9.406448116962027,60.42613221444693,66.1218487394958,27.735041627197425,868.2793129213728,69.95769783025455,53.9254389596834,61.17689680710401,1.0572940535154756,0.4700740199246487,1.0623204348292539,0.48197238266650794
2025-09-05 13:00:00,10.418942337066674,60.42454155163576,66.1218487394958,27.772126799505127,875.8305363276415,69.9159669108287,54.93034208576396,63.107397387402,9.376130534687556,60.42584677007515,66.1218487394958,27.745765303010653,868.7807459522871,69.96983888838469,53.94435406436765,61.2112119837645,1.0583378533682128,0.4645928662593188,1.0670865182812141,0.48264071968267375
2025-09-05 13:15:00,9.73280409605818,60.295298798753386,66.1218487394958,27.75721387240805,873.7685027018571,70.06753369087724,54.88659870752058,63.31393091721631,9.37574442456747,60.425258980150325,66.1218487394958,27.75462917979556,868.955310252118,69.97638638518121,53.955301571041375,61.233429658947436,1.0555589884177372,0.4730832967154466,1.0716686530996002,0.4833308871684184
2025-09-05 13:30:00,9.7718246421363,60.16725855871318,66.1218487394958,27.83068552493818,871.2552021918764,70.00880259085487,54.46703440731319,63.48924489237757,9.395534023756953,60.419456778906834,66.1218487394958,27.76057828292018,869.053150523164,69.97357734276957,53.95923521454492,61.23858566928252,1.0707176200743658,0.4761895558336462,1.0762223905041295,0.48385792222241747
2025-09-05 13:45:00,9.890372953783787,60.16148127544584,66.1218487394958,27.780785947416984,863.8801161274969,69.90004765492236,54.3456202802825,63.45884193602252,9.430157965552121,60.413888598066734,66.1218487394958,27.767560800230434,868.9871137115466,69.97372364095715,53.96300305905324,61.23708793688812,1.0965234047032189,0.4742729613271112,1.0805152361078563,0.4842106622720807
2025-09-05 14:00:00,9.751710983117627,60.17739145034404,66.1218487394958,27.78126641420725,864.8638992884497,69.51734292054628,54.282613721744376,63.12385114858186,9.459775515067921,60.40692328750591,66.1218487394958,27.77307262755039,869.282426925697,69.98359049906198,53.962824052821276,61.23543232222076,1.0956946456929082,0.4803354507949722,1.0854419419723977,0.4845826623643062
2025-09-05 14:15:00,9.366229732481145,60.21576052945844,66.1218487394958,27.782895820002494,872.3807120931464,69.14334776086159,54.10905727430049,63.090621019831765,9.50305930929319,60.39975258676266,66.1218487394958,27.776472430331996,869.6113070502446,69.96502805350005,53.95002113082664,61.2417468677405,1.1095285067268257,0.4780644528705527,1.0901009889007147,0.4853068198307053
2025-09-05 14:30:00,8.764167835016039,60.28265724039171,66.1218487394958,27.81613242374797,862.8825855606228,69.52519638330241,54.06861029906607,62.994640057458746,9.560021312269694,60.38831142278398,66.1218487394958,27.77702951484732,869.8881390376577,69.97310692967538,53.94847568883802,61.26606168663185,1.1139304442113007,0.4817980480305013,1.0942745073546412,0.48583028546983853
2025-09-05 14:45:00,8.07428544418336,60.22017347875453,66.1218487394958,27.792481607918827,875.6639143566736,70.273908690279,54.0273541979661,63.140794666542654,9.625030818468376,60.372505297745235,66.1218487394958,27.77690691874528,870.1704205998196,69.98258835540531,53.94550518042061,61.28805785546366,1.1283440562341247,0.4900687161626044,1.0988825035983316,0.48607995817427957
2025-09-05 15:00:00,7.811171816085564,60.3027646192135,66.1218487394958,27.832792379828756,873.2177026114355,70.12355950853211,53.83695964798936,63.1702431658791,9.684424564918784,60.35508196874519,66.1218487394958,27.777803482279403,870.4702334784772,69.98479083149451,53.93835965176199,61.307146699268124,1.1324269269702874,0.4917563370629174,1.1031901404389748,0.4863143696181048
2025-09-05 15:15:00,8.223255994572776,60.37736432947966,66.1218487394958,27.81915860016389,870.9718996515466,69.23137612815918,53.48606249798115,62.92425828771689,9.751676554192056,60.345294687501614,66.1218487394958,27.77700210976092,870.6997482811897,69.98978518809837,53.92133705357336,61.32382388431994,1.1268125593471834,0.4942001224830422,1.1070449776792186,0.4863677203316613
2025-09-05 15:30:00,8.848170534185792,60.40453344275491,66.1218487394958,27.837986825821936,869.2221428326683,70.0103067797069,53.77629974523269,62.89704997338569,9.815361774493805,60.33877421330726,66.1218487394958,27.772245918719495,870.9357600408176,70.0058237517873,53.914801708297844,61.33305659380563,1.126284011481032,0.4958230768007828,1.1100564162103483,0.48629462768824766
2025-09-05 15:45:00,8.837583898593632,60.49138807208565,66.1218487394958,27.85850132914781,872.9720228140017,70.10168289234764,53.95444876633089,63.05229072495643,9.877201972009901,60.33085643976156,66.1218487394958,27.76745082847422,870.9798942539841,70.02994356721881,53.869837577487594,61.224920972129,1.1215634913474473,0.4951249399365969,1.113085123320142,0.4866355843457663
2025-09-05 16:00:00,8.622292551311334,60.50676513678636,66.1218487394958,27.8652677954599,874.5887600124754,70.13773242808516,53.48802459253733,59.09450591678103,9.918965081884433,60.32395817078119,66.1218487394958,27.763930374120356,871.0697360081796,70.06772393046504,53.82892306824398,61.12876554774326,1.1347505130156,0.5026848571027117,1.116013928551681,0.48706274311675196
2025-09-05 16:15:00,8.41707242540293,60.55729255690532,66.1218487394958,27.848259960744617,870.2840025066537,70.0882168286618,53.60771985192852,59.07502274558394,9.97015192023883,60.31460458254409,66.1218487394958,27.758485893996703,871.2346520978147,70.06349321653754,53.788586302743404,61.034663029817,1.1279140835713364,0.4946075997568054,1.119021085441429,0.48770624332882656
2025-09-05 16:30:00,8.417257247658723,60.495611157439726,66.1218487394958,27.887154388528163,873.6687021573348,70.3941691803517,53.55850182063407,59.110226387043,10.017639927631842,60.309001963481485,66.1218487394958,27.75134458090764,871.3491998167065,70.05962544207073,53.756774979704815,60.944068564712786,1.1412496464035635,0.495229913533934,1.1221920664822713,0.4883971369442467
2025-09-05 16:45:00,9.26702538126281,60.48658547701171,66.1218487394958,27.85928884710694,872.5345734898851,69.98994708078418,53.69696179783065,59.11694381436657,10.062345372827536,60.30305711677241,66.1218487394958,27.743203858873265,871.1809744905953,70.06922499272878,53.739429745117754,60.84541320037329,1.1343935923518476,0.5001520879153579,1.1250974304511046,0.4890506499986179
2025-09-05 17:00:00,9.924938437156776,60.4525837578603,66.1218487394958,27.789716760259623,872.8040974203321,69.84271712503309,53.69961253378907,58.985485610965625,10.110557343375605,60.30078543489196,66.1218487394958,27.735144059408054,870.9204333754767,70.07310644697391,53.7131663680932,60.85750325913322,1.1366401923599851,0.4960527283911389,1.1278485513490246,0.48995162778337253
2025-09-05 17:15:00,10.57275451193224,60.41547512750375,66.1218487394958,27.795538624088305,870.7180459931751,69.83447799675588,53.68477908082966,58.89980727104405,10.164013390314702,60.30169984849467,66.1218487394958,27.72756910824922,870.7796730546111,70.07480524048616,53.690273938233986,60.87389165951249,1.1362962943381334,0.4952257100187424,1.1306259521689916,0.490541392404861
2025-09-05 17:30:00,10.528430185255216,60.39716498003548,66.1218487394958,27.75209817348934,873.701255002012,70.35372784583356,53.50996630761424,58.88563916636888,10.211931427205668,60.304584136365065,66.1218487394958,27.71751274165072,870.7662656512956,70.09272293381314,53.68221845649236,60.882658043112095,1.1356453727693765,0.4925942403913935,1.1326639555427997,0.49112574542916815
2025-09-05 17:45:00,10.25429963791807,60.32418793853397,66.1218487394958,27.737322048023422,873.1864869780243,70.18353357067502,53.55856735471813,59.10905859114705,10.251631629673103,60.30509764318793,66.1218487394958,27.708028590932322,871.0318990437321,70.0983912754893,53.66741280599947,60.89162350836795,1.141387240117391,0.4963513742971289,1.1342166229387343,0.4916779043860427
2025-09-05 18:00:00,10.64951057540751,60.24789038332396,66.1218487394958,27.688839955526493,874.0849522651409,70.15354644379478,53.816090094451006,59.27939752742997,10.309698997094005,60.304058700461766,66.1218487394958,27.698025483085594,871.299701450254,70.12212531214841,53.6538065306628,60.90302923674736,1.1372726233228652,0.4924831384442106,1.1357459741280787,0.49222492331980533
2025-09-05 18:15:00,11.177770318879665,60.1663114048886,66.1218487394958,27.660050934935807,872.4998612761855,70.13386217522947,53.54176321397325,59.24692972036945,10.387172675685155,60.301799380675995,66.1218487394958,27.686714368548017,871.252811993908,70.14626252158206,53.64389961706703,60.920801449976004,1.1439896562640102,0.4903479249831891,1.136781384516111,0.49295843858895927
2025-09-05 18:30:00,11.761144741190432,60.143294555347296,66.1218487394958,27.66895868568337,873.0305822266286,70.2240566837139,53.22455483813175,59.209253643055206,10.48761885358746,60.2949845899653,66.1218487394958,27.672939924397756,871.4822412827859,70.16036472629986,53.63540551985065,60.940210839885985,1.1446504456857038,0.4892054035059807,1.137402600342944,0.49394665577478164
2025-09-05 18:45:00,12.182391134501712,60.20791713139812,66.1218487394958,27.630605974063965,865.689841789847,70.28053186615202,53.11233936378479,59.19177703560037,10.599515632795237,60.288800271891645,66.1218487394958,27.658272524444712,871.3386552519072,70.14859227181147,53.6318165064155,60.95371731535803,1.146146484208238,0.4911868932388717,1.1371297738362682,0.4946984602644239
2025-09-05 19:00:00,12.167548703383575,60.2189473094586,66.1218487394958,27.55020320505762,870.0992163429578,70.4416913168274,53.209275344001455,59.37613907182339,10.717947748957148,60.2834187959518,66.1218487394958,27.642046029883875,871.4055927959033,70.13687307257733,53.635026586949834,60.960423623512014,1.1425636059179407,0.4864538296980405,1.1367361428768168,0.4952217718767365
2025-09-05 19:15:00,11.565121437207376,60.16253061048233,66.1218487394958,27.59621681627012,865.4134039614904,70.44613960158468,53.08403333578323,59.60234677096158,10.833199242792707,60.27278260908723,66.1218487394958,27.62757525175935,871.5168614707651,70.15465695131988,53.63823369687956,60.97566985630333,1.1369959363824378,0.4917238363881911,1.1362674936544281,0.495576649437551
2025-09-05 19:30:00,11.12602053709988,60.14919615230956,66.1218487394958,27.632255262522094,868.7035332017348,71.06153395584384,53.019742909103215,59.76618575069098,10.957816835549322,60.25957510078331,66.1218487394958,27.612890776901835,871.5219826583632,70.14135681094487,53.62818570372231,60.997558179342285,1.1354680009148712,0.4930434824249557,1.1354690626738277,0.49588706178528336
2025-09-05 19:45:00,11.641766584159573,60.158708738249366,66.1218487394958,27.60197157559488,872.3717911994233,70.28394151133192,53.09266855278176,59.75059666988777,11.10610689716442,60.243430679888576,66.1218487394958,27.598108452846528,871.3817835139325,70.11539104939824,53.60820461235252,61.001560275923815,1.149902040395849,0.4914827920738259,1.1344952816457117,0.49609110378028937
2025-09-05 20:00:00,11.978635867578513,60.24846387945844,66.1218487394958,27.536566897406612,876.7423600726502,70.1910979961052,53.31794483057116,59.91408369558813,11.259615815394094,60.22868674804594,66.1218487394958,27.58321549670566,871.1522921890847,70.09256636488145,53.60029978271416,61.14366250732017,1.147479704358875,0.4877044519607807,1.1325939542002306,0.4958467710824017
2025-09-05 20:15:00,12.125860640238884,60.232173859148816,66.1218487394958,27.53377231632945,868.3985322644937,70.21675426388148,53.7893448995779,59.98583244512003,11.428524756265174,60.21097920623501,66.1218487394958,27.570240588308515,871.1201008567529,70.086296282277,53.60164104348949,61.28432196828823,1.144454972580469,0.4896794115557858,1.1310809318373145,0.4958684900781113
2025-09-05 20:30:00,11.865301453508753,60.3563910952222,66.1218487394958,27.530332815548693,868.0143028740803,70.03241053818232,54.142440775027424,63.47009915019986,11.603986455272697,60.19182035157691,66.1218487394958,27.55547373742908,871.263952260646,70.08374648022806,53.588451826262784,61.41699618497483,1.1408714803058084,0.4916221998019581,1.1291017674832784,0.49584560165023395
2025-09-05 20:45:00,11.33648550423107,60.32273120683462,66.1218487394958,27.52996533764302,869.5456930758901,70.1184974962451,54.19982581174413,63.80558292859438,11.773644488041269,60.17047542873398,66.1218487394958,27.540868204279096,871.5206990427189,70.07960523040835,53.559395508303034,61.54265047620816,1.1388810130167557,0.4907762353601002,1.1270679420807026,0.49560694845129544
2025-09-05 21:00:00,11.20936574886528,60.25378719482504,66.1218487394958,27.528994526983208,870.8529800924146,70.54633339066419,54.22536995506429,63.75223640036585,11.943458098691536,60.149079970237864,66.1218487394958,27.530343696433196,871.4985171197106,70.06991095299081,53.53989696528686,61.67867983741615,1.1318577212886056,0.4937201465628607,1.1248114745381275,0.4954530169945181
2025-09-05 21:15:00,11.081379027806811,60.17688648013174,66.1218487394958,27.49626142586516,871.8491179005887,70.07009790520735,53.90145076549576,63.72780589369824,12.094672548016534,60.1309318607347,66.1218487394958,27.518539812403965,871.5774037685362,70.0669411270774,53.524721163062125,61.81588752688501,1.1431034265812543,0.4908377300333484,1.1226045868250445,0.49525781396578794
2025-09-05 21:30:00,11.49373200574471,60.14622316855947,66.1218487394958,27.48117317880541,872.8979714841037,70.22936402031971,53.87442546164425,63.466022999964174,12.254191997286547,60.054043602191065,66.1218487394958,27.48985552218623,869.8413342015425,70.00112876917123,53.502388492372106,61.89461327955865,1.1415751813732464,0.4967460188078488,1.1203374392168295,0.49410476954039356
2025-09-05 21:45:00,11.690440090215684,60.14798093588499,66.1218487394958,27.443562383875147,870.9740284027691,69.8674640438707,53.811849866427366,63.62378741669091,12.405420322237866,59.98237817094609,66.1218487394958,27.46262003884343,868.1439055777034,69.92357766781545,53.48988845948814,61.96325957119095,1.1405908183677862,0.5000699109451717,1.1179145422172574,0.49262631655002237
2025-09-05 22:00:00,11.777553172085154,60.078213519071,66.1218487394958,27.40289909924006,869.765464226964,69.94826252483648,53.81378738257474,63.57692175475853,12.530214254236572,59.91162441922624,66.1218487394958,27.4367822922307,866.5395332290059,69.85700749341753,53.455871539698215,62.03063693585872,1.1325669190162917,0.5114445636051747,1.1153730032943479,0.49125303226442457
2025-09-05 22:15:00,11.431188820416669,60.034643936544754,66.1218487394958,27.3524596093275,871.3563334303083,69.92073505562756,53.91968379491163,63.54598893070356,12.626838583040572,59.84411999542208,66.1218487394958,27.410523532545174,865.1234643729229,69.78772419330085,53.42467729765536,62.09468957779829,1.120159261033858,0.5126228508518709,1.1128048774252206,0.4896794170398407
2025-09-05 22:30:00,11.364135300942856,60.14132034101839,66.1218487394958,27.345997543003644,875.2258289313181,69.77198353150786,53.93326206401954,63.3714324104989,12.713330545583354,59.77797743384779,66.1218487394958,27.384583674035877,863.4672041832674,69.7054358991931,53.408576678144314,62.16275415461663,1.120617998186742,0.5074556854322945,1.1101457363154925,0.48822631426031454
2025-09-05 22:45:00,11.680800809639576,60.05827872354247,66.1218487394958,27.3850352564282,874.3099598974034,69.7648924904355,53.58227579587296,63.38164527145621,12.78351937867606,59.710959461032694,66.1218487394958,27.36022538397049,861.9588493379578,69.63757828543304,53.39663911936373,62.22825517625452,1.1127530826755194,0.5048464493074782,1.1074041823665797,0.4867572292198799
2025-09-05 23:00:00,12.586698316884252,60.008308193637134,66.1218487394958,27.397452580096424,869.3757784606065,69.61130256845642,53.47485995051501,63.553699664554415,12.834815498967016,59.63634078549748,66.1218487394958,27.33842820460113,860.3895644854218,69.55590057414103,53.375834822446244,62.279526026007986,1.1023310820630237,0.5051354472327527,1.1047629356463955,0.4854602254087263
2025-09-05 23:15:00,13.28628574704654,60.00705544524393,66.1218487394958,27.415031607488647,868.7660484810842,69.32271004594865,53.35501602523738,63.17235362240245,12.880916178167409,59.56308298356694,66.1218487394958,27.315888397482116,858.8242394252756,69.47731221319779,53.36923592339461,62.32094239563392,1.092350060503963,0.5012461997867774,1.1022585090072485,0.48415654144788817
2025-09-05 23:30:00,13.227560098201607,60.064447181507134,66.1218487394958,27.41847911123392,867.7040202670424,69.45299189258199,53.25087970338663,63.35757285867168,12.929101700880924,59.48792258995509,66.1218487394958,27.293458244306525,857.201611429248,69.38613021695656,53.360346511624094,62.35929055615326,1.0777106896511648,0.4953548761660811,1.0997272959619573,0.4828232692522406
2025-09-05 23:45:00,13.484340651535344,60.02606630257738,66.1218487394958,27.459012708830187,869.318262536694,69.90011435052804,53.64795767518817,63.29480657462552,12.952809179234276,59.41283860328141,66.1218487394958,27.270664648905008,855.470375756633,69.31088757486843,53.35032554252885,62.39908557191322,1.0825234126838577,0.4952591696280943,1.0966475051745073,0.48126658452641363
2025-09-06 00:00:00,13.681108217884374,59.92084551769671,66.1218487394958,27.444148862145187,877.9842442741287,70.31767511888337,53.162825303832896,63.09045288764112,12.985189314166936,59.33646342450986,66.1218487394958,27.248989256245924,853.5639409699733,69.25488588424379,53.3416085094752,62.433613651127715,1.0818747157824868,0.4945432606976132,1.0937925766029764,0.4799247313173502
2025-09-06 00:15:00,14.35676636431994,59.846237791723766,66.1218487394958,27.42112285260733,880.236976952074,69.8657095861931,52.82527225903815,62.88657255136648,13.024014370855362,59.26238590196189,66.1218487394958,27.2287162950651,852.0335936179043,69.19383751388364,53.302558540729635,62.46528313428561,1.0733788302745648,0.4929924919472016,1.0911131308290445,0.47860934993219045
2025-09-06 00:30:00,15.019346756664818,59.810720002977,66.1218487394958,27.47398152488277,872.1386397300846,69.5518888025067,53.11465624330381,63.066366447205496,13.050186815818117,59.180113709693416,66.1218487394958,27.20781134420885,850.5494933135968,69.13258254616844,53.248161308244576,62.37539690148401,1.0689461660827362,0.4914347846878193,1.0884892575100822,0.4773351238265025
2025-09-06 00:45:00,15.109187991682177,59.871031842408605,66.1218487394958,27.441422103211288,873.0846454579413,69.74538321935403,53.22950501408771,63.01603795510953,13.085827079426634,59.099799147477434,66.1218487394958,27.185365336475,848.9706274514459,69.07641322362541,53.1887653283085,62.27547978718505,1.07008966294564,0.4893696191568388,1.0858362830805677,0.4760931205249438
2025-09-06 01:00:00,15.314013663355617,58.090517223726565,66.1218487394958,26.891569466957296,821.6191679922016,68.37935710864812,52.83998618691353,61.24741174657842,13.115370949694288,59.02318755058996,66.1218487394958,27.163290796869244,847.163627657093,68.99727988461756,53.127563433160965,62.18661176637231,1.0676309445229333,0.4580029076295611,1.0835068744538565,0.4745324571088967
2025-09-06 01:15:00,14.791149386457649,58.1742250011849,66.1218487394958,26.920257547739386,822.2636282628574,67.85700053000204,53.18356636819932,61.168447340115954,13.164673708478903,58.95439733214253,66.1218487394958,27.142173304756398,845.4040648258475,68.92299668220387,53.08216612377218,62.091923750452814,1.068700330130227,0.4519977845859944,1.080562291915369,0.47283595632229736
2025-09-06 01:30:00,14.393328535368669,58.12527783172833,66.1218487394958,26.9137075571446,825.9537818042111,68.1564412118566,52.795582500753206,61.30071846746308,13.22170189906029,58.88391203704776,66.1218487394958,27.121040021329986,843.3745269247792,68.8526416245647,53.03194196169183,62.00805241449736,1.061026455635575,0.4512846098762754,1.0775646676185737,0.47080590600811895
2025-09-06 01:45:00,14.07650018299968,58.14117869076396,66.1218487394958,26.87228814437001,830.017795593696,68.05536317172901,52.60593595268762,61.16850897855648,13.268666138942544,58.81576355547366,66.1218487394958,27.100945787577878,841.5124995754385,68.79029429267399,52.989521390429296,61.91415558629417,1.0669458801901963,0.4431394682456726,1.0740981799409823,0.4684972227946242
2025-09-06 02:00:00,14.355903617473906,58.15901770811837,66.1218487394958,26.89076293040448,823.3427765369618,67.75540786048177,52.74153625280045,61.251190947605366,13.319860458894977,58.75101950342412,66.1218487394958,27.081544031986727,839.6618065625397,68.72649294862293,52.97048280459041,61.94718030810008,1.064876212393863,0.4456123201201964,1.0707202116240102,0.46580394835239153
2025-09-06 02:15:00,14.288056127282848,58.19737794694528,66.1218487394958,26.899857272102388,820.439196430559,68.24480345335044,52.75421260036731,61.15680768473709,13.364180116447708,58.687955460910445,66.1218487394958,27.063301060866706,837.8605267845402,68.66581583208848,52.93839629678302,61.97896096457951,1.0638998657408527,0.4471143420258321,1.0672093763314388,0.46285449563017966
2025-09-06 02:30:00,13.706432312112266,57.980387043402125,66.1218487394958,26.896287823976703,823.020670766879,67.9913599780665,52.58514643647688,60.91426456442739,13.412706252011867,58.62128612552207,66.1218487394958,27.04399436497301,835.8775080023471,68.63536934932021,52.89965047373072,62.018979681006776,1.063326204312408,0.447543715363434,1.063361582276363,0.4597496657237403
2025-09-06 02:45:00,12.948141813219166,57.964796552566334,66.1218487394958,26.92002260269974,818.4536521571049,68.08848877328768,52.88606636423419,60.844837859739606,13.465836298703286,58.55897373612769,66.1218487394958,27.023228978689378,833.9811134114397,68.58327626583741,52.86641971569875,62.06356101279159,1.0618631372080274,0.452613317563047,1.0600351114271738,0.4567946950465835
2025-09-06 03:00:00,12.571586218505372,57.89438434395382,66.1218487394958,26.95935066725437,820.0246933209083,68.32607406860663,52.75306055598756,60.91663056627117,13.495987698724715,58.497918513030776,66.1218487394958,27.001529190839484,832.2999158220357,68.53492887827719,52.82398564069379,62.0963670619387,1.059531609556137,0.4530453165555277,1.0568434743489843,0.4536844956370102
2025-09-06 03:15:00,12.3529909347601,57.90618913803884,66.1218487394958,26.918163713549497,820.4347210209718,68.02666224868815,52.79203947992463,60.94444714268635,13.507821398376977,58.433567808758426,66.1218487394958,26.979157257790085,830.8171973216771,68.51092606866106,52.80401666933907,62.14610308388264,1.0575083167723545,0.4447822502990182,1.0542680946799865,0.45077587623910825
2025-09-06 03:30:00,12.950039915558293,57.95720851631226,66.1218487394958,26.886305117634056,819.5493164728596,68.51104727736626,53.05643383896143,60.94992607202312,13.503806654872374,58.36554711427862,66.1218487394958,26.95624327014465,829.1253470409215,68.47790372398634,52.79061441776373,62.18082890597612,1.061831847212946,0.4474488556888766,1.052033084923615,0.44794016342547877
2025-09-06 03:45:00,13.290612340891656,58.00984818270959,66.1218487394958,26.92558348090474,822.4881117024217,68.38530315307673,52.617845837211306,60.935916939857066,13.470354568701564,58.3002870102509,66.1218487394958,26.931557105332807,827.3690568102538,68.40918201927819,52.77130000078543,62.2100308369871,1.0640715993625138,0.4502179700009934,1.0491950892730868,0.4449837136131431
2025-09-06 04:00:00,12.65047480239147,57.88822532716799,66.1218487394958,26.903184289861212,823.4912937448589,68.1947615067263,52.51052380047555,60.77351216615177,13.416420161429732,58.23514126933539,66.1218487394958,26.906596586318237,825.3109260758138,68.3282874556742,52.75739327669006,62.2471137445497,1.0621552807369352,0.4533954166313195,1.0471572557042468,0.44201767832501915
2025-09-06 04:15:00,12.405693412486585,57.91329434035509,66.1218487394958,26.85658510562755,822.1797172113593,68.43341781995446,52.41794641366184,60.80806949962539,13.335648248895353,58.17067069470142,66.1218487394958,26.88227409546902,823.0585685805058,68.27210812893091,52.74877376953479,62.28789434935345,1.059291780131323,0.4535161363133398,1.045019399912585,0.43904608984403576
2025-09-06 04:30:00,12.095681856894876,57.95543928820114,66.1218487394958,26.866758338810424,816.6429862618272,68.17233322042858,52.3893131006381,61.08619577598404,13.228044360251435,58.1051268453424,66.1218487394958,26.85762530043488,821.2442260951315,68.22907092287362,52.739819995200016,62.329714854011186,1.061975462487272,0.4469002440814473,1.0430122822416166,0.43603650922657705
2025-09-06 04:45:00,12.56046179134522,58.11317992670861,66.1218487394958,26.86273666247976,819.0622329632293,67.84160183279693,52.5395314838324,60.88716541611328,13.118791131590449,58.0369096170684,66.1218487394958,26.834591397278853,819.8178255992542,68.17226873435621,52.71421508894488,62.377747997787125,1.0547659504266185,0.4399427064353672,1.0411257639731821,0.43318328765196673
2025-09-06 05:00:00,13.204577723186306,58.03166431571637,66.1218487394958,26.847174676012997,812.0118344520513,68.11871229114416,52.36770059923376,60.94988292130049,12.980193752007773,58.02597000544833,66.1218487394958,26.829882022819806,820.1977920348332,68.1500916929179,52.71032278642637,62.492266914147486,1.0516464524693965,0.435844509382498,1.0395018321165115,0.43141077365540803
2025-09-06 05:15:00,13.09936728668336,58.10352648866191,66.1218487394958,26.840735371311936,815.1132079225495,67.99704408714975,52.53923272855121,60.80688257059515,12.828364831286603,58.00786382994169,66.1218487394958,26.82605362583988,820.1085486830274,68.14988393838419,52.70134807884189,62.6028903741924,1.0365961880400378,0.4308094145403299,1.0381270687524837,0.4299461539016435
2025-09-06 05:30:00,13.313382770658178,58.13589195758466,66.1218487394958,26.8208464315056,814.2446738399974,68.03422220330445,53.242629807408086,64.56766340893574,12.665784159942445,57.98897825637662,66.1218487394958,26.822378728014893,819.8134880048852,68.15508001882932,52.70222800782567,62.71389210932013,1.0312278695071355,0.4306463303381933,1.0371557738181274,0.4286453211526612
2025-09-06 05:45:00,12.760778546998544,58.14272266113481,66.1218487394958,26.80517047572686,817.3179400903235,68.10042155959394,52.95708856068991,64.49940862508656,12.513800858550717,57.966759519703224,66.1218487394958,26.821611424811284,819.3594682916271,68.15369034563017,52.7189421433709,62.837465949004624,1.0148342022567156,0.4241392691855156,1.0361549688157705,0.4275490148116667
2025-09-06 06:00:00,12.81991936786758,58.14124027936719,66.1218487394958,26.76679666619272,815.7352654655256,68.85858904846016,52.770887372450616,64.57199390331687,12.35868684042342,57.94248906355316,66.1218487394958,26.81741480799788,819.0594064761589,68.16938762214751,52.72052198169308,62.9539117809152,1.0051841765344602,0.4143107882391131,1.035153576722473,0.4262929008175317
2025-09-06 06:15:00,13.274702210382152,58.18890704171093,66.1218487394958,26.762073667919267,817.418122170181,68.20209998595128,52.585353054913824,64.71908522500067,12.20702006582894,57.91905505293335,66.1218487394958,26.813005808732573,819.0958152587433,68.14749168943122,52.716427435462634,63.07447579321142,1.0129589571998463,0.4161973289927737,1.034085710853114,0.42525547771028804
2025-09-06 06:30:00,13.491240317527147,58.17665150072978,66.1218487394958,26.74645894459956,818.9398507784884,68.16088094164974,52.2018377003665,64.53788113896778,12.068666885514483,57.90001050306379,66.1218487394958,26.810416121808885,818.9959242256941,68.15244963340042,52.705515868567915,63.08518904534789,1.006581969717338,0.4118294649455541,1.0329006310074356,0.4240661989578006
2025-09-06 06:45:00,13.641296736614445,58.07653431707322,66.1218487394958,26.74387361600678,824.2844934703263,68.60262575746503,52.75594688459565,64.66443428072063,11.942719389590557,57.87889403399969,66.1218487394958,26.8067145949387,818.8352896534882,68.15292536588204,52.68693682644979,63.100844591235195,1.015088670434036,0.4139876178497198,1.031616925837216,0.4227492805485624
2025-09-06 07:00:00,13.10711779306351,58.023826347113086,66.1218487394958,26.731059481870872,816.9485118443728,68.46232155234011,52.84881215612592,64.39934752147605,11.822834349213895,57.861790125292046,66.1218487394958,26.801776031209272,818.4363775324168,68.14054598971231,52.678553668029345,63.1125243303594,1.010660396960012,0.4102834917571968,1.0302783563310678,0.42133229716736414
2025-09-06 07:15:00,12.480778066410997,58.06826318174557,66.1218487394958,26.718427764474885,816.629555616665,67.83846320928372,53.06852516583961,64.17086450495499,11.719328948334999,57.84405347653203,66.1218487394958,26.79724838506718,817.9068091712787,68.15508663112675,52.66160742863514,63.12710820160642,0.9973835431680128,0.4065656752580222,1.0290109989210217,0.42034721870187075
2025-09-06 07:30:00,12.063075999729456,57.966473290231626,66.1218487394958,26.695333291708017,816.2403222409258,67.89083821076375,52.74562358097148,64.20294011451904,11.629210051958035,57.824554713364996,66.1218487394958,26.794083531936458,817.3694631210557,68.13959441349022,52.631014919705436,63.13142147066795,1.0207397087172894,0.4055622020538947,1.027265354444876,0.4193152315787929
2025-09-06 07:45:00,11.933608988288569,57.912120552704586,66.1218487394958,26.69144812713076,812.6662520928364,68.18032978389397,52.566687044380345,64.10999069547897,11.533676965465293,57.804720872267445,66.1218487394958,26.789673876475437,816.936324917702,68.14198636492294,52.61723089589916,63.15101838821953,1.0092431565247104,0.4038448375177015,1.0257691082597307,0.41825970695194137
2025-09-06 08:00:00,11.791230097347244,57.84440452220644,66.1218487394958,26.7345176738585,817.7083651688533,68.26077262078832,52.84604301326049,64.32098158693753,11.461042682335034,57.786250979465635,66.1218487394958,26.78725855074585,816.3932296654881,68.13823085592288,52.59971146560461,63.1722365407494,1.0087326359536857,0.4011473661640578,1.0242604891645122,0.41698701473941735
2025-09-06 08:15:00,11.83159113185259,57.82451499418864,66.1218487394958,26.750405008530564,830.2926305816255,68.0413175638318,52.46135782643361,64.45703226838782,11.388492458311328,57.76614370295977,66.1218487394958,26.787583847261555,815.8191599902831,68.13707454588537,52.60604746670588,63.19496469302318,1.013494114892603,0.4037729719185287,1.0227529131830433,0.41576380414306796
2025-09-06 08:30:00,11.156092275875327,57.762328875124304,66.1218487394958,26.75028823318591,833.01816105957,67.71404586549866,52.72321711135836,64.682979237389,11.319907665127886,57.74213336149739,66.1218487394958,26.786174921397382,815.3300721242593,68.14487017403445,52.60391139763817,63.21846089375637,1.0189129888228114,0.4048274877328013,1.0212103036139273,0.4149261365530447
2025-09-06 08:45:00,10.23628176482258,57.63103973598584,66.1218487394958,26.8054056383416,819.5863277086808,67.85076789399075,52.91432514066484,64.48715114146344,11.249955605099546,57.71224514694507,66.1218487394958,26.785283601099362,814.7826602176484,68.16272700166783,52.58727030702666,63.2605008960155,1.0274574292093948,0.408059191973056,1.019972906582368,0.41411156693529094
2025-09-06 09:00:00,9.51590839504398,57.5587106247763,66.1218487394958,26.80346062239498,817.1019614599452,68.31232362521091,52.82198037026669,64.63077052129509,11.17909226281307,57.68555504948151,66.1218487394958,26.78676820478852,814.3559018675064,68.15964079929716,52.58395778177492,63.31268965758473,1.0318876076048888,0.4122596274068075,1.0196681398669032,0.4136676631974703
2025-09-06 09:15:00,9.517001141247754,57.47461659056195,66.1218487394958,26.849269048261693,816.3972041959559,68.0136729757541,53.10736001904457,64.8757241690914,11.121970538521708,57.65358159807777,66.1218487394958,26.789840592568297,813.8674849708984,68.16914715273424,52.57526791353163,63.36310096019526,1.0369217301194915,0.4102502780158373,1.0196494728400272,0.41355723426991786
2025-09-06 09:30:00,9.702483073655069,57.4309040236166,66.1218487394958,26.764864426002585,814.3409220729145,68.22632615600223,52.78893140246564,64.74456590492241,11.032425274626236,57.62251085097483,66.1218487394958,26.792992737560652,813.7868868815167,68.16802534880601,52.551631890144556,63.28206735708402,1.034834449594937,0.407928900296145,1.020088637194252,0.41353349099686987
2025-09-06 09:45:00,9.73805288944844,57.49435762835105,66.1218487394958,26.76758729414312,821.5314599080895,67.58792547186178,52.63137621345409,64.77372805362384,10.932759266899915,57.59363179890529,66.1218487394958,26.7971190998739,813.752852026353,68.15695736133833,52.53321321408118,63.196344936945884,1.0318638896600834,0.4159916488085244,1.0211213115080524,0.41382303964262374
2025-09-06 10:00:00,9.555836902678516,57.4090505473152,66.1218487394958,26.818597216265943,820.0239397754068,68.14009829714256,52.25779942963516,61.23566212852144,10.823068386028789,57.56539452450874,66.1218487394958,26.8028749414458,813.7953434193649,68.12002841827154,52.518428890872016,63.1050727314896,1.027773808942057,0.4118653527888117,1.0224365357452725,0.4145327993694511
2025-09-06 10:15:00,9.169716935501382,57.33130248064334,66.1218487394958,26.808976796594266,813.6346149909206,68.1027607477359,52.328695100690354,61.31450423635884,10.704690822487521,57.53648449468357,66.1218487394958,26.80892565383296,813.4046485461348,68.12929129022454,52.50609122725248,63.00801910984786,1.0233519821014427,0.4131057652859004,1.023498046491125,0.4151961127939195
2025-09-06 10:30:00,8.975035007205536,57.38126708272463,66.1218487394958,26.811193755371512,808.0573296887726,67.95469278351479,52.501565803374206,61.26702273999722,10.583634232828514,57.505481907733255,66.1218487394958,26.81717583838108,813.0165289192689,68.14336730091871,52.50642276842523,62.917659532658675,1.019374524371688,0.4105358151195798,1.0248037197582325,0.41621122851235987
2025-09-06 10:45:00,9.247828908393194,57.37408967523834,66.1218487394958,26.782334329286822,804.5476701868275,68.46288149112154,52.283652298098616,61.38196328009694,10.450275634473988,57.480875864027595,66.1218487394958,26.826056868412596,812.3558366666024,68.13920285389955,52.50764039922343,62.94503436169391,1.0194875944709638,0.4152298963342156,1.0264073111325722,0.417088556810356
2025-09-06 11:00:00,10.24647302424938,57.372245621301055,66.1218487394958,26.79135952371229,803.4289349661675,68.04628074827035,52.13865857107034,61.07932414386907,10.329215203205946,57.45490944387794,66.1218487394958,26.836992494909328,812.0571856321504,68.12750170283574,52.50596107364279,62.98105573453679,1.0094625129285772,0.4164892419965431,1.0288237931713686,0.4180664013298221
2025-09-06 11:15:00,10.424619746109377,57.41483294978312,66.1218487394958,26.79329381707404,809.4939656018124,68.45706169605806,52.2043251230229,61.52382446640438,10.203610091689137,57.4303992114403,66.1218487394958,26.848084915314733,811.6847426819496,68.14088044518566,52.49727616754196,63.028453838504596,1.0191842138081508,0.4185522311954465,1.0317850683384149,0.4192763736605028
2025-09-06 11:30:00,10.47144630848369,57.33412854311364,66.1218487394958,26.830724517973703,807.1984361784415,68.08209623672447,51.98494089163885,61.41005674204807,10.064897230425686,57.404836889783844,66.1218487394958,26.860437232836983,811.1196417474288,68.15013007191746,52.496006752431995,63.076294736728364,1.0168967078803823,0.4152146502555968,1.0339385229763882,0.4207769429940246
2025-09-06 11:45:00,10.229186691775377,57.31007604517937,66.1218487394958,26.866344001098717,804.9576269552067,68.3987285188291,52.60802644670037,61.48991406783884,9.943784359186528,57.382890586561835,66.1218487394958,26.8709902108033,810.6557527738164,68.16808197199838,52.49007210800482,63.12767217975932,1.0140645006872586,0.4168198184228603,1.036777668885154,0.4224707735362466
2025-09-06 12:00:00,10.038138061391646,57.235129044329454,66.1218487394958,26.824490562885146,801.9703502811182,68.4062020649012,52.32523102860674,61.79108179797946,9.834301537485464,57.36378170642638,66.1218487394958,26.882343815933435,810.2170982161198,68.16521908793972,52.4727556062167,63.175154072845366,1.0156971754137922,0.4217702163807489,1.0400898531931435,0.4242221454377074
2025-09-06 12:15:00,10.461899990494988,57.21653349013907,66.1218487394958,26.83599705353918,802.6398757648974,68.3773066617985,52.04029876548706,62.14836548388709,9.727472672912658,57.34470060030705,66.1218487394958,26.89212515742526,809.4902995970856,68.17218837190426,52.46967297254891,63.22534326524184,1.0176440394798376,0.4155056179027549,1.043454010783835,0.4259225540703885
2025-09-06 12:30:00,11.07867745459208,57.23096139180954,66.1218487394958,26.891712786687783,799.2090839477942,68.02612622002393,52.26832484168157,62.51554576837732,9.637009086076013,57.326427479216335,66.1218487394958,26.899458040255556,808.7624982095714,68.19617357774496,52.45167987607804,63.27041960169856,1.0425034510054567,0.4225273972478774,1.0469672988822645,0.4276119108401643
2025-09-06 12:45:00,11.385715557942516,57.144322946549735,66.1218487394958,26.932907004705257,800.4607010243085,68.28223469026196,52.2785366812525,62.31922164891129,9.574705325925915,57.31513845862875,66.1218487394958,26.905311871651655,808.2906683194996,68.20832888190665,52.42298154164125,63.32208007491831,1.0360361772337567,0.4274965467137572,1.0503529659770023,0.4290873019412107
2025-09-06 13:00:00,10.62702485379399,57.20376954449656,66.1218487394958,26.915410781276183,811.8267311585457,68.000568085458,52.53354910579577,62.13665531559855,9.54177517713407,57.30622260755212,66.1218487394958,26.90887480847432,807.589542103882,68.20817798006551,52.39710556278028,63.37093426906233,1.0444028001338734,0.4299340321467535,1.0535676392636304,0.4305462790637263
2025-09-06 13:15:00,9.770798315208884,57.27635109904839,66.1218487394958,26.928961345124343,816.2968944354137,67.76838193556327,52.40452827878851,61.92773602094242,9.527677393296022,57.29628597171253,66.1218487394958,26.912728716034476,807.1500688136642,68.22043369981611,52.36686985245158,63.40327581917793,1.0458144316707312,0.4328257285581309,1.0573058107645026,0.4319992609652393
2025-09-06 13:30:00,9.529192941733909,57.29412204747071,66.1218487394958,26.939471913349823,817.0100072558863,67.75072075645662,52.32735767617592,61.833827739628425,9.541905551704856,57.28406422866286,66.1218487394958,26.92158205837527,806.6378545372713,68.21534851912617,52.35423311703624,63.441971989020324,1.0446409036510669,0.4356035800439346,1.060680660322304,0.4335890693695685
2025-09-06 13:45:00,9.723375304144083,57.32160614695592,66.1218487394958,26.943595039534,805.6972759732727,68.47998614454131,52.215223146327816,61.807476575748304,9.572866902985478,57.269904819329895,66.1218487394958,26.930956249729725,806.143411327767,68.23610387787373,52.349799291434394,63.49170455957499,1.0448042795754195,0.4360967317268251,1.0642505485529417,0.43490501232951057
2025-09-06 14:00:00,9.859542627756932,57.24657389222042,66.1218487394958,26.99396448104301,807.2962619725145,68.583161262475,52.211783935548944,61.82709382329229,9.6133529637662,57.2644172171707,66.1218487394958,26.941156298944648,805.7537116139559,68.24763058568399,52.369053581032134,63.655619531915676,1.0457521677305612,0.4422829364987653,1.0684758546940385,0.4364881255429331
2025-09-06 14:15:00,9.640538785978588,57.33835300590361,66.1218487394958,27.010304516952385,804.4637258903283,68.47769234688981,52.7924758085418,65.48567915177753,9.667574301632232,57.261442534740425,66.1218487394958,26.95221185066108,805.8087548589771,68.24364360428143,52.3898768434952,63.81298178416435,1.0631964116642287,0.4403074667896064,1.0733469143716192,0.4378918047446551
2025-09-06 14:30:00,9.475304855022316,57.24483374262316,66.1218487394958,27.05912827677284,807.9889808108138,68.1112870204257,52.798432388706594,65.47998870676254,9.730470704260265,57.25451104239846,66.1218487394958,26.962385990799326,805.9772581975279,68.26562388835686,52.41934567240745,63.974611184190174,1.0831548581239092,0.4396188273411768,1.0780379080922262,0.4392213573154794
2025-09-06 14:45:00,8.712624720906728,57.3329562086165,66.1218487394958,27.05120037663692,805.4562671106424,68.2398254797814,52.807977982814805,65.59280762398923,9.796174484353033,57.24522779795699,66.1218487394958,26.974030038690493,806.2548031804165,68.27478319686091,52.45998380880732,64.13776788914012,1.0862217981793982,0.4428648451784445,1.0828942096513985,0.4404227737631846
2025-09-06 15:00:00,7.901690161825897,57.19960364053789,66.1218487394958,27.065902817375527,799.287294205301,68.16832701271788,52.70754112767258,65.63816706123218,9.852645941213389,57.23341194569105,66.1218487394958,26.98579990203059,806.5944657671099,68.29032547479768,52.50698487624934,64.30858814463512,1.0853433478564911,0.4505792820595515,1.087651687472004,0.4412805404767056
2025-09-06 15:15:00,8.300222851113832,57.25373145604421,66.1218487394958,27.00803746612037,798.7495828844648,68.71888678632159,52.38864771156487,65.65131398640771,9.926968851550795,57.2182752948619,66.1218487394958,26.99727016135233,806.7647722795919,68.28158451706618,52.54125432748125,64.32927960897244,1.0944175337876825,0.4546597537843599,1.0913850878107818,0.4418877789039772
2025-09-06 15:30:00,8.50674544631536,57.27113811814273,66.1218487394958,27.07512582776256,804.5487284379519,68.17488609902821,52.326547959617066,65.74543837951892,10.001878150590015,57.2027683207731,66.1218487394958,27.00674579758238,806.9688367269927,68.29058547611491,52.56935008041911,64.34435153292164,1.1080981651933688,0.453688523207881,1.0951791830619693,0.44278391499528985
2025-09-06 15:45:00,8.626725194668394,57.252081810608814,66.1218487394958,27.043845253285355,808.4886720106028,68.25039608276802,52.36887881639998,65.96270804028195,10.061899846486437,57.19063457544248,66.1218487394958,27.01513709436169,807.009566121622,68.28436312026473,52.57488703047646,64.3617184710332,1.114418842613348,0.4547852308989606,1.0986395647334921,0.4437642431534498
2025-09-06 16:00:00,8.442184670775971,57.21413524240297,66.1218487394958,26.970274718094675,811.184119434146,68.43360204071978,52.183424217232016,66.03526933109073,10.113667866843999,57.18167537412564,66.1218487394958,27.025020529753828,806.9539959565283,68.26071161584473,52.59450701154977,64.36537220473703,1.124311631775695,0.4555081908260768,1.1021107736535032,0.4447043179151105
2025-09-06 16:15:00,8.367168960319663,57.29236911835818,66.1218487394958,26.981020580224577,805.4314310065232,68.21542701884175,52.05337510756123,66.03696533805592,10.161174114172825,57.16858205827996,66.1218487394958,27.035445192871578,806.9215781221355,68.25623062457282,52.629178279888585,64.3670952583438,1.1290274420515265,0.4523209250044462,1.1056369214370003,0.4461273246082692
2025-09-06 16:30:00,8.52800393128858,57.29123509247731,66.1218487394958,26.910348727074982,796.0681749914171,68.30779656997655,52.0457010044374,66.09639634561553,10.197791493868573,57.157817491184886,66.1218487394958,27.042545389798125,807.146221099746,68.27162456364906,52.654969031995975,64.35849121474124,1.1283278062037356,0.4560289410822753,1.1084754208149195,0.44720417623939707
2025-09-06 16:45:00,9.094067626106328,57.17651751537432,66.1218487394958,26.96488627506645,803.2130054894229,68.38134456827224,52.2002887091836,65.84597067255942,10.213871581984142,57.14942365752586,66.1218487394958,27.0481864142799,807.6318234734542,68.25719818574154,52.671299860747624,64.3621866437989,1.1490668751456554,0.453839735061229,1.1117341864707637,0.44831898054411307
2025-09-06 17:00:00,10.12932782592008,57.0642517321265,66.1218487394958,27.03046469622632,798.9744937811269,68.07377073530358,52.40982934000567,65.90545100019432,10.240702109120658,57.13836635014335,66.1218487394958,27.05230082546009,807.5998952654923,68.26186039928125,52.6718238742474,64.3698738584226,1.1360799363289833,0.4556231524260204,1.1150546573766467,0.4495502524983443
2025-09-06 17:15:00,10.66689342786707,57.06957534836207,66.1218487394958,27.04881303477676,806.6981636229636,68.21058623428898,52.49836144539866,66.2657051702641,10.288472493196021,57.121538707232205,66.1218487394958,27.05626379792624,807.3591842404734,68.27580309948085,52.665294372015566,64.3893405522702,1.1389605365792097,0.4554699376067859,1.118402023355253,0.4506607076991998
2025-09-06 17:30:00,10.770418726100244,57.24442248253957,66.1218487394958,27.124598692713665,808.332948361074,68.4858995314503,52.83542811756725,66.15311129874168,10.330547458740405,57.10411777918235,66.1218487394958,27.060370310546375,807.0652708880326,68.30574142676058,52.66167312020668,64.40999056410136,1.15453299317496,0.4593587491914872,1.1217627723941666,0.45180639952881857
2025-09-06 17:45:00,10.796357071482316,57.24206200773467,66.1218487394958,27.140643348087234,815.2859123415543,67.98315130565915,52.95339297458236,66.03537180381903,10.375826172761386,57.08810902293467,66.1218487394958,27.063453420928386,806.8694999593172,68.31180001249706,52.65237269191786,64.4298187242239,1.1694837724288656,0.455216141337561,1.1252755131430174,0.4529863354923092
2025-09-06 18:00:00,10.861927086046542,57.17332231246608,66.1218487394958,27.116417959518987,813.1124298452967,68.6141013057772,53.38563067074192,66.11590474077191,10.435280937542625,57.07675559530834,66.1218487394958,27.063426065202222,806.8617623536004,68.30027374594874,52.63734375807089,64.44838170458613,1.1601043359899004,0.4504223922443098,1.1286184485418673,0.4540938945059353
2025-09-06 18:15:00,11.218942311176209,57.09559234199405,66.1218487394958,27.131655766021712,812.8740196734863,68.73766074624342,53.5027963900944,66.27666442859534,10.499073355404045,57.0642386641521,66.1218487394958,27.063699807015553,806.797649151659,68.2883011365654,52.59920728945142,64.34113854890823,1.165176641246134,0.451272389765371,1.1310959108452459,0.45519435982455353
2025-09-06 18:30:00,11.940616730060103,57.01777005332293,66.1218487394958,27.144455423915183,813.6188125669705,68.51254908637344,53.548690594331134,66.20393180871922,10.56679525501011,57.053460984559656,66.1218487394958,27.063320506258115,806.4690946050305,68.29491030844855,52.57846248478559,64.22410366628023,1.152186847546738,0.4422222434021726,1.1325942203640584,0.45624709515247647
2025-09-06 18:45:00,12.654307056231568,56.96073342490856,66.1218487394958,27.137401596726264,814.603160976271,68.19483296411283,53.23240865997997,62.14456839652415,10.657699540269789,57.03784441469852,66.1218487394958,27.061805156118464,806.5846976670288,68.30488711843184,52.54212926271647,64.1113126608562,1.1311862239714872,0.4367693840135943,1.1334172041475155,0.4572179224688747
2025-09-06 19:00:00,12.718725279660273,56.86891932044988,66.1218487394958,27.114993604875128,813.3203696004673,68.35212500818643,52.82781347977495,61.86221446052388,10.780762482913817,57.02508771188044,66.1218487394958,27.059070197838377,806.6380831959943,68.30118072038096,52.497422451074456,64.00150003445737,1.1307195654160036,0.4420987329949791,1.1341343887163273,0.4581723772276081
2025-09-06 19:15:00,12.029837568668077,56.946063685260725,66.1218487394958,27.118082904478022,806.1795087940849,68.21205784332368,52.77413494842062,62.01092221118565,10.909501737269501,57.01283394977926,66.1218487394958,27.056958921838206,806.5892270092002,68.2804156417192,52.4522007097855,63.889817237707604,1.117875950832946,0.4462296631676556,1.1341857058176605,0.45902194700299553
2025-09-06 19:30:00,11.591178672118447,56.9663530048238,66.1218487394958,27.12099362464944,800.3032453283032,67.69665693230154,52.91383046080614,61.90069380909405,11.055817679676172,57.00293227172479,66.1218487394958,27.051442019104684,806.1571557159743,68.26408987655309,52.40966041035024,63.75513998235055,1.1198334430141244,0.4499724592305709,1.1335109003300592,0.45991956346981405
2025-09-06 19:45:00,11.887087410359785,56.82373401476909,66.1218487394958,27.14873694707159,801.6673407331198,68.24287692364109,53.08043681565148,62.20005709209045,11.218440100937281,56.99853681148646,66.1218487394958,27.04753877817729,806.0983634813593,68.26183634420927,52.37571784989976,63.739174586398384,1.123428472984757,0.4581958186975162,1.1318924420531382,0.46061383550729285
2025-09-06 20:00:00,12.177198845464504,56.90802437895714,66.1218487394958,27.104718694484134,805.9483732761072,68.48794439231055,53.04204740490328,62.25742446030026,11.38658542785134,56.99738411768966,66.1218487394958,27.046974325055306,805.7137585977648,68.2487651371582,52.34437770425662,63.718044016344244,1.1276584323430303,0.4548329461817119,1.1297297780362272,0.46144359802731805
2025-09-06 20:15:00,11.868118201409583,56.89250793677903,66.1218487394958,27.10213773915862,815.0287722355584,67.84944335303719,52.7684615438021,62.43008452064151,11.554519839380749,56.99494448842232,66.1218487394958,27.04575197660199,805.4096102489028,68.23598723818917,52.30865556571815,63.6894932135937,1.133799146909085,0.4609406758552379,1.1274628032531102,0.46228282221404576
2025-09-06 20:30:00,11.431940667889464,56.87205032302143,66.1218487394958,27.03884311668191,810.8688849196808,68.14043449164883,52.549269510789074,62.36727175430895,11.72400712540071,56.99614220272678,66.1218487394958,27.047406527783842,805.5340286693696,68.23939209485921,52.26591767810405,63.65594801845546,1.144016927310362,0.4668721907736916,1.1256914726835003,0.46282334066560915
2025-09-06 20:45:00,11.203909837469784,56.77152181171406,66.1218487394958,27.04785051910873,809.0755636848494,68.18666294155183,52.208643211833575,62.5117368363706,11.894967605784835,57.00386706264184,66.1218487394958,27.04719551352277,805.4153334900216,68.24226976876949,52.22766818255983,63.62694726870031,1.1462354110289132,0.4661393845837952,1.1229907898960088,0.463576348508744
2025-09-06 21:00:00,10.791441908065396,56.77149420597496,66.1218487394958,27.0626672919539,808.192606682659,68.64887057484809,52.21872012190898,62.453328094563545,12.041083998081566,57.01103848538258,66.1218487394958,27.04481082257016,805.4807551004095,68.2396740880275,52.17877475286691,63.60003576713837,1.145463374818481,0.469974334932499,1.1208348945163695,0.4639752208971019
2025-09-06 21:15:00,11.081736724773558,56.841343459525504,66.1218487394958,27.036088350994323,799.8241481118134,68.6617437166356,51.936210297663294,62.40232137942432,12.179795069483905,57.019599949746976,66.1218487394958,27.041528611738514,805.2933130704201,68.2224143563289,52.13759538495413,63.554920963303935,1.1501865020409463,0.4714948106315433,1.1183467618135177,0.46424867344216714
2025-09-06 21:30:00,11.64318557119408,56.90597106343045,66.1218487394958,26.993143809258104,807.0641338010108,68.23737326602567,51.76091592014001,62.38398323415931,12.31126698733471,57.02063076608444,66.1218487394958,27.03382152567924,805.1128773092458,68.21734830737942,52.08117938994624,63.51752506080317,1.146040229696055,0.4755097069075485,1.115284679278162,0.4641911728361175
2025-09-06 21:45:00,11.554311321821205,56.9628450712164,66.1218487394958,27.01851677135232,802.5403298320902,68.11851406538904,51.64838174995772,62.26838448144064,12.429114147086638,57.01932004042441,66.1218487394958,27.024999760092488,804.841495726707,68.2372894710481,52.02635426389091,63.48556539001172,1.1375202807655855,0.4733214263481507,1.111491777496534,0.4640634329503913
2025-09-06 22:00:00,11.506961843204268,56.92150335484989,66.1218487394958,27.047749254049634,798.1323444119535,68.30956217692052,52.17608824873148,61.96894222792233,12.534571589361162,57.01797698300762,66.1218487394958,27.016768423131186,804.4724627155592,68.22750186834666,51.96634098108851,63.44491600095359,1.1281041436882864,0.4712008871788674,1.1080604211636864,0.46390813905469347
2025-09-06 22:15:00,11.439753278697106,56.86445911278242,66.1218487394958,27.005739872447432,808.9243589705904,68.53912977927989,51.7179813207412,62.20907746126849,12.623934492429047,57.018646319436954,66.1218487394958,27.007843443160517,804.0486264630398,68.20109187225002,51.91370224466927,63.39253175639315,1.110911311683105,0.4719896646703935,1.104339141882315,0.4635777235442537
2025-09-06 22:30:00,11.593578441146716,56.81690255599541,66.1218487394958,26.983854068972995,800.8888600742704,68.05713507119161,51.36633677841213,62.34378826926678,12.697969647071005,57.02102876939927,66.1218487394958,26.998439722322587,803.6359319071879,68.19308378566322,51.85625671433912,63.334552741772384,1.1068588849208534,0.4792129248215506,1.1009594531615454,0.4636011228222376
2025-09-06 22:45:00,12.162400481784378,56.88611859300864,66.1218487394958,26.944699186115106,797.2838972806375,68.09593442646906,51.03199547289623,62.30083008391529,12.739554175487239,57.030366037822056,66.1218487394958,26.98872508022222,803.1356128239254,68.16984710839755,51.81084951943941,63.42225823899354,1.095957046827671,0.4801468470459825,1.0981558761935182,0.4639873660866144
2025-09-06 23:00:00,12.896223718515476,56.97408777650879,66.1218487394958,26.909618745756923,791.5865896411799,67.68511314404479,51.050338976559416,61.70512071880715,12.756572033188123,57.0398058155229,66.1218487394958,26.980412223434055,802.7788047757264,68.14914218279958,51.78065068434016,63.52091134306459,1.087854000565332,0.480617017212437,1.0951196082561707,0.4639312310427107
2025-09-06 23:15:00,13.505397832501652,57.1202180034591,66.1218487394958,26.926748025463567,806.7249049721491,68.18279011245329,51.35060200288555,65.483746161717,12.780599374543408,57.04437064960202,66.1218487394958,26.972459663442987,802.2875245322207,68.11999870000002,51.74609731587366,63.60889054356106,1.0658650943057195,0.4756133920233257,1.0921890600175308,0.46366784651711535
2025-09-06 23:30:00,13.486544478197768,57.17955442849889,66.1218487394958,26.953341124435177,799.6459729263098,68.04146582918825,51.24321984793771,65.4013522294663,12.7994166167954,57.04541142625348,66.1218487394958,26.966585295437394,801.7750456352329,68.11316432039796,51.70457918967061,63.72148166044977,1.0594317112683584,0.4804010664268323,1.0889948047375668,0.4631259439679874
2025-09-06 23:45:00,13.40520130620191,57.219180240337806,66.1218487394958,26.944350126625224,796.3069805406694,67.83209004977039,50.98171095140725,65.18044125553976,12.816358555976194,57.04884651165651,66.1218487394958,26.959662713413213,801.5774628155402,68.08828958031161,51.65903534757613,63.820873980997604,1.061018198558025,0.4774976506062786,1.0856169408685579,0.46217472008216876
2025-09-07 00:00:00,13.61262251188746,57.32716652161122,66.1218487394958,26.95998526253041,799.8007276054185,68.40994227007782,50.76356437601454,65.09004049146853,12.825597511593001,57.04813581389447,66.1218487394958,26.953778112989525,801.2446219551508,68.05624905041131,51.61190997641672,63.918266376355554,1.0751878891154425,0.4722444946291769,1.0818444575876933,0.46144824798464457
2025-09-07 00:15:00,14.222882037630017,57.40826331282611,66.1218487394958,26.95855584723428,799.6521501089818,68.46767478558047,51.05280384285703,64.97594817990505,12.84888995820497,57.046170943339696,66.1218487394958,26.948479215039733,800.8853010566276,68.04512554098221,51.55825735354531,63.87950103566964,1.0680463915209073,0.4764299703552738,1.0779657191476424,0.46068902800023026
2025-09-07 00:30:00,14.51281959482206,57.27939441434883,66.1218487394958,26.958923967647955,800.9371420927674,67.99590031304409,50.94302644921771,65.0981059533359,12.868698401200856,57.03891858660693,66.1218487394958,26.9440746997844,800.744973285807,68.02806138133502,51.51595493470094,63.83758222562219,1.0714030749398011,0.4675893240767587,1.0733011006074216,0.4597301786840951
2025-09-07 00:45:00,14.828225569937263,57.32641927929397,66.1218487394958,26.950346709827546,801.0749027232807,67.69279428333083,51.262980408015466,64.91226105523091,12.885970022043175,57.03695916233441,66.1218487394958,26.9394031101255,801.0828596315218,68.00219129630497,51.486708620361355,63.79614982449003,1.064316555493656,0.463673513958741,1.068653715311606,0.4586565976782647
2025-09-07 01:00:00,14.714576261624345,57.2753469726632,66.1218487394958,26.89338611093547,802.9198755258449,68.33391806296609,51.142948267330496,65.03123422371888,12.916134736022325,57.0334019009323,66.1218487394958,26.932422978094323,801.3496113798893,67.9513697373745,51.451647247474014,63.75105888414081,1.0626705171142867,0.4576337310099994,1.0637023352670307,0.45768619734812
2025-09-07 01:15:00,14.331771864040144,57.20274023793396,66.1218487394958,26.87599038048453,807.1444648653862,68.58138621571968,51.30863919292233,65.07658168007552,12.953765647997592,57.027164197554114,66.1218487394958,26.924874875976897,802.1435191134666,67.92121140135485,51.4171367200891,63.70753731296577,1.0556967189800286,0.4513839447657741,1.058703508978798,0.45680855998594905
2025-09-07 01:30:00,14.025650354282302,57.13303058996229,66.1218487394958,26.86947785067999,802.0414395108636,68.32047322473397,51.58523218667003,64.89642306902786,12.994837581227607,57.01897591507264,66.1218487394958,26.91890259173292,802.7724990367967,67.9003563518112,51.39089586254179,63.66819090093044,1.0571636460044704,0.4457635753733759,1.0540119094061335,0.4557263112124887
2025-09-07 01:45:00,13.899829403212738,57.11567243487424,66.1218487394958,26.86390636690153,800.1589320979033,67.94536086334374,51.923634297517125,64.70513709178203,13.05430039520899,57.01250785264844,66.1218487394958,26.91289801793148,803.892035510832,67.89427385633206,51.37088204826767,63.62918774812472,1.0535382628049916,0.4413599244521771,1.0493572775114093,0.4546918114639905
2025-09-07 02:00:00,14.16167136931885,57.089243552192265,66.1218487394958,26.862343798777324,801.2379758914159,68.2723064887698,51.825324684426704,64.46456137009638,13.112073203605432,56.99895309572523,66.1218487394958,26.905378462969864,805.1642475220634,67.88524273459333,51.33529241474069,63.60194923475766,1.0507961859236494,0.4429242217416891,1.044946807743981,0.4534999701618521
2025-09-07 02:15:00,13.901842908718608,57.2408514775921,66.1218487394958,26.845962333715363,799.5935884783927,67.4977326461426,51.87019281298867,64.77573331315902,13.164383116503986,56.98445425975948,66.1218487394958,26.89832446736294,805.8954654274736,67.88678622107584,51.30930125777784,63.56224995582526,1.047078914930668,0.4483566819448977,1.0412652672311817,0.45220132577296634
2025-09-07 02:30:00,13.22926101068672,57.15211265147526,66.1218487394958,26.865607901230145,802.6161281545,67.7309772402473,51.92184842679765,64.82180758265515,13.214816366709595,56.97083218999914,66.1218487394958,26.893388632621914,806.8735795582095,67.8912718873137,51.284958862055255,63.527939014652375,1.0396315272955887,0.4404146816778689,1.037519474935759,0.4503695665791315
2025-09-07 02:45:00,12.750657809326643,57.08300870763438,66.1218487394958,26.87950610474591,791.4411014889106,67.33775335933699,51.73753389442569,64.65029822607988,13.25882620838927,56.95094752218593,66.1218487394958,26.88903576286721,807.5889348854499,67.8733527224272,51.26708899319121,63.49322706741472,1.029959503673742,0.4383281273997962,1.0342607835951443,0.4485449085235337
2025-09-07 03:00:00,12.15569593967817,56.99757630436761,66.1218487394958,26.944762584481687,784.9288784186718,67.49162554423954,51.66828667471448,65.27842731575534,13.288112301080245,56.9246007279188,66.1218487394958,26.88683011037825,808.5836095294516,67.87172318513439,51.25104664714243,63.48659563023177,1.024005784615205,0.4337153827567317,1.031180175547225,0.44693004649397994
2025-09-07 03:15:00,12.395345585783636,56.92678657685967,66.1218487394958,26.941059486346184,795.7398561423429,67.49663472105065,51.7141215528169,65.18182670852539,13.292674186461008,56.89105912195639,66.1218487394958,26.88413906428122,808.893678143944,67.87209685169135,51.22332601540772,63.35334045003133,1.022092556914488,0.4296591021229569,1.0288885766083136,0.44533863479089614
2025-09-07 03:30:00,12.454367513968746,56.88670344609623,66.1218487394958,26.92818068177348,795.9631474644199,67.52672849530177,51.62828627012101,65.17919632103872,13.281854798124957,56.85781284837936,66.1218487394958,26.880627540018562,808.8811318363581,67.86410094597066,51.195826161609034,63.211603143288315,1.014483933917098,0.433038783255988,1.0263816579738452,0.4435404635622332
2025-09-07 03:45:00,12.566891599768596,56.83356182013584,66.1218487394958,26.943170800664767,804.2491452798635,67.5157380701642,51.15888285765987,61.26712430006437,13.252783956317254,56.829097207139846,66.1218487394958,26.87741912111571,808.981430855145,67.88423534730644,51.185852373489325,63.0907100325841,1.0174369937075542,0.4381640763228067,1.0239003413907293,0.44168440464850656
2025-09-07 04:00:00,12.026193957766116,56.65447962103849,66.1218487394958,26.90670765902212,806.6590517950647,67.62850970223319,51.28019694545799,61.109707452885225,13.200393761543262,56.796600445351444,66.1218487394958,26.875649492915993,808.8461716152495,67.86378501586361,51.177728287466145,62.97342302040543,1.0040783711037422,0.4381067112896359,1.0209108624153937,0.43993118270822495
2025-09-07 04:15:00,11.72205846273933,56.71273908353863,66.1218487394958,26.90770282934156,819.2121540562913,67.41056039065036,51.33125378164591,61.26876480240573,13.136498447545561,56.75867272262952,66.1218487394958,26.872828154117435,808.4077328863987,67.84189526571015,51.15499182312558,62.86281176928936,1.0068138521544463,0.4339319544088856,1.0176349386951762,0.4382001554347135
2025-09-07 04:30:00,11.69638332743993,56.66477636391131,66.1218487394958,26.853263331018603,816.1951591336858,67.12422380693427,51.16687893528878,61.100599884087096,13.061247364610844,56.72588807908867,66.1218487394958,26.868146983737798,808.1172323087366,67.84053967965637,51.14537036378131,62.74954798159579,0.996921973481222,0.4408623250281562,1.0140935069628616,0.4369132394654302
2025-09-07 04:45:00,12.210664084031553,56.654212358179855,66.1218487394958,26.80964528747155,823.641380119132,67.75699363604562,50.900894476116015,61.09667424417304,12.956624491600069,56.69120687558021,66.1218487394958,26.86479226573972,808.1137818744207,67.8441754643397,51.148844806311644,62.77666697738578,1.0002217133939575,0.4451656897664153,1.0110329440591614,0.4356351728952435
2025-09-07 05:00:00,12.875343568094532,56.66032258898636,66.1218487394958,26.813975281938795,825.9335315009131,67.61172177971609,50.97369019372065,61.203590873099486,12.842215796774473,56.65357711723676,66.1218487394958,26.86188875434518,807.8398174586915,67.85664678621683,51.156097896627465,62.799573364633225,1.0052922425161266,0.4430422437037364,1.0080724062668653,0.4344852928292609
2025-09-07 05:15:00,13.338195741262664,56.76880319849041,66.1218487394958,26.83837955730917,836.1264240531494,67.93603920101472,51.04796732173397,61.09828989726902,12.711876442694056,56.617348090454236,66.1218487394958,26.86144790314852,807.2485435838553,67.83242027452647,51.152353313279974,62.819034345214206,0.9978813239238556,0.4422864338932066,1.0055866407078002,0.43342730975464555
2025-09-07 05:30:00,13.240146095097511,56.51486064715339,66.1218487394958,26.82216260520117,836.298704748897,68.03862852475908,51.10839924292227,61.151786826910616,12.56720188249048,56.58266885419434,66.1218487394958,26.861775862293182,806.8134721498136,67.81359735743564,51.13924236287669,62.84177376192572,0.995790050665436,0.4354456481147151,1.0030214221792537,0.43247606022262236
2025-09-07 05:45:00,13.00905066565373,56.42949403381037,66.1218487394958,26.794120004239694,830.8608961328963,68.5854343737548,50.93824661185571,61.01809909329638,12.431936642853866,56.55241815063695,66.1218487394958,26.862043870766698,806.3764271020681,67.8315825444074,51.12030195671729,62.875071280944276,1.0004650962991315,0.4330303330038197,1.0005966123654082,0.4316724124637202
2025-09-07 06:00:00,13.10657594731506,56.408240463185166,66.1218487394958,26.835779026742216,830.2322839963477,68.19170505832797,50.63606490673446,61.31446003408034,12.284449738063268,56.52370600379815,66.1218487394958,26.860191705105194,805.7611367546638,67.81674183366383,51.10984246665567,62.91293933341078,0.99448511605817,0.4242601490065075,0.9983319108911155,0.430802458720234
2025-09-07 06:15:00,13.482695732174536,56.28957855861188,66.1218487394958,26.814113093473942,818.7445570978488,67.55835947987363,50.49589940697493,61.25947166678545,12.144254483441241,56.4907847064233,66.1218487394958,26.85925530892154,805.2968235166447,67.81558592111324,51.097331421696715,62.939784405956885,0.9981963066092272,0.4254071053780475,0.9960325543349171,0.42985988917042534
2025-09-07 06:30:00,13.77480649924475,56.18368394849522,66.1218487394958,26.84344917108817,821.4268289612302,67.63622702526024,50.569068595096105,61.506177603318456,12.014349810408248,56.45861329574555,66.1218487394958,26.856833109976296,804.7189830631819,67.80797258299532,51.09893686135174,62.96786207536831,0.9954357591277564,0.4321711563258225,0.993881652736637,0.4289654185975274
2025-09-07 06:45:00,13.642254393924592,56.11396982458669,66.1218487394958,26.846016642552684,816.0269634069197,68.19400010916256,50.51898305084434,61.4860907557043,11.88381102690418,56.429622213778266,66.1218487394958,26.85439144529914,804.7007821226102,67.8197740185015,51.114975311361135,63.00758915531471,0.9971171261383738,0.4278710409308135,0.9921764700521163,0.42799815705061645
2025-09-07 07:00:00,13.161962828116204,56.18216622118811,66.1218487394958,26.84799539655539,799.2695836987348,67.80158865756768,50.41822423397703,61.14923302717556,11.776419932625743,56.40173989569724,66.1218487394958,26.8486881880785,805.2274328499698,67.84976708810639,51.137641769176035,63.023017038456494,0.9842241522343048,0.426455929566942,0.9904445253073416,0.42733682990688415
2025-09-07 07:15:00,12.533076051970824,56.35771100315231,66.1218487394958,26.84809755953968,799.315951104276,68.43612208984342,50.68249730781599,61.55364793441354,11.667212523585627,56.37626285306399,66.1218487394958,26.843789520923643,805.0356561538896,67.87270660330945,51.155346809701214,63.04257105462239,0.986578701064552,0.4218158831944822,0.9889109957575984,0.42673266674219934
2025-09-07 07:30:00,12.040916668667714,56.352263667959214,66.1218487394958,26.90689641653883,795.742950408555,67.79643232679315,50.51984179531891,61.57143012610807,11.583074338071611,56.352171302094455,66.1218487394958,26.83903410705185,804.9948097818476,67.8898830501171,51.17265466983623,63.057518596776596,0.985503519855372,0.4196478364207269,0.9878117713479323,0.42608959556758497
2025-09-07 07:45:00,12.306022617698968,56.2704316311685,66.1218487394958,26.873915683277644,786.4989882434551,67.81098228097656,50.370709912640194,61.65761064642314,11.504940048626032,56.328000633191856,66.1218487394958,26.83330829151942,804.4952770988916,67.90924634930045,51.21235345998833,63.209582364837,0.9697686799143836,0.4244991521499318,0.9869905139025069,0.42528696428718166
2025-09-07 08:00:00,12.25528710678062,56.29585510812297,66.1218487394958,26.818488856258767,792.2221247629053,67.95523273143102,50.65438266888952,61.70019232252877,11.446629686633848,56.31335661454872,66.1218487394958,26.827915024694057,803.9710930327975,67.92502041650776,51.241546228707605,63.36404188946758,0.9651601229703656,0.4289818449982584,0.9867010396150171,0.42453595880465317
2025-09-07 08:15:00,11.689539379613883,56.28598317404023,66.1218487394958,26.849705169885198,800.9713896938043,67.80186782383002,51.36721368392536,65.72583092893055,11.383816824921182,56.298273378793304,66.1218487394958,26.821454505019627,803.09366945376,67.94106625455667,51.26095189745835,63.51955049043909,0.9724996683826508,0.4253315168531408,0.9865174084614777,0.42391840165714356
2025-09-07 08:30:00,11.282315416856529,56.146454222359765,66.1218487394958,26.80628076909947,794.7009430539689,68.70805771928036,51.3605409768054,65.7184258411423,11.324004872173008,56.287565770297164,66.1218487394958,26.817029963286465,802.0230968742331,67.97395804521959,51.28265140782374,63.67336792938076,0.9738543833454016,0.4231373290305201,0.9867883409825121,0.42308495386801914
2025-09-07 08:45:00,10.421591241627606,56.11586943445839,66.1218487394958,26.86276484458459,789.4062486203002,67.85459086500892,51.19630169249764,65.66041109750515,11.262015069284233,56.27698600760704,66.1218487394958,26.81437949101745,800.6425292599757,67.9698210642841,51.30803901276661,63.83790282129917,0.9811237522080782,0.4196444525273144,0.9876868507859093,0.42223469179304124
2025-09-07 09:00:00,9.685413548174992,56.092653502165135,66.1218487394958,26.879316625019715,788.989296489614,67.75578571200904,51.1919036745716,65.57860557037318,11.19265071664595,56.26633180178405,66.1218487394958,26.812777721074593,799.1063365288703,67.99526206670808,51.34512247034292,63.99421813146477,0.9802070901480704,0.4172260894126798,0.9889111588278442,0.4216410322839566
2025-09-07 09:15:00,9.841872214114405,56.20815132815273,66.1218487394958,26.871946621107128,787.0475806655368,68.48491647249642,51.35542211273505,65.70406266233844,11.115334583450238,56.25085465462949,66.1218487394958,26.810804195419458,797.2185250863516,68.01748948427048,51.375796111041566,64.03377594640834,0.9807939683896232,0.4172504916851118,0.9903239568681734,0.4211478229380193
2025-09-07 09:30:00,9.737064225600824,56.22787914702823,66.1218487394958,26.806778828932195,782.7792654692852,67.82708516646287,51.51153998257796,65.60060294409175,11.02488911628301,56.242086045718,66.1218487394958,26.809258965688006,795.2571209822376,68.03235819624567,51.39438321348166,64.0676268945073,0.982855141694876,0.4168256094371026,0.9921109564092531,0.42095947017682833
2025-09-07 09:45:00,9.695985270057832,56.25321255634677,66.1218487394958,26.817870448205703,785.6641913378227,67.46305526962487,51.49486146422002,65.58108548954208,10.93568202011562,56.23703160830175,66.1218487394958,26.808308199803534,793.3554048327891,68.02151856058184,51.417373244807386,64.09712618531543,0.978098218244714,0.4200795954506391,0.9941971251729309,0.4207218959566105
2025-09-07 10:00:00,9.332120819696936,56.18697033114266,66.1218487394958,26.79294193287291,785.2809145506161,67.50257709670944,51.97001161644845,65.6641376649981,10.824060127805868,56.23419617316195,66.1218487394958,26.804063995962206,791.6431206107173,68.02670458987762,51.44300226675027,64.12386171000402,0.9751044793471872,0.4135805644909306,0.9967853832227017,0.4207925835641765
2025-09-07 10:15:00,8.834494304204645,56.21327624861587,66.1218487394958,26.80625616443122,790.8950732717598,67.69179642452258,52.21868739470745,65.84211062447177,10.701353539821337,56.23598067652582,66.1218487394958,26.800273432806236,790.5422407869448,68.04285956365791,51.47951505914701,64.16033569421765,0.9788040231381172,0.4093102809924676,0.9998043810030103,0.42086310013051154
2025-09-07 10:30:00,8.93396311132506,56.1611067619369,66.1218487394958,26.773664867862525,800.7284002394582,68.39141763238631,52.34828040916136,65.74126381000879,10.58002463217829,56.24151414815906,66.1218487394958,26.795555585419173,789.247765019542,68.05971493400058,51.51074502133081,64.19083819605427,0.9720474422719676,0.4138755684447638,1.0027926594433558,0.4209587606068955
2025-09-07 10:45:00,9.119123314580149,56.16247529786225,66.1218487394958,26.7940994717004,789.986555259935,68.18482017714229,52.24527276857256,65.76844719350235,10.457596012073877,56.246718519962194,66.1218487394958,26.792454377469028,788.139673744701,68.06110726761364,51.56171151181131,64.22294274458349,0.9760866704221928,0.4115342071824107,1.0057934510462483,0.4212101449219365
2025-09-07 11:00:00,9.930221948548258,56.16395691700986,66.1218487394958,26.785518265619604,794.7377563031657,68.04202189953166,52.1475220741713,65.62762258566478,10.335653124822192,56.251493115265994,66.1218487394958,26.78769890867506,787.6048336523452,68.07404942663501,51.60310273494201,64.26736727138092,0.9815072016271136,0.4137466480175575,1.0092051024487736,0.4213639321516011
2025-09-07 11:15:00,10.222862916401237,56.10844175305782,66.1218487394958,26.771396334691957,789.2631647911794,68.09663704566432,52.34984656222297,65.82903734187634,10.213870737333261,56.24418945295685,66.1218487394958,26.782364486165033,786.9563601585305,68.07584604536147,51.637144151995216,64.30482532126685,0.9927992703447928,0.4140851379107091,1.012641568957011,0.4220166216780516
2025-09-07 11:30:00,10.276883098000594,56.21515906174437,66.1218487394958,26.744909654261225,790.9335298122392,68.10173171845304,52.15598000703618,65.74349319180283,10.091048551035685,56.23538255837301,66.1218487394958,26.774224592702655,786.5851759252563,68.09314248716957,51.66779710823225,64.34683094008328,0.9953941424790468,0.4155765468137795,1.0163872816899049,0.42279711737013703
2025-09-07 11:45:00,9.837672611359274,56.26024201087632,66.1218487394958,26.713887239108637,792.8894466851699,67.89193553211709,51.91342384416848,65.93402283155106,9.964372373888883,56.234008690357975,66.1218487394958,26.765935557753355,786.5284400746369,68.0939656813736,51.70328500130957,64.38078764349032,1.0013049175482682,0.4154052399835982,1.020876514247217,0.4232281176529444
2025-09-07 12:00:00,9.902024744994751,56.343548109027104,66.1218487394958,26.72052707902381,784.077981747878,68.11097752682207,51.81786424625023,65.71512305233719,9.839848320966608,56.2351181504074,66.1218487394958,26.760315932025282,786.2656682022805,68.10840534790762,51.738784559236045,64.41359231468927,1.0050499491122484,0.4158588913544226,1.0259069160628098,0.4237517685253705
2025-09-07 12:15:00,10.3509699973683,56.33681947747625,66.1218487394958,26.73013111940116,782.2243516914108,67.63288420798101,51.66252262440235,66.03272100172533,9.74310198450944,56.2394428206721,66.1218487394958,26.753400195976024,785.9558701042278,68.11937845355438,51.74251933877588,64.3181407125008,1.0271770074958777,0.41965782751708,1.0311226971526752,0.4242509601656115
2025-09-07 12:30:00,10.794412988946029,56.340696414296495,66.1218487394958,26.76592218365294,779.8477495677523,68.37495185243505,52.08619392100962,65.89305017806731,9.661297293895833,56.247406081303005,66.1218487394958,26.748005907242167,786.0563870481373,68.11029243995117,51.74923478029102,64.21940366949006,1.0420214837741686,0.4252324584311951,1.0364732648594575,0.42490049879786207
2025-09-07 12:45:00,11.018711745391276,56.30448878385377,66.1218487394958,26.77917378765513,779.4920807775893,68.60286172788729,51.968176542693584,62.28502434557634,9.600265699989631,56.25453831480745,66.1218487394958,26.737825522388917,786.2633099978727,68.11544040488265,51.75699032259486,64.13092037628982,1.0402652651337316,0.4274901535150879,1.041370930385711,0.4256399571961461
2025-09-07 13:00:00,10.526782080080718,56.25180237980855,66.1218487394958,26.775805713257625,777.4565816254692,68.48468988401441,51.66601231612498,62.16731526987909,9.563341836768707,56.26624526772132,66.1218487394958,26.72646930303782,786.4927881199409,68.13069005439812,51.75704164012471,64.04229730538302,1.049400036897829,0.4297950652789876,1.0465347853765645,0.42686136682327924
2025-09-07 13:15:00,10.332837780632,56.277860911322655,66.1218487394958,26.765597027705454,773.8094116494445,68.26024530384,51.62794755162741,61.90307781754063,9.540735178999432,56.27539926683374,66.1218487394958,26.71702493815142,786.8356503119007,68.114508786852,51.742750575593824,63.95148931922735,1.0630501592094657,0.425903106397285,1.0516600203057147,0.427999462035084
2025-09-07 13:30:00,9.757919178022544,56.32317740899117,66.1218487394958,26.708452911502366,778.8637573341941,68.34728593720116,51.40493556502107,62.11652577473812,9.540137659350746,56.279700622593914,66.1218487394958,26.71045146120109,787.1783495929391,68.12946828686576,51.74819662931905,63.987534494521235,1.0721328575512956,0.4263807772334865,1.0568294290211588,0.42926222504358935
2025-09-07 13:45:00,9.801498092638626,56.34311365952829,66.1218487394958,26.700396198795,785.7181623846753,68.04300869328243,51.59128317887726,62.35369119319412,9.562187097950817,56.28766381651141,66.1218487394958,26.702583952841415,787.2530150678267,68.15452957739,51.740868121315295,64.02828276114026,1.088766240018487,0.4275226023680976,1.0622980787784164,0.43026851798376586
2025-09-07 14:00:00,10.13493926995332,56.34968809749261,66.1218487394958,26.70191374947624,782.5925559391474,68.14188813554036,51.50596746061022,62.42125265841721,9.599546537778902,56.297186695717144,66.1218487394958,26.69612509663592,787.301914559272,68.18579059325631,51.70773675552745,64.06529817755671,1.0850841123381187,0.4350409706173432,1.0678904238911922,0.43149531646454187
2025-09-07 14:15:00,9.969395790792206,56.27010097868049,66.1218487394958,26.752980404048348,782.7842251616867,68.23577011755428,52.04797776525911,62.449227211580826,9.66413047192414,56.31044823427145,66.1218487394958,26.688559560232424,787.0374906802429,68.20256203693633,51.66421525774497,64.08763620245192,1.0871408742251458,0.4354125703820427,1.0729947133760334,0.432866941438027
2025-09-07 14:30:00,9.503676210565668,56.325404080302086,66.1218487394958,26.705331332736336,783.224380928062,68.189853428209,51.659960927898005,62.48196883109858,9.727604769065607,56.32664544791344,66.1218487394958,26.680619734354305,786.4422590047159,68.19356683537711,51.623406942520624,64.11876720841201,1.0865736943100657,0.4310695464568808,1.0782535974689604,0.4339229780682647
2025-09-07 14:45:00,8.879604427302896,56.13860113387812,66.1218487394958,26.688064884238887,779.8617462898352,68.49002065163701,51.70373981941219,62.677389430991056,9.797301668283216,56.3453541454404,66.1218487394958,26.670317132703037,786.2706816980844,68.19248657556668,51.577960761838675,64.13680018766159,1.089672696311672,0.4413965689879972,1.0835137163781625,0.4349648141748841
2025-09-07 15:00:00,8.356251079740343,56.08805683044398,66.1218487394958,26.662699612667545,784.6074234103293,68.31532558103613,51.43943048243014,62.83159869060123,9.860051073842577,56.359126888673444,66.1218487394958,26.66054101158399,786.0216880611154,68.2007150783887,51.53070157153107,64.15269327835459,1.097874901842191,0.4430627071832906,1.0890876807956704,0.43607441209533365
2025-09-07 15:15:00,8.505737303295,56.2292155907172,66.1218487394958,26.62524463479848,784.7969127248715,67.83567810709742,51.4353467049593,62.67631174863425,9.918672953035886,56.37422217248322,66.1218487394958,26.652110752113384,786.0720047311748,68.22149964817804,51.48296236887281,64.16921543000532,1.1044456566337444,0.4374291606341507,1.0943324916959345,0.43703392964605453
2025-09-07 15:30:00,8.51956551911233,56.32913890960614,66.1218487394958,26.649900084416675,784.3389685922126,68.38842272745158,51.71936940668416,62.684332458497096,9.979974884462733,56.3859828900756,66.1218487394958,26.643419824031113,785.8432672040104,68.23045913891048,51.438588391196085,64.17492972094693,1.1160721774381546,0.4446913711710414,1.0996881929011113,0.43832795781560907
2025-09-07 15:45:00,8.787149285898877,56.41572328198106,66.1218487394958,26.642233088407355,791.677446752224,68.13106099323274,51.47925707012049,62.8622828632772,10.04955318970684,56.39757773062055,66.1218487394958,26.636051671667204,785.4036136955323,68.23568671407858,51.40450415186136,64.17629357187703,1.1289731010786073,0.4403072660603701,1.1042915834606082,0.43983466262546295
2025-09-07 16:00:00,8.828174698448297,56.385352041286886,66.1218487394958,26.644452107084,797.7164513712553,68.43547731118431,51.56200422225966,62.75631455081979,10.108126374013496,56.40397431059759,66.1218487394958,26.627155302451293,785.4942652495039,68.23053941012749,51.37423400050804,64.19896869232961,1.1343714145488697,0.4426234879980403,1.108960193952926,0.4414337464171616
2025-09-07 16:15:00,8.59064342444158,56.329836439591816,66.1218487394958,26.557353298986875,795.6139371123631,68.00902981295333,51.42896796161273,63.0059123014976,10.162257327203498,56.41158573553437,66.1218487394958,26.61561857182118,785.7856673221112,68.26003609658656,51.352388129327984,64.21723346290543,1.1280537179956918,0.4418282044758344,1.1123708448902365,0.44312727303256005
2025-09-07 16:30:00,8.577697651547298,56.443862089581245,66.1218487394958,26.538630044486865,795.873640151658,68.21327519747292,51.19344320046707,62.91991344316899,10.219748864662494,56.417197542004004,66.1218487394958,26.601078158340286,786.0014599103507,68.25361333907546,51.30299270445805,64.23685121318842,1.135122739873675,0.4538683782266733,1.115634318454083,0.4445489270123271
2025-09-07 16:45:00,9.1636724810361,56.48277130152523,66.1218487394958,26.58861567451514,797.3334464243304,67.99947844611295,50.926690176808506,62.97982307766888,10.25675206358301,56.42775753741514,66.1218487394958,26.583874101307256,786.4297836683179,68.22940214533365,51.261610536884554,64.37572439152672,1.1345510162641277,0.4513933480392554,1.1186156954256223,0.4460085733718502
2025-09-07 17:00:00,9.719138636140295,56.35691981983352,66.1218487394958,26.60957452042221,793.0602439004379,68.27587016687558,51.67492159433459,66.68195820290799,10.301023232390545,56.4388792368003,66.1218487394958,26.56746064132666,786.6282446202582,68.21790924015451,51.235014411379986,64.52322428133107,1.1379374031581966,0.45470849969226,1.1212759377032775,0.44734785764035223
2025-09-07 17:15:00,10.357468428059882,56.492108373871645,66.1218487394958,26.581845197415596,787.9041555844516,68.21489398535218,51.27500622410732,66.80353348811312,10.336344141031459,56.44650658828602,66.1218487394958,26.550932559717516,787.3078647052275,68.20195101056196,51.20532567443381,64.67590420349902,1.1421577109624428,0.450268383655935,1.1233634365592535,0.4488715260227426
2025-09-07 17:30:00,10.45290401453952,56.47265670731443,66.1218487394958,26.59917624670801,786.7478992939709,68.44040757269887,50.97607064281327,66.77460015749134,10.377203166548675,56.4519109026677,66.1218487394958,26.537806543960098,787.5857379638634,68.20252402429044,51.193550718760235,64.8190043297744,1.1428748327304563,0.4503845189142141,1.1248690034312274,0.450376634504309
2025-09-07 17:45:00,10.772012328561727,56.61112240524495,66.1218487394958,26.57929007232631,782.9623569008891,68.19493973492325,50.91304246123301,66.51225137132802,10.427590920232921,56.45356454405699,66.1218487394958,26.525177978604958,787.7523777270125,68.20914461148679,51.17823129627949,64.95887161385734,1.1319327076833567,0.4504590301970191,1.1260669340129341,0.45181165618789093
2025-09-07 18:00:00,10.83819202556908,56.64702317119689,66.1218487394958,26.535470091518924,782.8714499736484,68.12156158560988,51.124030952430914,66.67519398881166,10.485614681203625,56.45795943261892,66.1218487394958,26.510425427380753,787.7677689070647,68.20810317783715,51.14906364877627,64.98399582538961,1.1298139650597774,0.4455566673518944,1.1276467734336466,0.4529851023763693
2025-09-07 18:15:00,11.210030291108472,56.723736223671175,66.1218487394958,26.485021422162404,784.8392360609902,68.15241238282903,50.88188734811406,66.30943657099013,10.550386193608517,56.46861522336555,66.1218487394958,26.49374171113094,787.5474349745372,68.18716773873366,51.10534207055869,65.00647291877932,1.1338902376982534,0.4427892903809934,1.1294115134033922,0.4539886187385324
2025-09-07 18:30:00,11.812704115329046,56.57713921400121,66.1218487394958,26.49223463204825,787.267947194094,68.28887698419241,50.72974636494314,66.10441530645457,10.613792507113175,56.48189015961899,66.1218487394958,26.478836339549037,787.3150698511362,68.1852254456712,51.08267093103204,65.0296445239032,1.1487261341523534,0.4470345856310458,1.1310213781110696,0.45534595801567906
2025-09-07 18:45:00,11.981519292200502,56.56130026735107,66.1218487394958,26.518488550573597,790.7726648929624,68.7201741393444,50.91767048247516,66.32470189139808,10.694394325985526,56.49729496288515,66.1218487394958,26.463325296007543,787.2313575751324,68.16655590933695,51.04080527966695,65.0346233118362,1.150143597352716,0.4428706644323329,1.1321264730455591,0.4563811642712168
2025-09-07 19:00:00,12.11594104080601,56.56798058951573,66.1218487394958,26.48418181179326,784.071403997309,68.3705164404259,50.82476067673465,65.91492192005113,10.798194929217097,56.51747663661201,66.1218487394958,26.44917168792695,786.9355780053951,68.13250450323473,51.00214786163894,65.02651643805756,1.156065178634347,0.4543973919004167,1.1329104231010552,0.457224171803011
2025-09-07 19:15:00,11.925021768682528,56.60808722722456,66.1218487394958,26.49284266819133,779.6998414308234,68.04876278716048,50.89089666412656,65.9749383594538,10.917646551941004,56.53255104855288,66.1218487394958,26.43823171307789,786.5111404578308,68.12035141132823,50.96253089482248,65.03030378864179,1.139406634333176,0.4606063842792147,1.133169689726562,0.45806089936010136
2025-09-07 19:30:00,11.659220274194425,56.53544550833831,66.1218487394958,26.453636002546524,786.7975283670295,67.95655840828927,50.90975970565055,66.39537666591512,11.065902065773772,56.54624168816313,66.1218487394958,26.425004983373334,786.111303388127,68.11089018875447,50.90099119814017,65.03586466820246,1.1451082638817938,0.463831405105381,1.13284020383377,0.4586887555730499
2025-09-07 19:45:00,11.974898593068364,56.565162225579975,66.1218487394958,26.38402920049761,790.9664138696312,68.51778480175291,51.00714648900079,66.58066411899931,11.234563055813053,56.561451618327574,66.1218487394958,26.41113054797573,785.4650146699631,68.1106425411368,50.84997831658361,65.0333107096278,1.1294965356151887,0.4704636259790349,1.1320819409105034,0.4593246844429171
2025-09-07 20:00:00,12.51915911271586,56.50905060838535,66.1218487394958,26.32970977922619,786.3215272149343,68.1822691271023,50.60433117491171,66.48158268655708,11.40430326056725,56.57460480212562,66.1218487394958,26.396655380721654,784.470679459302,68.08696815429794,50.79745965893494,65.02971491934998,1.1399256906895543,0.4678820778242068,1.1311235846125551,0.4598114517126529
2025-09-07 20:15:00,12.128807713006822,56.62128864618786,66.1218487394958,26.26305207666436,792.341793516606,67.87652591563318,50.72671151548866,66.45121969572551,11.576040980370326,56.5875493118988,66.1218487394958,26.385520057978987,783.8408970622407,68.08121871581635,50.74489539584216,65.00679898122294,1.1297065742799142,0.4712795443007801,1.1302345216498502,0.4603347643621046
2025-09-07 20:30:00,11.85491714430672,56.58545336136323,66.1218487394958,26.283401913839786,783.4104101836818,68.13990272864012,50.8681285509878,66.5923119640097,11.750610882109935,56.598546794238906,66.1218487394958,26.373263357550304,783.0931255878087,68.07320942623963,50.6999085668681,64.98681512968668,1.129207305227481,0.4699735933340488,1.1291291375387724,0.46060442430783954
2025-09-07 20:45:00,11.392465039859474,56.50668145589432,66.1218487394958,26.269754579431083,794.1980141985202,67.78149841606323,50.73728544324214,66.48347548257891,11.915245061439956,56.610230342345446,66.1218487394958,26.357333274261862,782.3203519964525,68.05892112899006,50.655123717184914,64.95051192245134,1.1256751248887509,0.4716131578689971,1.1282307680197818,0.46104478002766386
2025-09-07 21:00:00,10.983689943539009,56.48530684044172,66.1218487394958,26.314672438779816,787.199955093272,68.36447634905608,51.05168689481396,66.40952956299957,12.083580630870483,56.62672509306173,66.1218487394958,26.341134070816587,781.6419939364524,68.04244060410886,50.57904649402958,64.79403392266234,1.1172998637105112,0.4715340316804767,1.1269400593031134,0.4613695356566229
2025-09-07 21:15:00,11.313130703165958,56.39272290120672,66.1218487394958,26.32153923814065,790.7173552791446,68.24162630917253,51.13170050445486,66.5497097156825,12.241714884009047,56.63815418888965,66.1218487394958,26.325797045442854,780.9918735695114,68.01224064324903,50.50559477853766,64.63513904225408,1.1247041574696928,0.4705732528755557,1.1247472748158396,0.4618704826761166
2025-09-07 21:30:00,11.875652099074465,56.48153475435049,66.1218487394958,26.25933721275018,783.0542913407147,68.11064512605111,50.63093803551353,63.17497900438513,12.381821283452247,56.651307413856834,66.1218487394958,26.30986778168938,780.4584818575851,67.9835097029153,50.455651945908315,64.47228089626846,1.132479294959496,0.4702443562716956,1.1224526288676628,0.46229799614971184
2025-09-07 21:45:00,11.912541162938982,56.58977470107968,66.1218487394958,26.252468916553998,776.1742071858641,67.60770694444989,50.73633041873181,63.123540013272304,12.498508172709338,56.66081989148965,66.1218487394958,26.29486176001965,780.062032471391,67.95733091164504,50.415585867250506,64.3207175061285,1.1400830733175011,0.4655180612469346,1.1207196815667106,0.46266946659314445
2025-09-07 22:00:00,11.405865615705409,56.72365216790521,66.1218487394958,26.25817018527918,776.2534272260292,68.1315846363349,50.979826742098766,63.17711698481516,12.605509921339909,56.66719091148425,66.1218487394958,26.28101869985751,779.693011231114,67.94900941755803,50.38165759526124,64.16173614286764,1.1348696355404009,0.4717897247712819,1.118890375167941,0.46307252995764553
2025-09-07 22:15:00,11.297658993473393,56.60074523186285,66.1218487394958,26.222733577994056,777.3503780097226,67.92993456160937,50.447770278458925,62.82675306898077,12.705440209438724,56.66958774637859,66.1218487394958,26.268765512448947,779.0667431974787,67.9356239668377,50.361739165651,64.00674544573694,1.1228255443463526,0.4724527566541278,1.1167498466535217,0.4634666114468549
2025-09-07 22:30:00,11.470269176687513,56.69350704224965,66.1218487394958,26.238091370249855,775.7340363182102,67.29378339796959,50.27970794159018,62.58839247724176,12.79049067040545,56.67378691600156,66.1218487394958,26.255959712657152,778.199179693309,67.90659074923838,50.36409272756902,63.976171209325784,1.1213934035070705,0.468352933137116,1.113571390576382,0.4636805485410375
2025-09-07 22:45:00,12.08928598501218,56.68144794894362,66.1218487394958,26.297045389326644,772.063786297943,67.47108534990231,50.24683770046524,62.78993226616145,12.863000662031629,56.67954248100013,66.1218487394958,26.24286246427811,777.1195683574807,67.8721063429525,50.36758419845684,63.94091738706836,1.1122236553989504,0.4625309873468623,1.1104195486365411,0.46384074214410254
2025-09-07 23:00:00,12.967230934095372,56.739858097913405,66.1218487394958,26.25309819328001,772.3438565010986,68.10458605023894,49.87317850621494,62.85115884531718,12.91292379809272,56.68802285129001,66.1218487394958,26.232521568989615,775.9918139248788,67.84857931030312,50.36892655213881,63.92031166165639,1.106187600654393,0.4635270575594971,1.1069842944155235,0.4635460943588073
2025-09-07 23:15:00,13.846978987077266,56.87202118691432,66.1218487394958,26.226000026479237,772.288785207307,68.12363156470296,49.94887062342365,62.78566410603734,12.946663958064944,56.699038976661356,66.1218487394958,26.22310174660024,775.375089839561,67.84607393946584,50.366885304071054,63.89631832499286,1.1062252133806123,0.4593851321563861,1.1037032684992025,0.46308043786235814
2025-09-07 23:30:00,13.920380841074282,56.77994755522843,66.1218487394958,26.21019708946164,767.8863950514232,67.7252457060182,49.98644449279977,62.64844084248526,12.980407634903887,56.713840759720675,66.1218487394958,26.215035734410602,774.6366104221312,67.84380679120179,50.353745140266035,63.86378999448557,1.1056207256104182,0.4572265060901144,1.100367787255571,0.4624577701603566
2025-09-07 23:45:00,13.742775018533822,56.71817173278719,66.1218487394958,26.22329361670698,776.7204652005277,67.83654665850595,49.85204006882916,62.31843415768661,13.006402886696103,56.72912493295987,66.1218487394958,26.209944798883146,773.9050092980453,67.82478953172884,50.34312668701637,63.83005822786901,1.1013818291145403,0.4575275839593858,1.0977661136644918,0.4616362575486888
2025-09-08 00:00:00,13.814794703735652,56.77378655978431,66.1218487394958,26.17092903162632,773.4404959186916,67.97299651017103,49.843838331245344,62.32039789708089,13.016535065329377,56.74312454863931,66.1218487394958,26.20800110763887,773.2604879116195,67.81688508827,50.34031913337542,63.79135222245356,1.1019612165413502,0.4619581765987212,1.0946204416131564,0.46089008443435975
2025-09-08 00:15:00,14.102697860936658,56.833277744721705,66.1218487394958,26.110713175861807,774.1502386836479,67.570829528626,49.58314468631286,61.89072686060902,13.042865078797073,56.7515110321675,66.1218487394958,26.20826288349777,772.772425097145,67.82537460229649,50.346695912952,63.75724210527982,1.1075999306944035,0.4646040196339847,1.0914471557427974,0.46020830721562367
2025-09-08 00:30:00,14.76920571905606,56.85176234132183,66.1218487394958,26.12359841706409,772.7095021004326,67.7814544204393,49.39260489967463,61.98761820923772,13.065953178106195,56.76014139737957,66.1218487394958,26.210207234668093,772.6452842525586,67.80394067678428,50.33272992163329,63.71662951438245,1.0992161416581483,0.4644511685610351,1.0885105974130913,0.45956131136111333
2025-09-08 00:45:00,15.101496022216873,56.83498124870937,66.1218487394958,26.1217344362035,768.4005445762232,67.30889515955758,49.07145475934983,62.03668707586554,13.099159990027292,56.77146556547197,66.1218487394958,26.213258005957776,772.1739640311432,67.79207306303933,50.333093255065165,63.6743786992993,1.076374176344232,0.4652967942407433,1.0855886058746145,0.45910171867402805
2025-09-08 01:00:00,14.65609599783552,56.86725345633005,66.1218487394958,26.121298334103862,770.7461479361805,67.57847936268669,49.47778566393265,61.88885577792224,13.14236982812359,56.7850500060918,66.1218487394958,26.216378981983684,772.0608504597984,67.77108184257334,50.32582050792514,63.62696664191835,1.0740354542851542,0.4632099231220714,1.0831619530077774,0.4586360122594388
2025-09-08 01:15:00,14.272619006274432,56.89649673422949,66.1218487394958,26.129109422234333,771.0688753150671,67.4095759968156,49.711060101498965,61.965349667129885,13.188127555430562,56.803143363839105,66.1218487394958,26.218011111784232,771.8318708951439,67.76822407402597,50.322102500987604,63.582831432317676,1.0799442886547863,0.4616031434999966,1.0802478745002437,0.4577990860641201
2025-09-08 01:30:00,14.04824448448618,56.838153771034726,66.1218487394958,26.120178286654717,771.8008127653395,67.87191676299987,50.10618279275291,61.90575309098541,13.238127866466039,56.818840953999434,66.1218487394958,26.221555833538147,771.7828568665328,67.75269706549322,50.34776634730418,63.656634492625024,1.074934773096692,0.4576485682869289,1.07693480909155,0.45682723301634626
2025-09-08 01:45:00,14.20793893407294,56.79564127050117,66.1218487394958,26.11742579990556,766.0511950519312,67.75084886121886,50.28433445980704,61.65971565706934,13.294859310409999,56.83361898077523,66.1218487394958,26.226051290770343,771.9329675941118,67.74985044330886,50.37044475576575,63.7316051256587,1.0696743822656756,0.454611735057274,1.0736777436659193,0.45582370117048615
2025-09-08 02:00:00,14.364217944330813,56.70311430269063,66.1218487394958,26.10806063829447,761.2410420690023,67.41788045621259,50.80035322248362,65.18718821411987,13.367911697503502,56.84407617453064,66.1218487394958,26.23249814645,772.05103026914,67.73280926881395,50.385388099214246,63.80528164145065,1.0533724518381546,0.4534526984565223,1.07026392568997,0.4544861255978844
2025-09-08 02:15:00,14.156819040985948,56.73396721730811,66.1218487394958,26.12557109920237,758.3843248181133,67.68564195076864,51.022414609109845,65.26708722367546,13.429811638269031,56.85723010033316,66.1218487394958,26.241346240468033,771.9745782360392,67.70752545449,50.407998379593025,63.89324729495329,1.0555883391574865,0.4476764725242848,1.0669795022086193,0.45286880616687764
2025-09-08 02:30:00,13.613635122638684,56.82239169821188,66.1218487394958,26.173954953138157,750.2387710192506,67.66470546094412,50.86503128719367,65.29675015769197,13.4869710378749,56.86496508542113,66.1218487394958,26.250915427016665,771.7626546663281,67.70554100358164,50.43284683970263,63.994105416086434,1.053007552003831,0.4455579583415587,1.0642653813842413,0.451430473174031
2025-09-08 02:45:00,12.937226567849253,56.938570988365264,66.1218487394958,26.21024799651017,761.1981188712936,67.97360166204193,50.82965922209388,65.25513825954785,13.534833453242287,56.873844121462284,66.1218487394958,26.258464178775053,771.7624554996389,67.70611871154101,50.45097868064413,64.08762331838996,1.0409758568435437,0.4466366893857395,1.0617627883774796,0.4505356137074055
2025-09-08 03:00:00,12.671530579362692,56.97949900011772,66.1218487394958,26.21165563685741,764.6431458441316,67.88854396036791,50.51555479149991,65.41952675069619,13.570377479049586,56.87697423243154,66.1218487394958,26.266258966654643,771.8412550100486,67.67662796001373,50.47124078234112,64.06139330138897,1.0450438265728483,0.4451513740453374,1.0590615319490557,0.44964212941307047
2025-09-08 03:15:00,12.754756146834866,57.02368742275573,66.1218487394958,26.231301134674013,769.0183801470557,67.94726701756426,50.68859289151088,65.56871112050273,13.567144231138867,56.8781284819582,66.1218487394958,26.27418606761806,771.9671803537562,67.63994790905252,50.494915164568866,64.04003021151253,1.0514463278828143,0.4458182476289995,1.0565717679587558,0.44885227518308973
2025-09-08 03:30:00,12.823124471714085,56.92903907876856,66.1218487394958,26.271399041897915,766.9858856221634,67.94513582333741,50.5201045656832,65.32040252409351,13.542734929858074,56.8851103209138,66.1218487394958,26.281912401076394,772.428094340999,67.62005494910471,50.51599266695339,64.01192632944063,1.0455555291494925,0.4454968843943352,1.053686170850052,0.4479896404250575
2025-09-08 03:45:00,12.918708117037664,56.87288315203351,66.1218487394958,26.27090535243131,777.6999090823688,68.13121133642811,50.91801490278599,65.42791618051334,13.501325058746353,56.89591698216502,66.1218487394958,26.28791078285904,772.5373068585533,67.61146754273923,50.54409035405788,63.99596647590028,1.0345079981691316,0.450826227738697,1.0505062135954328,0.4468992468743221
2025-09-08 04:00:00,12.54756012358042,56.84436431772542,66.1218487394958,26.34173244894949,779.5961848460851,67.49688496327333,50.44914881142672,65.37393423708838,13.439558639812722,56.90824771339464,66.1218487394958,26.298211371803696,772.887240004252,67.59856356980453,50.571951412565035,63.98367172874249,1.0411105553363065,0.4505637176987386,1.0471303690684763,0.44562901187039294
2025-09-08 04:15:00,12.388669397492407,56.84640649866645,66.1218487394958,26.36127771812159,780.0584075560641,67.42547000371458,50.748185446198335,65.21595103008478,13.362859236757263,56.92160304171755,66.1218487394958,26.312981917106704,773.1608145201754,67.5754322335829,50.60956583542244,63.989309555965846,1.0380153787344426,0.4578253772564373,1.0440811911352974,0.4442217693921436
2025-09-08 04:30:00,12.27998508642792,56.8928400590366,66.1218487394958,26.408301719557063,783.8065479529237,67.73473973507677,50.833504480612994,64.98716784157115,13.270018097625782,56.93560093817395,66.1218487394958,26.325336603283304,773.746479369972,67.5658743350679,50.65365867994304,63.996048591052514,1.0445002777053944,0.4575628392428005,1.0411586365886418,0.4427303471553895
2025-09-08 04:45:00,12.685862522375125,56.935523633625735,66.1218487394958,26.370503132157072,783.8479683395109,68.15589325275131,51.020160296328896,65.22565342766208,13.156636921100697,56.95228639112252,66.1218487394958,26.338962114283103,774.518761131588,67.56441132941775,50.705265919446646,64.00120098877015,1.0372818022436874,0.4454654670159968,1.0387238790389444,0.4411961781170834
2025-09-08 05:00:00,13.375661430138718,56.95246245916029,66.1218487394958,26.36567886536748,781.583870482382,67.64483487006869,51.40085342501082,65.38907081360566,13.02455431649742,56.96472840790919,66.1218487394958,26.3530605570808,775.0157703017788,67.5513572801624,50.74159812168125,64.01909472979665,1.03308733269868,0.4410887648384786,1.0366624890120988,0.43971044921054553
2025-09-08 05:15:00,13.614484481257776,57.03311550435384,66.1218487394958,26.387332633519943,780.6775290132362,67.5223082789191,51.41668267257895,65.37265900428255,12.876985655992149,56.97432257356876,66.1218487394958,26.366244634658937,775.4489479217533,67.54024862342187,50.773500553249775,64.03069363883249,1.0423711105485864,0.4354121058711333,1.034258310810127,0.43798891758025743
2025-09-08 05:30:00,13.5974372285105,57.03736798056749,66.1218487394958,26.451575855668928,779.7953074768748,67.62034940148754,51.42812704555361,65.38741245857346,12.726145057218199,56.98967131754694,66.1218487394958,26.380395591330508,775.770335229046,67.52116814547004,50.78597190378509,64.03877504140492,1.0324550962619152,0.4316624575932295,1.0317960445076786,0.43649287870703835
2025-09-08 05:45:00,13.154657216439336,56.99536300593842,66.1218487394958,26.488176398535128,775.0568170166989,67.17142013189076,51.126078689822464,65.46572267406016,12.564084181909266,57.00759948488681,66.1218487394958,26.395575579817336,776.1869418451081,67.5222585052794,50.788226051447154,64.0547089452782,1.0242928399058353,0.4239331737239226,1.029187244771604,0.43506581523237586
2025-09-08 06:00:00,13.185051164863593,56.92555659488889,66.1218487394958,26.52516696670872,769.3763292268725,67.23424987071903,51.02516174487791,65.61413611123615,12.39983978722131,57.03233230761245,66.1218487394958,26.412520812996377,776.8835579142661,67.53873329004364,50.770435783995886,63.95951585681355,1.039969778775732,0.4252029433517186,1.0276109596176661,0.43370372834120696
2025-09-08 06:15:00,13.52515844603374,56.94781903017788,66.1218487394958,26.52350794207838,772.0578112972711,67.48841658868305,50.790792928710594,65.59546933526683,12.249466904437446,57.05904413935897,66.1218487394958,26.42918205245335,777.6296827087607,67.54137857111925,50.73930730183629,63.87000613151749,1.0371458651961,0.4356852033480968,1.026307706465255,0.4323942873835556
2025-09-08 06:30:00,14.03355170831431,56.83376142699132,66.1218487394958,26.48694182966761,774.7078418133889,67.219863504421,50.48104155712434,62.064258335287846,12.108254407482454,57.08046684198523,66.1218487394958,26.44505211382027,778.5982444520331,67.56120680028963,50.70512397136007,63.77176898203802,1.0251499078016757,0.4367225287294458,1.0249717797406903,0.43115042713708995
2025-09-08 06:45:00,13.749981549755809,56.90664867271393,66.1218487394958,26.46381305538179,776.0665455185372,67.02323003586663,50.6591020902562,62.14477140974388,11.979654034081744,57.09787019958871,66.1218487394958,26.45908907005861,779.0825599145568,67.5468574832522,50.68080951219196,63.67423743054539,1.0315322936716227,0.4356895052569631,1.0240387131121824,0.4299688685178676
2025-09-08 07:00:00,13.18810180265039,56.98940272389668,66.1218487394958,26.441987093211605,781.7138146687006,67.1284569075837,50.618769564335295,61.80532438032852,11.860782272988235,57.11595596730817,66.1218487394958,26.47513393876981,779.6917989713131,67.54001385068268,50.67307276778161,63.582352437750274,1.0190528123492957,0.4313474633491484,1.0229025780939702,0.4288454853119877
2025-09-08 07:15:00,12.50047888518225,57.04237157032349,66.1218487394958,26.40324507018639,779.9968407271577,67.57892446754158,50.69497068196396,61.83963855147592,11.754257351137229,57.13013428767368,66.1218487394958,26.49080248094806,780.3824739736423,67.54423468041415,50.65350139664342,63.48527107474083,1.0059831114759663,0.4248157774373229,1.021762779222488,0.42772429766417946
2025-09-08 07:30:00,11.961802135726629,57.143708496673,66.1218487394958,26.479946699965986,783.938490289654,67.58587732212986,50.67967008646021,61.95155548234725,11.669236294213588,57.1486763837761,66.1218487394958,26.505157705900363,780.9830571033292,67.53977156923943,50.648908077566816,63.52360663339782,1.000685880732654,0.4238511264808468,1.021062987081015,0.4265132280197707
2025-09-08 07:45:00,11.801715769273004,57.23393759440922,66.1218487394958,26.553829534952143,782.3574741613515,66.87688944197718,50.711577372034725,62.059861677309655,11.594657239920469,57.17142609452019,66.1218487394958,26.517395948931767,781.1167307647098,67.52984398926954,50.64118380597795,63.55370690386333,1.0161245926990394,0.4223867452865044,1.0213167987573033,0.42509224126387685
2025-09-08 08:00:00,11.98397154511161,57.27169923501362,66.1218487394958,26.494239002362065,790.2794475943267,67.49471746498926,50.71539023529265,62.18978926183769,11.530169357786976,57.19971893028484,66.1218487394958,26.52685669517058,781.2846497145181,67.53349784666304,50.64788384127448,63.59328339379658,1.0115395052584777,0.4197085014584107,1.0212549882482913,0.42390441106358734
2025-09-08 08:15:00,11.700060726464304,57.33554483716658,66.1218487394958,26.5304997661974,791.5689974247044,67.2650049900532,50.61967194445819,62.19125900739502,11.468315076794946,57.22561219116612,66.1218487394958,26.535630935463896,781.3527907623836,67.54459027526127,50.651246142417435,63.630324291202854,1.003331449853309,0.4192717230915626,1.0213302826353268,0.42249811878058846
2025-09-08 08:30:00,10.693617859737236,57.24051395993012,66.1218487394958,26.544251618034693,785.656423041907,67.18685788502641,50.567751730970805,62.42566800871708,11.412015708781,57.25181410225504,66.1218487394958,26.544083622873803,781.3478608205498,67.54520802854991,50.66547020693856,63.6735386524236,1.0121937534797831,0.4186380559259333,1.0213943118606064,0.42118654393803046
2025-09-08 08:45:00,9.84555919111626,57.18432170401664,66.1218487394958,26.5246317495785,784.0642039143002,67.07631629459969,50.66813304855478,62.31331693820503,11.349638236188424,57.27493257448706,66.1218487394958,26.55415505182183,781.3348867331164,67.5390826972907,50.6656651250541,63.7048206227344,1.0078189425956403,0.4099571945913551,1.0221647506316294,0.4203808468513603
2025-09-08 09:00:00,9.523026521267695,57.298616090380186,66.1218487394958,26.54470698680193,781.4424319841207,67.2995024244445,50.48032330881209,62.14819516815811,11.27694372497616,57.29917769140665,66.1218487394958,26.56557277643468,781.2113084513434,67.55873280300372,50.65114901505313,63.73589327818591,1.0010667840232377,0.4127674020903571,1.0232172522434648,0.41977655303856065
2025-09-08 09:15:00,9.346112674804909,57.33348629069712,66.1218487394958,26.57282545451043,778.5493935337962,67.78355965549974,50.35195888966896,62.13773277326752,11.189789224200261,57.318921561338676,66.1218487394958,26.576799912923168,781.2862570160316,67.55133325530788,50.633856613332426,63.768742808702505,0.9914103901834378,0.4117998308173979,1.0245198493786924,0.41927338382410073
2025-09-08 09:30:00,9.436886103692204,57.445098984459705,66.1218487394958,26.616417633665577,782.1395241437426,67.91212399913985,50.26664519894568,62.33139556018078,11.093469010141895,57.33872263697902,66.1218487394958,26.589025646828816,781.588328701119,67.56436062365029,50.61035197446476,63.79848226444763,1.0060838972200143,0.4125900917214546,1.0265931131867954,0.4190348836580035
2025-09-08 09:45:00,9.645632557470048,57.535322169703655,66.1218487394958,26.625408282911504,780.7680686529518,67.765000383037,50.08856014432188,62.58179546479362,10.992824498819886,57.36093270528407,66.1218487394958,26.601836315578833,782.1500770491416,67.60121602358544,50.602392575621,63.83563362618544,1.0164907445851576,0.408393243794745,1.029079149860554,0.4191932560495796
2025-09-08 10:00:00,9.37726021398882,57.46507277699988,66.1218487394958,26.650056794145947,779.2956233174233,68.25955233605528,49.839531372907096,62.34963567330784,10.877982293721296,57.382953716052754,66.1218487394958,26.61353637909458,782.7210478454695,67.6161740816876,50.59263528425876,63.86750004936666,1.0129297502668908,0.4082421509475905,1.0314821171527675,0.4195163929599333
2025-09-08 10:15:00,9.079215365828029,57.46067171646964,66.1218487394958,26.631356683660265,775.7275827469998,67.54312215091907,50.10022544705056,62.32919171476907,10.754136047132096,57.40415248947451,66.1218487394958,26.62605002609034,783.2503062167476,67.64766412378896,50.60036593739758,63.904690916870535,1.0129838579883017,0.4111899308090667,1.0340121804040272,0.41945357391308274
2025-09-08 10:30:00,9.105377746557416,57.52207203170143,66.1218487394958,26.69300169819345,782.9203175468227,67.6832349832827,50.2834524591897,62.66297696684261,10.623112388448874,57.42848727716622,66.1218487394958,26.63912498325815,783.6627441138718,67.6690485201985,50.62290011435126,64.06231700751687,1.0109597760264877,0.4114498778689406,1.0371634195234594,0.41952909266198285
2025-09-08 10:45:00,9.55900849130463,57.44903703372123,66.1218487394958,26.701357400021408,789.738630216929,68.07389190950795,50.10145175736502,62.65627023021941,10.499012260007333,57.454620961492886,66.1218487394958,26.652755360620652,783.9487083088628,67.69793452983953,50.6457711134742,64.21452182035422,1.0172523617383462,0.4121826181947555,1.0402687994226933,0.4198592953025342
2025-09-08 11:00:00,10.272492764004882,57.48530196184089,66.1218487394958,26.702055790467035,785.003379512771,67.81124248809616,50.38230499338496,66.47046928380308,10.369807613235473,57.47049753892534,66.1218487394958,26.667584071123066,784.0431213072701,67.71121760442043,50.67734926939359,64.37988635903282,1.0245617649053005,0.4091647950620691,1.0439996967949075,0.4202024543716279
2025-09-08 11:15:00,10.6813364882441,57.55537447435668,66.1218487394958,26.638052643373417,781.71011892379,67.83338393733099,50.686286755120285,66.3309242944786,10.236537575652534,57.48591342342976,66.1218487394958,26.684037117963683,783.8605527232627,67.72165752900186,50.70429469940128,64.5473574152176,1.0421223484577804,0.4081966250618842,1.0481758037399385,0.42067712548104735
2025-09-08 11:30:00,10.612923659575625,57.693149390664765,66.1218487394958,26.625554836113928,784.6337533403356,67.60650068507887,50.65014987032224,66.56122893508616,10.117234495217563,57.49518430762489,66.1218487394958,26.697330353125736,783.5323437690166,67.72259285835617,50.73561682120918,64.71202578960346,1.0392562400659455,0.4149288116900538,1.0525015156296993,0.42114000058164264
2025-09-08 11:45:00,10.53304096773148,57.62320432510466,66.1218487394958,26.624504926921134,782.1026389920288,67.75824286166134,50.84905448048724,66.32717795227262,10.00349991666057,57.50567819429158,66.1218487394958,26.70864232272336,783.6081322611811,67.75827257742525,50.75176807572492,64.75423489293217,1.0402742103455052,0.4156366087664703,1.056115254913796,0.4219845949495243
2025-09-08 12:00:00,10.591004046009534,57.67889739170428,66.1218487394958,26.661882341854216,783.6586496979093,67.75327233373567,51.26022641624646,66.28359867819374,9.887865434762857,57.51524905725569,66.1218487394958,26.722295530356885,783.5285176920476,67.78289749996298,50.7601742686859,64.79048386449016,1.0464211544637814,0.4182155939660592,1.059793563407767,0.42300040194063643
2025-09-08 12:15:00,10.814538344597938,57.62907780058624,66.1218487394958,26.67264600059792,783.4587457165026,67.97213331497485,51.02600783979536,66.1641125369863,9.793098843751833,57.5264567839254,66.1218487394958,26.735648197752635,783.6540089163565,67.81575642065772,50.77026543894903,64.83303209555723,1.0603949653743845,0.421294554415892,1.0637715692021426,0.42402762332543625
2025-09-08 12:30:00,11.194826093770804,57.67981596674807,66.1218487394958,26.70821060375301,777.8765220291947,68.23433804145984,50.96537012498153,66.32125047715076,9.734706083647174,57.543045467772735,66.1218487394958,26.748227759977485,783.7506352762125,67.84022560219508,50.77142857452351,64.87052996161138,1.0646623810537368,0.422959950454489,1.0675716247130862,0.4252863546640302
2025-09-08 12:45:00,10.999849457980751,57.62543160231446,66.1218487394958,26.724146728174627,782.9259859538843,67.30032184804378,50.89791062095804,66.3581449197805,9.692680816310723,57.56130629022773,66.1218487394958,26.760960041363443,784.02570476921,67.8790048065639,50.76819021362726,64.89315324197285,1.0814490246054198,0.4203170294373348,1.0711918404502576,0.4268554544132366
2025-09-08 13:00:00,10.707830806759535,57.6314002497778,66.1218487394958,26.81834787283828,788.8574580294973,68.01117045175977,50.72298787952375,66.2795961309271,9.659111753435349,57.576737818518076,66.1218487394958,26.771318294787267,784.3818115565064,67.89355130328015,50.76329445587502,64.91764062066237,1.0946530105049994,0.4245074526103142,1.0748699660976433,0.42846765408819176
2025-09-08 13:15:00,10.135321876779036,57.6616650550901,66.1218487394958,26.87249646103557,791.9092674573758,68.277082129945,50.8872967245095,66.5802635261946,9.662902339677961,57.59094033775447,66.1218487394958,26.778694303280396,784.8962784184465,67.89164957237294,50.76008480524808,64.93607439167121,1.0988739401185994,0.4286843454712047,1.078820542420593,0.4301275530987773
2025-09-08 13:30:00,9.739785011905903,57.58618691794943,66.1218487394958,26.87616887218113,786.5054531167108,67.6829916137841,50.73244300401079,66.57012880667281,9.681353616460727,57.59914997746911,66.1218487394958,26.785763711363163,785.1709155878984,67.89934211985059,50.76498130691384,64.94286910730054,1.1120587975421348,0.434897050662331,1.0824050956794131,0.4315501306257276
2025-09-08 13:45:00,9.809771048357703,57.58378223283059,66.1218487394958,26.89891735195117,787.9355624356168,68.4331178517235,51.02271252287496,66.71119536038299,9.713629842460238,57.60532383258039,66.1218487394958,26.793012691171427,785.3179458346071,67.91314999707811,50.77905461172138,64.93647401582837,1.1130477627338915,0.4338006319425787,1.085729950795376,0.43298814456767004
2025-09-08 14:00:00,10.102841947817696,57.56380505774243,66.1218487394958,26.879190544701903,787.0809787271085,67.86139539670775,51.15706686573476,66.79304105467774,9.760794447208092,57.6158417082544,66.1218487394958,26.79927472856983,785.6784134638463,67.91074692249134,50.788494100886204,64.93592487998184,1.119687081384642,0.4389880911964495,1.089015609856486,0.43440971631012026
2025-09-08 14:15:00,10.026977696509572,57.690659202514,66.1218487394958,26.87272437625695,784.6454713682704,67.88981032509717,51.34523206394448,66.71091579486453,9.816321732747786,57.62415280985227,66.1218487394958,26.80678746176096,786.1793014130631,67.93051734825609,50.791444032754235,64.94053440594001,1.1246936906486371,0.445595584473503,1.0926123180919363,0.4357091532454728
2025-09-08 14:30:00,9.31196239949458,57.46570004687036,66.1218487394958,26.886848408283974,784.5462046209213,67.52694914501076,51.56611424191696,66.76626054068637,9.88125305883885,57.63047985103699,66.1218487394958,26.810046725512322,786.5055475483266,67.94076013292168,50.777554688556855,64.93853818792903,1.130979733515723,0.4416422354219599,1.096767566381078,0.4370243808645083
2025-09-08 14:45:00,8.502377757694092,57.50484810545599,66.1218487394958,26.896836475404907,774.5197832069324,67.8921222049846,51.50333358219459,66.86377023701964,9.954558337138876,57.64117837286881,66.1218487394958,26.813613364299176,786.3615168747759,67.93286285789983,50.7672975212982,64.94144188496213,1.1312663198268975,0.4390559107199066,1.1009779937598292,0.43839809930599405
2025-09-08 15:00:00,8.382709722677541,57.421835022526864,66.1218487394958,26.878743754827617,774.0922216622731,67.61393720275898,51.61933374069729,66.89160671392264,10.017114060827627,57.6487565213353,66.1218487394958,26.817025259283223,786.3509667095226,67.9420263950113,50.74956577559867,64.81735683508454,1.1304572374254735,0.4377373794987061,1.1050942693795254,0.4399994456931367
2025-09-08 15:15:00,8.389678412563132,57.54875419441,66.1218487394958,26.89318862288089,784.6311289262895,67.94728101404968,51.19611500750676,63.32613477717111,10.079847989378964,57.65188642647578,66.1218487394958,26.822953766607192,786.681811441786,67.9336466060606,50.7239604400646,64.70332371527546,1.1245367712219436,0.4477245763229524,1.1085632221489472,0.44151649190160225
2025-09-08 15:30:00,8.514937088180202,57.55882512393672,66.1218487394958,26.90383523136779,787.8910105203186,68.23346514112151,50.967576024122366,63.27725840857759,10.137574518294802,57.65231523343596,66.1218487394958,26.830682247417766,786.8248255275274,67.93301571665408,50.68578025803931,64.5849290870096,1.121888760077607,0.4501827111917757,1.1119530839531189,0.44283274806279926
2025-09-08 15:45:00,8.857062996133633,57.67177663725816,66.1218487394958,26.93107978806986,795.3337341539692,68.25077261089518,50.92240705235184,63.467705939406684,10.190011876388498,57.652399228316625,66.1218487394958,26.835780023625453,787.0959010950596,67.93289844924496,50.635089340083645,64.47453033328382,1.1226716236845773,0.4500883646355569,1.115317087863996,0.44409561453998136
2025-09-08 16:00:00,8.941835056597448,57.73817447535014,66.1218487394958,26.92163848478008,788.5552138375881,67.92093333114691,50.60264579820533,63.5506039903421,10.23156551160067,57.65246853537511,66.1218487394958,26.839412663139896,787.3213851816141,67.92716848584922,50.5727894761711,64.35541837737335,1.1261954188080912,0.4563999960837522,1.118651034076201,0.4454217090225685
2025-09-08 16:15:00,8.58480117102281,57.732146377666304,66.1218487394958,26.90660019115749,792.3162887042272,68.23969242566451,50.57098222166725,62.99201534904925,10.264065145089136,57.65484544308915,66.1218487394958,26.841831598245214,787.6109792243495,67.91280502245883,50.53101967975887,64.36505234268776,1.1164254147107835,0.4570301870675464,1.1212303356423061,0.44667090144331806
2025-09-08 16:30:00,8.515954635006436,57.7615619390906,66.1218487394958,26.85545458951657,792.1256356030107,67.73589732593165,50.3334505762449,62.882816528843534,10.287996188802602,57.66140739811355,66.1218487394958,26.843317839382625,788.0772494595302,67.90278634897027,50.4973495200722,64.37855226666738,1.11141055344481,0.4611333923390119,1.1235643657255823,0.4479581610057617
2025-09-08 16:45:00,9.459830262083251,57.75956186778912,66.1218487394958,26.79410570930417,793.9833993919992,67.72650772828395,50.25566937086075,62.6907459035326,10.318913504486927,57.673601992535914,66.1218487394958,26.845291484999297,788.2299283103345,67.92478761785375,50.47806205136415,64.3925795758012,1.1099276798719238,0.461596801134966,1.1252996786569343,0.44931219056378274
2025-09-08 17:00:00,9.990424407175164,57.69138817589887,66.1218487394958,26.82849987614859,790.3786392273025,68.14290042346902,50.41354024891858,62.535237029060575,10.350237368932927,57.68699977964378,66.1218487394958,26.84432304179734,788.1036064560399,67.90549438223272,50.47127169940135,64.40594454145908,1.113620494984627,0.4552674175299635,1.1265819408504179,0.4505987597349919
2025-09-08 17:15:00,10.613919337455323,57.72053782304182,66.1218487394958,26.842877677159453,785.1789760542098,68.17923669986273,50.51075928854795,62.38994272062837,10.392929394374143,57.696641939917164,66.1218487394958,26.84263620244194,787.6528143307265,67.9070290317691,50.46306506245703,64.4059059877421,1.1162363980640355,0.4515336620530185,1.127430747174933,0.4515142371275135
2025-09-08 17:30:00,10.792198356424509,57.780609047220416,66.1218487394958,26.83791791609809,790.1096521946005,68.1874600984522,50.12271604785192,62.33316159791222,10.431214046531442,57.711376689807025,66.1218487394958,26.841175190774962,787.4379273805357,67.91964728027091,50.45577616661033,64.41387022809931,1.1114995221001982,0.4508893032210957,1.1277109225748938,0.45239427129172294
2025-09-08 17:45:00,10.745033932018853,57.71000476440566,66.1218487394958,26.85673867939411,790.7542212235007,68.13623492386151,50.18872340309139,62.46747749351389,10.475510966280662,57.72554843131286,66.1218487394958,26.837710023930203,787.2550909959209,67.88883485725731,50.443928365059016,64.42522450045031,1.1208851050518014,0.4501730388696444,1.1279184152165151,0.4534473969869696
2025-09-08 18:00:00,11.05331752928934,57.711883267242925,66.1218487394958,26.790779610734297,792.7077016047334,67.99051852325049,49.86677213326842,62.60309042651318,10.524882734426875,57.7390212177405,66.1218487394958,26.83538525197326,787.0698233265708,67.89131039658285,50.420706016867044,64.42978477110098,1.135617224700746,0.4509067064400034,1.1285379257257977,0.45424908829466104
2025-09-08 18:15:00,11.758166840305378,57.76999268867584,66.1218487394958,26.80835656362718,785.4177100104063,67.8369736588527,49.79373673960526,62.74338114121293,10.584977442976815,57.747781065154484,66.1218487394958,26.833582571547097,786.7423583780078,67.898926039023,50.40248164473191,64.43818490491027,1.1435651831008764,0.4533941714393286,1.128840059596406,0.45494444383475036
2025-09-08 18:30:00,12.149164474667453,57.71264641583598,66.1218487394958,26.80441263998836,784.6868745551747,68.0861486014399,49.85035262239919,62.74791778747466,10.676083218672067,57.76322742888712,66.1218487394958,26.829831248221087,786.6307113289078,67.90448615448436,50.377908720203436,64.44420251101185,1.148050033496188,0.4572051866763482,1.1286824606015737,0.45551055192553724
2025-09-08 18:45:00,12.563354344784145,57.649271628570666,66.1218487394958,26.81590786309245,791.6354608916854,67.58199026881019,49.91812668909818,62.90993070020683,10.791394396725739,57.77993835795712,66.1218487394958,26.825241465053036,786.6999695284126,67.8986236791453,50.36123964190388,64.43928240883298,1.1461909315404333,0.4537080113158501,1.128532547462924,0.45641493219819795
2025-09-08 19:00:00,12.344719527050849,57.70601359947002,66.1218487394958,26.85740926043117,788.924175912581,67.58757400288307,49.50474440956332,63.009390087110056,10.910859655288375,57.80121895172477,66.1218487394958,26.822856461470085,786.6654302430778,67.91075476027792,50.340821449066986,64.4329510384794,1.1409520941910969,0.4544164965259652,1.1284745880134828,0.45729614746126973
2025-09-08 19:15:00,12.10616171054237,57.62572417152493,66.1218487394958,26.77743821315181,790.234906017995,67.75472483938753,49.32832694181759,63.01521534049974,11.042148112534882,57.81774977033952,66.1218487394958,26.819507686497868,786.159894188341,67.91312568919183,50.33647076283449,64.54229938461512,1.1411943276718204,0.4535226030819338,1.1289109708317475,0.4577835730393739
2025-09-08 19:30:00,11.83761310237464,57.68097660345859,66.1218487394958,26.770861527287497,790.4231722945435,67.58137343186402,49.39123049887005,62.71024000087912,11.209219526234309,57.82676764852344,66.1218487394958,26.815378596182878,785.8610045299798,67.8682597762073,50.34852905316198,64.65578595978812,1.1464395408299324,0.4579984284436736,1.1292483532359703,0.4582188584137709
2025-09-08 19:45:00,11.789527349251898,57.70038503200786,66.1218487394958,26.74521405375743,792.1465669985655,67.54122941326278,49.77291394742824,66.4531314964186,11.391125028415871,57.833442169188196,66.1218487394958,26.81014090641914,785.4554254384741,67.86008335161203,50.37046503929816,64.76449949038165,1.1377740123575422,0.4587703270383775,1.1294820635014133,0.4586578390546134
2025-09-08 20:00:00,11.912757405174794,57.876674617480106,66.1218487394958,26.75279783787536,791.8646290846168,67.93377783680296,49.95526533438148,66.72624819653969,11.574624205445577,57.84152504805321,66.1218487394958,26.805468604085664,785.5869279043719,67.85519994553492,50.40531496712604,64.87036388515243,1.1346832835520202,0.4615777373277995,1.1292780298936136,0.45892526295138153
2025-09-08 20:15:00,11.927368928510536,57.99126943498498,66.1218487394958,26.783356096674712,787.5063514780094,67.96035991454863,50.3192865597165,66.77896419379452,11.765333566608897,57.8508603132563,66.1218487394958,26.799824145292284,785.3831979109463,67.85001196388596,50.44455712540908,64.99047545903011,1.133508412545981,0.4609379161779659,1.1292731097465287,0.4592940220854361
2025-09-08 20:30:00,11.647546740139518,58.03333386301387,66.1218487394958,26.78929457677966,785.0678024006606,67.43237338312856,50.51927732063992,66.68054510066396,11.954244773784131,57.859890089676675,66.1218487394958,26.79558960056789,785.2529535900956,67.83548615333318,50.485416252594064,65.12307036767997,1.1331208763095029,0.4631045277465893,1.1295060583259655,0.4593534469923806
2025-09-08 20:45:00,11.416082640015505,57.95092986329173,66.1218487394958,26.82189128037358,778.3855036979733,68.32312161603632,50.64109761617969,66.57910691468517,12.12555811543098,57.87031564576947,66.1218487394958,26.792145083635795,785.2172698206521,67.822559313216,50.52481092242985,65.12897209800312,1.1243381298540482,0.4561486672468507,1.1292997775651623,0.4592532566835537
2025-09-08 21:00:00,10.88832457662488,58.0282294146452,66.1218487394958,26.83233852217172,780.0588446109891,68.06153906883847,50.51377612860975,66.80905601738914,12.290790033951405,57.88017341327593,66.1218487394958,26.787410518919703,785.3005382739898,67.80030715381014,50.555017470406696,65.14042743317307,1.1204640595409578,0.4612980755886151,1.128473399179233,0.4593075285805917
2025-09-08 21:15:00,11.138678640834309,58.00893447800557,66.1218487394958,26.794962346608493,782.4504708971712,67.50874516131535,50.66727847633577,67.05182353091277,12.445661677456211,57.88712889842885,66.1218487394958,26.782477605682985,785.461255780791,67.79538688398526,50.58449796626235,65.14672833218407,1.1192725419825345,0.4653944027999798,1.1274194143690852,0.45939079522372456
2025-09-08 21:30:00,11.583994992204085,57.96798865057171,66.1218487394958,26.80944738599356,781.5229486466078,67.93566157647426,50.4603964199756,66.9298491741982,12.588187979348682,57.88935805233686,66.1218487394958,26.776821087873067,785.32004996145,67.76885774889458,50.60958014504151,65.15714271790097,1.1382723966631223,0.4630388304271908,1.126627807163651,0.45938692481919896
2025-09-08 21:45:00,11.82981895300776,57.95345462493345,66.1218487394958,26.818643963472027,774.8215229113772,68.11827959830153,50.7985008998904,66.96291980914295,12.714569999316756,57.89367198632005,66.1218487394958,26.769967846072614,785.0928460044047,67.76310345851827,50.62944067631513,65.16113218280849,1.1337577067668891,0.4664562506761842,1.1248695981420007,0.459409484857315
2025-09-08 22:00:00,12.045135670352163,57.92909095884957,66.1218487394958,26.77430870850373,781.1967931479226,67.69375260885145,50.828926506062736,66.94678872373368,12.820022194928049,57.89882590692618,66.1218487394958,26.764286702889454,784.6269086994903,67.74670605789315,50.666947402125174,65.16431665881511,1.126251763670751,0.4586254781455643,1.1230048525343077,0.4593001267152141
2025-09-08 22:15:00,11.961713099304248,58.00617597755603,66.1218487394958,26.75914298036336,776.5975291920747,67.71624794481332,51.00326123320785,66.71616717165355,12.890415961252987,57.90404065583434,66.1218487394958,26.75975016134785,784.5982080135242,67.75995675154371,50.7030297738285,65.14794740237677,1.126768925667401,0.4661873188997278,1.1201581245858847,0.45890050438681385
2025-09-08 22:30:00,11.966667479556596,58.0602528355564,66.1218487394958,26.80719364733906,773.0560431022335,67.97786963673741,51.00678795559047,66.70166560331539,12.947714258541813,57.91261006896123,66.1218487394958,26.75709535783741,784.6333848947398,67.75266338918821,50.74019809351134,65.1370946561732,1.1287184539422437,0.4641738373908606,1.1168825991054827,0.45845771021045434
2025-09-08 22:45:00,12.328332129958394,58.04467875285205,66.1218487394958,26.792725373714383,769.4650472841844,68.0184088814667,51.06559442053209,66.60658516124248,12.990135305486652,57.92266571459701,66.1218487394958,26.755243028175965,784.4572516382374,67.75701369547441,50.78789408575454,65.12157286812611,1.137628255769888,0.4623473436660777,1.1135933341608275,0.45788628769611794
2025-09-08 23:00:00,13.527079499162983,57.82936146945479,66.1218487394958,26.779962521918115,778.9243207694807,66.88748775158571,51.32932473394708,66.68185566376782,13.023945383992633,57.927444576262616,66.1218487394958,26.752035251169136,784.4105107612475,67.74417523779974,50.83432219841428,65.09500867648929,1.1320102322042849,0.4632412724236874,1.1099581802094636,0.4572076234638519
2025-09-08 23:15:00,14.314228061580495,57.87201225720072,66.1218487394958,26.773949095157704,783.1663614087967,68.00547987303702,51.58048663643725,66.72911185721246,13.045929144272614,57.93329014606556,66.1218487394958,26.750987092811133,784.2247121551726,67.71627680449154,50.90600735737546,65.07733702997879,1.1296829316478705,0.4632577838608294,1.1064972079523736,0.45626880347864707
2025-09-08 23:30:00,14.44681036748857,57.980660841300526,66.1218487394958,26.78146941477589,792.5002878145234,67.77443114883363,51.64814363304152,66.7265358334653,13.069435687412907,57.93919918011285,66.1218487394958,26.749665197209506,783.8499394191359,67.71431631432036,50.98289149224563,65.06520733967349,1.1200744105740994,0.4644227129867969,1.1027253824814471,0.45523350986720795
2025-09-08 23:45:00,14.306082005922482,58.012204333759136,66.1218487394958,26.737266427355987,786.2043889014624,68.08405297619589,51.748246970158405,66.59536256537979,13.10492115241646,57.94292092743276,66.1218487394958,26.749796067360688,783.1477728117732,67.71503266560288,51.0535674717236,64.92468863273453,1.1162778102982345,0.4680929610891828,1.0993193855080583,0.4541613329461204
2025-09-09 00:00:00,14.183290850263424,58.03245523170183,66.1218487394958,26.728418247784784,788.2183059774864,67.3001230093477,51.559224391794736,66.86066378833955,13.140101581397692,57.94061605933332,66.1218487394958,26.748925522562715,782.4266304942408,67.6853602400065,51.11781900084983,64.77445378495683,1.1183990108279194,0.4629161395473469,1.0955846086429681,0.4531970379444783
2025-09-09 00:15:00,14.599230511488727,58.07232855057295,66.1218487394958,26.690770201341284,792.9128863086938,67.33870252476923,51.43750946593419,62.86779781322676,13.178863268380923,57.93632024650224,66.1218487394958,26.745755133978435,781.6948262400314,67.67228557877162,51.17717919210633,64.62176152376851,1.1037392570478213,0.4585910918701597,1.0914486751395518,0.45214169701192486
2025-09-09 00:30:00,14.947381962787942,57.9871212010927,66.1218487394958,26.68646293466583,792.8766928274324,67.4753356412927,51.31973668822394,62.878897084159256,13.211170553341708,57.931917528498936,66.1218487394958,26.741884273605642,780.9343394888768,67.65725336409298,51.231252504157695,64.47387268825153,1.0888291434067547,0.4568955744411042,1.087077181531728,0.4509902422532271
2025-09-09 00:45:00,15.260068642599544,57.92920237762918,66.1218487394958,26.694890280058008,790.0005012582492,68.03162860511671,51.39517416421752,62.57896969095862,13.23725400546427,57.93066354309543,66.1218487394958,26.738042447072004,780.426354115072,67.63077933948037,51.27792385094494,64.3185578842197,1.0846168537595982,0.4540316613470039,1.0833868585918145,0.44997651758922397
2025-09-09 01:00:00,15.067987413198596,57.84748366446073,66.1218487394958,26.668222381800437,785.8734776143663,67.39158604573151,50.87518141122678,62.645593169418895,13.281462222569342,57.9270014016553,66.1218487394958,26.732203254115994,779.5425946226928,67.60183611683165,51.320509375805116,64.14520724995705,1.0877513059371744,0.4507731910853275,1.0802969076131035,0.4489421582941232
2025-09-09 01:15:00,14.536494531061097,57.83942278390135,66.1218487394958,26.651141425380526,783.9381025121453,67.96360621257259,50.78453934129995,62.58716144073956,13.334075278397195,57.92061923722169,66.1218487394958,26.726819353899245,778.5384315136349,67.61430954541973,51.363024050452026,64.09545532532435,1.068138834402287,0.4508498400131251,1.0771344838708572,0.44804728079248635
2025-09-09 01:30:00,14.216883397628056,57.86650088542687,66.1218487394958,26.620345315239437,778.729582457298,67.4985965044964,50.99197390756969,62.69862470671154,13.396387888519195,57.9069956267986,66.1218487394958,26.720943146141106,777.5528869827183,67.60436278468399,51.409885051581035,64.06311967636182,1.079674856469956,0.4476259621769769,1.0731281758980353,0.4472077401529883
2025-09-09 01:45:00,13.869979830053609,57.926435155920814,66.1218487394958,26.672260317379155,784.5566894314275,68.23449446836989,50.87620789070501,62.2523034480631,13.466516675661705,57.88870048777637,66.1218487394958,26.71568087668762,776.5673426356012,67.61769773359379,51.43750131991389,64.02012964154945,1.0581633446481864,0.4414055015873198,1.0692282273466425,0.4462157988405232
2025-09-09 02:00:00,13.868113393332152,57.969728809642426,66.1218487394958,26.724768534675174,785.7421809916408,67.86734773077521,50.9654022128844,62.42233540136737,13.52237090033535,57.87512646037359,66.1218487394958,26.71319276462003,775.3009588752153,67.626563572207,51.45525426024884,63.97177304374715,1.0497842690841277,0.4439213613855652,1.0653458705896273,0.44527953032124823
2025-09-09 02:15:00,13.835985753129291,57.950940997644246,66.1218487394958,26.760337973249065,786.3514631966144,67.71249945739595,51.34900645639442,62.444277058794206,13.573810560007006,57.86057885447337,66.1218487394958,26.709144812241668,774.1325343009933,67.6201232284082,51.46737529269623,63.93039865336941,1.0475129832007763,0.4365653358857572,1.0611359046140594,0.44393603574503093
2025-09-09 02:30:00,13.359021882230277,57.849379449438416,66.1218487394958,26.76117595022625,787.521949602882,67.20242027264275,50.89758778935522,62.21246433800525,13.621619663474435,57.84100999208768,66.1218487394958,26.704015296344377,773.0122314326921,67.61005688084865,51.48806127377614,63.89883281765833,1.031897475650185,0.4340565695579838,1.0571837225786804,0.4428172635554686
2025-09-09 02:45:00,12.765674518941882,57.80109126561281,66.1218487394958,26.745993462411764,784.6609478357519,66.91777184014143,51.478881710653006,62.485065945185134,13.67034881274841,57.81896597487106,66.1218487394958,26.699981821569448,771.7343064313105,67.60386948299134,51.50578347429776,63.87208149158189,1.0373651599591192,0.4253580035257881,1.0526979093572766,0.44159501344600866
2025-09-09 03:00:00,12.54280939658336,57.858247624877535,66.1218487394958,26.731204659238745,779.1799902134409,67.52255872672883,51.69775454497518,62.34634929171988,13.689907942271725,57.80141936452115,66.1218487394958,26.694513532525942,770.3256190580099,67.64014495884307,51.530129413441124,63.84347725474425,1.0332847767021354,0.4269396201004997,1.0488873036881907,0.4404759607284536
2025-09-09 03:15:00,12.85409129935853,57.81203745160512,66.1218487394958,26.74914015829277,771.0815687776823,67.56271995173798,51.893193331767634,62.23757028824955,13.68368422701782,57.78170911030661,66.1218487394958,26.689986075851355,768.9118236514797,67.61929652057914,51.555435219358614,63.81618571553046,1.0355941031558815,0.4266050194057512,1.045257741751404,0.439121129058053
2025-09-09 03:30:00,12.968170274611788,57.80752857449677,66.1218487394958,26.726681493936205,770.2303595586479,67.04360506891189,51.88281120816805,62.21920276320909,13.65533750221596,57.75366382691185,66.1218487394958,26.68627007643747,767.389143638196,67.60903166867145,51.57763991284237,63.79394069589349,1.0226399775993091,0.4326488872785376,1.0422379378729796,0.43784429812832537
2025-09-09 03:45:00,13.090219538007416,57.86239505005296,66.1218487394958,26.688244439146345,765.5522238517253,67.56812007750244,52.10009229741148,62.19819635814492,13.600605932532627,57.72539407923325,66.1218487394958,26.684385997471118,766.2521629276063,67.58044263084041,51.59889723444431,63.77226320340729,1.0094304074434932,0.4292776882013625,1.0394693617985753,0.4363061255054134
2025-09-09 04:00:00,12.616765288963036,57.90125232291452,66.1218487394958,26.67316876559589,762.2531998660248,66.98140694276903,52.1414766821809,62.24388003515448,13.538642772180243,57.697188136165735,66.1218487394958,26.68282544483719,765.045551101363,67.59024793082973,51.62676138265634,63.73817421613318,1.001976068074785,0.428560884985656,1.0365444027851298,0.4348854188155415
2025-09-09 04:15:00,12.198586203692397,57.91331030118634,66.1218487394958,26.706636484364356,763.1459424838268,67.52890087765805,52.04123801979708,61.91966279373038,13.452912756628363,57.665277640345124,66.1218487394958,26.683885656460372,763.8087631280581,67.59912711241505,51.65828701031737,63.8402744494496,1.0136284416566488,0.4257369273267567,1.0339462037040785,0.4336508018908961
2025-09-09 04:30:00,12.214571089777095,57.91836517144168,66.1218487394958,26.65716273349154,753.5460598396123,67.19324238937702,51.79134187441502,61.60853698950952,13.355697108572729,57.63957453318074,66.1218487394958,26.685309986531045,762.6865598150127,67.59798294299677,51.69834240564725,63.93913306311912,1.027765530179625,0.4302672967355931,1.0319285891326342,0.4324573481603463
2025-09-09 04:45:00,12.717070315669876,57.81746954499718,66.1218487394958,26.633445340105965,752.325577625438,67.88294801895769,51.94271871574303,65.55926579193195,13.247033661324814,57.61393797141064,66.1218487394958,26.68510670969833,762.0603598011857,67.58410752383348,51.727141210308204,64.04959487166163,1.0243998297151506,0.4385480777508737,1.03054354229559,0.4314779249843855
2025-09-09 05:00:00,13.453373295864065,57.55928033787878,66.1218487394958,26.633161153249404,751.9566127191109,67.63725875440188,51.86622645384626,65.95977970532208,13.125572362066741,57.58759462703423,66.1218487394958,26.685561188519866,761.4212273375128,67.60348812726969,51.784548156309356,64.15918994966988,1.0180831574784632,0.4378526112422507,1.0288340624677488,0.43059698608653657
2025-09-09 05:15:00,13.93368256728307,57.40460045426665,66.1218487394958,26.660775879867558,745.2551924978642,68.51832806559555,51.62698894987591,65.67321876477199,12.989750755393775,57.55966239007859,66.1218487394958,26.688134777906686,760.6524527537828,67.6058153911679,51.84511126283963,64.26988765274278,1.0167592502251086,0.4366980113022284,1.027599120074077,0.4296280472151322
2025-09-09 05:30:00,13.720762410561516,57.52187013676605,66.1218487394958,26.699665346475804,743.2052803363407,67.95972776724831,51.36151471611132,65.4960907896647,12.852310585120467,57.53694510612988,66.1218487394958,26.6910592272187,760.1083139385789,67.60584361743362,51.89602512270442,64.37678122298945,1.009781060960294,0.4305374225673165,1.0256817515694008,0.42876442488978667
2025-09-09 05:45:00,13.504902889453856,57.56974780054933,66.1218487394958,26.637704409012542,741.5447919654129,67.52303763084889,51.366892206629466,65.47493546032128,12.71524696182314,57.510249494093465,66.1218487394958,26.69303300686649,759.5232003002261,67.58576676738689,51.928249266334674,64.37858087142942,1.0004699464003628,0.4258824816132084,1.0243257708952638,0.4279735951044602
2025-09-09 06:00:00,13.400940583579589,57.47318696398573,66.1218487394958,26.653308170420303,739.4469570532002,67.67587920995082,51.62736738798769,65.754690531983,12.58911434191762,57.482565918913636,66.1218487394958,26.691088659560606,758.8956631032677,67.5919918554218,51.965846836561894,64.38281083794931,1.0101529928808717,0.430610671703991,1.0236027052035317,0.4269997798925696
2025-09-09 06:15:00,13.79020660817759,57.3833582363538,66.1218487394958,26.6717211304666,731.127297242737,67.83278694574754,51.5972604361806,65.80404537894924,12.46831274993547,57.45911215717465,66.1218487394958,26.68807158728709,758.0506821988916,67.5840053937383,51.97108155286334,64.39003746253545,1.0030538591277696,0.4256798403822799,1.023377419939497,0.4262216160837162
2025-09-09 06:30:00,14.113853384862432,57.30296315895756,66.1218487394958,26.61591385061287,736.6636995704623,67.97575202713746,52.05970290824787,65.82372855863872,12.342277616368252,57.43959629447913,66.1218487394958,26.68456396984575,757.1080026230578,67.58231572426135,51.995426236721116,64.39894458723549,1.0176920621317176,0.4296696908970344,1.0237090011270011,0.4257319120269446
2025-09-09 06:45:00,14.127516603963352,57.28070463076421,66.1218487394958,26.638125394920067,740.7524992128889,67.38002672511938,52.33966081396203,65.91036568079879,12.227491939003814,57.4253902602909,66.1218487394958,26.680073678542655,756.3470318119333,67.59853126433161,52.002419433926235,64.39918762808345,1.0207960735442678,0.4226128337488122,1.0240843277388467,0.4258036918305167
2025-09-09 07:00:00,13.596408623432788,57.13930233945759,66.1218487394958,26.6699894323594,746.8198874160116,67.46648559160295,52.314284437554335,66.05918524435609,12.116492409503897,57.40521655339242,66.1218487394958,26.674440730035712,755.930998594266,67.58104771042686,52.0067721934622,64.40815487704555,1.0294802942213603,0.4261177850949663,1.0247487042434982,0.42540180811896167
2025-09-09 07:15:00,12.664134915422425,57.16411190340119,66.1218487394958,26.680744058365537,752.0949675837692,67.22638184126448,52.38596661821648,65.94503779079382,12.005807829260501,57.38317457956306,66.1218487394958,26.666587977214736,755.7676710324678,67.57141674757051,51.9937682728249,64.41734159708022,1.033220528066111,0.4219477824018274,1.0248342714719325,0.42498170168881966
2025-09-09 07:30:00,12.324396039691916,57.186276939676375,66.1218487394958,26.68160166876679,752.0199511901945,67.59428200902748,52.395148838155656,65.83799417011636,11.916721992276374,57.3627005136323,66.1218487394958,26.66065545660616,755.7167385056465,67.58379514406225,51.9893188699859,64.43489460829723,1.030650240424556,0.4202949388511864,1.0254516528710065,0.4243349968481682
2025-09-09 07:45:00,12.02733004493234,57.11501367595478,66.1218487394958,26.722576550036926,755.8092471095457,67.60507797232876,52.383278295765166,65.93080481271934,11.83559945605357,57.33694408980618,66.1218487394958,26.65797389753591,755.8139618797042,67.59493837117742,51.97927911387163,64.44945481612585,1.0257932846162798,0.4215525841307992,1.0272306990803675,0.42374828929486286
2025-09-09 08:00:00,12.030912521118877,57.21602798616113,66.1218487394958,26.72919283678596,759.2105934360702,67.441010558744,52.521398548120175,65.84465549424486,11.764809399807472,57.308074007246674,66.1218487394958,26.655896691493023,756.0595300411718,67.61304896882739,51.96835699290522,64.47300242715495,1.0283007062634244,0.4210919625246099,1.0294750898294547,0.4234584849542459
2025-09-09 08:15:00,12.000165225162126,57.16010552452634,66.1218487394958,26.688791975076438,771.2145008434369,67.6153660302183,52.25913830404633,65.89282394723345,11.699228896417374,57.27864407973738,66.1218487394958,26.65310542492163,756.3465371130538,67.62917736019116,51.97616905932532,64.50654848732786,1.0430654486482691,0.4246489660681804,1.0313221591181647,0.42338082817789907
2025-09-09 08:30:00,11.424148435456386,57.05718333316831,66.1218487394958,26.68185674644659,766.6995037041823,67.97300414881772,52.59738979126133,65.9334455096671,11.630649117176405,57.24805039806336,66.1218487394958,26.651917669385043,757.1205145876139,67.64853221927095,51.98476909789204,64.54301006042844,1.036466911101941,0.4243450241498583,1.0326800400661924,0.4231233245013125
2025-09-09 08:45:00,10.46184633087217,57.001455675232265,66.1218487394958,26.7283491069852,760.8748650002411,68.03342412951848,52.60143253720828,65.90809253292655,11.557751116697755,57.225274283821406,66.1218487394958,26.651276482421892,757.9832071183569,67.6419871906897,51.99262770342468,64.44489856163882,1.0310905625921374,0.4217816738709942,1.0339266489607977,0.4227433210522183
2025-09-09 09:00:00,10.09367828942879,57.18498236696546,66.1218487394958,26.70807879459987,762.4054180011847,67.49944329246819,52.51938970351353,65.90543181411148,11.47174999252091,57.217415222157086,66.1218487394958,26.649944429602883,758.6448684029306,67.64836376662056,52.00973140547282,64.33760150274504,1.0221538013296645,0.4217172924166113,1.0355700419931264,0.4224270225906567
2025-09-09 09:15:00,9.75807113113381,57.12556679482813,66.1218487394958,26.731473706812853,767.0032802808427,67.63218896696785,51.84293219961256,62.306292901262005,11.373842153954111,57.21768054717719,66.1218487394958,26.647815471574383,759.4282627391278,67.61510039336393,52.0277994194321,64.24202887857639,1.0174839244240783,0.4176806080275265,1.0369624415090797,0.42217355368033904
2025-09-09 09:30:00,10.084134796166568,57.13922155424761,66.1218487394958,26.666438115498583,766.9160650828885,68.05410037182264,52.0933293197007,62.54923439696421,11.271410718002747,57.2137185923205,66.1218487394958,26.64403589102108,760.5710328849162,67.60892336328729,52.057943907325544,64.16117419405067,1.0280922983321616,0.4147069050288473,1.038960670728264,0.4219831565736861
2025-09-09 09:45:00,10.211937993664764,57.24732814547475,66.1218487394958,26.669825805043644,761.0020360653343,67.47290560689082,51.50604794543791,62.661075796378185,11.155627046136045,57.20731739894439,66.1218487394958,26.64262016098148,761.8795398702957,67.61019692355566,52.08844162896332,64.0716924543755,1.0407544252797385,0.4132204216201566,1.0414118342368357,0.4221895303551758
2025-09-09 10:00:00,9.577967875213751,57.26390356857305,66.1218487394958,26.655947426986128,759.2415623278666,67.15173018833448,51.62792830508858,62.47967807900648,11.03386125301852,57.199360077549265,66.1218487394958,26.63913287836355,763.2351913650014,67.60316722611269,52.1178644895223,63.97476973743276,1.0418449112753103,0.419365447854835,1.0435412776435595,0.42216986190366335
2025-09-09 10:15:00,9.322104198008716,57.37491023996586,66.1218487394958,26.61128472331877,761.831823502018,67.40423804224973,51.6886776268067,62.49235717062408,10.891400683503827,57.19402069746874,66.1218487394958,26.63601207627056,764.7725001828777,67.59741094692679,52.14337066704456,63.99161885222109,1.0486249583144869,0.4275113976329515,1.0461731208134128,0.4223455807647759
2025-09-09 10:30:00,9.212823511585842,57.25303641792319,66.1218487394958,26.562216204030385,766.6989936834186,66.99805210958613,51.82833733105396,62.61536676058275,10.7361737993065,57.19259581425081,66.1218487394958,26.63487393704322,766.1362596574623,67.58748828275165,52.16438642614862,64.01456513739164,1.0532160718416774,0.4148831087538471,1.0488378546342771,0.42240246668408804
2025-09-09 10:45:00,9.53355389205664,57.15077823672421,66.1218487394958,26.51355757366352,766.1817419237344,67.27379106604744,51.503075712648695,62.51317188928992,10.591413586561611,57.19273894470967,66.1218487394958,26.635631077229448,767.0872206622491,67.58270944118816,52.17860901189752,64.03546905077829,1.0381611200089167,0.4140018265014902,1.051673398664999,0.422676688710635
2025-09-09 11:00:00,10.29559516508801,57.193306596574,66.1218487394958,26.548705875679,768.7023837540077,67.41495696366418,51.7493291229979,62.7457930997189,10.446223461926943,57.19600460787311,66.1218487394958,26.635628204475065,767.9436869780995,67.58841976362196,52.19240722047293,64.04957701097868,1.0411614195715253,0.4132477420589941,1.0542446031099744,0.4229704650607842
2025-09-09 11:15:00,10.656543451323376,57.08970233526927,66.1218487394958,26.60779766703893,768.4689250734558,67.90241689095708,51.798899613983394,62.63500259300406,10.308024715426964,57.194961443235954,66.1218487394958,26.635694436780717,768.4347456003215,67.59229508800392,52.18863601373146,64.06564450677784,1.0628017937243237,0.4116764616022031,1.0567333630622209,0.42360760194288666
2025-09-09 11:30:00,10.493063601580085,57.03514984612936,66.1218487394958,26.61085258430918,769.6202447100588,67.52472487226814,51.81381305318873,62.95030836602736,10.177208721108906,57.194427732466565,66.1218487394958,26.636932219964283,769.2124372428898,67.60279459836048,52.18299210868329,64.0958247471408,1.0693077905473969,0.4198667547671461,1.059100726155569,0.424577942405512
2025-09-09 11:45:00,10.231171101989393,57.0304124759076,66.1218487394958,26.622898487222464,771.7561546402854,68.01275261857174,52.27560001239989,62.92604459891773,10.048467811035993,57.200215908250094,66.1218487394958,26.63793281583263,769.6301148803926,67.62317159771752,52.17118508663086,64.11702710873378,1.0690405203179518,0.423407224036352,1.0620901974425039,0.4256376833031438
2025-09-09 12:00:00,10.15717771254802,57.00055472122102,66.1218487394958,26.62153006739392,776.7653840764151,67.77388816177042,52.049343031416846,62.702384182526814,9.935947705397355,57.20186627506628,66.1218487394958,26.637217566407898,770.164634173182,67.64454057021861,52.1487927233833,64.13810023081585,1.0685019586204585,0.4225421864379965,1.0652216061458644,0.42690369913368936
2025-09-09 12:15:00,10.5301303013104,57.13418611773861,66.1218487394958,26.61420973121145,778.2063535477259,67.6865971615202,52.178476881722126,62.61592082824335,9.834688897176447,57.20688567946738,66.1218487394958,26.637049013428882,770.3181602515099,67.66088129644118,52.13376172138701,64.15574930195336,1.0617980965533034,0.4271479742780486,1.0681538770946946,0.4278970831278452
2025-09-09 12:30:00,10.873339570558748,57.32350848794912,66.1218487394958,26.593199568679232,771.8064512563193,67.8285560323276,52.379337515290295,62.740867938508615,9.751973938982378,57.21298827931643,66.1218487394958,26.63750986852491,770.5228980251856,67.65664511390354,52.11803904379983,64.17734750015074,1.0673849484483269,0.4283636573954019,1.0711233663634052,0.4290694891360964
2025-09-09 12:45:00,10.996447410279073,57.41256020486955,66.1218487394958,26.596907139012465,768.7570225837854,67.52042686789659,52.169029368654485,62.80604003971227,9.694702039944861,57.22046769138881,66.1218487394958,26.6383100052398,770.4660940349418,67.64201167960533,52.10785375626109,64.21094297272556,1.058531235703705,0.4290939439927004,1.0741923698137075,0.43049672002055905
2025-09-09 13:00:00,10.647819332020562,57.4030114910656,66.1218487394958,26.586277929876776,777.4883847099912,67.77441686494909,52.26584935291446,63.0704502538935,9.661302616020164,57.22292718839272,66.1218487394958,26.6401651959606,770.3581547079095,67.6391067844732,52.12056221517991,64.25286720498973,1.0697279375358242,0.4248255093677267,1.0777216573681094,0.4320422362529201
2025-09-09 13:15:00,10.031392733452892,57.37771199926609,66.1218487394958,26.595232507824537,780.8000015268029,67.5612444389003,52.281823855762696,62.79048327006564,9.658726817964196,57.22623408662484,66.1218487394958,26.641574497776404,770.149254335479,67.64179188277411,52.15098672186703,64.41479351616739,1.074004851657518,0.432073695057899,1.0812520272686992,0.43365453127275205
2025-09-09 13:30:00,9.747966790053688,57.23446732213191,66.1218487394958,26.548689691882466,780.1165018943634,67.46498828666142,52.51005320475741,62.84700902370105,9.667535048925027,57.22603750931483,66.1218487394958,26.64439610825582,770.0431665392848,67.64145255716622,52.17266901273297,64.56732879169317,1.074036295082579,0.4300206181586175,1.0846378133688515,0.43554994994308255
2025-09-09 13:45:00,9.516389522736844,57.22317683393796,66.1218487394958,26.57809706767688,777.246561779031,67.6600985701705,52.36244576184819,66.30951882259926,9.691726771967668,57.21965417189499,66.1218487394958,26.646361347683758,770.3126952705733,67.63622827790017,52.22345164362883,64.72099297652085,1.0820091542233772,0.430951406215658,1.0879684591512542,0.4372424102739801
2025-09-09 14:00:00,9.457046858942602,57.26021666241954,66.1218487394958,26.581769673792703,777.5764838080019,67.67807210188342,52.69017568136972,66.51211711375494,9.742792575055631,57.21008119237495,66.1218487394958,26.64831755885532,770.4316918838962,67.65752866926239,52.2672374643765,64.8894231494157,1.0976340767576391,0.4313762684763981,1.090781857813993,0.43877775209995573
2025-09-09 14:15:00,9.784710221616724,57.28499854453026,66.1218487394958,26.660839600506897,769.2813293564897,67.23666147821442,52.76633838642917,66.53748308239835,9.808571020576323,57.199159219651996,66.1218487394958,26.649813128738376,770.2031158591393,67.67309864908587,52.320390447124126,65.06172245208201,1.1058623944659287,0.4308394945452204,1.0934801157731726,0.4401937818253872
2025-09-09 14:30:00,9.240704884392754,57.237272234360766,66.1218487394958,26.669903249727888,772.513876891526,67.63779526461715,52.728230694816496,66.48242405036767,9.87621395073799,57.19259799710596,66.1218487394958,26.653001764601942,769.9285370626744,67.70185083431744,52.358181453402445,65.10514998954186,1.1066164275706236,0.4349310755994434,1.0963149864535062,0.441953003534145
2025-09-09 14:45:00,8.518172520423061,57.13281696428668,66.1218487394958,26.68273102753508,766.8267262504289,67.34264157272331,52.27283041597266,66.4270626647693,9.947496827713667,57.19207652609597,66.1218487394958,26.65710574278695,769.5820463887964,67.73275417350618,52.407680442879034,65.14956265678191,1.1078833266334998,0.4410618888649015,1.0998951189980786,0.44370621219289524
2025-09-09 15:00:00,8.399916210150197,57.17026561659457,66.1218487394958,26.71873516427368,775.3507004672379,67.90926731972412,52.22583168671032,66.74340138100463,10.023777425786882,57.19120709666186,66.1218487394958,26.658555724799267,769.2556325995172,67.75336165617982,52.44845728367763,65.17677793783334,1.1016711332249989,0.4494051527299456,1.1030327110701208,0.4454037492062941
2025-09-09 15:15:00,8.16510274274492,57.28865894946063,66.1218487394958,26.75259442608738,768.3395762346337,68.21638795303983,52.02906763419213,66.5668756605091,10.093624332451054,57.19319159119564,66.1218487394958,26.657672979193105,768.9992775817198,67.75593861883006,52.48535873476914,65.2054701231281,1.115477423224328,0.4533448110597528,1.1056747126323117,0.44695523738158166
2025-09-09 15:30:00,8.655309351959739,57.26553899064656,66.1218487394958,26.70773535404405,775.2461722197532,68.08207973377691,51.849627650693485,66.47684915670686,10.157676484671017,57.20239630344688,66.1218487394958,26.65607144708655,768.9798570447831,67.77427995985526,52.520471831597575,65.22648179320133,1.122242967364237,0.4590724374409788,1.108213093854133,0.448177758173558
2025-09-09 15:45:00,8.962400978534832,57.31068765655938,66.1218487394958,26.68373538570588,775.8202831932722,68.10558781689552,51.808208244157576,66.42229608135892,10.206324921733483,57.205631266406165,66.1218487394958,26.653493192303543,768.6878285997152,67.77936700566663,52.53873933048428,65.25945575845994,1.1310335771131783,0.4544504858928533,1.1106303306307832,0.4492757392956531
2025-09-09 16:00:00,8.94269968963436,57.240261328639896,66.1218487394958,26.69568239932748,772.8416369144527,67.84591867268826,52.12570946364612,66.58139145558843,10.240717106562576,57.21512274431653,66.1218487394958,26.650329553740296,768.3433839745335,67.78377003444736,52.5716189809091,65.3119027559628,1.1255515891632617,0.4595172043973949,1.1134591487397643,0.45033581519277716
2025-09-09 16:15:00,8.743689359746641,57.225838037403726,66.1218487394958,26.752353208431867,759.1707452929285,67.59442110057262,52.29587391104605,66.91595671017099,10.269139966960504,57.217310210527685,66.1218487394958,26.646425977598806,768.0939256787808,67.76727921185689,52.60355870921465,65.35925647337554,1.123160666101204,0.4645986004048734,1.1162644613528705,0.45120596447328915
2025-09-09 16:30:00,9.09169557168794,57.258767277082576,66.1218487394958,26.763734516223817,759.1672381902173,67.41229643850406,52.90064347107793,67.1631587820366,10.306032032626465,57.208241763528726,66.1218487394958,26.642316304103936,767.9101897977185,67.75620464926966,52.63191599562194,65.40308906440455,1.1280324279617229,0.4680827793874423,1.119028783596757,0.4522959403434112
2025-09-09 16:45:00,9.680797189454726,57.22477374179204,66.1218487394958,26.77375276128706,760.7362691079245,67.71274191599504,52.75566740022597,67.16408223659185,10.338168381762335,57.19734771870924,66.1218487394958,26.63841542895963,767.7455043333738,67.76061523075083,52.65721025278803,65.44303093039042,1.123395021441765,0.4660494586224863,1.1218908397682097,0.45328986939358124
2025-09-09 17:00:00,10.34838172499151,57.133324234947175,66.1218487394958,26.75108642988107,763.7334311970649,68.04392060358586,52.74379804567924,67.12529266273744,10.373494446522388,57.187516282149055,66.1218487394958,26.63412913548203,767.1319830504168,67.76821126636916,52.67186910925039,65.46443433835587,1.1296658813367362,0.4715694651387616,1.1245098403932812,0.4544072648380048
2025-09-09 17:15:00,10.937689684943988,57.05582802287943,66.1218487394958,26.728782987881733,769.0878980039857,67.31617722890965,53.02952687231369,67.27100134120846,10.412990677340154,57.178065255508976,66.1218487394958,26.629327511590425,766.3766713166075,67.77252170704809,52.69902092336771,65.50058933519722,1.14067379875182,0.4639942315470821,1.127333178241061,0.4552971148358106
2025-09-09 17:30:00,11.109941967852638,56.97671418297199,66.1218487394958,26.714633762133108,762.8114607275563,67.79074192920086,52.94150292751859,67.5325832658525,10.446458851294928,57.16998447176757,66.1218487394958,26.62720603943109,765.5856009770897,67.7740850376316,52.7213773156208,65.5281771466032,1.1262468711574711,0.4654257026341045,1.130193819722149,0.4561008759959803
2025-09-09 17:45:00,11.29545756362953,57.04725105827711,66.1218487394958,26.656151819810333,754.9745427593098,67.87133743695455,53.28326710923535,67.66133625061285,10.489401734717557,57.16234356013051,66.1218487394958,26.625159536119828,765.1858620468269,67.773238175322,52.75168098794872,65.44368035518582,1.1295726970898827,0.4699922893958949,1.1327432309555832,0.4570881059797239
2025-09-09 18:00:00,11.242111416435788,57.056199741542336,66.1218487394958,26.65787527993754,758.4616297894734,67.86061766653265,52.96206751940343,63.91819288437833,10.56164659811395,57.15180695063759,66.1218487394958,26.625090965816963,764.5695184187693,67.76709492208985,52.77623219484997,65.34359167627959,1.1382621922516845,0.4676597600165827,1.1347856049996803,0.4577903128662674
2025-09-09 18:15:00,11.67204020132698,57.13513410642407,66.1218487394958,26.636676919213585,755.787021707395,68.20089124170994,52.98804539694655,63.84555190649149,10.63117522752898,57.13939977233472,66.1218487394958,26.621056155564474,764.3238506702296,67.77195288514673,52.79600296812964,65.23609271180636,1.1455650963460875,0.4665980862639974,1.1362221272458268,0.45848721971638257
2025-09-09 18:30:00,12.58401310728451,57.16722371355113,66.1218487394958,26.59220533604859,758.9099700756293,68.03318144387323,52.972634346955886,63.56225153126159,10.720532634854948,57.13304319568174,66.1218487394958,26.614898239438244,763.8875302611691,67.76142445377235,52.820550749076844,65.13214428085158,1.135289181732793,0.4641738524609601,1.1381154902824748,0.4591781824626532
2025-09-09 18:45:00,12.751950651248462,57.14923717128261,66.1218487394958,26.58131529885399,760.7782745395334,67.97972577046448,52.905943146728745,63.49576815184677,10.824370241097533,57.128085159552946,66.1218487394958,26.608604465631846,763.9148241630626,67.76146370422495,52.84165337598468,65.03275669390474,1.142061840590051,0.4582211068608299,1.1397947155012116,0.45986240568899067
2025-09-09 19:00:00,12.41462816817899,57.31129121366657,66.1218487394958,26.562806621112525,769.037628601957,68.07496510302406,52.86720595804168,63.58065846822455,10.935058928499496,57.124106018077505,66.1218487394958,26.599265950698072,763.7547770872605,67.74642638704107,52.874111080269955,65.05017689922416,1.14545922720204,0.4565423785264352,1.141225557693424,0.4603242123451788
2025-09-09 19:15:00,11.690624213863371,57.12746136468599,66.1218487394958,26.545550843732432,762.99530128825,68.16536399291289,52.82362497900112,63.91526355667583,11.07718242152182,57.11487624244394,66.1218487394958,26.58878687964692,763.5852546132062,67.71590872346268,52.912897743186804,65.07835223356314,1.1415576236174496,0.4563466576992055,1.1419758186798972,0.46067492081614336
2025-09-09 19:30:00,11.188943257420796,57.28529905853201,66.1218487394958,26.526620910496494,766.4320453209627,67.90597902519207,53.03573254416149,64.27579410761295,11.223246444779477,57.10413156254062,66.1218487394958,26.58141720064985,762.9696686773626,67.68098594781787,52.9545195845859,65.10440711051393,1.153366501889891,0.4543444633517179,1.142243915824913,0.46076213402787614
2025-09-09 19:45:00,11.382816113248309,57.1998101040734,66.1218487394958,26.497102446966625,770.7226046751464,67.19187248380656,53.13666873088864,64.03653235062541,11.382753733906856,57.08950927443273,66.1218487394958,26.57379413535072,762.2675322051563,67.65668641312574,53.00372720915646,65.12507361798403,1.1459574749464927,0.4532524526934071,1.1417302898591453,0.46098882174971817
2025-09-09 20:00:00,11.980101540537529,57.05145507798025,66.1218487394958,26.46990936383312,766.2943748244536,67.49631915471036,53.2300561075089,64.05584566937905,11.557168213103397,57.07528308263665,66.1218487394958,26.565069051729274,761.5030635584662,67.63828093068801,53.059223255076596,65.1368555795309,1.150314615764919,0.4610629334990637,1.1419208590178225,0.460847470797443
2025-09-09 20:15:00,11.960537884355183,57.08573886028485,66.1218487394958,26.47988088468333,763.8164586534409,67.65274431233193,52.92785708363735,64.00429601928832,11.733983096176052,57.06154552254771,66.1218487394958,26.554055146917715,761.3655408592539,67.62780212920939,53.114696408907044,65.13330718677861,1.144392920847287,0.4589118154978039,1.1418011266239856,0.4604288424463453
2025-09-09 20:30:00,11.707601274822116,57.10806839426021,66.1218487394958,26.457689125548725,759.0827462212825,68.00229793349877,52.7056150467852,63.71255249285704,11.911057750740051,57.04740901684021,66.1218487394958,26.542246647574682,761.400682553207,67.62560410894271,53.15022224845818,65.11259558012954,1.1482979562879745,0.4583473727004322,1.1414523512355261,0.459969459656727
2025-09-09 20:45:00,11.216279657985842,57.0941812000636,66.1218487394958,26.451183791076417,758.1406495125198,67.69055765926801,53.09637827928236,63.8751331753062,12.081553615836397,57.0320776029737,66.1218487394958,26.53000829361004,761.3083159012486,67.6306026587934,53.184809161788166,65.09074865847546,1.158704987090909,0.4587691949920713,1.141148448752653,0.4597244488936961
2025-09-09 21:00:00,10.752012008696967,56.992043809889765,66.1218487394958,26.48504552710248,756.3843917088326,67.51188820416698,53.18074497234983,63.6746433658802,12.25171067942216,57.020428154324435,66.1218487394958,26.51873721640101,760.989696454446,67.6113254126601,53.21736605567267,65.06681411659386,1.159855539515224,0.4541334529637124,1.1405344621570102,0.45927709755121593
2025-09-09 21:15:00,10.804676025415691,56.99394948482607,66.1218487394958,26.516701968339017,765.2543938711467,67.63469270088288,53.27155593168586,63.77461508007785,12.407214467371025,57.00935295243952,66.1218487394958,26.50965534861392,760.4493478784938,67.60440595171663,53.23276692075626,65.04204837418362,1.158491491226401,0.4605683057279609,1.139342807065501,0.459024488216907
2025-09-09 21:30:00,11.624392760834418,56.94411837763226,66.1218487394958,26.57971256470668,759.0861749662736,67.49377450491892,53.426711888407176,63.50945674656795,12.545652709507012,57.00028204283706,66.1218487394958,26.502329809075015,760.3503217216901,67.58030399927556,53.24787558793556,65.007185210556,1.1589052980805432,0.4524424750727063,1.1384969139844192,0.458748454971937
2025-09-09 21:45:00,11.87056910406758,56.91278319544384,66.1218487394958,26.539795292932283,761.911296900303,67.3824003699206,53.359461584819336,63.31251414820182,12.664615415461755,56.98663937796959,66.1218487394958,26.494945000854145,760.3435964176605,67.56452402844006,53.23666716228241,64.9547593736935,1.1489580618503288,0.4517467000486762,1.1374737796605154,0.4584044762506548
2025-09-09 22:00:00,11.921427104171824,57.04657493477158,66.1218487394958,26.485165765940923,759.4242646197062,67.3219423233857,53.464664123232815,63.363971121724006,12.765159107389179,56.970727011380355,66.1218487394958,26.4892358708242,759.9098371318022,67.54653807478275,53.24359971378812,65.03025113686238,1.1634173186700676,0.455659957987559,1.1361548297175148,0.4581255591335884
2025-09-09 22:15:00,11.633300707700569,56.984075880422665,66.1218487394958,26.49391781334312,767.645543307235,67.34381908630135,52.90590922320729,63.445435056364495,12.859177162370628,56.9529772647588,66.1218487394958,26.484720436730257,759.6009039980696,67.51970749505219,53.24638816695355,65.1118612055395,1.158260083195601,0.461588585655028,1.1344747030719167,0.45787284803422496
2025-09-09 22:30:00,11.720576832209092,57.050891372331215,66.1218487394958,26.438579716260534,770.5492881931796,67.45814780420748,53.19956281526876,67.26600754058687,12.925760879656604,56.928158325321,66.1218487394958,26.481588962096794,759.1615812058591,67.49639532617212,53.24374809322553,65.20553040617622,1.1445963989913746,0.4632593524155888,1.1331681710805923,0.45772087395202965
2025-09-09 22:45:00,12.428807533414671,57.01176568045376,66.1218487394958,26.43822229455285,763.253902013,67.30085804568795,53.19266752169767,67.41213569067837,12.98725414393687,56.90463420728564,66.1218487394958,26.478650660068226,758.7201213817681,67.47463501920276,53.251650189879236,65.31558149108146,1.137985252818523,0.4638660651886905,1.131622549467428,0.4577055352702309
2025-09-09 23:00:00,13.037230049689455,56.94319859354725,66.1218487394958,26.48664498413176,756.7785941444452,67.03439646443294,53.09828289266648,67.25849546523075,13.035637567362292,56.878653320128464,66.1218487394958,26.47501946561983,757.8463627102177,67.42019477252703,53.25979344277592,65.4203544270472,1.130285881714703,0.4616888337929622,1.129878139068307,0.45755922118963704
2025-09-09 23:15:00,13.747619652356171,56.87201901332238,66.1218487394958,26.455043426732114,754.7561890270825,67.37660177613162,53.28443698127445,67.04229130546199,13.079211189589595,56.856024027580744,66.1218487394958,26.47267052755618,757.063677179242,67.40232269305544,53.281958899149366,65.5072043892087,1.1156247981401526,0.4612511175481135,1.128085126603582,0.4573983262627489
2025-09-09 23:30:00,14.1751340655306,56.813475574757625,66.1218487394958,26.43392989068419,749.9075775137537,67.29375419955639,53.79059084124991,66.93485030199446,13.127877688888837,56.82759337057756,66.1218487394958,26.469400259286775,756.2132093525064,67.37401475473169,53.291589062437,65.4595714312131,1.1312686639235732,0.4552766758291393,1.1262229709034306,0.457469876591038
2025-09-09 23:45:00,14.048135851926348,56.81371123473568,66.1218487394958,26.421936064084974,755.0450643165567,67.28005705621395,53.96006852595948,66.80950492760236,13.175174801358382,56.80012953408745,66.1218487394958,26.468437231064406,755.2353144234362,67.35394944079115,53.29914221054127,65.42089520831877,1.1195686942861034,0.4520397498719447,1.1241212082852445,0.45726825407905297
2025-09-10 00:00:00,14.403935208607905,56.83467210585757,66.1218487394958,26.40947953593288,760.2214890088114,67.34635583050347,53.9664186576122,66.54181058256458,13.224380841286633,56.772958290700394,66.1218487394958,26.468304879980256,754.3746097405832,67.33682677434845,53.304759772297835,65.38051150806086,1.1175691663079343,0.454301295698891,1.121592615829083,0.45686185992110795
2025-09-10 00:15:00,14.79567314234507,56.764831325796585,66.1218487394958,26.40660214234784,757.9652695491692,67.86269841151609,53.79327480012552,66.50867458696953,13.284548795843673,56.7448886786677,66.1218487394958,26.468870513052764,753.2402086042338,67.30967634259416,53.31504932495469,65.34647087708771,1.114277946955574,0.4586991357315607,1.1191027702236682,0.4564195393948042
2025-09-10 00:30:00,15.45309363256443,56.78384077546916,66.1218487394958,26.412954113610105,754.1748477929895,67.46560321958644,53.72050486221433,66.40725640628933,13.338019919525493,56.71279927225021,66.1218487394958,26.469095271193158,752.5689641385519,67.28369970920782,53.32551293934484,65.3169107465942,1.1112462834674437,0.4581489248643548,1.1158799511918926,0.4559446936038859
2025-09-10 00:45:00,15.602803323409889,56.72357196633231,66.1218487394958,26.456326954269056,752.8774407254197,67.10859340060549,53.49155282482127,66.52802906890147,13.384657215058985,56.67801018247066,66.1218487394958,26.46977164479135,752.1269188146978,67.26341456434254,53.30634949819053,65.28567214641616,1.1049241460065489,0.4564159515178145,1.111631752358435,0.4554708599000908
2025-09-10 01:00:00,15.263089231932266,56.70458689489788,66.1218487394958,26.494867575965912,759.8406760234465,67.06768335596891,53.39476294289779,66.48668835702354,13.455868531524219,56.646148965064754,66.1218487394958,26.46995530357469,751.5588360929685,67.2421925634455,53.28458159556565,65.24983392187492,1.1008700787250207,0.4571447052850052,1.106776279047459,0.45513972126979657
2025-09-10 01:15:00,14.864338742271832,56.63797111225298,66.1218487394958,26.434607573184238,754.772783638417,67.39793831188948,52.9470143396408,66.08856114473798,13.530429697250026,56.612850769620145,66.1218487394958,26.469933202544563,750.7924774894693,67.2294179758063,53.25608722498456,65.21186711872433,1.098878667372766,0.4596729277574292,1.1019647845808036,0.4544448228883092
2025-09-10 01:30:00,14.25842217425854,56.578828743865216,66.1218487394958,26.48660137903916,745.4488512137277,67.32103905681365,53.17004406457478,66.18294577944458,13.598285450830133,56.578289389923114,66.1218487394958,26.46801187106154,750.0940715214635,67.22748696916292,53.21110792586639,65.19208220278205,1.0986936939616676,0.459292246504591,1.097394339813774,0.4540486566472409
2025-09-10 01:45:00,14.49258185077044,56.60264170777752,66.1218487394958,26.501213896395367,746.5190276954163,67.39597384979277,53.07169899190934,66.29385396680526,13.661888164791689,56.5404206202691,66.1218487394958,26.467414762487387,749.3837597137006,67.23185709973934,53.16928446453012,65.18099888196186,1.0951612969781448,0.4590167532830947,1.0927420418959328,0.4535588333814539
2025-09-10 02:00:00,14.58152462586374,56.4226555304173,66.1218487394958,26.498261097044583,745.7302863093153,67.33381637747135,52.89343213511512,66.3723275503629,13.732845971472852,56.495431618077625,66.1218487394958,26.468739825641457,748.7520832526102,67.21455911621938,53.124588062886204,65.16036603427919,1.0960932219930628,0.4596146299950995,1.0876392103730599,0.45285138305770845
2025-09-10 02:15:00,14.596748579656436,56.443513630221766,66.1218487394958,26.493166237997027,747.5344798168057,67.32691656138388,53.14300604634012,66.79730069900425,13.810384674024839,56.452439514303286,66.1218487394958,26.468236846804434,747.8619460269714,67.17991957411074,53.103783644379284,65.14422684996656,1.0956931921951178,0.4577609464068673,1.0834893641992618,0.45204237657324536
2025-09-10 02:30:00,13.866130870941662,56.5318645989512,66.1218487394958,26.453870787660676,742.824868455443,66.44175770275189,53.11150354494218,66.72384654719669,13.872433171775652,56.402960685619455,66.1218487394958,26.470621316980417,747.0149425722276,67.15946517729772,53.068013936610676,64.99275228010929,1.0931269152284118,0.4521529561086193,1.0797979618103475,0.45126420614549667
2025-09-10 02:45:00,12.997832880682468,56.44858258825446,66.1218487394958,26.47508270182284,739.5147353589809,67.62920160876548,53.488588670204535,66.52076242152091,13.919111688823202,56.35185551881704,66.1218487394958,26.473635508919813,746.290871508698,67.160514981013,53.0347963063818,64.84407607446055,1.0877672496756958,0.4515198098925617,1.0761794913005915,0.45042913677240365
2025-09-10 03:00:00,12.648938236398092,56.43237934843646,66.1218487394958,26.428512862414344,740.9180105188931,67.05674087547938,53.32463744279038,62.84680536774485,13.959930939964295,56.303762406372954,66.1218487394958,26.474980888360463,745.8672228350922,67.17086419300787,53.002201302329276,64.70113006076424,1.0975018308853537,0.4564909732003924,1.0725900886260633,0.4492753990474322
2025-09-10 03:15:00,12.801729487334573,56.37589500937022,66.1218487394958,26.4682116002956,741.3857568030396,66.58991306559066,53.3632631740168,62.876245663795366,13.96597841011475,56.258296703284344,66.1218487394958,26.476849533897393,745.2402817831011,67.17565805689303,52.97864197255708,64.56501531775916,1.0829045964009043,0.4472037773338549,1.069241658592762,0.4481720213257336
2025-09-10 03:30:00,13.456282738385108,56.236317776368296,66.1218487394958,26.46593883130861,740.4732343388632,66.98263916142916,53.39858296020576,62.844334661641945,13.95043756942683,56.21243032158766,66.1218487394958,26.480494454236222,744.7489171827009,67.164795338179,52.93819395143228,64.42606698293244,1.074456842080075,0.4488711087607135,1.0656515826871777,0.44736039503212444
2025-09-10 03:45:00,13.765576521066343,56.243650499304174,66.1218487394958,26.49684987685858,729.7844245629597,66.83823135970299,53.236543663343234,62.98307709009384,13.915827791736211,56.16575358329486,66.1218487394958,26.484015070687022,743.9343784711225,67.1536688263409,52.88495203148508,64.29433727593077,1.0696975526848438,0.4456421997086893,1.0622384658466428,0.4467027798731024
2025-09-10 04:00:00,13.31173498527676,56.14538620173543,66.1218487394958,26.464431869760464,738.9454122508241,67.22299893190899,53.01952347848944,62.82574857805171,13.851793322368621,56.118261054981055,66.1218487394958,26.487880941325624,742.9839260348597,67.15880320224274,52.85163530598543,64.30186848162852,1.0516133853347045,0.4441019989728846,1.058709790650637,0.4459645858666829
2025-09-10 04:15:00,12.615398523990631,56.05050850667725,66.1218487394958,26.47147499902228,744.8792897968979,67.08200331330956,52.52147504465318,62.93797516996487,13.76264358390694,56.07396134805754,66.1218487394958,26.493467207801,741.9916918587801,67.13820688494484,52.830675717303265,64.30289349279724,1.031259022087183,0.4445541838782194,1.0552303315425344,0.4447864185371741
2025-09-10 04:30:00,12.88835150265396,56.036207287712585,66.1218487394958,26.490555290602572,739.34191005695,66.87522817725535,52.52770789360347,62.59949662964311,13.658317973732228,56.02649816576342,66.1218487394958,26.497459048064016,741.017382256066,67.14393526554069,52.80071395219297,64.29628406922826,1.0141913401859397,0.4441992940548832,1.051813450970475,0.4438517178547381
2025-09-10 04:45:00,13.041510997189976,55.99500362148768,66.1218487394958,26.51603893743531,742.263635766173,67.25145507170718,52.41672481425324,62.635610985559886,13.544109403319416,55.98211820948939,66.1218487394958,26.49836523953825,740.1746945058673,67.16932175210422,52.77953433871853,64.27973981516723,1.014146657226738,0.4397213542833411,1.0488611813919453,0.4430859813456802
2025-09-10 05:00:00,13.660065368237513,55.907276986721286,66.1218487394958,26.522072620216004,738.1339959261021,67.43584430561766,52.077332914862126,62.91590926829984,13.409098434649197,55.93722708761795,66.1218487394958,26.4991706827074,739.1602388948577,67.16586284079771,52.757174981719636,64.26884182723823,1.021791955069665,0.4405574878406598,1.0458860781196497,0.44211869139348436
2025-09-10 05:15:00,13.778650522914315,55.77672010582364,66.1218487394958,26.52188203570753,740.6019426674117,67.51350428721328,52.10475774473107,62.98001452359576,13.263804985528576,55.89350944093232,66.1218487394958,26.50087350035435,738.5243219066876,67.16831356708039,52.76233611606829,64.27598786090623,1.009389124315096,0.4370520020750637,1.0428843098469731,0.4411963255603417
2025-09-10 05:30:00,14.050161304606732,55.69690486902731,66.1218487394958,26.52491766056316,740.4739707869988,66.80300281778653,52.123772073915234,62.74498569124411,13.114798190941935,55.851989884307194,66.1218487394958,26.499646974344273,738.3439129518672,67.16224171610925,52.76513102534325,64.27706609646867,1.0103323729838805,0.4344364482751965,1.0394418968834997,0.4401135493851296
2025-09-10 05:45:00,13.959461784260162,55.69431276719252,66.1218487394958,26.478828448232463,740.9414265380674,66.30463282304206,52.28177666799999,62.96125952698577,12.963411331942977,55.809558506498526,66.1218487394958,26.496153999646342,738.0220431943145,67.15640620902342,52.750711988609424,64.27487565185415,1.033764697981653,0.4373183911211353,1.0360248429462837,0.4390936954224093
2025-09-10 06:00:00,13.582031764733507,55.5665265118164,66.1218487394958,26.510113821540045,745.1391845508638,66.84451589981705,52.12647158221058,62.721770444868746,12.812239411253957,55.770076093960576,66.1218487394958,26.494305841642724,737.6973362823247,67.1584778257254,52.74736866268151,64.2823253885663,1.0338543273239515,0.439914239583129,1.0325848287398773,0.4378335931627099
2025-09-10 06:15:00,13.82916304484118,55.47861067638096,66.1218487394958,26.528648052734724,741.5317701071183,67.33235215714618,52.19613861483109,62.95184952121566,12.651204684320184,55.728140624563245,66.1218487394958,26.49458163059848,737.3458631108241,67.15891573072481,52.72265476580628,64.28044701963435,1.029431137525836,0.438813983995898,1.0296533805037305,0.43681805341290314
2025-09-10 06:30:00,14.261807583922211,55.50040522022479,66.1218487394958,26.527006367351287,744.0691339362719,67.34487282427932,52.12043277109088,62.97011505434228,12.506440253055278,55.686368909396684,66.1218487394958,26.498286556255454,737.0168371165703,67.18980850211747,52.68834239772744,64.26922481451707,1.0226038014788572,0.4270767020438178,1.0272778933900877,0.435853774573002
2025-09-10 06:45:00,13.929043756869788,55.50804792066421,66.1218487394958,26.511102792840003,735.9479574673437,67.52041769268607,52.57765708810851,62.95884901530921,12.374449750340021,55.6478798819988,66.1218487394958,26.502423301776542,736.6067586206071,67.18280858833947,52.64800006194374,64.26443113830913,1.0151718971411088,0.4281497858971563,1.025247743157807,0.43479915141873865
2025-09-10 07:00:00,13.708908844892976,55.43748412385694,66.1218487394958,26.54327750084892,735.1666395017489,66.96787263813617,52.57715020750605,62.76640025719274,12.258143265331178,55.61252339764314,66.1218487394958,26.508555968775433,736.0333205424565,67.19448245379311,52.617531813632034,64.38701784412835,1.02356638675605,0.4309278870208664,1.0224736613961425,0.4336010621013509
2025-09-10 07:15:00,13.009842521207824,55.41340908595164,66.1218487394958,26.52755455760911,730.6089029692076,66.94626170107037,52.36281092754329,62.85761371755239,12.155665014584391,55.57845045814775,66.1218487394958,26.513618743362308,735.5549599936255,67.21230424581205,52.58889988952299,64.5045255404628,1.0171751890700576,0.4323112951012831,1.0205148421892467,0.43266118358076255
2025-09-10 07:30:00,12.48290112758018,55.40989625644352,66.1218487394958,26.52545565509095,731.7079159209247,67.5003871075589,52.96691689262296,66.76774675349687,12.04865249177488,55.550405662198635,66.1218487394958,26.52055138911729,735.2041721889261,67.21303140146141,52.563692654538634,64.63325044977059,1.01170891042776,0.4321554755063052,1.0190201939363304,0.4315777010668685
2025-09-10 07:45:00,12.121180988494649,55.435840118091214,66.1218487394958,26.574190136609086,728.1982442667812,67.2448088925791,53.16448713966043,66.53942492203127,11.945902056298761,55.52398166339648,66.1218487394958,26.527734133284316,735.0553988508107,67.22368590763061,52.55224293174733,64.75868569050226,1.0098941737124938,0.4233541158462954,1.0180517773136606,0.4305067771813041
2025-09-10 08:00:00,12.323325327323085,55.35994530664556,66.1218487394958,26.5327093215006,724.9455597115619,67.6374546374616,52.8216519089054,66.20897369922021,11.859567765430205,55.49962676993601,66.1218487394958,26.535835898842073,734.5127165447027,67.20213066380605,52.547853167017074,64.90737994951142,1.0087398663056617,0.4301079043912761,1.0175135236820572,0.429708721248483
2025-09-10 08:15:00,12.17654621102552,55.39217327811135,66.1218487394958,26.483512698495943,727.5968082194618,67.87018799751175,52.85616442058795,66.03170144707038,11.785553666548598,55.47839953642827,66.1218487394958,26.546745548000835,733.9849859171266,67.20718573059658,52.55612044510368,65.04949024469798,1.016356058650659,0.4334438562460769,1.0177778155262942,0.4290862816779072
2025-09-10 08:30:00,11.212760171825746,55.35785323875432,66.1218487394958,26.5190308710405,729.4070076931581,66.96391601677387,52.72398223293088,66.1597487191539,11.69835161582533,55.454043754200924,66.1218487394958,26.55751591648198,733.5911362497886,67.22013790084699,52.552730404175854,65.0890435751492,1.01161698055615,0.4281260067191303,1.019208197830985,0.4284623418799152
2025-09-10 08:45:00,10.50553526865316,55.326441711684325,66.1218487394958,26.48569210259268,735.695273993318,67.4714601003695,53.10184837010066,66.30294215477743,11.622568024217843,55.43292411289811,66.1218487394958,26.565508433052333,733.2808815212103,67.2215062772265,52.550442547639406,65.12746132943623,1.0088256191924676,0.4320019527631497,1.0211425428766159,0.4279752457451304
2025-09-10 09:00:00,9.788218336659316,55.333242045111696,66.1218487394958,26.449805598736948,740.036582569116,67.13888352767947,53.25389134282354,66.21529284631816,11.547140255492963,55.411900852596546,66.1218487394958,26.574134929969706,732.9923263295708,67.23107233007883,52.55187023502961,65.15266165144838,0.9954213050574704,0.426808961248227,1.0229155548358502,0.427454264874716
2025-09-10 09:15:00,9.950976080801691,55.32970037351736,66.1218487394958,26.396424655457437,736.8629349688341,67.22090863721776,52.63912788989467,66.22814062836915,11.472161637638804,55.3969864343138,66.1218487394958,26.58465925617645,732.7637563673958,67.22230832762007,52.55054160076715,65.1803182049114,0.9926496788616644,0.4284211344014856,1.0251131118715895,0.42691282791227786
2025-09-10 09:30:00,10.046367005193169,55.23818315427858,66.1218487394958,26.442816356936035,735.9890789496226,67.39596487853099,52.79313235727767,66.59581965172787,11.365687306879554,55.38455409582572,66.1218487394958,26.59513215391308,732.6114055684864,67.24542423414752,52.54515734266317,65.21819384659928,0.992892795800869,0.4218115622041203,1.0270852993709367,0.42649431454920295
2025-09-10 09:45:00,9.765706771643226,55.185449548301975,66.1218487394958,26.50143990666966,736.9902846717857,67.34005371136593,52.40158914008334,66.74094963104551,11.238377185674318,55.371659799304254,66.1218487394958,26.606190812003174,732.3200114483341,67.28540301259868,52.53618970345787,65.25035981974835,1.0077497451107116,0.4272947539126633,1.0284709628879307,0.42618037061041714
2025-09-10 10:00:00,9.523197932994425,55.27871314395438,66.1218487394958,26.565018557369964,732.9540886278274,67.36854084453196,52.08213250257692,66.3871803936787,11.113524902051989,55.35966701930169,66.1218487394958,26.616041630015637,732.1498349009001,67.31551610215698,52.52751273854867,65.28162678410366,1.021862301819125,0.4232245909115849,1.0298669197556192,0.42571946366691193
2025-09-10 10:15:00,9.03811779922482,55.29391176631788,66.1218487394958,26.59918506745532,727.2123804800874,67.41920419542524,52.27831859669341,66.37695213528224,10.98559895976236,55.35433434856721,66.1218487394958,26.6261342397774,732.1381544161123,67.3178344314796,52.524311063681274,65.29430807246331,1.0268627427072814,0.4198811152646606,1.0312874470651796,0.4253293345745137
2025-09-10 10:30:00,9.159743686132789,55.37168481776655,66.1218487394958,26.61249287238125,723.7148681743731,67.4069568390887,52.41058999343917,66.52440654232188,10.837701835880345,55.35061360944144,66.1218487394958,26.63605957405507,731.8472196998603,67.31869123013368,52.521295143931816,65.29673608737866,1.0142793780354162,0.4205482936787597,1.0322975292402201,0.4254244657860019
2025-09-10 10:45:00,9.727381964930911,55.353706824508805,66.1218487394958,26.62009483790179,727.0349403381101,67.1245668261589,52.50430545074585,66.40147655382845,10.698987159376268,55.34647895197262,66.1218487394958,26.64354497618997,731.8678391964975,67.32399591864845,52.51162837563529,65.29749413383983,1.0241400201940298,0.4190074217162059,1.0338568411717526,0.4257329611601204
2025-09-10 11:00:00,10.245907054099847,55.394973897894864,66.1218487394958,26.673918203958067,729.9496001978824,67.00445383090981,52.6423659106748,66.70608194087565,10.546901855764913,55.34395476739748,66.1218487394958,26.65186238240656,731.8876838196289,67.35065569658285,52.504613029700934,65.30868802169122,1.029617394492584,0.4163666333438908,1.0353971720277557,0.4259139851226738
2025-09-10 11:15:00,10.683063456782786,55.4509305352391,66.1218487394958,26.71233220186945,725.3212244194946,67.15786654477897,52.89305197960431,66.74613431204402,10.39496568518293,55.34123437853482,66.1218487394958,26.660090082270482,732.3084362666867,67.37388353880583,52.503151961393876,65.31330935073014,1.040645054004748,0.4135144831417565,1.0375845865006068,0.4259204478339356
2025-09-10 11:30:00,10.721706259220063,55.4147393979215,66.1218487394958,26.70748483649305,722.6649430675872,66.57634161717222,52.8878305365818,67.28657634832672,10.252664049694483,55.343456045217756,66.1218487394958,26.669784216851834,732.953713456676,67.39788438458334,52.47852830204647,65.18990102226832,1.035465776386603,0.4201603209882522,1.0400438336943532,0.42604688181065065
2025-09-10 11:45:00,10.394975557542406,55.41369150144509,66.1218487394958,26.798764473785177,729.047370969614,67.2336553170254,52.76949338725096,67.20128402556121,10.128925521712839,55.34368834270698,66.1218487394958,26.677160266365625,733.7376424061418,67.41045134258806,52.44172527534365,65.0740969247216,1.0391877774142966,0.4258809967609441,1.0420751308543346,0.4266173126909463
2025-09-10 12:00:00,10.272289980955952,55.305533820892265,66.1218487394958,26.813666345036967,727.5264200368144,67.26379328476813,52.42600666576887,63.78609654318002,10.002879441991626,55.345611141199385,66.1218487394958,26.68435571974245,734.8860407770213,67.41688510773187,52.40801327088273,64.97243843049732,1.057102809326664,0.425481100115127,1.0446304621233713,0.42707974042996233
2025-09-10 12:15:00,10.76800324896531,55.36141438240318,66.1218487394958,26.7558144345458,732.9559939088199,67.29250636309202,52.34808911815988,63.78814361417061,9.89006109181515,55.34773408796362,66.1218487394958,26.69338305815165,735.9867488840534,67.41633887380787,52.37391222458083,64.8757728730301,1.072177008595664,0.4251084702397965,1.0471009309763342,0.4274791519532867
2025-09-10 12:30:00,11.397232306491132,55.27657917767434,66.1218487394958,26.780867527737293,729.4773401769178,67.72282589118755,52.12016353656813,63.67191892866452,9.796989846014913,55.35083809118474,66.1218487394958,26.700403304223354,737.0555605183948,67.4346597875879,52.34493459549896,64.78026417631422,1.0749823138466958,0.4249280617282248,1.0497720871980627,0.4282490558424884
2025-09-10 12:45:00,11.529291987289536,55.32928755734131,66.1218487394958,26.837611821909874,733.7448438021577,67.25058421345076,52.0648987168572,63.80971112748652,9.723607762681494,55.35548871630739,66.1218487394958,26.70704280664205,737.7097872519412,67.42043313025421,52.30635310614931,64.68245823612827,1.075315835387272,0.4208088932019214,1.0525808246929342,0.42890674906691206
2025-09-10 13:00:00,10.85593138182924,55.32393471438503,66.1218487394958,26.839104592662046,735.9034468197199,67.49648001361027,51.96224433079588,63.88125494188037,9.6937594983122,55.35781053026655,66.1218487394958,26.71414516060079,738.2727506703608,67.43962572099586,52.28348126058519,64.70490601870685,1.0694979979643002,0.4218810473829499,1.0559667312199976,0.4298971025325737
2025-09-10 13:15:00,10.140158148103074,55.30748387154859,66.1218487394958,26.810588190935288,732.1996029335005,67.50399617657624,52.01274749184088,63.92623872145778,9.66958230103699,55.3628164228459,66.1218487394958,26.722006178449647,738.8353506279572,67.43932137276654,52.291114512292204,64.73294684951556,1.0753346034914752,0.42790007295756,1.0599764544320383,0.4308933957510213
2025-09-10 13:30:00,9.836463256063665,55.20674311173929,66.1218487394958,26.805638361913942,740.0338881278458,67.74790858656635,51.86616263493463,63.65977937552813,9.668875773692466,55.36781783599331,66.1218487394958,26.729949207011046,739.4408306829094,67.43437538780287,52.30428559297718,64.75229463822339,1.0757330333546014,0.4260870312779727,1.0639687386595134,0.43186603660125833
2025-09-10 13:45:00,9.991384776152271,55.31863055434648,66.1218487394958,26.831426345587552,741.1813555634803,67.40190203682425,52.1000883688093,63.33228817200502,9.696841568664274,55.376366648275884,66.1218487394958,26.73570042531715,739.8318132655666,67.44915992891146,52.31738343506459,64.76734588571733,1.072046956812655,0.4271101112239502,1.067219856570829,0.432711672402984
2025-09-10 14:00:00,9.824893867461803,55.38878304645184,66.1218487394958,26.8247663956814,735.3410924487071,67.37057678390192,52.02995517860696,63.04295550180312,9.746278237090161,55.3808855564716,66.1218487394958,26.739061554408085,740.1484181951312,67.45455729101732,52.338910644830534,64.790946801861,1.0529062667300664,0.4299306383884638,1.069936393750638,0.43380663121239593
2025-09-10 14:15:00,9.767603461747491,55.38400819659964,66.1218487394958,26.735664856886935,736.5665423664669,67.6795583481294,52.287654039212896,62.98159040914405,9.816738237399461,55.38659488073308,66.1218487394958,26.741279653201552,740.8079856054776,67.45155018697743,52.35776885000594,64.82219870810762,1.0619512550870822,0.4374046471207122,1.072821307274801,0.43488137198751514
2025-09-10 14:30:00,9.14634973655234,55.36175858660279,66.1218487394958,26.79279968734677,735.7619781956923,67.76766597616826,52.366689829475206,63.10221689273461,9.894459617479063,55.38793012649091,66.1218487394958,26.743348666894175,741.6133517365821,67.46189995598982,52.36408165761379,64.8413098358767,1.0697763124361486,0.4363586058974694,1.0762235551602664,0.4360330966514376
2025-09-10 14:45:00,8.451757403748264,55.33179742007179,66.1218487394958,26.77438555352665,743.2314763809379,67.64309696775973,52.31897887833162,62.99625358871992,9.963143814913924,55.398116243969554,66.1218487394958,26.747062152225233,742.0302380321003,67.47309564947062,52.36425421397619,64.86011527425936,1.0827976232555885,0.4325051764391345,1.0795235545245288,0.43727230844758286
2025-09-10 15:00:00,8.213852062926813,55.47654625693163,66.1218487394958,26.81627969253145,751.0662316206044,68.2204124808841,52.228207112200806,63.06549689964214,10.037819700989079,55.404025659910666,66.1218487394958,26.748489313085308,742.288625578307,67.48562368799335,52.360529066238165,64.87210944393034,1.0854863262401504,0.4359484948077576,1.0830981241641027,0.4386753424000183
2025-09-10 15:15:00,8.409025149045329,55.44280904276789,66.1218487394958,26.795471622022923,751.7161127507549,67.62181763272092,52.060396338575934,63.0653019956298,10.08990052113526,55.409424152869036,66.1218487394958,26.749297137124163,742.4621314468446,67.50255171616024,52.3553400215645,64.88979412263141,1.0708330885119373,0.4404670422551668,1.086509767994673,0.44030002533144963
2025-09-10 15:30:00,8.541942935686626,55.41762926141761,66.1218487394958,26.748572922805355,759.3975108379511,67.83046759177607,51.81029177507791,63.159218872491785,10.132282104465048,55.41716233203187,66.1218487394958,26.751171898995757,742.596380568063,67.53073219388317,52.34653869822797,64.89050453769643,1.0853998043767612,0.4439807365617559,1.0897994858995093,0.44193321152254056
2025-09-10 15:45:00,8.791995705731312,55.45586168103846,66.1218487394958,26.754332850771917,760.6180514304182,67.8538009797915,51.833133031530735,63.131734723053725,10.180144913590244,55.42281940799127,66.1218487394958,26.75085509134516,742.3315085892957,67.53179351361997,52.343453459043076,64.87644303505081,1.0904701242395436,0.4454262019458088,1.092880570433998,0.4433133927276175
2025-09-10 16:00:00,8.420622797818561,55.450973335388106,66.1218487394958,26.72963825319168,761.4713567234032,67.51354343017456,51.85465336047494,63.29448781767727,10.231847645590255,55.43158204523338,66.1218487394958,26.750538571019764,741.8610190184397,67.52180270635434,52.3423044335408,64.9754274333716,1.0917516672080116,0.4512231233951805,1.0954612746936045,0.44450047934313536
2025-09-10 16:15:00,8.304072768650695,55.46596046536383,66.1218487394958,26.684877175153478,755.3220759997103,67.04466038035889,51.94440368961117,63.36876394919906,10.27993521286439,55.44061612100845,66.1218487394958,26.75164032154288,741.0485604121039,67.50295813713682,52.34490015603131,65.08287295748717,1.0930877440386135,0.4517327494958588,1.097422120071389,0.44571541682900934
2025-09-10 16:30:00,8.892770405580464,55.4028964638863,66.1218487394958,26.66287621749921,756.9254851217005,67.71466124992912,52.56773597589999,66.88872632367554,10.307527261524491,55.44959854563397,66.1218487394958,26.752912722867652,740.2457016809185,67.48120621681376,52.349816283937486,65.19727498592795,1.0969985008693706,0.4565195652180757,1.0990815068999849,0.4468960985975851
2025-09-10 16:45:00,9.225660162545315,55.47987715089791,66.1218487394958,26.63225519092309,753.74093369673,67.21177819033825,52.868125441104944,67.06936555263016,10.329413740092262,55.45562636281177,66.1218487394958,26.75013446680855,739.097220366839,67.47954192518375,52.367937105135255,65.30988815727663,1.1129413752228798,0.4583099309549148,1.1000388430347232,0.44834901204589006
2025-09-10 17:00:00,10.025171184857545,55.38822554870091,66.1218487394958,26.68110721377811,754.1534805981845,67.24758532962103,53.18826477782692,67.17625331296286,10.366494830039663,55.45805449986329,66.1218487394958,26.745998733108593,737.9343594373826,67.46136659777848,52.39023158570406,65.43230184105855,1.1126613226251194,0.4509907877112298,1.1007972584031938,0.4500595243174602
2025-09-10 17:15:00,10.604680620797476,55.44191391677908,66.1218487394958,26.673976455852863,748.7197621515031,67.78358994462343,52.79452440270581,67.19248705586408,10.406741376738955,55.459038753688944,66.1218487394958,26.743997880006415,736.7950102551797,67.45181562752474,52.39741789383007,65.43047970811612,1.105283282450188,0.4526638279644347,1.1014384215666364,0.45165984978673596
2025-09-10 17:30:00,11.006297985771022,55.41428038982563,66.1218487394958,26.665852430097964,742.4522365147684,67.5304617077075,52.72794879555517,67.09520787798873,10.44978858574359,55.464439848346814,66.1218487394958,26.742046656579753,735.4618023683189,67.43087045163551,52.417275692996746,65.43667799054832,1.103358417213395,0.4560733551939439,1.1023278531455607,0.4532617455074169
2025-09-10 17:45:00,11.151917808503784,55.46519149416236,66.1218487394958,26.66572803125927,746.9994027904795,67.32899107422848,52.844064751955415,67.31450932268109,10.499023370978575,55.46907127346727,66.1218487394958,26.739847600342305,733.7653581749706,67.4429705468101,52.421244660102694,65.44997335711452,1.113410148432166,0.4521233385182347,1.1033164422036161,0.4546340476845882
2025-09-10 18:00:00,11.491385088520808,55.41174219050152,66.1218487394958,26.67456328315985,747.8758521075098,67.71744990946053,52.59997422167464,67.09774037539391,10.573729051734084,55.47090217952878,66.1218487394958,26.7386075259809,732.1145848068178,67.46113534164756,52.42444714674142,65.46654938556972,1.116346814599378,0.4551000335964338,1.105095086917171,0.45601616207376583
2025-09-10 18:15:00,11.787907887976806,55.65929034886822,66.1218487394958,26.731499397833584,739.5415292036513,67.46043763058273,52.50948214161794,66.96563970530815,10.650390529801388,55.47847031185693,66.1218487394958,26.73951777389774,730.6265123948311,67.45988215710436,52.434524658294734,65.49064223932189,1.123140001121905,0.4561837756005628,1.106481507808771,0.45732805454345665
2025-09-10 18:30:00,12.48618363635447,55.57225637612829,66.1218487394958,26.71673302976024,737.7012265840863,67.38029498659172,52.53061147853393,67.0659070310052,10.753288380817082,55.48864144346305,66.1218487394958,26.738581758584875,729.4720868500046,67.45019443498839,52.45677206671571,65.50431374384999,1.1368544836798031,0.4584576519169548,1.1076594400712476,0.4586017061212754
2025-09-10 18:45:00,12.2454880611682,55.61288532399022,66.1218487394958,26.73656692303509,730.5264004756236,67.66570738978604,52.7373806393944,67.2766746730765,10.881439332359859,55.49883973595388,66.1218487394958,26.736626088189663,727.9527197109172,67.43617146906699,52.47238502771135,65.51745768113821,1.142994368921852,0.4622549710846972,1.1085125507415257,0.45988492294307565
2025-09-10 19:00:00,11.993153759113762,55.64688477280648,66.1218487394958,26.763727692640984,726.6924167041359,67.42175594885978,52.62379083648581,67.30788880027688,11.012287662789705,55.505149786795805,66.1218487394958,26.73393040866199,726.0750807160825,67.3963348189422,52.497939793907015,65.52808458223076,1.134157313531694,0.4691559067209812,1.10904982749095,0.46084433708504957
2025-09-10 19:15:00,11.83085983129826,55.58340378022713,66.1218487394958,26.78926024426714,721.1012116065936,67.2654949091294,52.67693621170434,66.77943894619267,11.161292806375116,55.51321098389572,66.1218487394958,26.731535364979354,724.1117469041405,67.38164470618229,52.53320777242413,65.54568275961729,1.1316203134489646,0.4672864329132504,1.1101961910000746,0.46149149935818556
2025-09-10 19:30:00,11.82337194095624,55.56841293815536,66.1218487394958,26.804170735275072,713.4117329111357,66.96406906679904,52.391535900700624,66.75562849280404,11.335589641522246,55.523075264629135,66.1218487394958,26.731801494041157,721.8277387182706,67.3693547213946,52.56875174011487,65.5548628578404,1.1345239371148526,0.4610936985806613,1.1108544918146357,0.46180676289255174
2025-09-10 19:45:00,12.210630267189352,55.63243665565537,66.1218487394958,26.78886695023945,708.5822357187493,66.72716928656668,52.425960792875145,67.01150933763753,11.522394333946416,55.53127896068192,66.1218487394958,26.730709825742466,719.7741383181469,67.34689184804624,52.606920949144104,65.56966842570885,1.1310023699291998,0.461556594816018,1.1112396062293286,0.4620578193326796
2025-09-10 20:00:00,12.224993766294237,55.54605191643998,66.1218487394958,26.819039567480264,705.3915782413522,67.07026828149593,52.2676473737536,67.10397978188794,11.731446035549018,55.54087901768231,66.1218487394958,26.73054490159431,717.6668729622482,67.32886573764031,52.65115773917679,65.57890409124495,1.1247639187045724,0.4603485147854995,1.1114423930162753,0.46193593737613653
2025-09-10 20:15:00,12.185886344322622,55.51012207267537,66.1218487394958,26.754264140136968,699.2904043797759,67.2006554645505,52.60852335279016,67.18810626794699,11.925743363089811,55.546949570288,66.1218487394958,26.730351333615083,715.9743373940441,67.31868407319114,52.690475346202824,65.58822398592939,1.1040359194294205,0.4643962966510678,1.111849911753321,0.4619725695056408
2025-09-10 20:30:00,11.96836408025126,55.39677882593066,66.1218487394958,26.715032581663344,701.0176189360233,66.95122019145184,52.63107874785986,67.5536654553379,12.109525478463533,55.55412175860052,66.1218487394958,26.730972070388127,714.072371469043,67.29215174775476,52.699201622570584,65.47416617476435,1.0922504590184174,0.4731964155300556,1.1119492709914283,0.46189699145913
2025-09-10 20:45:00,11.3475545490819,55.33701148631826,66.1218487394958,26.75056259786993,698.019127467414,67.21746706896408,52.22833673562133,63.8715747331851,12.293695101028723,55.55854638215633,66.1218487394958,26.731728467513186,712.3353609510037,67.29273945014405,52.693234888508556,65.35545471346076,1.0945694983947498,0.4759098370358298,1.111458771068135,0.4618968909716487
2025-09-10 21:00:00,11.1278795262027,55.3687759514751,66.1218487394958,26.74710165911393,700.0376515220219,67.11955330988954,52.46189660993485,63.8457278484938,12.468305452270215,55.56585473377322,66.1218487394958,26.73056289824513,710.3181746763845,67.29685428474237,52.672086772327866,65.2394345132026,1.10241598072234,0.4741439028984011,1.1107021285192291,0.4618656231877253
2025-09-10 21:15:00,11.468428333201793,55.45757330796032,66.1218487394958,26.76545465846418,690.2880297630339,67.76490489206208,52.21915738198764,63.73114916899103,12.634958012266498,55.57279700103634,66.1218487394958,26.731149041072666,708.4748001723253,67.25141251258181,52.65785902111155,65.1263199784672,1.1017046285543064,0.4682791765390913,1.1101543379152892,0.461822894481822
2025-09-10 21:30:00,12.066064290127038,55.44371022829706,66.1218487394958,26.78756416483928,685.8178914041245,67.91552062902598,52.12602977776911,63.54023635545894,12.775459009147081,55.58088028028787,66.1218487394958,26.73260339998026,706.6663063866823,67.23195460714633,52.646935102317954,65.01664005902772,1.106265608136717,0.4713940700637926,1.109337396527622,0.4615767563496224
2025-09-10 21:45:00,12.067447803766656,55.61105216644431,66.1218487394958,26.762972294392355,691.924370006865,67.64196281183307,52.58997938581207,63.70437602170921,12.883507157498231,55.591898989021296,66.1218487394958,26.734633054334985,704.7934348618663,67.19998139822212,52.65139005400992,65.01557527652533,1.103543881835093,0.4767614212114363,1.107890632821397,0.4617396129252588
2025-09-10 22:00:00,12.233285267023142,55.66689253478622,66.1218487394958,26.764719227960583,701.1292118508966,67.4770343126891,53.034112082104464,63.51236202857788,12.977750510678487,55.6045507405425,66.1218487394958,26.736993465861612,702.870294196421,67.16598178620183,52.66458017403593,65.00743219934256,1.1051142803104366,0.4745681532320308,1.1067456202084704,0.46171418207196263
2025-09-10 22:15:00,12.296285950031606,55.63774619479667,66.1218487394958,26.71571544167032,697.6504622083166,67.22240799011793,52.78736770820083,63.39057170736632,13.054538149931764,55.6071931578547,66.1218487394958,26.738676532598262,701.2857401906163,67.14691428908338,52.66560560939274,64.99948169930397,1.1083909433639243,0.4710016810931444,1.1052149958209228,0.4615846565671574
2025-09-10 22:30:00,12.139301975822152,55.66584778218948,66.1218487394958,26.73540930670137,694.7370617755638,67.02531297713986,52.99485009807088,63.38430393241904,13.111554911616205,55.60902830059447,66.1218487394958,26.739552670278446,699.6929347328606,67.14087930003866,52.66475489598194,64.98944557466,1.101604628722882,0.464730919066975,1.102956024019352,0.46148271249780176
2025-09-10 22:45:00,12.879179456607703,55.68464495576527,66.1218487394958,26.72362031154371,692.8160983924967,67.18111424992398,53.11843569408917,63.593247317225625,13.171037617226887,55.61254775642196,66.1218487394958,26.741016975366044,698.1649298273529,67.12718932232069,52.654595694485565,64.97224312868225,1.1052239937856807,0.4598819104492463,1.1002729810270104,0.46101423507099304
2025-09-10 23:00:00,13.770847990100522,55.71355768342031,66.1218487394958,26.75655679465947,690.8772652618486,67.46176804814532,52.87661080580027,63.43462181918518,13.222070454546929,55.61379392249667,66.1218487394958,26.739077544081322,696.8092333386534,67.11632927416044,52.63681994870786,64.9564461189918,1.105148828813597,0.4534386425927402,1.097505445629763,0.46042480143440545
2025-09-10 23:15:00,14.396136478456423,55.70197256262189,66.1218487394958,26.721582801811213,699.0100394267105,67.17991477934099,52.978209302407656,63.5759017591071,13.259788906374864,55.61261394178788,66.1218487394958,26.735303550700806,695.5976269658056,67.1020622466183,52.62370677862246,64.97290781825093,1.1020235566803227,0.4529578951496442,1.0950821013766272,0.4597907307786527
2025-09-10 23:30:00,14.692173845896598,55.73897504539959,66.1218487394958,26.724690528746983,698.2533960464432,66.97276011799656,53.18175706145542,63.57155778376002,13.283584190742975,55.613534029771046,66.1218487394958,26.731842895859113,694.4460306018825,67.10493322960512,52.62858155099688,64.9843593159104,1.0978352708164174,0.4475666646988904,1.0928842674949244,0.4595537616949352
2025-09-10 23:45:00,14.132992594874455,55.64807704353456,66.1218487394958,26.67907013577675,704.5460089535866,66.73921044688358,53.12393190039227,63.64836078973247,13.299947501715154,55.61322347980091,66.1218487394958,26.729232156091637,693.152972329086,67.10444843097912,52.627742069092264,64.98202191905727,1.1053133061499842,0.4528317133809855,1.0906197633537227,0.45893085670662886
2025-09-11 00:00:00,14.406233866792192,55.61806211326207,66.1218487394958,26.68149832069048,699.8665073716683,66.91869148683773,52.8295242669329,63.466991988724025,13.326726822603936,55.613970939614674,66.1218487394958,26.725945272955812,692.373406449114,67.10430656999658,52.64101017657003,64.98398921403835,1.0999792780125854,0.4542522238227505,1.0884670714714448,0.4578413798438155
2025-09-11 00:15:00,14.750748839500956,55.61261585757234,66.1218487394958,26.654947104674854,701.6306181555494,67.22940926201714,52.68912341924412,63.50802171352238,13.357164168713277,55.61257998560907,66.1218487394958,26.72346161305271,691.7793934292428,67.09575599452882,52.6440018925803,64.9816021308218,1.0982263775240797,0.4583069163304764,1.0871061216191882,0.4565826586929524
2025-09-11 00:30:00,15.26348172210233,55.60747609720756,66.1218487394958,26.64614013573637,693.6378923596101,67.37103036757061,52.5538212924063,63.69564730521829,13.386091984726782,55.6135281135181,66.1218487394958,26.722046921593282,691.2904008595086,67.10137024922786,52.64804781069486,64.96612214367346,1.089962046157948,0.4500527541935287,1.0864910788045894,0.4549908457305163
2025-09-11 00:45:00,15.604257420685908,55.65018193467298,66.1218487394958,26.69156074067893,693.4185270297245,66.4203367798067,52.36769186621597,63.79905101380204,13.414842075375093,55.61522116568608,66.1218487394958,26.719244679902843,690.7937396538953,67.11354251945693,52.669049826926084,65.0630234203002,1.088849564331988,0.4513819667873361,1.0852665478922359,0.4533222518893233
2025-09-11 01:00:00,15.221327892188556,55.65677876737122,66.1218487394958,26.709483197325817,688.197422945478,66.94672454464342,52.40023123174763,63.80481029480424,13.453439973739641,55.61312022973891,66.1218487394958,26.71818214554819,689.9016470190969,67.12721802180516,52.675229453028315,65.16515973879117,1.078850175583385,0.4486892112279563,1.0844853819331375,0.4519540839938356
2025-09-11 01:15:00,14.393362259038325,55.79575275616504,66.1218487394958,26.726617661900995,690.8132570460018,66.3697948065019,52.97771330271454,67.28256584760928,13.491952799248331,55.60574658365589,66.1218487394958,26.71494369739243,689.3032458435804,67.08163268276414,52.69862901032313,65.27259150412003,1.070007237245416,0.4570090357873269,1.0835885401860914,0.4508351805935271
2025-09-11 01:30:00,14.31868568392845,55.79129473613749,66.1218487394958,26.745375628958776,690.1816321441515,66.69746154885152,52.99567782245469,66.85344805991124,13.538702470593732,55.601742378797574,66.1218487394958,26.70987695380686,689.2657128390077,67.04393159766339,52.719936610683526,65.39144577286265,1.081996436211582,0.4543371079975483,1.0823580158836055,0.44961047819524075
2025-09-11 01:45:00,14.091537065575077,55.73856286823462,66.1218487394958,26.781991399933,692.0049090295068,66.88841271702951,52.5402452023224,66.72712470415026,13.602871439644295,55.59223155507535,66.1218487394958,26.70580477546451,689.1010526376386,67.01512521262754,52.72875934503739,65.5059579683422,1.0772212694954706,0.4522980104564068,1.080896910632724,0.44804483612185386
2025-09-11 02:00:00,14.196686486887756,55.62731065832117,66.1218487394958,26.743017160165845,689.917062851416,67.19924531525014,52.50509007621008,66.76482329168589,13.663876598254182,55.577851419927825,66.1218487394958,26.701828935098785,688.6235761632804,66.97458391050486,52.721372475587664,65.62404497582791,1.0690853296326832,0.4553993298362844,1.07908018110281,0.44665164881685293
2025-09-11 02:15:00,14.029969229488612,55.718468998815,66.1218487394958,26.78049607566297,684.6862533103936,67.25500805824662,52.43260459450273,66.76060129374436,13.71965346983705,55.56497309191681,66.1218487394958,26.700248837813696,688.0619772859957,66.93198623431523,52.70475183500805,65.62522543025314,1.0625030791515984,0.4482006482804346,1.0767873483008166,0.44528019591309614
2025-09-11 02:30:00,13.524138878715048,55.684269755047545,66.1218487394958,26.705544754099304,686.0215220431477,67.09595450405226,52.09051846315471,66.83397850956325,13.767598569255538,55.55560209851104,66.1218487394958,26.698063496342325,687.2844952535376,66.9296536666472,52.67156680309407,65.63477106605261,1.051131251614274,0.4514728976233529,1.0746551747823108,0.4442194999071042
2025-09-11 02:45:00,12.962413386136255,55.54800435896355,66.1218487394958,26.67604044285179,684.7530204211632,66.83748408286543,52.28354110914247,67.27328992396673,13.798233711070981,55.55115234481262,66.1218487394958,26.697182226852618,687.0937503177113,66.92098261205146,52.6561575309908,65.70516843670183,1.058919985854892,0.4482643132406695,1.073601077575298,0.44367941678496137
2025-09-11 03:00:00,12.53723047199965,55.59601557765033,66.1218487394958,26.700351090024142,678.8638419934431,67.05019855640391,52.53777907193307,67.09917342258792,13.79921177253421,55.54535215414806,66.1218487394958,26.695061706573803,686.9586247839921,66.90166884647667,52.6482841997476,65.78625938732742,1.068588920663771,0.4539846260691381,1.07247437217393,0.4433308730061121
2025-09-11 03:15:00,12.70152959635471,55.62312015655129,66.1218487394958,26.71054475721518,669.7904875348495,66.71262532778624,52.40077633573676,66.9413874320439,13.777103450092648,55.53955139827866,66.1218487394958,26.69407944378723,686.5122760935211,66.89136344155577,52.636064751500925,65.86812448466891,1.0630672456931494,0.4428694451668258,1.0713799579329526,0.4429743166304257
2025-09-11 03:30:00,13.028373392957697,55.56847571085288,66.1218487394958,26.72043307340559,682.0046018421943,67.06601245202006,52.66569059808645,67.16299863131972,13.74190843486942,55.53188125800477,66.1218487394958,26.692902094365703,686.0606945568702,66.88823280015421,52.615076585733455,65.9564539731654,1.060183162236232,0.4276642089010987,1.0703624458989731,0.4427976878585617
2025-09-11 03:45:00,13.099006727602893,55.46839345250724,66.1218487394958,26.67975434304371,681.4700137836389,66.94413820051746,52.69827483309832,67.1164937714506,13.726265068469218,55.52723342658358,66.1218487394958,26.693455372709263,685.3212819810016,66.89419369428504,52.5947223731471,66.04877770050271,1.0632074238617162,0.4266346621251738,1.0689644114889327,0.4423963268376647
2025-09-11 04:00:00,12.836198560656396,55.425222663201495,66.1218487394958,26.672591837880532,686.3478418439994,67.11964783242321,52.752456291296745,67.0892658408881,13.697933035205759,55.52344889797198,66.1218487394958,26.693953583210046,684.7152309230572,66.89317295292867,52.58493896090602,66.15635210516017,1.0737991745804585,0.4254420266569718,1.0676721253837806,0.4419023311299528
2025-09-11 04:15:00,12.21005726853116,55.3878030513576,66.1218487394958,26.66649534715681,683.1192912990144,67.58263517583593,52.85839722255791,66.77861303198696,13.652158435019013,55.519572073641534,66.1218487394958,26.6956495170594,683.9797793042532,66.8785539829683,52.58040920184784,66.27149690479659,1.0578335710241469,0.42585202180004,1.0663436796385501,0.4411890882951474
2025-09-11 04:30:00,12.285816477139145,55.30574787306037,66.1218487394958,26.71522562847445,673.2748724780697,67.52981838033668,52.64728539300166,66.90981740322353,13.578916467424317,55.515576436206715,66.1218487394958,26.697899943483176,683.5407741653733,66.8561686927591,52.5816177431861,66.3885809775047,1.0789810019493846,0.4330988660337705,1.0652701175240322,0.44078619439067557
2025-09-11 04:45:00,12.6238130984625,55.23636392546963,66.1218487394958,26.6683012137914,672.3359944975381,66.39734472083164,52.92114410083256,66.95410212885633,13.482471660126144,55.50916665056546,66.1218487394958,26.69820181028338,683.0704049813565,66.87692259337588,52.59180468970848,66.51189192815721,1.0747993761429255,0.4347120745298384,1.0641472867236534,0.4402816338003584
2025-09-11 05:00:00,13.468554430489068,55.323584082547576,66.1218487394958,26.635561857272037,684.6919012669448,66.7844880760032,52.76525778858066,67.10586441773756,13.395528848523025,55.501786044725165,66.1218487394958,26.697637740931253,682.8140540831504,66.87343249581251,52.60138336260653,66.64724600982484,1.0693498790621396,0.4346529981152,1.0634121422806666,0.43986125492897854
2025-09-11 05:15:00,13.992516875283528,55.325727454777535,66.1218487394958,26.64080694412188,686.9845639657921,66.77777126075745,52.854661416428,67.1397418860959,13.343011300601166,55.48631411254412,66.1218487394958,26.696112481932847,682.3930434008952,66.89993974261833,52.581576523653474,66.61380812362567,1.0597107243086463,0.4297921590098311,1.063065032019364,0.43895874014696024
2025-09-11 05:30:00,14.063440025319828,55.235488480360615,66.1218487394958,26.64544401698893,686.8049176201523,66.26079524900872,52.81250599861254,67.05497225314903,13.288807168194095,55.46937074456672,66.1218487394958,26.693375640431405,681.9603440262697,66.91118853116092,52.558570895942296,66.60049479383203,1.0506123944130117,0.4327725340820024,1.0620132873420185,0.43810438637748306
2025-09-11 05:45:00,13.969592097517571,55.25139635446617,66.1218487394958,26.66831252311755,680.8024958897753,65.94447770442933,52.28874849081248,63.425985340123056,13.241587762465803,55.45353591376272,66.1218487394958,26.68816294869602,681.3694872613734,66.91252828493336,52.55964887791994,66.59304597557801,1.0396059593041307,0.429858093980442,1.0611187001565217,0.43726946731401695
2025-09-11 06:00:00,13.5776549583768,55.38471798001618,66.1218487394958,26.66984906256017,671.4126008018163,66.95533594709896,51.999299140651885,63.67067300640342,13.181894092189431,55.44267499222782,66.1218487394958,26.684734560479153,680.8352637869958,66.89460847053857,52.563058803026806,66.58230989332127,1.0376394231677053,0.4329100388872152,1.0606207858142613,0.43613635090637526
