t_stamp,GR01/ai/GR01_feature_7/eu,GR01/GR01_feature_1_block/eu,GR01/GR01_feature_1_block/setpoint,GR01/GR01_feature_3/eu,GR01/ai/GR01_feature_8/eu,GR01/ai/GR01_feature_6/eu,GR01/GR01_feature_5,GR01/ai/GR01_feature_4_mean/eu,GR01/ai/GR01_feature_7/eu_sm,GR01/GR01_feature_1_block/eu_sm,GR01/GR01_feature_1_block/setpoint_sm,GR01/GR01_feature_3/eu_sm,GR01/ai/GR01_feature_8/eu_sm,GR01/ai/GR01_feature_6/eu_sm,GR01/GR01_feature_5_sm,GR01/ai/GR01_feature_4_mean/eu_sm,feature_10_ext_metric,feature_9,feature_10_ext_metric_sm,feature_9_sm
2025-07-23 17:00:00,10.708413340509178,66.60805190429026,64.21848739495799,27.688969892632656,770.4158241672002,73.24983202117984,50.02284584965096,57.422640619402486,11.933305241200406,67.04592370362472,64.21848739495799,27.710009590051513,776.7719247738531,74.59547932142931,49.916740443246255,59.72914202943577,1.222250357010756,0.5480702474164568,1.2259007334803556,0.5596040407961903
2025-07-23 17:15:00,11.44627043017008,66.62887548725013,64.21848739495799,27.70748598323175,774.1304564476827,74.68958817548192,49.902427991571386,57.485945768041226,11.91897886067778,67.05606071248484,64.21848739495799,27.708146446265886,777.3336030594603,74.56345709703055,49.92703826381728,59.83254577761621,1.2201291288195226,0.5430871006799148,1.226641272165137,0.5600090604187073
2025-07-23 17:30:00,11.744456892430703,66.72233207928606,64.21848739495799,27.69076463325777,777.0827671260131,74.51457085651346,49.5467538134991,57.34766481210528,11.889481093408573,67.06443849253141,64.21848739495799,27.70292194229336,777.5525867777969,74.56278458769779,49.94056959080363,59.94216261658541,1.2240437825839705,0.552564102622503,1.2282837709882846,0.5603942759931697
2025-07-23 17:45:00,11.942845604448564,66.87271318674685,64.21848739495799,27.658394393033213,775.4529716933787,75.07723790865765,49.38591544645757,57.60036160982474,11.856477131175701,67.07088658119294,64.21848739495799,27.69743528949267,778.2904554471006,74.59859148451159,49.94864409096719,60.04116440409434,1.2280309316077624,0.5517748458320207,1.2293170083435663,0.5611700312807737
2025-07-23 18:00:00,11.879244809580102,66.97616105570589,64.21848739495799,27.65753616970006,775.7769680999173,73.95444769724928,49.25801962074105,57.639072575087525,11.850303946329772,67.0790018818238,64.21848739495799,27.69039407532414,778.7256115113436,74.58448475581648,49.96318372747147,60.12736934773553,1.2334869161286084,0.5551619178797443,1.2301987374263597,0.5616850706355269
2025-07-23 18:15:00,12.096131082636896,67.00742227201293,64.21848739495799,27.71933578094254,778.4057320699605,74.28985179287855,49.27047214922083,60.352346634894126,11.875302414180606,67.08517675101524,64.21848739495799,27.682966353419552,779.1288534992252,74.57748971988916,49.968231269925866,60.067400654537096,1.2306497971908414,0.5546644604569737,1.2306162047668252,0.5623654011383755
2025-07-23 18:30:00,12.336020983355064,67.17045443904583,64.21848739495799,27.730409459733583,774.8230075595337,74.8310456727722,49.76742383125551,60.54074281635402,11.912059700382471,67.08801287514561,64.21848739495799,27.677587390270798,779.5777293471192,74.56980029409792,49.976414833655205,60.00761974418726,1.233114266976871,0.5591743265158712,1.2312432777421918,0.5628941376769719
2025-07-23 18:45:00,12.846449701312697,67.09185985791216,64.21848739495799,27.744228602677527,771.9471210538234,74.71259305061515,49.78631925973624,60.66067170806652,11.946237753044533,67.09066080997448,64.21848739495799,27.673335848136745,780.267728499484,74.53305540909372,49.97130881927006,59.95870178453111,1.2299336738692546,0.5617931682084129,1.232211951445285,0.5638064752722644
2025-07-23 19:00:00,12.897528406006751,67.11721895062081,64.21848739495799,27.747855170020028,779.9879337714975,74.815041266971,50.190864672751474,60.72978737447081,11.968718552820361,67.09282158800808,64.21848739495799,27.66988969071861,780.9878177969674,74.50128888956831,49.964103860479106,59.90950753867575,1.2156484483946552,0.5630949644518327,1.2323350813397145,0.5646792511780302
2025-07-23 19:15:00,12.541393057051534,67.17086124158551,64.21848739495799,27.755952020858157,784.6837476266826,75.56436706131099,50.26147857850109,60.72670461968147,12.00506626115675,67.09713915168813,64.21848739495799,27.665175255036143,781.4476213042614,74.49269330103071,49.95726009628003,59.856491926141835,1.209462945758566,0.5707764301815912,1.232183199914221,0.5650712546503097
2025-07-23 19:30:00,11.95414731796813,67.2207967065693,64.21848739495799,27.75280145490541,781.1351041331325,74.4304295342154,50.34859435337776,60.8371082251474,12.058291761023638,67.09919620067032,64.21848739495799,27.66116662836966,781.7809401943408,74.51545182198483,49.94316174280978,59.8027604697659,1.2212474231339887,0.5715991819253871,1.2317321877509742,0.5655384427149095
2025-07-23 19:45:00,11.462138135553367,67.29070598242696,64.21848739495799,27.706921845345903,772.9635265504975,74.06156034604139,50.16372536424794,60.99900232106015,12.140567090221461,67.10066239798137,64.21848739495799,27.655556964589195,782.2739084286422,74.48293752148548,49.92323530179733,59.73953058798121,1.2249819760697265,0.5661968690346578,1.2307231287063094,0.5660640781815903
2025-07-23 20:00:00,11.551118577062052,67.24514675557586,64.21848739495799,27.684264341468456,774.0031672217007,74.69796102073744,50.29685840643998,61.22509621713915,12.219323313656083,67.09935593447365,64.21848739495799,27.64952381552464,782.8093051115509,74.53384840209226,49.9104033624651,59.67748110689652,1.2202737179780927,0.562724418040795,1.2300085847587625,0.5663398732381885
2025-07-23 20:15:00,11.721708075978738,67.27648202625335,64.21848739495799,27.709679556095463,780.0087483226628,75.25158031532123,50.47459549446298,61.092621615572185,12.297836385907532,67.10423469891374,64.21848739495799,27.642993664490753,783.3719570230456,74.5211072150762,49.914321358392456,59.605572190768136,1.2332632629938964,0.5673032409765513,1.2289608128571428,0.5666206076942125
2025-07-23 20:30:00,11.871712203942236,67.289773609089,64.21848739495799,27.695544546870185,780.7617957641132,74.79208310149414,50.07481181678002,61.27736352468938,12.365151323731633,67.1068165267705,64.21848739495799,27.635968066217153,783.5114907678251,74.47902444799328,49.90955603813947,59.52502346871309,1.2419943736888204,0.5660753377201422,1.2276793697819683,0.5668968054689231
2025-07-23 20:45:00,11.704083152838384,67.20811584538639,64.21848739495799,27.680199289481475,785.7587773435678,74.0831237310492,50.081505572382646,61.38360200032295,12.435637398313178,67.11075535835802,64.21848739495799,27.628209643866807,783.9425528634259,74.4610692549098,49.90751284685043,59.43824884717468,1.237749352436858,0.5660843547564636,1.226456420167085,0.5671247689825212
2025-07-23 21:00:00,11.417516817101257,67.1984829732768,64.21848739495799,27.619329878732984,781.056326271183,74.55202443837354,50.15707082258513,61.69603204009249,12.576324576307611,67.12767992910359,64.21848739495799,27.61945226516705,784.6993967959748,74.46269943996236,49.90469858660683,59.42994949257244,1.2545637521586448,0.5665577251845668,1.2257072291254427,0.5678274794283175
2025-07-23 21:15:00,11.295409773216896,67.18050408843871,64.21848739495799,27.60416219188087,790.8342228252641,75.20730873034607,50.0859105937478,61.72419479174625,12.703645671750442,67.14390959542857,64.21848739495799,27.609388737587924,785.525075237529,74.4386493560028,49.910595789779016,59.415252330829496,1.2468820433833552,0.5743578711700406,1.2250311723675964,0.5686855138549025
2025-07-23 21:30:00,11.739186619103052,67.22507729317937,64.21848739495799,27.563652220290617,786.5584206677156,74.33056363930461,50.224897184548375,61.67905833327693,12.832344028147338,67.15507654064764,64.21848739495799,27.60215375522761,786.2921625388284,74.43340661599372,49.933905506677384,59.394030681051426,1.246069860916643,0.5709557790210835,1.2238762142543833,0.5691105682181092
2025-07-23 21:45:00,12.350273303346462,67.2024992656527,64.21848739495799,27.5418396372324,786.7904512689777,74.44458403727018,50.06413457655946,58.92799548376694,12.943991900100539,67.16138663596348,64.21848739495799,27.594866412456536,787.1911124456279,74.33434673971131,49.9622977149874,59.35797544432956,1.2385480842356698,0.5752916806925021,1.222494019187308,0.5696903278828335
2025-07-23 22:00:00,12.647205424419775,67.14473535775302,64.21848739495799,27.570008127295687,788.555246305,74.41601177827306,50.140086108242045,58.81200153719034,13.036949061633809,67.16821748060764,64.21848739495799,27.5882383655911,787.9735917530247,74.34280635746427,50.01209027258962,59.402438352561944,1.2437847372495237,0.5734688684489004,1.220412263801029,0.5698356067361726
2025-07-23 22:15:00,12.663976858947835,67.14626744138064,64.21848739495799,27.584053463321723,794.7577106991429,73.76141282400536,49.86408251718188,58.93142463175197,13.104885086948203,67.17558761043989,64.21848739495799,27.5795355950832,788.9101445420758,74.33548567688216,50.06198070152603,59.365733526945924,1.2525540992102444,0.5829655647734048,1.2179600735238905,0.5699226506366967
2025-07-23 22:30:00,12.463296147888526,67.14035870474721,64.21848739495799,27.59407422751964,796.8297823416025,73.80242546000957,49.80559476707829,58.82723412985779,13.16162736115639,67.17061429192395,64.21848739495799,27.57040180200607,789.7365578714318,74.2650810673591,50.103286311997195,59.32609462653424,1.2350439390171606,0.5838803211048783,1.2157695342522765,0.5696941985980565
2025-07-23 22:45:00,12.841063552893733,67.19644311632906,64.21848739495799,27.556743234339283,792.0231019720236,74.2949947646658,49.79985351970107,58.63713283786176,13.209093186385823,67.16888586490468,64.21848739495799,27.560904008502288,790.6931460436266,74.19599176766451,50.12896555722873,59.272888837456165,1.2286899271278684,0.5740873345127399,1.2136724535878562,0.569308614872108
2025-07-23 23:00:00,13.335703757828966,67.14856537624316,64.21848739495799,27.564959588374126,789.7805935562461,75.06165632488364,49.60480125952386,58.51320551674366,13.248050217527155,67.16331747335893,64.21848739495799,27.552762852094176,791.5186523024896,74.10954440358283,50.14409242676383,59.218903946725,1.2209078958330544,0.5767509562653008,1.211841812353145,0.5689246626320392
2025-07-23 23:15:00,14.197450320166986,67.13731733075748,64.21848739495799,27.515315370077623,794.5981142861774,73.67008000900171,49.42507427648591,58.15878354336383,13.283408247878725,67.15828820235308,64.21848739495799,27.541897329703787,792.0361546148328,74.0376962390581,50.14229527397591,59.153259277235264,1.2054966525896875,0.5792049648486131,1.2105621221034717,0.5679049700418324
2025-07-23 23:30:00,14.266985122956308,67.0653878832732,64.21848739495799,27.49266193984608,796.7296188671774,75.8575312978687,49.57677293982723,58.06419459869469,13.318432728288036,67.14979226959233,64.21848739495799,27.53217369800453,792.4163993392339,74.04940576978784,50.15020190043882,59.08317462295736,1.211430442122544,0.5735105447097404,1.2091803416409732,0.5666875911862427
2025-07-23 23:45:00,14.417689336696627,67.23596133879595,64.21848739495799,27.466679586575932,798.5635586334024,74.17709516564246,50.02010724843133,57.66403145530169,13.358148395304331,67.13588477938514,64.21848739495799,27.52391658046759,793.0121227996079,73.99860374821782,50.16649196843289,59.00784893975265,1.2006709715134154,0.5742004380068617,1.2077057704333833,0.5655808810676973
2025-07-24 00:00:00,14.249969582806427,67.1791077067598,64.21848739495799,27.43925131455632,787.4184356216497,73.30070696967162,49.77612707105562,57.26965925117178,13.393228942925301,67.12325688707017,64.21848739495799,27.51617991752822,793.7436861953508,73.9503126684155,50.16692709164455,58.93038360413188,1.191798963677078,0.5746303431608193,1.2062793264909044,0.5643098115530195
2025-07-24 00:15:00,14.47973356117797,67.22498147439593,64.21848739495799,27.403215395706734,796.4433536358507,73.940368655489,49.84826029946839,56.92178482256082,13.430429086884715,67.10861433874088,64.21848739495799,27.508800345138763,794.3256442958424,73.88115268507987,50.16170600322942,58.85343481577048,1.1909908813354648,0.5737357108768624,1.2039624295063416,0.56280137800789
2025-07-24 00:30:00,14.929028680342247,67.1157890266577,64.21848739495799,27.42624853164003,793.1211421436674,73.29873757275679,49.93841804234289,57.17365998133539,13.472003586842328,67.09295633040244,64.21848739495799,27.501969080646226,795.2208190984381,73.83609865127863,50.17264510743907,58.77934833806102,1.1997746257614927,0.5691515607903516,1.2015030854457074,0.5612987604024113
2025-07-24 00:45:00,15.265903293454937,67.1157654769993,64.21848739495799,27.405580155857816,798.9008096943072,73.96808565669456,50.07934408673706,57.045030915752825,13.517224748016341,67.0782360582165,64.21848739495799,27.49563385213026,795.7727111176199,73.74636187656333,50.1945885563238,58.70890016821166,1.1998474260841316,0.5688281334774625,1.1989109561829923,0.5596652945375796
2025-07-24 01:00:00,15.605407584337632,67.05734043585855,64.21848739495799,27.473715162448425,800.0953861649942,74.3572886562411,50.24604532044986,56.71101531876336,13.565017741589223,67.06635803932473,64.21848739495799,27.492780637335713,796.5569695853318,73.7450974689578,50.215845650520784,58.6271901639978,1.1893950391875787,0.565315733518707,1.1959168069610546,0.5580801693241355
2025-07-24 01:15:00,15.292281763044546,67.06201604622194,64.21848739495799,27.43977410990093,802.4214688973659,72.10544162018545,50.23768169575833,56.51870450816862,13.627343993813055,67.05386140270218,64.21848739495799,27.489975821502878,796.9241998133004,73.70207456642616,50.236909076838415,58.55265801287605,1.1865650795955005,0.5691676357737463,1.1928358154521252,0.5564275638330141
2025-07-24 01:30:00,14.66795965557822,67.18108639503055,64.21848739495799,27.45869476373697,799.2513473218227,74.20823622983795,50.75179634880764,58.972959822059,13.67933821663933,67.03934764377577,64.21848739495799,27.488155816592894,797.554271334687,73.72276727855721,50.25238275065601,58.414138837043005,1.1710342545402417,0.5595202834799219,1.1898347739017197,0.5546523751184392
2025-07-24 01:45:00,14.134211842068732,67.22852616698064,64.21848739495799,27.458252665705665,806.5023157414936,74.07023137541553,50.767185017313096,59.25120186641326,13.739558974189432,67.02774236487274,64.21848739495799,27.486259178480147,798.0443291080011,73.6742380114903,50.27248098631911,58.378556803496586,1.1570840888766791,0.5572757774726914,1.1873644820783773,0.5528573338987497
2025-07-24 02:00:00,14.038289209600729,67.02125488356752,64.21848739495799,27.45639566741964,799.6154074402124,72.71890738708092,51.00659214539058,59.35157580400407,13.792672824595238,67.01810064993326,64.21848739495799,27.483559007293195,798.6503485211119,73.63761230322494,50.29111292533532,58.350251891256605,1.167398088828461,0.5523207653566665,1.1841968082617131,0.5511286909694563
2025-07-24 02:15:00,14.27042445819568,67.04000704733419,64.21848739495799,27.459294797564024,800.6447662196673,72.63991405977693,50.55669661668208,59.06449803572403,13.833697314005061,67.01107989954149,64.21848739495799,27.480696640962886,799.0295795550646,73.63395979776165,50.308139159948254,58.31714175425953,1.167021253936643,0.5502256564299565,1.1801209291892396,0.5491764696038686
2025-07-24 02:30:00,14.066239340246646,66.95016720424802,64.21848739495799,27.50362047777668,804.7531215373855,72.22162034452059,50.64467075880456,59.11024065253565,13.871834980613047,66.99884552271685,64.21848739495799,27.4783737082953,799.1301962793102,73.58221627562973,50.327590309255314,58.29983064337532,1.160729211353317,0.5515763972497737,1.176729596188299,0.5470266226484309
2025-07-24 02:45:00,13.60213396759871,67.01998311141008,64.21848739495799,27.42998634914652,800.2088169969816,73.4089221255692,50.20756399486338,58.75736453498935,13.890394677139215,66.97845910855133,64.21848739495799,27.476170549752297,799.5961504893618,73.56771164429018,50.34288365642601,58.28219670595656,1.1710722382683731,0.5401856524753815,1.1730974086721007,0.5452005750023301
2025-07-24 03:00:00,13.004881730247371,66.96591872374661,64.21848739495799,27.46109250392776,792.5424458651648,74.78171545610773,50.58579314726531,58.7345685968105,13.903251676680776,66.95524389064177,64.21848739495799,27.473773844789264,800.1423070538954,73.49778040249271,50.35443546008425,58.26525440139202,1.1797940092590316,0.5350778162576959,1.169804918750286,0.5434315828836863
2025-07-24 03:15:00,12.65360814604224,66.87348127621146,64.21848739495799,27.45920831923765,790.8352303617152,72.5374996989404,50.652427404069954,58.739231824918775,13.89580248659679,66.93475165011091,64.21848739495799,27.474658129980366,800.6169178095865,73.50533581908003,50.36571212210289,58.251850323156525,1.1807448398420322,0.5329955654782951,1.1669254686150219,0.5414914595533565
2025-07-24 03:30:00,12.603535005691144,66.8663099861267,64.21848739495799,27.45216445328737,795.9500690939923,73.24922862666817,50.30991210278983,58.90113614851616,13.879358771229066,66.9181228002588,64.21848739495799,27.478184840197468,800.8974095080036,73.38514364856597,50.38097132918207,58.24289272212018,1.177480399703724,0.5245923326004639,1.1637341166204582,0.5397497759095826
2025-07-24 03:45:00,12.83771239476117,66.83720557637486,64.21848739495799,27.48829238441164,797.4674913374062,73.17678081525222,50.31796284200893,58.78415796472993,13.836993319220271,66.89826259527227,64.21848739495799,27.483562444595538,801.0579319155894,73.31781568686718,50.375797906899244,58.23485546438946,1.1637563534570157,0.5220502346226636,1.1607200052079114,0.5380797456859274
2025-07-24 04:00:00,13.118947202670588,66.8200333589359,64.21848739495799,27.490606612094144,807.6170398419865,73.44046208745695,50.4029849430695,59.05476919340586,13.790294049024943,66.8843195167551,64.21848739495799,27.490687760791122,801.9649114055416,73.3372475298447,50.38009435175173,58.235084556021505,1.1682140518697894,0.5209968095557849,1.1575574709017313,0.5362631128644644
2025-07-24 04:15:00,13.060717988058828,66.76650767980827,64.21848739495799,27.49014243400262,802.315537919024,71.3910204895903,50.73980903892472,59.27015690484225,13.716214315640288,66.87073492484716,64.21848739495799,27.500343065052174,802.7873015000573,73.35106717169155,50.380130449518255,58.24004902641699,1.1599854745554052,0.5170803788115136,1.154464893003979,0.5344639000613157
2025-07-24 04:30:00,12.85130662428768,66.84214240652344,64.21848739495799,27.5337334348964,804.5840803025385,74.51409221020778,50.794783648494445,59.24473191367648,13.623925868624752,66.86056277596435,64.21848739495799,27.5100565516175,803.5288044298056,73.31799993022447,50.36299564206125,58.233464780883686,1.1647392755005177,0.5190039687812392,1.1512412670988188,0.5326944481095296
2025-07-24 04:45:00,13.165197339931884,66.80560498976214,64.21848739495799,27.52001771689581,801.8511296643213,73.9166216543971,50.717813383276734,59.48823025809392,13.518787201297807,66.84770557897323,64.21848739495799,27.5197259709798,804.0593291840293,73.31336425119672,50.32976661384576,58.234562692698965,1.154452298115466,0.5247797064364021,1.1481873231301412,0.5308663411177268
2025-07-24 05:00:00,13.299013303891297,66.78966452538715,64.21848739495799,27.50905207299117,805.4605663093106,74.95134500323533,50.68910739907619,57.52348305828552,13.391785061976119,66.83497481825692,64.21848739495799,27.526211057685103,804.4795956123918,73.30983036373081,50.29574460469076,58.23812708191325,1.1560386144044814,0.5177001175838373,1.1456775166225204,0.5292340793381044
2025-07-24 05:15:00,14.15689602984949,66.85434089856155,64.21848739495799,27.48494049384996,801.492184468402,72.98870602526318,50.66708164645265,57.86053447737433,13.257137835726088,66.81904777261003,64.21848739495799,27.53311196380144,805.182146838901,73.35522767531045,50.276568416331756,58.32221163611526,1.1644393295353992,0.5214404441018147,1.143139595790566,0.5274447045304023
2025-07-24 05:30:00,14.240620936593976,66.85548390956873,64.21848739495799,27.489002991687208,806.7358286983269,73.31724053031238,50.69904427872826,57.96285416999105,13.125921539150282,66.79809108911192,64.21848739495799,27.539624088976716,805.9045096664645,73.32823455989782,50.242090262683384,58.32072490005306,1.1487545227495903,0.521609580570097,1.141162196548721,0.5257576349893257
2025-07-24 05:45:00,13.894711541242527,66.93564492962739,64.21848739495799,27.498182473412363,806.1346417177223,73.65183766010617,50.37486955556986,57.93812052183955,13.002531780398469,66.7718889719652,64.21848739495799,27.546674600087446,806.1239914901995,73.32941986004877,50.2116944176718,58.31883171061633,1.1302777270360451,0.524398923805776,1.139404638831067,0.5241858468609818
2025-07-24 06:00:00,13.60742614612814,66.773327400008,64.21848739495799,27.524386247492203,799.8482840689718,72.25011979605246,50.38912924629,58.30790080333163,12.878420031194558,66.75086150226738,64.21848739495799,27.55260420802411,806.4348916827047,73.35277538018804,50.179552673341284,58.32135420067628,1.133303948988951,0.5193849124417472,1.1370556864768926,0.5228269755321288
2025-07-24 06:15:00,13.397854448678729,66.5848506913637,64.21848739495799,27.490648478049188,806.0017282735694,73.85985582447915,50.258653934822114,58.10811471529868,12.760659259839379,66.73030859703644,64.21848739495799,27.559147772521257,806.8369946130866,73.43286431206369,50.15612850840195,58.34061907344359,1.1197243016419147,0.5193059051297167,1.134958461442644,0.5214822649254071
2025-07-24 06:30:00,13.721413744075813,66.45210883895656,64.21848739495799,27.49305843948301,806.1652904922544,72.96371907095957,49.95135536927099,58.00493637980762,12.657755776725056,66.71216266441061,64.21848739495799,27.562185812558674,807.4271188854622,73.54319771245906,50.13846290617123,58.35315040198735,1.1221331981786,0.523681192705987,1.1330139971441826,0.5201644434189832
2025-07-24 06:45:00,13.97397461764741,66.5225501148317,64.21848739495799,27.54184392581072,808.8364369569136,73.89674250662107,49.763374137045325,57.75666119629877,12.560733794113471,66.69319087998853,64.21848739495799,27.568454188157666,808.2751437551457,73.62356930081759,50.127862607975594,58.37429957579301,1.119113148531769,0.5210012649387207,1.1311205545734098,0.5191535098824807
2025-07-24 07:00:00,13.773673661924535,66.56652238770975,64.21848739495799,27.598463246359223,805.1443698196895,72.25176618244717,50.03454915220234,57.7954665676047,12.47011569516564,66.67643681326875,64.21848739495799,27.57428164111865,809.5735164418827,73.56136599467519,50.103617051118924,58.39122080998936,1.1156898822856391,0.5212600353965213,1.1293462006169557,0.5186355064010933
2025-07-24 07:15:00,13.146725776432822,66.64015518920036,64.21848739495799,27.62800771851796,803.379230860975,72.15725631467895,49.86490457994667,57.422913723379885,12.39555516470005,66.66012302813981,64.21848739495799,27.581016187725563,810.7571347713048,73.60195568361497,50.07734020205031,58.40517914884477,1.1102476291370091,0.5240995312972074,1.1276459669675938,0.5180499505742483
2025-07-24 07:30:00,12.84899147694663,66.76081535124423,64.21848739495799,27.65301080042393,814.627820320214,73.88366225899696,49.905020416630336,57.27653200013293,12.324305529327473,66.64526437063157,64.21848739495799,27.586445888886196,811.7991957401484,73.65154579653378,50.055352899767335,58.41938413619174,1.0969229344916738,0.5201313585169252,1.126069587683181,0.5175471601152923
2025-07-24 07:45:00,12.257341559638284,66.8174437171579,64.21848739495799,27.692874523538208,821.115056471325,74.35495791089456,49.84934323246404,57.07071893442551,12.267489962253935,66.63300066216055,64.21848739495799,27.590811741480632,812.8448553196357,73.68975402102637,50.03882808124684,58.440023599607386,1.0982135444028962,0.5197593267824048,1.1251784473172013,0.5172676724748694
2025-07-24 08:00:00,12.16037526987619,66.8106245601734,64.21848739495799,27.71765312859983,815.3662300361177,72.30672032874456,49.42437381863264,56.97613261533637,12.215515437495956,66.62643358260972,64.21848739495799,27.596625954952167,813.506444177169,73.7432933435766,50.02634897734967,58.4368408748019,1.1030658486066902,0.5160680022367679,1.1243776202905484,0.5170851089911701
2025-07-24 08:15:00,12.111743273646526,66.73004956726552,64.21848739495799,27.69566273672681,814.816552321016,73.82901528586194,49.0824732402726,57.077968270211024,12.158709182115732,66.62024010800216,64.21848739495799,27.603335567147543,814.2660042676125,73.85635932180945,50.00767120923492,58.435476174920275,1.1082291070238015,0.5139849237233768,1.123741781577826,0.5173542248874755
2025-07-24 08:30:00,11.795343404686983,66.67541761436945,64.21848739495799,27.668267763607563,812.7033790158678,74.25127203226401,49.22538504579975,56.81794699519208,12.105007232163432,66.61346381303512,64.21848739495799,27.608621911282185,815.3315406676813,73.8522812229868,49.97752785361971,58.43422199940373,1.1141008439589608,0.5163478801300375,1.1228757935631652,0.517371630584934
2025-07-24 08:45:00,11.252864975543655,66.58420467681495,64.21848739495799,27.646801293390887,823.4980056926437,73.46736096757424,49.66239604498819,59.04124113422884,12.034895337492744,66.60666026473116,64.21848739495799,27.615046149792974,816.5621974474521,73.88302236510286,49.94164831303533,58.34175779375069,1.1104274546368604,0.5154863915426797,1.1228703805291054,0.517258856411571
2025-07-24 09:00:00,10.731470758304066,66.55238589008762,64.21848739495799,27.65405851899524,820.9222321487248,73.3984427674593,49.717451739356456,58.92835774019304,11.961938743815459,66.59801989762501,64.21848739495799,27.62027517862065,817.517754401848,73.88240646832371,49.907927035618634,58.31848962378581,1.1117122772849,0.5089081972476254,1.1227578396691613,0.5175725723193909
2025-07-24 09:15:00,10.43251907951432,66.44246265257893,64.21848739495799,27.669767999027695,813.0867704535457,74.10579037994388,49.85530966696555,59.1944061833115,11.870330483779666,66.58675427474171,64.21848739495799,27.626693441447184,818.4191336164324,73.91095520036946,49.880921061277185,58.278838635148524,1.104357357347057,0.5101221336223731,1.1224917402416126,0.5176172109320857
2025-07-24 09:30:00,10.314936733483387,66.39043079263276,64.21848739495799,27.63428390551964,808.9424132153684,73.41957299125902,50.04233981547511,59.4272505058025,11.776869084749855,66.57512749116067,64.21848739495799,27.633519814470024,818.9948490452012,73.9189450330713,49.8543792533951,58.24221905061363,1.0969295182032222,0.511554625491076,1.1231272064973605,0.5178876491309734
2025-07-24 09:45:00,10.73760131754032,66.42341989040604,64.21848739495799,27.655601732478296,812.7078541311272,75.042582016046,49.85397166850219,59.64244421874314,11.6831800741164,66.56093573068732,64.21848739495799,27.640650896676938,819.5945827977218,73.93215668318702,49.84128377363834,58.20384956206382,1.1041045029091927,0.5098843382283056,1.1246951619886318,0.5179772716355807
2025-07-24 10:00:00,10.979134846816963,66.40578922547292,64.21848739495799,27.59476167889926,822.4568497086494,75.5316223563826,50.114702691882805,59.48618050884865,11.579899835709362,66.55167402802344,64.21848739495799,27.646142558782117,820.6229099647392,74.02178655830134,49.84149560975322,58.167111602517906,1.1023952823994698,0.5120417520570595,1.126073073206031,0.5181620705807797
2025-07-24 10:15:00,10.691474489251132,66.45082957874797,64.21848739495799,27.618037617116283,825.6495630874862,75.82006977632489,49.88955504899439,59.39183974915924,11.47318336298738,66.54989862208049,64.21848739495799,27.651902535909354,821.3580409521053,74.01973914279093,49.85521844450327,58.14727736957252,1.1142689611451853,0.5098576463803056,1.1279175418730465,0.518264634574141
2025-07-24 10:30:00,10.286338761812468,66.46329672215315,64.21848739495799,27.635916092757117,831.493626467276,72.91561627183495,49.858426441565165,59.242205622701,11.350138941025596,66.54984158899599,64.21848739495799,27.65906785328963,822.2754760620537,74.07257682587763,49.88805033144897,58.12418709243668,1.1265633905654149,0.5195377118160766,1.1299392246056514,0.5183799853212511
2025-07-24 10:45:00,10.416792232074592,66.38406772234343,64.21848739495799,27.661244717445083,826.3437802443774,73.75519036713412,49.86412193201149,59.15798199058118,11.220361364978919,66.5492621010044,64.21848739495799,27.662246458165257,823.0613288866531,74.0965582635725,49.91818190602328,58.112024373595325,1.12973783036117,0.5154288906729412,1.1319444380993624,0.5186828730264704
2025-07-24 11:00:00,10.466045944513793,66.42055026087952,64.21848739495799,27.615055488106364,827.2118981593009,74.73693201423234,49.650293034300674,59.32728576892497,11.106847707889544,66.54955647864443,64.21848739495799,27.662161809277695,823.8605839917328,74.19376857166371,49.96338897597911,58.100268357628,1.1301890211713448,0.5095086188317878,1.134124544374953,0.5192576897645546
2025-07-24 11:15:00,11.133245382555025,66.46929432224431,64.21848739495799,27.61926796224473,828.8372787220269,74.32302755003009,49.82221828639399,59.4033418671996,10.998673646623512,66.54674098993883,64.21848739495799,27.661299380943476,825.030610377913,74.27743714480508,50.02740391929286,58.09623850696576,1.1370221424776252,0.513665605409974,1.1366531348960214,0.5196552778850291
2025-07-24 11:30:00,11.55971145993122,66.62302097241056,64.21848739495799,27.66503301624019,827.464705567984,75.04664176396362,50.02861182615442,58.9592874492412,10.877102566138614,66.53821642790257,64.21848739495799,27.66033991118558,825.772501871525,74.28968059886166,50.09154905558133,58.108019287895694,1.1441892410701988,0.5155199050448067,1.139580375454046,0.5202975356189121
2025-07-24 11:45:00,11.356530326652106,66.58070344158159,64.21848739495799,27.691430799863877,825.1023406323275,74.78299983657614,50.17947599548232,59.22921590839324,10.76638999830409,66.53422648115945,64.21848739495799,27.6555369556895,826.3262770246654,74.327950689213,50.16319659699473,58.11775700305018,1.1409103131737262,0.5251538557006742,1.1423803050683996,0.5210817039153663
2025-07-24 12:00:00,11.240248125718672,66.63885355751245,64.21848739495799,27.69232375893576,836.5501723046033,74.39174924552816,49.89048298003828,59.20710664818045,10.676031939573825,66.53169545852936,64.21848739495799,27.648125628933034,827.0456473727518,74.43613525464735,50.251718580165274,58.13378140212214,1.1387596350606992,0.5195261397049926,1.145517616588138,0.5220538300573739
2025-07-24 12:15:00,11.061840499811252,66.60149854064333,64.21848739495799,27.712744872219517,838.7708330574466,74.83885591787909,49.64142716574517,56.7143040885023,10.608769901267765,66.53122839464577,64.21848739495799,27.641358675114777,827.9489283593146,74.46538016465463,50.36371671803257,58.223606363401906,1.1542899070936796,0.5213964812355127,1.14839837651287,0.5230097119972508
2025-07-24 12:30:00,11.110315493572728,66.53045351220253,64.21848739495799,27.66592293782132,834.1272749411876,74.93286809986043,49.67746907657541,56.82543795933915,10.549802672953188,66.53590737671183,64.21848739495799,27.63639523271007,828.9702429931073,74.47972006032147,50.447205806844295,58.31837963479596,1.1526623886061549,0.5271115948184345,1.1513107211745914,0.5237924412697378
2025-07-24 12:45:00,11.408648228775755,66.51637221206244,64.21848739495799,27.67748837864604,828.5335609059329,73.84516798663579,49.85690241620898,56.671004818255966,10.505788293933708,66.54433795296812,64.21848739495799,27.632669198482137,829.4173727860383,74.48212834642271,50.50548504229307,58.34671817815701,1.1564563467089304,0.5227796024826581,1.1545126808811406,0.524737210865924
2025-07-24 13:00:00,11.436778965699624,66.50668040213795,64.21848739495799,27.693794182372343,824.0072915613952,73.55693551136777,49.90279004226574,56.8642666339443,10.465640308791725,66.55528928342056,64.21848739495799,27.628185924864507,830.0414379778733,74.47995211815069,50.57325797172461,58.38572083599668,1.1678185104220362,0.5297227265367315,1.1575706118031845,0.5259511145955763
2025-07-24 13:15:00,11.084041222238854,66.50989211542681,64.21848739495799,27.712114939619838,824.1266542933381,74.04818716357767,49.982005162867225,56.78703586534533,10.439242621912033,66.57303515090794,64.21848739495799,27.623287236330516,831.0001945070212,74.48565483395977,50.62656601493389,58.420699754748036,1.1773163917741791,0.5270875989439957,1.1612342229491535,0.5269154745126127
2025-07-24 13:30:00,10.50901899391696,66.49547632009148,64.21848739495799,27.68913611064761,830.698099079494,74.93901604948249,50.3954843297363,57.205762016954,10.422520038407692,66.5926092192207,64.21848739495799,27.61865901590482,831.928241729792,74.48086765799545,50.661688983057374,58.447638240020765,1.1746412855109227,0.5249288807977154,1.165767586221457,0.5278848461648752
2025-07-24 13:45:00,10.19636026701926,66.53158851307529,64.21848739495799,27.663447791866165,828.0556578945489,73.79843335916628,50.67033897732373,57.51308772693714,10.418979817693655,66.61079346789163,64.21848739495799,27.616191772452467,832.8242595517754,74.47386680887175,50.710554350778075,58.46600117417245,1.1750583616523842,0.5223828249305557,1.1697472239840165,0.5288838633026458
2025-07-24 14:00:00,10.030081085222356,66.4503978464212,64.21848739495799,27.708017960891496,833.6883437907103,74.54884956356092,50.93631197764181,57.31222806573227,10.432391423370868,66.62899964575934,64.21848739495799,27.615380244945175,833.5024793860068,74.47216699546985,50.75387533162707,58.48257517617784,1.1827836801567533,0.5271417151192885,1.1744436705812549,0.5297767287528776
2025-07-24 14:15:00,10.080647336247118,66.50516547508401,64.21848739495799,27.637202072079365,832.4120216948938,74.61618563746708,50.667321374274565,57.39177963105845,10.455371423175924,66.64601115733946,64.21848739495799,27.614757359144964,834.3360203313185,74.46967596099904,50.8077292941457,58.50082050041806,1.1792695533430897,0.5300878960953002,1.1785816009509966,0.5311410986137136
2025-07-24 14:30:00,10.368263949243255,66.57535371691087,64.21848739495799,27.59592377973245,829.1220229720824,75.16807542518347,51.39076125087726,57.44278608858468,10.488809656013222,66.66460385563451,64.21848739495799,27.614216026303772,834.7752814709758,74.49274583496816,50.865569671891784,58.52662611575766,1.181093070553368,0.5385045375390447,1.1825488433639393,0.532140088102823
2025-07-24 14:45:00,9.90150393845187,66.55569052803216,64.21848739495799,27.602134868491326,838.4800224463798,74.6673135089196,51.785352879359,57.302018203512745,10.525489888460461,66.68529959427833,64.21848739495799,27.610967287442406,835.1454143141848,74.55154640723327,50.921074913889804,58.546246403819026,1.1861053447690564,0.5360271749114454,1.1861630423013438,0.5332802621154817
2025-07-24 15:00:00,9.201859062399697,66.50507849015646,64.21848739495799,27.62422670768706,836.8845651285745,74.25096588069479,51.82937450528456,57.62995542803105,10.575942278847709,66.70371702609329,64.21848739495799,27.609204084565942,835.61734837575,74.51351836943984,50.98166438104142,58.566965410048596,1.1847401512324107,0.5393990905334164,1.1901659490860945,0.5347307988869596
2025-07-24 15:15:00,8.935964524602625,66.69774531486466,64.21848739495799,27.548785858655854,837.7283110655331,75.50306062143495,51.99876947486632,57.36285038906011,10.620023372506912,66.72602693994217,64.21848739495799,27.60928722431849,835.9570950212611,74.55426774489659,51.0327631841504,58.57773383660172,1.182211432833504,0.543284375676032,1.193808481681408,0.5363427029474784
2025-07-24 15:30:00,9.449633507968192,66.73469388127037,64.21848739495799,27.495313325905755,836.947340478711,75.55225729177504,52.08003331374872,57.45686458749511,10.65567237783674,66.7464092248283,64.21848739495799,27.608911119833245,836.3573153619274,74.53492396452872,51.06475274714416,58.60944227551326,1.1971851941988396,0.5452317864969939,1.197158143500961,0.5380640655159241
2025-07-24 15:45:00,10.093882124464706,66.71603765075771,64.21848739495799,27.49265412217917,841.9149819179005,74.7063625860806,52.44241737629144,59.7727171086039,10.688487036567766,66.77269010161271,64.21848739495799,27.60783706308944,836.8854889579559,74.52881927375607,51.09527599664944,58.63169154190382,1.194651904765763,0.5426613819196839,1.2006442945478781,0.5393271968805783
2025-07-24 16:00:00,10.02632655524964,66.81578707635141,64.21848739495799,27.519364491466277,843.3428180296477,74.68146890226858,51.73005771015172,59.66114513701368,10.70485429789876,66.79779980882927,64.21848739495799,27.60604001402744,837.1241180595862,74.5133621438967,51.13092311510114,58.57526341574156,1.201471183810596,0.539829758304647,1.2041101618225634,0.540651111531849
2025-07-24 16:15:00,9.93243360495928,66.83712196450368,64.21848739495799,27.535020266553072,836.9118994805752,73.53960955061152,51.41077310845116,59.891397435060405,10.722366578123173,66.82231725177105,64.21848739495799,27.60511467223028,837.4441620995923,74.51339371450763,51.17877197386102,58.60745152660686,1.2064862458333456,0.5438294794282643,1.207017801200745,0.541921831983443
2025-07-24 16:30:00,9.52703120404454,66.88092580366086,64.21848739495799,27.519560310466243,839.6441879037718,73.33315591929899,51.75063962230257,60.098437475382966,10.73876002780559,66.84472046051762,64.21848739495799,27.605665502648936,837.7358538498906,74.47986680466867,51.23113775431371,58.64131203364568,1.20345020494622,0.5453253091371961,1.2092588950782297,0.5429163086654492
2025-07-24 16:45:00,9.640588473123598,66.97483867720034,64.21848739495799,27.52280734300799,841.8494663279827,74.27687185421583,51.45455096324434,60.2437737458523,10.754074985494103,66.8679806530226,64.21848739495799,27.605206654595065,838.322968344061,74.51459653652552,51.278557235141314,58.68929729449096,1.2142656917261183,0.5390529311334641,1.2118193130669124,0.5438291843248805
2025-07-24 17:00:00,9.81325922835315,66.97765284201552,64.21848739495799,27.495437292748715,836.7838298984925,73.27595771232944,51.096028859179526,60.23540506398433,10.774481016215297,66.8916743833514,64.21848739495799,27.602671005586352,838.8277581800777,74.55907048304353,51.31555709146273,58.72847260738081,1.2329304163723318,0.5406357750589544,1.214021186615624,0.5446275956556971
2025-07-24 17:15:00,10.631394696119209,66.96894735053378,64.21848739495799,27.581584428907718,839.5883887906325,74.83255654233534,51.319932700123,60.19333224329353,10.79763956202204,66.91824406710253,64.21848739495799,27.59878636534156,839.5523403320602,74.60587667502278,51.34954897980577,58.76062250287558,1.2234936357859745,0.5398548523614216,1.2157473391872513,0.5455012122938866
2025-07-24 17:30:00,11.381483017133402,66.95197456150434,64.21848739495799,27.57041585368049,842.8034447355952,75.4806279543252,51.41433211735287,59.983400569010406,10.8337153215199,66.94818433480431,64.21848739495799,27.593483175312038,839.851396055148,74.57180799601997,51.36997125980508,58.782234048887325,1.2432886803166223,0.5388277155640127,1.2178523602401228,0.5464685012378521
2025-07-24 17:45:00,11.380874483402746,66.96117492615133,64.21848739495799,27.599351043109944,850.6557914468333,75.74533874220084,51.50517392455344,59.93919947636594,10.881654944191741,66.9836715295788,64.21848739495799,27.58906482875361,840.1875429333562,74.59877161369856,51.375398712738665,58.7913264639303,1.23840687223744,0.5507887422053848,1.2196751479817203,0.5477126644452216
2025-07-24 18:00:00,11.289485746931462,67.02107767100463,64.21848739495799,27.619676107521386,844.6714606569931,73.60771249090851,51.59363777394752,60.01637408288929,10.953751672289489,67.02250416369891,64.21848739495799,27.582714595005463,840.0871810018184,74.63980065912246,51.369217100384,58.812850854597265,1.245580662953692,0.5495073964893572,1.2210721370011022,0.5488730546236942
2025-07-24 18:15:00,11.517199205491718,67.00493988165832,64.21848739495799,27.56378255160421,837.4477655406484,75.51920753508769,51.52927919195202,59.74659063242186,11.039570056951884,67.05929312223742,64.21848739495799,27.579487262405305,840.1647721644895,74.64125729719326,51.370449617718826,58.82898236106655,1.2381637984833065,0.5496341110527051,1.2225773381037164,0.5495985668829211
2025-07-24 18:30:00,11.979617656131223,66.97307321532811,64.21848739495799,27.56215940181239,841.3699200062556,73.59609088042912,51.46797704884914,59.94885595581212,11.1175293472214,67.0930730998719,64.21848739495799,27.579205463716953,840.6408401708721,74.60440094610102,51.355706209198416,58.83652058719953,1.2502762247138628,0.5530247219761253,1.2240141745770892,0.5500633012369822
2025-07-24 18:45:00,12.455678192331105,67.13859173771114,64.21848739495799,27.621762154821145,839.0296780873601,75.5455088137328,51.35518237966342,59.72639466379349,11.220937472835478,67.13106633475661,64.21848739495799,27.579768911072147,840.8001997453661,74.6446847800078,51.326210488209206,58.85748209862917,1.246298120337035,0.5620227272255374,1.225261686667381,0.5503683365234036
2025-07-24 19:00:00,12.629181619826127,67.23448951899448,64.21848739495799,27.65374988168285,839.4713157879725,74.46632835292787,50.98829871596704,59.91054061658708,11.343387976756674,67.16780155995049,64.21848739495799,27.57897996206628,841.1661182531351,74.70544835586449,51.297989028719485,58.85967245946299,1.2446790956567937,0.5671607820981787,1.226572804500947,0.550507371109011
2025-07-24 19:15:00,12.340970088582848,67.36912974511353,64.21848739495799,27.65920909754971,840.9475485131849,74.59985911339645,51.095173480641,59.896693900110165,11.475672190824922,67.20035268200768,64.21848739495799,27.58208476263279,841.4299889717099,74.66533963803742,51.25057639572722,58.875649406515564,1.245494844581237,0.5630477966403,1.2276525885626077,0.550405123349281
2025-07-24 19:30:00,11.731265965648523,67.39214477400928,64.21848739495799,27.638412287075703,843.7090453535139,73.92803534974666,50.95989653358903,57.51426286331261,11.611173435586908,67.22952767705412,64.21848739495799,27.584413659971702,841.7780442592799,74.58429811419695,51.20461283327424,58.98068239288013,1.24273565330126,0.5592435792431122,1.2283767682425772,0.5503821122595836
2025-07-24 19:45:00,11.587208906543614,67.33702182889687,64.21848739495799,27.68498461830469,848.372154257626,74.83980303620736,51.076892928541646,57.67994741446139,11.749343478736535,67.26170263634359,64.21848739495799,27.58838813254967,841.9713675157507,74.58458086552943,51.15656329802621,59.00943899262085,1.2415190884391227,0.5595180947833366,1.2291158813407213,0.5505591396721342
2025-07-24 20:00:00,11.602118984045234,67.20254977459962,64.21848739495799,27.68244785038104,842.878027450142,73.92706080469164,51.24844249015589,57.84125317050405,11.905267571235038,67.29107815924426,64.21848739495799,27.592614796135845,841.9585594704732,74.59598137482561,51.13936288241564,59.05058384296357,1.219895204930694,0.5569458952786159,1.2292306045837889,0.5507757007920441
2025-07-24 20:15:00,11.868096959431163,67.21417798721178,64.21848739495799,27.66372293702995,846.1469957310446,74.88705994234128,51.27948684103734,58.11056264361405,12.066186606934794,67.31783959615403,64.21848739495799,27.59852820605982,842.2894146094803,74.63840308051113,51.130761459073646,59.090148998263736,1.2332688863694208,0.5501658722655971,1.2291592288550852,0.5509847273522528
2025-07-24 20:30:00,12.048959887335457,67.21749231200216,64.21848739495799,27.61772471211101,839.1509866418917,74.8911539069075,51.012785731908025,58.03952602063962,12.23810207823676,67.3468628111515,64.21848739495799,27.604514071404918,842.6999677399336,74.68492132470496,51.107145183946265,59.12799982650487,1.2338747168833712,0.5536750664612313,1.228467784463163,0.5512711946651022
2025-07-24 20:45:00,11.77879759644114,67.30698262796076,64.21848739495799,27.59557573227604,845.8641188528169,75.45237292295579,51.00176181315872,57.751532730188494,12.398528164571319,67.37216758873807,64.21848739495799,27.611529828575442,842.9414760043056,74.66536571959803,51.10560671415744,59.17268674681791,1.2291009689230004,0.5532960980896806,1.2271217700465682,0.5517012373706467
2025-07-24 21:00:00,11.59129177885278,67.39368435114437,64.21848739495799,27.530040409761945,839.669770772125,73.91695567939769,51.00815272971559,57.854108397306575,12.564769239760476,67.39922858598003,64.21848739495799,27.618849873288752,843.3400616216283,74.70387034803501,51.118677650853066,59.22844712142483,1.2377919170970753,0.5539475491166795,1.2250742981265728,0.5520571551451826
2025-07-24 21:15:00,11.63454894717444,67.59620435631003,64.21848739495799,27.5308973951133,838.1400642407964,74.60734188952406,50.83316256533124,57.7858601782262,12.711869531727597,67.42775280734566,64.21848739495799,27.619704964584415,843.6174984470047,74.71455690952105,51.12131058286713,59.28827728912985,1.229741993900304,0.5597077211516407,1.222933768130343,0.5525855025144041
2025-07-24 21:30:00,12.192982928154766,67.6153768700248,64.21848739495799,27.517510948447025,830.6774858445733,75.77972092627776,50.7508636070019,57.95795978574129,12.828939112216782,67.45712389904686,64.21848739495799,27.620882330971803,843.8645266276618,74.63161813294715,51.12568944379611,59.36041708709071,1.2246933507382145,0.5619534204734646,1.2200814987153465,0.5530088213244058
2025-07-24 21:45:00,12.655198876119048,67.60883423123934,64.21848739495799,27.54038209407473,834.7397565750258,74.65988477959166,50.70429689431942,57.87572482513701,12.93569580214943,67.48378541028579,64.21848739495799,27.619578873343617,843.9933705488543,74.46844519669531,51.1249472609361,59.43307394198754,1.2244255864215148,0.5518532638721102,1.2171163474241726,0.5528808521610123
2025-07-24 22:00:00,12.707042657328714,67.58875304594532,64.21848739495799,27.587469819081747,843.404063163564,74.06238489241602,50.9484589952649,57.66893287257424,13.030977730090054,67.50955328926561,64.21848739495799,27.615966469152802,844.2893626587127,74.4418554852418,51.10945481274556,59.50284843355755,1.2241981647545463,0.5524465681608782,1.2135093989084966,0.5527411404197357
2025-07-24 22:15:00,13.003747706874185,67.69548757457319,64.21848739495799,27.619038289147213,843.2608096811957,75.8758285261228,50.90048124968276,57.93086354640195,13.105363461516424,67.53826723529521,64.21848739495799,27.614344455228288,845.0906741153227,74.35788639552624,51.094917446482135,59.58199438198474,1.223530707477806,0.545178233504087,1.2099461869182582,0.5523956347746354
2025-07-24 22:30:00,12.8753741800356,67.60713524597313,64.21848739495799,27.60055823751108,847.8621203616478,76.07387315639589,50.98273072059289,57.6956662530456,13.163892975643545,67.57011145338357,64.21848739495799,27.61177887980401,845.6890644532203,74.33750159412168,51.07612474665878,59.65059872864016,1.224073686239393,0.5435701281016366,1.2060497936216434,0.5520819769228402
2025-07-24 22:45:00,12.90449094665003,67.67427897658004,64.21848739495799,27.641929875651133,845.6444326227769,74.29979908662271,50.57639048509852,57.84215880063716,13.215858151249048,67.59028930737013,64.21848739495799,27.60971881710668,846.3799399487398,74.25548563459675,51.06515780753238,59.73491483188481,1.2146049546833229,0.5402169428841334,1.2021683928549316,0.551280542456723
2025-07-24 23:00:00,13.514670850827766,67.60994373266385,64.21848739495799,27.56518024607317,847.3889991058139,73.12101157656055,50.70112644015904,60.60785417843197,13.261756175339402,67.60689814259607,64.21848739495799,27.607647302684878,846.9118863305561,74.23355238197074,51.06056302300419,59.72207714950103,1.218910584597935,0.5445414538060716,1.1986331540683948,0.5502286147094847
2025-07-24 23:15:00,14.23898341895351,67.68128642944127,64.21848739495799,27.61188829951832,847.7146796120214,74.71484512605498,51.000931318850455,60.63541510082564,13.298247350350149,67.61595410483848,64.21848739495799,27.60509185672455,847.3860751357445,74.20739491269019,51.0592517144221,59.70982009860545,1.2168252977100849,0.5479722042961981,1.1955814101959736,0.5492804387697235
2025-07-24 23:30:00,14.70404933020475,67.69705276337228,64.21848739495799,27.64616439905148,842.9585766713221,75.02348418115456,51.21404524183466,60.89549064729529,13.343954816865777,67.6193948019133,64.21848739495799,27.60264036921445,847.7084534521372,74.1610824579473,51.05870729406497,59.77934036932934,1.204912881102619,0.5463265919019457,1.1922829659265906,0.548317877054809
2025-07-24 23:45:00,14.760004675951969,67.63996507179642,64.21848739495799,27.712422564272256,846.8375536507883,74.81226072117644,51.15273040819153,61.078352094065465,13.379738344355466,67.62612973949545,64.21848739495799,27.599926906426706,848.0099868006915,74.12991813494159,51.04715691625098,59.84888425641639,1.2043449739722345,0.5501002762345271,1.188905450501115,0.5471466853533395
2025-07-25 00:00:00,14.68449534310359,67.75162225358454,64.21848739495799,27.69913627081922,851.9607818173693,74.72870324511466,51.04215136848119,61.23396232261698,13.420650503390448,67.63106997667731,64.21848739495799,27.597287104602337,848.2878304190433,74.09883507000599,51.038083398034466,59.90499073262533,1.1827068731885608,0.5539193285226803,1.1859272780896977,0.5461551586160112
2025-07-25 00:15:00,14.45337106316028,67.73398200479774,64.21848739495799,27.733280058123626,849.0947142591464,73.69020370100769,51.40839686957915,61.58438135524336,13.453508067030963,67.63150299634897,64.21848739495799,27.594970176805603,848.3791535013572,74.01658218460808,51.02471711509678,59.95437083959381,1.1738852592282676,0.5519542122997951,1.182626758054662,0.5454620419493209
2025-07-25 00:30:00,14.800491484027878,67.78948275927438,64.21848739495799,27.71503863414808,848.7413984181737,74.43109656543862,51.4881569600485,61.90821630219224,13.491732914521553,67.63561766381927,64.21848739495799,27.59646164011003,848.7779406383326,73.99481627611704,51.02654922921792,60.002320273586314,1.171506258772472,0.5513133082950343,1.1793556500960471,0.5446966770350539
2025-07-25 00:45:00,15.044403455132857,67.82467399150248,64.21848739495799,27.607237167777665,847.9114935519218,75.15315338691707,51.398920660544974,61.9882372744442,13.531265657051048,67.63773384772902,64.21848739495799,27.599247045819716,848.9523778102889,73.8647975959848,51.032764593220705,60.04656212629472,1.159277735899075,0.5557052734380651,1.1763285677625506,0.5440626479698493
2025-07-25 01:00:00,14.89357043180892,67.83310731254085,64.21848739495799,27.605736845302,850.2142901553095,72.99246465710812,51.54569794522231,62.14759450783614,13.579772581821517,67.63936448137055,64.21848739495799,27.60400403312417,849.4542102996026,73.86643184273518,51.0384925882213,60.08133628675174,1.1577205978667386,0.5515272798640629,1.1731355470030767,0.5434690624282105
2025-07-25 01:15:00,14.583575181382184,67.76102026331924,64.21848739495799,27.56024731426429,854.5211090826064,70.85015065464562,51.482908438753135,62.11890512327064,13.623117860273057,67.63623660701575,64.21848739495799,27.6070146782399,849.8741940891995,73.83262617413314,51.0403122871602,60.10843718843302,1.1494523335022144,0.5469496673035837,1.1703452073349907,0.5425692649211871
2025-07-25 01:30:00,14.147943585150225,67.79411404039907,64.21848739495799,27.51130398179708,853.551223952745,72.81002114730302,51.12886432823142,62.10960882998967,13.661375608249932,67.63624203552271,64.21848739495799,27.61002482560606,851.0328352362077,73.74976379227347,51.04958559034615,60.12749777704557,1.1373722074834185,0.545316044251057,1.1677413455104977,0.5416475360789313
2025-07-25 01:45:00,13.748771148282778,67.86635826254599,64.21848739495799,27.515122133868804,861.4871092389471,73.00013484362073,51.09315820404915,62.12096908523752,13.705118739148746,67.63548424759196,64.21848739495799,27.61392540749801,851.8359625269769,73.70107353358519,51.06414072590348,60.149188175082735,1.1312674387761468,0.5392689416996926,1.165633876129985,0.5411373552354296
2025-07-25 02:00:00,13.735503079944918,67.92839975797912,64.21848739495799,27.485192139084017,859.3216301431906,72.98454683829233,50.904196054148336,62.00698635547471,13.75012832524241,67.63568315444934,64.21848739495799,27.61747213209549,852.289095821041,73.6676407816342,51.06030556713339,60.17476695630863,1.1333844258154264,0.5436149864222732,1.163188780612934,0.5407462442848684
2025-07-25 02:15:00,14.01463346049614,67.74392735730765,64.21848739495799,27.55996027390114,859.7559429529394,73.0850300279856,51.026174205871634,62.25587776113282,13.787138761668082,67.6358956635428,64.21848739495799,27.621525423495157,852.6516479152289,73.58423317378335,51.05152642306325,60.18296967946358,1.1298560973356722,0.5379796932420208,1.1605059242594835,0.5406619892987113
2025-07-25 02:30:00,14.006122342536749,67.7327545757727,64.21848739495799,27.591604449028868,855.4297072424636,73.80833077414674,50.85045518012142,59.52541014507389,13.822351997215264,67.63946259880467,64.21848739495799,27.62705669114427,852.807093964697,73.47794389738388,51.039255421436486,60.195247799445866,1.1386219320606916,0.5356029496810318,1.1580330436351112,0.5404238273314955
2025-07-25 02:45:00,13.435705338905256,67.6408086123859,64.21848739495799,27.582545718739837,855.1732126688343,73.81513503498005,51.05583422317825,59.52898237324286,13.860685850010299,67.64370793379075,64.21848739495799,27.63138799366768,853.1248672713247,73.45732082767674,51.04488897845176,60.28502938588442,1.153942528408606,0.5346025184474618,1.155713094013783,0.5402737019489713
2025-07-25 03:00:00,13.10248996111734,67.49536568625435,64.21848739495799,27.56486766177282,853.3803948452959,72.53866170745991,50.94356392287528,59.59987098502907,13.881855169750258,67.6474901887603,64.21848739495799,27.637944580682657,853.5297452698344,73.44826496723131,51.03275552228066,60.269235605272364,1.143782325219766,0.5303667277956813,1.1529223910264508,0.5398456080329558
2025-07-25 03:15:00,12.660714731234313,67.53906995636123,64.21848739495799,27.60358073467223,857.4181547142598,73.90487334603593,50.73038159412177,59.76626402707312,13.886260930628646,67.6473669786436,64.21848739495799,27.643648744920036,853.6878058856366,73.38953848512976,51.010807389464816,60.245596699282196,1.1401936256748604,0.5243823437392469,1.1498022795389857,0.5391914006489995
2025-07-25 03:30:00,12.829483755094676,67.35075689005514,64.21848739495799,27.603253795650065,851.2133360006904,72.99456885662357,50.97623694366038,59.52444745677221,13.871096004890822,67.64942955326694,64.21848739495799,27.64712648078378,853.9322916879818,73.3208150386221,50.97606096244114,60.20808920638765,1.1305500325881714,0.5272000931587653,1.147439430320987,0.5383958432830274
2025-07-25 03:45:00,12.85382386864664,67.22716857736192,64.21848739495799,27.59421510312788,848.8866882004639,72.41947338040443,50.87849835290694,59.59196585266829,13.833872229253535,67.65401385761898,64.21848739495799,27.647699169170956,853.8155681643854,73.24235602227027,50.9536110053941,60.1683798715246,1.1342532853183454,0.5293723722648908,1.144950008283927,0.5375489051524721
2025-07-25 04:00:00,13.195705312053136,67.34093233611101,64.21848739495799,27.662468611243767,851.1146007511521,74.2381766521764,51.067749155542245,59.47800904041492,13.777198612061637,67.65244879161878,64.21848739495799,27.6478662632511,853.6316002795785,73.18825195314284,50.92861098891099,60.113774631392815,1.1357414781249344,0.5307141190332193,1.142875204427053,0.5366222818667891
2025-07-25 04:15:00,12.96477987232602,67.37046814525326,64.21848739495799,27.67913790356668,851.0972340115081,71.55181251898844,51.18822273324201,59.07878831144065,13.7195118372288,67.6485697444472,64.21848739495799,27.6470415950398,853.6436154446762,73.15825529854791,50.89663224266865,60.0462594775734,1.138288498918102,0.5342752261335437,1.1408959039951914,0.5355100557448682
2025-07-25 04:30:00,13.04649952196684,67.44260336039021,64.21848739495799,27.672750028895525,854.7247454515345,73.96598308190936,51.17999257973378,58.89733321101725,13.64478432799922,67.64176804677662,64.21848739495799,27.64776526554377,853.8532424840811,73.0862802151709,50.867227245322596,59.98572763753067,1.14200129431285,0.5361399828675161,1.1389713871089528,0.5344442951128076
2025-07-25 04:45:00,12.934907300720624,67.50236812566621,64.21848739495799,27.621216748585223,850.7395779287009,73.59317183146288,50.8877535334981,58.59888722866444,13.555403651813988,67.62819310481956,64.21848739495799,27.651719665562975,853.8657096397476,73.00840045429638,50.83708594658973,59.9187958556336,1.1460318038577326,0.5327137959409348,1.1373611636455925,0.5333476612142067
2025-07-25 05:00:00,13.340715367461046,67.61553972523355,64.21848739495799,27.6078153694319,865.436720254821,73.2938494704876,51.02906270258027,58.52977744411768,13.459472051469334,67.61088231050415,64.21848739495799,27.655989988542384,853.7461088014169,73.01194615085481,50.81151074202528,59.84218658088507,1.1465774960034256,0.5343015552057963,1.1353371277079038,0.5323791294240141
2025-07-25 05:15:00,13.96749280308342,67.58610059331689,64.21848739495799,27.65739955083317,858.8335752981058,73.19917701894295,51.14095096103917,58.52643676625203,13.357324874136054,67.59128388321032,64.21848739495799,27.66266208946176,853.6009759362316,73.0306603554519,50.78645170614948,59.77143178312263,1.1612015050061328,0.536547838567057,1.1340504395638478,0.5317003288936
2025-07-25 05:30:00,14.05733024013862,67.59472025166649,64.21848739495799,27.693871557006226,856.9980619854814,73.0594023338864,50.83340423216237,58.43629630935122,13.249656558801565,67.56901870790483,64.21848739495799,27.67127104136176,853.4004649044614,73.04061660265391,50.762489701908926,59.70994930174212,1.1508452992430107,0.5407132396440426,1.1335226100738593,0.5310021770082514
2025-07-25 05:45:00,14.114060799644404,67.70186284737716,64.21848739495799,27.740637031137204,854.1373725068321,73.37360029059734,50.63710692757873,58.17694524105052,13.13528981494384,67.54168359778664,64.21848739495799,27.68203078511208,852.8748956760935,73.05956006067593,50.741610782297386,59.651492270938824,1.143045016874298,0.5426505839193778,1.1335322094580331,0.5304572459055389
2025-07-25 06:00:00,13.93177124645102,67.71414330382925,64.21848739495799,27.766496266984426,852.525501845694,72.88519486441126,50.61460067178999,58.06400985251419,13.02549237147034,67.5119443807833,64.21848739495799,27.694220886578535,852.5144656577763,73.05275392673501,50.72804571570968,59.58567750207985,1.1498872675082192,0.5364252690851573,1.1333581130764117,0.5299623174608227
2025-07-25 06:15:00,14.054506530501058,67.80163902616266,64.21848739495799,27.77186895135352,855.1776318216083,73.68110699540877,50.74539719555631,60.53560639379382,12.923049253295792,67.48022602501251,64.21848739495799,27.704656457739176,852.2671781913954,73.10053990834243,50.71427440397377,59.43313311846652,1.145006466043477,0.5357131814084088,1.1339120264498639,0.5295869903365905
2025-07-25 06:30:00,14.149750443026557,67.72341138175038,64.21848739495799,27.76187785652241,859.5353390611021,72.84933576319793,50.33712275502643,60.13404076007017,12.821275131950385,67.44948178420017,64.21848739495799,27.715124462378427,852.1469796162706,73.11425417611545,50.707934555522314,59.37073890501044,1.1351894949779728,0.5316986363256088,1.1341324318649144,0.5292865573502461
2025-07-25 06:45:00,14.371156245305182,67.67759012594045,64.21848739495799,27.78301322663969,852.4564980860906,72.95305066300851,50.34248733437512,59.92624792112078,12.733339830823544,67.42357601314144,64.21848739495799,27.72532846777438,852.1342579797521,73.08440668220919,50.69748439665387,59.302928672492605,1.1232219530861314,0.5283459827775085,1.133886791375659,0.5291870995775692
2025-07-25 07:00:00,14.249101558070034,67.75893000207202,64.21848739495799,27.75049647496375,850.2931507416808,72.96178078592449,50.17165243112428,59.77026586045872,12.649091690352048,67.39838597564668,64.21848739495799,27.73404219972496,852.3159957206266,73.11286636039395,50.70051070812916,59.2351601164161,1.134027404562654,0.5224598709227808,1.1340476835936584,0.5291805344795842
2025-07-25 07:15:00,13.643291406833375,67.77749420235773,64.21848739495799,27.729603215887533,843.3358479428912,72.45849023062209,50.47923169678023,59.88707204817382,12.582601375793733,67.3718736518884,64.21848739495799,27.742492953688686,851.9897171114382,73.07970108178142,50.714908693743396,59.1524894778513,1.1296623128604384,0.5246921323178694,1.1338580958565507,0.5295165686282817
2025-07-25 07:30:00,12.984286827346626,67.70467027357856,64.21848739495799,27.70414909322353,846.4417452731603,73.10558117129133,50.29215087398799,59.59580511866351,12.513883487308446,67.35347289468743,64.21848739495799,27.75163724178112,851.8784606014555,73.11453751999571,50.71772099716847,59.075662319717914,1.1204627574823365,0.5261206299521897,1.1339127978891856,0.5297582590781907
2025-07-25 07:45:00,12.722767818175228,67.61761058965006,64.21848739495799,27.708540011784653,849.4551692120832,72.79030406316014,50.44903448230913,59.55892674066097,12.460944821024425,67.34003769586913,64.21848739495799,27.761191144000822,851.7194397463942,73.17631426242956,50.72192221427497,58.99390318528463,1.114506246272426,0.5185874286421677,1.1341740578754977,0.5297838821577306
2025-07-25 08:00:00,12.55866620714044,67.58543182915734,64.21848739495799,27.736748749267228,855.0302096003165,72.27184406412788,50.606007039666615,60.09226110091043,12.401878198419606,67.32092156018436,64.21848739495799,27.76759782705718,851.3119861362336,73.18335905581833,50.71947394180602,58.918907903331245,1.1137707521853155,0.5193404893332128,1.1345852446303935,0.5299014467309918
2025-07-25 08:15:00,12.362983169575866,67.41742573279039,64.21848739495799,27.725869168353835,848.2855082219161,72.81676056068164,50.49468169855929,59.98028381753189,12.35214688973018,67.30259511690198,64.21848739495799,27.77289834756316,850.9054334105156,73.27248600394654,50.71334361244403,58.86030589450221,1.110971031998259,0.5228062564800448,1.1348425852200914,0.5300090605135841
2025-07-25 08:30:00,12.01562242146931,67.31378348307885,64.21848739495799,27.733846534684293,846.6262650053927,73.0988355538611,50.77844180828863,59.84931626538032,12.282304943986352,67.28071917600825,64.21848739495799,27.77978427270514,850.636508082842,73.30190035288597,50.70504139866685,58.81814959915929,1.0969995197360836,0.5224713261582848,1.1353540532739652,0.5302438994619268
2025-07-25 08:45:00,11.519159861383804,67.17306744450413,64.21848739495799,27.760410341845613,850.167123127046,71.41157679255866,50.73113736247922,59.9962611903974,12.220656953959958,67.26106957167063,64.21848739495799,27.787940910757168,850.534869806447,73.35689675647362,50.705658848632815,58.79592220839209,1.1108516891805331,0.5265856513911588,1.1356580338543985,0.5303964170921505
2025-07-25 09:00:00,10.91789412511551,67.12615878123452,64.21848739495799,27.76957253879692,847.5358929996374,73.10870856336265,50.41000420101468,60.26513438857443,12.147480272278804,67.23668377666431,64.21848739495799,27.797974024849246,849.786673192608,73.43046390936924,50.702341650955866,58.77203495943939,1.1215373227837562,0.524371487690596,1.1359841275328002,0.5307227227536381
2025-07-25 09:15:00,10.317768832551096,67.04630495900007,64.21848739495799,27.83791444637833,845.7200323879107,73.56843858428154,50.46679061570318,60.36725816113877,12.055097148674736,67.21502471278545,64.21848739495799,27.806546865220252,849.0498321797992,73.43297578163151,50.696019335094455,58.755966938373646,1.1315554203013682,0.5229210086183173,1.1356118728988975,0.5309942115996535
2025-07-25 09:30:00,10.44157977573992,67.03622324787898,64.21848739495799,27.85089518307772,848.5087295936756,72.78036282006461,50.497244056517154,60.03254328970535,11.966513811449731,67.19726136857503,64.21848739495799,27.81484093667326,848.7930072401803,73.47900284536647,50.69838448700082,58.73938204535292,1.1281615343667757,0.5287671330807879,1.1363932015111342,0.5310475576710721
2025-07-25 09:45:00,10.941339915259675,66.79237668418418,64.21848739495799,27.87302740872044,852.3373189615114,74.51860947620841,50.61303485379418,57.67954625273286,11.86700026869682,67.17444759339014,64.21848739495799,27.821168926804635,848.7698965363109,73.51743783543793,50.70597136039107,58.73845683963103,1.1464734985392475,0.5267198795150582,1.137526244017158,0.5310516399450018
2025-07-25 10:00:00,10.952898702174505,66.8104273514023,64.21848739495799,27.90564458820638,851.8237499887202,74.21975880733719,50.66025972657776,57.65358374139164,11.755498873380064,67.15117384997929,64.21848739495799,27.82802429220739,848.7687156214171,73.58200561409676,50.72443636056518,58.82328539867264,1.1452340945121997,0.5265899600906974,1.1387238283452075,0.5313080793247686
2025-07-25 10:15:00,10.797646305100006,66.86363548062415,64.21848739495799,27.88866588061845,854.79156357328,72.91971021779257,50.74232945712484,57.49467539770775,11.629943528789058,67.1278075624725,64.21848739495799,27.834878739810616,848.4587665268828,73.61441169245998,50.73660019924477,58.8163498368235,1.1465733137309404,0.531618785267155,1.1401579169028435,0.5315806729826051
2025-07-25 10:30:00,10.57504574697253,66.73966456141129,64.21848739495799,27.826279620290105,858.8325270715305,73.3924520530026,51.034353267133774,57.566814302733846,11.497200623787998,67.10685374371081,64.21848739495799,27.8434147332833,848.1844194032384,73.69327231605978,50.75170281812096,58.826588930343995,1.1486090917597571,0.5301697748561349,1.1419923825098024,0.5320880774409545
2025-07-25 10:45:00,10.666005294484796,66.74370024361271,64.21848739495799,27.85710335358413,847.6297964386039,72.9099149876601,51.16232116254907,57.28614487012911,11.352554463107436,67.08889865806816,64.21848739495799,27.850882727532117,848.3771173176614,73.74650213011071,50.75534864466868,58.840953314431474,1.1345059935616295,0.5344633682001673,1.1441545890488671,0.5327453029214116
2025-07-25 11:00:00,10.76794710053606,66.79873417402622,64.21848739495799,27.877582438423,847.8756407012127,74.03966200305189,51.0606060464125,57.219632712770405,11.217979924753523,67.07070980281125,64.21848739495799,27.86136836515579,848.5446725308975,73.77907388691276,50.773597377463105,58.86009446886917,1.132191093567221,0.5344508066560375,1.14579102862533,0.5334268092812582
2025-07-25 11:15:00,11.265663880126056,66.82411261281281,64.21848739495799,27.88083216971911,844.1160625486235,74.27277565342001,51.00453486610185,57.13919181967009,11.087512998772063,67.05069508373647,64.21848739495799,27.874332759713116,848.7468700595269,73.86195314910464,50.780854322752084,58.88009496384904,1.1420910849077046,0.5301410646510895,1.1476460187649444,0.5342261191400154
2025-07-25 11:30:00,11.423706633908534,66.7674482655681,64.21848739495799,27.854669102934515,838.8909924463339,74.44952045383921,50.99430098147414,57.22815058181318,10.962382137019521,67.03502745633246,64.21848739495799,27.887924244995894,848.9936931333161,73.90702143346265,50.807978598169605,58.90186799659772,1.1480770807718097,0.5342410562310523,1.1502235470284696,0.5352398922449696
2025-07-25 11:45:00,11.472840611643246,66.82067484678203,64.21848739495799,27.83815351874597,838.900652239968,74.22562096283502,51.00431285238195,57.32072804656985,10.849182830917107,67.02022893518699,64.21848739495799,27.90202377034935,849.271277551855,73.95543248629951,50.84323014670501,58.927465404311775,1.1460087166090345,0.5375036396113142,1.1531413034221667,0.5368305236320522
2025-07-25 12:00:00,10.951241149652004,66.78632513357796,64.21848739495799,27.879327783154935,846.6569856213299,74.84841355009236,50.930926166418665,57.63264435072946,10.755208047857737,67.00935936726852,64.21848739495799,27.91655800138536,849.2764178262241,74.04274763182023,50.88876596305483,58.936694202207235,1.1573453359290664,0.5431851513177975,1.1558856154082566,0.5383584511228695
2025-07-25 12:15:00,11.085467599928837,66.91287999553761,64.21848739495799,27.86591589014601,847.6904296368535,75.24306393909237,50.90627703247692,57.93206550564853,10.68197683419521,67.00384804981631,64.21848739495799,27.93024435450944,849.2007030153325,74.06234084417999,50.93101668545964,58.944453209666705,1.1551512212707262,0.5372893248476425,1.1590956666644425,0.5397738097530207
2025-07-25 12:30:00,11.14541491702638,66.88396587504414,64.21848739495799,27.90880879219436,842.9908218396457,75.50086405735581,50.9295467722716,57.81315997553655,10.633901731723837,67.0011454298422,64.21848739495799,27.943316393967567,849.2584261087376,74.08851209313337,50.94905103210121,58.95912675975055,1.1563603063554757,0.544090725050426,1.1633597501629613,0.5411474875563101
2025-07-25 12:45:00,11.195999094961389,66.93632867695113,64.21848739495799,27.91458476196324,836.7283449138412,73.27453318681131,50.95128148519721,58.04439613427997,10.595602103626044,67.00505267214605,64.21848739495799,27.9559288884673,849.3430635137835,74.1464181558143,50.966068704368276,58.96582309232325,1.150033865989056,0.5446925039475197,1.1670369882380434,0.5423589105365593
2025-07-25 13:00:00,11.399830123388517,67.06181992535376,64.21848739495799,27.94269370059653,849.2933137969179,74.44021424593525,50.90435878935335,57.93874951872908,10.573173792699354,67.00710305873443,64.21848739495799,27.96591433949651,849.7046617561887,74.17470658019762,51.00709705953682,58.970356591601764,1.1742851576101168,0.5423136217866016,1.170566464977379,0.5436189927639542
2025-07-25 13:15:00,11.128654517057074,67.01744959183043,64.21848739495799,27.93047673507832,853.4440513907493,74.52664999274107,50.8647131292857,58.14918906939384,10.574921561407074,67.0169842541746,64.21848739495799,27.973373554645978,849.8791487362964,74.18836541009397,51.03637220607065,58.96557036473603,1.177036292055008,0.5427730521372679,1.174047750750425,0.5450117725776662
2025-07-25 13:30:00,10.58672938694833,67.0159310015037,64.21848739495799,27.97215722906725,852.4900743988776,74.82222822417658,51.16855067701356,60.60886662376264,10.58873300186021,67.02677348135154,64.21848739495799,27.9792254747564,849.7460506993793,74.24037184123186,51.0655865844851,58.89277688431972,1.1858147973497106,0.544118450478163,1.1775685339622657,0.54616515059177
2025-07-25 13:45:00,10.28784619277087,67.10065040095874,64.21848739495799,27.977502379450197,845.8791589855795,74.65328934630516,51.11031235594403,60.32753953831955,10.609571452262589,67.04990932574209,64.21848739495799,27.985948693875308,849.5706654247366,74.22532508362643,51.0975365226758,58.903228001561345,1.188029122772549,0.5438909911435034,1.180064401633065,0.5474064958168559
2025-07-25 14:00:00,10.167463292994771,67.09479681890006,64.21848739495799,28.017957660703065,851.3049253517734,75.2151544711915,50.79020132131211,60.441213565685175,10.640431302976172,67.07719454844303,64.21848739495799,27.991199878834855,849.6745778774273,74.25845634042115,51.13125125405976,58.906689569178276,1.1902234631867437,0.5469207700760917,1.1828190052521343,0.5486970418343372
2025-07-25 14:15:00,10.0317714248883,67.13893755666068,64.21848739495799,28.00705305410408,858.2374355187777,74.54994508453701,50.45186213080678,60.35717944374516,10.688200224805495,67.1023219276058,64.21848739495799,27.995633550698734,849.6987122313545,74.28971758991575,51.163927354239455,58.91915526718129,1.1880881492580695,0.5480627471912186,1.1855310881938577,0.5497714022730752
2025-07-25 14:30:00,10.21186540745259,67.21326434436486,64.21848739495799,28.06506560367397,855.3198071387645,73.93893348998532,50.71911441495703,60.34450049358953,10.73601222847798,67.13049158290059,64.21848739495799,28.00023828939846,849.6369812614412,74.35114783146402,51.18479132031981,58.93566744886644,1.1831205918565542,0.5429050617181799,1.1885877663028948,0.5509835972604092
2025-07-25 14:45:00,9.729283627389613,67.17705263011435,64.21848739495799,28.11853505260735,849.4017738017751,74.94486809637867,50.69694005544957,60.487086897569824,10.786185071567946,67.1558465212392,64.21848739495799,28.00375260147844,849.8595746638214,74.36383548097159,51.21094033963789,58.97346962259677,1.1853120170488542,0.5486714280805828,1.192161581603112,0.552164576029882
2025-07-25 15:00:00,9.230360974770411,67.23464145145799,64.21848739495799,28.11189365170687,853.8464374868385,74.45762970203214,51.10587913651359,60.24899610112407,10.843974024277628,67.18234477708549,64.21848739495799,28.00535129864304,849.9763083916757,74.34115074130366,51.24006888270667,59.01331564276878,1.1977886053880915,0.5565338231008157,1.1955080163026888,0.5531987349875308
2025-07-25 15:15:00,9.326788635102783,67.17365495528637,64.21848739495799,28.131525772388287,857.7827017682429,74.2426356482658,51.50658093837144,60.32684897208253,10.89851756763871,67.2097215190673,64.21848739495799,28.005456152518466,850.3836878932616,74.32617956782397,51.26374890263149,59.06766331947219,1.2020389380833427,0.5663063702546495,1.1990627507565121,0.5542501990134542
2025-07-25 15:30:00,9.73942271535932,67.25934479160294,64.21848739495799,28.17277568034757,855.184417831395,74.8912984297496,51.97208153016112,60.36912503777416,10.95043348202851,67.24149279585266,64.21848739495799,28.005575456994784,851.180738721144,74.31036511999045,51.292976207558276,59.11695950920751,1.196100111768014,0.5651783140577308,1.2027319616147845,0.5552052669649502
2025-07-25 15:45:00,10.166046759700029,67.2520862092244,64.21848739495799,28.13645976207611,846.0140638951666,73.40455693147365,51.76220337070346,60.21305404131604,10.994140138606069,67.27353238574838,64.21848739495799,28.006464374831292,851.8473404212265,74.30281997806223,51.32767143908599,59.15727938484326,1.2072725696838418,0.5652670153845786,1.2063565499153868,0.5559087921447542
2025-07-25 16:00:00,10.5733693473282,67.23270488385513,64.21848739495799,28.1260077184282,848.3579578075446,73.88397302246298,51.31947220753573,60.28952276789581,11.034699401563824,67.30703950660806,64.21848739495799,28.004436984659932,852.1801603232742,74.26966751915366,51.36535514830775,59.19405898011228,1.224922024691643,0.5636816602569664,1.2092788285927587,0.5564717462478194
2025-07-25 16:15:00,10.370171018449952,67.29028471361991,64.21848739495799,28.138785176837576,852.7062452784237,73.14875867298656,51.241667530491206,60.19715116757817,11.070071030863119,67.33735661680961,64.21848739495799,28.00306852548717,852.6810486714729,74.21954399969769,51.386961872587875,59.21625260504693,1.2211688314329994,0.5629283407986313,1.2118817942089373,0.5571946383210044
2025-07-25 16:30:00,10.24504479731478,67.18767037888607,64.21848739495799,28.06913606967324,858.3838402717959,73.95736129486278,51.640854856071066,60.40113936692985,11.115140486651978,67.36803804391658,64.21848739495799,27.99895271286023,853.2068581357619,74.15943361112069,51.4019050408956,59.2432220307715,1.227421624963818,0.5621739545124452,1.2142939854119434,0.5574329899627876
2025-07-25 16:45:00,10.37020189378272,67.34274082220512,64.21848739495799,28.061690900862384,850.9546417911436,73.97820348117173,51.34504501171828,60.22367135516711,11.15812134586196,67.39700503091213,64.21848739495799,27.994198232971673,854.1287572193556,74.15431200632545,51.42466789820134,59.26415566472785,1.2359939934927493,0.5647044030296785,1.2168671262535231,0.5576409731204794
2025-07-25 17:00:00,10.855922989333935,67.32990006318693,64.21848739495799,28.02645278639036,844.5157884861632,74.34055575420136,51.37367540895048,57.84873887721592,11.19349290050139,67.42107746532767,64.21848739495799,27.9900493409522,854.519171514626,74.16456010936038,51.46334390048177,59.36314022695815,1.233785030721997,0.5633684735039016,1.2184229449600394,0.5579109843892454
2025-07-25 17:15:00,11.566493427331116,67.48645201590054,64.21848739495799,28.074723982287715,847.0757607222237,74.06720674804562,51.571532999515206,57.9930797699815,11.236012059611404,67.44910211433098,64.21848739495799,27.985137924670088,854.892057289884,74.18409923562643,51.50383483805732,59.45639787562597,1.2213495286632243,0.5639602362676345,1.2204487239996389,0.5581815495161674
2025-07-25 17:30:00,11.878694223582045,67.62898403243064,64.21848739495799,28.063180136992813,854.9411235694413,75.2136965111786,51.67170166809656,57.75743076989967,11.279166948605077,67.47623769100235,64.21848739495799,27.97843917019293,855.1572088390302,74.20224933958266,51.53832105714221,59.464658407327235,1.227872203084283,0.5653063406151377,1.221842736455217,0.5584766339603322
2025-07-25 17:45:00,12.230713959979694,67.61745685550719,64.21848739495799,28.021676036534693,855.5155941910966,73.8575477026304,51.72261246251575,57.86864633779796,11.329309885680654,67.49846720817341,64.21848739495799,27.96972711006118,855.561750627243,74.19586641229061,51.57105235518854,59.47495243839185,1.2279358019826374,0.5638495984292948,1.222800676995002,0.5589546370992784
2025-07-25 18:00:00,12.009405857147026,67.58475422025496,64.21848739495799,27.964421781282,856.9805979741345,75.23535929945055,51.6602722495445,58.06217975328863,11.399718062429207,67.51914693100996,64.21848739495799,27.958607566900742,855.7872477501642,74.17834269762211,51.604872696614265,59.49022726916716,1.240309435030868,0.5665356244761577,1.2231668280825225,0.5594151768966036
2025-07-25 18:15:00,12.171190587183808,67.50434839377131,64.21848739495799,27.962532715983528,854.3075985100077,73.2905444728874,51.94679174209127,58.42021008203852,11.490604786199377,67.53648989571376,64.21848739495799,27.946539620021504,855.8942766290526,74.17496599302423,51.647376678442285,59.50522203702842,1.2417204525681438,0.5698927312843474,1.2237447956098508,0.5599757571864264
2025-07-25 18:30:00,12.501615681826529,67.59368184941493,64.21848739495799,27.925543353360847,851.3776525368446,73.35911981301432,51.93446233847613,58.41501331793108,11.58035038571901,67.54985104982526,64.21848739495799,27.932401189377607,856.2044195798929,74.1518708307677,51.68683175481909,59.52614560029368,1.232584134554528,0.5654755753855062,1.224414681238276,0.5606265858035819
2025-07-25 18:45:00,12.901970180958491,67.64541487226714,64.21848739495799,27.88397778598188,856.3374475961989,73.82364044902864,51.71493546384635,58.76962212077216,11.695461556823776,67.56317123934535,64.21848739495799,27.916471610046877,856.4427266853745,74.11083473818374,51.734828175903694,59.54178159795632,1.2487331185224158,0.5616849854287882,1.2253471001183984,0.560899903669261
2025-07-25 19:00:00,12.981184065602536,67.72058656912911,64.21848739495799,27.858248237224142,862.8025172828085,73.97508701883419,51.871120129277614,58.70703627387317,11.832608178490704,67.5724821659815,64.21848739495799,27.90020987826789,856.7509891803475,74.09975131802399,51.76865278422233,59.56813313081737,1.2581534065199724,0.5628930947759329,1.2259695178490366,0.5609490411822668
2025-07-25 19:15:00,12.78404030896997,67.78186254365313,64.21848739495799,27.86482105384131,858.8987032424401,73.99926670498816,52.045169798213415,58.53032431564182,11.961067800025704,67.58674610788326,64.21848739495799,27.88303956035846,856.9489058298283,74.04100450656894,51.806931795377366,59.59188626711832,1.2547463656271023,0.5586093950054346,1.2267566750622165,0.5607951653572073
2025-07-25 19:30:00,12.168019038384712,67.79153875936855,64.21848739495799,27.818506078014053,856.6415826827614,73.85383978283483,52.06143744307138,58.73603220880049,12.088718708948985,67.59822526829694,64.21848739495799,27.864196761278386,857.2619051803005,73.99006389915449,51.82407321662236,59.60596826122171,1.24501369625023,0.560073774409754,1.2274526573334121,0.5606075687621742
2025-07-25 19:45:00,12.14661647890764,67.82239330158436,64.21848739495799,27.824862114963143,862.7170800828126,73.739358355414,51.55447876088087,58.59787425368808,12.224548932371684,67.6057405251366,64.21848739495799,27.84763389568688,857.6873658150544,74.01075306971977,51.836893606440995,59.62613798485667,1.2332401897560783,0.5589760870431916,1.2275613458805557,0.560209050596559
2025-07-25 20:00:00,12.497498590692178,67.80440868825313,64.21848739495799,27.78533441338617,858.7651057683199,73.69755240004548,51.37784182150327,58.62224274727369,12.36694016443992,67.61755136809683,64.21848739495799,27.830715060658004,858.0906027749799,73.99039877472735,51.86147482116383,59.630213556107385,1.2287260424456647,0.5512412743039212,1.22676544438306,0.5598722585692565
2025-07-25 20:15:00,12.485424871260888,67.80533828681713,64.21848739495799,27.771950365306598,864.385317421653,73.12088504295421,51.6341672043693,58.67240515297032,12.522408250061138,67.62467933002397,64.21848739495799,27.813428829527663,858.4676623080862,74.00739231100947,51.8815429642211,59.64063312733021,1.227228091236439,0.550931998678278,1.2263670738559682,0.5596665061905831
2025-07-25 20:30:00,12.460976762571375,67.78399295782015,64.21848739495799,27.818226940012188,861.0057426550247,74.7476573369833,52.06463885776645,60.90828638563786,12.66381286437268,67.63622933999362,64.21848739495799,27.79903022273378,858.3266347505293,74.00434079859707,51.880845773346024,59.659394549091694,1.220959718805608,0.5504139598495773,1.2256298665668741,0.559434145604521
2025-07-25 20:45:00,12.404229290357549,67.85818906192989,64.21848739495799,27.78313424661514,864.6306246484882,75.11282378072241,52.07944125655231,60.94691852942863,12.809297029809272,67.64663050298151,64.21848739495799,27.782904576244633,858.3608716046818,74.0086567419089,51.87719242994483,59.60065023360157,1.2378096632429982,0.5508900059449297,1.2243992174962415,0.559179108439686
2025-07-25 21:00:00,11.881376056758494,67.82999830164471,64.21848739495799,27.77119459475252,860.4446208732661,75.36673134286325,52.20313724956007,60.856682574800544,12.941780792620698,67.65751796495837,64.21848739495799,27.768864085591495,858.5425273078625,73.99623741787117,51.87559820200824,59.61158819202722,1.2276351710170434,0.5529709838031065,1.223355602382712,0.5589335840710415
2025-07-25 21:15:00,11.792134305038156,67.76753591609065,64.21848739495799,27.71614057549757,858.0154126319619,74.46180152754417,52.09225129733414,60.63636047025804,13.065573239342752,67.66154774655324,64.21848739495799,27.75385961899925,858.5892984611907,74.00144430585166,51.87526387099438,59.61858348107462,1.216767338966101,0.5582310853118863,1.2224974743233725,0.5587548728634882
2025-07-25 21:30:00,12.27970859545141,67.71518850399644,64.21848739495799,27.684371365889916,858.0698390394117,74.6894430311363,51.8048115640836,60.89945848894436,13.18101971110352,67.66313060442867,64.21848739495799,27.74037406965402,858.4659532441879,73.94965608055664,51.86730066959742,59.62323958155467,1.2012079958123651,0.5607369639958503,1.2214088741092717,0.5586211542161815
2025-07-25 21:45:00,12.75837313799338,67.65922649777474,64.21848739495799,27.64501464772697,861.4483018854294,74.4486439466004,51.72698158564759,60.80702247958295,13.277896996134789,67.66624061854107,64.21848739495799,27.72987709656742,858.3083344924815,73.91641763981512,51.859140410423876,59.62059381598924,1.2054271750779222,0.5648801558859029,1.2198385690937017,0.5585201012961417
2025-07-25 22:00:00,12.904233393041538,67.61409896771002,64.21848739495799,27.640912684357133,864.6240956639749,73.24607862229023,51.90276670626098,60.972207391547215,13.370210565259727,67.66943633871753,64.21848739495799,27.719414043407504,858.3827883980331,73.86959741368261,51.83586963042263,59.60805920409124,1.2032171607092992,0.5624299202328447,1.218020224029669,0.5583022321359893
2025-07-25 22:15:00,13.182618760532597,67.57665831571727,64.21848739495799,27.64064767268536,856.5509869662231,73.71378531885905,52.13683268798773,60.956166827449465,13.445192692270322,67.67258556641178,64.21848739495799,27.707013760217595,858.6033269705708,73.88447021026371,51.79879946043241,59.57835355946925,1.2132845834525303,0.5568709640509552,1.2158661328227436,0.5581294271706672
2025-07-25 22:30:00,13.344759624778217,67.51396925054196,64.21848739495799,27.624041698337265,863.0943123360241,74.12512709723994,52.12061738607257,61.039542086955336,13.505580701234338,67.67262743913165,64.21848739495799,27.693644083004692,858.9083546721434,73.86326956653019,51.76445584288718,59.53312562099265,1.216461137307239,0.5580079484909932,1.2142394072577047,0.558076654815211
2025-07-25 22:45:00,13.180577281152798,67.60157321233915,64.21848739495799,27.616416235105305,863.7202012526694,72.48023130461405,52.65495127302273,61.0394430611111,13.551192492586663,67.66616646089007,64.21848739495799,27.68345406702779,859.0530027442469,73.84518116454664,51.737937455051345,59.475506171816654,1.2256536544787409,0.5616900955028592,1.2116931706559002,0.5581704487553244
2025-07-25 23:00:00,13.568949983057763,67.60371960401334,64.21848739495799,27.607491707945517,864.5743983455569,73.36308020731616,52.48632416751085,60.79158486087564,13.585923738817543,67.65663163746176,64.21848739495799,27.676088658439753,859.0031894240047,73.82399156161704,51.712053164907076,59.42273648222301,1.216979579903884,0.559550416206741,1.2085876301170977,0.5583540407697228
2025-07-25 23:15:00,14.240953462381068,67.47754391441438,64.21848739495799,27.63957379433087,858.7778829377866,74.02523204843186,52.14681506526247,60.818145750365005,13.616953679846029,67.64324240125433,64.21848739495799,27.669367887596085,858.9809061823776,73.8098920286686,51.67057585812628,59.38201962153038,1.2105332260981403,0.5533114704161247,1.2055349298231763,0.5585698572243323
2025-07-25 23:30:00,14.845106309375296,67.5870301726618,64.21848739495799,27.61844266756185,860.4550666053068,73.27334417269064,52.05690864922103,60.41178990541723,13.644697902853348,67.62984251783226,64.21848739495799,27.664084222165112,859.1423155694397,73.78885175139278,51.62719528847103,59.32326495643659,1.2010449797667786,0.5535778994378894,1.2020215269533407,0.558672439100695
2025-07-25 23:45:00,15.03421358708645,67.50412357143406,64.21848739495799,27.620198242927334,864.0180312716158,73.6585647614504,51.84371182220912,60.50973830426307,13.67933065869229,67.61890428118463,64.21848739495799,27.65809833223906,859.13236340746,73.73865272802628,51.594198957683766,59.274446128988416,1.2092177156202404,0.5567557694384316,1.1994073462959103,0.5587341131439051
2025-07-26 00:00:00,14.487183226661012,67.53417067797595,64.21848739495799,27.637177865856813,854.1530135450894,73.86581592249047,51.6199391298189,60.96398201977441,13.703448592369257,67.60743445726517,64.21848739495799,27.653685974166685,859.2014357786736,73.71698502723059,51.55753045273696,59.21847318627674,1.205305406291003,0.5552031369305807,1.1968113656895334,0.559144280397611
2025-07-26 00:15:00,14.7347268568805,67.65477571184178,64.21848739495799,27.57792150618795,851.9817474157214,74.10768178052625,51.23544470968228,58.4613418904633,13.743854399674875,67.59283441878658,64.21848739495799,27.651439521207774,859.167434920326,73.71882441007159,51.52124087567586,59.25425101672936,1.199074521373772,0.5570532880846278,1.1938825180601107,0.5595129571802673
2025-07-26 00:30:00,14.830435873676675,67.6565239224929,64.21848739495799,27.60523806679633,849.9654595815824,73.96797603306986,51.32584857085253,58.17687762998538,13.795609229169436,67.56948310699023,64.21848739495799,27.646571049062302,859.0539989111526,73.66816089261606,51.46976708870073,59.1992373910572,1.2024765773161097,0.5560027424445679,1.1912287214606605,0.5596578620402204
2025-07-26 00:45:00,15.280266828992756,67.60734546374658,64.21848739495799,27.62458998452028,848.4788953220672,74.22341338746043,51.56150306909982,58.20293844140348,13.83907099454821,67.54026268477617,64.21848739495799,27.643841736472282,858.9004866734326,73.5904877169553,51.4238199371764,59.1516938602601,1.1956056868830431,0.5585989000410324,1.1876819420095468,0.5597732401123766
2025-07-26 01:00:00,15.342088376405092,67.67646976869327,64.21848739495799,27.65861365663601,851.2407670593595,73.6600497523278,51.432805626187694,57.89711378430104,13.889577529371103,67.50990356522057,64.21848739495799,27.640328691023125,859.2593909976562,73.4854119622776,51.373564620959435,59.11082598031615,1.195214196661255,0.5612947811959361,1.1842369970479456,0.559579203956038
2025-07-26 01:15:00,15.137032510917788,67.71075727887913,64.21848739495799,27.70676684393672,850.7870316399056,72.86039448038535,51.477804687309394,57.789273370835325,13.932939725445395,67.48186871181987,64.21848739495799,27.638971916310947,859.6435127530008,73.47102288111907,51.32788541991098,59.08095863654077,1.180826651515532,0.5608180108281055,1.1808861472584093,0.5591133428224404
2025-07-26 01:30:00,14.77881293089517,67.6806258255492,64.21848739495799,27.650530186484463,859.2142151406775,73.83075251547486,50.96214884950688,57.68614139634851,13.980124643576906,67.45217825752962,64.21848739495799,27.638609774994336,860.0710924608442,73.42347042253984,51.2878642431657,59.036734201381364,1.1857590831098868,0.5599995496715815,1.1781698965864122,0.5588302186455647
2025-07-26 01:45:00,14.42065439750159,67.5988252245986,64.21848739495799,27.590524220286195,860.9237556861424,73.73672837032001,50.83468664238503,57.5290407433788,14.026747018177893,67.42499899526258,64.21848739495799,27.639180911688538,860.45061869298,73.32381051731765,51.24632557750231,58.983709623987934,1.1770977163603886,0.5647085823246827,1.1749402692627584,0.5583341239969692
2025-07-26 02:00:00,14.313255950747022,67.59493803101087,64.21848739495799,27.52445303697384,860.5284835840235,72.72310050100904,50.90415381211905,57.05817516363299,14.07451104371328,67.39810074169488,64.21848739495799,27.63859478046807,860.6219726341029,73.31799365223738,51.212789327827586,58.92465912157207,1.1837823676033663,0.5638924047218218,1.1715234904172465,0.5578144792153005
2025-07-26 02:15:00,14.270323921528234,67.45158552501962,64.21848739495799,27.578277306674654,860.6768897593023,73.28098838952239,50.9193838287712,57.04103864549247,14.101882933857585,67.37229990002052,64.21848739495799,27.638382361981567,861.2035874045293,73.283289450164,51.16260255232211,58.87554943720225,1.172346020468273,0.5644988036321882,1.1677687772362766,0.5574366750204018
2025-07-26 02:30:00,14.023121452528995,67.43454186627963,64.21848739495799,27.637285979583023,861.3081176755425,73.339398930946,51.094591424949805,57.12394558606349,14.119406092493453,67.34811870982892,64.21848739495799,27.636513532605072,861.6417425791753,73.20427125415958,51.109678369371956,58.822927521695846,1.1649871903558957,0.5684008552078871,1.1640125657796385,0.556893624035948
2025-07-26 02:45:00,13.71493853982455,67.38018545743066,64.21848739495799,27.663197928531314,858.2302059936252,73.57628071653507,50.80085059478933,57.30881849486333,14.131437153778617,67.32137637588538,64.21848739495799,27.636193268830652,862.2915304721616,73.212432511801,51.03430063260524,58.77706224449307,1.1631653568094622,0.5650838886437223,1.1601347827866817,0.5561196296239637
2025-07-26 03:00:00,13.000345728604268,67.38954225670648,64.21848739495799,27.65999611508495,861.483864294626,73.22263146456054,50.76002035341374,56.9733922559868,14.148025984688518,67.29291682673191,64.21848739495799,27.636004239817833,862.8219751468837,73.1794986775751,50.96703203391355,58.743057575749496,1.1396116101551603,0.5631512307006306,1.15675783088567,0.5553179315384645
2025-07-26 03:15:00,13.185599154075886,67.49424620215562,64.21848739495799,27.64528541718161,862.4185152234235,72.23338765441872,50.56458883726325,57.13330943024249,14.146015869706783,67.26638299287308,64.21848739495799,27.634686002601125,863.4079330524805,73.13181445380113,50.9036005191674,58.71313911106959,1.1548147700331646,0.5608263083394983,1.1535646293320332,0.5544516811224315
2025-07-26 03:30:00,13.2210366010012,67.46031397066919,64.21848739495799,27.652963671214856,860.8372769047243,73.04752137617484,50.27778667309896,56.94305446592366,14.127498930998623,67.23350137848703,64.21848739495799,27.63402387733129,863.5291255498815,73.10612195817073,50.84703698769064,58.694908202288545,1.1508466242543585,0.5635462919151001,1.1502780139480435,0.5534913031768015
2025-07-26 03:45:00,13.697599090429398,67.36733713245918,64.21848739495799,27.704556776539278,863.3652916712227,73.1760665281839,50.54547989253625,59.74574006654911,14.091810151901363,67.2000214727529,64.21848739495799,27.634860656613096,863.603823514958,73.12970303008805,50.79501618082672,58.683556067627485,1.139362662353762,0.5619923021579615,1.146895674734101,0.5524337552056695
2025-07-26 04:00:00,14.013621647408227,67.08345360392977,64.21848739495799,27.67217277564805,857.6026623798246,73.22775181331735,50.52042524851258,59.25787761547313,14.043742196799545,67.16627717741595,64.21848739495799,27.634596536009767,863.9789866353033,73.14269684357762,50.74221416516264,58.57747217027256,1.1413458208221037,0.5547611056481735,1.1433650481897424,0.5512399961827544
2025-07-26 04:15:00,13.708082251720738,66.98157639550797,64.21848739495799,27.701254868914543,860.0252575168955,72.7826285108997,50.70102671082224,59.52061260551528,13.971050443994436,67.12961391913154,64.21848739495799,27.635722838793367,864.3334077269218,73.08061758243352,50.701329256405984,58.55571288233796,1.1314062797095772,0.5543513481096156,1.1400713321579785,0.5498699492874135
2025-07-26 04:30:00,13.396572101445257,66.91922471497706,64.21848739495799,27.66580323127775,871.2117505999695,72.21445870253207,50.69547776305132,59.63064617648208,13.894023088211696,67.08958066531208,64.21848739495799,27.634053696163168,865.0551650362534,73.06487358775172,50.65029745064351,58.54631373283253,1.1242868221690157,0.5471498991129506,1.1365103906961407,0.5484906194667118
2025-07-26 04:45:00,13.093000187266965,66.92649031406937,64.21848739495799,27.67543733413236,869.5390652922999,74.03012909278831,50.72187526588037,59.74034015699653,13.806224229792052,67.04940229776267,64.21848739495799,27.63203994502926,865.7851808778247,73.00472464305979,50.58454144330838,58.53486593757706,1.116241845280015,0.5442552513039579,1.1330176895851065,0.5471460910043645
2025-07-26 05:00:00,13.695256139396692,66.82447487528933,64.21848739495799,27.67350712639149,870.897230274711,73.2628692737592,50.6041762617252,59.572725434162486,13.710556869244517,67.00461885791051,64.21848739495799,27.627808737060715,866.388750265835,72.97863673658003,50.54453367228388,58.52271561061861,1.119720475652452,0.5522432386895757,1.1301896784252647,0.5457809633636781
2025-07-26 05:15:00,14.157044376023018,66.84384862976337,64.21848739495799,27.66214874855305,872.8340888495088,71.45884678993497,50.480821615746144,59.21628515778,13.600433755658974,66.9603720040854,64.21848739495799,27.622970873287958,866.8956205105586,72.99256728858218,50.51480363739576,58.5096973186204,1.1085383553683024,0.549997316428043,1.1274724337520792,0.5443675375254853
2025-07-26 05:30:00,14.337154159103209,66.80715136067883,64.21848739495799,27.623328747743017,869.7647138976602,73.07157266988183,50.89667921601889,59.20069231907118,13.4734833890051,66.91476467509156,64.21848739495799,27.6233850150515,867.1602731447808,72.955538457142,50.4981068687086,58.49636754982185,1.1007137953439423,0.546840576782781,1.12521290243587,0.5428417630973998
2025-07-26 05:45:00,14.00377546486173,66.80263306548656,64.21848739495799,27.63427511809032,873.9994300790142,72.67265925665829,50.63122942282372,59.48287629635484,13.347212304422602,66.87028981022142,64.21848739495799,27.62694741262357,867.3329686117861,72.94133289459494,50.468844688480964,58.48147222020323,1.1006431880234409,0.5455368382039958,1.1237174335107778,0.5409758488004951
2025-07-26 06:00:00,13.870454383854248,66.788533544794,64.21848739495799,27.56797681704239,876.2389675754091,71.75458121710687,50.53289189756798,59.46088462176332,13.217800659993717,66.82822006973839,64.21848739495799,27.631442000948514,867.523291114738,72.93547300673436,50.43596857890236,58.49010937482918,1.1037747936080842,0.5417164189573742,1.1220340939442235,0.5391989862288578
2025-07-26 06:15:00,13.541509119707674,66.7993031940328,64.21848739495799,27.60680832187281,883.2138380422565,72.72506903385691,50.39361917002108,59.66348474502766,13.099021755345282,66.78838097370392,64.21848739495799,27.633884083246123,867.5822527868936,72.92557295000215,50.39627814797574,58.50324673568592,1.1093201646900432,0.5384702631433329,1.121089659835336,0.5371276478183776
2025-07-26 06:30:00,14.066614910354843,66.74993312940951,64.21848739495799,27.60182083756077,880.4877385872172,72.3750651805391,50.46826620676011,59.77144479856861,12.98592282032779,66.74798734756033,64.21848739495799,27.63575830185257,867.5515198536643,72.84234024810426,50.365579347028984,58.51150999807639,1.1156710228735327,0.5354994736417652,1.120573146407143,0.5350754266644443
2025-07-26 06:45:00,14.180650012928956,66.68152889864939,64.21848739495799,27.60002667782966,876.3566201056915,72.59470533521277,50.24386962287792,59.92059180996752,12.87782929965032,66.7079252218349,64.21848739495799,27.637698154863926,867.7296615607063,72.81111280218009,50.34887018831835,58.512550369631875,1.114737179489033,0.5273239579351328,1.1202791137128547,0.5331557524672327
2025-07-26 07:00:00,14.289598148130514,66.60058174108049,64.21848739495799,27.598578909466923,864.0908415273369,72.50256930377876,50.36000270491832,59.86486264198616,12.790960954497743,66.66894056097304,64.21848739495799,27.640933582324287,867.5798081828483,72.7662749143592,50.3331773887066,58.525490420247685,1.10244651824709,0.5247665610689901,1.120394341143378,0.5313906950328688
2025-07-26 07:15:00,13.963550214168666,66.49972639940987,64.21848739495799,27.64530162138144,866.2589702239111,74.3659969189698,50.28308761629164,60.16917426443103,12.705645333520417,66.62664980491625,64.21848739495799,27.645025307491846,867.6496891587108,72.7963572797669,50.320473552057024,58.53264463219825,1.1077475392019671,0.5250293303044732,1.1203371929205272,0.5296124611751438
2025-07-26 07:30:00,13.045144573606512,66.5218418178675,64.21848739495799,27.62925424775686,865.4079071554455,74.25563032717776,50.03587865989649,57.78146509912666,12.630115409368832,66.58225173322488,64.21848739495799,27.650658846395846,867.6891181357558,72.77115421856438,50.328600947463315,58.626178860725496,1.0993866099602458,0.5193903662431265,1.1207454127713492,0.5277854352544483
2025-07-26 07:45:00,12.553974272727164,66.55487796330956,64.21848739495799,27.61171058969614,862.6143801642759,72.2453039462035,50.00889744698247,57.8085632524253,12.559758236783287,66.54284846996856,64.21848739495799,27.65521739065904,867.5164277559068,72.79365648305462,50.31687210783501,58.62932623482239,1.100263040420848,0.5159518812244018,1.1217617801475512,0.5257780049670128
2025-07-26 08:00:00,12.519615200194544,66.45552630790904,64.21848739495799,27.55516378789028,871.6181788615311,73.49565619261573,49.79489439797843,57.894903144822514,12.496019598637123,66.51646902779281,64.21848739495799,27.661810918917517,867.6343377835269,72.8077895012868,50.313148899828384,58.65093716391387,1.095648333460976,0.5146228478235175,1.1226229333861477,0.5239354121901166
2025-07-26 08:15:00,12.646301076403413,66.40199443726401,64.21848739495799,27.56417745050312,870.3793705692063,72.41894504670232,49.58882284904594,57.85950458373951,12.43312056213059,66.49117420238336,64.21848739495799,27.665687756046925,867.351153543777,72.81906448295527,50.30188976176571,58.66116725001736,1.0908246535520183,0.5182630461706106,1.1240087069803726,0.5221230077784672
2025-07-26 08:30:00,12.472067559978974,66.33296657312897,64.21848739495799,27.53167741757953,869.3478486996721,72.87741255793482,50.23257249545261,57.53260397554754,12.372628054319513,66.4698107812532,64.21848739495799,27.672641286251878,866.7973760681892,72.91082227414385,50.303109192498255,58.67149968650525,1.1103738618660046,0.5203409519753476,1.12535161001944,0.5207811751698206
2025-07-26 08:45:00,11.833339103351545,66.38335166412573,64.21848739495799,27.561630930754056,865.9931389816113,73.27831104044964,50.58590364066565,57.3987246108887,12.320242828740309,66.44497027394979,64.21848739495799,27.680162127748016,866.1478913793809,72.92396893919961,50.297381028893454,58.68704713971772,1.099309311319973,0.5184152356823212,1.1273962452091988,0.5194372782471768
2025-07-26 09:00:00,10.970301931278945,66.31240595573401,64.21848739495799,27.66295443939076,867.1537941673473,72.7198875722698,50.461245788892015,57.2862483323924,12.256332874349182,66.4270756259301,64.21848739495799,27.687519432538192,865.336734657065,72.93434905033426,50.29110605052189,58.71323779590594,1.1179731436236064,0.5142263168290144,1.1297772095424574,0.517986277112865
2025-07-26 09:15:00,10.632521860026682,66.26457927849438,64.21848739495799,27.6973961474482,866.1046196962945,73.31056149390822,49.95682123555592,57.08218085482012,12.182931526455754,66.40757501787934,64.21848739495799,27.697239101620404,864.4195869475327,72.99233276600708,50.30436048234909,58.753513948660455,1.1322336486076203,0.5087311534175437,1.1323902638436751,0.5165597356778462
2025-07-26 09:30:00,10.430906617880492,66.3328458165198,64.21848739495799,27.659290686722123,866.2381586725835,72.54730386519178,49.9178705247613,57.31728980241149,12.09783103842108,66.38939231965931,64.21848739495799,27.70788915105204,863.5082800259238,73.0109182934448,50.29340771940102,58.80847280371161,1.1332821806067397,0.5105865275727001,1.13536467034004,0.5154353735962832
2025-07-26 09:45:00,10.706956782075164,66.25641264398556,64.21848739495799,27.65153977560306,862.4457399239724,72.98398668755631,49.72867090097267,57.4351594711948,12.006325955084952,66.3701401171192,64.21848739495799,27.71839994914111,862.6224283763896,73.06222002225974,50.290179625674945,58.856611276887975,1.1440129972016455,0.5023586513177826,1.138365734464025,0.5145208786536907
2025-07-26 10:00:00,10.63015340200421,66.22273308197165,64.21848739495799,27.69351253777644,860.386129678658,70.84241787400917,50.17362739654689,57.371843457777615,11.895877988838789,66.35092211115085,64.21848739495799,27.731704860129348,861.671489909072,73.14215583179306,50.28117695903158,58.90330937428903,1.1494917875100996,0.5068342205898889,1.1415799033783,0.5137282345465122
2025-07-26 10:15:00,10.472132919500472,66.178321685668,64.21848739495799,27.721393518872,863.5744572048882,72.63945733880985,50.2995758334705,57.340029641527714,11.774151399320136,66.32965253153228,64.21848739495799,27.74256407447662,860.4676007704869,73.20009400844857,50.27317757974668,58.933473871786404,1.1543443759808234,0.5074936627273742,1.1445912046710056,0.5130976320976849
2025-07-26 10:30:00,10.394295374027015,66.22000243085083,64.21848739495799,27.757058938895657,856.9882629588857,71.8774948299335,50.2892363650612,57.361593774461085,11.63784948485562,66.30922595612537,64.21848739495799,27.75124570256676,859.3555617380302,73.23892851123114,50.27053908241823,58.97671212863386,1.1430684330708598,0.5101995076697131,1.1477958870682166,0.5123083399636816
2025-07-26 10:45:00,10.626130524756082,66.22552352045201,64.21848739495799,27.768037172208505,864.5149444992999,73.13585861664977,50.18347373777601,57.34793578875946,11.509662328768849,66.2916157709383,64.21848739495799,27.759729291712713,858.2630036893216,73.30154827659813,50.290740196049576,59.00883068260847,1.1531003233476431,0.5074792926077473,1.1509243041374484,0.5119524794824082
2025-07-26 11:00:00,10.9551388764536,66.12837181992765,64.21848739495799,27.821969838334788,862.0201462160757,72.29142954009916,50.521608535287726,59.74908132174088,11.372171306854163,66.28587279523327,64.21848739495799,27.766453460619303,857.6017608386629,73.35597938269936,50.30356441899725,58.95665082299243,1.1630932197790105,0.5087355142942374,1.1548145794820353,0.5118217465885605
2025-07-26 11:15:00,11.58688391286303,66.18523923476998,64.21848739495799,27.84131310443511,858.1845802757491,73.85113446289162,50.19361470368696,59.84016128945609,11.233217397034911,66.2835897623799,64.21848739495799,27.770940785176126,856.686684084525,73.40944877877364,50.31645726904412,58.891258062375854,1.1698536836398208,0.5017693935348951,1.1584287575599597,0.5116811241624919
2025-07-26 11:30:00,12.101462503023322,66.29207033865697,64.21848739495799,27.869978623402435,861.1399632084316,73.65174236028271,50.40872900831366,59.90620548821748,11.102175937174419,66.28165230408186,64.21848739495799,27.77609420333916,856.091395685147,73.4068626423639,50.33586635815348,58.90747486593197,1.1671804179800034,0.4994833223412889,1.1624301099431291,0.5120042051874386
2025-07-26 11:45:00,11.821111156524772,66.2227316332247,64.21848739495799,27.817559982796688,851.5297303243908,73.12087796095315,50.36325256894216,59.82751518862008,10.97947373087724,66.28071779981457,64.21848739495799,27.781325154794335,855.7900523899074,73.4475486179722,50.373952462716915,58.91418900492829,1.172979487536322,0.4999792157601352,1.1661883020893216,0.5123719969174492
2025-07-26 12:00:00,11.58179686711294,66.27832208107202,64.21848739495799,27.87440913742641,854.5984263323427,74.96719243819007,50.73206068502776,59.94061927111869,10.877610475913894,66.28375801844757,64.21848739495799,27.78737036244427,855.4643259984625,73.4509909969008,50.4158957098135,58.927373873904884,1.1645739133410355,0.5068949208535496,1.1702856932886525,0.5128943837221015
2025-07-26 12:15:00,11.521443419890844,66.18127509496746,64.21848739495799,27.90106257901637,850.0545246280492,74.42452904446087,50.55003035773608,60.20676375337084,10.784301192412007,66.28959262239322,64.21848739495799,27.792188874079102,854.9783807289892,73.50514668543747,50.460079724117186,58.95101449140473,1.177580900972779,0.5039383436246436,1.1747381125785405,0.51305892106584
2025-07-26 12:30:00,11.777957507662943,66.28763543469869,64.21848739495799,27.894226270096933,846.5625286052317,73.57427260779903,50.41592691057864,60.35844511980898,10.711082158941268,66.29846483683403,64.21848739495799,27.802840988428738,854.495724671025,73.5570869075216,50.47877148722821,58.98018406141662,1.1911494056502088,0.5087132046602243,1.1785244224071,0.513365005161637
2025-07-26 12:45:00,11.955003939220132,66.25883038823997,64.21848739495799,27.95373882101926,845.3196575635401,73.19835826011926,50.87845457056187,60.424569740415215,10.656488722219622,66.30470149436015,64.21848739495799,27.81030816118646,854.1278454674223,73.62531701695187,50.47521205988094,59.02022605560273,1.1869299844048318,0.5072010733774753,1.182926998742691,0.513794918756768
2025-07-26 13:00:00,11.784139518063013,66.26167041407837,64.21848739495799,27.94283023069216,842.4255062493917,73.62913849301366,50.56809632757696,60.84945797060606,10.627820648217192,66.31775931097751,64.21848739495799,27.816065391777133,853.9912914845229,73.6750520932969,50.48185682813701,59.05786009707689,1.1899459902348908,0.5131097143358936,1.1865164037844524,0.5145362818850714
2025-07-26 13:15:00,11.258622964777848,66.22506698928342,64.21848739495799,27.949599060762505,847.423880592994,74.21171112110656,50.53438661104155,60.927030491645695,10.619914247344123,66.33785268541534,64.21848739495799,27.820693934351073,854.0178216455627,73.66637339530543,50.49748841025227,59.101719840577545,1.1906751117429952,0.5181019899262204,1.1895953920577864,0.5155510344114097
2025-07-26 13:30:00,10.557015396469351,66.21199336574327,64.21848739495799,27.967124146689425,847.7108135558777,74.15265550310608,50.26281189826698,60.861827543794966,10.64533840329738,66.35346164394578,64.21848739495799,27.825654799237594,854.1707160349486,73.72425804857316,50.50700644610707,59.13410168733403,1.2001998610363391,0.5179370957420188,1.192839779329773,0.5165372216526009
2025-07-26 13:45:00,9.88971143414808,66.16121580547536,64.21848739495799,27.93258475229101,847.0971638847035,74.46321433352271,50.15363779147412,60.56841966994881,10.675320068649606,66.37474989928367,64.21848739495799,27.831237418739512,854.0303664913512,73.78271515938599,50.52518909687392,59.1715008381909,1.1996592034712006,0.5195521896785155,1.195667069825283,0.5178595016507752
2025-07-26 14:00:00,9.977557476419346,66.13713586720269,64.21848739495799,27.862269680265047,847.1265676135187,73.54010026401586,50.389111286906406,61.06859250399225,10.72102456664293,66.39978271708652,64.21848739495799,27.836002201557115,854.1143505869275,73.91966801541895,50.52689688476749,59.21007555710197,1.2118114947898673,0.5118207096216656,1.1983577239057477,0.5189498887837278
2025-07-26 14:15:00,10.3350353303259,66.15322334303686,64.21848739495799,27.854534352208244,843.5798786444334,74.47329829622255,50.849903031818485,60.88414842920604,10.776049090876853,66.43042733910454,64.21848739495799,27.839750012664165,854.275617146223,73.95636496608134,50.53314175802222,59.2597554245607,1.208589691565986,0.5166481434969287,1.2011628131777816,0.5203117622259827
2025-07-26 14:30:00,10.164867490689906,66.42829246993016,64.21848739495799,27.800303976664605,844.2535560075776,74.13550248681558,50.74472939334849,58.29946685350493,10.83344253385131,66.4600683944021,64.21848739495799,27.842337927231412,854.9048000907577,74.04840511471924,50.530746325370096,59.31077155865357,1.2191547785847017,0.5208445742535593,1.2045224311576836,0.5217486790379374
2025-07-26 14:45:00,9.794932919591092,66.43123541380852,64.21848739495799,27.779921358086003,838.8066675997721,75.97007880119811,50.6698731176978,58.2073914459337,10.882347459267132,66.48583431322876,64.21848739495799,27.843848705278624,855.4590975598309,74.08803902861986,50.54146948692843,59.44159775491589,1.2161728815396935,0.5208106575224172,1.2075976360448983,0.5233040019021921
2025-07-26 15:00:00,9.113900777791738,66.46371806892596,64.21848739495799,27.783856792648063,847.5492551741007,74.17804623488571,50.618151333177295,58.267969205810026,10.931812108798407,66.51403618728098,64.21848739495799,27.843882099262878,856.1707309572023,74.1369326511462,50.53761214768317,59.48618677357896,1.219427181455325,0.5290827969915274,1.210380995020905,0.5248460040893822
2025-07-26 15:15:00,8.872908083811808,66.5268428352911,64.21848739495799,27.7686391333512,853.57408130709,73.4658832144526,51.151480583885366,58.009987422314914,10.978099492155456,66.53865821197678,64.21848739495799,27.842526469331638,856.8551599516828,74.12630605235468,50.553090349628555,59.53338895182298,1.2130088048066254,0.5269856331247187,1.213464424891954,0.5265348739664387
2025-07-26 15:30:00,9.463717551294172,66.54673286689908,64.21848739495799,27.73652001738848,861.8463871181866,73.59892756047377,51.05319181087576,58.29044921412042,11.009906124266658,66.56044014201582,64.21848739495799,27.839221169551443,857.2908255144783,74.12837002859364,50.56381895791021,59.57230843914653,1.2185700694409085,0.5302944519630868,1.2158710096001364,0.5284594872626788
2025-07-26 15:45:00,9.847022571346791,66.57703255563337,64.21848739495799,27.70873279954796,855.8010124850088,74.04361570280179,50.91434327815672,58.56872310873484,11.046318696687793,66.58130876417347,64.21848739495799,27.837166132935984,858.0836823506647,74.13263406195081,50.58725867418616,59.617226007737784,1.2243972322486527,0.5231991664827641,1.2183883884711089,0.5304416496117965
2025-07-26 16:00:00,10.275496555856822,66.59913300635347,64.21848739495799,27.85124084806861,854.8681669607424,74.43561922045906,50.793325388783416,58.40769107590443,11.077886874083214,66.60097613334524,64.21848739495799,27.83361730288361,859.0481915559074,74.1150840338595,50.59535362672421,59.65501840447746,1.223963156722789,0.5295234748492599,1.2210823634180272,0.5321757429983315
2025-07-26 16:15:00,10.195536001702154,66.57045138990904,64.21848739495799,27.785646113485647,854.9567628735315,75.32521432335781,50.47912082024739,58.59998443647181,11.09556855068724,66.62687368194194,64.21848739495799,27.82870935199094,860.1803921233378,74.13278576505257,50.60951767219915,59.69208026099519,1.2313866013876982,0.5313126435362486,1.2232971712730139,0.5341972566195785
2025-07-26 16:30:00,10.11025971120604,66.70414045425488,64.21848739495799,27.83567135711107,863.0571746803635,74.21193986262074,50.66058883657444,58.41526957661736,11.107979323985315,66.6454603675742,64.21848739495799,27.824702058759893,861.4919780067843,74.17158190290361,50.63019022364811,59.721357523778586,1.2256552948764527,0.5364672106781166,1.2252593021196239,0.5361109465736853
2025-07-26 16:45:00,10.39532983383462,66.86738051162946,64.21848739495799,27.83625242466638,866.9005245274899,73.05020055416381,50.42576869901354,58.39797315983971,11.125129246204455,66.66487825213808,64.21848739495799,27.81801909577697,862.7986676975528,74.19217502090638,50.62017985651293,59.74975775690051,1.2246032968076446,0.5391737292076935,1.2269576043747132,0.5380718821098047
2025-07-26 17:00:00,11.19363129647818,66.80111457243264,64.21848739495799,27.80811663331772,870.8249903541594,74.28384346322395,50.203411600405175,58.28874520510607,11.14882172378365,66.68430700756277,64.21848739495799,27.81380574280069,864.5014741144183,74.24899832920293,50.620162703391856,59.76714208596069,1.2306137987663277,0.5401721448084358,1.228774774634656,0.5398537599044245
2025-07-26 17:15:00,11.606406742641976,66.89506030412267,64.21848739495799,27.819018360660586,858.2352536160491,74.73770001194066,50.27415042397836,58.55713399690081,11.182141337042763,66.70963658758428,64.21848739495799,27.80853590721069,866.1134789020284,74.26211498478284,50.61918520225605,59.78265015872091,1.2288317120669496,0.5420270512630134,1.2306318927161723,0.5413365435881274
2025-07-26 17:30:00,12.001288341803898,66.97371761605719,64.21848739495799,27.83645602230453,862.9056525459481,74.95100355499866,50.22486103335396,58.52908502510984,11.222937272769675,66.73749575893736,64.21848739495799,27.80510321027562,867.8563494594515,74.27419556497729,50.624182754262456,59.801087812858455,1.2302114099240478,0.5395458345784659,1.2323559173114045,0.5428242877059987
2025-07-26 17:45:00,12.122868646518148,67.0976603462083,64.21848739495799,27.83382785208351,868.4124539837549,73.74036585868122,50.48692203111224,58.830425665289646,11.279220850972518,66.76469736916052,64.21848739495799,27.802415928951344,869.7625370066904,74.22682637093068,50.63413049795443,59.82333845264167,1.23849705414184,0.548349865995023,1.2337836941289049,0.5443867230947942
2025-07-26 18:00:00,12.11609866326076,67.1092340897777,64.21848739495799,27.834696375913147,875.8637512949281,74.63869928907047,50.21737338549757,58.892077797247126,11.345269229633802,66.79004358904805,64.21848739495799,27.800413070448084,871.7241366984124,74.19329439695522,50.64019800380622,59.82629752893044,1.2438569724679152,0.5533070120283551,1.234492048894295,0.5460715702873551
2025-07-26 18:15:00,12.093278287230724,66.99850108525214,64.21848739495799,27.81336051362478,881.1438685714949,74.32487603366842,50.50516858452598,61.27272167662909,11.408550302411095,66.81164856389789,64.21848739495799,27.797617619553787,874.1087682809346,74.19430083543647,50.6183354203652,59.752559496629324,1.245356469964089,0.5541389785353845,1.2348716727207365,0.5477641395661142
2025-07-26 18:30:00,12.439078362391855,66.97442804149388,64.21848739495799,27.82297165786236,883.3691481372172,73.75823821588924,50.40588835792986,61.0867518816328,11.492520364803754,66.82761174273836,64.21848739495799,27.796104913049398,876.7431895158442,74.1604067307431,50.61666969689872,59.768441949432464,1.2465939890592124,0.5549955799099437,1.234831144971156,0.5494290342733408
2025-07-26 18:45:00,12.975505413574576,66.92389997564398,64.21848739495799,27.800644206498,878.717450110167,73.53233649914596,50.6579607620487,61.256226636776695,11.591865001074519,66.8448524099586,64.21848739495799,27.794206987201378,879.446079092849,74.04052457567452,50.612535989903066,59.78351335846464,1.2623565797712886,0.5524354898465871,1.2350298828485309,0.5511201952635293
2025-07-26 19:00:00,13.055661466359318,66.9455282398282,64.21848739495799,27.77081962999657,874.2099300922952,73.71366164745137,50.73058725676303,61.07379010792398,11.720006006662866,66.86148926259217,64.21848739495799,27.7913023884676,881.9040105114826,73.98971981174859,50.61875455987458,59.79169408888422,1.2393779592254732,0.5572217212284925,1.2352145453239194,0.5524146321450393
2025-07-26 19:15:00,12.913488329158826,66.84879029795451,64.21848739495799,27.755908884333024,875.3154354099836,73.24879896166878,51.066444057221005,61.17504224635769,11.867617911541624,66.88167485998291,64.21848739495799,27.7891473535236,884.1297547706815,73.96565486840663,50.6044117551359,59.80599252367593,1.2485008536655018,0.5594440862336655,1.2355681947602761,0.553877957536295
2025-07-26 19:30:00,12.528842188975592,66.86834315622495,64.21848739495799,27.76794423585501,883.5337024896205,74.44069159545072,50.97490926116898,61.07439117330917,12.010400097852385,66.90003331286145,64.21848739495799,27.786414188337655,886.2736918358727,73.95210782577347,50.594603266390976,59.81811844060245,1.2453931617485876,0.5589177224496017,1.2358575978673934,0.5554316689995139
2025-07-26 19:45:00,12.051893718011636,66.95820155286853,64.21848739495799,27.75382405223649,884.0205416509593,74.95558098025337,50.974951721984645,61.3186194489024,12.170825232861409,66.91892826993808,64.21848739495799,27.78530317675405,888.8148055814654,73.93009223602206,50.58511745288096,59.82212046763068,1.2440251366223711,0.5645837522620542,1.2356567779859113,0.5571075241770764
2025-07-26 20:00:00,12.15028070660514,66.84523600366636,64.21848739495799,27.77400747316539,885.9101051086288,74.73815674332982,51.03610345404704,61.236763003311005,12.332473483621369,66.9369368838915,64.21848739495799,27.777010520043387,891.2762477025115,73.91298622454234,50.58855410029643,59.842140804378694,1.2500133310485089,0.5661239032834257,1.235032574719254,0.5583811142688663
2025-07-26 20:15:00,12.469501605794314,66.84136692515663,64.21848739495799,27.75324993153167,884.5203482865967,73.81615180020215,50.57814355650659,61.2765767340729,12.489786944846283,66.95591567937427,64.21848739495799,27.76975677823111,893.6569291661075,73.81698505433687,50.603600949037855,59.86759426263209,1.2378790520575114,0.5660291394610618,1.2336850608608594,0.5595059587490401
2025-07-26 20:30:00,12.494913845438871,66.84453307681846,64.21848739495799,27.816429641403623,893.5096987553571,75.33383774191014,50.567581733944685,61.37098784241146,12.643898405672335,66.96784525968259,64.21848739495799,27.758708754343548,895.9499783821354,73.77844954634878,50.60995881223639,59.90091555292848,1.244461098033179,0.5665660481744859,1.2328719695240602,0.5603486134799637
2025-07-26 20:45:00,12.258211362551249,66.98495438992933,64.21848739495799,27.791503993062488,895.7840242212959,74.6052107885042,50.50506157696732,61.39227267445248,12.79150135862168,66.97270238588388,64.21848739495799,27.748287682275514,898.0247781516625,73.73641479140016,50.6252009298267,59.93044064305716,1.246388654188479,0.5625855004373059,1.2318142772756142,0.561235973703597
2025-07-26 21:00:00,11.780893468276702,67.04776850633515,64.21848739495799,27.86414323863748,899.9969302785722,74.51507290893953,50.41273845845912,61.41495716792146,12.92096618617346,66.98120015591657,64.21848739495799,27.738402332819433,899.9469406876439,73.70814145683373,50.65258114698999,59.95926118582744,1.2519205988933009,0.5625694192781581,1.230081012894619,0.5620880439199122
2025-07-26 21:15:00,11.578218780233405,66.97726411217008,64.21848739495799,27.851966312562528,904.2827903018696,73.04213851212444,50.4520701022336,61.23593886344502,13.052214609201634,66.98542960307017,64.21848739495799,27.727456402635102,902.2201301308917,73.64720231884324,50.66381248684205,59.97906482585358,1.242492507996218,0.5664252513423789,1.2281617938813352,0.5627564359758532
2025-07-26 21:30:00,11.959008836257876,66.89752246382928,64.21848739495799,27.802183925167306,905.9745583651764,72.5341410447521,50.57113646246,61.15736479265533,13.161732246456106,66.98649086179346,64.21848739495799,27.715984230221235,903.8997013868881,73.55545633461296,50.669642787346035,59.998596597559086,1.2330621377515696,0.5623661253984952,1.2259161091559976,0.563411279911686
2025-07-26 21:45:00,12.233467513644612,66.80137258853182,64.21848739495799,27.770670825379412,915.1188261201008,74.50349145065935,50.19402552858793,58.67200746017239,13.258363661537183,66.98733678042618,64.21848739495799,27.70378988980815,905.3426930875637,73.51731483526181,50.669275582072714,60.08242551572841,1.2199784063592356,0.5674252218597017,1.2229853931249244,0.5636698539560615
2025-07-26 22:00:00,12.683969362469687,66.90718783514399,64.21848739495799,27.754922781532795,923.2861930548636,73.11867934601524,50.694757689353935,58.77594043759919,13.337752118204612,66.98245893457076,64.21848739495799,27.690761075138695,906.3995203874825,73.45905861901036,50.68269923294307,60.157312119050076,1.2179389460972796,0.5707914154703528,1.2196952007624597,0.5639107311427811
2025-07-26 22:15:00,12.775272007714111,66.94845543041605,64.21848739495799,27.722983582645384,919.8933549099164,72.37361414914079,50.54586190782814,58.659533716899126,13.404807367764517,66.98219528918665,64.21848739495799,27.680089510692543,907.3487131688506,73.37524382771986,50.69020662227365,60.156624598147374,1.2221350178609496,0.5715454872280764,1.2165711753097084,0.5639079071064155
2025-07-26 22:30:00,12.958130945442155,66.96282364793271,64.21848739495799,27.69671883063474,921.287197733114,72.65390331710783,50.80470843232288,58.51339111839757,13.452983743173757,66.98315229390631,64.21848739495799,27.668468120400018,908.1935046113805,73.32846106074228,50.70214407468973,60.17138407424399,1.2249670557169725,0.5679159034368257,1.2133796039378553,0.5635783589351037
2025-07-26 22:45:00,13.301265230174486,67.13241075701332,64.21848739495799,27.70398808503129,920.3464090830544,72.74393491419332,50.721196441724935,58.43894046606611,13.490118085657189,66.98115397600306,64.21848739495799,27.657961447098952,908.9096668272849,73.32701339582219,50.70770085177458,60.18133150763312,1.223618287897334,0.5708853948623854,1.209751259852499,0.5631978853995608
2025-07-26 23:00:00,13.747183140617002,67.09748645325536,64.21848739495799,27.65452506181019,926.1644990739198,73.19251628147899,50.75893714852806,58.65422672191593,13.522962577267428,66.97912261454661,64.21848739495799,27.646879427829152,909.6427569821818,73.30938729003174,50.72800384357275,60.19961606921563,1.2272521626544175,0.5769057958596553,1.2068764787441943,0.5626552935619369
2025-07-26 23:15:00,14.659776621617551,67.14388126793224,64.21848739495799,27.675402452039783,932.034424852789,73.38314801025982,50.62976887285634,58.688783919581645,13.53788759202087,66.9783416724943,64.21848739495799,27.636256472424456,910.3521159107538,73.27223932393096,50.73000830583938,60.22329716838951,1.2183726358041995,0.5734748218096402,1.2033968926844831,0.5616801062945758
2025-07-26 23:30:00,15.124944078655645,67.13939142495633,64.21848739495799,27.60246114674866,928.711430592124,73.92243887606698,50.8964248112473,59.008301178344944,13.549771182027557,66.97655105423982,64.21848739495799,27.625495466121333,910.4599867118073,73.26081917787913,50.73639326753995,60.24221480756817,1.205237058723067,0.5677311776029575,1.2001480593797604,0.5606970505513696
2025-07-26 23:45:00,14.914939838449577,67.13981525439189,64.21848739495799,27.568033859117424,926.3772067814156,72.44517921719395,50.93052628249033,59.3635881840738,13.572865336216639,66.97139136252328,64.21848739495799,27.614405006608987,910.4074512603462,73.1662321467324,50.7418872652439,60.24924972980503,1.190961185635859,0.5650579779414632,1.1968314932305049,0.5597132433999156
2025-07-27 00:00:00,14.733603535987584,67.06202786350444,64.21848739495799,27.50423064048413,931.8486511612008,73.05587462297771,50.8513247325304,59.41490828550888,13.59926575313971,66.96899633375727,64.21848739495799,27.601478684790614,910.2292838879391,73.17029563114616,50.74781022117203,60.2472975595585,1.2012625547724844,0.5617468526058265,1.1926635993843144,0.5587179178066888
2025-07-27 00:15:00,14.82341842231498,67.0130942976681,64.21848739495799,27.52362026262536,929.144517613302,71.78915790570566,50.88303222672264,59.28372586370012,13.627995590352837,66.96018905603609,64.21848739495799,27.59208951916453,910.1213257418935,73.14161852787873,50.755062369973764,60.24961045867655,1.192872529354259,0.5657945359166906,1.188749017744236,0.5578036277160767
2025-07-27 00:30:00,15.077576123031522,67.0560476734132,64.21848739495799,27.51155614963531,928.4898664336,73.4356434262306,51.02481811530408,59.15336148821431,13.668881991839184,66.95145053018605,64.21848739495799,27.581608828738144,909.6257017652115,73.04076550594209,50.76062086762524,60.24885219950632,1.178615867336471,0.5657342512978918,1.1841267144961318,0.5571062618762415
2025-07-27 00:45:00,15.543859433487242,67.02194371873124,64.21848739495799,27.4906404551307,926.430936913484,72.9095258722264,50.6110906195401,59.15124319768515,13.716841847821536,66.93975905215937,64.21848739495799,27.570856436860538,909.1232400162128,72.9853694122864,50.75789507229898,60.24332628970178,1.1712551416684391,0.5620788129412464,1.1794820326242914,0.5565380768378992
2025-07-27 01:00:00,15.28681745943805,67.00555537775531,64.21848739495799,27.49229084988848,913.292790225842,72.19862402809017,50.39977004847363,59.11503817627527,13.7598380268852,66.92336129524419,64.21848739495799,27.557665101572795,908.3845474449402,72.96465181784852,50.74147421516772,60.23157713772924,1.1628408681639184,0.5591911526534495,1.174304667534426,0.5558785910728626
2025-07-27 01:15:00,15.021811098950502,67.12303790519024,64.21848739495799,27.46799763969095,911.7022050040256,72.59612087814679,50.47590587291247,61.345293210369086,13.809224997613608,66.90729405011086,64.21848739495799,27.54414611877264,907.3872006795639,72.9053065182202,50.723826549497716,60.2249206394741,1.1505755732096357,0.5561070873262849,1.1694684299022293,0.5550053054709424
2025-07-27 01:30:00,14.4977523632836,66.96289871411524,64.21848739495799,27.44383193582952,907.56857029249,72.89101280152705,50.62008291160869,61.13867589689727,13.864287810358821,66.89488063282869,64.21848739495799,27.532580293420565,906.4772166995044,72.89969816851999,50.6826750104325,60.14684669670443,1.1451512015939826,0.560533327629944,1.1652165930713367,0.5543646048756744
2025-07-27 01:45:00,14.104935774027927,66.9905917237287,64.21848739495799,27.493213580240305,909.6196520125352,71.81043229495296,50.730390264443024,61.25209604954804,13.920619646188271,66.88457607901124,64.21848739495799,27.52173343571273,905.4540725308915,72.83647341122061,50.66331417107185,60.16128534095017,1.1516357063815363,0.5540542574444192,1.1611471469950287,0.5534910512796318
2025-07-27 02:00:00,13.884369624669002,67.00313818308375,64.21848739495799,27.474329949086545,908.7128914131144,72.35475520656256,50.76401193041233,61.52953616453133,13.980102086562717,66.86688914785138,64.21848739495799,27.513384720994285,904.1257040695149,72.82859426465366,50.63381138531754,60.181073947468654,1.1508468479036256,0.5451091347705861,1.1572110899742831,0.5526063403051643
2025-07-27 02:15:00,14.08953568807743,66.86395043854615,64.21848739495799,27.48544400746595,900.2023165873012,73.48890655154293,50.8246640745942,61.55464963845065,14.032980513573479,66.8429283082875,64.21848739495799,27.506666985911796,902.710204624877,72.86554899738397,50.61678043134772,60.19648424891239,1.1535062572106043,0.5410212837803029,1.1531886479807312,0.5518617439242253
2025-07-27 02:30:00,14.040996214666553,66.88458739613493,64.21848739495799,27.4383590519026,896.2026347392007,73.18487847373787,51.339677010708186,61.6223269553992,14.063558749619864,66.81481479359252,64.21848739495799,27.502150738896187,901.284374499564,72.87128650996944,50.58877804689317,60.2114503123962,1.1531345259763277,0.5409439660997748,1.1494439143555049,0.5511916792432675
2025-07-27 02:45:00,13.361238771762034,66.82536203638512,64.21848739495799,27.437220222192064,896.5962032671459,72.13435997864573,51.12657792521957,61.88547522157387,14.083192077014406,66.78209867055966,64.21848739495799,27.4975174488465,899.9235249928196,72.86825932866658,50.56581006971401,60.221728023267886,1.144113271874167,0.5301884682128325,1.1456559939394615,0.5503093880532856
2025-07-27 03:00:00,12.885349889176252,66.81462460859092,64.21848739495799,27.44511404676151,886.7698265212272,74.09808721389557,51.16645811218663,61.64192034866906,14.096334796384967,66.74684657999862,64.21848739495799,27.49594711552101,898.5341200965232,72.89087366909048,50.54744117003352,60.2293551583957,1.1479281626069098,0.5294260501534149,1.1415934382137267,0.5491691644243547
2025-07-27 03:15:00,12.744718343684074,66.80341080137164,64.21848739495799,27.421110266865984,882.4444781071239,72.1179700458511,51.13977165310302,61.5296671160085,14.086675500461796,66.70752845164311,64.21848739495799,27.49362646194051,897.119810893243,72.89053266389493,50.54034738570071,60.24098517166827,1.1445281521447026,0.5350695377184337,1.138071623552161,0.5480743170926051
2025-07-27 03:30:00,12.942293214297266,66.77338514068674,64.21848739495799,27.386217818614195,880.565083936417,74.86006127574272,51.213792131890855,61.17819789591475,14.06231779937346,66.66435753507851,64.21848739495799,27.49349481389401,895.8120193747503,72.81448066540997,50.522210648054255,60.24485589853408,1.1249765156627989,0.5362641354866217,1.1350955260776379,0.547080743762162
2025-07-27 03:45:00,13.331396722188192,66.57714859352102,64.21848739495799,27.47157496274924,881.2816039052273,72.95583870217908,50.7957080205585,61.34596370761452,14.035053874267696,66.6197584721527,64.21848739495799,27.492938811736842,894.5671653253956,72.87222747288642,50.479841046040875,60.22782469194694,1.1204416028551518,0.5386004367427022,1.1326254659930919,0.5460988240695616
2025-07-27 04:00:00,13.721505890029256,66.58237730131732,64.21848739495799,27.50200892861202,878.6409794548949,72.3082470838114,50.734336663489,61.348240067304495,13.992888483761833,66.58014903984989,64.21848739495799,27.493273491584993,892.980584003605,72.82867176499894,50.44508450609271,60.211623094107594,1.1057920005900643,0.5456450729794271,1.1300285762868119,0.5451118633700162
2025-07-27 04:15:00,13.697007042021838,66.63421004912891,64.21848739495799,27.468932236734297,880.7101717513348,72.94332797883303,50.4232877171795,61.22649538031624,13.923061181266114,66.5412068844955,64.21848739495799,27.49325881472763,891.3879528128339,72.88984291447899,50.39708173224751,60.1988541752198,1.107048198033261,0.5455399492870365,1.1278425917431683,0.5440962974140076
2025-07-27 04:30:00,13.070778840186591,66.55583579887953,64.21848739495799,27.46840318000513,877.8361531403929,73.89354507580312,49.92011274452139,61.06248260874532,13.847525392866851,66.49775643432667,64.21848739495799,27.49306783863926,889.8823628113437,72.88002530250802,50.34925013992416,60.19370487678378,1.0965996461973375,0.542784846327059,1.1258920139912365,0.5430616898737411
2025-07-27 04:45:00,13.059827902085647,66.49524675817055,64.21848739495799,27.446396828558044,874.3623873405792,71.26177952327501,49.92264013213335,61.036243915790656,13.762270533772046,66.46047096588045,64.21848739495799,27.492599200095917,888.4143502143571,72.89630823172352,50.31345958670711,60.19109124866913,1.0974053790303195,0.5402266832847733,1.1237730488829565,0.5419118187598814
2025-07-27 05:00:00,13.610893218614216,66.52511994536368,64.21848739495799,27.45520916460497,878.6750389633979,72.3658905537459,49.33659029050349,58.81514650956543,13.67633105143138,66.42308188786784,64.21848739495799,27.493107040446937,887.3591226244521,72.9214878287185,50.30018926079974,60.27214393839727,1.1055070328247945,0.5431451075404571,1.1218928818388063,0.5408936933377501
2025-07-27 05:15:00,13.923422588528194,66.49223597400854,64.21848739495799,27.445265094144244,884.4245010617125,72.60674873167844,49.613200347768455,59.10516678754476,13.577338986421701,66.37991608170402,64.21848739495799,27.495011762955514,886.4015787453562,72.89009073168275,50.27535923347429,60.273554330773095,1.097895024069993,0.5412186139784214,1.121325127614981,0.5398348762820804
2025-07-27 05:30:00,14.468442573703037,66.37657990034839,64.21848739495799,27.504461339979613,883.435139213563,72.88230494900642,49.80967411672464,59.36959863315363,13.472439191753484,66.34160373327101,64.21848739495799,27.495936290645563,885.5742424015679,72.93320789869566,50.246524788949905,60.290030099699365,1.099857235474913,0.5442500862363304,1.1208267047841534,0.538729628897722
2025-07-27 05:45:00,14.361624818037004,66.22963024349923,64.21848739495799,27.52145153017061,877.4283715707802,73.48225613105002,50.0349332887336,59.12184276021128,13.37408746313909,66.29739776795962,64.21848739495799,27.492510789926275,884.642519070669,72.94726629483483,50.22551019796234,60.302595870325085,1.1014617580543882,0.5492075957999005,1.120428957468503,0.5380875181699211
2025-07-27 06:00:00,13.875478026833685,66.11941820708363,64.21848739495799,27.561231420166493,878.5122939737221,72.82602869467182,49.96463689868654,58.96237302291168,13.284236147787201,66.24766660065788,64.21848739495799,27.49056902459746,883.9821042291748,72.95924424139552,50.213334602597165,60.307470061139966,1.112625046960181,0.5478139630080956,1.1201956190783102,0.5376650367237041
2025-07-27 06:15:00,13.890265052010676,66.15092706602763,64.21848739495799,27.564989383540656,879.5209238807281,72.65311947510783,50.03215712635015,58.74727179221669,13.197206003118412,66.20108454405015,64.21848739495799,27.48962906367745,883.4263790109754,72.9312576277216,50.195789442185294,60.31398495841808,1.1099806754160355,0.5444166591629284,1.120064278793669,0.5372912433476171
2025-07-27 06:30:00,14.141464721733891,66.0399237364239,64.21848739495799,27.607415062045487,884.4823521850253,73.87094649419583,50.20787015811337,58.88304077575024,13.10253528081971,66.15526560182032,64.21848739495799,27.489874115298253,882.8954233430701,72.91565195862174,50.1759043155489,60.31236022308272,1.105375490882378,0.5426990869917296,1.1202093010796588,0.5369455927557032
2025-07-27 06:45:00,14.369997743922411,65.96433741726689,64.21848739495799,27.60578284462489,889.6051487543837,73.37291785439332,50.41695534287196,59.03768431775902,13.02848700835965,66.11443750188575,64.21848739495799,27.489438662236285,882.377988136472,72.96772139808577,50.14878340493273,60.31207454855406,1.1127181959572257,0.5406294018571519,1.1204223125598796,0.5369227978813378
2025-07-27 07:00:00,14.394213046005571,65.84426392801831,64.21848739495799,27.598511705353538,889.4776850373444,71.64087892151852,50.35232268185351,59.12442298431903,12.947646893595273,66.0730454447228,64.21848739495799,27.488425203773676,882.095508632665,72.88106931616888,50.12150935406548,60.31377616225335,1.1159541344873725,0.5379239776896645,1.1203472627794369,0.5367233346029454
2025-07-27 07:15:00,14.09702208527666,65.80184336661797,64.21848739495799,27.55135379440232,889.0315853007711,74.17758344148749,49.65943822208911,58.85265198645969,12.870458465216426,66.03131498243356,64.21848739495799,27.486527341890977,882.0701976787806,72.92492293160169,50.083256442562124,60.31049291320075,1.1168593830994804,0.5356003871634478,1.120702236741746,0.53666128197416
2025-07-27 07:30:00,13.468641820811651,65.87374489441964,64.21848739495799,27.514271035928736,884.2512115074882,71.74920338635337,49.80862853408549,58.92886035032858,12.794908944660992,65.98845048382675,64.21848739495799,27.485822361744017,882.4067849949344,72.87924141734833,50.04348094006289,60.32673210861674,1.123355863584078,0.5321380316194677,1.1216263096808974,0.5367215495199179
2025-07-27 07:45:00,12.72859934744346,65.84482963703671,64.21848739495799,27.52317995690436,881.3655818901632,73.62429239010638,49.4429490113663,58.9006582970662,12.731198884124941,65.95392737242568,64.21848739495799,27.480894119817616,882.7108906840967,72.89979559259154,50.01410601892583,60.34191117655375,1.127292993044959,0.5353275572364313,1.1230652439113797,0.536698914128299
2025-07-27 08:00:00,12.81150247105365,65.75253416834848,64.21848739495799,27.505826866984386,883.3221663888961,73.14111506710181,49.58987034560377,58.99888253513378,12.660837227847827,65.9202448075583,64.21848739495799,27.475509524230233,883.1790117257025,72.926540175919,49.98512068204225,60.3586754840514,1.1200985347785144,0.5346960250898971,1.124992954274937,0.5362954070813571
2025-07-27 08:15:00,12.986213660643092,65.90337966534432,64.21848739495799,27.47658129883039,882.3905590038828,73.39801374869202,49.53737402302866,59.0728343542457,12.603650505865126,65.88580523509192,64.21848739495799,27.472796001142736,883.5998070225501,72.95878702080701,49.98037754349873,60.377359062406114,1.107686188420039,0.5275826795254565,1.1265470328178857,0.5355771274821743
2025-07-27 08:30:00,12.708632989217977,65.88388303737722,64.21848739495799,27.507526060419096,881.6359625286933,72.95401193793877,50.00166027125263,61.54661886811948,12.556414222635057,65.8555046632011,64.21848739495799,27.47047370943613,884.254055736563,72.93031427841386,49.99516117276424,60.38699331933466,1.106435856839409,0.52864738998951,1.1284293129785052,0.5346822411698898
2025-07-27 08:45:00,12.052049148660195,65.82806372027572,64.21848739495799,27.5251393149482,882.9758886311498,71.65420796707453,49.73100505314892,61.387604981643776,12.50650881436903,65.82269853707201,64.21848739495799,27.467432513544036,885.0499991789078,73.00282764335553,49.99177344273021,60.31488362310736,1.1335429464948774,0.5243425756561922,1.1303413934590831,0.5338699257165618
2025-07-27 09:00:00,11.350758523237053,65.81352826112499,64.21848739495799,27.47156776653108,882.748479978841,74.18452781191422,49.755049575876725,61.6329489646853,12.438544558380743,65.78846968559752,64.21848739495799,27.465415914762527,885.64897377006,73.07283744609005,50.00530747418758,60.32597034746573,1.1301985166691544,0.5273759060991959,1.1321849816512368,0.5328804329266645
2025-07-27 09:15:00,11.154383915596092,65.66441276438688,64.21848739495799,27.390448558661628,881.6679520855696,72.2321841791283,50.09995253481642,61.62906916831983,12.374125868669019,65.75490771761525,64.21848739495799,27.46431501826326,885.8613927459792,73.09337948971272,50.00747151721772,60.324797949331895,1.1397032869120265,0.53479093561039,1.1345846894530582,0.5321606990623384
2025-07-27 09:30:00,11.188830164112412,65.51120316403158,64.21848739495799,27.4160769892221,888.9004461682842,72.71409360338353,50.398744069456974,61.6757618889776,12.286043296417091,65.724167597811,64.21848739495799,27.461420107589912,886.2921590091489,73.09206281502134,50.0001977204907,60.318348102085785,1.1438466961978466,0.53243469138408,1.137076176925225,0.5313435189421132
2025-07-27 09:45:00,11.47863134801369,65.46648874031389,64.21848739495799,27.45724517986568,883.5305600413226,72.64930814132536,50.29830926223806,61.75009655679394,12.18810220011879,65.70101180655372,64.21848739495799,27.456777967390767,886.9940169714496,73.08420647386974,49.984584029498606,60.307731659709525,1.1495660486713677,0.5298074824976909,1.139925895318954,0.5303614119774961
2025-07-27 10:00:00,11.200874545705537,65.51001912924002,64.21848739495799,27.445710600526567,880.273964702039,72.7167084007412,50.74312321161631,61.57358489533858,12.086367789897613,65.68317423409847,64.21848739495799,27.451780787778564,887.802521817349,73.11356510008993,49.970894915251925,60.30226378347535,1.1574851945560212,0.530574448342355,1.1424019216047034,0.5294750944732732
2025-07-27 10:15:00,11.139790597960229,65.60051903834785,64.21848739495799,27.424156630333066,881.0731470692054,73.69644316256732,50.31295060673453,61.876904985714056,11.968992661603835,65.66382829162416,64.21848739495799,27.446614709448955,888.3316113395432,73.19516816151402,49.973139432814065,60.305905364927256,1.1505036162807856,0.5295046219818721,1.1450274285202255,0.5286450096213726
2025-07-27 10:30:00,10.4601464462449,65.57286289370255,64.21848739495799,27.414710292883285,878.2954414070165,71.4985247563884,50.348236586169214,61.6929687596476,11.836232077687434,65.64381588964014,64.21848739495799,27.43954213941407,888.5894786225156,73.19410509953197,49.97428083283883,60.31244106396144,1.145676669193631,0.5234421518016437,1.1474041570174591,0.5278569063048812
2025-07-27 10:45:00,10.42906549231878,65.55149693269465,64.21848739495799,27.36417441038494,881.6851494905917,73.43357850883542,49.99218430800206,61.431169644430526,11.711156208442862,65.62910685618854,64.21848739495799,27.43282839553211,888.341060828447,73.23386382913236,49.968757432989285,60.31307088686087,1.155177371013981,0.5332079588548675,1.1494400029989726,0.5270605698738956
2025-07-27 11:00:00,10.675807597634176,65.48745018248262,64.21848739495799,27.365068414205524,890.6627034210278,73.48961584814177,50.02052705691408,61.66537375839459,11.578595108926919,65.61272155940952,64.21848739495799,27.426443492001095,888.3286750376484,73.27932881165596,49.95224514557185,60.31906562738978,1.1526987038373275,0.538072161859362,1.1519580139902412,0.5266056348139673
2025-07-27 11:15:00,11.42009490610662,65.54145525148894,64.21848739495799,27.32372770495723,890.4047745801001,73.57246395947573,49.91446038644663,61.80133574572506,11.444054059680779,65.60068200988921,64.21848739495799,27.42227073288827,888.2816095985941,73.28652348858544,49.948268453496205,60.33000262445786,1.163609629769628,0.5379213749941305,1.1543577244981391,0.526266788048265
2025-07-27 11:30:00,11.61065620171589,65.57190035529594,64.21848739495799,27.340471060990502,892.6846107030689,73.11058458363506,49.86477655698165,61.8511692922339,11.316221844076942,65.5905451079285,64.21848739495799,27.420177856322937,888.1899796419934,73.35018773946543,49.943157953157055,60.333978074853,1.1636233114967838,0.5335398615711741,1.1572380295546518,0.5260369583106604
2025-07-27 11:45:00,11.981405382540792,65.60102287513723,64.21848739495799,27.387526544109303,893.3340306567575,73.91073332547367,50.280993560873846,61.78700273095771,11.207094580816419,65.58006795765978,64.21848739495799,27.41741742679228,888.1724147564514,73.38330117255948,49.9511764883163,60.34263641233941,1.1536705543217218,0.5239915613115537,1.160073273281831,0.5258896494457997
2025-07-27 12:00:00,11.65369034328453,65.64681864215524,64.21848739495799,27.398734428806947,897.463614560786,73.03936280400849,50.36362162248671,61.35151031660137,11.112883945097373,65.57823130024184,64.21848739495799,27.416273523628817,888.050928589528,73.42971449783326,49.95740553251717,60.351471187296674,1.1530680510159284,0.515938256958524,1.1633387271498201,0.5256461643913884
2025-07-27 12:15:00,11.562665654104851,65.51106297429777,64.21848739495799,27.35516095179521,898.2406906109245,73.43718047152517,49.82100823111259,58.87295302897195,11.034690731955967,65.57261955879133,64.21848739495799,27.41556412407938,888.2593193360073,73.4298482228704,49.96564764435513,60.44355396885457,1.1547677934476528,0.5158572196849298,1.1670823945516866,0.5259604981389452
2025-07-27 12:30:00,11.571965538965529,65.49825440112892,64.21848739495799,27.394711201159783,896.6442766979617,74.46618463578116,49.74261123422468,59.14774824031645,10.966334841544972,65.56736073834969,64.21848739495799,27.41276209675883,888.5163597647054,73.45571738023526,49.94866319201226,60.45366492213156,1.1608146785894036,0.513460323843543,1.1713334909353508,0.5263749489771715
2025-07-27 12:45:00,11.99086189717652,65.48537693454048,64.21848739495799,27.412238199166183,890.7970703392882,73.22301004035805,49.67812163867273,59.06999484352971,10.913144105493418,65.56856115186451,64.21848739495799,27.41018098973719,888.3342131440589,73.5762303639619,49.93985408212275,60.466623533524015,1.1698862581246428,0.5196265980486352,1.1747916999876642,0.5268005101730344
2025-07-27 13:00:00,11.825965406145215,65.45437630622095,64.21848739495799,27.41761401977921,896.3581271086591,72.84280470826533,49.59146021491398,59.17610321577028,10.875188578960469,65.57561206234688,64.21848739495799,27.4112214820179,888.163996827678,73.56605675901868,49.933794770279206,60.47524245470979,1.1746018596399073,0.5197346826295738,1.1782292860420394,0.5270733942362125
2025-07-27 13:15:00,11.423391929088002,65.53495650578064,64.21848739495799,27.382187324196245,898.4841104397967,73.24656589650239,49.56652255897073,58.80334948892336,10.84743790222124,65.58594101788215,64.21848739495799,27.41267310204137,888.3867627316405,73.55879898685002,49.92203626680406,60.47745399010653,1.1869533098662643,0.5197443868613885,1.181484906296289,0.5273620840192368
2025-07-27 13:30:00,10.823445720198306,65.58429103342613,64.21848739495799,27.411316031800347,902.767439350702,73.70678748127696,49.55396347128581,58.79833673588641,10.837807171960817,65.59765567396046,64.21848739495799,27.414420878192935,888.1919441912759,73.57350551429593,49.8903511464705,60.479159309623014,1.1869058355326592,0.5212244378814096,1.184459849484505,0.5278224531140743
2025-07-27 13:45:00,10.369011203197372,65.57054879179795,64.21848739495799,27.41000703365246,895.393609546554,75.10121131783117,50.099492653214696,58.856519235773845,10.843741202156014,65.61162328815959,64.21848739495799,27.414316398221512,888.5383425570975,73.61449961056395,49.8735001764522,60.48669688156689,1.188745882881695,0.5195141136059095,1.187781843824267,0.5282140518357509
2025-07-27 14:00:00,10.15864720424185,65.43955167690363,64.21848739495799,27.395237960998795,892.218370674196,73.839054634734,50.24211215885611,59.07911174677589,10.879151016846034,65.62804060594567,64.21848739495799,27.415745899792885,889.0061708322482,73.63978490505797,49.8449128765693,60.49299902583387,1.1766773457993942,0.5190559874969917,1.1909831497072205,0.5286613776125239
2025-07-27 14:15:00,10.617721666585188,65.52306641371922,64.21848739495799,27.404370528166123,882.1526149323283,74.56567974240532,50.25125334738557,59.05657900474191,10.916010275556273,65.6423435175303,64.21848739495799,27.420238123804303,889.5504991421033,73.62652570834516,49.82585128894636,60.49824394740035,1.1737935754026243,0.5167393089275804,1.1946056750802632,0.5290898445707816
2025-07-27 14:30:00,10.417380060527304,65.35270502464748,64.21848739495799,27.406964599423063,889.1061113133836,73.00482839722645,49.8569540593306,59.304265200186414,10.966190144302171,65.65877913355077,64.21848739495799,27.423599211074265,890.0413940935506,73.71237990981147,49.80348735239946,60.51567889714115,1.1914944642254268,0.5242759258918168,1.1984014683688933,0.5298540814253226
2025-07-27 14:45:00,10.060790607892544,65.44065688100842,64.21848739495799,27.426171021017726,887.6196221291445,74.39342374937154,49.54013745981947,59.180761898502304,11.013577525759763,65.67561795519512,64.21848739495799,27.430309347423762,890.6279941571044,73.73822405022342,49.785048434410626,60.53975078922985,1.1888506983364195,0.5254349841923761,1.2018379556876322,0.5304855742256788
2025-07-27 15:00:00,9.633675352696514,65.56963783559874,64.21848739495799,27.451484738968677,881.5023128094672,73.65913091275353,49.65531352391116,59.048123862182514,11.07707823640012,65.69538269490278,64.21848739495799,27.43595528640282,891.0919367455989,73.78201015299743,49.76879188635993,60.562546104792524,1.2097650152794637,0.5252431394913318,1.205442841793773,0.5308942084672024
2025-07-27 15:15:00,9.454781449627683,65.53051512897466,64.21848739495799,27.440367070984703,880.8386353239041,74.61769538292802,49.68350506614372,59.160408421658616,11.131290662528434,65.71062156582086,64.21848739495799,27.442313215156297,891.4134086629651,73.793786900791,49.74955558894505,60.579903490849134,1.2123503048603306,0.5309082912906099,1.2083741427131913,0.5314547096752047
2025-07-27 15:30:00,9.985183399482349,65.69743444581063,64.21848739495799,27.4715097720804,879.6775813811928,74.53351482531507,49.7767416716297,59.26392578385183,11.193252525683043,65.72660525832224,64.21848739495799,27.447900603545225,891.666240869239,73.82354673233812,49.73919910344805,60.58614274184933,1.2180621508181888,0.5273914734575582,1.2112021672403541,0.5323960985336026
2025-07-27 15:45:00,10.64041726640088,65.73502742182892,64.21848739495799,27.45529931234744,888.6422813982595,73.4020254998064,49.78463737816737,61.835317800982295,11.228973940543934,65.73908737581444,64.21848739495799,27.45362898403599,891.6684566606108,73.82418865534638,49.70909550439733,60.51072777042222,1.2199962104760291,0.5370126919521587,1.2146889828932208,0.5338405794009199
2025-07-27 16:00:00,10.657956276888182,65.72611842412805,64.21848739495799,27.42346524080236,889.3471753896379,73.73008665888426,49.492126700966665,61.84994746642924,11.255763944071482,65.7513527912872,64.21848739495799,27.459914292267396,891.5295282486461,73.84466166341612,49.68683427571511,60.43693511183533,1.233968748349339,0.5410809151363002,1.2181505057183586,0.5357401669984335
2025-07-27 16:15:00,10.45632706711354,65.86407612572056,64.21848739495799,27.44770610429912,877.5114900117603,75.26959747887328,49.46673175646344,61.77636332341723,11.283724227211973,65.76585573285351,64.21848739495799,27.46718930297853,891.3857071782835,73.87792787571976,49.68871300031133,60.452469897347996,1.2372892180642792,0.5371094115320786,1.2218570665048563,0.5378022948701763
2025-07-27 16:30:00,10.212092727248596,66.02505557559586,64.21848739495799,27.502782534952438,877.6419904874102,73.87931966361799,49.57327022057095,61.89151660025877,11.309325078304655,65.78401492252381,64.21848739495799,27.47338582117828,891.462337103979,73.8417149458652,49.69125634633293,60.46902365135118,1.2333260983004135,0.535562427994538,1.225434149659195,0.5402697847725815
2025-07-27 16:45:00,10.321863613419191,65.97428143044492,64.21848739495799,27.433997159365703,888.3509292044421,72.01445101406851,49.747197430561634,61.695415230222,11.337987491381842,65.80518411270205,64.21848739495799,27.47812353087898,891.8233431315565,73.84084882922119,49.690242416687255,60.48008075921205,1.237371894539511,0.5434516291011198,1.2286073711314285,0.5426272499376725
2025-07-27 17:00:00,10.899908256299758,65.8626428463811,64.21848739495799,27.46851027376905,883.0558899573492,73.15528942676094,49.44819045945035,61.72692147447211,11.37325896893168,65.83042467793159,64.21848739495799,27.482370300621444,892.0330538424495,73.82967234760945,49.71202560025676,60.47555029548562,1.233094991844326,0.5462457642292066,1.2317980067477812,0.5449485962005145
2025-07-27 17:15:00,11.656652253869618,65.88551716628784,64.21848739495799,27.45411078072305,893.9225110159695,73.87913102936565,49.79278016168899,61.976223715110216,11.422184612594844,65.85236487537753,64.21848739495799,27.489925880991184,892.1713002639732,73.84765098461574,49.74181021170241,60.49214128439563,1.249225878864226,0.5415554441479894,1.2348199605973613,0.5473402926463504
2025-07-27 17:30:00,12.263168986406091,66.00253866282239,64.21848739495799,27.48859564766769,894.3088129565613,73.47526723556196,49.8855042151293,61.762649223347935,11.48354030384604,65.83186174629874,64.21848739495799,27.514608436570427,893.3186509519824,73.84306870465922,49.78265186178173,60.50203384734812,1.2535243710446289,0.543994221645543,1.237324670187454,0.5506173736043759
2025-07-27 17:45:00,12.245568359267436,66.02960638588678,64.21848739495799,27.558923350675634,897.4029963648547,73.29866726118303,49.74110297804637,62.03425263270824,11.550300506916642,65.81345988375386,64.21848739495799,27.538448989919633,894.6386443152921,73.81926594687035,49.8010287451355,60.50830053109719,1.2591793774720654,0.5423586307296011,1.2401558263879209,0.5538181679137227
2025-07-27 18:00:00,11.96554250862184,66.06593137431634,64.21848739495799,27.515542910982116,893.0222899504361,74.07415080037781,49.67731848976224,62.21601725187182,11.62418200123981,65.80405918175772,64.21848739495799,27.56476855963402,895.7722659392559,73.77958327715764,49.80579521643417,60.50377329033697,1.2595504678525329,0.546369257437881,1.2432737211907527,0.5567665790111996
2025-07-27 18:15:00,11.850686936046475,66.05666158202537,64.21848739495799,27.565478500869855,899.2831513972071,74.20890272119367,49.439016768337055,62.15332640709156,11.696436405506887,65.79635644674022,64.21848739495799,27.589585503680134,897.2065378046851,73.7490024105332,49.81053857223356,60.501638827196544,1.2582719905761497,0.5521527428655479,1.2460666708328432,0.5598084668523259
2025-07-27 18:30:00,12.580828916844933,66.08039237371236,64.21848739495799,27.53444658357718,904.5809810758642,74.80319893136254,49.532830615393095,62.34923322527479,11.778878961624574,65.79486347988976,64.21848739495799,27.610889275078097,898.5587143232984,73.79671529949078,49.83402213947246,60.49782087556941,1.2608452870215578,0.550331189105071,1.2478482900541914,0.5625059237347311
2025-07-27 18:45:00,13.046467689956044,65.9986213790311,64.21848739495799,27.514465567561583,900.0489321010853,73.92576639328227,49.337371464000206,62.322057327423245,11.877513059022464,65.78885821301074,64.21848739495799,27.631660131440015,900.1592652488154,73.76969277242287,49.863223827934554,60.50230299086035,1.2515486573521757,0.5547364112341986,1.2495491388951452,0.5651364496857091
2025-07-27 19:00:00,13.46951209635414,66.05141113033775,64.21848739495799,27.508092712658318,900.2695768912882,74.00337953004892,49.55408199207172,62.03834682223973,11.989621668017824,65.7768751723835,64.21848739495799,27.650212081683875,901.7989760381763,73.78048707688626,49.894485183530186,60.50892511527498,1.2484640473116673,0.5617815273231115,1.250593651709909,0.5678218496863388
2025-07-27 19:15:00,13.053047828367555,65.97548639990282,64.21848739495799,27.559377958832275,893.4005043979109,73.92999101572101,49.37788558935237,59.524553588144485,12.115953843078078,65.76480234260553,64.21848739495799,27.66850133350166,903.1291876302673,73.69740265106167,49.91742434486776,60.51677647114404,1.2582750239077198,0.5673259873310752,1.2511001831068047,0.5705278900135762
2025-07-27 19:30:00,12.45739044911098,66.01478110633825,64.21848739495799,27.58729367574922,893.2957622018428,73.65355304610125,49.6957847620201,59.13773055899481,12.24394139152454,65.74521288039222,64.21848739495799,27.68410163604817,904.5948640956582,73.65957090774279,49.95368997197301,60.597943412040834,1.2569137357700595,0.5729258848839316,1.2515319185752587,0.5734652428352124
2025-07-27 19:45:00,12.401474148319576,65.946151221287,64.21848739495799,27.573411273129125,893.926058500046,74.43516684063475,49.87736996899934,59.33899659435196,12.371697627536431,65.72533094679066,64.21848739495799,27.700547750975435,905.8029733873168,73.63198460378064,49.98959082867009,60.58752694579876,1.2659646170425882,0.5777210558372154,1.2520787510285467,0.5759500645362468
2025-07-27 20:00:00,12.339991071745972,66.04303009123768,64.21848739495799,27.580606747152284,898.9431744688313,73.37979674014407,49.81891161487258,59.64436086041166,12.517417401194745,65.70325046951531,64.21848739495799,27.719738539039103,906.9089977482649,73.56615429994116,50.04576228195292,60.57444298596274,1.2681271732195651,0.5874850209156955,1.2519789056734862,0.5782006029655637
2025-07-27 20:15:00,12.8507342894921,66.12045263988826,64.21848739495799,27.554369490187245,901.6272511666092,73.19702654103793,49.64770374930214,59.40170807935594,12.68106369434664,65.67957594218348,64.21848739495799,27.737076373725415,908.3724695937536,73.4897678439758,50.09924128294542,60.55770301203623,1.2650829022916503,0.5903505530013672,1.2515303218093525,0.5804598004460012
2025-07-27 20:30:00,12.884109732640358,66.21159326310685,64.21848739495799,27.54501711205307,902.6494484354458,72.50751025991295,50.24495572199926,59.04018930397746,12.840669291256129,65.64764655158898,64.21848739495799,27.753024502395192,909.6210886326589,73.4469471707239,50.155935785502685,60.54687348148488,1.270320928130485,0.5893750705148316,1.2513171198375235,0.5825353302029004
2025-07-27 20:45:00,12.891161238982953,66.19316242915896,64.21848739495799,27.60885473528841,902.6315030855096,73.78592500669087,50.46006090234028,59.30107915622363,13.006055195271246,65.6207573710238,64.21848739495799,27.77154126859215,910.7226989601429,73.50507741030924,50.20030425584697,60.53744785726371,1.2776119253536664,0.5914952802364698,1.2512273314457434,0.5842250353992782
2025-07-27 21:00:00,12.66411645773412,64.96919716106245,64.21848739495799,28.15179269917775,937.1879599909812,73.56931908258152,50.77921297366557,59.09511362446117,13.152950271327931,65.59738899621041,64.21848739495799,27.788848845827737,911.9596400426607,73.45471076505615,50.2559098744937,60.51781640496867,1.262047123235441,0.6195368666221698,1.251300728195461,0.5857493569271728
2025-07-27 21:15:00,12.37181729531545,65.01849291545157,64.21848739495799,28.125223634128517,934.9934104458466,74.38712858416471,50.650799153827606,59.04451974824593,13.291018878248728,65.57475058787394,64.21848739495799,27.808243686637105,912.7449702658736,73.45521998133727,50.277922621386345,60.500968952730865,1.273680568895711,0.6155379428863142,1.250315492327117,0.5874842549670919
2025-07-27 21:30:00,12.375092033936896,65.15753061701963,64.21848739495799,28.18482505243056,926.2270193931078,72.64857454335313,50.38510629781629,58.94329452396936,13.413919911067829,65.54763313228094,64.21848739495799,27.826938700291176,913.453522121966,73.4435837038472,50.289945095672685,60.496016387789716,1.2702141898843375,0.6075083204213005,1.2488415174745766,0.588900222187165
2025-07-27 21:45:00,12.785353794597526,65.29198436319375,64.21848739495799,28.148878849549437,925.1807708952088,73.64825374367177,50.39355402136745,58.992545110529264,13.52871642078138,65.51594068177562,64.21848739495799,27.843656543959522,914.1510486733657,73.41859994293435,50.31017624542676,60.47519270342835,1.257582064665341,0.6079959441613657,1.2474082512998914,0.5903265577706367
2025-07-27 22:00:00,12.890656744057978,65.30791601913371,64.21848739495799,28.046077741361973,929.671406871778,74.43621506595387,50.5614610764973,59.18972665137218,13.635189649805797,65.48538459197638,64.21848739495799,27.86181472619377,915.2055265783977,73.36880061295128,50.327701537832326,60.443076253214926,1.244943040865882,0.6051996323639742,1.245700320439551,0.5916801264807096
2025-07-27 22:15:00,13.019813529829133,65.26049887463803,64.21848739495799,28.049296711875268,935.6361498946496,73.58274793733496,50.41618811368237,59.31522535723048,13.723039545296437,65.45420039237284,64.21848739495799,27.878820683944358,916.1046984699557,73.28258048780172,50.35180909185818,60.41858753055361,1.2398761635650246,0.6043507627217133,1.2440131088113213,0.5929214794078508
2025-07-27 22:30:00,12.996933622557338,65.21014661678126,64.21848739495799,28.00804324628441,930.6936364903008,73.98296004665498,50.593154191780144,59.24678759462133,13.789010829500434,65.42274524049229,64.21848739495799,27.895858169583917,916.8062878269328,73.20703616913703,50.37332993401839,60.385385259988226,1.2411003997223788,0.6058051395102262,1.2423549783322094,0.5939494343731553
2025-07-27 22:45:00,13.24474670143535,65.16833023563596,64.21848739495799,27.98904462551835,920.7449830866324,72.12516260819028,50.37167990627101,59.39594909773064,13.837334511430186,65.39357364511247,64.21848739495799,27.914389475777714,917.5636221789457,73.19154940556933,50.415128199703254,60.35226390851947,1.2275462467672025,0.6120895011077314,1.2404513771198369,0.5948339510095587
2025-07-27 23:00:00,13.824809852876164,65.1097505794109,64.21848739495799,27.939518848475583,923.6478753429192,73.39856252574802,50.86471048478706,61.698934010755465,13.864673198946365,65.36221100705804,64.21848739495799,27.931774563786526,918.0669567627338,73.08959075177891,50.44166771160749,60.24611164304661,1.2310142148718008,0.6155120581066444,1.2383119770085598,0.5955937012099322
2025-07-27 23:15:00,14.473104346757603,65.13856941378258,64.21848739495799,27.94868276016549,924.8855601480192,72.574436380942,50.86166307907999,61.52282381372006,13.892736689604366,65.33253959216219,64.21848739495799,27.94686268943996,918.8056359136675,73.0888169348664,50.47237310301898,60.22918460514564,1.2364011840746778,0.6115573429831871,1.2360093998811221,0.5961034906352958
2025-07-27 23:30:00,15.029549486637618,65.0637041058671,64.21848739495799,27.999188882712403,922.527906218081,71.75517754370013,51.17727029945127,61.45742867134864,13.924569973094206,65.2958403910323,64.21848739495799,27.960991231470132,919.2279479543588,73.08289525301333,50.49061809679699,60.22547442380216,1.230973387697529,0.6085970680158115,1.2342154640814884,0.5964946740417133
2025-07-27 23:45:00,15.3657158616704,65.15384030576558,64.21848739495799,27.96784114488841,921.4156453764166,72.97800379991227,51.07110178623878,61.27416410562204,13.946563766431096,65.26200583363136,64.21848739495799,27.97458095400323,919.8326611372031,73.04186366000908,50.515008654324646,60.212709516864805,1.2238317021402634,0.6048853359452038,1.2316272012987388,0.5968575322771483
2025-07-28 00:00:00,15.000260634533245,65.06717385776109,64.21848739495799,27.981226395045788,915.1005616545768,72.59469946606136,51.274105297288585,61.56663068371814,13.97499616569206,65.2238085658499,64.21848739495799,27.988499978585896,920.2813163819336,73.06957995670909,50.53265846442125,60.18870754321124,1.226930039145535,0.5978283207015136,1.2284506963264554,0.5970400804051906
2025-07-28 00:15:00,15.283440733872755,65.16760601348932,64.21848739495799,27.989500145274416,921.3992390289574,73.75835820162855,51.07825154089029,61.41264650358707,13.998574214246945,65.18118309907348,64.21848739495799,28.003160378443564,920.6277856035393,73.04876951519783,50.548554260931134,60.165861365514374,1.2346782427861138,0.5941427849924523,1.224997666081763,0.5970241636960856
2025-07-28 00:30:00,15.306760538000264,65.16159160197962,64.21848739495799,27.98773759083671,920.1641224328816,71.64429006916764,51.11635901885254,61.13797790562068,14.02120723325783,65.13644321237862,64.21848739495799,28.019062293815725,921.2836597936042,73.05982026544751,50.55746516672794,60.15049378053791,1.2352968943358529,0.5919754100660463,1.2208674181695736,0.5968286215957984
2025-07-28 00:45:00,15.79871046149351,65.20636491619378,64.21848739495799,28.03595600500405,917.482417712356,73.89440751779992,50.453162568468,61.47080014797625,14.046606410031618,65.0925790582167,64.21848739495799,28.031060025843377,921.9122579842207,73.04391569123383,50.56393037236171,60.11393359309222,1.2196688028139016,0.5936023853455588,1.216457515471696,0.5964205292568521
2025-07-28 01:00:00,15.95019997097918,65.18901499503193,64.21848739495799,28.04944605728984,915.5653686393364,73.12617891085944,50.246178443719565,61.6140722751133,14.07981454877422,65.08956890315034,64.21848739495799,28.024356638706013,921.4196106132684,73.05643299513483,50.572079396190006,60.078181276100445,1.209305125468422,0.5864732382477396,1.2131362368526661,0.5948519653546691
2025-07-28 01:15:00,15.689463650673922,65.07883287072754,64.21848739495799,28.060458660726034,918.3287929068464,72.5491544337976,50.34803747066852,61.40954210186749,14.124240424333742,65.08267939825389,64.21848739495799,28.017630398482698,920.9503156155671,72.97531915511695,50.588608728179146,60.047714983074655,1.2161813922315083,0.5851486982337554,1.2091073929252485,0.5933317579402239
2025-07-28 01:30:00,15.159739379354388,65.14924868033931,64.21848739495799,28.06028837800963,924.656627101395,72.58017090088612,50.20307726192902,61.25252374546909,14.180587064410277,65.06839135339183,64.21848739495799,28.006663348950028,920.6745120193661,72.98193116077053,50.6085638617914,60.02130611618885,1.2083125420423275,0.5869763187400674,1.2049902073336802,0.5922227631408892
2025-07-28 01:45:00,14.486183800765648,65.1211355939194,64.21848739495799,28.07565723338748,926.2583081439452,71.62229896670718,50.16224338911279,61.41866472725185,14.242329253887783,65.0478717274229,64.21848739495799,27.997739972976223,920.3320072300795,72.95184976871359,50.610235841783265,59.989529318226204,1.20765564172926,0.5893933306797814,1.201322598182537,0.5912430399194123
2025-07-28 02:00:00,14.559967442964863,65.13673781729548,64.21848739495799,28.04557115276397,925.6286617851822,72.53686937142128,50.17845588019957,61.3531651083133,14.305698657035565,65.02164831873205,64.21848739495799,27.993455464038163,919.7497699034458,72.88873822173818,50.613767339719736,59.954748253383976,1.2111013726482012,0.5811698380642043,1.197887003349922,0.590363643800075
2025-07-28 02:15:00,14.49617814784855,65.12347351763628,64.21848739495799,28.07040475337537,922.7689626614688,73.46116348625166,50.591319434545866,61.328416783360616,14.359054291217392,64.99519052570011,64.21848739495799,27.989538083954603,918.8539472036636,72.86777450872732,50.62542693485911,59.913397733362636,1.1944406209809957,0.5812719103263008,1.1947024392674923,0.5896067705066449
2025-07-28 02:30:00,14.289672721839498,65.11053198870493,64.21848739495799,28.02964535292273,915.369614404929,70.9446199163363,50.350267349198944,58.853778858054135,14.401310990290687,64.9687398749481,64.21848739495799,27.989874233903937,917.9912555032275,72.8034257594191,50.64547059370837,59.87811368187183,1.1842820439733457,0.58457403333432,1.1913377660573792,0.5885179646329798
2025-07-28 02:45:00,13.894952548107677,65.08534395302755,64.21848739495799,28.01202172843525,915.5608789259252,73.90677650834569,50.299047331697366,59.01674245111525,14.427862610050637,64.94283470801166,64.21848739495799,27.990666004778515,917.5093381191548,72.87516618775932,50.685605423567516,59.921230469539765,1.1891977100845943,0.5826196700919818,1.188222116882242,0.5871572866598191
2025-07-28 03:00:00,13.41238895380617,64.9138050724414,64.21848739495799,28.01114993665431,905.9651234225796,73.47590259050922,50.24313457536047,59.02642511869057,14.44241674041701,64.91711986945347,64.21848739495799,27.99433580973524,917.0560774411312,72.83509004800365,50.71884778677339,59.8841849710091,1.203095661781055,0.5846613870764567,1.1847029033771836,0.5856977555000143
2025-07-28 03:15:00,13.061287948426246,64.93111449925914,64.21848739495799,27.98110294912223,912.0674539853748,73.20421905050696,50.60908669482868,58.95604938623098,14.439563569161908,64.88778054000313,64.21848739495799,27.99626336569247,916.508712353909,72.85324904203794,50.74081740723845,59.846579386620434,1.188316733560096,0.5886068029002621,1.1810963529979943,0.5845056419896041
2025-07-28 03:30:00,13.192963049574914,64.89711205779336,64.21848739495799,27.99817748463226,912.4028318107472,74.21128564114464,50.348405917770734,58.924301650805,14.414782145546933,64.86211181555879,64.21848739495799,27.995728887312584,916.1922840345192,72.85620500307033,50.74840171783516,59.81150666592989,1.1728320240510697,0.5929614647569708,1.1779524530829506,0.5832388667020797
2025-07-28 03:45:00,13.558075746138606,64.84168863659588,64.21848739495799,27.99418148591723,912.021327814782,72.5727132956998,50.124577644598816,58.716322748449954,14.361725958874068,64.8320538084645,64.21848739495799,27.998129395861675,915.9716262726637,72.84148239467686,50.74909013530179,59.780634871485766,1.1614919949508662,0.5898730517282146,1.17521117347447,0.5819809069534173
2025-07-28 04:00:00,13.563100302966944,64.86939666226132,64.21848739495799,28.02207457321789,922.325674137395,72.83903276740348,50.512282895903056,58.57916175468322,14.30051549686052,64.7998202277454,64.21848739495799,28.00191192683195,916.1895225839853,72.79454252784366,50.741830875930866,59.74157424798882,1.1464134907648085,0.5835088075062143,1.1721266462680182,0.5807340725046195
2025-07-28 04:15:00,13.653136542196595,64.87723780430103,64.21848739495799,27.96878669611799,921.4894488040002,73.30878778028028,50.65401707135351,58.20427353285312,14.218124950682064,64.76453640249498,64.21848739495799,28.005489444959064,916.1743263713914,72.77867925047697,50.743776496829234,59.710545472748635,1.145314844417337,0.5792525100680819,1.169272748328155,0.5795668286172846
2025-07-28 04:30:00,13.660360620012204,64.87889250907175,64.21848739495799,27.950691085056796,922.4085388624156,73.94483819961184,51.02368368851437,58.02254411470821,14.126257600599176,64.72918600925078,64.21848739495799,28.011740678916567,916.1347453884623,72.83519441057469,50.74743374850607,59.691860195008715,1.1624087646645505,0.572479949556682,1.166216914154453,0.5784509652942389
2025-07-28 04:45:00,13.704593562101005,64.81180776855784,64.21848739495799,27.92343642742913,920.9145605148036,71.95371338362808,51.14667911350192,58.13053095747187,14.01900773689555,64.69564190532932,64.21848739495799,28.01703860255829,916.4166780963176,72.78795753605492,50.7903484200981,59.67370747346177,1.152815251073184,0.569931720452953,1.163397143092206,0.5773026894248815
2025-07-28 05:00:00,14.065491236233049,64.72888927115777,64.21848739495799,27.855813566450315,917.952911507082,72.84693471296036,50.98376030618409,58.15102851739556,13.893937180871196,64.66077008239968,64.21848739495799,28.022414665593427,916.4557908449672,72.80940921311716,50.842257718387934,59.64883606629848,1.146698622137288,0.5742384764412619,1.1607030525613868,0.5763312952106173
2025-07-28 05:15:00,14.637619478922709,64.6763955841261,64.21848739495799,27.88117757033538,914.9056272166088,72.7458119819636,50.44371342112325,58.039241171649536,13.75436328165932,64.6286697011889,64.21848739495799,28.026582921425312,916.1694624677581,72.7887004224921,50.88825109246332,59.63811161281932,1.147553790131045,0.578604247517059,1.1573354296468579,0.5751517422404435
2025-07-28 05:30:00,14.791738838491382,64.52121375840807,64.21848739495799,27.9175424732202,912.2042870727664,72.54286865669222,50.66740601459148,58.14629470610545,13.616378710536198,64.59352036712724,64.21848739495799,28.03077308316016,915.6054878993522,72.82232324626254,50.9403425291601,59.62917526641806,1.1418751958874196,0.5788177487838534,1.1548603295703497,0.5737529677936852
2025-07-28 05:45:00,14.620482555283948,64.46676508368012,64.21848739495799,27.9317753093684,908.7614689011806,72.95383654700849,50.76597596786366,58.07470975659018,13.488986657115113,64.55841547133276,64.21848739495799,28.034341259420163,915.0254993241945,72.91189981032366,50.99041568411607,59.61377106316244,1.1443392410921414,0.5816445639188123,1.1527736941431284,0.5723910312097904
2025-07-28 06:00:00,14.264634594756233,64.41662709422067,64.21848739495799,28.0181277447645,904.81288547722,72.05249756740875,51.19446395725772,58.18826604989732,13.370649948709833,64.52304209573899,64.21848739495799,28.03709104540567,914.5725053655042,72.92843833757244,51.042796385424,59.603541801348406,1.140160203418985,0.573140963300272,1.1502343570562223,0.5714482123002048
2025-07-28 06:15:00,14.041295294233818,64.39117522754279,64.21848739495799,28.01279775175566,906.2874615644558,74.2773754583969,51.575724802045706,60.68945272776842,13.259191284350813,64.48524176483532,64.21848739495799,28.041167660549682,914.1190489190045,72.88325722139429,51.07499101263781,59.514471717959275,1.1340767715130873,0.5712691619129129,1.1482386946540444,0.5704029605007565
2025-07-28 06:30:00,14.26143376386734,64.33830542266543,64.21848739495799,28.04961299717745,910.0500550022048,72.19627833307811,51.86198138096318,60.58756905483568,13.157168067222383,64.44956321429528,64.21848739495799,28.047298592307335,914.1865354365707,72.93732879151695,51.11682504268432,59.51618796021384,1.125437809720052,0.5717261233125008,1.1466829663148232,0.5692686202612859
2025-07-28 06:45:00,14.387509209104554,64.25838953027264,64.21848739495799,28.006509438882336,908.4646075313568,73.11920620197024,51.52075169303178,60.39465628206016,13.066025880088256,64.41311121597379,64.21848739495799,28.053666653078313,914.3685673497603,72.90549849298263,51.16683327166639,59.51353578612065,1.1282046726989994,0.5757939376708783,1.14505873271697,0.5681577686259173
2025-07-28 07:00:00,14.286106778188428,64.29364237253648,64.21848739495799,27.983154531315787,913.0350566363838,71.84385637467206,51.404799617352566,60.40524705063232,12.988551331413577,64.38412547724151,64.21848739495799,28.058763144989097,914.6805087998697,72.87936129997512,51.21002761491445,59.520786509403095,1.1366563902462044,0.5705938093900772,1.1426917198562194,0.5671482522385339
2025-07-28 07:15:00,13.774030261484402,64.25210009293676,64.21848739495799,28.03985640136112,914.795912520756,72.5363255481083,51.09175431023753,60.34801027229838,12.912862554136474,64.35425639350481,64.21848739495799,28.06417727775713,914.6881092173967,72.85592459658105,51.246185723905846,59.53364662916541,1.1415933138858505,0.5671465434853356,1.140734450252048,0.5661329675678514
2025-07-28 07:30:00,13.163946774126812,64.10016643618806,64.21848739495799,28.094702324154003,921.6374509942232,71.18650346106483,51.05632751616089,60.39481197880967,12.845941211649182,64.32392437235902,64.21848739495799,28.07037229592189,914.8172324149249,72.80814467237066,51.2912186521654,59.54633286261245,1.134394222951981,0.5604232872375814,1.1394794699669224,0.5649083486275168
2025-07-28 07:45:00,12.811724348519055,64.10909125597709,64.21848739495799,28.09682568908791,920.9433526511452,73.28245988062842,51.13662016784126,60.481783246381326,12.78272987809438,64.30089004870143,64.21848739495799,28.076568550871926,914.6992150118857,72.83161195005688,51.34338994772738,59.565223171627615,1.1490613045902225,0.5591254683723995,1.1389056446879098,0.5637641978741915
2025-07-28 08:00:00,12.55074003551364,64.10107980465355,64.21848739495799,28.17527460956177,918.976692945005,73.33974487209868,51.22607656915771,60.57741957342331,12.737562787729596,64.27774408501062,64.21848739495799,28.08263899555567,914.0512998712683,72.82165084880884,51.384659324260205,59.58224130941495,1.1436218691247864,0.558499510374677,1.139141105386573,0.5627819275519503
2025-07-28 08:15:00,12.58121455038467,64.20004179854996,64.21848739495799,28.194893714255794,925.9403989480168,72.47730128220725,51.74060271622889,60.92621850156778,12.68622453484897,64.25508806754415,64.21848739495799,28.09096431276897,913.4256902176126,72.79905014942727,51.42110765352921,59.61691246765392,1.1350756709465035,0.5591541092648391,1.1393799986179804,0.5621047036649416
2025-07-28 08:30:00,12.198083290248604,64.14286030714294,64.21848739495799,28.21072794834386,916.7387510988158,73.76972922272645,51.80345739241479,60.86793006021479,12.61700413380628,64.22727651175391,64.21848739495799,28.099678342871986,912.6954862372982,72.80583541436138,51.443144705183606,59.66248374210592,1.12848240954384,0.5573314118198125,1.139118879207377,0.5616510042092263
2025-07-28 08:45:00,11.502246674317613,64.11582143440374,64.21848739495799,28.185506335682597,909.7389415905774,71.92789071504599,51.72783869293015,61.08780849749254,12.543484617012831,64.20342214956413,64.21848739495799,28.11267389983344,912.0288044098434,72.82985976042757,51.4541376286037,59.69591260015879,1.115152704795643,0.5497621091285421,1.1395879211723323,0.5614295958865961
2025-07-28 09:00:00,11.020202245660752,64.09476865848939,64.21848739495799,28.185993230055026,907.737390049214,73.5888556139993,51.76582036283202,60.98443335343106,12.469452015135175,64.18480394722357,64.21848739495799,28.12868776826201,911.5896898514542,72.87520098833245,51.45974452451935,59.735742982167196,1.1340595397470707,0.545013085337316,1.1401669940624897,0.5609401437056117
2025-07-28 09:15:00,10.664422198133169,64.06798872008524,64.21848739495799,28.182702521187604,908.8586508892196,74.30959588854084,51.66443803779225,60.95653862958368,12.384770551094478,64.16956759260238,64.21848739495799,28.143018515466405,911.1171618887017,72.8685807774967,51.4823675100783,59.78231404729608,1.1450565789126217,0.5485352331629406,1.1409809199033627,0.5603501922233558
2025-07-28 09:30:00,11.009866190806385,64.0755365494824,64.21848739495799,28.128064732329225,912.03884302447,73.03302518888438,51.7498769194371,61.046287253891975,12.299875473826882,64.16468585917251,64.21848739495799,28.154125746599387,910.6973031863872,72.93652868704561,51.4909336643672,59.82012318478042,1.134921260041022,0.5528852707766387,1.1422161005749865,0.5597880236506672
2025-07-28 09:45:00,11.152418217077996,63.98946359052658,64.21848739495799,28.1927032076958,909.165269266482,72.10573000090703,51.55715825096047,58.656314281686846,12.20649267550797,64.16396005390719,64.21848739495799,28.164160248416362,910.4437851896348,72.93585353326695,51.49893342273228,59.94809899608436,1.1345707489156651,0.549914356342849,1.1437313173562254,0.5592523765615316
2025-07-28 10:00:00,11.228976207986582,64.04017547250321,64.21848739495799,28.213573305652123,917.3942099319116,72.56676702001664,51.60528825059409,58.905266125690886,12.097863559504379,64.1693093765775,64.21848739495799,28.1710876298254,910.2163056274089,73.0355275897015,51.473471586821994,60.064219138206454,1.1376101937967118,0.5505438261502044,1.1451558383619704,0.5590648655489513
2025-07-28 10:15:00,11.16068693408384,63.9917840033828,64.21848739495799,28.20306355156458,921.0218363216128,72.95186755231568,51.7992942011594,58.937177228319634,11.988911113806925,64.1785208596672,64.21848739495799,28.17993555915751,909.8377772550215,73.01989841034478,51.42345491170683,60.103161631205275,1.14047070214899,0.5492941210309158,1.1469247864876873,0.5588512124812425
2025-07-28 10:30:00,11.088152493565762,64.04423291047316,64.21848739495799,28.164044693977964,915.3233669258674,72.69178680028395,51.53896487280235,59.24394681716382,11.866208912502445,64.1924117230149,64.21848739495799,28.186397447197805,909.3591281896314,73.04568365119138,51.36389050987726,60.15216238927289,1.1320852759585378,0.5543758954549624,1.1487457289285241,0.5588048874182169
2025-07-28 10:45:00,10.790624630113207,64.0350419871581,64.21848739495799,28.14352693216302,912.2954665111828,72.50111794868495,51.69382996457083,59.34185297910054,11.741001700038007,64.20891846091583,64.21848739495799,28.193123800197977,909.03560005987,73.04751505234017,51.330221526987806,60.20744875200821,1.1295986454349587,0.558148262779786,1.1502241752081233,0.5584306732953641
2025-07-28 11:00:00,11.185322774956164,63.98715142341966,64.21848739495799,28.184028029575103,916.2765277365912,72.77788791483259,51.69939376555696,59.30488865421631,11.616132029771414,64.22427195168436,64.21848739495799,28.199216359568183,908.4319141900486,73.12409672577785,51.315612130653115,60.2572243388653,1.1351826154972997,0.5562228965469282,1.1513881527115344,0.558240758425768
2025-07-28 11:15:00,11.66173573949454,64.15065892686839,64.21848739495799,28.18006913441839,908.4808057236048,73.27673162628687,51.68971651145841,59.28303201890472,11.500663735551568,64.24261640940348,64.21848739495799,28.204028522033802,908.2320688394718,73.15485616652009,51.30661824191192,60.31083463917998,1.1442772365804887,0.5555485291284579,1.152822903960472,0.5581264756526675
2025-07-28 11:30:00,12.20808759202342,64.17501775153706,64.21848739495799,28.20418791373025,902.8882199188744,72.5401997299621,51.75036419188798,59.08970588830328,11.390664407584584,64.26915343475906,64.21848739495799,28.20555942062183,907.8064267928598,73.23873736962135,51.3047523590951,60.364562178928445,1.1534773117247017,0.5540406978389745,1.1544865482257727,0.5582437895651348
2025-07-28 11:45:00,12.112988955777777,64.19755728030671,64.21848739495799,28.218546212517047,902.7211591943276,72.63076679883316,51.74746694942353,59.24440828002225,11.282475490590395,64.29724207490347,64.21848739495799,28.2069655403748,907.4774588660168,73.27488353798702,51.30476189685517,60.42168598070169,1.1524816413595669,0.5589357934578263,1.1556495665937427,0.5583835359100584
2025-07-28 12:00:00,11.583748588731533,64.0445458353646,64.21848739495799,28.212111988147203,900.5024194529827,74.14839614763501,51.68479523814632,59.38968234826815,11.191758955790315,64.32668993619869,64.21848739495799,28.20636926112247,906.7480215341907,73.30829766010604,51.299739437892704,60.478947443901106,1.1545751823464407,0.5588689658852212,1.1574886359098167,0.5588410465424035
2025-07-28 12:15:00,11.499008058297568,64.09617690286477,64.21848739495799,28.313303136272644,900.9141056911632,72.67444376561411,51.4764668161048,59.133396699058295,11.120478716990641,64.35389921583092,64.21848739495799,28.204681370822904,905.8322950308583,73.35342124809664,51.27783685757413,60.52551959009306,1.1668865100218435,0.5632894707740524,1.15976842019185,0.559366975573661
2025-07-28 12:30:00,11.84451317990336,64.1703432009407,64.21848739495799,28.336229619307613,904.7794747554018,74.20717155010678,51.15196718365351,59.34593997764765,11.068359879551444,64.38560873793385,64.21848739495799,28.203733844097993,905.2720412506932,73.42927690479064,51.25969288104317,60.56481018350348,1.1640708088420066,0.5595549110117254,1.16250012987662,0.5600334546093658
2025-07-28 12:45:00,12.097175557701812,64.2193049454904,64.21848739495799,28.311099986467184,900.7297883340376,72.5472056568911,51.12240298789157,59.43637312551619,11.030039537209689,64.41931762370191,64.21848739495799,28.203237476807534,904.9287222534278,73.54136625217345,51.237042717043735,60.59505685749722,1.1719715653572376,0.5609057030493828,1.165997924957213,0.5610343541754965
2025-07-28 13:00:00,12.244886520463451,64.37476175551193,64.21848739495799,28.250759407209664,899.608526003332,74.58130594315891,50.92439064325863,59.28056883063534,11.012122223649953,64.45514879850427,64.21848739495799,28.203006369101608,904.5786256376065,73.5317723078011,51.21702176431389,60.63428314019534,1.1789306160361337,0.5619526916031937,1.1686546450400004,0.5622026711060591
2025-07-28 13:15:00,11.818998605716637,64.44499092572052,64.21848739495799,28.23281036387767,901.155928998611,72.93358193364915,51.00596871881584,61.91398409570837,11.016164506774354,64.49409116089429,64.21848739495799,28.20280948341625,904.1648425861954,73.53208313220244,51.21092067853463,60.68016516689936,1.189795744529314,0.565575151244745,1.170752366720498,0.5633377372162953
2025-07-28 13:30:00,11.005761114648438,64.57710677433033,64.21848739495799,28.225949187035532,897.9884986104386,75.04271926044481,50.430608879949176,61.67187031356016,11.015223333158072,64.53099218998332,64.21848739495799,28.203580858183525,903.5813439475104,73.56224194018577,51.185466382332365,60.642914523377335,1.182895833591333,0.5675156329228641,1.1733897166625846,0.5643888621907147
2025-07-28 13:45:00,10.77272192331024,64.66751972023366,64.21848739495799,28.278235631719035,894.9316103928381,73.80850007769546,50.07522454859073,61.85772751773328,11.035915152528093,64.57358474549429,64.21848739495799,28.202548165872283,903.1078262591141,73.60486164791817,51.178047361679226,60.68806521352532,1.1871452152845905,0.5648595698816467,1.1762099636182402,0.5655676159701722
2025-07-28 14:00:00,10.580367724732929,64.75503132309615,64.21848739495799,28.243469638386298,895.6905830405015,72.96983555847625,50.07504932607631,62.05759179686374,11.070882127142433,64.61569599728107,64.21848739495799,28.201694611680463,902.3405392076719,73.62726909384232,51.16048596721551,60.72275063024952,1.180066082945156,0.5703363714217335,1.1789213815677924,0.5666174699499643
2025-07-28 14:15:00,10.631292835171482,64.75359166730011,64.21848739495799,28.208300028887617,898.758763638513,73.17414823643412,50.51068220634817,62.05324716412007,11.113548249085024,64.66404041173797,64.21848739495799,28.204025083442172,901.2359291907146,73.63075062953514,51.144753865394904,60.74483561067046,1.1725580610869777,0.5645675139852934,1.1813442589399554,0.567875480468359
2025-07-28 14:30:00,10.540016670190589,64.75424709559287,64.21848739495799,28.16593131242179,894.924480541741,74.14130657780215,50.9665177273118,61.898514656344936,11.1495321173549,64.71194159690089,64.21848739495799,28.207075155496906,900.0458191698707,73.63663065510417,51.14227070523672,60.75552135743042,1.1715757153485409,0.5648963633021977,1.1843414043583644,0.5688417028370497
2025-07-28 14:45:00,10.309981434888982,64.80243382451026,64.21848739495799,28.18422127532972,908.8005520034538,73.45910877037525,50.82193764800169,61.956319281738566,11.198920864567574,64.76062353724168,64.21848739495799,28.211097271959876,899.1561839904477,73.66464565983681,51.13729046189861,60.75121566391538,1.1846358513539772,0.5637180602923186,1.1875927105242854,0.5699395521496409
2025-07-28 15:00:00,9.863966935117343,64.89627719685548,64.21848739495799,28.14062928179497,908.8681895958592,73.70293955410341,51.00035103165603,62.00663817126381,11.24871886631232,64.81204096587595,64.21848739495799,28.21309000917359,898.1849737750387,73.69566859067524,51.137304475327326,60.750308304207955,1.1843035509110027,0.5639427046115993,1.190765537767824,0.5710933782836417
2025-07-28 15:15:00,9.566056838693386,64.95175046030933,64.21848739495799,28.139009281676756,911.074314845856,74.36684493159817,51.136906300643496,62.19549729957871,11.303939476123979,64.85695433502782,64.21848739495799,28.216991616418717,897.6308017173058,73.68972603673703,51.128812102132336,60.745620903874745,1.1839518556293247,0.5633178587201072,1.1940447426287693,0.572278477535379
2025-07-28 15:30:00,9.829243991511204,64.98451564351028,64.21848739495799,28.157386231992064,897.09357299022,74.34216853566951,51.07540280028374,62.29526346940571,11.357487916338085,64.90374269914068,64.21848739495799,28.21898352294306,897.29735494321,73.72780392937064,51.110157902434445,60.73847616970183,1.1987939486069976,0.5722248293450337,1.1973189867056462,0.5734023413714676
2025-07-28 15:45:00,10.4428073863945,65.0163201875169,64.21848739495799,28.144257005268653,898.4686038480473,73.83100892192499,51.0835253066718,62.32338288732657,11.403800553220744,64.9538935517776,64.21848739495799,28.219334834375342,896.973482980229,73.76023472412534,51.09532078954604,60.72144373836633,1.203469199407504,0.5749319802025603,1.2005066665846769,0.5743390789582775
2025-07-28 16:00:00,10.634518167072658,65.09414597023054,64.21848739495799,28.18230214659661,899.9311376938637,76.04539892354676,51.25913809648588,62.04664786252722,11.440833183827694,65.0097640557123,64.21848739495799,28.219984415223646,896.9420811535201,73.7804969017042,51.08707773687834,60.70103369886254,1.2104337000869432,0.5773257828909584,1.2040631262559518,0.57519070086928
2025-07-28 16:15:00,10.352636404064963,65.12708800744596,64.21848739495799,28.170615316968806,899.4393716726173,75.2905711365295,51.0483337729471,61.99520871730493,11.473401351910688,65.06749897157917,64.21848739495799,28.21847754159756,896.8968764900037,73.82579032901766,51.09337277778071,60.690080258332756,1.220086557213435,0.579789096112459,1.207296569418395,0.5756648835831181
2025-07-28 16:30:00,10.482682838868676,65.16970390256013,64.21848739495799,28.179059998877275,897.2344915745748,73.30103728282955,51.1651917809367,62.16122183437487,11.48985947929884,65.12360903365497,64.21848739495799,28.21574640221058,896.6665780549985,73.82520271337748,51.11327004102941,60.67215493866196,1.2137611422306882,0.5800625932541995,1.2108410490276753,0.5762575262568538
2025-07-28 16:45:00,10.7856906918652,65.23625959178577,64.21848739495799,28.17679595062677,896.4451593468854,74.31892062058111,51.48140546441431,62.33299943070384,11.509589563410628,65.17763549824754,64.21848739495799,28.21187528700364,896.4269606425474,73.81113525184693,51.13230201021884,60.65870353989616,1.207988229327548,0.5825872164700235,1.2144678175072492,0.5770288814621286
2025-07-28 17:00:00,10.981630982317917,65.1825674221534,64.21848739495799,28.15120597534763,894.5338838639217,73.93778942838456,50.98624803336921,59.9287679482313,11.521213578494446,65.22793451326613,64.21848739495799,28.210902152434866,896.3222459908499,73.75119219483797,51.1639908939726,60.73419076246716,1.2140417583036225,0.5844190200092202,1.2182396545938678,0.5778400270251969
2025-07-28 17:15:00,11.773172798178583,65.26724025585544,64.21848739495799,28.16172243835852,894.9597386145864,73.38432123287865,51.33458763136642,60.01083498612637,11.536146174582731,65.27644942549725,64.21848739495799,28.210720980947904,896.1499907592564,73.79526089946029,51.18227874465847,60.73000341147245,1.2191781575853258,0.5852769697265745,1.222008815008472,0.57853080816277
2025-07-28 17:30:00,12.277985446416848,65.30351302610654,64.21848739495799,28.18796667989748,894.3755983886525,73.23899039774072,51.07844641668244,59.94582862741721,11.559438975155752,65.32498519083332,64.21848739495799,28.20880550313688,895.9622210376864,73.74064314760946,51.2177058536654,60.739729861436,1.218952732283279,0.5820394455439675,1.2260256875382234,0.5791412002128358
2025-07-28 17:45:00,12.440670592361588,65.44211643709009,64.21848739495799,28.272977704415982,887.8835358128938,73.05631362310059,51.32733114654149,59.59972664094758,11.584759871089826,65.36796796777485,64.21848739495799,28.20427468409351,895.9731457475303,73.71800448529035,51.26717716352718,60.74201578482512,1.2131570233138909,0.5870344365827554,1.2296587590646229,0.5800748240499753
2025-07-28 18:00:00,12.167668541661982,65.48126846536051,64.21848739495799,28.25554685561989,879.620066300546,72.86818756735477,51.464470068056855,59.56451921996256,11.636953129626768,65.40798778812103,64.21848739495799,28.199570622623355,896.0693700070589,73.72146606585656,51.31732512624426,60.728359706710265,1.2219996385108074,0.5833625665156851,1.2332759588683353,0.5808127038150578
2025-07-28 18:15:00,12.272287046493448,65.49550019738189,64.21848739495799,28.264190426052156,885.6064111284952,73.34156809066396,51.54442266442746,59.21268217364967,11.715814505857928,65.44837846458701,64.21848739495799,28.19494999316041,895.9441847849965,73.74479914608146,51.33955219678918,60.72169161729605,1.2271378304125826,0.5910837421575197,1.2369602970548235,0.5817380819515205
2025-07-28 18:30:00,12.679262827298537,65.52967428244796,64.21848739495799,28.2438101459865,887.1402212743177,73.70857583998566,51.69981416841846,59.27766786299344,11.805366458551815,65.48958671715069,64.21848739495799,28.189612550868755,895.9584810324203,73.71718442910823,51.35421152843467,60.73545060290564,1.2303674328034528,0.5908376805669536,1.2407778616010685,0.5827744552233517
2025-07-28 18:45:00,13.318354033844306,65.49806000142435,64.21848739495799,28.297117351772187,891.8556439916232,73.09845500814049,51.43494531560875,59.14241000890827,11.905924782035132,65.52575322037269,64.21848739495799,28.1825338077103,895.3352124304118,73.73917261988352,51.3874502692516,60.74431734213456,1.2426533824088517,0.5911015066805771,1.243851294595558,0.58377046409774
2025-07-28 19:00:00,13.814540798446648,65.57866867492291,64.21848739495799,28.263945109460447,892.8848166959989,73.68253650897068,51.190738200950896,58.875363863115886,12.021194818287618,65.55888276519326,64.21848739495799,28.17661796690812,894.6688125790755,73.75106704353992,51.40090061080865,60.7491900611272,1.2517046340310074,0.5877566129216345,1.247151465574779,0.5847007231197553
2025-07-28 19:15:00,13.50236806225754,65.70208285941399,64.21848739495799,28.229085555485625,893.0050003048971,73.60369064147383,51.302353562771565,58.7334353399572,12.14952795256488,65.59326998964765,64.21848739495799,28.171036836734018,893.9366730281859,73.68434318953852,51.41485800315126,60.752638145078194,1.248112037730489,0.58703792106212,1.250656562840355,0.5858484495451889
2025-07-28 19:30:00,12.694727506939984,65.7206609534056,64.21848739495799,28.231599413596346,899.5603646517184,74.75626147500108,51.437503658115446,58.777381163154544,12.291956575690781,65.62382013864122,64.21848739495799,28.163319198556785,893.7432313255282,73.61688153532718,51.44508468262753,60.750664781896766,1.2612689724846855,0.5844176232152979,1.2530569828445892,0.5865881723627524
2025-07-28 19:45:00,12.476053100787382,65.82822437887096,64.21848739495799,28.26809692749009,899.5579657856667,74.03324658501792,51.66531804317573,58.80479348316472,12.438074770702396,65.65290995797227,64.21848739495799,28.15562751775465,893.5433715125203,73.59587686832755,51.4744316518093,60.75047756722679,1.2638898048951446,0.5775149521891927,1.2550535397523903,0.5870885736380754
2025-07-28 20:00:00,12.33825700154794,65.85364506321493,64.21848739495799,28.254295437698165,897.8705217052438,74.18954308090174,51.74888508111452,58.80818038752359,12.591173784411291,65.68091076567522,64.21848739495799,28.147251365586932,893.3021538826073,73.54175302278811,51.510832156302506,60.76342200905817,1.2704051971204169,0.5773341912237983,1.2569864268140314,0.587450340642952
2025-07-28 20:15:00,12.689078081055452,65.84009888326767,64.21848739495799,28.194966530258988,893.5412659605082,72.12518181097415,51.693362063574426,59.03283116254253,12.751777919183029,65.70469658458983,64.21848739495799,28.137543784243228,893.0057954517622,73.47222827824554,51.566267122103426,60.761455790007105,1.2807746197444592,0.5840463592076272,1.2583817415533232,0.5878988416747409
2025-07-28 20:30:00,12.593606972978035,65.88373220606947,64.21848739495799,28.22156537014639,896.4670864524036,72.78301423289024,51.87505715587152,61.54518550776501,12.907796308964846,65.72916997723217,64.21848739495799,28.12628358712237,892.6830513281071,73.455518040075,51.62672127703555,60.75342972730459,1.2920857286346834,0.5862870584952448,1.2597138292888095,0.5882536694313741
2025-07-28 20:45:00,12.266976488365092,65.90043829265396,64.21848739495799,28.227375219268875,895.9882720508056,74.25564307231829,51.55460423939203,61.788363565867336,13.051823541999587,65.75020928327275,64.21848739495799,28.11529104773638,892.2204739600704,73.3897111016588,51.67070893540199,60.6599490694656,1.3028705569674472,0.5862985853719394,1.2611657618583105,0.5889286950841478
2025-07-28 21:00:00,11.704545131839112,66.03317973441253,64.21848739495799,28.168484852704808,892.3554069633444,73.40418670492056,51.49342215015716,61.96366381246641,13.195767333982912,65.77610142905327,64.21848739495799,28.104083580868725,891.8817286954087,73.34926510017775,51.73682146088641,60.638308613599904,1.3034020094838756,0.5858273944248309,1.262202784110858,0.5897512878362441
2025-07-28 21:15:00,11.532348801332462,65.95700302847911,64.21848739495799,28.14231106041785,895.2593516881552,73.12934020812203,51.55936384444389,61.92630521940724,13.324753925009295,65.80278701773892,64.21848739495799,28.091915659944856,891.4313531566128,73.32902385979108,51.80046599732752,60.596641768739026,1.2961373610765727,0.5928682849958381,1.263001870120626,0.5905234047042247
2025-07-28 21:30:00,12.146165480841216,65.95562593348187,64.21848739495799,28.102347794281638,898.577310826356,73.07368297546265,51.57948820758893,61.64790945341794,13.449157758466544,65.83289901010123,64.21848739495799,28.07969190350696,891.1301532637758,73.31763405902899,51.86174941033717,60.558936137011464,1.288582077056521,0.5924727643742029,1.2628941722695795,0.591546501548824
2025-07-28 21:45:00,12.99713412210624,65.96531196127967,64.21848739495799,28.069681144999212,895.0032069766446,73.87414064318074,51.17749432269565,61.85320448169354,13.554299800580944,65.85930381416836,64.21848739495799,28.0638811542526,891.1379812789128,73.32915302544052,51.91723312481758,60.53866861115298,1.2830882066816245,0.5923288580791806,1.2628678806790015,0.5925991853337452
2025-07-28 22:00:00,13.226575251007194,65.99049467250305,64.21848739495799,28.005808043672392,895.3533679644543,73.31286506860508,51.4062976766764,62.311284224632494,13.646898027007742,65.88513186618083,64.21848739495799,28.05027489227329,891.4695603318974,73.27355059586601,51.973658775826,60.51174521906841,1.2861026517358995,0.5959875614571312,1.2624177248757922,0.593773019187616
2025-07-28 22:15:00,13.32673113938852,65.88742892117043,64.21848739495799,27.97185898057596,890.1024939431998,74.11875449363443,51.819099872509824,62.22232145860626,13.711384956053477,65.90711160428557,64.21848739495799,28.035518163489474,891.5774885844518,73.2685652019832,52.02816365359029,60.500921407824315,1.2768388411886524,0.5935983265239692,1.261659839474526,0.5944779923570385
2025-07-28 22:30:00,13.322068022691925,65.89016354147266,64.21848739495799,27.96315405772948,888.8761940557674,74.05977226379501,51.40386127836745,62.15281974104317,13.751012784935137,65.92626290373431,64.21848739495799,28.021514853118763,891.4547845471959,73.22478743869344,52.07634119117197,60.48411485343883,1.2833086802876392,0.5918504752720538,1.260516425923554,0.5951466436507771
2025-07-28 22:45:00,13.416050867011228,65.98336719394077,64.21848739495799,27.971575376453828,889.110128319168,72.36512931155646,51.55562807092174,62.29893981810833,13.782090197926275,65.94452379293222,64.21848739495799,28.00475844331312,891.202219902613,73.20625004408163,52.125560890798624,60.46540964435012,1.2891047735965977,0.5977496514831182,1.2592095791681674,0.5954202083824285
2025-07-28 23:00:00,14.102102685288248,65.90102011331778,64.21848739495799,27.925857086675062,891.2903219104895,72.31831890932895,51.982203184571816,62.23606257396313,13.800005365364518,65.96001559223905,64.21848739495799,27.98884696570317,890.9523663675003,73.19393339981197,52.18688088668102,60.45599995274902,1.2708065487340277,0.5944165138719387,1.257710497544958,0.5959370942005958
2025-07-28 23:15:00,14.82635323674294,65.88901476744817,64.21848739495799,27.913506581204583,892.4728094578081,73.20086891193638,51.96393438212501,62.317766447227314,13.818421805995051,65.96759249272894,64.21848739495799,27.974594942593004,890.4732966430438,73.15275862194898,52.24465237551185,60.45131917702651,1.2633659066415446,0.589944018462249,1.2562165422024272,0.5963989340596211
2025-07-28 23:30:00,15.227488578339514,65.9341702013192,64.21848739495799,27.93101758156504,892.6946087964751,74.4216835573636,52.35115323128202,62.43498111746821,13.843821494245223,65.97865402908332,64.21848739495799,27.96055525739861,890.1052852091676,73.04446892128468,52.30790398315935,60.440606244566716,1.2684203119361648,0.5881787930372563,1.253764823883711,0.5967076295011914
2025-07-28 23:45:00,15.170760447217084,65.84066257488385,64.21848739495799,27.879387876657663,890.5486187472651,73.20482880025278,52.71138274697482,61.93622214577336,13.865911065417464,65.9846273932636,64.21848739495799,27.94564868106992,889.5405330363238,72.9682393483417,52.36584440029053,60.422246976946965,1.26194599939219,0.5932441270661277,1.2511215121034567,0.597323205139651
2025-07-29 00:00:00,15.163234532323266,65.90390568183055,64.21848739495799,27.84125408525158,887.5521678649188,72.79973013771321,52.97881642890015,61.920439953299216,13.89302165628592,65.98934001496255,64.21848739495799,27.9307296042596,889.070499171767,72.92517419074056,52.42664170825603,60.399447880912916,1.2537237742952814,0.5907074259531934,1.247812329302645,0.5978176073271164
2025-07-29 00:15:00,15.106507682907388,65.8674387730033,64.21848739495799,27.847019769047105,882.5678383057873,72.34471246809494,52.80103521540767,59.528579695534106,13.919711890376739,65.99522356070062,64.21848739495799,27.920431955502234,888.70154247721,72.92417842372974,52.509666926054955,60.4569921256318,1.2515462064125795,0.6028379860532368,1.2440212586083927,0.5980328555975508
2025-07-29 00:30:00,15.2999447418177,65.95933179556859,64.21848739495799,27.81498196931789,884.3715259240714,72.72440938395252,52.96962379790193,59.279554272260576,13.965650198047674,65.99709726991524,64.21848739495799,27.90918103039044,888.2134401984637,72.88838080942519,52.5839484850746,60.445299581127045,1.245152425880051,0.6090968025721117,1.2393464167814872,0.5981835570603519
2025-07-29 00:45:00,15.642770528970024,66.06780791642527,64.21848739495799,27.796684810642468,881.4484724507072,72.77708402127908,53.24392372459966,58.76082964030004,14.027089956279157,65.99696684021828,64.21848739495799,27.894707310365252,887.7842512777625,72.78754899677615,52.6771754569622,60.442427123934515,1.2431507378783644,0.6084404757659913,1.234186103382094,0.5984177698116825
2025-07-29 01:00:00,16.01010045013428,66.20687279697593,64.21848739495799,27.82125398676061,885.339601603545,72.89729637487785,52.91694880697165,58.814659675590285,14.100034666159788,65.99364349624258,64.21848739495799,27.883018407791162,887.5654988786672,72.74528599956479,52.765003493320314,60.43231707697931,1.2157217967518823,0.6127323508819446,1.2289238893453729,0.5986311359374646
2025-07-29 01:15:00,15.594931855793623,66.23426055910377,64.21848739495799,27.79865522678506,888.1183762669993,73.40188261544652,52.99184258095404,58.99170086519299,14.175229096506948,65.99287752535129,64.21848739495799,27.872344396930455,887.2366888018073,72.65825223901183,52.849368253402794,60.423797868359664,1.2123682755965484,0.6186149501303934,1.2240177664049046,0.5980630290073928
2025-07-29 01:30:00,14.945615334465908,66.25611002573453,64.21848739495799,27.847358996240704,889.5674378900841,71.20011468011958,53.15723959830934,58.75681745742544,14.235508192766419,65.99279795656675,64.21848739495799,27.863211539698003,886.8267858221167,72.62292300972837,52.92771495478723,60.42205291026845,1.208494964414531,0.6185775821318079,1.2197856652489891,0.5975167627862877
2025-07-29 01:45:00,14.206894917865494,66.15489234052427,64.21848739495799,27.821488562537564,888.8442587051311,73.19200627417972,53.17956899735621,58.88796783632684,14.291136437589014,65.99241066821278,64.21848739495799,27.855628184503416,886.634601206298,72.5937238259499,53.022110189219234,60.409587764649736,1.2044012683745924,0.6122329372401901,1.2155466673655708,0.5970905522591768
2025-07-29 02:00:00,13.868097693748338,66.10421326591029,64.21848739495799,27.82371083486532,883.4591001566411,72.39524294129264,53.14514029586864,58.77347123142893,14.348672121983268,65.98958037200764,64.21848739495799,27.851988861566763,886.2682768467696,72.55208495839105,53.10054708157102,60.36756207302007,1.1960650262742916,0.6108972193791159,1.2115424580996195,0.5964780930669066
2025-07-29 02:15:00,14.25067642357846,66.04588667736174,64.21848739495799,27.794425057602872,884.2787046541376,72.54233316978608,52.91153630440841,58.58125373624705,14.391503651196109,65.99061978196445,64.21848739495799,27.8480056746016,885.7507951818243,72.51234930452723,53.16092017811739,60.328685999915855,1.2034479797472604,0.5993084486301198,1.207898510531358,0.5958562371878044
2025-07-29 02:30:00,14.351995821593976,66.04342265412733,64.21848739495799,27.78660078116201,885.3892106426156,73.31303718088097,53.03033807742295,58.59307311508267,14.420345548769097,65.99069122498506,64.21848739495799,27.84415518545243,885.3781822921234,72.4819592997666,53.23078334268755,60.29752203833837,1.2067321853347237,0.6032631874666555,1.203916417740594,0.5951917652028951
2025-07-29 02:45:00,14.0548612811735,65.92938987411088,64.21848739495799,27.801524862180603,878.632908571203,72.36844730558394,53.03549822769648,58.5930120682819,14.451105500761383,65.99079629011908,64.21848739495799,27.83854426353454,885.0327848785547,72.5107172476092,53.2988085235585,60.24993610692307,1.2032933774545649,0.600893116832875,1.2001059926408912,0.5943294650516787
2025-07-29 03:00:00,13.456718154445127,66.05250704403689,64.21848739495799,27.81040885776451,888.5200216354299,71.50757045507201,53.33505188754039,58.455993189360775,14.46542324228158,65.99384630149964,64.21848739495799,27.83429339359037,884.811319359504,72.48848958536864,53.35242861690453,60.2090721259977,1.1877174229231957,0.593678486462409,1.1964892832089202,0.5935914416686613
2025-07-29 03:15:00,13.138740235954671,66.00742530427924,64.21848739495799,27.82089963762933,882.6154006003533,71.74635939672848,53.40353055711128,58.25401545457223,14.456170319699272,65.9967486495857,64.21848739495799,27.83060417558371,884.416509692624,72.45974520447952,53.416286746969085,60.167077318923454,1.1845904514875156,0.595982221342981,1.1928688710091493,0.5928993906824321
2025-07-29 03:30:00,13.15157472760161,65.99502371418369,64.21848739495799,27.80672313338853,883.76950576854,72.89758835286806,53.57280432007938,58.12420750650221,14.42938122550844,65.99731196196501,64.21848739495799,27.827153153923067,884.0467102106437,72.37607536390819,53.46142042345086,60.12600408078796,1.171129713096072,0.5921662568477606,1.188525081825514,0.5923203480169973
2025-07-29 03:45:00,13.489785103779996,66.01660525541007,64.21848739495799,27.886037067538,882.4725651237948,72.09530880064956,54.1841185975421,60.7591585041089,14.384431101260196,66.004599395525,64.21848739495799,27.828316564856323,883.6569220515315,72.3343634857861,53.48898836280435,60.007708697637696,1.167042498916889,0.590503807320659,1.1841911047893368,0.5914533709654659
2025-07-29 04:00:00,13.971756203106056,65.93994348250817,64.21848739495799,27.88403761679264,881.8240180900185,71.70908580375335,54.10350392646092,61.19440917262247,14.313421726560437,66.00995118299898,64.21848739495799,27.830661393391026,883.2717163769652,72.32183178317902,53.502389525654365,59.88626899558876,1.1518404738275174,0.5908081023792743,1.179517741860738,0.5909197178938614
2025-07-29 04:15:00,14.110169235309629,65.89652540174481,64.21848739495799,27.79316361851317,883.1126044297655,71.23068869284701,54.35141339602009,61.702189850091344,14.227680168092727,66.01805068636627,64.21848739495799,27.834391826081866,883.2247390770965,72.32473412705896,53.52136797298268,59.85431544979182,1.148061154985651,0.5933249679118596,1.1750262956569506,0.5899316077091712
2025-07-29 04:30:00,13.892886428258022,65.93347941514165,64.21848739495799,27.817817775482176,885.7928349904927,72.13629678857959,54.12826324090043,61.66036240381031,14.130049913590236,66.02009216856388,64.21848739495799,27.838196862790863,883.197610218571,72.26054740939456,53.54649869727179,59.846720976583086,1.145535588382243,0.5922283781982941,1.1707435751029867,0.5887777145407666
2025-07-29 04:45:00,13.78818171174734,65.9340239017404,64.21848739495799,27.82209073459675,885.3950493823517,70.51832739153409,54.0903066469187,61.67072896081784,14.027950792230017,66.0188567014073,64.21848739495799,27.843060929040835,883.3789976009933,72.27707949100369,53.56012170004565,59.85277236383819,1.1489536728625185,0.5758250770936851,1.1661907003219574,0.5875986919089754
2025-07-29 05:00:00,13.95453836862528,65.95323886994561,64.21848739495799,27.828362077308025,886.2802214356396,72.01380609695846,53.92988924912172,61.59556071068141,13.901944231229434,66.01235343394355,64.21848739495799,27.848686125875144,883.314762826134,72.30597300442591,53.584381102668175,59.84576055522825,1.1616190423790658,0.5760847777410454,1.1630322310413856,0.5861958020498874
2025-07-29 05:15:00,14.66598146678407,65.95369331066077,64.21848739495799,27.842180489161557,889.2376685020839,72.99816512982656,54.00935135565563,61.4792501131324,13.771570901307099,66.00352703642722,64.21848739495799,27.856879359138023,882.9806770655063,72.27310085877915,53.600380673104304,59.8316272173079,1.1559182701790705,0.5795425422658568,1.160697385340342,0.5847300477197019
2025-07-29 05:30:00,14.952645782834848,65.90558578634842,64.21848739495799,27.8966283555727,884.3636371786034,72.06369904183953,53.75940444723032,61.05051347574235,13.654625830582082,65.99196964402687,64.21848739495799,27.863224097900048,882.5674947541872,72.32376516059523,53.628714796557894,59.837225045430976,1.1659763737573567,0.5776137856890259,1.1580534172513635,0.5831129009724687
2025-07-29 05:45:00,14.611677015773727,65.918611219875,64.21848739495799,27.852363371621177,874.5780439948384,72.92668487772012,53.63029276890053,61.05603926547996,13.54997886885354,65.98302897072348,64.21848739495799,27.871138248696365,882.0473373796764,72.34040614702303,53.65267512230704,59.84643801440483,1.1675204141408124,0.5749426501509032,1.1556170987812915,0.5816941676890207
2025-07-29 06:00:00,14.18732494988155,65.89230683209085,64.21848739495799,27.84763938325426,877.6978073647455,73.14807212097573,53.49975621547247,61.21790089371862,13.457120558142753,65.97802413099376,64.21848739495799,27.87911245683662,881.817959133547,72.31642415036892,53.67899566458915,59.8567308186505,1.163845896564723,0.5719163157247751,1.1536739785037866,0.5800313118046141
2025-07-29 06:15:00,14.338849426779818,65.98651914796136,64.21848739495799,27.80324771891729,878.7482059121074,73.22786774683442,53.59638349705013,60.8713618756493,13.35213728053941,65.97609959090278,64.21848739495799,27.88851685552955,881.5361037761619,72.31237650239805,53.71747873709633,59.87616682147918,1.1747920206055031,0.5718806469466242,1.1516560648100758,0.578667321176061
2025-07-29 06:30:00,14.531634930894132,65.99252045473436,64.21848739495799,27.79833098834988,884.646356338965,71.6514890421127,53.59080598495288,61.01014314620184,13.256986831497592,65.9751174212645,64.21848739495799,27.897097468350648,881.3656882109927,72.26447141402065,53.76460061218118,59.88360306119027,1.1623052657749064,0.572275812381416,1.149448082948181,0.5771453485232594
2025-07-29 06:45:00,14.548765559273727,65.97608521003013,64.21848739495799,27.80283004100482,880.6285194514103,72.3385374852622,53.8796782840617,61.05792223499991,13.162835927911425,65.97931922528413,64.21848739495799,27.90461805057868,881.4519565497234,72.25533059246494,53.80152140582929,59.89094268646626,1.1547535406484095,0.5691824888753786,1.1468761668807754,0.5757171229861108
2025-07-29 07:00:00,14.4238157526145,65.9510695726986,64.21848739495799,27.82748693174574,881.6006243370683,71.91158834022391,53.70516352573525,61.20278397340348,13.081831473535026,65.98317505560014,64.21848739495799,27.914762406585577,881.3515002612181,72.26162763758444,53.83557326177458,59.89762387948768,1.1381066364271135,0.5708075130742059,1.1447241767171277,0.5745600058984146
2025-07-29 07:15:00,13.822256719769843,66.05928558168395,64.21848739495799,27.91429020465528,878.8549739738942,71.95347245659002,53.53842092757938,58.38736065126537,13.013297037990498,65.98866258550487,64.21848739495799,27.924689670388783,881.4558852188991,72.32616606415519,53.87224891448319,59.915787515265656,1.1319266883068655,0.5672348155201878,1.1421366809004307,0.5734416747502337
2025-07-29 07:30:00,13.032953291330411,66.06445930604954,64.21848739495799,27.911598941292706,875.9959976279335,72.42377905950055,53.38085131440067,58.27724889183114,12.951071959028065,65.98946637752132,64.21848739495799,27.936370412328714,881.4718495848866,72.30312653471647,53.90627891439723,60.025961535566324,1.1135228864373274,0.5746978338050637,1.1401826668848876,0.5724836273211534
2025-07-29 07:45:00,12.534260928876146,66.11042387402159,64.21848739495799,27.95893274977235,881.1585193097221,72.43178278449365,53.37038863525712,58.56997332162604,12.890140879114124,65.9869426975318,64.21848739495799,27.94503666774296,881.5812290816225,72.30869696935267,53.92587441739456,60.04825918159314,1.1168028202989488,0.5731946805125225,1.1387997018823972,0.5712940747238208
2025-07-29 08:00:00,12.371037106742984,66.02057626149714,64.21848739495799,27.929133070587696,883.557660168305,70.79880785402051,53.72354552657506,59.05172007599858,12.826953083179315,65.98461543927415,64.21848739495799,27.954388350230584,881.6059108251217,72.29848776037352,53.95113097197545,60.05977314879128,1.1166708092611384,0.5744800075199739,1.1379603191698442,0.5701884496657802
2025-07-29 08:15:00,12.579796888163443,66.03074390172793,64.21848739495799,27.94260679814166,886.8900939233783,73.27304646955287,53.65261380781556,58.94237125795315,12.749340927331286,65.98445156395138,64.21848739495799,27.96587162634191,881.8301375642312,72.39380258277855,53.960132317405936,60.05210471027087,1.106564494447481,0.5730697968122574,1.1374048821188687,0.569325917087689
2025-07-29 08:30:00,12.229903620116788,66.01177477306297,64.21848739495799,27.990009891789985,883.4125583577669,73.76410177754468,53.64473088564744,58.60430541729226,12.668958187067586,65.98689871453922,64.21848739495799,27.977126648525186,881.7825462903181,72.42828883728738,53.98228660098482,60.04941380267571,1.1209677183347353,0.5706456551093042,1.1371818191433347,0.5687002981013553
2025-07-29 08:45:00,11.68373195812361,65.96946863361406,64.21848739495799,28.044452224671367,878.0958034481679,72.41571824604333,53.47182969403799,58.567700727582206,12.585058896198946,65.98854698771643,64.21848739495799,27.990144041566182,881.7629173732946,72.50798024999314,54.00619123141939,60.05151482377734,1.1423229045652354,0.5746423202248281,1.1368622415294232,0.5686000301719331
2025-07-29 09:00:00,11.43726321271537,65.90938825372456,64.21848739495799,28.03770115910141,877.1719685505144,72.72004373460196,54.00726330191698,58.92475230111772,12.50236165640569,65.99130867651652,64.21848739495799,28.004145677637222,881.6722174489769,72.53851210645148,54.040242951401304,60.05879872676259,1.1291759217451756,0.5700631797148168,1.1366606944169335,0.5683885370111266
2025-07-29 09:15:00,11.067486066009208,65.8866721414223,64.21848739495799,28.058913086427147,873.2395374698026,73.69123586701382,53.89837876983045,59.16435690554256,12.408772036010713,65.99569446650816,64.21848739495799,28.0170944864597,881.5412780750038,72.46788944495366,54.07000043048259,60.072666778038595,1.1313117142724336,0.5696709387367495,1.1373489618271535,0.5681369089960226
2025-07-29 09:30:00,11.08234837242479,65.95406807401888,64.21848739495799,28.062937079072945,876.5777527727643,71.67578304166936,53.93475656433219,59.08225535879895,12.307915465588813,66.00092246798965,64.21848739495799,28.027364552763846,881.2722976788692,72.49207688258775,54.10330679884016,60.105377158302026,1.137771417949149,0.5610115428469155,1.1375698072624316,0.5679406455816417
2025-07-29 09:45:00,11.101178095478128,65.98815047463216,64.21848739495799,28.076557018390737,875.8230439325818,72.42090373066004,54.0660284796237,59.16433382110763,12.204327907228764,66.00744308343054,64.21848739495799,28.03908068899005,881.3431166044487,72.54194913224003,54.13965847063238,60.1287053911218,1.1429105689359316,0.5583887297735266,1.137465368808051,0.5677814658518936
2025-07-29 10:00:00,11.497482350339464,66.01395756497881,64.21848739495799,28.044019165795085,880.2767436875404,71.87588452955893,54.44399432996826,58.8161603064155,12.096081457201535,66.01598668549609,64.21848739495799,28.050604121881406,881.2976311835296,72.5703169942586,54.17778789636919,60.15011021704819,1.1404927294778808,0.5576040078826063,1.1376632043770807,0.5678297484383342
2025-07-29 10:15:00,11.230334173588457,66.05544399470024,64.21848739495799,28.02714232902149,881.2209587331215,72.09422265891273,54.14312203714014,58.81320082656139,11.97761164470007,66.02403637292964,64.21848739495799,28.06281989499071,881.392607149668,72.60802984832863,54.20691231907451,60.19319771024623,1.1261358954323957,0.5580463507184146,1.1374954297693949,0.567917288376991
2025-07-29 10:30:00,11.026584523153083,66.16818195351689,64.21848739495799,28.11473953797151,885.5063329802721,71.6964818086567,54.35660756589896,58.65642898000346,11.858073254126873,66.03270494494802,64.21848739495799,28.07416194092089,881.4174716205331,72.67277179245171,54.22319223842518,60.23817456275706,1.1231577180137726,0.558964973831526,1.137894069301006,0.5679523836897578
2025-07-29 10:45:00,11.082707169618857,66.17205120142121,64.21848739495799,28.118717551725464,885.7469493307854,73.68251219385115,54.5038001383694,58.79892452791139,11.73775423551757,66.0394858614456,64.21848739495799,28.085598120306898,881.6573186565125,72.74270112660132,54.248071316955944,60.281504572301806,1.1069655769866016,0.5624322868975544,1.138284228683444,0.5681760135049593
2025-07-29 11:00:00,11.28482235872863,66.01913747467754,64.21848739495799,28.15714539158643,884.2484367481636,72.20640246970643,54.59370431750049,61.42942811552219,11.612894233692646,66.04533490239665,64.21848739495799,28.09577470123084,881.8930562325527,72.79698556438271,54.265930471942355,60.23924424090583,1.1125092926297802,0.5634248339753555,1.1397036609623024,0.5684326343213963
2025-07-29 11:15:00,11.661852706361866,65.94089485572411,64.21848739495799,28.146024729965447,885.7539500258707,72.26242183973552,54.77198368746242,61.4280878849134,11.494231237217294,66.04741820951499,64.21848739495799,28.104156316057562,882.1837721637063,72.8488065163754,54.28404859106804,60.28781002921256,1.1255535488421713,0.55481722940068,1.1412059810206752,0.5688495051470154
2025-07-29 11:30:00,12.076122325061734,65.87012573477871,64.21848739495799,28.164588091421265,882.5644703949944,71.40280953437902,54.86120056388754,61.53982818856671,11.388295267316538,66.04905894734837,64.21848739495799,28.113268151940552,882.5988991789617,72.88135991538738,54.29525153676998,60.33582731451874,1.1266589924509254,0.557639350638055,1.1435147060110777,0.5690056332370511
2025-07-29 11:45:00,11.781804559868762,65.89160914206182,64.21848739495799,28.13766190185295,889.8394066030518,74.09013336499795,54.6214537589344,61.47213669447887,11.293405289943106,66.04381995642349,64.21848739495799,28.120773870762502,882.7495634627986,72.91688855250284,54.300293617759955,60.37232333215437,1.1313980434563855,0.5674489905691205,1.1460641205446058,0.5692048245543819
2025-07-29 12:00:00,11.481404220347068,66.00689393277686,64.21848739495799,28.155468440980474,884.365096773098,73.17088442384447,54.79289174826708,61.579635175955495,11.204616709960778,66.04541808361806,64.21848739495799,28.12905817712429,882.9091150579609,73.01371486688934,54.30693747962688,60.387566388023544,1.1388436991162263,0.5734598086082859,1.1490574537414249,0.5694789060675789
2025-07-29 12:15:00,11.27120298568808,65.98347209705655,64.21848739495799,28.21261252582656,884.8061818716499,72.90906977270681,54.80744555995611,61.73375959386692,11.13706259233058,66.04294332000255,64.21848739495799,28.137435975021965,882.7877600511912,73.04679987159055,54.3272692145574,60.41423614524958,1.13936634444517,0.5728170392110157,1.1523043278928973,0.569879499326118
2025-07-29 12:30:00,11.473621174827606,66.03608953394816,64.21848739495799,28.24841115943924,883.5592237061051,72.92976179070868,54.95144084857875,61.81407780023879,11.094947915618345,66.04325021723712,64.21848739495799,28.14546988666979,882.8304605559575,73.01743983343664,54.35330358838352,60.44856196014484,1.1555726290043835,0.5697399829168551,1.1551479181691455,0.5700142609033333
2025-07-29 12:45:00,11.858292854934763,66.08526701040972,64.21848739495799,28.230644753835968,885.3094872828939,70.87948528489194,54.90207572809444,61.89529165141244,11.070074070661805,66.03758463774712,64.21848739495799,28.151026197314795,882.9248490018596,73.06929775148501,54.38769559697294,60.47839155808249,1.1765662924856666,0.571993701812735,1.157536453579497,0.5699203537200366
2025-07-29 13:00:00,11.926948670177834,66.06242583079353,64.21848739495799,28.20473034469704,876.294225294562,72.78932217086206,54.7585954979572,62.03182488364547,11.057969661934909,66.03660891046485,64.21848739495799,28.157733767073953,882.9264336734173,73.10992976122088,54.41171851414054,60.50510796318661,1.172601736815707,0.5717258832575968,1.1606499715400274,0.5699914758827916
2025-07-29 13:15:00,11.50405026497232,66.11422968310201,64.21848739495799,28.20384745840727,876.7026117622274,74.42285236728874,54.72084292266698,61.75588625007315,11.04947088618309,66.03599938299502,64.21848739495799,28.16406679529514,882.9664969967582,73.08863996546464,54.43353059903083,60.53035436381403,1.164387260509386,0.5701672582584614,1.1638571925164711,0.5700456178835249
2025-07-29 13:30:00,10.93993144906464,66.14861489405706,64.21848739495799,28.19334236999496,876.3332447371696,73.99910798153326,54.643638987576914,61.86004567151015,11.053841466323403,66.03406865845953,64.21848739495799,28.17064298989603,882.6752498815927,73.14663727274261,54.44544735596625,60.558198310369264,1.1697809636356131,0.5733647933179944,1.1673758153576534,0.570411409317888
2025-07-29 13:45:00,10.784755051735882,66.22800977096783,64.21848739495799,28.169720912196507,881.5974848962604,74.35925336893493,54.47011617820997,62.163986671590834,11.091412056479614,66.03000095228619,64.21848739495799,28.17308538474871,882.6008570837638,73.1749484137261,54.43479147599877,60.58775749798542,1.1697587823749271,0.5745068451063242,1.1710192561650925,0.5708192004514129
2025-07-29 14:00:00,10.945483213698209,66.25257761528589,64.21848739495799,28.13859236625528,885.3922904649196,73.59374736580551,54.07920356547279,62.35944872152651,11.117749516644743,66.0252699670068,64.21848739495799,28.175661243041976,882.3812410695589,73.23940313201025,54.411272900827434,60.636662010192744,1.1742644517232392,0.5733286717644244,1.1750035721724261,0.5711626089833332
2025-07-29 14:15:00,10.939195000994598,66.17951270495747,64.21848739495799,28.145915422584967,887.8239305307909,74.43641750975021,54.62605063998467,62.35782252134226,11.156855916912017,66.01726892970531,64.21848739495799,28.17993078241475,882.196949951312,73.27558617938419,54.407654192117775,60.69542831288444,1.1664583221215554,0.5758913833314186,1.179537520204625,0.5715128101832618
2025-07-29 14:30:00,10.67801569786678,66.12654080122974,64.21848739495799,28.13278435946401,888.672751618272,73.54012147366538,54.240938175327415,59.93497403152458,11.202453472579839,66.00743788749723,64.21848739495799,28.180869059745838,881.9327913125636,73.36330488651689,54.41924864397242,60.847212977324666,1.180689604792862,0.5785061375673216,1.1840153736105388,0.5719908481388098
2025-07-29 14:45:00,10.262366825509282,66.12178479523419,64.21848739495799,28.16573864945694,887.5764519085053,73.50810101637083,54.08196450135007,59.84433430046705,11.25309006409912,65.99972349945011,64.21848739495799,28.18000120247962,881.6576116391791,73.3494671992099,54.42089845943199,60.98461521741982,1.1769962900580535,0.5797409402887561,1.1891206610505525,0.5723214705411449
2025-07-29 15:00:00,9.854874194307753,66.11368144105099,64.21848739495799,28.184954017782378,888.449808085593,73.40038102986011,53.716939685458776,59.7177674510164,11.309066716382072,65.99689787881196,64.21848739495799,28.1779012500123,881.2916484666742,73.35778466267472,54.410726088555414,61.045421104919384,1.1827846361494,0.5793816765061348,1.1939133346343824,0.5726922065427071
2025-07-29 15:15:00,9.687561607673144,65.95325414627543,64.21848739495799,28.184104314430915,885.6784478248276,73.49764189795734,53.52165106495636,59.66485385069531,11.359134348533306,65.99506810899423,64.21848739495799,28.17805613887805,880.9839831303833,73.39598283149375,54.390025493739266,61.1002869638864,1.1932852563047962,0.579170420032452,1.1980795656546148,0.5735199046101034
2025-07-29 15:30:00,9.707379707273171,66.06852007733433,64.21848739495799,28.177662261441203,888.3442080231773,73.7035972856155,53.92286138258317,59.50901175207364,11.399217723056074,65.999420456196,64.21848739495799,28.178869818291215,880.9912581205791,73.44669240540641,54.359985820707486,61.14043996533735,1.206470805165705,0.5827024529158831,1.2024060931278657,0.5743866592631149
2025-07-29 15:45:00,10.553173359257492,65.95650099326284,64.21848739495799,28.193940735072086,883.2494437202863,74.2655966105893,54.26256585573074,59.74246397473431,11.428945751545006,66.0038563456513,64.21848739495799,28.178968557902685,880.7301093252643,73.45454115701173,54.33526305336138,61.187764688820074,1.2039707189916595,0.5850875945684278,1.2066241494219476,0.5750228368126141
2025-07-29 16:00:00,10.966463318749764,66.02098169009932,64.21848739495799,28.23102724122465,884.6935735007598,72.88330063292699,54.42576210043124,59.63407986414995,11.462592346362275,66.00543795734019,64.21848739495799,28.179197659319048,880.6757256901233,73.46866591358915,54.301018178193615,61.23244836351164,1.2062754266221776,0.5746885024257642,1.2106322954473585,0.5754034270715201
2025-07-29 16:15:00,10.93751660942741,65.79950124891451,64.21848739495799,28.211141544021523,880.9274568252254,73.97145578749448,54.5035899517206,59.46258866571164,11.500718430651629,66.00821194186402,64.21848739495799,28.175138065429113,880.6371591028272,73.4556887145151,54.266958411667034,61.27038053231691,1.2139789668757812,0.5718251047259261,1.2146967232412649,0.5758983581602237
2025-07-29 16:30:00,11.074130950908447,65.8801164352564,64.21848739495799,28.23892825187612,877.2195086972446,73.93900402667813,54.72795081694508,59.726244454241474,11.534401304466165,66.00381110823403,64.21848739495799,28.170327218482264,880.8039228550292,73.4214780484303,54.224701544970095,61.29998677247818,1.2225814605610854,0.5721968445974699,1.2180728622847148,0.5768289239175272
2025-07-29 16:45:00,10.812522793454768,65.86838631732724,64.21848739495799,28.248903933062667,874.4414371700334,73.05254199432659,54.55274131653901,59.92174892436501,11.564570925140005,65.99666264125341,64.21848739495799,28.165233198395836,880.7863267026295,73.49051603758622,54.19195216206343,61.32672407356136,1.2275283435657496,0.5712951987587467,1.2204097918349142,0.5775583422917185
2025-07-29 17:00:00,11.213465776634097,65.89614633795475,64.21848739495799,28.26022291709979,867.8403393177942,73.41570226000893,54.29225927239496,59.91757375545606,11.5934547380375,65.99233681979976,64.21848739495799,28.16294091472412,881.0386400062879,73.5124329949877,54.170882504728894,61.355694894835274,1.243330103184609,0.5719852858778088,1.2228769526238996,0.5784634472938526
2025-07-29 17:15:00,12.228295800164425,65.86611928943145,64.21848739495799,28.149828863971045,873.5912599977182,73.27023796016451,53.74635208059926,60.051109449592296,11.626841128941008,65.98885829218042,64.21848739495799,28.16107736966111,881.2469587312995,73.49170917414676,54.139621888452105,61.39113143308999,1.2522137931591095,0.5706224637792727,1.2256584496949054,0.5795549309543353
2025-07-29 17:30:00,12.287606155293323,65.87202800659749,64.21848739495799,28.12129491459303,873.6882632613922,73.80952607808334,53.73843707482814,60.283295672635234,11.667616033232427,65.98446488387609,64.21848739495799,28.159668142403053,881.6953381972525,73.44010237456683,54.108123522793214,61.424393660994426,1.260022209697892,0.567906263840215,1.227929489251056,0.5806010841889044
2025-07-29 17:45:00,12.403526181606717,65.81541287565528,64.21848739495799,28.155228510204847,875.6922251857162,73.17971408013095,54.03456077585033,60.57618990731223,11.705795936673228,65.97843370938084,64.21848739495799,28.158716612964785,881.9235394177031,73.3911100342419,54.0833196398504,61.44384555358249,1.2621543363983556,0.5685523867162778,1.2303066363663018,0.5817214704068229
2025-07-29 18:00:00,12.394511193187746,65.87325068727465,64.21848739495799,28.142887857904128,877.5815738178226,74.32804302263727,54.70444112153835,63.20996891321013,11.75426721933417,65.97274032664612,64.21848739495799,28.158859724603793,882.2682006715063,73.36255661122428,54.07694709442637,61.45286724748131,1.2574933201911889,0.5733061124979613,1.2331369824616796,0.5828164970393038
2025-07-29 18:15:00,12.601804915197263,65.94061956000748,64.21848739495799,28.09268183373883,877.491559129247,73.26738157464229,54.553294602156434,62.920991730766325,11.818954233737225,65.97213359659078,64.21848739495799,28.15946080300034,882.3182953956552,73.3230744471516,54.03759096618761,61.3746129038999,1.260124200187013,0.5723509589676096,1.2362128612149486,0.5838673141547459
2025-07-29 18:30:00,12.964121927217215,65.93436885553292,64.21848739495799,28.094146817566877,873.2695415730159,72.45592637365046,54.28853319120311,63.2536047405089,11.90159433076909,65.97020151568309,64.21848739495799,28.16000327993407,882.2318349022911,73.26934269435043,54.00752735814921,61.381189620027065,1.2562895001446817,0.5745469140222214,1.2386039332739418,0.5846301676268729
2025-07-29 18:45:00,13.163881670898888,65.88600176119238,64.21848739495799,28.150671395937977,876.5239899371458,73.40836690430712,54.15096584297796,63.07406365392375,12.003102952771856,65.97141051823533,64.21848739495799,28.158431157963467,881.9550374856625,73.263030041525,53.99527689533885,61.38691865044462,1.2505404794491384,0.5796481714225633,1.2411198869259636,0.5853653906822286
2025-07-29 19:00:00,13.278623560744816,66.00069615083184,64.21848739495799,28.188998473816167,882.7827201008681,72.9240967517583,53.96001037293417,62.744418232095526,12.121985682744391,65.97166376229008,64.21848739495799,28.154161209570283,881.572876321724,73.21861159430962,53.993164938138115,61.388195838713926,1.2564548166484564,0.5836419902284012,1.2430645924117634,0.5859492302678392
2025-07-29 19:15:00,12.673645414536708,66.02468582572085,64.21848739495799,28.140624090197186,882.0049427436052,74.32559591315761,53.87977073855142,62.89187839896047,12.251189417635517,65.97719542741629,64.21848739495799,28.150514790923236,881.3054986612101,73.19394029886318,53.99858856541864,61.379335687332315,1.2579397322788386,0.5865343170541004,1.2448715459699355,0.5866901437287724
2025-07-29 19:30:00,12.490802064865097,66.05434228344345,64.21848739495799,28.162341483471124,882.733587718867,73.59462712116677,53.76554549323402,62.920145416702525,12.405188135807908,65.97766242925915,64.21848739495799,28.147845581538956,881.0617093974045,73.10697135815977,53.993612410180795,61.37848338189576,1.2590880798785564,0.5848775163754609,1.2461159705900753,0.5873154197768393
2025-07-29 19:45:00,12.414985514368675,66.0666916327715,64.21848739495799,28.09082470912873,883.6491842527685,72.51975380048569,53.78565256415853,62.87172465802487,12.548729194309686,65.98196794383836,64.21848739495799,28.144848580166357,881.253453164953,73.07449895993535,53.979168747686266,61.38172515928336,1.2612991782623564,0.587664971872127,1.247151945926891,0.5876732383958017
2025-07-29 20:00:00,12.484107389263704,65.90406452504835,64.21848739495799,28.104085751033683,888.562136272165,71.90344180816462,53.68373484767065,62.70226500507682,12.686690745193825,65.98269645787454,64.21848739495799,28.139908472610824,881.3373725901308,73.072054004051,53.962691536788576,61.39097093691201,1.2568568003078846,0.5976569556359579,1.2482877365395184,0.5882376418046298
2025-07-29 20:15:00,12.76338147515001,65.87081300099112,64.21848739495799,28.07782415124321,884.7816027109058,72.9506249595692,53.91959424089438,62.69741068390805,12.83474155695644,65.98604964254848,64.21848739495799,28.133748524573758,881.6362366156359,72.99976704458594,53.94945676101041,61.40690379476032,1.2466741789916478,0.5938762530384787,1.2490261745845725,0.5892512417774687
2025-07-29 20:30:00,12.79346305710267,65.93265118718413,64.21848739495799,28.135961834545576,883.8636244043156,73.44683089290689,54.12650577792144,62.90094952186268,12.977058126248746,65.98962609599177,64.21848739495799,28.126687677041353,881.9575913710307,72.93479673983671,53.92866248398549,61.41586072747716,1.2466165604852668,0.598879033321615,1.2495344766530923,0.590228300907795
2025-07-29 20:45:00,12.505641992077535,66.00987385452193,64.21848739495799,28.147941106516974,882.9521735125745,73.80113774206062,53.7830244343632,62.81898239771471,13.130264667149197,65.99060687560048,64.21848739495799,28.12070978333859,882.4938175444983,72.92887767181534,53.92038010609478,61.413481584284725,1.2478321726395616,0.6029117680729443,1.2497999202966719,0.5910583545988429
2025-07-29 21:00:00,12.16317857780719,66.01681264492689,64.21848739495799,28.15106555225319,889.7846287157527,72.45090399413525,53.69868801781014,62.85791250864324,13.27701015356138,65.98622438760212,64.21848739495799,28.113147701833064,883.224182151983,72.89444956998378,53.91439168152667,61.41106762732909,1.2379121503201276,0.6047493903550653,1.2493499777602952,0.5918430534995751
2025-07-29 21:15:00,11.930152154959938,66.04707453611036,64.21848739495799,28.14117502904841,888.4435215097834,72.88948315918685,53.72599968992559,62.74754344923294,13.39681312565014,65.98542787254566,64.21848739495799,28.108086269769384,883.9084776602178,72.84820473640441,53.917569098015946,61.40777172799306,1.2410731958323094,0.6081184316438832,1.2488078979316855,0.5923493024285009
2025-07-29 21:30:00,12.399621693526472,66.08177613324436,64.21848739495799,28.142885715425585,895.7321280790159,72.73714467527627,53.88802720275198,62.630099538490775,13.512643221801879,65.98527060743392,64.21848739495799,28.105487573953244,884.4793819498886,72.84041497881421,53.925448508637174,61.39171333772164,1.2591748345845697,0.6061794707388518,1.2481195834510428,0.5930016217764547
2025-07-29 21:45:00,12.87980543308628,66.16131080329735,64.21848739495799,28.1639477744813,889.3267722552572,73.25195258757029,53.44536679282152,60.010192213900304,13.620244163578853,65.98998914465243,64.21848739495799,28.09983040152579,885.1593812324667,72.84545393737318,53.928389165450625,61.448245726588496,1.2587346847196297,0.6074158967946803,1.2472679059627139,0.5937247541894515
2025-07-29 22:00:00,13.157218608822689,66.06857837399902,64.21848739495799,28.14905866747597,886.078936817348,71.92816888963036,53.33902993417563,60.13227551533931,13.708603000580755,65.99169036067084,64.21848739495799,28.0962260259082,885.804367915911,72.75381336390015,53.90727511549551,61.425627460777136,1.2524217665626496,0.6013917417311294,1.2459479010912111,0.5943564254578745
2025-07-29 22:15:00,13.307625485592316,66.15805487180121,64.21848739495799,28.118574990338782,879.2725294096477,73.31872143160757,53.71445061703922,60.01620521299377,13.779466724943346,65.98770281680571,64.21848739495799,28.09416448203741,886.321654064516,72.71342181513872,53.89343822564991,61.41208356328091,1.2524748996187085,0.6017976319494285,1.2438623982214854,0.5950406213041866
2025-07-29 22:30:00,13.421356093483771,66.12127876269373,64.21848739495799,28.05685556598692,876.9849731674354,72.06782761339929,53.65358096943695,59.75608309909555,13.835490900299115,65.98269655114912,64.21848739495799,28.092215310327727,887.0966236419088,72.67904263593132,53.88879644493993,61.38594288311104,1.2411258007233958,0.5968968640744515,1.2415033817064862,0.5956991313651488
2025-07-29 22:45:00,13.563673654406934,66.11920410006165,64.21848739495799,28.07471175501952,877.6571180094161,72.75750303456417,53.68435988337202,59.39904930924707,13.87890672010735,65.9789044162821,64.21848739495799,28.089137645649025,887.510991186635,72.61955545590111,53.895614163103936,61.36949160879733,1.2474938630499617,0.6013978238604479,1.2395449366213975,0.5960156323970397
2025-07-29 23:00:00,14.32734125244487,66.0825301326199,64.21848739495799,28.097585979912864,881.0305301090049,71.09452906451286,53.773576725447626,59.48344258897693,13.915898220014979,65.9693157676705,64.21848739495799,28.08606996504397,887.7732595190114,72.58905883371881,53.912583839188095,61.36245907065422,1.243803543769897,0.6014607343578915,1.2372494583444904,0.59597940257961
2025-07-29 23:15:00,14.859405114310844,66.08566643063946,64.21848739495799,28.10403069389409,889.0017567467489,73.29142466385653,53.82925598089509,59.83971729636225,13.968520715223336,65.95909073675293,64.21848739495799,28.08740259047814,888.1649370454174,72.5815525418693,53.920867645546664,61.340879121527436,1.235049979096123,0.5958221531372987,1.2348577755924277,0.5958053770905487
2025-07-29 23:30:00,15.105309845273927,66.04283711118454,64.21848739495799,28.08282401455857,887.2111562560865,72.80995195639683,53.9314457735005,59.91145319300951,14.003165495539612,65.95137021545503,64.21848739495799,28.086958713878,888.5244141512052,72.48522125823256,53.93881553179293,61.30927299964278,1.2403491450010051,0.5916206046906072,1.2320187148354569,0.5955870927797062
2025-07-29 23:45:00,15.37904096230585,65.90009678913258,64.21848739495799,28.02634310290955,889.8933775903805,71.8028470035428,54.10654667837554,59.94057440116073,14.031381809246882,65.94662746347154,64.21848739495799,28.08908042245703,889.0566568614239,72.44959971613251,53.95772527716135,61.27761159875279,1.2361321082274084,0.602233103911096,1.2287373039986553,0.5951898729046833
2025-07-30 00:00:00,15.343628029677678,65.98741003855498,64.21848739495799,28.02710282590409,886.8601513590924,71.98989488420165,54.10412250619762,59.99495243574694,14.068129488973751,65.94621613582082,64.21848739495799,28.0915072813994,889.5350597739033,72.44395314839662,53.97474034445445,61.257251176307854,1.237830522616669,0.6015086185072568,1.2258328316061762,0.5943018842167722
2025-07-30 00:15:00,15.408719020468316,65.89780970558884,64.21848739495799,28.069567121979677,890.5282223740576,72.87496995368487,54.30426997981793,59.850374628591794,14.107673222008668,65.94393411239783,64.21848739495799,28.093512622271696,890.170190141667,72.40091760229727,53.972868504779385,61.231320319718414,1.2354916528731463,0.5961968094901835,1.2230747484715967,0.593348634256779
2025-07-30 00:30:00,15.615830368999516,65.76467169800388,64.21848739495799,28.033360471934134,889.751277542332,72.38285920506175,54.11260653535133,59.84515504678703,14.150222260583314,65.93565957872389,64.21848739495799,28.0938242794013,890.9568679645981,72.41962452602307,53.949774005973154,61.19413606335127,1.2298318270933049,0.5955262528997728,1.219809916682523,0.5923427718729487
2025-07-30 00:45:00,15.822384962827268,65.84222383773763,64.21848739495799,27.997985902060496,894.120125244767,71.8828929527842,53.841674575277466,59.95223246951144,14.198516527377125,65.92212782900964,64.21848739495799,28.095335076389095,891.67041356536,72.29959269593496,53.95297221958008,61.15621975547038,1.2359513983008237,0.5858099316470512,1.216651658347847,0.5912167487997498
2025-07-30 01:00:00,15.762509039845453,65.86731005324508,64.21848739495799,28.043334040108828,890.8153919515153,73.57583335037718,53.97481939346512,59.801543964492616,14.240891790295008,65.90594088654203,64.21848739495799,28.096693038589013,892.16917216793,72.32174010710413,53.956776160727266,61.10421624986891,1.2393727752786114,0.5874758442788246,1.2136740770825745,0.5899695884555958
2025-07-30 01:15:00,15.63155443491593,65.95696899221079,64.21848739495799,27.98551333738122,896.0922036630577,73.33088283690007,54.12278048025365,62.27216157331767,14.29734100980538,65.88821696126773,64.21848739495799,28.10235600175701,892.3160331028072,72.25608773468784,53.954913505587044,61.05790649597857,1.2366040117484796,0.5902463591061814,1.2111908961235367,0.588581661791691
2025-07-30 01:30:00,15.04527630324484,65.92428716782726,64.21848739495799,28.034756589376432,896.9311743211518,71.57882581844615,54.0710196228849,62.53142093886939,14.370598853385532,65.86566771838892,64.21848739495799,28.109033994803536,892.3503756075829,72.22449528260782,53.941859087558434,60.94307614108916,1.2178931740461094,0.5922562505506538,1.2077659002054248,0.5869888891043019
2025-07-30 01:45:00,14.727716646074985,65.82099324405333,64.21848739495799,28.0308355176152,893.0101435873987,72.05563511179939,54.13818790678857,62.514674805879686,14.447989320632672,65.83944026301421,64.21848739495799,28.11243496574824,892.6305444401462,72.16096903829884,53.94218718448276,60.917642957898,1.197559114095243,0.5928768343569725,1.2046116318508022,0.5855951547009435
2025-07-30 02:00:00,14.64484718789028,65.78418088583508,64.21848739495799,28.035671666276325,896.5186288948008,71.42455099742853,54.14927976990393,62.46938433541303,14.512465816030646,65.8189607609576,64.21848739495799,28.117635623719796,892.7833411799678,72.1647737027572,53.943496804708644,60.882587563913624,1.1855190046947048,0.5943022158510862,1.20150221611167,0.5843250399584815
2025-07-30 02:15:00,14.466356265145947,65.77223771518231,64.21848739495799,28.058341455576883,888.9550162789308,71.62375150340084,54.35549738789809,62.58052542451206,14.561130769697339,65.79503716531079,64.21848739495799,28.124877053899755,893.2551814106007,72.10227284957563,53.94192763146226,60.85894971827625,1.1917871268964808,0.5891432023792927,1.1983321636934465,0.5829822510282405
2025-07-30 02:30:00,14.388368557973624,65.71303669248327,64.21848739495799,28.0969680556646,890.6507700721595,72.00919808628916,54.46910065545882,62.53344208780216,14.598906514847604,65.77065369808835,64.21848739495799,28.13352004535863,893.6539711046632,72.07294594623713,53.94306586243913,60.83807317860642,1.187590468341242,0.5825550957055098,1.1955241077444578,0.5818895222860178
2025-07-30 02:45:00,14.252320270787454,65.71793489819368,64.21848739495799,28.18060285322216,893.7552685357874,74.10040715767235,54.12828492930845,62.24447992515739,14.622122347489723,65.74413887688453,64.21848739495799,28.14095003483404,894.1169283208133,72.00244173839539,53.9562510550608,60.83288128540509,1.18618924971696,0.5813135523822579,1.1923059892169923,0.5805460180820765
2025-07-30 03:00:00,13.530145474353407,65.82272664450667,64.21848739495799,28.14902518546708,893.5179008925011,70.70468861206457,54.30398208062218,61.97196176016251,14.622334897277328,65.72037289570484,64.21848739495799,28.14686208765168,894.678517026953,71.99870329237639,53.97671979942243,60.833832094841426,1.1739162571694242,0.5783289870501934,1.1888959492700388,0.5789606053959785
2025-07-30 03:15:00,13.261474925586784,65.92440907326709,64.21848739495799,28.154475966499604,899.6164655593279,71.4511075374842,54.35294492521108,61.921882631325616,14.614974499811499,65.69721851875262,64.21848739495799,28.1529959932598,895.1470140523146,71.96343942264224,53.994744756470524,60.832541243308626,1.1628568531583137,0.5757483756214347,1.18572287227076,0.5777588282720557
2025-07-30 03:30:00,13.586537781069769,65.89172469552612,64.21848739495799,28.1768915193048,902.9142236465484,71.73404477608793,54.19418686646373,62.091452331728654,14.595254508703146,65.67984427058178,64.21848739495799,28.15995469330347,895.7724683509542,71.92047807469959,54.008850002584396,60.83637744494835,1.1697226285335056,0.5710172949986282,1.182776698170622,0.5765759894806144
2025-07-30 03:45:00,13.949693466197523,65.8023522983018,64.21848739495799,28.13798437741204,903.835513743813,71.65955857658855,53.86343905064224,61.919484986224745,14.544054860129995,65.66662660412918,64.21848739495799,28.171346666960513,896.3913381381824,71.93048504011138,54.02565701162751,60.83668427266198,1.1639316849542691,0.565278754238679,1.179340754235538,0.5747836464379776
2025-07-30 04:00:00,14.06993421434203,65.68441517696583,64.21848739495799,28.14531154843364,907.4639590922504,74.00803860468135,53.433670813734345,61.78542183084845,14.482411240525614,65.65403150793234,64.21848739495799,28.1826412120678,897.1876455052246,71.93347969500671,54.04280345064527,60.83389669576509,1.148671606813061,0.5687031618067085,1.1756337252180538,0.5729344672621065
2025-07-30 04:15:00,13.954469995891802,65.6039213630945,64.21848739495799,28.193265016150843,904.358541535431,70.20018283941691,53.87897084257143,61.681493161288,14.395459132196718,65.64219946374301,64.21848739495799,28.193509755106096,897.817492422287,71.90119769273697,54.04874117805145,60.83572178993033,1.1530844225992791,0.5691310758769743,1.1720813487295254,0.5711994791432211
2025-07-30 04:30:00,13.4344364653438,65.53120437089821,64.21848739495799,28.191804418250705,904.7473867928528,73.11532632921016,53.81280625222557,61.297807340599135,14.29478064850373,65.63221842700317,64.21848739495799,28.206093567072575,898.3621743561765,71.86594545546879,54.06211568984706,60.834769577426606,1.1485847123619464,0.5673345800304497,1.1689342405258405,0.5694661091784466
2025-07-30 04:45:00,13.623628740271036,65.51535677788183,64.21848739495799,28.31106392408836,892.8493495560966,70.9199119866987,53.67012003571906,61.35825083252245,14.184917967381812,65.61392473181785,64.21848739495799,28.219489374407786,898.5335783343508,71.82541916047127,54.066679962327456,60.840626797026225,1.1665777670611823,0.5664806317267359,1.1655823475094047,0.5680836974483265
2025-07-30 05:00:00,14.597357000931051,65.40529884687996,64.21848739495799,28.34322550682129,896.7624032222906,71.78937111287563,53.496394661893454,59.18518889180857,14.074623279565994,65.59528760099974,64.21848739495799,28.22952010423285,898.9687197440732,71.77123710971865,54.08101662538372,60.93926269162319,1.1564249570412155,0.558396290117179,1.1618583938761309,0.5664974715186629
2025-07-30 05:15:00,15.201519450500466,65.37448714205604,64.21848739495799,28.26597690282248,897.7318372321547,71.34616525830094,53.455209700551286,59.247196718165455,13.956214466314993,65.57285423678793,64.21848739495799,28.242548427167094,899.2540301850142,71.75401429305926,54.095534184816046,60.95998906968137,1.1641066340809418,0.5656038646939283,1.1585836858475669,0.5647561321267921
2025-07-30 05:30:00,15.09151347076191,65.4541933123006,64.21848739495799,28.305078406622663,890.6628390119954,72.04230882338106,53.37831854095224,59.08061369580818,13.840245398558812,65.54900626753339,64.21848739495799,28.255039183104586,899.5310009819441,71.80444083923642,54.12335561652555,60.970387186839396,1.1591392943886878,0.563288299457271,1.1560324339194723,0.5630927435737988
2025-07-30 05:45:00,14.76757409559306,65.44034700239669,64.21848739495799,28.335817895737595,893.427736328637,71.44369583616007,53.66737541964775,59.307069843872654,13.718191556726067,65.52346614211373,64.21848739495799,28.265722245473604,899.9033669632706,71.82538482368423,54.137473234498465,60.97414321094788,1.1573733270720026,0.5615139640421959,1.1542017609644113,0.5613443745467247
2025-07-30 06:00:00,14.554628447991735,65.38977474602095,64.21848739495799,28.316145309753125,888.9486639893083,71.18802051324484,53.68772789874288,59.12978690900047,13.599369416806233,65.49790066367048,64.21848739495799,28.27666618135919,900.1877405202965,71.83042075212924,54.15954876233138,60.96528192264961,1.1568841222537347,0.564115001807773,1.152871791029621,0.5595416551491327
2025-07-30 06:15:00,14.26014863367054,65.32375946394738,64.21848739495799,28.297611439281926,891.54583449392,70.64237679931117,54.07991566202217,59.24329251320717,13.502215427756349,65.4714753882119,64.21848739495799,28.287451489879484,900.8655328475419,71.85345847810544,54.16606161735532,60.948750204178104,1.15095030722599,0.5610926977422093,1.1517963011224723,0.5578293530517372
2025-07-30 06:30:00,14.333717746072985,65.36955069722866,64.21848739495799,28.274947564441938,897.8781912931986,70.98237568394359,54.38763905629651,59.51196687206688,13.410481150193023,65.44511227316885,64.21848739495799,28.29620247270187,901.2747123399014,71.91052965397779,54.16401101097508,60.93359668548786,1.1415023453613036,0.5538983537749479,1.151152133300308,0.5563112853469274
2025-07-30 06:45:00,14.63859319033601,65.39103512207306,64.21848739495799,28.28804786213767,903.0566675075934,72.23350857183163,54.37000469233804,59.80099175037849,13.325696829070726,65.41466416115001,64.21848739495799,28.303078228263544,901.5218198601998,71.85767455164849,54.18262924740034,60.925778760803524,1.139857669117761,0.5597688394196136,1.1506747832573656,0.5547856197675494
2025-07-30 07:00:00,14.51371011202337,65.52160966605946,64.21848739495799,28.29158501586867,905.9747852152744,71.52111151811745,54.354603156916525,60.02653924220098,13.255839165946439,65.37738151874079,64.21848739495799,28.311355509018632,901.759597178015,71.90050638877022,54.19543447125004,60.930935181057585,1.1519639219968625,0.5561354409473707,1.1510982157144618,0.5533267679146638
2025-07-30 07:15:00,13.843051505111331,65.50356679555456,64.21848739495799,28.368102312620888,908.4594712072254,72.10305596589643,54.61075694966901,59.9497792325697,13.199588708944027,65.33698835118021,64.21848739495799,28.318346394804514,901.9448389818912,71.93607782673743,54.212744047385314,60.94151654970171,1.133053790174885,0.5484628126319954,1.1516276966115961,0.5522188096346066
2025-07-30 07:30:00,13.494319441546216,65.60955715264967,64.21848739495799,28.365939179122723,910.7493723703592,72.07973453106135,54.61851567673046,59.91132512884028,13.13192962390351,65.29999764155419,64.21848739495799,28.325875577008144,902.1265042712653,71.94736744017221,54.2317288353972,60.94876152913519,1.1266196520921443,0.546033243231121,1.1518316823224235,0.5511347107908279
2025-07-30 07:45:00,12.800155770601366,65.54284837990922,64.21848739495799,28.395623413128572,909.4236298859288,71.90650988559298,54.48240180200317,59.90512745354931,13.07155003497129,65.26545975654514,64.21848739495799,28.33458485371199,902.5144553843805,71.95942923208928,54.25319903753861,60.958364046452076,1.1289203582172984,0.5441471659236241,1.1520929419007002,0.5502878542519386
2025-07-30 08:00:00,12.59547585820995,65.46524059580862,64.21848739495799,28.410874830928407,906.0917355590204,71.32529208701638,54.51384188921992,59.81658867167484,13.01850374000436,65.23659431425143,64.21848739495799,28.342916619053344,902.6286214519638,71.91950489004039,54.283271550916275,60.969077023266685,1.1354185809827566,0.5435251539565397,1.1524796658411054,0.5494788113078055
2025-07-30 08:15:00,12.526504529169737,65.2934129821777,64.21848739495799,28.399860122117044,899.2622445899937,70.66710410285842,53.97860274968915,60.127949057500246,12.968072889424638,65.20937656737185,64.21848739495799,28.34909665142625,903.001477787693,72.0065765261574,54.2972213127493,60.991558532906204,1.1353946078077446,0.5443375797434432,1.1523733608820073,0.5486670149854713
2025-07-30 08:30:00,12.453668405370896,65.30819612870195,64.21848739495799,28.34425593486069,903.8696342431904,71.95037182779888,54.40491928515303,62.76062080240156,12.925132533276413,65.18276925499336,64.21848739495799,28.35670332744879,903.2668227875799,71.99731869136687,54.308204595990595,60.9473498309395,1.1276541662803976,0.5398890663889165,1.1529429482999736,0.5476081520889675
2025-07-30 08:45:00,12.079290037385874,65.28396806585678,64.21848739495799,28.376363025408445,904.6515168912852,72.81419833711793,54.55830726322336,62.89395291506316,12.870352461950477,65.15592826775205,64.21848739495799,28.360314525537294,903.7891002943924,72.08460795695639,54.33012067262089,60.90767177866373,1.138362770891558,0.5380061773500566,1.1529341812751395,0.5467256407904515
2025-07-30 09:00:00,11.566204270559457,65.2088480901903,64.21848739495799,28.409479267501226,905.2402982290494,73.09162220376147,54.90566257417002,62.84336445361006,12.788894071018186,65.12610764939254,64.21848739495799,28.36190072068354,904.3708014101773,72.15584985782128,54.351651457472634,60.93966755589475,1.1413556162032816,0.5423545939608541,1.1533651562707128,0.5462869012572398
2025-07-30 09:15:00,11.066101391092603,65.05478948146387,64.21848739495799,28.351327388685775,904.1811230271963,72.68395464523302,54.56171644597615,62.62735552913414,12.699245782555158,65.09865713564727,64.21848739495799,28.36386524640998,905.0568029552493,72.21081913595675,54.378844090159,60.96649103890668,1.142638925443406,0.5404257635447516,1.1533398997299764,0.5455111703107635
2025-07-30 09:30:00,11.080182990295224,65.01721653253757,64.21848739495799,28.36398974284385,905.0498356055748,71.57562885077914,54.811545604891286,62.203545686464814,12.615175660403496,65.06942871077845,64.21848739495799,28.36446177237097,906.0626010175317,72.23344939042917,54.40082026778352,60.99160657405587,1.1456199066509918,0.5402206339233248,1.153856118666229,0.545017748729777
2025-07-30 09:45:00,11.551736593649457,64.9794794514247,64.21848739495799,28.381900711185796,909.288786096291,72.31488328268671,54.55088303861608,62.08457387036728,12.518777720907535,65.0374336324852,64.21848739495799,28.362960668979536,906.8874667639451,72.3051377340623,54.41578439696566,61.01841837035522,1.1595224296820188,0.53777413945743,1.154481205932172,0.5447713182312037
2025-07-30 10:00:00,11.636340231073897,64.92214324119179,64.21848739495799,28.35949754033619,902.9261548429424,73.72133336245989,54.4075824640518,62.07883652709482,12.410357085043044,65.00526488794753,64.21848739495799,28.361303720263145,907.9877848656885,72.36632888337896,54.42416276190643,61.03986558977526,1.1682654336763216,0.5370130645612166,1.1549932795801274,0.5444420005911146
2025-07-30 10:15:00,11.708790637118469,64.80449153762903,64.21848739495799,28.386875520072422,901.1684941447425,72.51475408779324,54.686832022066426,62.00994218462719,12.28717914891131,64.97487569399665,64.21848739495799,28.359260212871938,908.9180739368632,72.45030425307318,54.43523225419604,61.063610705185376,1.171868748428686,0.535543585000915,1.1561699733733057,0.5441286831835765
2025-07-30 10:30:00,11.4344155806248,64.70424737222964,64.21848739495799,28.3973436081196,900.651220426955,71.98964372571687,54.68813879611306,62.12665436778418,12.159362097932949,64.9416335326747,64.21848739495799,28.359201303363495,909.7345761767385,72.51822639776495,54.436944960284436,61.07990770401213,1.1866192308823074,0.5345634314636285,1.1572224088946295,0.5441931076356379
2025-07-30 10:45:00,11.573961215514458,64.71261404644991,64.21848739495799,28.364202540076104,905.173719675618,72.51825067650024,54.87223220926943,62.23932369064929,12.033993374434093,64.9091452187462,64.21848739495799,28.359093933124292,910.3016112232322,72.5435494859041,54.44123959028486,61.09186593002246,1.1787412800723478,0.5425096272197186,1.158476175120676,0.5440901250033515
2025-07-30 11:00:00,11.556765229854248,64.78200340674515,64.21848739495799,28.40276698541366,908.3641823277694,72.07273317913126,54.76373050682012,62.308801714733306,11.913668255314327,64.87325233150467,64.21848739495799,28.360206728355976,910.6068572427282,72.56133419742876,54.43188389939863,61.093357223367825,1.1758421998583215,0.5384943296852646,1.1593865720368581,0.5441760851614929
2025-07-30 11:15:00,12.1383057982309,64.7662157480306,64.21848739495799,28.399262678527474,915.4740471372731,72.02141233410079,54.50754511488458,62.20756050573109,11.79438929026174,64.84359870771037,64.21848739495799,28.358846635343436,911.0206828116958,72.57415420026496,54.41204422573135,61.097822664749096,1.171769472302565,0.5398730580719975,1.161285374161626,0.5446409216437739
2025-07-30 11:30:00,12.478545365334195,64.81845190815449,64.21848739495799,28.395264508674188,910.8889411197458,72.81030834321486,54.33584621506421,62.10681113528676,11.674335243334243,64.81138126898361,64.21848739495799,28.357150425981377,911.3744301034258,72.59729386229428,54.40114101390392,61.10490348819023,1.1602733250252175,0.5444318734827188,1.1639554879038003,0.5453430914671168
2025-07-30 11:45:00,12.441544478500123,64.7873889567068,64.21848739495799,28.37866598733808,915.544231607308,72.81233192292687,54.29746369756218,62.35593845047367,11.574464392162707,64.78361117833707,64.21848739495799,28.351370468478635,911.9843679553135,72.66818231376382,54.39844671924213,61.120122659129734,1.149895273826346,0.5447771862069494,1.167043203011261,0.5461781768705355
2025-07-30 12:00:00,12.146225780896993,64.7329849995437,64.21848739495799,28.420004698926963,912.7077367894594,72.83759128549465,54.14230474946457,59.97154628159781,11.488529551294022,64.75624018064097,64.21848739495799,28.348176184381316,912.5864038830016,72.75360179530225,54.39144426662059,61.15373327364091,1.16567233490093,0.5355686931353355,1.170263731398279,0.5472662724670703
2025-07-30 12:15:00,11.98022660049296,64.71012716064263,64.21848739495799,28.419399866743383,908.5176747604728,73.538589954384,54.32760233462788,60.16790926424967,11.410340160682136,64.7299313487057,64.21848739495799,28.343770209811872,913.385990577012,72.81917173909122,54.41727994917473,61.25974097726249,1.1663147563161615,0.5400052927712514,1.1736098782462951,0.5485878937974655
2025-07-30 12:30:00,12.153605272962368,64.51068029609476,64.21848739495799,28.39081136120869,914.2134366958336,73.92662813882201,54.14231820744575,60.145062208739056,11.350015782124764,64.70570496150667,64.21848739495799,28.34340126365465,914.1897998877624,72.85290158083154,54.42879037485364,61.2806994590094,1.1693542069084115,0.545234104120831,1.177479988196537,0.5501890795683079
2025-07-30 12:45:00,12.512070796609605,64.55097172969779,64.21848739495799,28.32491267461562,918.3118835843188,72.99524360236492,54.27098868114228,60.05190120852328,11.295642245868809,64.69079584409661,64.21848739495799,28.34030654700634,914.854029214675,72.80344700304735,54.4345512916115,61.280027879117036,1.163348937858857,0.5423319362996373,1.180877852091058,0.551693955167616
2025-07-30 13:00:00,12.569409806212024,64.57734056623605,64.21848739495799,28.322974185452303,920.8367808804684,72.72121645755396,54.03760386968799,59.83407975028403,11.26015859446804,64.68078982339235,64.21848739495799,28.335135426915944,915.2444003922077,72.80020853145523,54.42776478388468,61.28447888893788,1.1746258624762578,0.5484856520276817,1.1841685122655257,0.5529850239855695
2025-07-30 13:15:00,11.875635910714296,64.48049465359948,64.21848739495799,28.29078479399468,918.1737087210364,73.59434614515396,54.11629929511175,60.11142373285306,11.248477674732577,64.67519025533713,64.21848739495799,28.333204980610397,915.7921504702937,72.79701264804399,54.4352672125103,61.288928866080155,1.1761259450502943,0.5541210490849945,1.1872233075364782,0.5543156665739655
2025-07-30 13:30:00,11.302009372056986,64.4247124098906,64.21848739495799,28.26643684826133,921.958207041611,73.02375499274459,53.939078846966005,59.77320349160166,11.256346346115837,64.67286299905354,64.21848739495799,28.333102093297686,916.3661954955245,72.88448441977845,54.42551385170609,61.30597339738482,1.1722463316923968,0.5542354726050994,1.190426707659112,0.5557097641603564
2025-07-30 13:45:00,10.564810549718496,64.41208364542072,64.21848739495799,28.236306217545756,919.4545066291582,73.1616378901382,54.412000430710336,59.95564597551049,11.268387529147414,64.67314441590342,64.21848739495799,28.33096853556107,916.7166844154516,72.9134628603575,54.43076677800361,61.32504656113135,1.1862511210213431,0.5516931755160684,1.1930578354541617,0.5572404573809262
2025-07-30 14:00:00,10.499206216722152,64.3722858575704,64.21848739495799,28.273180279188644,922.3732584894608,73.02004002469633,54.43902023894862,60.00087683686952,11.29538251632906,64.67825811885025,64.21848739495799,28.32966316574499,916.9342027043957,72.91977153390856,54.44047310157104,61.33794313724466,1.1730754110010155,0.5558310873367879,1.1953931833834366,0.5588574050927482
2025-07-30 14:15:00,10.877531485370373,64.41638570421793,64.21848739495799,28.284826754961525,920.0677189024024,72.99320121600607,54.49884359235054,60.15973853068837,11.327630486706834,64.68698354667268,64.21848739495799,28.325930663705602,917.1586156983637,72.902918306491,54.44602681283381,61.355612668001164,1.177470655899158,0.5566793604510195,1.197590350225275,0.5606461033707348
2025-07-30 14:30:00,10.903956538430371,64.44482304881382,64.21848739495799,28.32496887281926,915.132165800156,72.05465286385765,54.07393243032959,60.07127804256229,11.356776424576857,64.70156886098708,64.21848739495799,28.320931685162844,917.7351047722184,72.85083067532878,54.45162126471,61.37100346900416,1.179275829482329,0.5587142456916162,1.1993261796682864,0.5623168126320297
2025-07-30 14:45:00,10.264682553533698,64.61395808172546,64.21848739495799,28.327299522244765,920.8742382762554,72.48765605098238,54.01556673965083,60.083742474007735,11.389758478052045,64.71791339719324,64.21848739495799,28.317370495508438,918.1374042007876,72.8844205520834,54.44439610595544,61.38765933898419,1.1900178539179216,0.5624079071004201,1.2017259987907531,0.5637776921556655
2025-07-30 15:00:00,9.892698033721322,64.6430339908468,64.21848739495799,28.315052898260863,921.3617911222564,72.77392439194061,54.29141932190724,60.12374983207435,11.436790347727197,64.73616365598662,64.21848739495799,28.312747410531337,918.3487077005346,72.97165729738914,54.43619944775209,61.40877726010381,1.206723064357376,0.5670983379314088,1.2047343698641133,0.5652385007888046
2025-07-30 15:15:00,9.804030235455294,64.7097456605131,64.21848739495799,28.222224688046214,927.7217654425576,74.03316342967952,54.40157296214994,60.36170258173424,11.47975844657268,64.75552254882464,64.21848739495799,28.30928384344268,918.4134444508447,73.02869203747724,54.436805689439346,61.43478534682528,1.2215518114411097,0.5691997280261875,1.2079058354277998,0.566613151796786
2025-07-30 15:30:00,10.017430632149384,64.64411066492536,64.21848739495799,28.315046308008988,924.1528133896657,73.88787653316895,54.30376831057337,60.82490710701019,11.511857022528057,64.77333572914118,64.21848739495799,28.30601410458635,918.747742719552,73.04891598105631,54.41721447909962,61.462520845140034,1.2320344325932986,0.5761680218525816,1.2113569480930357,0.5677944239945112
2025-07-30 15:45:00,10.180822810813185,64.50414802411979,64.21848739495799,28.267680885033798,923.2498454103032,72.63420241652753,54.75367322631329,63.30818016614754,11.54369085997309,64.79292551036163,64.21848739495799,28.301883535906697,919.1366684346375,73.06016844669041,54.38829851366908,61.39531441264263,1.2357790132482276,0.5839862196553008,1.215589825540914,0.5691062233345006
2025-07-30 16:00:00,10.643937048649732,64.5814045127309,64.21848739495799,28.333187550143823,927.9839135657044,72.96226708000874,54.75023205552044,63.389375254808776,11.577712252669322,64.81436135157426,64.21848739495799,28.29593405985775,919.3970792466407,73.04423175945453,54.356655221810975,61.40799847062137,1.2437574647876486,0.587924639514189,1.2190912426159508,0.5706414463346202
2025-07-30 16:15:00,10.44808394970719,64.83669454355537,64.21848739495799,28.28352152595932,924.5783966986664,71.3305610035924,54.73113476595928,62.87380551829237,11.6088990283258,64.83289511341549,64.21848739495799,28.289577793901785,919.7478593610556,73.02461518940014,54.317310314209855,61.41450944200893,1.2402986877271895,0.5831524453292982,1.2225116498321917,0.5719832273168932
2025-07-30 16:30:00,10.50169472853641,64.9086674690621,64.21848739495799,28.254345664789245,916.9514335550252,72.99446805599749,54.70206734236558,62.97689474823551,11.629181105583967,64.86113091157591,64.21848739495799,28.283306486162473,919.7552006198638,72.96897039987,54.30337996009601,61.427040904578874,1.2400754214373144,0.5810866584994607,1.2254006408432188,0.573252601631012
2025-07-30 16:45:00,10.715673799028712,64.88680243980761,64.21848739495799,28.29341399951932,920.6136253697766,72.58807814289571,54.78678930474442,62.76085484340239,11.64915172149133,64.88777494692268,64.21848739495799,28.277182547449545,919.7542715414354,72.96334114855286,54.28527516496995,61.44021125452259,1.2342827835719803,0.5803450411966322,1.2284904796377234,0.5744976872154068
2025-07-30 17:00:00,11.316243131793028,64.94739884402954,64.21848739495799,28.360903123462645,922.2711863625012,74.19978200281345,54.5189447807652,62.71488162560454,11.664538812519726,64.91215298150789,64.21848739495799,28.270318025416625,919.8386240812374,73.0065178097513,54.27800086544455,61.45863598602553,1.2417219103300097,0.5820435615150533,1.2312293240732652,0.5755739876985838
2025-07-30 17:15:00,11.91297208459679,64.98792195692126,64.21848739495799,28.317893979087295,919.8034536941042,73.18423650005796,54.70847082754148,62.65676878276339,11.697045127089007,64.94038070528661,64.21848739495799,28.26510267414915,920.0125703181656,72.96380352946814,54.25060957794714,61.46220705905812,1.238456263533504,0.5836949360745214,1.2338150924947475,0.5763616628648681
2025-07-30 17:30:00,12.44618984652323,65.07555432959673,64.21848739495799,28.320336445853734,909.4517035112664,73.91059356899163,54.69877217107482,62.4657338104939,11.73124908861873,64.97044496294754,64.21848739495799,28.25810080564177,920.0398402545883,72.94150698485471,54.23174854302045,61.475870031292885,1.2383258715545653,0.585521495915875,1.236500373056307,0.5773384939527825
2025-07-30 17:45:00,12.676229748451746,65.06625437230196,64.21848739495799,28.27490045889078,907.9008839637852,72.00915726526635,54.85344335994946,62.540028107322335,11.781314499568541,65.0033396129522,64.21848739495799,28.250192336519042,920.312668434935,72.8927361269128,54.19955387476751,61.480215962411194,1.2377837536838376,0.5892045333405175,1.238741382829548,0.578579968589214
2025-07-30 18:00:00,12.30879371672545,65.1418068016616,64.21848739495799,28.247374251836845,917.9458926425938,70.42701479085008,54.85597235239893,62.58837839787428,11.848284017412844,65.03591376076376,64.21848739495799,28.240210013466815,920.3783843429165,72.84505008456907,54.16145008408499,61.48689039962699,1.2386941141726553,0.5846847093024707,1.241753558145845,0.5797031268729493
2025-07-30 18:15:00,12.563422819770077,65.2029501326349,64.21848739495799,28.257366850443983,917.2427025326906,73.52594697913902,54.65547744663256,62.738999790049895,11.919875956536037,65.06834298470822,64.21848739495799,28.229491646916692,920.6352951554398,72.77633284372513,54.13791087569291,61.489323197916704,1.25073585374635,0.5863360129287918,1.244461473750806,0.5808522152247376
2025-07-30 18:30:00,12.967721320108751,65.3295111705464,64.21848739495799,28.26407443610052,914.7032873201864,74.68983553830384,54.51783076071952,62.94233934832209,12.000742219445726,65.09686425970798,64.21848739495799,28.216165870490375,921.0011781802715,72.72030117064601,54.11748437435253,61.494938922541714,1.2660933320591348,0.5823185886794395,1.2467455562119374,0.5819747419582427
2025-07-30 18:45:00,13.427348763595482,65.3469825331714,64.21848739495799,28.29535566586784,917.4161496465688,73.73245453674343,54.525732365502286,62.987803107375264,12.094488072970103,65.12271597751237,64.21848739495799,28.20093652302351,921.2046959410284,72.74795112148,54.099983484273544,61.50692690978728,1.2669134392131571,0.5811125883114419,1.2487906085458673,0.5831677050988212
2025-07-30 19:00:00,13.441502643995438,65.35284731765074,64.21848739495799,28.297172342984307,920.9178891809652,73.41702665058676,53.74810990487256,62.938876084729394,12.199622416795659,65.14900390747084,64.21848739495799,28.186071870241168,921.488937072791,72.76166845402935,54.08071042370655,61.51627042233426,1.2638067049822916,0.579870039414473,1.2496686400940087,0.5842565159756498
2025-07-30 19:15:00,13.396559601851168,65.37508239332008,64.21848739495799,28.254748926948484,927.212003059873,73.14990589195051,53.429984734646,60.33974547555135,12.319577898713128,65.1710414423264,64.21848739495799,28.17098057542513,921.4277282007657,72.70320989384277,54.036392444456915,61.508410293533096,1.2768815972626943,0.5841311664066315,1.2497557002318933,0.5851283427032656
2025-07-30 19:30:00,13.166867561783947,65.37606023592271,64.21848739495799,28.241520417458556,920.5200611495584,72.35949066841766,53.19300599372123,60.3520680209603,12.441644313872944,65.19568594447495,64.21848739495799,28.15160265871087,921.64991514639,72.67095449996039,54.00478511942611,61.56633190441833,1.270714847152042,0.5816253831389251,1.2492952557297312,0.5856522400006363
2025-07-30 19:45:00,12.915829870187284,65.26614001587922,64.21848739495799,28.228711888064307,919.041078192917,72.95009285275258,53.14725510659429,60.3632384058763,12.58164457385999,65.22475104223987,64.21848739495799,28.133388546457798,922.0861427383869,72.64621926115814,53.951456725399744,61.54704531259348,1.2689269728033823,0.5802587222394429,1.2488010962567226,0.5858181596072594
2025-07-30 20:00:00,12.762067590707408,65.35775424090757,64.21848739495799,28.20267212902949,914.4336744600791,72.25728445291803,53.72440758403039,60.52100608583736,12.721233044756083,65.24991000228707,64.21848739495799,28.11304438529296,922.184262444194,72.6130783205062,53.89630230595499,61.51793494052695,1.2560239372392217,0.5833153335443922,1.2475684761729844,0.5858892080365762
2025-07-30 20:15:00,13.11118927383048,65.35029279010074,64.21848739495799,28.141194513227703,918.284011231472,72.82636606285047,53.72784482736089,60.447011706834665,12.864644071122028,65.26442084725775,64.21848739495799,28.093687696465647,922.5024913095784,72.62932407787322,53.84205755950572,61.50596519072314,1.256044101693994,0.5796845038314812,1.2460191424434115,0.5861116951034725
2025-07-30 20:30:00,13.03102253706391,65.30868160379224,64.21848739495799,28.11703852446485,923.367357074527,74.01651629350698,53.81937488392536,60.38682169537212,13.013686591965483,65.2717528558931,64.21848739495799,28.075236962602116,923.1043905692691,72.54736154385942,53.788397822182176,61.49793187463528,1.256791195542516,0.5807746665229921,1.2442391384706617,0.5862765341775898
2025-07-30 20:45:00,12.850825347792702,65.32732636696136,64.21848739495799,28.134324255970284,923.3920958288768,72.31291773665905,53.29456067018971,60.21855592383105,13.161926299238527,65.27936404492705,64.21848739495799,28.056315824316624,923.5905391107775,72.51501511908057,53.735346226344895,61.48972482693935,1.2536989976947637,0.5777513040735248,1.2424095663124215,0.5864611126946042
2025-07-30 21:00:00,12.328128217948656,65.32664013971831,64.21848739495799,28.056380793039928,922.7763051342936,72.35485865434224,53.37324779916526,60.18309265864471,13.310124077012501,65.28943226152852,64.21848739495799,28.03574505047344,923.6319425622642,72.46926504846597,53.68535900957426,61.48402962998962,1.252804748539181,0.5835404052425293,1.24017931211872,0.5865690787267048
2025-07-30 21:15:00,12.066772878212875,65.39892314556101,64.21848739495799,27.99905214386388,927.6393520395592,71.69851215188068,53.44616038312218,60.08602390905957,13.442231202647422,65.2948801465078,64.21848739495799,28.016870280689194,924.0442494553138,72.45709941521676,53.64420341582669,61.47898116373747,1.253481414218566,0.5889374146090154,1.2379302502480902,0.5867681004933362
2025-07-30 21:30:00,12.508291752051203,65.3495102919171,64.21848739495799,27.97371058762197,924.3447357289056,71.58945875438407,53.29590651847293,60.20110995334348,13.552522896165874,65.29921389211746,64.21848739495799,27.997639548718112,925.0823405518154,72.35761252238687,53.59964883617535,61.48471424553183,1.2634406704899266,0.5895258358488461,1.2354790765223211,0.5867225706514788
2025-07-30 21:45:00,13.025289659066155,65.3892624225517,64.21848739495799,27.96327575845784,927.7750432781028,70.9316839906879,53.79266734058815,60.2327224793797,13.640062652677717,65.30154103764441,64.21848739495799,27.980247724737232,926.136767624681,72.3939016962645,53.545995423010986,61.48743818041065,1.2587081240479845,0.5911520110046707,1.2329585660093731,0.58651606377367
2025-07-30 22:00:00,13.329944425721113,65.30046129880634,64.21848739495799,27.9251955800296,926.1086565451096,70.37370267148387,53.46113739011821,60.23974978131261,13.722332473221735,65.29841636390759,64.21848739495799,27.9634938013056,926.8680180510667,72.4336882810648,53.491319210020855,61.48499692793218,1.2477983033162772,0.5923900476967674,1.2303314607435643,0.5865426803289018
2025-07-30 22:15:00,13.077058159264991,65.38950961585729,64.21848739495799,27.87041909823883,926.979771098958,73.31715457600244,53.49054003728117,60.443382091374936,13.78930619753067,65.29486633280715,64.21848739495799,27.945434003708847,927.314145145615,72.37418358592844,53.432832614543194,61.47667342166226,1.2513694239358175,0.5981968013177754,1.2274387931101332,0.5865013014989953
2025-07-30 22:30:00,13.046728348488005,65.43167188960082,64.21848739495799,27.869113314790653,929.8890250751408,73.18544436842089,53.71322750489752,60.40405520848336,13.847346353417132,65.28550260521654,64.21848739495799,27.927234266993356,927.7648203638731,72.27810280103462,53.37311476294329,61.46352912801854,1.233064010801623,0.5997626642362653,1.2239928232385249,0.586406374818001
2025-07-30 22:45:00,13.402694692979358,65.37087170618008,64.21848739495799,27.76948584356519,925.8854992817955,72.27940662408257,53.072033584660886,60.12589871769947,13.893225387165167,65.27711290674195,64.21848739495799,27.908353601205917,928.2471725282583,72.22423932260179,53.306371413277816,61.43840671020505,1.2241636155776436,0.5953545298546603,1.220052894175575,0.586301023420351
2025-07-30 23:00:00,13.6794230869438,65.38344572938149,64.21848739495799,27.733708806581145,930.8184217583932,72.92021471669736,53.355548559649385,62.56255543356707,13.945857625137624,65.26421083512581,64.21848739495799,27.88795675651281,928.6816911265745,72.13920231693422,53.26065010902085,61.32354355268844,1.2182210975284389,0.5918849407737073,1.2162898238145103,0.5862955579605894
2025-07-30 23:15:00,14.380830610424573,65.37610095706748,64.21848739495799,27.72125751744149,936.336673170214,71.89214525245991,53.15382140552206,62.72958241140232,13.98737793021104,65.24787703117651,64.21848739495799,27.868461733636494,928.5790234428966,72.11630942444182,53.22001143933703,61.285045471343786,1.2209542290579694,0.5889638078539879,1.2119239417936496,0.5858541072466381
2025-07-30 23:30:00,14.831591175532546,65.33617331414672,64.21848739495799,27.722862715198755,930.9275047399148,71.96803886045062,53.09559947217791,62.51606409281286,14.02421135635745,65.22973219131923,64.21848739495799,27.848895580043976,928.709766148985,72.10278810145613,53.20559937829277,61.24362429007588,1.2067788622755045,0.5900560923936963,1.207567366780773,0.5855699422158664
2025-07-30 23:45:00,14.750414740685528,65.27201989267635,64.21848739495799,27.702820861139998,934.1252626601992,71.8179337246032,53.10379237248106,62.51471302417789,14.054740940531467,65.2103422678388,64.21848739495799,27.832530618634248,929.0018335347319,72.0805461583011,53.19733014557326,61.20174039006166,1.193818675839999,0.5898270573361887,1.2032502889690067,0.5851203260427418
2025-07-31 00:00:00,14.972970353840031,65.12862772812203,64.21848739495799,27.700823648883315,935.0084113457442,70.53559203558365,53.09227522265942,62.735895265599744,14.093229779947688,65.1885600634263,64.21848739495799,27.815838577828956,929.6252290399933,72.07525821666255,53.16606475852981,61.159809976568674,1.18667530225482,0.5860318307229829,1.1990271157137529,0.584436714902138
2025-07-31 00:15:00,15.162865017220058,65.11513811082655,64.21848739495799,27.72577985095448,935.1980816150324,71.61768539952999,53.19524142962598,62.51464341252461,14.12601728384554,65.16957241086611,64.21848739495799,27.802781671824004,930.1196197442315,72.03630706936808,53.121202092868444,61.120339560232956,1.179395618824778,0.5858823967070577,1.1947414625692538,0.5838780163929314
2025-07-31 00:30:00,15.762176465012276,65.24944534207333,64.21848739495799,27.74377990816715,923.513289907098,72.8272798843753,53.01932827764615,62.54402571711262,14.159003577653575,65.149569142954,64.21848739495799,27.790838010656675,930.567381733456,71.95934465052005,53.063662614300036,61.08030625071636,1.1748142845189578,0.5852825424780731,1.1905560473874632,0.5834102403050934
2025-07-31 00:45:00,15.87618585364438,65.15135850629989,64.21848739495799,27.75165088555978,932.1726604855942,72.81926750258152,53.47380301511424,62.50531479519889,14.196413500956897,65.12963915522765,64.21848739495799,27.778487318718227,930.9801777568032,71.90712729959047,53.0189789496731,61.043601936167526,1.1709844074146127,0.589665589073463,1.1865535889183454,0.5829807637604534
2025-07-31 01:00:00,15.754940652076794,65.20556669788625,64.21848739495799,27.74341448672136,940.5944364063156,70.92598678409513,53.362134781534806,62.63772626432476,14.25301181491087,65.10710922013632,64.21848739495799,27.770230469244947,931.3349513959644,71.85376936555473,52.97260145218794,61.01337609499133,1.1647906597815,0.5841556006601532,1.1825832660782012,0.582322085021126
2025-07-31 01:15:00,15.302422443807062,65.13606873811042,64.21848739495799,27.75314573946443,939.5336961497524,73.09783248159547,53.24384096501864,62.62174615368672,14.320823504925961,65.07758531019675,64.21848739495799,27.76341134028932,931.4410391239328,71.85622355293864,52.9206430451291,60.990220894987075,1.1621684382953952,0.583009327006252,1.1784315994359982,0.5812001946653962
2025-07-31 01:30:00,14.776888333045994,65.04806658955702,64.21848739495799,27.74475654888777,939.883405434158,71.62061233485876,53.21568596269476,62.51514082352022,14.373886011836554,65.0457146372412,64.21848739495799,27.75916919966388,931.6975974143238,71.87332677617054,52.86165463379235,60.96354168068943,1.15988095619838,0.5854832059594248,1.1740067345755005,0.5800508989281141
2025-07-31 01:45:00,14.57263454903822,65.09644919962163,64.21848739495799,27.715572922541448,930.6265153691452,71.74080612504797,52.90087958230296,62.48929460195247,14.429374862273617,65.01037898953469,64.21848739495799,27.7570527950138,931.7469284548749,71.92787498898541,52.7797315840098,60.93634846386504,1.1639558247434258,0.5850946480315989,1.1696432552979117,0.5788513036775741
2025-07-31 02:00:00,14.70892599670251,65.04859934282814,64.21848739495799,27.718082334635906,928.223543867928,71.80741199148939,52.72629521272237,62.5480105390105,14.484705160773734,64.97607721059617,64.21848739495799,27.758372184828694,931.8721409998739,71.97336233989046,52.71075820548821,60.90820655299445,1.162714235910882,0.5794707882496103,1.1652903112260797,0.5776232440167581
2025-07-31 02:15:00,14.803719776036548,65.09529157893395,64.21848739495799,27.7289356922446,931.8867145781276,72.11655018375882,52.52343187553805,62.23413057297048,14.555134967251897,64.94255029201048,64.21848739495799,27.76055848638731,932.1544312254211,71.95393652600453,52.63823719560582,60.861329245066756,1.1487155673246705,0.5779520463819406,1.161188396038421,0.5760936634449331
2025-07-31 02:30:00,15.02046978316918,64.96578516916634,64.21848739495799,27.68526700219105,933.953447130452,70.8659164805598,52.37647077716355,59.4929813592311,14.610836791150467,64.90727967734334,64.21848739495799,27.763613662020582,932.3034350777648,71.93975269467903,52.57443108124182,60.90365922306343,1.1509145941503378,0.5797060756216248,1.1577853794754904,0.5744503784546086
2025-07-31 02:45:00,14.64216875405362,64.88506827484113,64.21848739495799,27.66989824065909,924.1319725495364,72.46311911717797,52.21082464413135,59.18480303521159,14.649728450171471,64.87444981337174,64.21848739495799,27.77190609107875,932.7718986711841,71.95062073228911,52.532580671529935,60.964678073701045,1.1459051366368809,0.5708876449880946,1.154559214232877,0.5730395715119999
2025-07-31 03:00:00,14.27187034617619,64.83171504020441,64.21848739495799,27.654535809682983,924.4423423322072,71.9538509788476,52.76064416239328,59.109432582923176,14.686885239606163,64.83926975732533,64.21848739495799,27.781578463042123,932.8743459667883,71.92691868003361,52.48519696398133,60.950852230048845,1.1400175967657389,0.5731004322157747,1.1512603301179594,0.5718220090099565
2025-07-31 03:15:00,13.831717395407786,64.6844423114662,64.21848739495799,27.73776304577253,927.803099765321,72.28283455810131,52.899178125009406,59.10672140544966,14.703137008869202,64.80278137755973,64.21848739495799,27.7926467866122,932.8082988008249,71.95260383909202,52.44803866527442,60.920864440794176,1.139414638450395,0.5667702370457008,1.148099088549092,0.5707728405848979
2025-07-31 03:30:00,13.916732773194129,64.70428810853227,64.21848739495799,27.701910904870594,933.1355396179262,72.09864620376139,52.78644597272656,59.263093681047856,14.698996446700871,64.76292471868584,64.21848739495799,27.80361074671373,932.7435639922181,71.91665144081506,52.410668304353834,60.897050538871014,1.1293287395815996,0.5628069993262809,1.1458810494798777,0.5697562403415548
2025-07-31 03:45:00,14.09481439076604,64.78066321329544,64.21848739495799,27.749487333079205,933.115732358616,71.65783164401635,52.38196485751993,59.26289921676296,14.673775601034155,64.72013109188464,64.21848739495799,27.815490533715714,932.4349656428548,71.88715419484355,52.365925758445734,60.872868801757775,1.127474507359025,0.5629235485552806,1.1440277699788157,0.568559552092978
2025-07-31 04:00:00,14.020611351304924,64.70858356642867,64.21848739495799,27.758728689445025,936.8002167512652,71.70764372806644,52.09319052687334,59.18582240987452,14.611733170559349,64.6789572321025,64.21848739495799,27.82746593944678,932.3505621764416,71.91750314097862,52.316701166947844,60.83439472504939,1.1312287400888044,0.5667413838878502,1.1425239086480077,0.5674980528612311
2025-07-31 04:15:00,13.973123046892336,64.72942673517129,64.21848739495799,27.76380349781687,935.7759765292922,70.7463972087719,51.95405073138164,59.11742648736582,14.523392394007287,64.63901222613052,64.21848739495799,27.83814092905489,932.4085080469711,71.95477031322288,52.2726940438222,60.80684854380418,1.1336252436212282,0.5648670077343281,1.1412333764202207,0.5661548588963761
2025-07-31 04:30:00,14.026077636567887,64.65074208697821,64.21848739495799,27.808675308841515,933.4195143091266,70.75412063326968,51.98192287461017,59.276317423358776,14.412021321107643,64.5928167252972,64.21848739495799,27.847979712735313,932.7295586064519,71.9344348489734,52.23889925489198,60.7737741362963,1.133695063334855,0.5637800430627096,1.1395924488440738,0.5648504886817425
2025-07-31 04:45:00,14.101123578665632,64.51320584737397,64.21848739495799,27.794478275195026,930.8219838786124,71.77213777339783,51.88740817135708,59.39136790893207,14.30382084322971,64.54969927446668,64.21848739495799,27.860180926587816,932.501495082102,71.95215633114142,52.18461439623392,60.749107012751544,1.1289314149524696,0.5552807039371186,1.1382912654900776,0.5634919757517272
2025-07-31 05:00:00,14.10016695936894,64.39339010325052,64.21848739495799,27.846446368858796,932.0414844406369,72.10255545134116,51.52625417837049,59.40073352441424,14.204227822704153,64.50490631030954,64.21848739495799,27.87143890852478,932.0755890222086,72.03396827219284,52.13377017089139,60.72033240246443,1.130694724675005,0.5550469637303851,1.1371318273640172,0.5623330538928681
2025-07-31 05:15:00,14.689955172178086,64.32919299135635,64.21848739495799,27.899783618955283,929.2549744946352,72.56813037513392,51.33497584711164,59.41692597464783,14.100173927636604,64.46694175037993,64.21848739495799,27.881641572887155,931.5890438909529,71.99514752463661,52.09852754445702,60.700756368924154,1.1278037457203145,0.55516415348847,1.1361351091966936,0.5611529745556858
2025-07-31 05:30:00,14.989853380724607,64.27140793065115,64.21848739495799,27.96477727447651,929.865032895076,71.7383231986357,51.3919360344705,59.39549245519512,13.992324401078665,64.4326670829082,64.21848739495799,27.89508199067345,930.9096350879789,72.0401594313599,52.07419424244306,60.67990224414645,1.1172099811613136,0.5555482578722882,1.135152059986159,0.5599470077205162
2025-07-31 05:45:00,15.189952353609849,64.38370205828625,64.21848739495799,27.936008144997448,935.4484778653796,72.7343801594243,51.31490974080927,59.03706285354386,13.873499433246007,64.39646928086923,64.21848739495799,27.907952813015658,930.6373000261119,72.01224149912787,52.053776288434854,60.65780479091843,1.1283119683060605,0.5523093841630254,1.1339956653174015,0.5588469484477216
2025-07-31 06:00:00,14.717783065445149,64.37355344958665,64.21848739495799,27.9607685837887,934.3591406454448,72.75992942865608,51.79904407397753,61.67395454838355,13.746369114479082,64.361631322893,64.21848739495799,27.92169005349334,930.5481589273187,72.03393331084416,52.025404119237834,60.63818645625455,1.1309735139137054,0.5504641145265284,1.1335913481896644,0.5578508155990852
2025-07-31 06:15:00,14.569444463609452,64.38597578703207,64.21848739495799,28.018258715310235,939.9394070843792,72.60544775238483,51.81652129330463,61.956464236827976,13.63445091211644,64.32455423583977,64.21848739495799,27.93454990053753,930.3409261168944,72.0260561898951,51.99706984207192,60.54519736314797,1.1273786582992469,0.5530303215764016,1.1339317941699198,0.5570197305532819
2025-07-31 06:30:00,14.794126769984512,64.32804404798887,64.21848739495799,28.023879965482305,933.8918406265184,72.20915314903215,51.93403733319092,62.14778012400106,13.51475060270622,64.29178599516241,64.21848739495799,27.95005399710103,930.2079650762457,72.09124061649878,51.97387694548877,60.55297307922522,1.119254574080902,0.5553580657124046,1.1344493908583815,0.5562242705219026
2025-07-31 06:45:00,14.868383688315816,64.28144956409953,64.21848739495799,28.053307224543914,934.3552581913128,72.66270002421254,52.03907244431482,61.82994873376251,13.405113248070432,64.26428737184952,64.21848739495799,27.968305241565012,930.4692171386399,72.06322240946264,51.964215521145626,60.56854622895738,1.126116981991948,0.5574887551022298,1.1353727751840161,0.5556594772186961
2025-07-31 07:00:00,14.707374310482574,64.14047354793038,64.21848739495799,28.05178151824466,928.9854604817084,70.88946691214187,51.97448864456036,61.80164703511782,13.30445056541708,64.23589742562702,64.21848739495799,27.986952755593354,930.5874752121083,72.07370426598261,51.94202303712127,60.58456895063987,1.140237690199077,0.5595580850934045,1.1365590611007075,0.5550957482305273
2025-07-31 07:15:00,13.993789370684055,63.98821108864033,64.21848739495799,28.0592144711994,924.8673121793008,70.9330163454572,51.76151599523824,61.78926091078065,13.218151395096816,64.21097230328354,64.21848739495799,28.003080686096826,930.3842321731387,72.06881641330031,51.91082545275159,60.60123547947322,1.1382202908081436,0.5539264098788826,1.1376399243993667,0.5549593453860532
2025-07-31 07:30:00,13.111697439595863,63.8934119346581,64.21848739495799,28.06008582081531,932.4763073533476,71.44606041963642,51.615537477722526,61.58167296434858,13.143367064500099,64.1822606848898,64.21848739495799,28.020973739938743,930.2035814297858,72.0569895882557,51.87466986898423,60.60275780063852,1.1415594623305747,0.5541868537705759,1.139401987703556,0.554975263912663
2025-07-31 07:45:00,12.51264172065818,63.91678793166648,64.21848739495799,28.04602953919781,936.9364577309196,72.73570056685766,51.87502773585681,61.68825797516795,13.086655080210143,64.15292795590767,64.21848739495799,28.037569087587816,930.0478359517133,72.1061444676446,51.85806809835423,60.605642007726246,1.140679651991172,0.5455865777614087,1.1414184787206183,0.554927318673814
2025-07-31 08:00:00,12.421044278023013,63.863580317074096,64.21848739495799,28.038943418579866,933.1448066915216,72.21721595689068,52.00548460973961,61.55179349187645,13.034180137438367,64.12694330762729,64.21848739495799,28.05271679654961,929.7683882611236,72.13744390594928,51.85314297243012,60.60839261121224,1.125586457234554,0.5461514360390665,1.143788929045429,0.554490052712341
2025-07-31 08:15:00,12.630171517306332,63.85783498138381,64.21848739495799,28.117687301134907,925.3307547550976,73.35091196762261,51.84525725537242,61.765301088856006,12.972359207904857,64.10348417138644,64.21848739495799,28.067549433595374,929.4675325424489,72.19878806228233,51.85156149876009,60.6128421559019,1.1319489067947277,0.5489102011729987,1.1464155511440468,0.553962482250551
2025-07-31 08:30:00,12.76715003631012,63.86177777317256,64.21848739495799,28.081153944830227,927.817254609516,73.38034501563705,51.836808021258825,61.77448795571136,12.895206869764857,64.08537582632067,64.21848739495799,28.079407575038186,928.9370057352079,72.24682209556869,51.852981801033636,60.62381481613837,1.1300075159996832,0.5493879448943843,1.1490225401255467,0.5534808686920168
2025-07-31 08:45:00,12.180805591780535,63.99713194022221,64.21848739495799,28.059225670335707,924.9373422120748,71.93321005490873,52.18656217198753,62.0344651474783,12.806955834491342,64.07521234565678,64.21848739495799,28.089777385207185,928.4075907674799,72.3010387076345,51.85522184640961,60.643168335447655,1.132266893275687,0.5476069468907824,1.1520092929635395,0.5531416183524642
2025-07-31 09:00:00,11.541402536307915,64.01982656540501,64.21848739495799,28.14796908247652,919.5011413449406,72.97096953655783,52.48568690227607,61.889517080189215,12.725030351287621,64.06735300599931,64.21848739495799,28.09848868424829,928.047971877118,72.30794565164975,51.87416177613933,60.67109534514317,1.1303894798823475,0.549304200904333,1.1550828596129703,0.5529028587693748
2025-07-31 09:15:00,11.007885514058406,64.01051513845266,64.21848739495799,28.10169759280785,922.4564635131344,70.90326815808723,52.28834096205668,61.826371005112094,12.635879953940076,64.0583404236854,64.21848739495799,28.10751494927784,928.0414973199171,72.34489843666634,51.89824403714814,60.69494304052952,1.1292639846807038,0.5520928698477667,1.1583780404779878,0.5525524531289217
2025-07-31 09:30:00,10.89501643369478,64.00346060354134,64.21848739495799,28.130199548966186,925.5493109041342,72.45816634297763,51.87513013681182,61.95946049909404,12.541649024741819,64.05279261774453,64.21848739495799,28.11636146550089,928.1550497887149,72.32604513657384,51.91464440456858,60.7079392099566,1.150584722078758,0.5495868027905149,1.161968233980177,0.552412938941346
2025-07-31 09:45:00,11.446173705157248,63.98297896733694,64.21848739495799,28.114731103570307,925.6697302653968,71.88023655528721,51.67340356056066,59.44445777977298,12.434830885764429,64.04574068932634,64.21848739495799,28.125925620450143,928.1711947373877,72.32799480585787,51.943137081434884,60.81232691800975,1.1589289467323334,0.5530194950078421,1.1650152719640674,0.5524408072905685
2025-07-31 10:00:00,11.429460500862636,63.982737948845646,64.21848739495799,28.15038989909624,929.9646159109903,72.82144927867002,51.68068387966903,59.72625284154845,12.322468712789862,64.03831167976848,64.21848739495799,28.134695690152082,928.2225141137166,72.33729121046062,51.962264101792286,60.83109580362157,1.1664424948041854,0.5558422746802485,1.1682411272346613,0.5526722687133816
2025-07-31 10:15:00,11.35304811497993,64.0601095754541,64.21848739495799,28.21743557457836,931.969534421366,71.62257290609406,51.92098191383696,59.651997527176405,12.198876569979994,64.03426975280856,64.21848739495799,28.141031672678057,928.1609009562236,72.39259218561759,51.981536833160796,60.84456970333468,1.173606666405924,0.5539438458918954,1.1715795983889188,0.5528014574237701
2025-07-31 10:30:00,11.251989866575656,63.98001665352943,64.21848739495799,28.213961230533343,927.9900845362556,72.26830667444672,52.094869641662456,59.590114233398,12.064729988952847,64.03510015790849,64.21848739495799,28.149362038015177,928.1972191818843,72.45173432562497,52.00417447569649,60.85204929687042,1.1756061742664796,0.5561885625707125,1.175524431953128,0.5529730321604155
2025-07-31 10:45:00,11.242742285799917,63.93668864116172,64.21848739495799,28.22160096087667,921.7058085962348,72.13619897763212,51.9632505939191,59.6067172704502,11.933694185530713,64.03924209892735,64.21848739495799,28.1577234363612,928.2439377586545,72.45788753639948,52.0265225372531,60.8663819496384,1.171840537410174,0.5626781517114791,1.1793104365447569,0.5532164071288689
2025-07-31 11:00:00,11.673202855292558,63.8429395567201,64.21848739495799,28.238702520128047,927.7160173173409,71.74384145242335,51.70177845970563,59.30876331600678,11.807162514700492,64.04792348668227,64.21848739495799,28.165336271182568,928.6559965389962,72.54197714459188,52.06251070736659,60.89390991436689,1.1821906387072734,0.5632845551245754,1.182617677451359,0.553689711187363
2025-07-31 11:15:00,12.393454862067372,63.90068134383177,64.21848739495799,28.2473477625514,928.44336801644,73.13247802568318,51.88391173862016,59.34942542939495,11.702368896305082,64.0641213060145,64.21848739495799,28.171598890992826,929.2259583814022,72.64581043895552,52.11011018206052,60.92533531939664,1.1879692378709077,0.5614851913898091,1.1861602369089141,0.5544466239772486
2025-07-31 11:30:00,12.446363068151632,63.92904411801685,64.21848739495799,28.2131599582989,928.4167860335735,72.64662687720686,51.94543674915009,59.26834051445396,11.600501578055505,64.08542535087422,64.21848739495799,28.176245931039126,929.6409257313363,72.7165425797378,52.161450162740806,60.9681838015462,1.202342249833121,0.5536234050436619,1.1894657276333653,0.5552073139695674
2025-07-31 11:45:00,12.11849516088707,64.02565264794607,64.21848739495799,28.208782609189825,926.7503049690512,72.58672189876324,51.9066065212806,59.25091282805597,11.512365852909701,64.1031017915452,64.21848739495799,28.17993206547164,929.8093107263509,72.72455576254048,52.205907403450816,61.011709714498316,1.2124239065797615,0.549039893880626,1.1924612758290887,0.5561109644217834
2025-07-31 12:00:00,11.711507492367897,64.10749173500504,64.21848739495799,28.16441955212581,917.5037100918976,72.19514163186048,52.024531942816665,59.60549723045275,11.439954126352132,64.12130373162414,64.21848739495799,28.183806018991433,930.0135066987234,72.77577701012936,52.24518912439075,61.0549996076614,1.2119047327798471,0.5493316363066888,1.195996138956905,0.5570535573511115
2025-07-31 12:15:00,11.453592520460177,64.20830142745731,64.21848739495799,28.105572580264965,914.939534846769,73.3986361353723,51.95460953263641,59.971973488210665,11.378627538174623,64.1379274916947,64.21848739495799,28.184316857459432,930.5403778907323,72.77431211573432,52.28546812587313,61.087948290493806,1.2185340000922549,0.5451031937505364,1.1991481880124235,0.557979744084062
2025-07-31 12:30:00,11.642402463257293,64.15760991352627,64.21848739495799,28.107785340092,921.2529177297808,72.30976377179849,52.09445207026204,60.23854381527975,11.324995820782833,64.15165101653628,64.21848739495799,28.184488123948157,931.005223840096,72.77152645127215,52.328812894497545,61.117041758103895,1.222901724157927,0.5478841762377041,1.2022641230599695,0.5590429806733794
2025-07-31 12:45:00,12.015443251751748,64.0588155219392,64.21848739495799,28.170571569841677,929.0607377786092,73.67671392563165,52.05744367737575,60.132356836238245,11.29547545943979,64.15861464752473,64.21848739495799,28.18814492096944,931.6803662966591,72.77239436207066,52.35241863984633,61.13658664354229,1.2266591716708366,0.544651984274875,1.2056150800743277,0.5600616926021222
2025-07-31 13:00:00,12.162925504776853,64.10497375242528,64.21848739495799,28.2301727611681,933.2716069590108,71.17272419586055,51.88394705708373,59.78537753800732,11.282526295558345,64.16150465294201,64.21848739495799,28.190469584325566,932.3234265370434,72.79589159502716,52.38198683275382,61.16935552322497,1.224915786226994,0.5513628322450165,1.2090247411881667,0.5611146175578788
2025-07-31 13:15:00,11.985408184288216,64.17214420574055,64.21848739495799,28.222932793475035,935.9328263255646,72.79287023794525,52.16969004679846,62.168694095138704,11.29940833132827,64.16455801508626,64.21848739495799,28.19550206061705,932.5161260151951,72.82138684561139,52.41766133422824,61.20995593435846,1.219723107822775,0.5531454346396982,1.2125454197300602,0.5622001662758671
2025-07-31 13:30:00,11.346917876208137,64.15068316285078,64.21848739495799,28.22387067484696,935.8987219353088,73.03882156673885,52.37285468469974,62.23702111673823,11.33441877499129,64.16870023753958,64.21848739495799,28.199225491179458,932.5850479524993,72.85328751355286,52.43891625429604,61.16521913043148,1.227749172031522,0.5574079572109261,1.215737994293206,0.5633685886290538
2025-07-31 13:45:00,10.86168017931339,64.26471797823406,64.21848739495799,28.20833819108936,938.0910123595914,74.26447700709386,52.3947032343597,62.3606812282212,11.371953127107115,64.17835673361813,64.21848739495799,28.202697802944336,932.7712818251987,72.89657185363394,52.4753124558479,61.20976225468059,1.2275327929269657,0.5569059828880523,1.2189834308925525,0.5642426284505635
2025-07-31 14:00:00,10.769729339170084,64.35295620098694,64.21848739495799,28.27379092559593,934.9813873963402,73.98341734925347,52.61316660926183,62.37216793007311,11.423495136115791,64.1923505888014,64.21848739495799,28.202974356084447,932.5526869534064,72.87877525884716,52.504485051058445,61.2477033839842,1.237599581007183,0.5605053078117666,1.221945049449927,0.5650495951266453
2025-07-31 14:15:00,10.937309585651798,64.40570779466537,64.21848739495799,28.304149174924557,935.7568154944182,72.84729634744767,52.709514291013264,62.25992831680184,11.476006197358668,64.20105771012942,64.21848739495799,28.201671549551765,932.3523977544157,72.93297276272241,52.524774353706434,61.29177519665355,1.2396971197408189,0.5647900041558349,1.2246844156739345,0.5662063839826954
2025-07-31 14:30:00,10.911424185575964,64.40091518057783,64.21848739495799,28.280166562885725,941.3472238919557,73.41215515791409,53.054133747964784,62.62748597697238,11.526304625778163,64.21081718143823,64.21848739495799,28.201275909861632,932.3850512166188,72.96812472912873,52.54534056866626,61.3411291020519,1.239454917397134,0.5737572068482252,1.2274400781554529,0.5673587166227632
2025-07-31 14:45:00,10.84998081882178,64.47414566860739,64.21848739495799,28.247093065507173,941.966167451482,74.04801517636658,53.18950023605602,62.73202306167336,11.582254394452244,64.22056868997421,64.21848739495799,28.202666658948417,932.5344110834073,73.0588144348644,52.567703650176064,61.388905736265436,1.2444970745347956,0.5766337935754542,1.2303815156147295,0.5683992069798118
2025-07-31 15:00:00,10.0556778921085,64.5325332804499,64.21848739495799,28.19949702220429,944.9253278513696,73.56802464310452,53.15573689813138,62.867127428835424,11.636187626498385,64.23549840490634,64.21848739495799,28.2024970951754,932.5009467489484,73.13135050830546,52.590807401568135,61.44002592785088,1.2407241840641094,0.5770075535401381,1.2334047338422747,0.5696280841818432
2025-07-31 15:15:00,9.868569966284038,64.44708115179569,64.21848739495799,28.15661357217329,941.9880075813616,72.97609605093831,53.208744957157,62.99403536373113,11.682225979822947,64.24642671741762,64.21848739495799,28.201538442695057,932.4173606128315,73.10376789671163,52.602175208128166,61.49536142488071,1.2305460978628764,0.5726960913278909,1.2356854625328748,0.5707905417326793
2025-07-31 15:30:00,10.248692481296027,64.40963851944248,64.21848739495799,28.155162024173556,939.2706858626937,73.75385338455716,53.18393623793772,62.85049028676924,11.714894725110987,64.25730003731576,64.21848739495799,28.20149686860128,932.2762962771109,73.10223137898251,52.60296032855317,61.55007883922264,1.2316323510690423,0.5744292239189083,1.2375454945489885,0.5726190359378843
2025-07-31 15:45:00,10.79037387198106,64.35654778350033,64.21848739495799,28.133012455174985,941.1368905153644,73.30696513577065,53.05362729984384,62.75376157382817,11.749984953089728,64.26529057737791,64.21848739495799,28.20001585079201,932.0320382993151,73.11423361458988,52.61910709144677,61.60627692758819,1.2265103784602838,0.5766958031615183,1.2387599723294813,0.5747509158628427
2025-07-31 16:00:00,11.158198514556334,64.2734835184199,64.21848739495799,28.08629193949192,941.7626330904276,73.29677508177261,53.137151079991206,62.64729198401387,11.791324161073748,64.2713697868,64.21848739495799,28.200871238805913,932.1817384124777,73.13040103471027,52.633676626849265,61.64626843927745,1.2234855674260658,0.5812850425739043,1.2400913598789944,0.5766508376098277
2025-07-31 16:15:00,11.295194751489309,64.20604086987584,64.21848739495799,28.168929580974208,945.1916159089724,71.95924737886398,52.894734532451096,62.62081171063038,11.828792910996217,64.27213516757834,64.21848739495799,28.202030082674476,932.450834143073,73.10621475391073,52.64427797170558,61.67229064565223,1.2327956037064305,0.5781683047530628,1.2413973771995186,0.5788391150827421
2025-07-31 16:30:00,11.15292761986451,64.1065267279236,64.21848739495799,28.217708983160325,938.7929485564672,73.67588652525261,53.37273268950085,62.87258347066948,11.85736550878451,64.27607250950705,64.21848739495799,28.20382032101149,932.6512212377861,73.13999211702573,52.64904499868844,61.69408216449028,1.232679313297519,0.5808919495770336,1.2422493070062848,0.5809617438418194
2025-07-31 16:45:00,11.51434658715619,64.10211600277988,64.21848739495799,28.25267188155228,928.2374478576874,71.66812567561394,53.358576006289375,63.044383339116834,11.879015844350977,64.28631477588162,64.21848739495799,28.20484982169494,932.7599657628095,73.12645249455477,52.646595990504395,61.714376377334204,1.23488434093751,0.5846593313874165,1.2430969315284366,0.5832808579873171
2025-07-31 17:00:00,11.945329743585368,64.12772727714133,64.21848739495799,28.241902465838468,927.6169690232596,73.41518638122199,52.51277773884569,60.61735638128458,11.89632960765309,64.29000609417128,64.21848739495799,28.20283302115711,932.6733335950701,73.1593767746419,52.66294801101664,61.82110241960445,1.2463619589731332,0.5846394733861151,1.243669410752051,0.5853162230615736
2025-07-31 17:15:00,12.572204268632085,64.27267384969308,64.21848739495799,28.218900456516607,931.2567464463758,73.17876675771967,52.76528960711644,60.78075150724608,11.910833185635362,64.29559237688228,64.21848739495799,28.201276356588814,932.3943946988747,73.17203917806896,52.661196891264495,61.84874420954022,1.2562920447127184,0.5792406896531308,1.2441554251598508,0.5872711662943573
2025-07-31 17:30:00,12.97572077112279,64.4025536043441,64.21848739495799,28.15868649329965,923.406769757222,72.2875514350668,52.555861735985474,60.86448672065698,11.934040840416369,64.30126029428843,64.21848739495799,28.19919222057225,932.0144381402689,73.14698033482894,52.64923155762997,61.87569323891641,1.2552910515254283,0.5800512749627027,1.2445845621328426,0.5890982701932136
2025-07-31 17:45:00,12.928379952266331,64.32132321529456,64.21848739495799,28.178351378597945,925.960858451648,73.24849802235144,52.52966099327632,60.97415190725698,11.97404229309749,64.30329203767073,64.21848739495799,28.199738200041352,931.4366677342502,73.07577995502506,52.64971698981239,61.903079893492446,1.25578765312615,0.5886475115733983,1.2452298803285742,0.5906195452895143
2025-07-31 18:00:00,12.76094271916047,64.27280079279376,64.21848739495799,28.202092039829243,928.9696884023462,73.32286566663625,52.7118560904576,61.07073139534826,12.029482003337195,64.30311752223268,64.21848739495799,28.19934274870508,930.7824067308896,73.04672840687732,52.6499084989039,61.936148972448294,1.258276048712021,0.5907585417727429,1.2452658769392082,0.5920021437465824
2025-07-31 18:15:00,12.92123534602237,64.2292338972414,64.21848739495799,28.263323433480263,926.1866045998952,74.85689014970241,52.63414303921294,61.04001629685636,12.098671445086243,64.30428183643693,64.21848739495799,28.198113920000704,930.1373606931502,72.9627387310576,52.6476970782441,61.967106112122835,1.2600836611884805,0.5938928624229409,1.2455654852770093,0.5933871644123985
2025-07-31 18:30:00,13.291199816676798,64.29083100468353,64.21848739495799,28.23361560693756,926.7120872835666,73.91992365565434,52.3948910014679,60.8423690635702,12.177786333586816,64.30386979529614,64.21848739495799,28.195638953119836,929.2270055629612,72.93531312055657,52.62322200651978,61.974483282647874,1.272887185533628,0.6001508711855155,1.2461750299208993,0.5946203351882874
2025-07-31 18:45:00,13.774605461804198,64.2285307191702,64.21848739495799,28.218588188141187,925.9357839329364,72.30499967786886,52.224945935421,61.00949034028985,12.266162068102894,64.30302360067695,64.21848739495799,28.193343354417035,928.40681639286,72.91942037961549,52.60057829246885,61.984586851375205,1.256391098588907,0.5963589179148918,1.246316767751016,0.5958578648563955
2025-07-31 19:00:00,13.426425426792877,64.25524371496107,64.21848739495799,28.21191273548545,924.1848559619548,72.60053134533334,51.96899036190026,60.90986294471196,12.386033452401003,64.29951649971599,64.21848739495799,28.192171901511912,927.5839418451744,72.85803102559585,52.594203466346315,61.990878021540816,1.258143210316538,0.6084782311998103,1.2463101260353502,0.596793866651548
2025-07-31 19:15:00,13.171202000249233,64.26536884981068,64.21848739495799,28.1643520749118,919.4225656351748,72.94678896698422,52.39100940808861,60.93685547902247,12.514737752072419,64.29971948524935,64.21848739495799,28.19124434331763,927.0078828581508,72.81249751714753,52.589471090539526,62.000998902579084,1.2488582399945425,0.612996291629381,1.2465323883316182,0.597861338684604
2025-07-31 19:30:00,12.951683731888464,64.28986801766759,64.21848739495799,28.190081192542817,921.9947134867792,72.68016423547269,52.46161800489164,60.80524258113032,12.65571819564966,64.30056925216032,64.21848739495799,28.191456020741892,926.6122130185465,72.76983382423742,52.583751845978576,62.010826425627,1.251846359265239,0.6063292887162374,1.246580221544892,0.5989393261616589
2025-07-31 19:45:00,12.577655018134308,64.23126285080777,64.21848739495799,28.14033789632198,923.0124067646254,72.67304771138595,52.2726498783257,60.7526396794544,12.791122582293232,64.30591233585974,64.21848739495799,28.193557255689804,926.2371656530917,72.73489100180628,52.57641477872483,62.0137931505935,1.257714519707978,0.6107515179379728,1.2468664262295497,0.5999858047626481
2025-07-31 20:00:00,12.499580396906095,64.27573017138756,64.21848739495799,28.16149249020239,927.264530571174,73.32308466524817,52.23746287974773,60.892289380421175,12.92660192263011,64.3135930125456,64.21848739495799,28.19606220663747,925.5807027404626,72.74542034376739,52.56570237610528,62.01784597998108,1.248459618360915,0.6115630390100223,1.2470759712786035,0.6005629024774474
2025-07-31 20:15:00,12.664953318745702,64.36608351317636,64.21848739495799,28.20145659034519,932.3230735293146,73.27052525150269,51.9839734318546,60.74118322155593,13.06044520336509,64.31970858707965,64.21848739495799,28.195926326823173,924.829578404866,72.71802902720454,52.56431906697324,62.02496167134627,1.2520879073353963,0.6142254086398025,1.2470170383152148,0.6013436131981234
2025-07-31 20:30:00,12.682338403840271,64.21571330111452,64.21848739495799,28.16966874503323,930.672641926824,72.16045259847438,52.37450767245106,62.98715880611451,13.19686471604192,64.32435280661845,64.21848739495799,28.19338280715622,924.2808983785121,72.66302690874322,52.53801071120911,61.94192694505122,1.24209016293542,0.6124237844727143,1.2466512346930112,0.6021318124647415
2025-07-31 20:45:00,12.420515523756348,64.33973268707098,64.21848739495799,28.176232856426093,927.564659439706,73.17274234075758,52.1171564542343,62.99794779321199,13.318744539731481,64.3254724774324,64.21848739495799,28.190584953962915,924.2282805750489,72.68097016382578,52.51487770954564,61.85650165940933,1.2343035400567772,0.6117937316232105,1.2460012215574972,0.6026434786202489
2025-07-31 21:00:00,12.043147519638357,64.32072068503498,64.21848739495799,28.161346594350107,924.500025177134,72.28705626953793,52.01389467566374,63.04549199802384,13.440352013889264,64.32636803880732,64.21848739495799,28.18930657297585,924.1712026679618,72.62318072775425,52.502275659819354,61.856222278948,1.2406232812212736,0.6122210741766111,1.2450900761011612,0.6031509355335722
2025-07-31 21:15:00,12.061723759747016,64.3256702797035,64.21848739495799,28.22471757516236,920.7579001790303,72.12846561297714,52.40926619983227,63.18228086550224,13.558439468700373,64.32725319746181,64.21848739495799,28.19022033889793,923.9166531887621,72.58211841750588,52.49013700969839,61.85270375136965,1.246892338798916,0.6025442357770749,1.2437281530966497,0.6033591662584052
2025-07-31 21:30:00,12.432920646361248,64.34772073784544,64.21848739495799,28.26192738550777,915.3535572955202,73.1118709048215,52.61891188200722,63.36424029874842,13.658448698810231,64.26490945967421,64.21848739495799,28.173268396324666,922.0533733869842,72.53121416192182,52.50030892691181,61.91629354357104,1.2386794793262,0.6019832615238141,1.2419709450594496,0.6023920347379444
2025-07-31 21:45:00,13.01299283812328,64.44063722079251,64.21848739495799,28.26728431379321,916.4054343622377,70.32760607285593,52.64317167121931,63.18864250703851,13.754137941209393,64.20128906623073,64.21848739495799,28.154776981120417,920.2340221733575,72.43095540189255,52.5033846550115,61.97318666302523,1.2486853698748497,0.6063406241303128,1.240213736737856,0.6010666785607822
2025-07-31 22:00:00,13.284870840593154,64.3885539463543,64.21848739495799,28.205917556459735,914.0365699862842,72.5893868428833,52.319881596235405,62.84880109272348,13.846000369323912,64.1396590103745,64.21848739495799,28.133931436444325,918.3155819362031,72.33811787683288,52.492681032608154,62.022543666388714,1.2577412567138375,0.6107523301248945,1.2387804045206976,0.5996934684830056
2025-07-31 22:15:00,13.50125285430407,64.44875983003199,64.21848739495799,28.178225104423163,917.3604923484444,73.57123294813402,52.51018881452798,63.03513012349316,13.922168664169908,64.074331640127,64.21848739495799,28.112511448144407,916.4548069913051,72.19627030716268,52.48427645413525,62.077305171462754,1.248749209438301,0.6137596836186936,1.2372667011362646,0.5984680094124429
2025-07-31 22:30:00,13.651819421051822,64.4273202516208,64.21848739495799,28.164353435050508,920.2390914208054,71.72634402251592,52.96449211445511,63.055862533803776,13.986805174856988,64.00548060674141,64.21848739495799,28.09096373144514,914.5286999469337,72.03104404860231,52.47459594695694,62.134443035781125,1.240524932594132,0.6050876073947147,1.2350173281893726,0.5970311902841902
2025-07-31 22:45:00,13.729698956426509,64.4531707177968,64.21848739495799,28.128786826344992,924.7062379706528,71.61009079748834,53.06677368295337,63.29766179487899,14.028971374809938,63.940711447952225,64.21848739495799,28.069790008351575,912.2823500659744,71.89901797332885,52.46383378497414,62.187357505512935,1.2372139667509092,0.6047202523195707,1.2335224196287373,0.5953920846218241
2025-07-31 23:00:00,14.478105788613243,64.43513152677107,64.21848739495799,28.16151234690132,927.4005906745653,72.4739425972539,53.012358901109216,63.1453159782068,14.078940535202612,63.87642858928684,64.21848739495799,28.048367464766578,910.1908433765936,71.85167048432155,52.46806876495407,62.249800573958986,1.23306734746726,0.6067688482305545,1.2316156324571872,0.5933516998346497
2025-07-31 23:15:00,14.852505471288165,64.5168402944834,64.21848739495799,28.19604950361226,929.885469551719,72.25868046283628,52.83351528223157,62.84276332282305,14.13012937069129,63.81329953340866,64.21848739495799,28.02926022319018,908.3178930149742,71.80499553820619,52.45769680697991,62.316173026967626,1.2350965190000158,0.6080901611911955,1.2301046162494085,0.5909566929277567
2025-07-31 23:30:00,15.22257872466276,64.50390381899506,64.21848739495799,28.161440467922084,922.0687457115548,73.61265534060628,52.815779001404685,62.76887686564141,14.158207026979357,63.75149572337122,64.21848739495799,28.009263025011215,906.150505416512,71.74572583301666,52.452309330822054,62.3830088211104,1.2297719188976743,0.5985979740178831,1.2282602259796254,0.5887881725238756
2025-07-31 23:45:00,15.310493173538722,64.38950810589725,64.21848739495799,28.16485318654516,922.6578858410747,71.13750788197822,52.85323525849003,62.83428245158574,14.188899367891404,63.69093026738895,64.21848739495799,27.992108138536313,903.8336156480156,71.6173637043073,52.4376262837304,62.443141447455154,1.2310276148047778,0.6015896263733443,1.2262440277672009,0.5863079589800066
2025-08-01 00:00:00,15.245513000169373,64.24585331408791,64.21848739495799,28.141403393151684,922.332547765849,72.02582297141332,52.58348201657676,60.38154168181814,14.222133389454045,63.624590699588886,64.21848739495799,27.97435695286348,901.3554275029476,71.50301800442705,52.426828521742586,62.50056327030506,1.221705204631409,0.6045379275755787,1.2240350325577407,0.5837810719516685
2025-08-01 00:15:00,15.170741297842998,64.13570612719836,64.21848739495799,28.16873628575324,926.6589137537936,72.20642332809025,52.66458595638505,60.4816247698602,14.269080025176295,63.55185896438184,64.21848739495799,27.952982681511504,898.8736622354336,71.34579962488178,52.423327752086145,62.6435816389646,1.2153839468720855,0.6000093160526341,1.221252872773915,0.5809554023852613
2025-08-01 00:30:00,15.593553968318886,64.15459411838877,64.21848739495799,28.20355103622644,925.9046318106442,71.68150329907631,52.13471624705733,60.60897496744487,14.315583245312888,63.485870956465625,64.21848739495799,27.9345399387421,896.7198994884379,71.26465887375598,52.40753199983269,62.69654653761939,1.2190275952830505,0.5998631807858174,1.2184422805078985,0.5782240604254316
2025-08-01 00:45:00,16.11482791296529,64.29922860932821,64.21848739495799,28.24631343417915,923.6202620703872,71.94689745026875,52.40113010348741,60.675195679895616,14.361412265094106,63.41302575151838,64.21848739495799,27.915084944007354,894.7127800145834,71.13494000335477,52.38621950921482,62.744393885266874,1.215434354577376,0.58548761139812,1.2161050212414737,0.5753585612789366
2025-08-01 01:00:00,15.975997674418632,62.53224147071585,64.21848739495799,27.65012821610159,867.5083757038867,70.7604237675448,52.86101925238845,62.772180486698616,14.418140011263366,63.33844130958684,64.21848739495799,27.897251348892482,892.766475459241,71.08500397201229,52.37186770097467,62.78542942783077,1.2025748104094238,0.5510373293488823,1.2137898085325005,0.5723358080993621
2025-08-01 01:15:00,15.799057224241157,62.412711411990365,64.21848739495799,27.623608922470552,871.3803220428426,70.24073522147319,52.62193283626682,62.68094549088272,14.48516439137077,63.26438356581211,64.21848739495799,27.877945710018267,891.0696285072019,71.02621341131174,52.3352986948592,62.820278226934114,1.2030714034783423,0.548886826258529,1.210684544459778,0.5696734367988076
2025-08-01 01:30:00,15.516815562595992,62.42389911710695,64.21848739495799,27.576725699546564,871.4164812877139,70.53773991484638,52.390747418357215,62.551441496252686,14.550909517298193,63.19208110596807,64.21848739495799,27.856083878439183,889.1996896155486,70.91346594180443,52.285392811262554,62.854173230764886,1.2152760821972792,0.5495622394394472,1.2080813603510605,0.5668392618395138
2025-08-01 01:45:00,15.206284191402236,62.26941278981607,64.21848739495799,27.62072378448263,870.3633562529549,70.60146305959611,52.38200568502549,62.68286144907759,14.61150687529731,63.11494527685455,64.21848739495799,27.83354148053693,887.0456908785537,70.9424106596882,52.23500742522065,62.89465587453405,1.2146725596554802,0.5571290903060597,1.2052286735741828,0.5636596569508096
2025-08-01 02:00:00,15.230295137289223,62.22530000311626,64.21848739495799,27.587184105959537,868.9288759524266,68.96313589884396,52.10447578611901,62.55650499312134,14.657537139693233,63.04050962360205,64.21848739495799,27.81102309708644,885.2913986159225,70.77862139623019,52.19556032039058,62.94420527209193,1.205405997126877,0.5570462973379341,1.2023058727153322,0.5603665965523091
2025-08-01 02:15:00,15.03959146039266,62.28545595549436,64.21848739495799,27.583376495334157,858.5452875041575,68.34421741966457,51.90208107593712,62.59692443224401,14.69963069107355,62.96395265331781,64.21848739495799,27.787542301793053,883.5250499756075,70.67285287852215,52.14344254905348,62.99471681559668,1.2115438417698463,0.5471857480439064,1.1991278595942683,0.5569751301381576
2025-08-01 02:30:00,14.92550023857316,62.32675795499939,64.21848739495799,27.56923642793567,861.4396552805315,71.1801066751139,52.09603976129789,62.78315499809365,14.722710226952396,62.88560591182712,64.21848739495799,27.761985250292792,881.317872779385,70.60761947152422,52.079546569357795,63.03452770093158,1.200939595170022,0.5472666875845825,1.195803052074082,0.5538845068799038
2025-08-01 02:45:00,14.706867064909527,62.37149717346534,64.21848739495799,27.59113482761987,863.2340547865963,71.54654058352358,52.07985066886384,62.92802906928164,14.736405171145119,62.80358710130733,64.21848739495799,27.737993434557186,878.8686639922945,70.5079775550752,51.99957305233825,63.071008616115016,1.203527753761188,0.5411460844225846,1.192327314674738,0.5506821580402693
2025-08-01 03:00:00,13.794013420530453,62.43575371654431,64.21848739495799,27.590165247173854,856.9730855329093,70.90207307978767,52.299993720156,62.81031640541356,14.735393815590678,62.72023302834598,64.21848739495799,27.712861439382106,876.2732057639292,70.41177840365172,51.93715087849077,63.10614341856021,1.1965146511717446,0.5412736765998069,1.1888660078532165,0.5474155910269151
2025-08-01 03:15:00,13.49842524549574,62.41429917133975,64.21848739495799,27.62569130207488,853.50571370973,68.82218385010454,51.832158465576,62.55661846979704,14.723782126212821,62.63232805243863,64.21848739495799,27.68973931861945,873.638082468738,70.34084630043027,51.88231890103329,63.14474164212057,1.197228573335251,0.536345111621904,1.1853912271472273,0.544054351853762
2025-08-01 03:30:00,13.49660104378534,62.2855431373857,64.21848739495799,27.62895692001738,852.9188862191369,69.89271366884037,51.91353002011358,62.61494406591814,14.695790920343336,62.5425963126088,64.21848739495799,27.667685399604316,871.2323991469467,70.21374303146051,51.82325088632235,63.184837391846955,1.1821897620771025,0.5357564281598785,1.181982675617694,0.5411573926335206
2025-08-01 03:45:00,14.073352390413246,62.18413145696503,64.21848739495799,27.560228449785832,857.8701155038975,68.55397386514505,51.8789503421611,65.03173428134204,14.654679604604324,62.45921062249806,64.21848739495799,27.64753454521183,868.71871721578,70.15813408529708,51.761161091038254,63.140911392487375,1.1686231138206256,0.5294553216475872,1.178293729431317,0.5379767010681359
2025-08-01 04:00:00,14.07743500793807,62.236073063628055,64.21848739495799,27.6163864619512,866.0597595169519,69.72623006470054,51.900635104847446,64.5761057657584,14.594807262236014,62.38113756648622,64.21848739495799,27.628083808979614,866.0604934665931,70.07857834560106,51.72108609837746,63.18198263194483,1.15777239495493,0.5304835256778193,1.1747703277891821,0.5346879956805322
2025-08-01 04:15:00,13.795386117192816,62.15437653865362,64.21848739495799,27.59258301438376,867.3510752240686,69.28117622872111,51.47778173569815,64.43336822263666,14.52255307965665,62.30526361198319,64.21848739495799,27.607950066353997,863.6077376104697,70.02383229765354,51.67770122944903,63.22314735969982,1.1641857620640277,0.5258287572283623,1.171332858422243,0.5314895703672687
2025-08-01 04:30:00,13.744979904716171,62.08318742708876,64.21848739495799,27.62633874090385,866.1108885168617,70.78897532926327,51.58334042845905,64.27655827494075,14.422513221586486,62.224127441095774,64.21848739495799,27.585582463786565,860.8658282884669,69.92244913707529,51.64593888883823,63.27539747350284,1.1711668999520846,0.5215384787893776,1.1682978739344922,0.5284536330043087
2025-08-01 04:45:00,14.072455162969163,62.10393796646152,64.21848739495799,27.645548408936083,869.8524916178565,70.3647487919608,51.31219601636845,64.22774483860262,14.309982574339328,62.13621744397723,64.21848739495799,27.561112175010248,858.1353752191425,69.84216330855983,51.597768066674725,63.32246204011416,1.153734416617235,0.5226730967604395,1.165325331371657,0.5256501614019118
2025-08-01 05:00:00,14.405274424183975,62.17864694252432,64.21848739495799,27.60607243813521,859.2553905459212,69.72944681960222,51.1217353741077,64.38109041367144,14.199863917197796,62.102118958026004,64.21848739495799,27.558196372591283,857.438255999071,69.83968104581945,51.53270405919615,63.302335599443886,1.160583956064677,0.5169580127450009,1.1626061177862335,0.5240729356963855
2025-08-01 05:15:00,14.8309135780967,62.12656234738681,64.21848739495799,27.591012376725505,851.7854722523922,71.19594760936924,51.13161008996234,64.40312182011338,14.075836457429512,62.068404686309734,64.21848739495799,27.55571404074097,856.7378397078229,69.82954636439355,51.47946237297397,63.292832280691066,1.163104766568518,0.5109524774691862,1.1601640161738016,0.5223170709190733
2025-08-01 05:30:00,14.665778772470878,62.15548434877934,64.21848739495799,27.530366052945023,861.4078021073512,67.67570893914284,51.1364684513332,64.33528301945962,13.947222194775396,62.03211972641008,64.21848739495799,27.556689744802494,855.8611868308685,69.81226433621929,51.4311664451436,63.279726302935735,1.17005723094832,0.5119605181698761,1.1574083257874035,0.5207393271306067
2025-08-01 05:45:00,14.764059395713597,62.15205072150484,64.21848739495799,27.47380124562159,864.3700331389947,70.39817741689293,50.94665567441504,64.550476428636,13.809709589076956,62.00069995176234,64.21848739495799,27.556162433826543,855.2561571394364,69.82643599173254,51.388387710444285,63.25736442505059,1.1534088158063902,0.5120156911941529,1.1544690160952158,0.5190072486267053
2025-08-01 06:00:00,14.34420549741722,62.07691800689993,64.21848739495799,27.3976418900427,854.0237755341273,69.7693418125774,51.04761272358455,64.25018909385051,13.67553757560188,61.97048165072954,64.21848739495799,27.556527749786337,854.747745606386,69.87621916054731,51.354275055516034,63.23733661858666,1.1407807069885372,0.5123689096470958,1.1519308044979861,0.5174621005122522
2025-08-01 06:15:00,14.140547282208216,61.99260640220315,64.21848739495799,27.40903235427676,851.229974357936,68.62083330401813,50.66756817236689,64.39208925038224,13.555757616615427,61.94058727026201,64.21848739495799,27.55614017216464,854.4676067656513,69.95773452439228,51.329832464224374,63.221402323648476,1.1329418447705852,0.5086497871305407,1.1493368120982828,0.5163287216852682
2025-08-01 06:30:00,14.447765121979966,61.93450933793071,64.21848739495799,27.40755249164897,849.5368438236097,69.58796805454969,51.13969368568475,64.19936005156268,13.436869717127667,61.908513641607854,64.21848739495799,27.556586352847383,853.94662053006,69.93579885364205,51.30262932384961,63.194721695370276,1.129228142821617,0.5087718378299246,1.147245975732535,0.5152689922312833
2025-08-01 06:45:00,14.504154789952445,61.87969101726273,64.21848739495799,27.50238588073253,850.8317706959821,70.13071736619283,51.188555958507386,64.00071002963385,13.310680911669627,61.87589885728241,64.21848739495799,27.558382694794165,853.1405969502939,69.88597842648797,51.26544271673466,63.164503250039424,1.130853097820342,0.507252985996609,1.1451141824808642,0.5144002370752364
2025-08-01 07:00:00,14.382842548578225,61.81195162410052,64.21848739495799,27.499822897468107,849.8982460578163,69.79955727151334,51.043738560076186,63.97174935743287,13.2070650859546,61.83952197063924,64.21848739495799,27.559003966247115,852.4633680892938,69.87053018031823,51.21338841970298,63.1420628907094,1.1275153730116838,0.5116891974106381,1.1434285463775207,0.5133362797900108
2025-08-01 07:15:00,14.077153701368305,61.88793740257498,64.21848739495799,27.560327554770584,847.247427906074,69.46923949707516,50.99054139996724,61.51650247079851,13.111105795594643,61.8031403413838,64.21848739495799,27.56065090704393,851.9826369996658,69.92012845364907,51.18093984091201,63.21529131840807,1.1203592292134563,0.5061688794118002,1.1415615321717825,0.5125357704882215
2025-08-01 07:30:00,13.449342729120144,61.9036616337323,64.21848739495799,27.55788130618518,842.5858352902407,69.63915078053269,51.38123223675318,61.613678865541615,13.030422979518258,61.77124994881031,64.21848739495799,27.563355454017668,851.5078671912567,69.9280583332659,51.15620639226034,63.2868809572209,1.1160031553673673,0.5058767659474696,1.140438324958105,0.5116996774019867
2025-08-01 07:45:00,13.003115820462066,61.85948749210797,64.21848739495799,27.564724006984683,853.076238070091,70.56404188966471,51.36303988853209,61.71656660251,12.945554145668195,61.74511085151575,64.21848739495799,27.567831106233793,850.9567141373149,69.94426539731543,51.129240818992216,63.275663751663885,1.112259865863919,0.5040565566547313,1.1400183278498122,0.5109996713027567
2025-08-01 08:00:00,12.592358226213967,61.72050899176608,64.21848739495799,27.53252295920352,843.647352150563,68.64000848172888,51.18184602873315,62.176478381535546,12.873025630646074,61.71445246569092,64.21848739495799,27.57016337765793,850.4262714635005,69.96476013058775,51.105843624187486,63.285439230292695,1.12797806065052,0.5087850598970162,1.1401600204525022,0.510242976089466
2025-08-01 08:15:00,12.738908495550543,61.66192869577194,64.21848739495799,27.51220477088966,841.7066699906524,69.53832259480518,50.95600543858259,62.08713267823513,12.814172101105305,61.689690543403366,64.21848739495799,27.57167184138749,849.8069482262986,70.02819678079905,51.09644204304369,63.30025168510667,1.1262580776923172,0.5013834633262114,1.140370497170522,0.509751246923237
2025-08-01 08:30:00,12.67243796017263,61.50928689217903,64.21848739495799,27.56265414353268,846.5947991017393,70.68595588533309,50.90909902803093,62.16838726659032,12.748243135168766,61.6692831495945,64.21848739495799,27.57136759936281,849.0793543936328,70.03333389272713,51.075569597476864,63.32105471881288,1.12099840284672,0.5037205581830948,1.1404398924205121,0.5095952102567972
2025-08-01 08:45:00,12.078233431192672,61.40128326050239,64.21848739495799,27.54913896696117,850.3678333054046,69.93669477869625,51.02468224960165,62.39584592829809,12.677621425243466,61.645893705330565,64.21848739495799,27.571302921936862,848.1502874933503,70.03960279722445,51.06547112788736,63.33937207143217,1.1298083551053844,0.4962108829391624,1.1412462867748556,0.5097088537182711
2025-08-01 09:00:00,11.658387682972508,61.33535032011725,64.21848739495799,27.605996821392186,845.1168949790797,70.01927906961899,50.94186958344586,62.1582621635928,12.614338841849868,61.6220449887497,64.21848739495799,27.570063572998684,847.5633691872657,70.06149017913518,51.05885809468625,63.340840777228095,1.1326053706053352,0.5022299257854481,1.1419796908349535,0.5102303120520381
2025-08-01 09:15:00,11.080906020449037,61.32681955038362,64.21848739495799,27.60490445520414,852.212465509993,71.02661272499311,51.09864364404631,62.012005112523134,12.545738760073187,61.6002460192341,64.21848739495799,27.568248999004325,847.2326760211398,70.02369103882188,51.054072339513226,63.34471317186064,1.1264932688898492,0.5051667351890191,1.1425464237004255,0.5107588967780058
2025-08-01 09:30:00,11.205134733036964,61.31875097213248,64.21848739495799,27.59814358475351,853.6765299609154,70.45663096328705,51.08109613827132,61.95567079920335,12.481716207550479,61.57741247472929,64.21848739495799,27.5682375906489,846.352934471723,70.13418796888233,51.044179944944,63.35263997681838,1.1292596492099856,0.5106918539043372,1.143242351838133,0.5112352342783606
2025-08-01 09:45:00,11.446192690799077,61.38862454146842,64.21848739495799,27.571749166682963,850.1411222821159,70.78967833501389,51.16880333718713,62.11889558409878,12.39588851726157,61.556729073186446,64.21848739495799,27.569754380748275,845.3769606543666,70.18313832792825,51.04134588891816,63.3615124570377,1.133724069778743,0.513184383234392,1.144313061413842,0.5118280256608208
2025-08-01 10:00:00,11.358863253940326,61.36454909537471,64.21848739495799,27.5826218484181,845.810068212794,70.52203655260688,51.279945550055295,61.9827361497476,12.299632420626997,61.5386421928127,64.21848739495799,27.57317008562621,844.7315812403707,70.19295170516972,51.028155420993635,63.37612298651915,1.1382145041976024,0.5154748039650319,1.1459754745703634,0.5125992801793081
2025-08-01 10:15:00,10.921202901168307,61.393053643701776,64.21848739495799,27.645025086023324,839.0533473936113,70.05192776890105,50.96425245541514,62.02147570935608,12.198717469298465,61.52292921851445,64.21848739495799,27.576771118407475,844.3917468849914,70.2566071693478,51.030881526502256,63.38413239148043,1.1395739562110572,0.5150834297411789,1.1480680229932614,0.513633523687443
2025-08-01 10:30:00,10.685538649079652,61.34444711724967,64.21848739495799,27.608803390762343,836.6562197029056,70.43862569469576,50.73836480920584,62.137105625512696,12.079287098805331,61.50802515078351,64.21848739495799,27.58055616883451,844.0004347154182,70.29205902776422,51.01061909739472,63.40225216170004,1.145945568071439,0.5093549580430391,1.1501689629872396,0.5145854664424775
2025-08-01 10:45:00,10.619646534697056,61.32285029367648,64.21848739495799,27.675099525979352,839.0837810208917,70.31013205002962,50.85870110184661,64.75347130075747,11.959998281877292,61.496473407561986,64.21848739495799,27.580529237185356,843.7739407405218,70.31962819266337,50.98761577324772,63.43765056706474,1.1412181471631038,0.5123298325682245,1.15233158230549,0.5156193227557452
2025-08-01 11:00:00,11.076116561493814,61.3288313601806,64.21848739495799,27.710093329229515,838.6757919668651,70.13061005734488,51.17152656056346,64.76263323030291,11.848160266663085,61.49050855452629,64.21848739495799,27.58154194259315,843.4188989438425,70.36468230901643,50.96172178629577,63.391921803136334,1.1484935456667802,0.5106736355728365,1.1551433614892088,0.5164719675017703
2025-08-01 11:15:00,11.527287374911364,61.39995853812839,64.21848739495799,27.694498016269623,841.3355238856365,69.04018578663164,51.06998314411749,64.69521811463166,11.73550474506934,61.48441082000584,64.21848739495799,27.58046872643362,843.3380905370741,70.42174518682825,50.935072398954695,63.43144259324568,1.1560232005718345,0.5084551386706854,1.1582396320816168,0.5176003694290489
2025-08-01 11:30:00,11.901579557274411,61.31632148888317,64.21848739495799,27.686354604675262,850.1464793025217,70.34107206286956,51.19871926070565,64.86937012462245,11.629666776238514,61.480761371398025,64.21848739495799,27.579052659964393,843.4317850876196,70.51774735358352,50.90383241972142,63.46443978328411,1.1620231730356387,0.5077826692790971,1.1611426197533,0.51879440607844
2025-08-01 11:45:00,12.029780230969768,61.41151887002705,64.21848739495799,27.637836926270577,848.7713781080132,71.18427573506038,51.19573430138408,64.877741867056,11.526210225648299,61.47999516835036,64.21848739495799,27.577098807757014,842.9641134574168,70.54748611786972,50.876601012876826,63.497325049186635,1.170500063604611,0.5110768822414934,1.1646270623399821,0.5198658939909975
2025-08-01 12:00:00,11.767110926619976,61.4709656128226,64.21848739495799,27.6172114801634,844.2830735368887,70.94308868710571,50.95716706145448,64.90064928612715,11.444629923907476,61.48261500175507,64.21848739495799,27.57527674298166,843.0583304243777,70.64150553781734,50.86043619597225,63.51302746988041,1.1732487574517902,0.516857378796184,1.1674198249575831,0.5206020755596098
2025-08-01 12:15:00,11.95380386521015,61.4022546385438,64.21848739495799,27.643608086157677,841.980484609382,70.5528159268802,51.00924192868338,64.77726541718113,11.375959021033756,61.488941816039166,64.21848739495799,27.574977549217973,843.144961387974,70.67044447382318,50.84715803224164,63.530376198781305,1.1779262472475451,0.5260824006046568,1.1702160477057475,0.521419968436205
2025-08-01 12:30:00,12.50679692237603,61.46318544509821,64.21848739495799,27.56889196998988,841.6478413633846,70.38606827692382,50.92334437807441,64.42515158754931,11.317260740908184,61.50440300412836,64.21848739495799,27.573569926487405,842.9297940479378,70.73338311541374,50.83354590106936,63.552444779089996,1.1825860778676138,0.5326017627580099,1.1735229872831872,0.5220656749789
2025-08-01 12:45:00,12.772911124796275,61.47259326191887,64.21848739495799,27.536575156894823,841.864677268612,70.06197339997082,50.98803743477149,64.5192936590897,11.280844793418202,61.525474620454325,64.21848739495799,27.571220333803605,842.688762892411,70.78520225444899,50.819877344198275,63.56958320466239,1.1801067525326694,0.5268100192482166,1.1760979535070155,0.5231797046486879
2025-08-01 13:00:00,12.74510219678963,61.47047801363525,64.21848739495799,27.530023802282248,835.0155556248484,70.99061684095659,50.83969661425629,64.57308716819185,11.263724412027983,61.54916520750284,64.21848739495799,27.565920797821242,842.6675950149014,70.81436215416626,50.79941178591005,63.59201157815037,1.190935075079546,0.5262506431805184,1.178136788156092,0.5243607882157766
2025-08-01 13:15:00,12.18922868704636,61.53154867521904,64.21848739495799,27.519304948602684,835.0908186183052,71.86668818827026,50.86163399363995,64.81665083521541,11.276298478751633,61.57515655399934,64.21848739495799,27.560773270180544,842.660914623286,70.79980576061322,50.7658050208597,63.62517150144313,1.1855301030776628,0.5297994326679605,1.1808511830663377,0.5253874883332386
2025-08-01 13:30:00,11.45652259838001,61.5343115956879,64.21848739495799,27.500113036380803,834.6623931142466,70.06374312982126,50.65189868584892,64.68850497829428,11.30062178668991,61.60461075278438,64.21848739495799,27.555953591736042,842.405750840178,70.84650596704687,50.73629568667834,63.659352834522224,1.19065310168418,0.5355065452017163,1.183635143856039,0.5262221799232826
2025-08-01 13:45:00,11.113098742352284,61.52121717325558,64.21848739495799,27.51706333771468,841.0349436965569,70.53049722936069,50.74935133762538,64.63237139922056,11.341757385343191,61.63005876317724,64.21848739495799,27.55282207081263,842.2352143722426,70.85447579845602,50.70384214479274,63.69882729583115,1.195718297457525,0.5396770923745853,1.1866458783122944,0.5271886550714133
2025-08-01 14:00:00,10.86485400718592,61.48738730600255,64.21848739495799,27.521104004460003,837.7974787364157,70.65152380704214,50.53182081245857,64.74295315815097,11.392666617575701,61.66203181232749,64.21848739495799,27.548645562242214,842.0853785973599,70.89516371573593,50.671989099224525,63.76325150601201,1.1922563426409631,0.5373301204809603,1.189959870860783,0.5281351773858709
2025-08-01 14:15:00,10.925490282111328,61.53313872061703,64.21848739495799,27.501577931257952,844.0369514490873,70.95779231316726,50.49845623409734,65.06266219057486,11.451159435167094,61.69472873911982,64.21848739495799,27.541249212857313,841.973445262578,70.94250390241389,50.643707209390385,63.82545157582891,1.19573167736786,0.5382686753946406,1.1936268612752834,0.5290413395183514
2025-08-01 14:30:00,11.027702092151957,61.63300603302969,64.21848739495799,27.53020405970207,839.2469921574359,71.15118076210572,50.26691895151784,62.59988643958056,11.511383616297477,61.72936421416783,64.21848739495799,27.535322589532903,841.7336130006446,70.96922132388477,50.6372072644496,63.96756965933325,1.21186874852324,0.5372685397913923,1.1970582741673088,0.5301228371783859
2025-08-01 14:45:00,10.697488053556,61.70500536696161,64.21848739495799,27.52813106998456,844.8231757030246,71.1811258314293,50.191059779735056,62.70212617407883,11.581495188308027,61.76334229081462,64.21848739495799,27.525272166503683,841.4617517010541,70.99444217300363,50.62315643285707,64.02086199342486,1.213247346985698,0.5400209372301576,1.2012973949683792,0.5310281416366557
2025-08-01 15:00:00,10.274203664195367,61.79417817549767,64.21848739495799,27.51539931210835,845.3966718066063,72.51921578319099,50.44403285975483,62.60359456669462,11.639398143673978,61.79523153280772,64.21848739495799,27.514298516269477,841.0138929134014,71.04913993494435,50.592260184409625,64.06461549442763,1.203092785517861,0.5416978654291993,1.205288780714525,0.5320569769937655
2025-08-01 15:15:00,9.899419302755591,61.836501400678,64.21848739495799,27.50610844076335,839.046089164009,71.45620481825071,50.546097683194496,62.70312457958583,11.699871423614214,61.82110847209125,64.21848739495799,27.50145404603011,840.6867361657133,71.13379730248805,50.57237715526604,64.10858048704051,1.2167931434643853,0.5362011940314584,1.2088337950975507,0.5331930770240417
2025-08-01 15:30:00,10.144949173989271,61.79910399390732,64.21848739495799,27.477861015943,846.4738611593891,71.46059108015749,50.69690152159561,62.64755100234884,11.746737329422404,61.85006994440087,64.21848739495799,27.488675229257318,839.7723412043749,71.14973267443536,50.54746330440364,64.14784912330252,1.211760939178553,0.530870506955385,1.212025074536701,0.5345804227361807
2025-08-01 15:45:00,10.678781409338878,61.85173312429479,64.21848739495799,27.50322895797899,844.3055988985441,70.40649067498019,50.55766052666418,62.607594545262,11.782756512990678,61.8794345378788,64.21848739495799,27.479119338596185,838.9793917047326,71.1482874611473,50.515873009097156,64.18751670130713,1.2101447601372513,0.5259202496240678,1.214915481184493,0.5360333758471333
2025-08-01 16:00:00,10.911489556405538,61.97312253485503,64.21848739495799,27.520425461615687,840.1397789006496,72.57411513305003,50.50073509286286,62.83044467585097,11.815183455742236,61.91112269102357,64.21848739495799,27.468369642455606,838.4160546721378,71.17762753209287,50.501447903987305,64.2200779172966,1.2202065901699055,0.5230917544639432,1.2175751887429764,0.53719249171249
2025-08-01 16:15:00,10.985755006493225,62.03343175028103,64.21848739495799,27.478651186447188,843.1368986396014,71.49126894975389,50.61462554346878,62.909998695470144,11.833019737652743,61.94225424625655,64.21848739495799,27.4561447753649,838.5272090550659,71.18432681798443,50.50268194316677,64.24976992685048,1.2070573418202366,0.5296317730328003,1.220548006407422,0.5378554990714205
2025-08-01 16:30:00,11.144776241265946,62.04606793157275,64.21848739495799,27.447010741921144,844.4818586537915,70.89407606113696,50.32790283479926,62.83111336823201,11.843285051119063,61.97245179351147,64.21848739495799,27.44832126936211,838.5469527911989,71.19187661288471,50.51803282308411,64.28627471652058,1.1937704100776254,0.5376624327981088,1.2230868090501845,0.5382967086110383
2025-08-01 16:45:00,11.458128022158531,62.10655994527881,64.21848739495799,27.45047862598324,852.0120537615276,70.58992091840169,50.09044069253586,63.00680281130607,11.850710983812341,62.00377068571918,64.21848739495799,27.441677433289446,838.2187411617796,71.24735252776229,50.54388193928712,64.32001858636106,1.207925116197229,0.5359677387128794,1.2254385866759983,0.5389522552518311
2025-08-01 17:00:00,11.934833971185228,62.20237693568351,64.21848739495799,27.45355323141841,846.021616467681,71.85763715629686,50.19581611283043,62.98111079157603,11.864823974854842,62.037898424025585,64.21848739495799,27.4360410400977,838.0084778365181,71.25311259786548,50.578357133517294,64.35978319759523,1.2127784729010198,0.5357326016056598,1.227472278951977,0.5396617982599523
2025-08-01 17:15:00,12.680260650397557,62.1520648532542,64.21848739495799,27.47780353898074,845.0250282440538,71.02877327728834,50.1951970806193,63.30312942336659,11.885563428641007,62.070685857876235,64.21848739495799,27.4290783178285,837.6500498988012,71.19936750940654,50.61826629782211,64.40103301924881,1.2240461034664036,0.5421786376783122,1.229929255012025,0.540259663450077
2025-08-01 17:30:00,12.88614022091556,62.32374056988225,64.21848739495799,27.45732659130561,841.314994966312,71.74267407100437,50.32435418300883,63.915462455173376,11.913439152837816,62.103112062480804,64.21848739495799,27.422810972622408,837.3050814715685,71.1870475146577,50.67203029057211,64.44271144951605,1.2376342806522649,0.5438704733987586,1.2319803417654953,0.5407797974400278
2025-08-01 17:45:00,12.675987428910164,62.37396144747185,64.21848739495799,27.42313460447622,835.6953473501532,71.47213336923998,50.11579576039088,63.88747780386287,11.95381211716582,62.13735663647661,64.21848739495799,27.415836263946442,836.8006945277665,71.20683814917558,50.72471506920778,64.48405539388855,1.2495836686460633,0.5422682937155942,1.23373353063731,0.5412058690481617
2025-08-01 18:00:00,12.492264082991127,62.38351136868977,64.21848739495799,27.43100469103006,829.461251844906,71.24014833882164,50.543366460982256,66.40064813064316,12.01170928207591,62.173689371701194,64.21848739495799,27.407438270343103,836.3985692001373,71.22450386172154,50.78275647568298,64.5210941570855,1.2488879548322072,0.5417998878440752,1.2355890528474203,0.5416629189714645
2025-08-01 18:15:00,12.72299369501355,62.34219259308026,64.21848739495799,27.373586835102763,830.927942033175,71.06675752359591,50.43717615407079,66.35224132350578,12.082608305284731,62.20851239235804,64.21848739495799,27.40149961230496,835.8392794985808,71.1951523473528,50.834130079036726,64.46850536673848,1.2683917711952144,0.5394889663163183,1.2374673098261642,0.5421705067969309
2025-08-01 18:30:00,12.813205222472304,62.28550861997349,64.21848739495799,27.380883822203263,825.2400283372831,71.77154291556626,50.24463910714023,66.0752382603856,12.155303791592724,62.24158125830457,64.21848739495799,27.394301981066018,835.4126835350562,71.15537587376842,50.88696291642557,64.49446293255146,1.2682351180511475,0.5415386962861315,1.2389484616851851,0.5426259652253181
2025-08-01 18:45:00,13.341485773118514,62.17626671663419,64.21848739495799,27.309163909088657,831.5208214549965,71.5799068129425,50.47349226980971,66.01416789301847,12.247224943194015,62.273382642888166,64.21848739495799,27.387818125681793,834.8639629884384,71.08514557745272,50.94083664844303,64.52379284669489,1.2623736320626129,0.5425381395789697,1.2403691974594857,0.5431174259543631
2025-08-01 19:00:00,13.307556731520034,62.18516565817227,64.21848739495799,27.30299010149156,822.7146304623714,70.81913322128882,50.4513037348336,66.04742921248277,12.348438494584927,62.306627636737026,64.21848739495799,27.381274195218317,834.241906931648,71.02380006413867,50.988257036520636,64.56190003984578,1.2577615562101414,0.5494030406432682,1.2422266155774888,0.5433729182820562
2025-08-01 19:15:00,13.110355738018038,62.29245667436484,64.21848739495799,27.35116020643648,824.9828931187444,71.1409193364191,50.24802544218975,66.06776920719409,12.47878125629549,62.33394350776482,64.21848739495799,27.37517757896895,833.7711625631839,71.00793002693703,51.02730975255599,64.58654524365593,1.2572122630383755,0.5546654755700726,1.2437428521137126,0.5437470470746562
2025-08-01 19:30:00,12.739919209166713,62.42161020716559,64.21848739495799,27.29472059594605,827.3829625590375,71.82329081547249,50.524413908159,65.87748576581149,12.610435031933319,62.363467893107796,64.21848739495799,27.36860454982583,833.0376603820429,71.02052395619906,51.055481932372274,64.60521081049266,1.2530399842062905,0.5516308547568813,1.2451645196059349,0.5443306066381808
2025-08-01 19:45:00,12.488892322525343,62.33620129553319,64.21848739495799,27.27686207343649,845.315116097228,70.75379450362703,51.04626310406727,65.66802570379757,12.751849458161605,62.39338648357305,64.21848739495799,27.360466825919897,832.3271429387308,71.01972586285255,51.093018659017055,64.61078417348453,1.2671107771809076,0.5459726213725714,1.2464068535947204,0.5451705911002236
2025-08-01 20:00:00,12.814756326365648,62.3691118627456,64.21848739495799,27.33418678990625,842.2401534473752,70.6125621239325,51.38387077559455,65.52029527765214,12.906225133297731,62.41788269449179,64.21848739495799,27.352981078009755,831.8936770199508,70.97515282947262,51.11809204600025,64.61425509189681,1.258750157150497,0.5458380489465456,1.247275088732812,0.5459588880693836
2025-08-01 20:15:00,12.99568910559462,62.412160028150616,64.21848739495799,27.33726007471485,832.0183283860305,71.72625084629746,51.76351092086185,65.53160975430376,13.05141763197239,62.44659246905202,64.21848739495799,27.34726964452215,831.2608697691795,70.96474032119043,51.13140911290471,64.60719863832557,1.2506600813070794,0.5464764184720035,1.2486557136749104,0.5463576009922434
2025-08-01 20:30:00,13.168491928064649,62.49431016282698,64.21848739495799,27.360932006529893,828.7076558670019,71.16341894405237,51.873952441161386,65.7660255052175,13.190662222006985,62.473533604240224,64.21848739495799,27.342004908435552,830.5893925574971,70.93374515711926,51.15134565053352,64.59892773729825,1.2519458433589068,0.5475369334241502,1.2502208783687174,0.5466475313903013
2025-08-01 20:45:00,12.811412300631291,62.51517169073878,64.21848739495799,27.310423280526635,824.3379804867998,70.25433553450256,52.05890892278447,66.05414548482278,13.326277185552186,62.496615280742205,64.21848739495799,27.33631722294917,829.701864516915,70.92065373190673,51.18844356441924,64.59992107277337,1.2592393848791077,0.5477353883717039,1.2515220375149971,0.5471192231817359
2025-08-01 21:00:00,12.292794324284255,62.50709773382491,64.21848739495799,27.312092680198067,824.3133402972707,69.69414328735583,52.26481846834904,65.93885788631127,13.452997795690958,62.517933554823045,64.21848739495799,27.3319462057807,828.8442496990269,70.909349211003,51.221461626969145,64.60763786061887,1.2521857042882902,0.5511105649002422,1.25183902860431,0.547432302073822
2025-08-01 21:15:00,12.324287672192384,62.54855439312964,64.21848739495799,27.30782207743568,825.9033353824929,71.12421626489696,52.32989469669537,65.87268973039555,13.575498146401468,62.541790805926766,64.21848739495799,27.325794518148818,827.9948183984536,70.87038999930044,51.25937432371902,64.6028460775872,1.248313963611965,0.552459240618602,1.2511945506285138,0.547677739756501
2025-08-01 21:30:00,12.601768954488753,62.57736936274,64.21848739495799,27.269164196359924,825.7337189075386,71.18149518342099,52.27306300671471,65.8541160540593,13.699513686532189,62.56170439913649,64.21848739495799,27.320573959532812,827.1888556100429,70.79473147795055,51.29014025985364,64.58823745735224,1.2479220089442662,0.551041618180041,1.250005675162998,0.5480554684143482
2025-08-01 21:45:00,13.05246097837587,62.5778293403226,64.21848739495799,27.323418190113625,827.2582604023935,70.0772468821048,52.03966433470956,63.48499848016455,13.813016534949542,62.57527019058081,64.21848739495799,27.31947044048562,826.5874349330702,70.71076469894838,51.33350567907625,64.6583403524323,1.2520793867301756,0.5534963101586327,1.2484363014782718,0.5482011635737684
2025-08-01 22:00:00,13.208566681391758,62.62507201142544,64.21848739495799,27.3142751225338,826.449113251701,69.95788655457473,51.851904073183086,63.37861341396967,13.911375003872966,62.58882034909793,64.21848739495799,27.316833760222426,826.334717632809,70.67510876909616,51.3488182509728,64.6437598144327,1.2563033042938745,0.5509322926430116,1.247124888828597,0.5483846676385007
2025-08-01 22:15:00,13.455122601594748,62.65904690446966,64.21848739495799,27.333615408457813,828.3615593044857,69.07421694195814,51.80727174025897,63.58202359838173,13.993626868501165,62.60459454485072,64.21848739495799,27.314954788162645,826.0947256865824,70.63480136244962,51.38262548969941,64.63179606314453,1.255869420214711,0.5547647591015022,1.2450611816829393,0.548856629191349
2025-08-01 22:30:00,13.310610205922682,62.79152799096338,64.21848739495799,27.319081398204016,826.7349901028979,70.67885038376977,51.86664450208321,63.74681036122152,14.066837842982183,62.62000706368626,64.21848739495799,27.314422390664394,826.3395758809068,70.59033813875031,51.42478303525018,64.62515595996213,1.258815329057957,0.5493626352599984,1.2425195480329634,0.5491916677337446
2025-08-01 22:45:00,13.809702154072482,62.6559775315118,64.21848739495799,27.32320995328253,824.9237581100818,70.98010370220132,51.71767916425502,63.4424806938904,14.12123972200647,62.639569276875996,64.21848739495799,27.31503049945986,826.3440815014885,70.56847848299773,51.4498990787827,64.61009262375639,1.2622802395510972,0.5474250578094515,1.2401975433426244,0.5496095375820885
2025-08-01 23:00:00,14.09456244312416,62.68483555419666,64.21848739495799,27.28067014164921,824.4687957251591,71.83840895801842,51.54206691608405,63.20751800745072,14.171651711659061,62.66103740722004,64.21848739495799,27.31651902244233,826.7373692658374,70.50575945076578,51.47001372933688,64.59417753866104,1.2544109639452232,0.5483772938611258,1.237824589380679,0.5494279437983386
2025-08-01 23:15:00,14.921214196187448,62.74929083825239,64.21848739495799,27.259097240800997,822.9900755991823,70.38254787458514,51.68376232600758,62.774795435018085,14.217025849662964,62.679490237122394,64.21848739495799,27.3166404290521,827.0389142592013,70.45093677885728,51.4978803582732,64.57065437913941,1.2474147798008095,0.5511197834853513,1.2350449838678288,0.5491617014644962
2025-08-01 23:30:00,15.542759810489326,62.708008862416975,64.21848739495799,27.29585302431141,827.1358013372527,71.2369241316517,51.252936702358674,62.93457222821911,14.246091844525676,62.69451256202663,64.21848739495799,27.318184422948733,827.4661950557595,70.38504872512044,51.52105733428188,64.54855086965878,1.2462536443126566,0.5467406635387456,1.2320251154435065,0.5490424551175707
2025-08-01 23:45:00,15.341529966733018,62.89472498708843,64.21848739495799,27.307308181819074,824.1526811164623,71.17889370128809,51.01413755060274,62.698305088333264,14.274777378217587,62.710312758887646,64.21848739495799,27.320381584946915,827.1299300553299,70.31797921305034,51.52367674052799,64.52887196499532,1.2484760900831935,0.5415931607185953,1.2288074758426741,0.5490798218269953
2025-08-02 00:00:00,15.322113942303792,62.8543019872188,64.21848739495799,27.28906865932329,824.3375423033191,69.964221139002,50.92599896366356,62.58298633741235,14.297825113596408,62.72700880795792,64.21848739495799,27.31967798628349,826.8476450870916,70.26844562157433,51.50903478775035,64.51625743156814,1.2407253508918377,0.5463603447398444,1.2257164289590745,0.5489889710603777
2025-08-02 00:15:00,15.526576928514569,62.79901024033818,64.21848739495799,27.279848061391785,825.386212544063,70.19717816202593,51.203378109107234,63.03660287555958,14.33269026788292,62.74175238246557,64.21848739495799,27.3191625644067,826.6830703134336,70.14520547339875,51.48215682852916,64.50202857556494,1.2469598905856134,0.550118492455915,1.2223995520941826,0.5488872576177796
2025-08-02 00:30:00,15.736452275348404,62.84192515810874,64.21848739495799,27.322422716364212,820.2931719310398,71.51850152918479,51.1863579893278,63.21261442694094,14.376102967525252,62.75143757376859,64.21848739495799,27.317325835853204,826.4358225590421,70.07272982204555,51.45324761407465,64.49031559158557,1.222288205580408,0.5451249683682408,1.2191913491044013,0.5483644822917323
2025-08-02 00:45:00,16.355271171712833,62.86778238636578,64.21848739495799,27.29325291002436,819.5420892268525,69.85999692621195,51.33257798311552,63.15937593241672,14.417757513301801,62.755636474691066,64.21848739495799,27.316093731379063,826.3540703066178,70.04137212202744,51.40679914648669,64.46363124300004,1.2047117641925176,0.5495417681586865,1.2157052714733172,0.5477079150600177
2025-08-02 01:00:00,16.60660642483721,62.92114836617381,64.21848739495799,27.300709832825344,817.1361113139914,69.47291843050724,51.24733226704736,63.47720384812432,14.469515887409086,62.75666957566935,64.21848739495799,27.31658786810741,826.2878790790073,70.04264346259764,51.365919231512926,64.44140628637116,1.20196801668679,0.5552023331341712,1.2121484470128014,0.5467975059500794
2025-08-02 01:15:00,16.08107288143072,62.780935190801394,64.21848739495799,27.39002903306042,817.6527270409741,68.95312999917452,51.4167583370692,65.99056465626504,14.523563691800575,62.75417803970417,64.21848739495799,27.31836693069475,826.2401162511458,69.9498624551197,51.31893639042309,64.34316400317654,1.202502458104281,0.5466391484982018,1.2085353923526208,0.5457335446791554
2025-08-02 01:30:00,15.44301815069382,62.79001612420365,64.21848739495799,27.351904283134377,821.8797328370657,70.1704704432552,51.00274361787867,65.96323199065473,14.57410881435685,62.75217797108234,64.21848739495799,27.320622553559538,826.0080433595988,69.9539567494522,51.27620658049105,64.25423902319466,1.209545575341959,0.5473050097860437,1.2045810029780195,0.5448748729086118
2025-08-02 01:45:00,15.190549633859597,62.81541846566375,64.21848739495799,27.317217673309266,823.7281836463814,69.85753532419987,51.451393315869005,65.99332878486067,14.62236690705551,62.74795538209405,64.21848739495799,27.321321041605824,825.985263781409,69.93850182097388,51.235825885776514,64.23565364220289,1.206480556825483,0.5536478129017706,1.2004798382898494,0.5438987761578399
2025-08-02 02:00:00,15.009534456902797,62.74788418503986,64.21848739495799,27.36491189725577,832.5855341670107,70.43764620458718,51.50936547366355,65.87603516491407,14.685270660024576,62.73880927870154,64.21848739495799,27.32274645606024,826.1006606124976,69.93781080469344,51.205238304807516,64.2092746671909,1.1919861085518764,0.5515898525580002,1.196222500812843,0.5428463934958232
2025-08-02 02:15:00,14.97354214384713,62.76313311232613,64.21848739495799,27.327407172952608,831.6559900724495,70.92411714036503,51.22697357578546,65.56226780684585,14.725252674350115,62.72497128665879,64.21848739495799,27.323694187435684,826.380926095149,69.95124877817548,51.179564497992786,64.18073492566083,1.1927134913524398,0.5550742350292834,1.1917314109851775,0.5413237212535599
2025-08-02 02:30:00,14.819916421097812,62.8292095684936,64.21848739495799,27.34764579096556,834.5132633928407,68.93756225433022,51.05474325145865,65.56997665962244,14.766486369311371,62.70515033549662,64.21848739495799,27.324480105712308,826.7309637937518,69.90194514700141,51.143469257883986,64.15170913136318,1.18657293735178,0.5439552271307706,1.1868079149884905,0.5400599781897845
2025-08-02 02:45:00,14.471579878135053,62.84604157143542,64.21848739495799,27.35480240472973,834.0292429196586,69.49623917916428,51.08402431027949,65.36207442154527,14.780523625934693,62.685694195150596,64.21848739495799,27.326331768924227,827.0822836594162,69.87386292221532,51.11885021423541,64.12792216713795,1.173824097652865,0.5466782055548007,1.1818113317113486,0.5386532013600878
2025-08-02 03:00:00,13.611899055048138,62.87227995429267,64.21848739495799,27.341040412845004,840.2013864557869,69.84664920336743,51.21972318841922,65.21438048139285,14.787458302253297,62.66445496085104,64.21848739495799,27.331400590882776,827.7252338954245,69.80440155184962,51.09905114713946,64.10489361776489,1.1624439314766293,0.548053464349118,1.1773293608452267,0.5372514074742161
2025-08-02 03:15:00,13.34945833328266,62.81020720136377,64.21848739495799,27.342776933381938,835.227166084337,68.7417091415234,51.12484529145061,65.07765856389334,14.776696983613167,62.64239063599097,64.21848739495799,27.335897949463625,828.1716531425953,69.80370832503732,51.07138852436955,64.10005848959808,1.1705815891559317,0.5470936226553103,1.1729724091292668,0.5358209533882778
2025-08-02 03:30:00,13.506188387730251,62.86999333485387,64.21848739495799,27.3130788300036,833.7716044002281,69.1265543796528,50.94461219226546,65.14185927483646,14.745884514390827,62.62353527287517,64.21848739495799,27.340169711005352,828.3569309105944,69.78632364682477,51.058504966908494,64.09578580399413,1.1660187506425066,0.5431125259480158,1.169465389218757,0.5343934187613832
2025-08-02 03:45:00,14.041643734190009,62.854467263379846,64.21848739495799,27.321797418410988,827.0810851762948,68.0290464010294,50.95717214422635,65.10474407420799,14.719435354547944,62.59768283192495,64.21848739495799,27.341711283740437,828.6673898387413,69.71868202465882,51.043808109673726,64.09690364374235,1.1511537753603298,0.5434250151940596,1.1661741947280573,0.5334311840289068
2025-08-02 04:00:00,14.470872917334638,62.78486590191789,64.21848739495799,27.30583014992512,821.2902232352537,68.98914940345664,51.006676007525925,65.41463598583663,14.670820948935974,62.5687616765391,64.21848739495799,27.344026313976027,828.7640111567882,69.63292041117691,51.037542135942054,64.09442205123342,1.155699753665462,0.5318536736427298,1.1635264872207256,0.5326661314103582
2025-08-02 04:15:00,14.06104867392771,62.641138718413,64.21848739495799,27.27346014630248,821.8854129140685,69.31360453395904,50.66545489514567,65.25361502725644,14.599329663522461,62.54151235138827,64.21848739495799,27.347393260095203,828.7268439433273,69.6422259582714,51.037482129638555,64.08564929200728,1.1546570559465854,0.5280383714202677,1.1602814282633493,0.5318453961550398
2025-08-02 04:30:00,13.845545547502867,62.53809076317318,64.21848739495799,27.32691678204827,822.3276034689575,69.73228350446239,51.038421019136,65.27210918744534,14.518603393945584,62.51380093220155,64.21848739495799,27.349368512883643,829.1472600177635,69.58643470234873,51.030421589994944,64.0685737127107,1.145480970472817,0.5237982916020935,1.1582190269938983,0.5313170476905666
2025-08-02 04:45:00,13.945721803936994,62.47380831417448,64.21848739495799,27.361193955056077,824.4704505466443,68.34078604055824,50.92040946400027,62.92542123455654,14.411806648701742,62.48064044052162,64.21848739495799,27.35236402844539,829.6757879719122,69.58105875318567,51.02191325901165,64.04994534362066,1.1399223238065526,0.520540402490881,1.1568062903159653,0.5307441915740431
2025-08-02 05:00:00,14.118122631176927,62.517367304085,64.21848739495799,27.336832882303455,818.7715321611304,71.30432401339664,50.99116870875358,63.18636665460302,14.285570516237383,62.445102067564605,64.21848739495799,27.354513536169442,830.1880269220508,69.61707635257086,51.01338466213226,64.09712820887938,1.1292903277062225,0.5252814650637384,1.1556250444748544,0.5298337586289109
2025-08-02 05:15:00,14.500203759335731,62.45115167067399,64.21848739495799,27.34437283150229,826.5748730567002,69.61359902775519,50.82824349327351,62.92743705041187,14.153090977796138,62.41602746207603,64.21848739495799,27.356022578297157,830.5429281409329,69.71502064458657,51.009361004016434,64.07029968970753,1.1290444460850737,0.5242134076354684,1.1544977456652623,0.5290988148378031
2025-08-02 05:30:00,15.095679270463792,62.35068890965002,64.21848739495799,27.357037556166155,829.9110181843546,69.93715606616139,50.93427664411309,62.58724416360939,14.028383395582125,62.38506800288404,64.21848739495799,27.361695261877973,830.8572415710759,69.74030473509258,51.0258189875468,64.04882628261488,1.128583179983677,0.5193608127825134,1.1531022362270085,0.5282365729936069
2025-08-02 05:45:00,14.65458303136082,62.24390714318705,64.21848739495799,27.36204734972112,836.7695237840331,69.47735614641893,51.03705753581703,62.72583135247977,13.904134156513237,62.350346524596354,64.21848739495799,27.366725679828775,830.9339475455228,69.74523873973862,51.024119979684045,64.02432866453015,1.1211367253847508,0.5090845918336031,1.1521260643034383,0.5270421134977898
2025-08-02 06:00:00,14.547621054760452,62.19689945609842,64.21848739495799,27.34265894650279,837.2361210609794,69.199741448548,50.783787298819135,62.87603653229233,13.786327608267486,62.32004891153279,64.21848739495799,27.369772664213905,830.9552515857077,69.79181666031415,51.01631639427071,63.99858376352449,1.1111104491573376,0.5114503433467381,1.1516690708959743,0.5260526418512995
2025-08-02 06:15:00,14.230819852772091,62.07229332113093,64.21848739495799,27.37875984964017,835.463354080018,70.13763695861866,50.9791078547977,62.72887176713359,13.681199891404885,62.28744757240737,64.21848739495799,27.375863294784434,830.7935039445196,69.77330762338913,51.023099418845064,63.98421562295043,1.112382741236843,0.5052217529185498,1.1508424838881228,0.5246207091894343
2025-08-02 06:30:00,14.30260273268232,62.04765852521017,64.21848739495799,27.43273480040563,843.757302805406,69.75456784704745,50.948094903206,62.5166615262586,13.586392788425348,62.254239247043415,64.21848739495799,27.38335169627471,830.5956222655187,69.79505705248148,51.0234417504524,63.96333955600608,1.1199518379615672,0.5063234772849757,1.1501474864757293,0.5236365041204293
2025-08-02 06:45:00,14.598374636983571,62.08736109245025,64.21848739495799,27.394017998226477,836.3826530143042,70.36175107021577,50.85388364291016,62.629741590014056,13.493828871818943,62.218353877330145,64.21848739495799,27.391636329110266,830.2673197898436,69.7979414829837,51.025029300980506,63.9633114852815,1.1167062283220264,0.5082061609072007,1.1498993856113293,0.5227722371580065
2025-08-02 07:00:00,14.618385733819077,62.142347968943255,64.21848739495799,27.42400587056326,832.6941343772235,70.7153837852755,50.86642997852695,62.80639166010057,13.41193452813435,62.17867401025103,64.21848739495799,27.400533853653602,829.6400765218036,69.8440638172362,51.0158720295448,63.95831979028477,1.1410430469973492,0.5039146247319115,1.1503827957793147,0.5218666755782999
2025-08-02 07:15:00,14.548055171446466,62.11915175858132,64.21848739495799,27.353555363871557,833.4664489608697,69.14964503630945,50.57323183355973,62.73184028077982,13.33603510574594,62.13851965081026,64.21848739495799,27.41150665326467,829.4114154239198,69.86538352268138,51.01496372515078,63.96798320529673,1.1497402553622038,0.5127261187442997,1.1509817098392885,0.5209647927571823
2025-08-02 07:30:00,13.863681773944789,61.9866673256433,64.21848739495799,27.358519566390903,827.2361818447305,67.39137273454472,50.73801975171322,62.50853856214468,13.26763032738646,62.09621522619047,64.21848739495799,27.423194596245768,829.3669046079218,69.89509410096478,51.012918775825774,63.98008019014062,1.1612941256718894,0.5234087661833885,1.1514276848952079,0.5201195478076449
2025-08-02 07:45:00,13.381838366109111,61.981530485813614,64.21848739495799,27.38085644496713,824.2711961402322,70.47634457486039,51.20157792000244,62.77342009877495,13.197645715454685,62.05699566231431,64.21848739495799,27.433038534308846,829.6122047783876,69.96929201058856,51.02372876240369,64.00649838314126,1.1496081218643253,0.5254964347963602,1.1523309897219367,0.5193103992003784
2025-08-02 08:00:00,13.314664188042098,62.01058258250715,64.21848739495799,27.38168030001751,832.9056541641271,69.84476385150502,50.97454180001933,62.70034704804372,13.127523183523179,62.02057290447987,64.21848739495799,27.444636107067243,830.0617846059627,70.04989506227686,51.023701439297405,64.02107880700804,1.160416167496882,0.5292745144340468,1.1532913407690024,0.5189181018942346
2025-08-02 08:15:00,13.15136881439761,61.87296763596783,64.21848739495799,27.38311837687668,835.3979278513136,69.69871845132008,51.07732805361662,62.6005248597156,13.068264347556518,61.990666357408536,64.21848739495799,27.456205212932034,830.7222765818467,70.11604781185643,51.03893479076503,64.04104016129206,1.162329663854519,0.5323560846629816,1.154407280689301,0.5188021638825879
2025-08-02 08:30:00,12.819522450906446,61.85499717746349,64.21848739495799,27.3651950645469,832.503279818149,70.55344641206293,50.99147436066577,64.89268980588575,13.012054390294395,61.9653068423456,64.21848739495799,27.46719610238984,831.1940093576092,70.15826584458947,51.040538393318954,63.96566262644649,1.1665306414534722,0.5278893447802055,1.1558381406217555,0.5186939260871722
2025-08-02 08:45:00,12.106686728193411,61.90869702614404,64.21848739495799,27.435300296891917,828.2997636074365,71.89145875964583,51.29604859359444,65.18570908110931,12.939158051988706,61.94726360293303,64.21848739495799,27.478549627780005,831.2944253007491,70.26436958688167,51.04376678958197,63.96937021475811,1.1686834938165112,0.5245908347649673,1.1574939215100706,0.518749809747593
2025-08-02 09:00:00,11.701790684273416,61.86123234844375,64.21848739495799,27.522084790558804,831.3091357413598,70.92899315843533,51.49648312378957,65.31902977787529,12.866924239106682,61.928762287096326,64.21848739495799,27.488639835361646,831.4334687628354,70.23936991660726,51.04290956633717,63.970324277105604,1.1676802921943483,0.5214377544601582,1.1596828151530956,0.51866075758649
2025-08-02 09:15:00,11.463072461792915,61.77377411703328,64.21848739495799,27.468130211833348,826.0293628797823,70.00555546358157,51.40042307998632,65.258400242319,12.792226858975528,61.91667733387914,64.21848739495799,27.49933529759704,831.4041525362235,70.25557291081981,51.06216313196583,63.98276397488384,1.177195399118378,0.5178140280272567,1.1618919086644228,0.5185172571261412
2025-08-02 09:30:00,11.475338009530253,61.8389557931328,64.21848739495799,27.45632142880964,833.224655372562,71.8349838218529,51.27525791126362,65.10368813474417,12.694858993366747,61.90956198203819,64.21848739495799,27.51011203396552,831.5589700473913,70.25227160272676,51.065817275796164,64.00922594548544,1.178276306327953,0.5219057031632889,1.164215580949306,0.518646244807227
2025-08-02 09:45:00,11.81971063796918,61.78509293856381,64.21848739495799,27.51012609006841,826.803560836804,70.36884603261431,51.43046431301602,65.13122358962421,12.600642789861581,61.90900582584593,64.21848739495799,27.521264374422472,831.5611554539565,70.29460796035855,51.06314893591342,64.03139549389616,1.167915881116897,0.5121162551733294,1.16698727228987,0.5192148971645066
2025-08-02 10:00:00,11.97570333171162,61.83295980757472,64.21848739495799,27.572297835673997,828.5768130228165,69.59004512710052,51.0650131996788,64.94369465129198,12.48602426674737,61.90746737358158,64.21848739495799,27.53108175212787,831.7079409345359,70.34068871314624,51.07168406400999,64.04645408808774,1.165723014979976,0.5144290750606187,1.170378455893649,0.5200760596134564
2025-08-02 10:15:00,11.694662379942873,61.76948048003752,64.21848739495799,27.603341389796363,824.1801686494022,69.58277209423109,51.1316508261227,65.3612322998078,12.368184604656589,61.91665935421404,64.21848739495799,27.53859241471199,831.8976920717362,70.33972269806982,51.08195224581117,64.08074552576907,1.166381071720861,0.5207501966821169,1.1737255883585223,0.5212370739814822
2025-08-02 10:30:00,11.155068744510398,61.6818839419193,64.21848739495799,27.60796614914508,821.3840884145866,71.23031923094246,50.945005045348026,65.06462963149086,12.243922695426495,61.927787377694195,64.21848739495799,27.545141803508283,831.5914397557682,70.3909056771058,51.1009318488515,64.12688193509571,1.1769462365161876,0.5208866169579233,1.1766065910567716,0.5223205612062276
2025-08-02 10:45:00,11.072475661630424,61.60557641814042,64.21848739495799,27.671960921713996,828.3673331478291,69.38130030487868,51.097596159629845,65.36756101425216,12.116250499374736,61.939899469438224,64.21848739495799,27.551149505695538,831.5665351792229,70.38153748068486,51.1205947143566,64.17650326152328,1.1885490109551529,0.5200371380217804,1.179936563909947,0.5233318613458543
2025-08-02 11:00:00,11.454045036945764,61.60086059626045,64.21848739495799,27.663717119436548,832.436279920285,70.01787172815511,50.88326371251548,65.50476882015323,11.98754044397195,61.94908995051181,64.21848739495799,27.55601975367655,831.6128985804836,70.36703954349969,51.12588639018839,64.21501187305117,1.1793980023200896,0.5177551774618933,1.1824477023114328,0.5242757498248036
2025-08-02 11:15:00,11.942105376236803,61.67788034709488,64.21848739495799,27.617115560303382,834.440090290268,70.25498368974277,51.281471741563614,65.89728986422706,11.856235332635613,61.961964897210095,64.21848739495799,27.56267669188321,831.5395249344715,70.46658217969518,51.13418377101424,64.24984462472061,1.1782529201621927,0.519150556976065,1.1848388811618107,0.5249245166724819
2025-08-02 11:30:00,12.367196959389458,61.69218316688466,64.21848739495799,27.65375733267689,834.7776180625037,71.40724095410526,51.00585631433753,65.8520487018401,11.736983962721615,61.98182719485135,64.21848739495799,27.567847791426217,831.5791116975166,70.54037263556867,51.1366930917242,64.29867625742438,1.184510285077431,0.5200847544584153,1.1865692278069546,0.5252413565980426
2025-08-02 11:45:00,12.283283594927834,61.74394230627309,64.21848739495799,27.620533322246217,841.7001721905949,71.29818702134637,51.12245543917454,65.85245565577699,11.630080289978245,62.00365408053918,64.21848739495799,27.57233410791828,831.490777054523,70.56318140356431,51.1298806157014,64.34281731988781,1.188135253555547,0.5245602310708671,1.1885187856516384,0.5255116888165198
2025-08-02 12:00:00,12.159246829639187,61.777305311285055,64.21848739495799,27.656643465782423,836.4795867418277,70.99882448645327,51.08652909575356,63.01078314207816,11.543559516714526,62.022514438194236,64.21848739495799,27.578780321163638,831.0795614380313,70.59467801383396,51.129035521386704,64.38878726961927,1.188406768446445,0.5205511577396225,1.1906081805315385,0.5257835400735903
2025-08-02 12:15:00,11.7588316547663,61.9325111317973,64.21848739495799,27.701799716761094,827.4829288408462,71.52389830932466,51.01726135189091,63.0366488839053,11.482021170327746,62.05221628325344,64.21848739495799,27.58608943742,830.5460735158283,70.61801026228876,51.138513939631856,64.51757598988782,1.189595750456006,0.5222169123035049,1.192283869214802,0.5261006015620325
2025-08-02 12:30:00,11.951108244716256,61.962327828983895,64.21848739495799,27.639539109752683,822.9428360237166,70.55433390516382,50.96545201140962,63.21498852502781,11.427501603360275,62.08062823653066,64.21848739495799,27.594389572033947,830.1713520700208,70.62001559985848,51.1525229615312,64.56974311184071,1.1949571369969672,0.5226099002306503,1.1943651024323942,0.5266399366894352
2025-08-02 12:45:00,12.259282355401098,62.08860307415836,64.21848739495799,27.66523669856405,825.695386258344,70.09968885413205,51.40585046213314,63.30062798375874,11.401505569763145,62.10799120227129,64.21848739495799,27.599892119344304,829.9661082876366,70.58430748428421,51.143337963731504,64.62454714696317,1.195317251424902,0.5199083938250024,1.1963847961052443,0.5273929471517294
2025-08-02 13:00:00,12.174643302200357,62.13722835442172,64.21848739495799,27.68033964722064,834.5555435193888,69.83811682336997,51.04390095902325,63.38110328165753,11.388530624410404,62.13934090259561,64.21848739495799,27.60235931880284,829.2288956342976,70.58649514495453,51.12746199329033,64.65920593886008,1.198293348530172,0.5232304432150876,1.1984184168925078,0.5282781547824864
2025-08-02 13:15:00,11.82809692620586,62.22722245741922,64.21848739495799,27.6966175634298,836.8350859809849,70.74744687537249,50.957007339334496,63.390917804801525,11.388951886937473,62.17398968685052,64.21848739495799,27.607141992613542,828.9332803262582,70.61241074361978,51.10461830949394,64.6914276408302,1.2042874656016682,0.5261441625519941,1.2004965595969794,0.5294848260343239
2025-08-02 13:30:00,11.1090653613341,62.15074588816811,64.21848739495799,27.637180277664672,841.639685478367,70.58216403217853,51.0398411417164,63.3277943580396,11.408113542877384,62.20638840256866,64.21848739495799,27.610806446823247,828.6292265595443,70.55677968249321,51.08561588921599,64.7271922276651,1.21284595727071,0.5372852168152297,1.202849597817803,0.5307273016978225
2025-08-02 13:45:00,10.695629990048657,62.34805274010446,64.21848739495799,27.60407972716361,841.1558881960242,70.10865650632645,51.28715330883316,63.75761489757351,11.429271404352262,62.2367342463436,64.21848739495799,27.612708907351653,828.5183328162767,70.58793707115568,51.06521927491216,64.75859038873335,1.2127967151830392,0.5400521839593246,1.2058691091241092,0.5323977456821918
2025-08-02 14:00:00,10.574745455779452,62.381499229614825,64.21848739495799,27.62921646429452,834.5697333263686,71.290057218127,51.51748299441585,63.90075380605805,11.469468884975443,62.267539707210055,64.21848739495799,27.61265940210756,828.4317749493619,70.64327626983335,51.06976456911264,64.78849613520332,1.2063819189090466,0.5388280940273393,1.2095097365255447,0.5340488844323553
2025-08-02 14:15:00,10.768208755430884,62.45072384477098,64.21848739495799,27.574249063844043,835.6355157179454,70.08070517758753,51.44376960806315,64.11838138284112,11.5192050873549,62.30300418864265,64.21848739495799,27.61066872429042,828.3390845035501,70.7049019670615,51.067421049967585,64.80745764630856,1.2166054139172828,0.5385451650960006,1.2131948133812922,0.5354614143028084
2025-08-02 14:30:00,10.757084071735475,62.418062401150976,64.21848739495799,27.570113309993747,834.0850364150432,70.28044566971985,51.025180253480606,63.96165000593685,11.584867816695537,62.34405171510366,64.21848739495799,27.6081518280129,828.4670897148737,70.7379132395769,51.08460261874988,64.83985659415536,1.2163771990419316,0.5322312791003904,1.2163337627279178,0.5370873458702935
2025-08-02 14:45:00,10.608901831356397,62.50540015952994,64.21848739495799,27.55326351007126,831.2652395805083,72.13592412217432,50.82215325833523,63.77682283086335,11.648939882582487,62.388919811250666,64.21848739495799,27.6031195292796,828.2959179480237,70.81171208932417,51.102531982987195,64.87029696482902,1.2214756208735429,0.5321891241746456,1.2191118467749429,0.5387622449294309
2025-08-02 15:00:00,10.286140676524823,62.582536254880885,64.21848739495799,27.51365255268121,828.4237847360816,69.60508641074969,50.813299373012114,63.97348754325768,11.716255649728621,62.43530413525482,64.21848739495799,27.59845471838118,827.7693688884524,70.86869354107222,51.12154644330327,64.90547907666854,1.2132045250261971,0.5329139639502126,1.2217651921288375,0.5407573034636378
2025-08-02 15:15:00,10.174728183808,62.63633705644832,64.21848739495799,27.515445939729,821.6211568504253,71.1606076147297,50.99720363931844,64.09765197267807,11.778631719745496,62.47723891060913,64.21848739495799,27.596224610714366,827.3112441426254,70.93074176868956,51.13338897354649,64.91961097659427,1.2080948572048422,0.5336064013506755,1.224053659834531,0.542801617849432
2025-08-02 15:30:00,10.719040990130509,62.57639331215907,64.21848739495799,27.57506669737816,820.5691856693737,70.78966215959392,50.94918897057824,64.07944553998757,11.833259523733116,62.52229717209238,64.21848739495799,27.591879686783738,826.6484069746483,70.93059741360575,51.1648476513406,64.92957577930082,1.2230980138938854,0.5374300521461609,1.2260183209382771,0.544740120487577
2025-08-02 15:45:00,11.305218422794216,62.76402298774401,64.21848739495799,27.6023918645676,819.3932901852227,70.39868590496415,51.36168060097122,66.4641864677717,11.877085566568871,62.56453525340874,64.21848739495799,27.589988700380307,825.7171116516885,70.95561971638271,51.18557177149868,64.85740461137267,1.2126003243524248,0.5418679293162479,1.227589920461521,0.5465913578269211
2025-08-02 16:00:00,11.183935441882342,62.70735577577975,64.21848739495799,27.614199102965312,821.2616364439252,70.61360653915452,51.411745017646034,66.45770346447254,11.910017573279141,62.603773061887765,64.21848739495799,27.58672672865351,824.598330336694,70.95654661900356,51.22441220982899,64.88004679220302,1.2289676379812406,0.5440693986022865,1.2294691359483059,0.5485122989394754
2025-08-02 16:15:00,11.326805720279475,62.72958599836336,64.21848739495799,27.600376716202646,822.142450135911,70.82021529241817,51.02049865960369,66.8298301347829,11.942381687395116,62.64334860394271,64.21848739495799,27.581013855638453,823.7054434912105,70.92578660480949,51.256310108286854,64.90508703713391,1.2292743040020055,0.5471811486337904,1.2312307068977728,0.550336659561234
2025-08-02 16:30:00,11.31254232369118,62.8017233581735,64.21848739495799,27.59610077431489,809.1927561411869,70.99462297854433,51.02020401055421,66.35879353478299,11.972860857762264,62.68111006826911,64.21848739495799,27.57622332592392,823.0953012312114,70.96955790622093,51.288854241497255,64.93111292878636,1.2286889158122587,0.5479939833828722,1.232486740431211,0.5519358850807699
2025-08-02 16:45:00,11.475710337605056,62.81323764468017,64.21848739495799,27.611610426154357,817.1609036386025,70.78302342353949,50.71511256609466,66.22505130142217,11.994693492777861,62.71548814704821,64.21848739495799,27.572716725971087,822.317459795353,71.02729830811376,51.30140750798163,64.95841551172137,1.2395396802525291,0.5540141655823808,1.233296257701626,0.553774852338549
2025-08-02 17:00:00,12.050187687727604,62.81091726467714,64.21848739495799,27.56625505510086,824.1030423711474,70.16605198805567,50.70518530292498,66.1766257397916,12.026099307031584,62.740563655839566,64.21848739495799,27.568660711474163,821.1569359882272,71.11693743416863,51.325977886119524,64.98117428717279,1.248867452952664,0.5591799730682445,1.2340269830225468,0.5555352255709637
2025-08-02 17:15:00,12.454446482215475,62.6954682518119,64.21848739495799,27.56719990592063,823.4767485387752,71.30356769248873,50.81856588390141,66.07316842167178,12.057855278139503,62.760291285924964,64.21848739495799,27.563214262825692,820.1835651321908,71.09449519370186,51.3594867115064,65.00864031626149,1.258501220306077,0.5622295747044108,1.2346303231248303,0.5572677580968153
2025-08-02 17:30:00,13.18162775040708,62.757123633568376,64.21848739495799,27.570812678351025,825.9800770153702,71.25022108742996,51.20137202569309,65.84086704539091,12.111771950492601,62.78748757552151,64.21848739495799,27.558888625854355,818.9771831647789,71.05337700348773,51.390077142115224,65.04773795316143,1.2749418370230463,0.5639632375655255,1.2348044133027778,0.5587052430514138
2025-08-02 17:45:00,13.186748451326572,62.83341492301552,64.21848739495799,27.54362105528222,821.3994552750502,71.43154301107634,51.06134525177108,65.93007763296477,12.171506198530627,62.80961123324475,64.21848739495799,27.555061806629244,817.6025620415761,71.1035657773457,51.40484452234606,65.07244287775747,1.2769333773932847,0.563126092795705,1.2348994850537298,0.5601747569578325
2025-08-02 18:00:00,13.124950624729395,62.91330973574938,64.21848739495799,27.532459260819515,825.224244754295,72.22065740640359,51.46045210881692,66.03659806689517,12.247929650205668,62.82636952846713,64.21848739495799,27.54900414853959,816.5309363834549,71.08479418483324,51.40855864799498,65.08632599299534,1.271114716914958,0.5696645639824781,1.2352544115108401,0.5615895004124295
2025-08-02 18:15:00,12.99463763823904,62.9516193025509,64.21848739495799,27.52099195971505,823.232180142325,71.59526579729756,51.63547708674917,66.280772134462,12.334376043796485,62.84118641575298,64.21848739495799,27.54522085890762,815.2005188381344,71.06691498429443,51.42254653432125,65.08105714176897,1.2718915323658946,0.5702841097959008,1.23547901699537,0.5629956751245969
2025-08-02 18:30:00,13.473518051329773,62.99239031638483,64.21848739495799,27.523772792483925,816.6398081331508,71.72731528059654,51.45369752199767,66.56023217533856,12.432566012107294,62.855640091495715,64.21848739495799,27.54046921047261,814.0091769980498,71.11309263752652,51.44078702078513,65.08034978349372,1.258998362936927,0.5776069334881032,1.2355529370302274,0.5646614321087363
2025-08-02 18:45:00,13.81338747674302,62.93592360772421,64.21848739495799,27.55021233029884,820.6963479154549,72.11643051826235,51.63674764886036,66.3212468619994,12.541858229842857,62.86544066002178,64.21848739495799,27.53441648361047,812.8832603744735,71.06325708021633,51.46363277006343,65.07627993706888,1.2469069513330089,0.5804799885498911,1.2351338093100546,0.5663826252305864
2025-08-02 19:00:00,14.00603107901805,63.04393101138194,64.21848739495799,27.523409614758144,814.8925030231954,71.40291030159155,51.94961664816097,66.15099278303616,12.660552877317759,62.87533550506792,64.21848739495799,27.530296635936402,812.1955545705681,71.15105864007306,51.479526507056754,65.06058824421163,1.243450118189808,0.5782398336027695,1.2351441563829377,0.568242306271372
2025-08-02 19:15:00,13.598064880000528,63.011084745764165,64.21848739495799,27.563803730143164,813.7613125017939,72.04885610465543,51.74417904391686,63.68732061793267,12.790294584422453,62.88539280476885,64.21848739495799,27.52619139140212,811.9786804829623,71.12124737805054,51.48658183152364,65.11654661842189,1.235283239252858,0.5800973512511863,1.234788345148711,0.569962942312808
2025-08-02 19:30:00,13.147207030947312,62.954439565655726,64.21848739495799,27.558784313978613,802.9161472919968,71.02663156507835,52.25174224566297,63.690048566988686,12.919396995684945,62.89316868786615,64.21848739495799,27.519712743142552,811.7824038439024,71.09153221378253,51.49605198369006,65.16342372996121,1.2447832330499933,0.5781793911162518,1.2344238982932003,0.571711401634867
2025-08-02 19:45:00,12.729755078245528,63.11977739344564,64.21848739495799,27.530413526309367,800.6963234763399,70.60109788350248,51.97419830562672,63.78785623183182,13.058088505231703,62.88922747848303,64.21848739495799,27.51252131022545,811.4278197610076,71.11979074193847,51.48617125663578,65.12672790774505,1.2424428789400217,0.5769477309562633,1.234168295162388,0.5732249298236088
2025-08-02 20:00:00,12.86548335573065,63.09517175877603,64.21848739495799,27.49582321831662,804.6385682237424,71.86747294750742,51.94177600772164,63.99576527460157,13.21261316139735,62.890786181365904,64.21848739495799,27.506103393223057,811.1634956980168,71.10201684014801,51.46507670084438,65.08154563979662,1.2326381430001137,0.5705866658167245,1.2332158840919785,0.5746426442800866
2025-08-02 20:15:00,12.91426140586903,63.11994543753144,64.21848739495799,27.5600386999792,802.3601431825914,71.83190091091654,51.78244845666436,64.11970547180897,13.355577044750282,62.893302100224254,64.21848739495799,27.498906011488597,811.1100591340712,71.02628619031651,51.47251257978932,65.02953135075181,1.2196027695373453,0.5750774115583754,1.232401730363955,0.5757923086905614
2025-08-02 20:30:00,13.116817729812052,62.88949361816221,64.21848739495799,27.55865921231287,799.73982930562,72.52729060501613,51.7810123031601,64.0638665452001,13.493555376616392,62.89467611810536,64.21848739495799,27.490223069016928,811.7204785134549,70.99641207417594,51.48023811570219,65.00772335565632,1.2202151081577988,0.5760416401875291,1.23159432185824,0.5769021940303996
2025-08-02 20:45:00,12.780776059443433,62.819051359981074,64.21848739495799,27.533224103975616,807.6339602998917,70.07417966136943,51.96227210094059,64.21489867746251,13.625096996668653,62.89641945737833,64.21848739495799,27.47958554512446,812.3603832941569,70.98782485195736,51.520522423827174,65.00060607143114,1.222387668670181,0.5781201383275419,1.230592000556069,0.5776243973160118
2025-08-02 21:00:00,12.726565531927037,62.9666345760646,64.21848739495799,27.50741116852459,805.448226456009,69.34861832575515,51.95755405998102,64.50072346503782,13.758786489702452,62.89426589205825,64.21848739495799,27.47028852944724,812.5735768337074,70.97930464927155,51.55583086190986,64.99508823631302,1.2180686626091268,0.5804097654531859,1.229037467215173,0.5780616193024197
2025-08-02 21:15:00,12.487657431189412,63.01176247180178,64.21848739495799,27.489275150410275,799.9172544999388,71.61431972206486,51.730174715758615,64.49876263545471,13.892555960627256,62.900214468563064,64.21848739495799,27.460500787944444,813.0457236901726,70.89948019720015,51.58641901350472,64.99480067575145,1.2156488677115989,0.5841376011518858,1.2274349254651737,0.5785638028134475
2025-08-02 21:30:00,12.86744900603071,62.88424808628618,64.21848739495799,27.44748672160492,802.4209635827302,70.72690944275325,51.62890676388342,64.31724726319412,14.00157798005424,62.909130218822746,64.21848739495799,27.45050758904576,813.243008138528,70.87867697565048,51.612843969513094,65.00649850109762,1.217029712622352,0.5812703976652482,1.2249377207074377,0.579168446273567
2025-08-02 21:45:00,13.36160056315538,62.89523046334632,64.21848739495799,27.46075037488496,795.7229893583344,69.54432916142333,51.86340619785115,63.9603158460499,14.091539187277856,62.91468728265059,64.21848739495799,27.441493983132336,813.5996295487424,70.7915793977019,51.64008290851564,65.0131793613378,1.2233435784531823,0.580730406461023,1.2224987250824955,0.5798637527522306
2025-08-02 22:00:00,13.702783121059795,62.85167267343304,64.21848739495799,27.427563856943507,798.3447812125039,71.66577526668287,51.57239484739681,63.94042925767931,14.159980718948995,62.91543816867842,64.21848739495799,27.433446570007536,813.8085428987888,70.69292331855382,51.66196666433714,65.00516232574618,1.2185948000876563,0.5822039886245729,1.2202238086053,0.5802387851965504
2025-08-02 22:15:00,13.88766836342325,62.79941721531191,64.21848739495799,27.371681704207106,797.4877408732169,70.6408574028688,51.50752573668425,63.654727438118,14.221392220133817,62.911226628244094,64.21848739495799,27.426191455342558,814.1563406785066,70.64279373287016,51.678676895911764,64.99773495926837,1.2089017892683604,0.5838249178301481,1.2179817684274885,0.5805743855754503
2025-08-02 22:30:00,13.846980100771878,62.87938160626517,64.21848739495799,27.390057122459005,807.7926106189217,72.2391332064518,51.290111482811895,63.502736757540525,14.271425932519913,62.90702633788667,64.21848739495799,27.41626060207722,814.8103657743002,70.56048921745987,51.699886488362836,64.9763844577567,1.213514937212692,0.5887043951737777,1.2161698721556655,0.5805255366416973
2025-08-02 22:45:00,14.066979396948856,62.93805604747639,64.21848739495799,27.392288603700607,815.1149342222533,70.26626975405337,51.208863373325016,65.77640319898586,14.314261127770147,62.903450471771144,64.21848739495799,27.405982281674422,815.3755651243257,70.43798731921879,51.711698106699714,64.95395680648438,1.1974205201780352,0.5852254825937571,1.2145227217032866,0.5803457714786576
2025-08-02 23:00:00,14.59211332800525,62.80966980507782,64.21848739495799,27.380707249591083,814.6808864975751,69.89820723155358,51.2332935355708,65.48575888616713,14.347652628476606,62.89224511465302,64.21848739495799,27.396653964335048,815.8387409361329,70.34953032307045,51.69940583326903,64.85096113920156,1.2121646082285682,0.5898838318079316,1.213192292623645,0.5799836225688968
2025-08-02 23:15:00,15.465963709196965,62.64578670625045,64.21848739495799,27.38664887705451,808.7557676983815,71.2464417496426,51.065258789343055,65.36331180128656,14.381944284758076,62.88009072892025,64.21848739495799,27.385511522547407,816.5736544352092,70.23689662791038,51.68975970149768,64.83429437140525,1.204932230428056,0.587273774978505,1.211673254824787,0.5797118643776338
2025-08-02 23:30:00,15.81967512685174,62.75411686226601,64.21848739495799,27.421661592893656,813.3319145542023,70.08038948544069,50.77890834390384,65.10223542602002,14.404180096594088,62.87660125201537,64.21848739495799,27.37447357828571,817.5324528937209,70.20540765269861,51.664180318269004,64.81337151501633,1.200395305868955,0.5866008322966199,1.2097710135835757,0.5790523122765762
2025-08-02 23:45:00,15.615722220867427,62.8050635641139,64.21848739495799,27.384455264168764,820.5393532175406,68.54829579747324,51.2435750279518,65.26940146343854,14.44502421796593,62.866609584474276,64.21848739495799,27.365328696068943,818.8146843091153,70.17976469552102,51.66375292426508,64.79610327011333,1.204849692161298,0.5816710809480362,1.2074946034869962,0.5783515259228126
2025-08-03 00:00:00,15.451892279674428,62.84294389460639,64.21848739495799,27.33561250016488,827.5053375226955,70.09839949432696,51.25197008794067,65.70455368191833,14.490121567010952,62.85790993852042,64.21848739495799,27.35633026638275,820.1801122318741,70.1098904896842,51.6506299987137,64.76156448335736,1.2044666606408083,0.5812905435780116,1.205574790530297,0.5776281948451547
2025-08-03 00:15:00,15.421958939172908,62.86553782286958,64.21848739495799,27.29248470938033,836.3580470596653,70.52540675698171,51.92364180984392,66.01153277466659,14.539242579999337,62.845233752465695,64.21848739495799,27.346046947419246,821.3907613623293,70.04019961944108,51.65983912185343,64.71896867736677,1.2094700411874073,0.57568026415075,1.2040752231975234,0.5768242337306777
2025-08-03 00:30:00,16.060872478741544,62.74631030507478,64.21848739495799,27.2873445847842,830.4988485576604,69.91044590748217,51.76443844540582,66.0110906862482,14.579934098536626,62.84038469606753,64.21848739495799,27.334512239729058,822.7930563133474,69.93316727947601,51.686854187192814,64.6829753681489,1.2022314527257787,0.5722966326604838,1.2029603072708903,0.5760465707110396
2025-08-03 00:45:00,16.46753060995965,62.873925546956286,64.21848739495799,27.273567660836683,837.6411542327326,68.90883413034615,51.73621043174688,66.06454160482437,14.637268324230575,62.835039307506115,64.21848739495799,27.322790058936803,824.058261777696,69.90201407410993,51.69992658227945,64.64539821977318,1.2104249678060923,0.5772950800352451,1.2015425640011244,0.5751874559528074
2025-08-03 01:00:00,16.45228833321656,63.024596141358856,64.21848739495799,27.27101671139063,831.8986104660293,70.6261244409403,51.99412070594448,66.19180180577658,14.691747049087558,62.82881391577925,64.21848739495799,27.311872048898277,825.0678289494658,69.85934493332635,51.71642466423366,64.59131441269324,1.2000256942909668,0.5821025413691082,1.200398999065053,0.574213838024926
2025-08-03 01:15:00,15.885584668035092,63.00012683785069,64.21848739495799,27.273212877879484,832.0980975814857,68.81861567261815,51.878513421847366,66.13050344016999,14.745927213523954,62.81674077835831,64.21848739495799,27.302186810887637,826.1837672247829,69.76418451996437,51.742052762696765,64.53944887751496,1.2037635086450194,0.5839852871556124,1.1989025047586819,0.5727867239605742
2025-08-03 01:30:00,15.178196574863591,62.935836316584414,64.21848739495799,27.291036867075377,831.4916452556872,69.26097503196227,52.11696478346206,65.79608699914654,14.793072220717484,62.8095678670012,64.21848739495799,27.29514245250143,827.1987258143844,69.67848403558273,51.76829426014865,64.48775061944745,1.2028672225990953,0.5809155373120711,1.1977893865508422,0.5712862976574855
2025-08-03 01:45:00,14.836982673783613,62.82527308952108,64.21848739495799,27.30333851976575,833.6661135338572,70.09137822678753,52.1367840339879,66.05795114012743,14.841898359151092,62.80353559055043,64.21848739495799,27.290542324900084,828.6354139405817,69.67325343019135,51.77955038012226,64.44724750715103,1.20463032703155,0.5803521211628982,1.1970677052628032,0.5695918023703522
2025-08-03 02:00:00,14.97452942291268,62.866381605662085,64.21848739495799,27.225847194523865,836.260561006959,69.25817981828777,52.08998529552963,65.9197171299885,14.8911966754884,62.79642893097162,64.21848739495799,27.286046948699553,829.9014918866566,69.63948344982049,51.79907482845547,64.40148398002042,1.2046414747822436,0.5761414654755115,1.1961174667783776,0.5677174347016376
2025-08-03 02:15:00,15.09844333425002,62.82864762425832,64.21848739495799,27.24186271821481,837.6523284162159,68.44137357102962,51.99109619896685,65.6484173238297,14.939727048827704,62.78756143099835,64.21848739495799,27.283102691965706,831.3123937713683,69.60578052269543,51.82260512054369,64.36478715835246,1.1974924377616325,0.5750870336586995,1.1953343740098308,0.5658167184411472
2025-08-03 02:30:00,15.007776100211863,62.70777029783836,64.21848739495799,27.243560094577106,828.7877773774127,68.74920041714192,51.58084844524061,63.06112276455156,14.973684393667847,62.7728902750949,64.21848739495799,27.280209940513494,832.2626170249862,69.51663850780768,51.88334480428041,64.40300544870142,1.2035372458005629,0.5673753663099489,1.1943283008832823,0.5637592432159958
2025-08-03 02:45:00,14.62681456844462,62.64645317378099,64.21848739495799,27.229530476513887,835.8087174740836,68.66984524985291,51.45479509077612,63.187317584043456,14.999347974101722,62.754986509417215,64.21848739495799,27.2780324380626,832.851867287825,69.49345448906978,51.93874568707694,64.36528051386698,1.1897121052871171,0.5719446055132933,1.193852160628178,0.5617106841385303
2025-08-03 03:00:00,13.81428138602767,62.84975525850933,64.21848739495799,27.22764598612777,831.680101047346,70.0819623087255,51.484360748802885,63.06236287532118,15.013192757453215,62.739972760715055,64.21848739495799,27.277786468159896,833.4265877738691,69.51634866720906,51.99314223012541,64.34114185513323,1.187715995813656,0.5583928280845238,1.1927606101093697,0.5596823126174338
2025-08-03 03:15:00,13.955078719400754,62.820027367212745,64.21848739495799,27.256067059806217,839.1632659381764,69.83180916817419,51.96137648550906,63.26980888474189,15.007343529126816,62.729163558482796,64.21848739495799,27.27821483141144,834.3873658569646,69.43924765448428,52.050018258171015,64.32580463352093,1.1741505760426352,0.5559241403433578,1.1916593832931714,0.557758619805805
2025-08-03 03:30:00,14.21840382708134,62.83418238016046,64.21848739495799,27.225870327730757,845.6014059065076,69.77124677240326,51.54808824117977,62.9596016719223,14.98194641593313,62.71098120264566,64.21848739495799,27.278231997960763,834.8415665748884,69.41782780518346,52.111860579298536,64.32854317396153,1.175043754299142,0.5488867334869878,1.1906664202171133,0.5561441357541289
2025-08-03 03:45:00,14.3878917955206,62.73965985588951,64.21848739495799,27.25153913107417,838.6796170962447,69.741174803623,52.05872215085652,62.841831292091605,14.941819436831816,62.68899834852164,64.21848739495799,27.280307347605174,835.0878669420879,69.44281780131129,52.156834802035384,64.32395465268561,1.1746157495541332,0.5509585781240656,1.1902951636100858,0.5543040353475744
2025-08-03 04:00:00,14.337563285930711,62.74402192621744,64.21848739495799,27.212617981607305,841.8086778361636,69.31632040606382,52.59146426334155,62.98406726866369,14.887106801526551,62.666279683016185,64.21848739495799,27.282722170373116,835.058924078504,69.40761186802162,52.213604674841456,64.31348827423366,1.1867676303588073,0.5527117495983872,1.189645055730811,0.5522195827713676
2025-08-03 04:15:00,14.500802830261918,62.65868970313871,64.21848739495799,27.18155868020796,845.5901242303487,69.13958350038729,52.35444395354002,63.08758422619119,14.822553255258722,62.642057147860434,64.21848739495799,27.286930034915752,834.9778491162383,69.34579156680573,52.24353410870717,64.29333565595368,1.179855370577205,0.5523466955805731,1.188660930003294,0.5501407097581145
2025-08-03 04:30:00,14.36092727763656,62.77987282425831,64.21848739495799,27.179870867368635,835.735241609103,68.06854410224757,52.45249651860721,62.878209252639465,14.721722960788412,62.62114998736907,64.21848739495799,27.291379409316885,835.1388016844971,69.35255977292276,52.2659448236706,64.26990537396986,1.183761714526978,0.5512012276167437,1.1873697690249416,0.5482938731433206
2025-08-03 04:45:00,14.11306236428127,62.64956834917386,64.21848739495799,27.19871801009125,833.3954027594514,68.75950732120549,52.49901766965152,62.94279658010598,14.607185318166394,62.593981721868616,64.21848739495799,27.297375158891846,834.945177492225,69.35237893981058,52.280246963246036,64.24521530312433,1.170754038520469,0.541324179221333,1.1852752949285654,0.5464272075116692
2025-08-03 05:00:00,14.28179922183662,62.669060745572665,64.21848739495799,27.23615597001872,832.8697212707783,68.15589491130392,52.41615168743989,62.766299521169024,14.483157387638805,62.55822316969485,64.21848739495799,27.305278609600986,835.0388342431962,69.32198225869129,52.2816282639303,64.21241601659604,1.1836361663871655,0.53625760857259,1.1835735444566933,0.5443534340292941
2025-08-03 05:15:00,14.826384716163616,62.71426216982343,64.21848739495799,27.322746546844563,838.8236331442504,69.38741099968198,52.20108979705961,62.74522247715751,14.354195325251998,62.5218087174183,64.21848739495799,27.314788656344895,835.2438941734018,69.31893700014602,52.28161341664249,64.18533067643371,1.201693139812013,0.5298955478470218,1.1814983435027313,0.5420295357756447
2025-08-03 05:30:00,15.181732611178996,62.63847288606862,64.21848739495799,27.29270257092749,836.3271195947539,70.65267585555699,52.1581282973932,62.56752344376096,14.230124478773282,62.48062924010459,64.21848739495799,27.322804003199803,835.244895696052,69.35379079735723,52.261196620440614,64.16718629956806,1.1900876455548768,0.5259729585631346,1.1800496226538968,0.5399025731090449
2025-08-03 05:45:00,15.343579563602388,62.5333922161138,64.21848739495799,27.283354002191665,839.8147974145668,69.629769589117,52.21343449933067,62.55382278807889,14.116690703971985,62.44544050334694,64.21848739495799,27.33109021217089,835.266058792508,69.32420136314425,52.24939941089204,64.15222321989107,1.185409006211958,0.526803430015437,1.1785736715198902,0.537669580162173
2025-08-03 06:00:00,14.865700445976188,62.43924692916168,64.21848739495799,27.303274578892697,836.2993082274598,69.56487275981956,53.11230199491344,64.64928546800957,14.009848413599801,62.406100589677855,64.21848739495799,27.341235976040785,834.8874645377267,69.35263333566034,52.231433235537565,64.1333838594117,1.1833327434162475,0.5269801384192343,1.1770755374587891,0.53556261578855
2025-08-03 06:15:00,14.8368868099651,62.40094307714571,64.21848739495799,27.32696353017368,832.7924421074171,69.57074919191626,52.87088985722112,64.64465515395267,13.903415388851602,62.3722929566026,64.21848739495799,27.351647865080476,834.4538344820338,69.35992180150103,52.197267470318735,64.04268344149168,1.1831363125249013,0.52376871026979,1.1760962012822895,0.533415996789925
2025-08-03 06:30:00,15.007456828549987,62.35925734401304,64.21848739495799,27.373328152509977,831.9225010788982,70.58503257573169,52.86518982702478,64.7615991241545,13.806206103896281,62.34551260818743,64.21848739495799,27.3631004119987,834.5662181229703,69.37926359539883,52.17475365617771,64.04913517708566,1.1794180926643203,0.5290326861750395,1.174731228240505,0.5315403058900782
2025-08-03 06:45:00,15.290486859405018,62.32151063928272,64.21848739495799,27.39949977460085,837.5791101912465,68.93341136789921,52.77153963071113,64.90319515291759,13.718928669996892,62.321688329397304,64.21848739495799,27.375969497466066,834.2705627417903,69.42787977434611,52.15727183300066,64.05378842697972,1.17189542594211,0.5295629906296403,1.173905651495405,0.5296217635268786
2025-08-03 07:00:00,15.057761731041165,62.208646187152,64.21848739495799,27.42217658937339,826.9579360919125,69.43779400641672,52.63417797772956,65.18439163923792,13.653332061363312,62.291995090012534,64.21848739495799,27.39121091557962,833.9725305746555,69.43953595437094,52.158879541674814,64.06275401110881,1.1706064135872083,0.5381663107463381,1.1725713273548755,0.5281653888670961
2025-08-03 07:15:00,14.411912847828011,62.14557794039332,64.21848739495799,27.44671575350108,827.9283642335275,69.29799568130768,52.59280171005722,65.1317458251611,13.578854943445938,62.26284058039856,64.21848739495799,27.4054049090574,833.2941663651492,69.40663353994651,52.144506800819094,64.06709758929232,1.193711993950476,0.5264680687514026,1.171836775969542,0.5268582782942323
2025-08-03 07:30:00,13.810513220516468,62.16138392944266,64.21848739495799,27.408057183203145,826.637051615177,69.04222149563714,52.95506627212292,65.39056232835989,13.50387341735291,62.23365967497672,64.21848739495799,27.419302890167508,832.604434868386,69.41983175585158,52.13657191017719,64.07138159277287,1.1849634242625564,0.5187569662918051,1.1711219943077047,0.5255780925672433
2025-08-03 07:45:00,13.485352551138044,62.138861768197074,64.21848739495799,27.4187206456594,833.9257981916963,68.67079772050502,52.82152482581556,65.40695422626733,13.436555841969431,62.20285768038237,64.21848739495799,27.43206341348234,832.076343452842,69.44232883347573,52.11487080524007,64.08682039939384,1.179946269361901,0.5133140737531561,1.170311845401754,0.5243087462369638
2025-08-03 08:00:00,13.035963644632254,62.119095490333805,64.21848739495799,27.420825816818223,835.3274256054232,70.11349209099258,52.43675989430849,65.30818222673346,13.385659129127964,62.17548256743171,64.21848739495799,27.445417326175953,831.8095663469677,69.44993429007398,52.07377549417545,64.09684501344346,1.1634966233752124,0.5168915342166676,1.169499081903327,0.5229186543550416
2025-08-03 08:15:00,13.031401331299094,62.05887758194272,64.21848739495799,27.45344014808556,831.8324284645695,68.90340913698144,52.16527461900989,65.3238394794583,13.333512980343821,62.1483041199047,64.21848739495799,27.461928884702797,831.5507527438779,69.4874720129393,52.04044159190412,64.10397128814093,1.1475907449148082,0.5212951110857046,1.1685771223433215,0.5216254622683943
2025-08-03 08:30:00,12.731450417388883,61.95183957614577,64.21848739495799,27.50812023266488,834.708312995167,69.7142240073611,52.03555972647247,65.20782320992784,13.278765707101517,62.11878403536602,64.21848739495799,27.47824673495322,831.7118608891833,69.53089264444996,52.00479094510463,64.12857346209144,1.148973180134803,0.5198893368978555,1.1674837054108422,0.5203685484188226
2025-08-03 08:45:00,12.016722796430969,61.90769326955451,64.21848739495799,27.558514280196665,838.2498954876544,68.72725791626024,51.87806800321312,65.3179432353004,13.221764485382362,62.09481762055122,64.21848739495799,27.494961492479536,831.7996115181453,69.61469143165837,51.96429253159708,64.15580105372366,1.1415074800261518,0.5142683395461298,1.166604041574274,0.5194188010550305
2025-08-03 09:00:00,11.456071180502043,61.70045199717298,64.21848739495799,27.531497272722657,831.5216909351914,70.30658894829857,51.5044608974058,65.2517556931767,13.157846447307438,62.07071354561674,64.21848739495799,27.510769901948255,831.8276311832034,69.68467853678261,51.92420894086294,64.18372528892625,1.1594055971340658,0.517106657314078,1.1654549338043558,0.5185026141682693
2025-08-03 09:15:00,11.433969429744726,61.769610986791214,64.21848739495799,27.551924788898333,834.3010064275408,69.20369520039826,51.78286774753055,65.60905874981799,13.089948721368119,62.04222446219352,64.21848739495799,27.52257706869055,831.5205477848947,69.73908352233528,51.889166678219894,64.21843007403427,1.160351793011354,0.5133623327567406,1.1639699676953912,0.5179181076618549
2025-08-03 09:30:00,11.769260711747132,61.68618419558988,64.21848739495799,27.530220110620725,824.9027333635172,70.11113899377014,51.55100003489547,65.35453631560716,13.005016111341297,62.0184178961993,64.21848739495799,27.537627415193626,831.3332685773568,69.73046143059146,51.84960933030799,64.26245671387838,1.159697452949204,0.5129325342668244,1.1629991609584633,0.5174196378388483
2025-08-03 09:45:00,11.905452591804016,61.81441863200065,64.21848739495799,27.554219389405528,824.6434267454304,68.66002754625043,50.96612324240179,62.92740478622942,12.896821055085814,61.996382039260126,64.21848739495799,27.55364340199391,830.762553943927,69.71980651933636,51.8128730153652,64.4013140350834,1.1681123524666526,0.5106884636999474,1.1622228782392214,0.5167157742860534
2025-08-03 10:00:00,12.091497551552298,61.90435984538317,64.21848739495799,27.587136502123805,832.1592866055068,69.32945423407581,50.90543402100989,63.25467483237065,12.786430927785918,61.97771924924061,64.21848739495799,27.571827175213066,830.1608186623521,69.78226772614424,51.742194138456405,64.47851776494159,1.162588054547017,0.5111046393145442,1.1615382018683762,0.5161451533109463
2025-08-03 10:15:00,12.0084915514629,61.93172481007736,64.21848739495799,27.61560304053484,826.9390560386827,70.12833061827138,50.93034039546461,63.326915080865405,12.664737848629809,61.96045799877907,64.21848739495799,27.588475273924722,829.7724507460135,69.8393957111103,51.67814275298951,64.55154074356732,1.1649448029341174,0.514388334617307,1.1611697245024475,0.5158932673303974
2025-08-03 10:30:00,11.846383127020324,61.95895807696613,64.21848739495799,27.684888529534483,822.7391360333012,70.43164770947037,51.5325920090276,63.33133039919407,12.530102354041976,61.9474544674215,64.21848739495799,27.604998277638405,829.5174457147853,69.87172222580024,51.62860590870935,64.62451327216202,1.147686271597768,0.5147015882910457,1.1611720144627402,0.5154442020748571
2025-08-03 10:45:00,11.720765181879491,61.94539207879348,64.21848739495799,27.68188686413953,818.812339652989,68.84473673544107,51.53019425983752,63.40011623024697,12.386693121313662,61.937043546110445,64.21848739495799,27.619069008790554,829.0155572469836,70.00061248995036,51.57368236374612,64.70204169179922,1.152114034482639,0.5167108231574429,1.1620141843094691,0.5148620274986547
2025-08-03 11:00:00,11.968958044290506,61.95875521750538,64.21848739495799,27.642809761034037,824.9094610036069,70.16719324955505,51.31004152192264,63.088121776338745,12.246948150112088,61.93231774499006,64.21848739495799,27.633501291988715,829.0529599772326,70.10236719593529,51.52191896915895,64.78369294818634,1.1536003044440206,0.5104811616773176,1.163005366011897,0.514046687783898
2025-08-03 11:15:00,12.368364534016257,61.81560001805915,64.21848739495799,27.63435483051903,822.8368746299315,70.41608713234768,51.40768900274286,63.304995490721005,12.113927896891546,61.92900626135486,64.21848739495799,27.644932211308912,829.1096825166745,70.17690961517884,51.46838702953328,64.8742533962368,1.150311282375608,0.5128781882156821,1.1633684139939,0.5137601819405331
2025-08-03 11:30:00,12.810661900686666,61.92276853769751,64.21848739495799,27.61323536241576,833.8053646599301,69.54448410401191,51.35860493140297,63.28480569015195,11.987627897697195,61.92602743983949,64.21848739495799,27.656501430633334,829.347107401211,70.24745906896224,51.390039902279504,64.96223802093337,1.162384725406004,0.5110089931407192,1.1644736084443426,0.5137405890838042
2025-08-03 11:45:00,12.936418366737652,61.84333627732836,64.21848739495799,27.67690543601333,837.8257161376539,70.26571518634657,51.35442688540007,63.3013724671151,11.857887536623432,61.925010569161245,64.21848739495799,27.66841869104538,829.6057337552697,70.35500192848171,51.30958741114408,65.05528679085745,1.152196583777032,0.5135509329811573,1.165911869190037,0.5139651577884906
2025-08-03 12:00:00,12.7185090803674,61.89427028809805,64.21848739495799,27.669406374881277,840.5684859682682,69.37116304756765,51.3829771146223,63.616274471155165,11.750531698953733,61.924185073732545,64.21848739495799,27.68053835387518,829.560232680742,70.37033759957902,51.25150502301575,65.1562217179773,1.150959206552606,0.5134938121295939,1.1682056880877716,0.5142675495471024
2025-08-03 12:15:00,12.403025712706716,61.93057590472966,64.21848739495799,27.70016073588069,836.0279216283127,71.2734709374574,51.28406526442539,63.75962432907249,11.659587269888437,61.92845507134685,64.21848739495799,27.690898508189758,829.2424263377424,70.37664459431078,51.19923578040136,65.24994211011577,1.1443641234234243,0.5128317583075673,1.1710407916229209,0.5146378267239083
2025-08-03 12:30:00,12.364258079588836,61.94593849753838,64.21848739495799,27.710408254080303,833.7103112225184,70.25550806503125,51.21364396541552,63.604026577246856,11.584958223464024,61.935737595057525,64.21848739495799,27.699591041074367,828.8415041708835,70.3942956989493,51.16606825602995,65.34373580788986,1.1491629332896247,0.5087720019697524,1.1736733045801135,0.5148498327937513
2025-08-03 12:45:00,12.78945293798398,61.85958966712684,64.21848739495799,27.676961549113408,829.6111311949924,71.01956056626204,51.14982191776805,63.78636603039783,11.54215297271751,61.94357125245826,64.21848739495799,27.708840784993786,828.1222350727196,70.46670006708429,51.13484533257167,65.44800575347548,1.1571441565430662,0.5123603526545918,1.1769562398706412,0.5151640171698991
2025-08-03 13:00:00,12.63375431037442,61.92427590624215,64.21848739495799,27.74421296601989,830.7087433686114,70.39401310324226,50.97140786003631,63.88832263908417,11.514666473221553,61.958466802243905,64.21848739495799,27.716854736317817,827.5955755050097,70.49409675478086,51.11111387502204,65.55298332647193,1.160963443447048,0.5110188638729344,1.1801734822494088,0.51539603315458
2025-08-03 13:15:00,12.097727875937888,61.87231650793856,64.21848739495799,27.76383360620006,822.6933584116756,69.31012225146435,51.11134505104693,66.71954242422964,11.496276203016377,61.97074837130879,64.21848739495799,27.72387541434533,827.1557080130383,70.5775503874129,51.08196292525535,65.56613734188916,1.162120524634702,0.5056875234315948,1.1838875396443413,0.5160011384871724
2025-08-03 13:30:00,11.553996626979306,61.879363228575926,64.21848739495799,27.848787775467557,818.2472497802106,71.43870896405593,50.991935687649686,66.96539736375524,11.489120279625984,61.99201558058585,64.21848739495799,27.72996911926675,826.8083833089411,70.5343614482318,51.0507340236518,65.58409081728304,1.162792452290885,0.5098615091660179,1.1878464773277913,0.5165737592515918
2025-08-03 13:45:00,11.186094435281792,61.88310556329986,64.21848739495799,27.826406491523358,821.1414046172622,71.28458874089817,50.949348293214165,66.83534451272455,11.498536136020308,62.01242780085459,64.21848739495799,27.73590662347029,826.455851578161,70.56937226564509,51.03276188439408,65.68078033597595,1.1720819915470346,0.5162121308533248,1.1915037862591513,0.5175253491584707
2025-08-03 14:00:00,10.96839199091498,61.96915140328579,64.21848739495799,27.86901826392045,824.2723501420488,71.55482801642933,51.37908449862005,66.95077498199544,11.521932028269081,62.023975208945146,64.21848739495799,27.74013897407327,826.3035227827651,70.63323060314752,51.03251565060971,65.7655169521317,1.1794867914731089,0.5155607285088295,1.1952530318824628,0.5184642363758684
2025-08-03 14:15:00,10.98820987755564,62.00918299995109,64.21848739495799,27.821621709165203,822.5224561571983,72.80011929240295,51.12383328181448,67.22904774203398,11.546325795728098,62.032193799076495,64.21848739495799,27.743563463481173,826.4338717085611,70.63351606366106,51.02798463351191,65.84682286347552,1.1971605213439709,0.5120977533435699,1.1989822267964891,0.519572125099917
2025-08-03 14:30:00,10.865412594993964,62.06687215354013,64.21848739495799,27.85514508531834,828.0800179993837,72.49043518596463,51.08127614011416,67.63392933085156,11.573736784658703,62.035260561285746,64.21848739495799,27.743118110363856,826.388658921943,70.65975175134696,50.999525946702015,65.92235435405935,1.2003418646600497,0.5137061193036326,1.2031655902015912,0.5206065571811863
2025-08-03 14:45:00,10.42130525121173,62.04623343133755,64.21848739495799,27.789643333106916,829.6300404167838,71.53426825861453,50.986843521287376,67.84855926667441,11.610504494835917,62.04353968964683,64.21848739495799,27.742388774616977,826.4361014615184,70.7132881394916,50.97058638986929,66.00114445976276,1.204603433410569,0.5178728934504588,1.2076464444298738,0.5215610821292087
2025-08-03 15:00:00,10.021513244685943,62.07201928398143,64.21848739495799,27.755133762935767,833.7597981512735,71.15870510913912,50.60465245450951,68.03010106925744,11.646928023085488,62.05222556835615,64.21848739495799,27.74247319705909,826.4053546005428,70.71607574749315,50.936958351775225,66.08262558317571,1.218119257775831,0.5181691805899353,1.2118945644195271,0.5228893497159081
2025-08-03 15:15:00,9.59314171892514,62.10835564784982,64.21848739495799,27.77623845802091,841.6845888134549,71.89708350608934,50.40795009175267,68.19841732398966,11.675810140546353,62.0657056748415,64.21848739495799,27.741434129933687,826.3602227009432,70.72781067008809,50.90769717032813,66.16501630209486,1.2230940917327342,0.5200511348937482,1.2163342272609639,0.5240660986416393
2025-08-03 15:30:00,9.815288514541326,62.0943306274729,64.21848739495799,27.78441570171212,833.9623933695948,70.57356222391142,50.694288250458655,68.33623004032887,11.69710393368943,62.07695413638364,64.21848739495799,27.74024560637495,826.0035513772618,70.75410492539133,50.877165321574516,66.26163796131888,1.2323111903072488,0.5259632869750233,1.22039690966487,0.5254202002194406
2025-08-03 15:45:00,10.303068459340158,62.18697751037178,64.21848739495799,27.76424477752279,822.298238174578,69.09261897893437,50.59719734057811,68.13545124361244,11.703389909367727,62.09308509165314,64.21848739495799,27.736492638526293,825.4937445226042,70.76514197788495,50.83531584027075,66.35912518326762,1.2326438509692834,0.5324034263898831,1.224622589051256,0.5266645706611651
2025-08-03 16:00:00,10.492579024656552,62.170315287466096,64.21848739495799,27.768896219203164,822.6806479894027,70.24375714651721,51.04053399533051,68.02163414315044,11.700994275813363,62.10769697204476,64.21848739495799,27.733663468073544,825.0485247238787,70.77883653001145,50.80190916813157,66.44069052704269,1.2279485688505845,0.526249518993145,1.2289327954133382,0.52794971739246
2025-08-03 16:15:00,10.732565274035473,62.14270299157664,64.21848739495799,27.836006597779345,816.671822542733,70.8993889603094,50.941380299464456,68.44604160286909,11.704866093130113,62.12411926753364,64.21848739495799,27.730267845949395,824.7226586832795,70.74638644277285,50.77599574191263,66.5198150213536,1.239995538741985,0.5236938708305627,1.2336589951733807,0.5293886268952191
2025-08-03 16:30:00,10.631476195623373,62.14731849074215,64.21848739495799,27.771915812443503,815.7219039038972,71.12848957919572,50.79251717091684,68.40108288307023,11.710952847040122,62.140292151915695,64.21848739495799,27.7269738282117,824.3930381047431,70.77747645878897,50.74209962266551,66.60742930913189,1.2559228684970978,0.5240671368545053,1.2375867566807839,0.531017036741761
2025-08-03 16:45:00,10.882261323589434,62.13805805873792,64.21848739495799,27.76254512972369,821.1049816683968,71.70730417935941,50.90833925452991,66.00367921233503,11.715714152435874,62.15646076100778,64.21848739495799,27.723769048680666,824.0442885346806,70.7438274844218,50.69844548271794,66.68956461295281,1.271773514859322,0.5315154927345132,1.2413958753828467,0.5325818638402944
2025-08-03 17:00:00,11.554583010035415,62.32420047390148,64.21848739495799,27.713031258263506,814.482992240601,68.81547081833776,50.61413298678885,65.89314057742317,11.73024795336948,62.16936802293829,64.21848739495799,27.718648229048277,823.5872657508061,70.76767210034964,50.67805781244901,66.8470997941575,1.278465583452704,0.530111157199405,1.2450896846509232,0.5341835906770476
2025-08-03 17:15:00,12.187928283633712,62.4267852400631,64.21848739495799,27.732344515511613,814.0674748220265,69.71035206864842,50.42695906467036,65.82809034701677,11.751536850359502,62.18262292003782,64.21848739495799,27.71423670234201,823.2465848688014,70.82179636766536,50.644887378761084,66.90754590769605,1.277831620407449,0.5392361609063151,1.2486257011125896,0.5359590201889219
2025-08-03 17:30:00,12.793374319015484,62.25078208809984,64.21848739495799,27.714107020213177,827.5894227436326,71.24520435914907,50.89804700747854,65.79677331704369,11.780028006814756,62.199342267654814,64.21848739495799,27.70687082136465,823.1949830440667,70.79824656722882,50.620058611117734,66.9567736604933,1.2750654232463725,0.539271255836474,1.2525173494559174,0.5375448888636534
2025-08-03 17:45:00,12.740304575233331,62.17828251401776,64.21848739495799,27.718337722771924,830.8495238125636,70.13689443367728,50.794409882530914,65.76609242117942,11.821653057243042,62.218080338765596,64.21848739495799,27.698661960068215,823.1023938292052,70.7724126818884,50.61238149899665,67.01303118964489,1.276820650354907,0.547624996338769,1.2567713717941915,0.5388916889542414
2025-08-03 18:00:00,12.668712794938475,62.05096094324374,64.21848739495799,27.671527936015053,821.3827524347596,71.2187183400476,50.67883140473065,65.59727511670924,11.877393655491185,62.23693430497961,64.21848739495799,27.69061899166864,822.9660718140775,70.76249672748783,50.60632807240665,67.05233164736454,1.2731871737508138,0.5457345507291238,1.2608211555416002,0.5401745070615341
2025-08-03 18:15:00,12.823796487196,62.19376592962582,64.21848739495799,27.660006791733103,820.2356158402501,70.45082837978009,50.66200755485587,65.76381940134904,11.9421556164457,62.25768814544854,64.21848739495799,27.68506439653047,822.8419311954863,70.64718093541109,50.6180829527971,67.07772577045596,1.2865396613311306,0.5453465715981132,1.2641153437218127,0.5414861566664583
2025-08-03 18:30:00,13.06166389177766,62.219331578785074,64.21848739495799,27.64534243429755,823.9870551743343,70.25082148960166,50.30120037910044,65.53255547872736,12.02794140539451,62.276621932522126,64.21848739495799,27.679619021271286,822.4301853767897,70.56583141197846,50.62207140683265,67.09057240159422,1.281043904133616,0.5503291892782993,1.2671466244552045,0.5427449831118224
2025-08-03 18:45:00,13.234828057842115,62.22000321261966,64.21848739495799,27.60318281675687,821.4829176419454,70.7681348101962,50.529853559330256,65.77671705829522,12.131758425085268,62.29967713144629,64.21848739495799,27.675283942034202,821.6060074191581,70.5390232365128,50.62943788526482,67.10219161588454,1.2835011676187131,0.54818065598762,1.2697136632905253,0.543865187739988
2025-08-03 19:00:00,13.44947569497901,62.2602223839617,64.21848739495799,27.57757965565355,823.1052249494887,70.33331176310867,50.44264946879455,66.18345546687291,12.243989952556978,62.31966925763378,64.21848739495799,27.671457539134522,820.8208054506808,70.4739360748028,50.642273915466916,67.09788489192036,1.28426519752318,0.5516320404747561,1.2713353935605798,0.5449407277598186
2025-08-03 19:15:00,13.12499763708658,62.32726493541316,64.21848739495799,27.564316400553736,822.5315104979265,70.59682676115548,50.09894244628696,66.22598912557747,12.386049185219317,62.33862014059035,64.21848739495799,27.667640153568513,819.6139473231445,70.40629909133577,50.66763832336334,67.0907088172405,1.2789669653686189,0.550882046232894,1.2729757265312451,0.5460385728744656
2025-08-03 19:30:00,12.64664007373638,62.3326266998466,64.21848739495799,27.5845312612988,827.2118920065038,69.78199961136202,50.38077695044695,66.06323478440683,12.543690228616393,62.35880480273469,64.21848739495799,27.663603356772107,818.6456984857673,70.3826047982506,50.67381376308208,67.075909793978,1.2802653974150706,0.5520482140684387,1.2742069615842853,0.5468878725281576
2025-08-03 19:45:00,12.519180232209264,62.4232447693965,64.21848739495799,27.598292072156244,826.2519404103354,70.29996832029975,50.50666247785719,66.13335915839963,12.711803912190065,62.37954501016507,64.21848739495799,27.658071840292983,818.3411654747721,70.38358521490991,50.681625357247206,67.05781627240603,1.2861501162246955,0.5559990433903429,1.2751736065036645,0.547596174419125
2025-08-03 20:00:00,12.546860696889176,62.43112502899984,64.21848739495799,27.61158772194944,823.8216938664302,71.188208545515,50.19676038800204,66.23245521059582,12.893149460087438,62.40100268837129,64.21848739495799,27.65163968530856,817.9907993156685,70.3832163648948,50.6750371033492,67.03578574337389,1.266995778511718,0.5576242973660086,1.2754695625292412,0.5484160431843345
2025-08-03 20:15:00,12.932292099856484,62.34464793988939,64.21848739495799,27.580818163182368,819.1486440931161,70.01009133524704,49.84019771934105,66.25042514502562,13.06799294944296,62.42698324121532,64.21848739495799,27.64511047091414,817.6547817698846,70.35994513003943,50.667000256041014,66.99462723375694,1.271417717604961,0.5593051656105923,1.274742398361881,0.549246157992566
2025-08-03 20:30:00,13.06976833838259,62.31149376415742,64.21848739495799,27.590588377048167,816.9980598523731,71.10935158107733,50.35977775196821,68.61437807522489,13.24485918367116,62.45477369138605,64.21848739495799,27.640809636761812,817.4321060378825,70.3235232939934,50.650186010540445,66.86746450330145,1.2717777214893298,0.5590706689755318,1.2737141831734968,0.5500021691920166
2025-08-03 20:45:00,12.736394785638517,62.2699634209245,64.21848739495799,27.631487805012043,812.4729319515369,70.93385027093555,50.11623204040922,68.53292583038585,13.412027163531372,62.4865625912744,64.21848739495799,27.63652294133793,817.1955065568798,70.26934763652837,50.63131944970835,66.81262257188739,1.2682010184847008,0.5589504087878231,1.2716094475367967,0.5506163392721731
2025-08-03 21:00:00,12.408731320636994,62.38094365708553,64.21848739495799,27.62781134614673,816.6991950381718,70.73221495096013,50.24707265834896,68.44222994767273,13.571664662014445,62.51068339212295,64.21848739495799,27.634987964971167,817.0859022627483,70.29641512701336,50.617078065176344,66.75626100435377,1.2795419025907182,0.5574375694079643,1.2693902997420594,0.5513074930149827
2025-08-03 21:15:00,12.434845948130327,62.44524769662338,64.21848739495799,27.580140652630387,818.3637281714138,70.50957218068537,50.71903492958158,68.5230703872724,13.72393092786238,62.53389949440785,64.21848739495799,27.63313237663521,816.9730497066176,70.19397667247341,50.614459481620685,66.69816118291997,1.2997026616952632,0.5566161335709657,1.2671058753995996,0.551617917315257
2025-08-03 21:30:00,12.64060993835933,62.534770389706445,64.21848739495799,27.62772921193308,820.1826896882196,71.25734938441221,51.19748170092016,68.12978871358516,13.848472272834023,62.56775806808935,64.21848739495799,27.63160963043464,816.4052036397094,70.11500958714397,50.59013021075413,66.63589014130508,1.3009803038953711,0.5540452717276093,1.2649428341496922,0.5520086896603258
2025-08-03 21:45:00,12.931068706191096,62.63179821401876,64.21848739495799,27.654983855020262,818.7982375994603,69.34064553010055,51.47647969352814,67.99087143477622,13.959175339909605,62.60250686061308,64.21848739495799,27.630363170101585,815.6426113234946,70.0917893804521,50.5630106296062,66.56572151669613,1.295986166750345,0.5514472414912941,1.2628101322569611,0.5519319010006037
2025-08-03 22:00:00,13.438986263458265,62.634885765747846,64.21848739495799,27.6917838275428,815.7276434384844,70.04994948298618,51.20092976118074,68.01932826499969,14.050327513360353,62.638783263574425,64.21848739495799,27.631091306066164,815.2168127450036,70.054689986837,50.541261741160014,66.50558719637498,1.2912802866617985,0.5514709126645562,1.2610499184527744,0.5518446314261587
2025-08-03 22:15:00,13.535815841934395,62.73788939906245,64.21848739495799,27.65959095599437,804.9047016878413,70.73002299464476,51.20783787425244,68.19713569538362,14.126247544324194,62.6688860523635,64.21848739495799,27.633580087582047,814.9047291233619,70.02277152371593,50.53076530493852,66.44307885740962,1.281614598470194,0.5514790322954303,1.259322650408423,0.5518024015540296
2025-08-03 22:30:00,13.388459068837324,62.671783069606136,64.21848739495799,27.640341675945407,810.2037390969527,69.20609025783838,50.98973336057211,67.90089935033232,14.193490680550997,62.70271282033251,64.21848739495799,27.636830484076675,814.4164962887953,69.98852440094927,50.54585339109498,66.3787521340575,1.2667711658774672,0.5504353811848506,1.2572645508755604,0.5516195010659353
2025-08-03 22:45:00,13.854918698795284,62.67688213654683,64.21848739495799,27.661716891040555,805.4788449873656,69.867974002079,51.168882328645466,67.98313508359382,14.273528363275576,62.73664632971011,64.21848739495799,27.64067271452956,813.9008575750063,69.95314145328219,50.54437794227344,66.31068685060175,1.272304080852691,0.5529864883331574,1.2544437555051435,0.5515216294713634
2025-08-03 23:00:00,14.54451981645362,62.69987049180309,64.21848739495799,27.663311797819905,804.9149282482803,69.86273343135598,50.87955144202105,67.89225934245366,14.337720199449388,62.769534353129984,64.21848739495799,27.64510731430188,813.4495625774027,69.89370882841244,50.53245469613871,66.22499625380308,1.26924824189846,0.5514422765857819,1.2511730201004698,0.5512103695200979
2025-08-03 23:15:00,15.34647896655027,62.80918373328325,64.21848739495799,27.598299283149267,813.1622478447205,69.12203147871433,50.83154516553182,67.59264559645348,14.389051492559718,62.8022408508059,64.21848739495799,27.649039415061463,813.0846418171712,69.81595865949656,50.5391388596382,66.13136110387242,1.2616431985506542,0.5536524831189081,1.2478296536273004,0.5508728882222456
2025-08-03 23:30:00,15.93294546157774,62.81404563365279,64.21848739495799,27.57593156967037,812.1696632162905,70.23269164606376,50.84288637839016,67.3607182721865,14.435287587052672,62.834430568527026,64.21848739495799,27.65148235983901,812.5409198630047,69.8291234906429,50.534665207078895,66.03472053716906,1.2368272496178845,0.5508455819494305,1.2439404233621227,0.5504083177177186
2025-08-03 23:45:00,15.977869954701218,62.92211957689747,64.21848739495799,27.64013016594674,806.5912961692205,70.20125191464794,50.70027488021903,67.21128631436063,14.477294343775094,62.86279286390557,64.21848739495799,27.653047833842933,812.0568127760342,69.72566013225631,50.53171791423132,65.93575584769663,1.2181806137211897,0.5485973150775081,1.2392890870046678,0.5497924652623641
2025-08-04 00:00:00,15.937463222469276,62.98103199586397,64.21848739495799,27.6428907878737,809.0416319438351,70.0358344978148,50.2880898058998,64.58620096940534,14.527455827845083,62.89080577604981,64.21848739495799,27.655564425707,811.6079591750946,69.68795024199045,50.55837013822056,65.9206975234548,1.2250764128455671,0.5467474728380245,1.2346425536976997,0.5491597567151856
2025-08-04 00:15:00,15.897300719395808,63.09172505538847,64.21848739495799,27.633944267007163,814.0069972383127,70.0820344554085,50.34234242956703,64.3584212699131,14.577933078759562,62.92037843089336,64.21848739495799,27.659464802758805,811.5208408460155,69.67343185554188,50.5922866930748,65.8972176871221,1.2086314457583192,0.5499405951392079,1.2301667758003767,0.5484215178352022
2025-08-04 00:30:00,16.34370796452759,63.04782449935811,64.21848739495799,27.66698196726068,811.1948634166571,69.62749553288744,50.18689145082886,64.20229355141494,14.62943113324671,62.946931290090156,64.21848739495799,27.664353339320964,811.5181892150121,69.63939179674463,50.607358422112355,65.7950729600454,1.2118911496105789,0.5508457694836909,1.22592396124411,0.547583343954697
2025-08-04 00:45:00,16.75591625907181,63.12326830860989,64.21848739495799,27.676676865432817,810.6818981381095,66.63719843245046,50.34840155800028,64.08509570400298,14.68493647999563,62.97655700320536,64.21848739495799,27.667977508356778,811.6921959020017,69.57894523619233,50.62394727474679,65.69034331200558,1.2092988901336577,0.5485488899145428,1.221500303800994,0.5465292797978222
2025-08-04 01:00:00,16.529614668164783,63.26653929854486,64.21848739495799,27.668424634196093,810.5540407363808,68.8761917992658,50.168168881481925,63.9286420685964,14.748408702869046,63.002721246234515,64.21848739495799,27.670048722401972,811.6891153384366,69.52334581911917,50.635519525202426,65.59061121342206,1.2101741857491504,0.5509944261885394,1.2167108122782537,0.5454430954527808
2025-08-04 01:15:00,16.061396587500777,63.220746289729846,64.21848739495799,27.680943912780325,807.9717543261248,69.44028823292105,49.980822448092844,63.66103368291111,14.805566920822844,63.028585472981156,64.21848739495799,27.674145854087108,811.5839783281076,69.45077174859078,50.63985180727221,65.47991848137313,1.212839593572971,0.5453213365471069,1.210939250444145,0.5442621032982584
2025-08-04 01:30:00,15.403277998460933,63.13925303208395,64.21848739495799,27.693372014952363,808.6087950800238,70.10573653159447,50.02636475134534,63.793245507074765,14.884949738005846,63.0543514624948,64.21848739495799,27.67750044505432,811.2162942770016,69.36919882330257,50.644060677621994,65.39305440943554,1.2203807596252243,0.5431164634957716,1.2051900800973023,0.5432127159598452
2025-08-04 01:45:00,15.10139741611116,63.09684959329789,64.21848739495799,27.73467023720965,810.8731071909991,69.49327448614812,50.34711446821089,63.8885692323883,14.968683712062692,63.07834128307799,64.21848739495799,27.68055942578342,810.834655079784,69.34776354343089,50.63984548577941,65.3083967887069,1.234721620000579,0.5440796754342422,1.199434729010792,0.5423386724150604
2025-08-04 02:00:00,15.07895797858177,63.234134617855545,64.21848739495799,27.742854329136456,809.3400701373392,69.22340780660187,50.75384296379445,63.60275377816407,15.041313356518591,63.09830348639264,64.21848739495799,27.681392353250665,810.5642055956442,69.28588292632111,50.63896371762618,65.22873554353686,1.219300918147737,0.5448421746354677,1.1939054193902552,0.5414813970658051
2025-08-04 02:15:00,15.635958539579503,63.23800849394782,64.21848739495799,27.71844973034334,806.0137562282723,69.70664638018367,50.48559009468405,63.73475855462238,15.111570056151244,63.11645394900924,64.21848739495799,27.682206502198962,810.608548102328,69.18157928354664,50.63109946594219,65.14612736958216,1.1988773065062106,0.5452445081504634,1.1890429558988225,0.5405469523551715
2025-08-04 02:30:00,15.375230780193371,63.24686308655765,64.21848739495799,27.710617648823224,809.5663750213831,68.55033301701624,50.08495208475223,63.61273756291278,15.173285268636475,63.140118478285814,64.21848739495799,27.684330602916724,810.6140416473282,69.18175218553304,50.62109645211922,65.06955201188154,1.1861431353829694,0.5422942419367921,1.184806368372694,0.5395073596956812
2025-08-04 02:45:00,14.664936430396468,63.308459865690814,64.21848739495799,27.682279423341143,811.5838876909806,68.26432169367912,50.299467351272064,63.41693462765748,15.20568565799377,63.15906221226291,64.21848739495799,27.687032472903187,810.5355745550424,69.14649419069238,50.605694763365015,64.98623331304651,1.178665971173537,0.540757607297324,1.1802956878693165,0.5384167596658973
2025-08-04 03:00:00,14.03372290852507,63.29831823148027,64.21848739495799,27.65781960462532,810.9002333815084,70.1769445457524,50.24656737366782,63.1640177833064,15.223974316467,63.17710592313312,64.21848739495799,27.688609107344615,810.2864407462469,69.10940472159399,50.60009476778079,64.92336316579565,1.1635884894597366,0.5381110989326314,1.1760815134925415,0.537145464463838
2025-08-04 03:15:00,13.779382933881852,63.27411363075273,64.21848739495799,27.64525629227375,811.7287278012236,67.19606756870184,50.41824369242994,63.16441847422628,15.216448705268053,63.18820284488799,64.21848739495799,27.691209548012687,809.7429304842306,69.14040013495075,50.59233499974396,64.87554414718117,1.1466100255010483,0.5375234697297097,1.172563954893728,0.5357754823106935
2025-08-04 03:30:00,14.05170521898884,63.271512393327285,64.21848739495799,27.68708547787147,810.3560858382415,70.05691183753932,50.99632710767932,65.78070548334121,15.177966458423887,63.19949576556004,64.21848739495799,27.69501900215297,809.3239374212303,69.10640636702442,50.60077114167128,64.83092441748336,1.1275997793026802,0.5386430409506475,1.169807186898289,0.5345792537206475
2025-08-04 03:45:00,14.44660962729088,63.231827585195525,64.21848739495799,27.697829474736597,816.535094220742,69.5745397417898,50.85769436496795,65.54603005504421,15.124479126346312,63.20681773761363,64.21848739495799,27.69614902144933,809.2147579142998,69.09427331485053,50.59656752451713,64.69932817837257,1.1371443806852646,0.5371579992110929,1.1673079700614069,0.5331620233024619
2025-08-04 04:00:00,14.614709972997058,63.10807954006177,64.21848739495799,27.73724447391305,816.9185109222676,70.08814981716004,50.811929623094976,65.55003626292434,15.044773496497111,63.210668905031746,64.21848739495799,27.698736708731477,808.874417494886,69.04421657922877,50.61062359725683,64.65701000990826,1.1444932848013316,0.5339254525603753,1.1643263634809964,0.5321139729334019
2025-08-04 04:15:00,14.4015551881061,63.15873481438023,64.21848739495799,27.74021287608636,817.6931325612271,69.12045345436644,50.6138976194422,65.3910363891913,14.93789515743706,63.208587321718745,64.21848739495799,27.70212907910804,808.3332158311937,69.02527458369333,50.629662666631454,64.62699486004308,1.1354912951912175,0.5273284840815806,1.16215602666843,0.5309714102724032
2025-08-04 04:30:00,14.312898006839449,63.16587094796042,64.21848739495799,27.689947767502517,816.6067781312208,69.06423243876529,50.59424017201808,65.4502669901671,14.818250219278505,63.20576903016233,64.21848739495799,27.704711480243084,807.9797723744816,69.01254208900592,50.65802923403382,64.59584727322382,1.1358571569085107,0.5248520390567223,1.1601869288926907,0.529702424253208
2025-08-04 04:45:00,14.1495924867443,63.22117449902257,64.21848739495799,27.703054603184423,815.209617861544,68.33235006483365,50.849003391675154,65.20228842580454,14.682196705125858,63.20378326816975,64.21848739495799,27.705323740336333,807.7054124833097,69.0697961396595,50.68467895345104,64.57521847375406,1.1265558066720067,0.5211863689352947,1.1583528414183397,0.5287809497216661
2025-08-04 05:00:00,15.022094453849384,63.30775007511578,64.21848739495799,27.7283669409496,809.1521681550374,68.81016162576555,51.323747811413824,65.52386655545716,14.554549045181231,63.19469640202704,64.21848739495799,27.70649874938557,807.4750373927595,69.11506879863691,50.71238348255891,64.56519573915118,1.1285051934900827,0.5225636515752123,1.156498373358538,0.5276572291401466
2025-08-04 05:15:00,15.443087927896396,63.351492831514406,64.21848739495799,27.7467532768931,807.3490616829389,68.69758713395086,51.350023938250246,65.45114281291703,14.428145609019369,63.187202404275176,64.21848739495799,27.707870807721733,807.1062960123285,69.12506679429212,50.75003012254513,64.5752330864503,1.1233256341550382,0.5252259351477513,1.154682918099696,0.5266966475830236
2025-08-04 05:30:00,15.61787559713527,63.23375186518734,64.21848739495799,27.71677165156025,807.6141589142846,68.193530969692,51.17447671658403,65.62949090989844,14.311784631177257,63.178682898647814,64.21848739495799,27.709789103165445,806.6215254619846,69.10295891213562,50.78756521587312,64.5735738744347,1.1254009980456965,0.5257526521868962,1.1525790232687423,0.5258775623869997
2025-08-04 05:45:00,15.643516830914056,63.28240327756035,64.21848739495799,27.6840154244433,806.234976888354,67.60091371141098,50.9719103237329,65.71889047674262,14.19802062714747,63.169597606700194,64.21848739495799,27.710941026612552,805.8760612276365,69.10086929247498,50.815068120589736,64.57101510406042,1.1357406937272123,0.523445690976419,1.1502420861415683,0.5249636648154833
2025-08-04 06:00:00,15.239915443394167,63.38171894790348,64.21848739495799,27.704064697478263,810.3685454469588,69.21127731743049,50.6896429458828,65.60363861931386,14.080587616823278,63.15769565746927,64.21848739495799,27.71145180763813,805.4401841039871,69.13960899055422,50.84169793893507,64.58289964513526,1.1396735400936058,0.5192476014001419,1.1483833420327512,0.5239919254700403
2025-08-04 06:15:00,14.826930379514204,63.24519415585963,64.21848739495799,27.74277299063442,803.1248322187945,68.81023415685931,50.70683166601941,65.4835741185431,13.953920079805377,63.1442178910575,64.21848739495799,27.7126381277011,805.0529345243548,69.13335670416159,50.87132012157521,64.58646007311218,1.136983665751368,0.5202684874396413,1.1466166518854644,0.5230528389244969
2025-08-04 06:30:00,15.093179570650449,63.24118181790956,64.21848739495799,27.710610831062688,797.4409139844105,68.75004935840425,50.7115515744943,66.00615492492751,13.838589191645573,63.1299708872104,64.21848739495799,27.715038841154925,804.4771667649488,69.1813066098472,50.91561454085261,64.58633090955567,1.1428230105952164,0.513303420524004,1.1449508049172576,0.5221540714554186
2025-08-04 06:45:00,15.12071063058197,63.14209138592921,64.21848739495799,27.6763125031914,796.8569399842332,70.05189387941698,50.59875212442697,66.15807503801923,13.741273595813341,63.11769611124139,64.21848739495799,27.7178747524162,803.7391870744435,69.25222294483575,50.952910793245586,64.58914819598063,1.156116440586248,0.5125530185245725,1.1438315338231555,0.5210968636326877
2025-08-04 07:00:00,14.778478056252672,63.15283325381429,64.21848739495799,27.69021519387899,799.5998713262876,69.21287860827385,51.09597063620971,66.0221263812522,13.6481333874352,63.102605935363805,64.21848739495799,27.723548967727016,803.2731182535513,69.24983224805077,50.99827817442135,64.59311536305474,1.154124209754718,0.5149587242480512,1.1435852606496917,0.520196127392454
2025-08-04 07:15:00,14.37324999237402,63.14177873850525,64.21848739495799,27.674030744837363,803.3159109612989,69.83726034943102,50.57416636559435,63.26339914103675,13.566411823731995,63.09033205977615,64.21848739495799,27.72915304493247,802.7320001692569,69.33265934362126,51.03475665075261,64.6932386317979,1.143204108614713,0.506080402531938,1.1436427654519732,0.5195201154758351
2025-08-04 07:30:00,13.546294326993293,63.096567018407306,64.21848739495799,27.720521406338293,798.8314193614223,68.53413242916251,50.709771988091134,63.31665591547628,13.49464292105981,63.07691122671309,64.21848739495799,27.73260631379564,802.0969818811581,69.31446553038884,51.05027738396753,64.71675241807206,1.1356282154332598,0.515305961766228,1.144598637530984,0.5188328001533512
2025-08-04 07:45:00,12.690950547594236,63.02927755599866,64.21848739495799,27.73571537830394,797.7709473275464,69.51377458934522,50.91351451080538,63.4579667739576,13.41930597693292,63.06309030526422,64.21848739495799,27.737074463660324,801.3439036755841,69.307134148028,51.07188980152899,64.74463875579241,1.1435213413813283,0.5156637153092454,1.1453374642780756,0.5182041856924173
2025-08-04 08:00:00,12.754359819770924,62.96327575266549,64.21848739495799,27.744454001312043,800.5915597152964,69.24552069226495,51.037888472899816,63.26786594683752,13.340944066453188,63.054533144235116,64.21848739495799,27.740488994278227,800.4819332464866,69.28128708295235,51.09533763103297,64.77454581926214,1.1528182163384009,0.5127761889078355,1.1461863510810155,0.5176696495121319
2025-08-04 08:15:00,12.674310834492363,63.06369544883263,64.21848739495799,27.69504466823026,802.4511014029471,68.35481995205808,51.14789314051723,63.46623171990994,13.270024169881857,63.04306004928081,64.21848739495799,27.74522320199793,799.327895212945,69.30476515979645,51.11745907947684,64.8115279446726,1.1542762659031325,0.5209046539682851,1.147559119508063,0.5175123375367131
2025-08-04 08:30:00,12.700184869825984,62.99393331426344,64.21848739495799,27.703674905673264,803.6427880198747,70.23437156858802,50.99930475471808,63.62796003050997,13.20033327772302,63.0310121702417,64.21848739495799,27.75042436357044,798.2887287750649,69.3306268468447,51.13421181749324,64.85009378468784,1.1545401439550904,0.5172828087429525,1.1488553477502177,0.517521422835107
2025-08-04 08:45:00,12.269293502644942,62.9959263571741,64.21848739495799,27.72210566286514,796.9095129131917,69.74022810257762,51.11022164767912,63.962154101884366,13.126468845442664,63.01591004300675,64.21848739495799,27.75702236317089,797.3373621312297,69.3880831694404,51.133081536996876,64.88036517998034,1.158375935807721,0.5165038898334203,1.150825507822347,0.517622580599279
2025-08-04 09:00:00,11.912448663197589,62.88366786326295,64.21848739495799,27.7509208782638,794.0656785697108,69.44250006689938,51.15241755118518,63.74346914660725,13.026085464566416,62.99778601135655,64.21848739495799,27.762623008114748,796.8009085894116,69.41918873712902,51.09260886395775,64.89469131258616,1.1572639146966068,0.5185439076150514,1.1526055886386088,0.5176932870548284
2025-08-04 09:15:00,11.68847729521756,62.82429083486922,64.21848739495799,27.769227940622766,788.5091801605562,69.43058589632886,51.17220160970919,63.81180612115951,12.938473341647146,62.97456768095565,64.21848739495799,27.768101544222436,796.1509289790396,69.45093547652755,51.049778632996905,64.89937003325448,1.1646135061853673,0.5166627482887507,1.1548397605018268,0.5175548675767557
2025-08-04 09:30:00,11.555967668855992,62.8770761409279,64.21848739495799,27.758177759903763,796.2637564278613,70.38559874897867,51.55273751415455,63.95929001040952,12.834157174432764,62.95465436201468,64.21848739495799,27.77579082159181,795.7872317505719,69.5069788839457,51.00764417249793,64.90561358782425,1.1635385948832198,0.5156899942721765,1.1570526816798423,0.5172690961966475
2025-08-04 09:45:00,11.835932429042458,62.833675501594776,64.21848739495799,27.75403933223262,794.3962688393034,69.51907778840506,51.37425557388829,63.84157139392985,12.714745818161138,62.93422094903584,64.21848739495799,27.78319203607978,795.2704355009198,69.62339582910668,50.97185318371724,64.91022314675833,1.1458766020876063,0.5170719117841632,1.1591630698777813,0.517301652846839
2025-08-04 10:00:00,11.91530413539924,62.8194529711445,64.21848739495799,27.78263905243776,792.293342239201,69.98883018758423,51.413784663074175,63.6088626562177,12.595826918773328,62.90832050529596,64.21848739495799,27.78911061949522,794.5231789562874,69.60516019310126,50.940487774404694,64.924487044603,1.1361677263367609,0.5153312178644425,1.1611884034078963,0.5174929430363154
2025-08-04 10:15:00,11.745468555429524,62.94021658662096,64.21848739495799,27.76735676117955,789.4444969758212,70.39181174333577,51.41835492306128,63.50145322040631,12.476598022345176,62.88904633552907,64.21848739495799,27.79329162031998,794.1251928685098,69.6724500434796,50.91503724212388,64.95631852633605,1.145087838350471,0.509041372615399,1.163580095383378,0.5177548849928157
2025-08-04 10:30:00,11.239516657180832,62.84561295515226,64.21848739495799,27.82804606394972,796.918168754738,70.10522364220279,51.607588808941,63.28303279552909,12.352008520761185,62.863885589597544,64.21848739495799,27.80186045247773,793.7936194279882,69.69095969996025,50.887657862552686,64.97765938447164,1.1562002942558305,0.5110890117256216,1.1657350178905825,0.5182005595419581
2025-08-04 10:45:00,11.327736022785771,62.905897363123145,64.21848739495799,27.81337860843747,795.4951852723954,69.68088043581656,51.51259798236787,66.16811653652151,12.222687859834036,62.843295746593455,64.21848739495799,27.81055055249514,793.2244318101566,69.70636560118989,50.85764330285286,64.99470812835955,1.148335169569492,0.5172431122311404,1.1678396381964948,0.5188717715826489
2025-08-04 11:00:00,11.898638138823236,62.86888740143564,64.21848739495799,27.79068354376652,791.3055371952746,69.51109744056708,51.46194910412669,66.48611907156629,12.096634718088461,62.8219769621083,64.21848739495799,27.818147737831858,792.521993024152,69.73518367355413,50.80152938367072,64.9302364280153,1.1562759416730068,0.5180235812761311,1.1702986744311672,0.5194445252228218
2025-08-04 11:15:00,12.186501303484157,62.817199941729314,64.21848739495799,27.831873970677023,793.9427480535255,69.35459827096459,51.50606689181164,66.38262018665431,11.979359665866374,62.79752374861428,64.21848739495799,27.826651422891803,791.8492353746917,69.77300353335096,50.757497335417376,64.95260094552863,1.1593091830980078,0.5182995653830759,1.173344035585953,0.52020653491291
2025-08-04 11:30:00,12.263852658605122,62.85136470918858,64.21848739495799,27.839680392450138,791.0593980493436,69.31273786489047,51.51536450821431,66.44724816701658,11.86316678913272,62.77383996465622,64.21848739495799,27.834404546141652,791.3158731621686,69.82272589950773,50.711759750048365,64.96892476819055,1.1699598888895255,0.5178893671518137,1.1769883323006138,0.5206108497618795
2025-08-04 11:45:00,12.27395829096619,62.814541965751175,64.21848739495799,27.88223910767755,783.0719915549757,69.82479575968954,51.277541072758446,66.500500151505,11.769855394777096,62.753871774642285,64.21848739495799,27.842243209820204,790.6210365242149,69.89914525454682,50.67723150127168,64.98697455158857,1.1766743480026431,0.5226091248190164,1.180786844398345,0.521172843360491
2025-08-04 12:00:00,12.222171242074335,62.804434576787216,64.21848739495799,27.84598261467775,785.4317849948161,69.84008305021226,51.09682231251021,66.60724219062399,11.686286157761064,62.73873417753444,64.21848739495799,27.850302342089233,789.8629801850243,69.964437956512,50.64627998372952,65.01243138410173,1.1747440041731585,0.5251245980085397,1.1838491452234985,0.5219252993014689
2025-08-04 12:15:00,11.933659518333537,62.76811068197371,64.21848739495799,27.90099459119791,786.6686185464953,70.05603974270501,50.815094976784046,66.11043028457969,11.613272204254088,62.723167476520324,64.21848739495799,27.859577870898875,788.9157076515899,70.04644660519973,50.598360279973086,65.02465296206564,1.1856606088358814,0.5242211018604535,1.1868892372230524,0.5224606592946764
2025-08-04 12:30:00,12.010593027561931,62.76402912561016,64.21848739495799,27.8963862892653,793.0585619004917,69.74332865642414,50.10956762024021,65.95365053363172,11.554289305654914,62.713130002587526,64.21848739495799,27.869954808886234,788.3235193513862,70.03210180073312,50.56684800296186,65.0371382346263,1.1819076179779384,0.5246848452416962,1.1905281075193328,0.5231605194949568
2025-08-04 12:45:00,12.814724240318377,62.6549429194873,64.21848739495799,27.91110936012387,787.8496733717751,69.6499893159069,50.06511700942491,65.59150443296706,11.51452032763924,62.70343311186763,64.21848739495799,27.879461641531453,787.8583676373108,70.0449256257667,50.53990142931699,65.05076832117118,1.1903507900515775,0.5210733508055684,1.193839640820122,0.5238973782349825
2025-08-04 13:00:00,12.488390580703795,62.63635229695817,64.21848739495799,27.94744997264136,796.7032420602559,69.87483319223662,49.91044290161472,65.81679754699135,11.482862649533024,62.697336552850935,64.21848739495799,27.888619394586353,787.1029281630047,70.07512355241383,50.50880588777911,65.07729499117976,1.1917886333861638,0.5171795107836504,1.1979750838306005,0.5245629955393795
2025-08-04 13:15:00,12.061176142765254,62.66940088819506,64.21848739495799,27.906051859082503,790.7310893987935,71.09342206624055,49.89818066031225,65.85717724476488,11.473461857841782,62.69149065034815,64.21848739495799,27.897325573696797,786.7461517223138,70.10529743127611,50.48273145383514,65.10132146340815,1.1990523396653727,0.5244223904821639,1.201875213666638,0.5256283602907221
2025-08-04 13:30:00,11.672348461759938,62.60470563570728,64.21848739495799,27.881622199941432,787.9508491079862,68.66420823726753,49.74868066650635,66.03155555465383,11.486087260801902,62.681971054865286,64.21848739495799,27.904973302225233,786.1847980943195,70.11289631725465,50.44044204737909,65.11723578972075,1.200433545997068,0.5249863070844365,1.206021861316131,0.526705565302331
2025-08-04 13:45:00,11.250063486669596,62.66696906285303,64.21848739495799,27.868203015377272,791.185249585464,70.82892966820953,49.94331569759505,66.43851857053481,11.518079749846668,62.67478942044849,64.21848739495799,27.91389732315436,785.6467543157155,70.15506331986502,50.41317488840148,65.13664539747346,1.2087344250158083,0.5281267461346468,1.2102099661366819,0.5275813084990284
2025-08-04 14:00:00,11.35549452313074,62.48635943996348,64.21848739495799,27.967675795795056,787.4937107687634,69.30533905282373,49.89017018735824,66.6463806689951,11.56118264338209,62.66911472305214,64.21848739495799,27.921959772264962,785.5029582567238,70.154146956581,50.38256644117252,65.15928741677133,1.2074706858113524,0.5266736569982758,1.2147174439756847,0.5285230274306438
2025-08-04 14:15:00,11.241090802767443,62.52439609580673,64.21848739495799,27.93701550371369,779.7813114492876,70.51407091630611,49.69831533343248,66.66953735465648,11.600023809933049,62.65980061239498,64.21848739495799,27.92929712373058,785.2626442928348,70.14210658338064,50.359024749710706,65.19271600524571,1.2192550497636256,0.5326893797452976,1.2188923413345913,0.529936013040896
2025-08-04 14:30:00,10.996883803885474,62.51326971925957,64.21848739495799,27.918130753980588,778.5267077461446,70.07742077920162,49.412553060745154,64.08797537092458,11.647881829512777,62.65126729130999,64.21848739495799,27.9316316885868,784.5714364766735,70.12141841699167,50.32422132957985,65.31968125679622,1.2278952967948864,0.5321413334532376,1.222600398166778,0.5314683732728199
2025-08-04 14:45:00,10.854998425711372,62.40818233368477,64.21848739495799,27.92914129663574,783.1331814774938,70.97185614333553,49.253204917994346,63.93433466643674,11.696594835212359,62.645841610363284,64.21848739495799,27.934844541418588,783.9469775995889,70.12567682310396,50.30422637330926,65.35139241496503,1.2345649432582932,0.5289406932345857,1.2266091466969706,0.5329071946471317
2025-08-04 15:00:00,10.060508024983648,62.38605349966558,64.21848739495799,27.95311510383378,782.8305529857276,70.02580341386538,49.33764442702076,63.80637059533389,11.74321738985032,62.644174089645574,64.21848739495799,27.938214986175183,783.4777509586122,70.1288851629368,50.268952405929085,65.37496687366522,1.2449571168730764,0.5274354072353116,1.230465589351311,0.534535950694348
2025-08-04 15:15:00,9.891608716925512,62.43023185558023,64.21848739495799,27.970875288660533,776.9258481889331,71.8063552405186,49.8776670475049,63.999460275898166,11.799050729547648,62.642133554695725,64.21848739495799,27.940224143879572,782.7220536512109,70.1215827146831,50.23112053056513,65.41694686055062,1.2574767043132675,0.5325235232675872,1.2339207381263009,0.5361457896553241
2025-08-04 15:30:00,10.24728270929006,62.50914783943041,64.21848739495799,27.986227969382828,777.8498695395783,71.20430175121962,50.109342946634925,64.03157092223235,11.854347422579032,62.637483977283935,64.21848739495799,27.943237917701705,781.9084659015033,70.11249819364181,50.20630431107053,65.44992855573719,1.2446872410930006,0.5353498671371749,1.236671413136822,0.5377460199246173
2025-08-04 15:45:00,10.483892229283036,62.596694418409,64.21848739495799,27.973310532519648,774.0329253999167,70.81507941269066,49.7103020278242,63.83287905882759,11.903880808965756,62.63178503091146,64.21848739495799,27.94440836798281,781.5734856790691,70.11304752729413,50.18731456523083,65.47254419347502,1.2454790258897517,0.5369654537645119,1.2391874296434793,0.5391610484988225
2025-08-04 16:00:00,10.930697911850778,62.69280909627966,64.21848739495799,28.01498304529398,785.8771390137616,69.80402743458934,50.05393644438141,64.00251820732954,11.925582527672898,62.624600825613385,64.21848739495799,27.945300188976738,781.2832763144121,70.06626963399121,50.172832715950015,65.49502878139313,1.2637062528434988,0.5382786147513625,1.2417519523797687,0.5407470980458491
2025-08-04 16:15:00,11.076224162174674,62.7050196355773,64.21848739495799,28.00731064222169,782.9549614909347,70.12494285358508,50.301824438333135,64.37105669823056,11.952594873789726,62.61736261054308,64.21848739495799,27.943598691130507,780.8379973296106,70.03718381146481,50.16162507882571,65.53065808347617,1.2577219348313902,0.5386096520341914,1.2438255977942698,0.5424165656191776
2025-08-04 16:30:00,10.962718320011092,62.70077109276181,64.21848739495799,28.02565346991077,771.402494340524,70.3484378663132,50.21955130504861,64.53926924686442,11.980342824000433,62.609222961883034,64.21848739495799,27.942373708249807,780.0331670529907,69.99974637850028,50.18406769786502,65.57595790044071,1.281327205010978,0.5385124267469606,1.246311951785245,0.5442588831203431
2025-08-04 16:45:00,11.406453544480314,62.64891375978585,64.21848739495799,28.03041331393615,777.8058869398308,70.3358022621975,50.38996859139014,64.53260028801185,11.998209377773568,62.60655152291813,64.21848739495799,27.940573640899263,779.4975547259818,70.00293997904289,50.2021487909473,65.63187241546271,1.281617401266479,0.5486236908290317,1.2481213259214252,0.5463487695541894
2025-08-04 17:00:00,11.934729757659657,62.59148827644204,64.21848739495799,27.987609615756856,779.4231475880305,70.61356532833464,50.28405532047295,64.43671979978718,12.02596065143457,62.60492651494887,64.21848739495799,27.936103993783966,778.7305039521386,69.91624665695649,50.216136567964455,65.68981436994517,1.287938024368022,0.5480061446204408,1.249576494948199,0.5485828511633923
2025-08-04 17:15:00,12.795707100385409,62.61822646909066,64.21848739495799,28.021759960106326,778.254955481185,70.78408786671592,50.55624080455985,64.42385962651103,12.057622878488473,62.60571149137919,64.21848739495799,27.931258177545885,778.2361966362994,69.879120867838,50.221413093479946,65.74103903845104,1.271519746704134,0.543344207685085,1.2512226480422348,0.5504593628100889
2025-08-04 17:30:00,13.208390941461868,62.64921204925412,64.21848739495799,28.024512525755892,787.9794604694481,69.96133928906382,50.49553124620542,64.28812323515427,12.090211119681276,62.609980925715284,64.21848739495799,27.928199939930927,777.6544056023613,69.90111428938283,50.22442915560409,65.78869554197068,1.2713920615068448,0.5435827858129078,1.2528371740663593,0.5522937070278535
2025-08-04 17:45:00,12.91070355195832,62.6607932669061,64.21848739495799,27.987477305148143,782.2350780591552,70.03060054732462,50.71210417920702,64.50431087463735,12.131265520543268,62.61517999229476,64.21848739495799,27.92627550329095,777.0736874745652,69.8573380870112,50.23119288110715,65.83312328280631,1.2703347591176657,0.5514309409229616,1.2539471261007917,0.5541440460765222
2025-08-04 18:00:00,12.675257244572649,62.589613322602624,64.21848739495799,27.898083009636338,776.1819342698996,69.48457865053417,50.56348620501514,67.0919903420443,12.180072363356194,62.626897367871926,64.21848739495799,27.922925509177144,776.6690899553652,69.84358906166712,50.21130619340748,65.77403078415476,1.2674419992214232,0.5570598186833434,1.2555204593658198,0.5560500578062972
2025-08-04 18:15:00,12.789126193773267,62.743126934722,64.21848739495799,27.909764193390945,776.7614189598521,69.80863261918522,50.91274929425043,67.11945128158595,12.261594794493613,62.6371194496102,64.21848739495799,27.921312378146048,776.2524746276735,69.80323559791324,50.19980140826269,65.70836428108086,1.2685976254752855,0.5604077534604885,1.2566472096184265,0.5578902024221539
2025-08-04 18:30:00,13.29731477796211,62.81886177990409,64.21848739495799,27.891796886464515,777.2287379659779,69.60734763555197,50.40373008272116,67.19335283257179,12.359343847069516,62.64775399045582,64.21848739495799,27.919553474447913,775.8204204344437,69.77632533515218,50.19341815328163,65.71875117147259,1.2719692213032043,0.566886262692621,1.25736530370045,0.5599291119483599
2025-08-04 18:45:00,13.861501494403942,62.75598389323387,64.21848739495799,27.89214870180865,771.2718288314841,69.1355248233536,50.37111063089316,67.64201979321666,12.459089787189098,62.66357148714239,64.21848739495799,27.91757454401596,775.2828391043054,69.73630163794572,50.18816392201892,65.73519054967198,1.2629636463477114,0.5665947342123634,1.2581882701090916,0.5619656290137343
2025-08-04 19:00:00,13.922753449546674,62.711877386834914,64.21848739495799,27.930093607114063,766.6517655581176,69.04020223365188,50.77087792337636,67.43669902261352,12.583880633474251,62.67272616729214,64.21848739495799,27.91516737756174,775.1404327032717,69.7382327415496,50.188322360362385,65.74779356764739,1.2524801392051617,0.5658962752306073,1.2586069704203298,0.563948796539647
2025-08-04 19:15:00,13.759959882567804,62.64357357457708,64.21848739495799,27.917352616110637,773.0225848819507,69.8412757692591,50.707848697567385,67.17896928363984,12.720253296979699,62.6799835490648,64.21848739495799,27.910761508830905,775.1007257819155,69.68618335336916,50.18085798971487,65.75138740218596,1.2521548432023606,0.5650599820451734,1.2587220305684843,0.5659859165823659
2025-08-04 19:30:00,12.87322280328864,62.58890841784488,64.21848739495799,27.872737244495664,776.7255040551033,68.43674625112472,50.66236683408558,67.28177982816729,12.866579737715636,62.688687650037565,64.21848739495799,27.90688543707428,774.9006204884329,69.67079995315491,50.168647641814,65.7548300979426,1.251679686261836,0.5727060844193385,1.2591363590153755,0.5679456360906748
2025-08-04 19:45:00,12.744029901838404,62.550964229864775,64.21848739495799,27.849949655811084,773.3102490024504,69.18346506691307,50.478865863054985,67.17930934707104,13.017633788907936,62.69457083198571,64.21848739495799,27.903073421178444,774.7659406832033,69.6251045475226,50.161529956667806,65.75711623330703,1.2478699712709151,0.5743051290603076,1.25927760942987,0.5698544299082623
2025-08-04 20:00:00,12.843031533883122,62.51983966580877,64.21848739495799,27.85963680284418,768.9136536018964,68.62020566748784,50.78284619141955,67.31264504256775,13.174687356449285,62.69717528644818,64.21848739495799,27.898283856003832,774.0801119761628,69.62638362466376,50.15144917525053,65.75665962699573,1.2564982377071976,0.5799543702766623,1.2588364802986216,0.5716520720545487
2025-08-04 20:15:00,13.350720853512406,62.574799750540215,64.21848739495799,27.857107339607573,771.7813035615084,69.74579733218604,50.60754980189329,67.26893988362687,13.327499285571934,62.69691640803948,64.21848739495799,27.89427663093503,773.4172823065361,69.65068322711075,50.14021127888016,65.73865942164312,1.2446320141369869,0.5837699438209565,1.2589880523993824,0.5732492222317827
2025-08-04 20:30:00,13.320928790533957,62.58760205788032,64.21848739495799,27.81336055918257,773.6917188449627,67.27403352964407,50.33007621212948,67.55505618146543,13.48726337005479,62.69577648000771,64.21848739495799,27.890904977777236,773.213264775289,69.67523921236722,50.135578969469684,65.72222781771139,1.235443704189371,0.5842019590597403,1.2586641654078738,0.5748370984041258
2025-08-04 20:45:00,13.011042954382289,62.692950181104486,64.21848739495799,27.760677371939988,775.9018699236143,69.9796483926856,50.05647642577714,67.39391729994104,13.631139994173628,62.6945333428988,64.21848739495799,27.88645995053467,772.8572843560631,69.65222208989331,50.13467833038014,65.71322901548471,1.2484369324864515,0.5807177398830559,1.2579179304184482,0.5757992256322803
2025-08-04 21:00:00,12.649995697544028,62.73278866579011,64.21848739495799,27.789875071492524,770.4971180898416,69.32401088361274,49.83916253023065,67.46125066024302,13.764090279223755,62.69395213061768,64.21848739495799,27.882194625661832,772.396622477248,69.59892922809222,50.143253096099976,65.70963340271052,1.2488693267207962,0.5800166336173754,1.2566722773549002,0.5768101328645152
2025-08-04 21:15:00,12.481695512529296,62.82294106023753,64.21848739495799,27.81046991617809,773.7637057515834,69.51564359706072,50.14622746268637,67.77135079560352,13.882112920015663,62.6909926687772,64.21848739495799,27.87729925514498,772.0146417969147,69.47091139553783,50.144905620896566,65.69155443736217,1.242032986048783,0.5836369175947059,1.255967863150684,0.5777994136465135
2025-08-04 21:30:00,12.81969980751855,62.83788070727824,64.21848739495799,27.86717597238089,775.3557851927603,68.89286829250088,49.293569556368354,64.8736057094487,13.984313144363947,62.68931600821639,64.21848739495799,27.870697699218486,771.4484735856292,69.46738472581912,50.14687834883612,65.68253606510167,1.2546706837621988,0.5838540088915278,1.254934353261576,0.5787329110412741
2025-08-04 21:45:00,13.686763736890022,62.8310585479552,64.21848739495799,27.888621572780764,767.2828516185341,69.30346700368987,49.353171779088655,64.69954226243986,14.081148779195617,62.68500051447918,64.21848739495799,27.863752215366883,771.0286739347644,69.47077884315605,50.14978791173395,65.75217001176198,1.25305755734183,0.5878937182209973,1.2543850347494547,0.5795705148729975
2025-08-04 22:00:00,13.929355381162576,62.83230594462789,64.21848739495799,27.865363643036627,765.5650819492537,69.27011289636987,49.22105541131359,64.39958208267632,14.173339685541322,62.677125706623514,64.21848739495799,27.8569628665656,770.4435639350293,69.468419195321,50.159685206624005,65.73892059831891,1.2494381192555828,0.5933086192394214,1.253374811103407,0.5801078175305633
2025-08-04 22:15:00,13.847376629298822,62.88270723428215,64.21848739495799,27.869773383677146,767.0057415733448,69.77114522714186,49.09557798011304,64.42751601241854,14.252826902402782,62.66707229008702,64.21848739495799,27.850006237141777,769.9147093556313,69.47713273918524,50.16256687440526,65.7237664149137,1.2592539355175432,0.5900362051958159,1.2523322938202897,0.5805976723276609
2025-08-04 22:30:00,13.804233413538284,62.66069390415786,64.21848739495799,27.88090011020724,778.5583609547151,70.08373652198168,49.34239757732452,64.18446113459622,14.320009207513884,62.650550060894346,64.21848739495799,27.84429895507132,769.6881564895023,69.4816355426254,50.18133504135133,65.7146154194228,1.2575181262102249,0.5869304330126954,1.2514864244440702,0.5807223033777943
2025-08-04 22:45:00,13.982788622088965,62.64795330876011,64.21848739495799,27.83869922673538,775.7346405482494,70.24487359510532,49.65373592807952,64.10727531205524,14.371470757892602,62.63251515826978,64.21848739495799,27.839393559573807,769.5314712764498,69.4894118751443,50.21548434118298,65.6722864128755,1.2609285087578972,0.5936371245491517,1.2506013108725826,0.5806171265352055
2025-08-04 23:00:00,14.637075931368123,62.7702708686133,64.21848739495799,27.869945816684098,771.8467107351017,70.74279974479231,49.74303250960876,64.13485179493154,14.409207214443866,62.61386455533156,64.21848739495799,27.83409133159237,769.6501470405893,69.43599624223205,50.223593154948816,65.63215201504931,1.2571170944997392,0.5941414523864423,1.249627442192435,0.5805284907505531
2025-08-04 23:15:00,15.015513765052043,62.773189876853294,64.21848739495799,27.858950055644534,769.99253124303,69.4442172437211,49.49677147343861,63.90146311976006,14.433607853445142,62.593803476288286,64.21848739495799,27.83055140632614,769.6462369681892,69.44361806173312,50.23824974075054,65.61549233597157,1.2497165383245896,0.5942292682921333,1.2483524537563402,0.5802747788886539
2025-08-04 23:30:00,15.642304938091222,62.77094273015365,64.21848739495799,27.87129609005562,765.3022778025452,69.84239974882455,49.751513001862925,63.98882001799058,14.47174566531852,62.57057616201592,64.21848739495799,27.830117527477867,769.6559706973076,69.48164392686945,50.25344223128621,65.58938429478036,1.250472378906038,0.5922078791399563,1.2465250139743147,0.5795574937454656
2025-08-04 23:45:00,15.660582035854144,62.697253283316336,64.21848739495799,27.887093890157452,763.0700714021339,70.85393092699465,49.96468754722192,63.83105053765249,14.497087486361519,62.54700432079368,64.21848739495799,27.83018200290469,769.6712173173514,69.48163776094351,50.28583613960621,65.56409239454027,1.262269097854225,0.5865241573512128,1.2441707167757534,0.5786429862503272
2025-08-05 00:00:00,15.755640854496828,62.66657325180892,64.21848739495799,27.924503875177155,765.281968403108,71.08511742400735,50.08058202273477,64.04632112891218,14.524077971301855,62.51988557948786,64.21848739495799,27.83049284287089,769.7784389013319,69.50876023327753,50.30489130178317,65.51650571402219,1.2716105952657106,0.5861487119172489,1.2415270390702007,0.5776986156280106
2025-08-05 00:15:00,15.72275226804544,62.61161964651863,64.21848739495799,27.897062496659206,767.1264743630569,69.64528858798035,50.36294941870363,64.26263622121174,14.553627094733418,62.48749884148423,64.21848739495799,27.8294837797575,769.8338564525296,69.51346240577807,50.33853023898223,65.4668905916886,1.2592303515837175,0.5774875076736691,1.2393745050452878,0.5766536468499646
2025-08-05 00:30:00,15.923238309163454,62.57405190800814,64.21848739495799,27.859649869571644,765.6032912235755,69.0147794743019,50.541298292068014,64.32885141656136,14.5855438956233,62.453559917461305,64.21848739495799,27.829318743546274,769.8526766316435,69.56333728606387,50.37268770455734,65.41260351572261,1.2505684324615711,0.5783333615874867,1.2371515890862856,0.5753886658626395
2025-08-05 00:45:00,16.336386324142655,62.529442613876505,64.21848739495799,27.87489884460082,766.7955350711853,66.94355289008405,50.605816548457504,63.88149066606061,14.628727121726858,62.41885962906609,64.21848739495799,27.83076283709207,769.7240903851931,69.54227846375102,50.41267588406699,65.3629409827253,1.250387320577662,0.5730226311450376,1.2347194333904938,0.5742033891957484
2025-08-05 01:00:00,16.27439767191035,62.59891223242956,64.21848739495799,27.82646584796097,770.9944141308878,69.85553919750235,50.55471308439201,64.01757206733934,14.68044343765652,62.379627950331816,64.21848739495799,27.83337552235222,769.5595524956545,69.5159355403703,50.45889726145877,65.31770587100381,1.2403867648335976,0.5715877076557226,1.2319753033735976,0.5729541903519517
2025-08-05 01:15:00,15.81577259690844,62.53132845479,64.21848739495799,27.779112789600006,769.6410885332065,70.13242406743296,50.79939106614214,66.59332927444666,14.73530144260662,62.338281615246146,64.21848739495799,27.834864008982947,769.3822926996589,69.49002376612144,50.473700236035356,65.18023787666453,1.25385520375403,0.5765590558746647,1.2295493559780895,0.5716189621709865
2025-08-05 01:30:00,15.440984434943791,62.3533690869326,64.21848739495799,27.69440254559797,758.6286342778493,69.41378921548234,50.86040505171668,66.69450793875214,14.785612587090318,62.29413941288108,64.21848739495799,27.83270461940299,769.0929932838517,69.48459669771249,50.511893052886926,65.15162765192294,1.2371352898400012,0.5731788984103152,1.2266921733496472,0.5702991984403339
2025-08-05 01:45:00,15.17374269961706,62.441524438627056,64.21848739495799,27.70106531067631,760.8957815779111,70.0700389351126,50.99919932768796,66.66482577942979,14.839982094263728,62.246227861406645,64.21848739495799,27.830191692856747,769.0004649208137,69.46547642759442,50.55681554622391,65.12936336289717,1.237322106981752,0.5751033973734203,1.22404945574834,0.5688089473316086
2025-08-05 02:00:00,15.312783931295144,62.32319490412407,64.21848739495799,27.720578424350617,770.4321519821027,69.74243173875648,50.96677509110357,66.91882296784469,14.886854906461755,62.19633344760733,64.21848739495799,27.828284217442576,769.121438002645,69.45940523450237,50.610756054629334,65.10969531656566,1.2465931400166217,0.5706251941966243,1.2215081819078057,0.5672068400046856
2025-08-05 02:15:00,15.405348005765552,62.21493681449687,64.21848739495799,27.74498683688339,766.5712724399125,69.3688147989208,51.39558962584221,66.3721495967975,14.946210296229793,62.143042668280266,64.21848739495799,27.82757572411054,769.2463853389221,69.44784953122128,50.67496994763106,65.10289363313431,1.2364102392030822,0.563439428934696,1.2183879409917937,0.5655978366665312
2025-08-05 02:30:00,15.054847146084535,62.1523592986882,64.21848739495799,27.77102676767096,770.2120384823032,67.43773324628462,51.014142336351725,66.23266708782809,14.990045330515716,62.096829580931264,64.21848739495799,27.825157705080972,768.9020976186067,69.38442429658481,50.72829501443574,65.09288685147081,1.2232640788007343,0.5632372016910404,1.215285416122234,0.5641056171236515
2025-08-05 02:45:00,14.491979052606146,62.04174120327895,64.21848739495799,27.81115485812374,772.9052827099503,70.069930354291,51.14754627161892,66.67917891130732,15.018719946853263,62.05005558781722,64.21848739495799,27.823916730533526,768.5829288553338,69.2987517021559,50.76683487675867,65.08422472158512,1.2139051901195166,0.5574486261881912,1.2119291238997225,0.5623537320012207
2025-08-05 03:00:00,14.01735715949001,61.89208898967401,64.21848739495799,27.85972087904752,777.0175159286524,69.5775222052142,51.11814155015601,66.49853859243103,15.028946868494517,62.004547022830295,64.21848739495799,27.82194110622925,768.4135942816478,69.22748067123966,50.791887423040386,65.0794367090442,1.1968564928010783,0.5511875301236927,1.2084077559112332,0.5606015320897798
2025-08-05 03:15:00,13.504284533128294,61.843808993197456,64.21848739495799,27.85188391861571,773.7676476037689,69.18328008913518,51.45068311265464,66.42055233986848,15.02964459874815,61.957498721008065,64.21848739495799,27.82114891718912,768.2200510244242,69.19149095409358,50.82493299188888,65.08222956367653,1.1772410553140782,0.5468699042061543,1.205077210353309,0.558772293680862
2025-08-05 03:30:00,13.65274608209318,61.70627742663396,64.21848739495799,27.868962001830088,772.1303011213074,69.43387983750804,51.35450105672842,65.885044627025,15.015615898759581,61.90746852668566,64.21848739495799,27.82065564369986,768.3621157153881,69.16497957818885,50.85193553327041,65.08896054270463,1.1771879065406108,0.5516232516071639,1.2017755492175561,0.55689168364256
2025-08-05 03:45:00,14.237194556459354,61.60319761043155,64.21848739495799,27.82683544620596,773.4438300974427,69.88686250720284,51.61671791786524,65.7804862136196,14.981422058612015,61.85525867520814,64.21848739495799,27.818632540976854,768.4020309464476,69.09817876456552,50.87630402146472,65.10004636904006,1.1800559933895955,0.5524208804795784,1.1985543548115998,0.5549926625133129
2025-08-05 04:00:00,14.278432817230374,61.5694343371923,64.21848739495799,27.808409472845803,774.2563242183757,68.77027993821791,51.35480017938264,65.92644390248545,14.918765670215937,61.800278620512664,64.21848739495799,27.814363437996544,768.3146449157578,69.03282219396935,50.91814366771658,65.10349068241473,1.168756225419309,0.546252529439985,1.1946693750498825,0.5529257141765658
2025-08-05 04:15:00,14.306539737489054,61.65194152924824,64.21848739495799,27.804000178313835,772.0442825301046,69.34788372330007,51.2561218110668,65.90404131002198,14.84602653332717,61.7440389718688,64.21848739495799,27.810843964849436,768.337646334404,68.98880320388551,50.94240306993892,65.09095207953914,1.175472261612701,0.5451594398763254,1.1909219273968046,0.551091092747897
2025-08-05 04:30:00,14.201485175433882,61.555838303761846,64.21848739495799,27.868255629297025,765.5609814036834,68.53372318219125,51.225803851984,66.10419730859795,14.764149242531467,61.686728682505546,64.21848739495799,27.81019231598136,768.3375649465889,69.01613965221337,50.964466748196635,65.09721598437044,1.1665454262139026,0.5425406683034745,1.1873975936626233,0.5491989985923927
2025-08-05 04:45:00,14.12743566103231,61.58255100766724,64.21848739495799,27.855124515099888,768.4459118717162,68.73829036959525,50.590316699983866,63.647310965425625,14.669615625594838,61.62969329307917,64.21848739495799,27.80810317456371,768.3109607135362,69.08409329320077,50.98295415033685,65.11536901110249,1.1692545641835452,0.543580072165748,1.1840684486269795,0.5476036992126365
2025-08-05 05:00:00,14.329034142029457,61.51361463632654,64.21848739495799,27.8023942849822,766.6768027185444,68.73005624023207,50.4393540619157,64.01529896720074,14.567390625143146,61.56609379356128,64.21848739495799,27.808841101568735,768.348455858513,69.02021880298717,51.02067266974078,65.2047211532945,1.1689552049089262,0.5442610969719526,1.181143417765655,0.5462412980957015
2025-08-05 05:15:00,15.31784895209242,61.393712003722094,64.21848739495799,27.81323377639353,764.5070007273907,68.72985890014776,50.70084657919802,64.03161359166634,14.454026148934592,61.50089170194918,64.21848739495799,27.81084902587411,768.5658518601792,68.99946248040979,51.049928132144494,65.21374839082307,1.1737760293026087,0.5431861849592349,1.1778044552189766,0.5445804041605922
2025-08-05 05:30:00,15.335539747103288,61.33547353064827,64.21848739495799,27.80813938061139,769.1942744041977,69.0879771036085,50.83927066347628,63.809540692731495,14.333179762157156,61.43822925265007,64.21848739495799,27.815876236077433,769.0088268154884,69.00206710033781,51.081016581470095,65.20792004372701,1.1731999040395649,0.5452453994317324,1.1751710102578783,0.5431968541515743
2025-08-05 05:45:00,15.628038322340007,61.2839838544705,64.21848739495799,27.84851858371615,770.7541616616544,69.42447412870922,51.0219947701649,64.22346550947796,14.223235635312845,61.37161922901522,64.21848739495799,27.820861443651374,769.1998548012715,68.91890162118014,51.1131576089733,65.19314737569105,1.1656467080371835,0.5417661050511823,1.172651442859371,0.5417462126607424
2025-08-05 06:00:00,15.119284442115932,61.27430128368756,64.21848739495799,27.808359539320136,768.2297293452516,68.18097948288731,50.94214958146482,63.88425768469127,14.114398876254594,61.30650268755247,64.21848739495799,27.825412146922087,769.1787376642243,68.93639197764354,51.14347904554507,65.16451905720545,1.1644423801234247,0.5421638467263055,1.1700455833838952,0.5404183490543296
2025-08-05 06:15:00,14.843027112215388,61.24473351533885,64.21848739495799,27.80146999031209,766.1595776500625,67.67469576223799,50.809931797767405,63.84741141548458,14.011455976365406,61.248170675196306,64.21848739495799,27.830581418258568,769.2444203273087,68.95919442251358,51.16476063790431,65.15704528735986,1.1602397420825594,0.5410805708762312,1.1677785996035204,0.5391274604732372
2025-08-05 06:30:00,14.943883580605718,61.40501391900575,64.21848739495799,27.81067708755587,766.766673524519,68.604668817305,50.49460889806036,63.991211418703934,13.931650710974338,61.18966803352973,64.21848739495799,27.8345803354359,769.1536154749343,68.99995404305724,51.183525810837274,65.16053493882262,1.151476054845064,0.5415754550432123,1.166158980858454,0.5378170951251298
2025-08-05 06:45:00,15.036445672661095,61.36174082218635,64.21848739495799,27.835184384440524,764.1862335263263,68.364525729339,50.48813853889317,63.98524875872993,13.865165043716836,61.13589887080469,64.21848739495799,27.837420059558884,768.8151452495869,68.96654501938006,51.19957083216961,65.15336194388323,1.149800171586859,0.5393521160246006,1.164676892711613,0.536824231895513
2025-08-05 07:00:00,15.2214439384341,61.27003690048175,64.21848739495799,27.85649788537788,769.5642185314606,69.04705847168256,50.56158924330885,64.1907493888334,13.79917896753901,61.08655055261751,64.21848739495799,27.837077745811015,768.190543784974,68.89963136853088,51.22085948290472,65.14320192464245,1.1514225448334527,0.5357895779908963,1.1637564662576918,0.5361374911677022
2025-08-05 07:15:00,14.634766831427187,61.13095773899048,64.21848739495799,27.8264008084672,764.2675283339213,68.8499065182942,50.69574219305131,64.16362532771575,13.7540985489394,61.03625807795616,64.21848739495799,27.83734349781948,767.6865747089957,68.95418790141015,51.228323048145235,65.14554503768125,1.1656332656755326,0.5295535234738022,1.1639209733091036,0.5353153272481433
2025-08-05 07:30:00,13.87594920261448,61.01717161094439,64.21848739495799,27.796430785767978,762.6603874824104,69.12442030612256,51.33577141029065,64.1496505301523,13.711324616825156,60.99609240259702,64.21848739495799,27.83908097031573,767.0848416588556,68.9549908641061,51.242445950012076,65.16267612070708,1.1550612024141926,0.5241402618148365,1.16442957573635,0.5343966621723529
2025-08-05 07:45:00,13.54057816138244,60.92443018720273,64.21848739495799,27.791478302245935,767.8165169224442,68.32471888546542,51.09073148537392,63.88647813494394,13.666142966889078,60.96157899860354,64.21848739495799,27.844643357318173,766.7256679447318,68.97792571962609,51.24819055471719,65.185517740998,1.1468069219913866,0.5224488648136005,1.165200928394457,0.533429580719637
2025-08-05 08:00:00,13.466919585292374,60.85474322711083,64.21848739495799,27.840100403529355,765.6008495891235,69.83487292413781,51.20320863979939,64.51676856150011,13.624238864530787,60.92676505850498,64.21848739495799,27.851713196470293,766.2554922306643,69.0263386437907,51.255610659936856,65.1995865955055,1.1448384204361282,0.5215705369223578,1.1664063362431487,0.5327132841980801
2025-08-05 08:15:00,13.50037781604376,60.818380931085,64.21848739495799,27.81222460207118,765.9974080796044,68.98216211970566,51.160438612664,64.42608146802206,13.567843207160315,60.887043309878095,64.21848739495799,27.857980775038758,765.7739530670834,69.07376018952058,51.26182656745104,65.21550966097885,1.15051296950834,0.5251636497523522,1.1677166306712699,0.53217106059282
2025-08-05 08:30:00,13.20764765835967,60.69092724689294,64.21848739495799,27.848603658111777,772.1192684801898,67.93930449109487,51.68626866651015,66.69813633309997,13.513283505906708,60.84961318800425,64.21848739495799,27.86252830625894,765.4645179577666,69.10113595486656,51.25274999683241,65.14386346889208,1.1526358389938751,0.5307156741476757,1.169629082717496,0.5316370472245956
2025-08-05 08:45:00,12.414838310651726,60.57526570642696,64.21848739495799,27.83935051876128,776.1629685831939,69.50973439011106,51.677054938253264,66.8641464003037,13.454824282258528,60.81060556213945,64.21848739495799,27.86762564627452,765.1462523066365,69.09296935602946,51.26835393996373,65.15912854270046,1.1536863273536748,0.52673223782138,1.1712015757473522,0.5309932371031343
2025-08-05 09:00:00,11.815592831620734,60.47349560795916,64.21848739495799,27.845218851697577,771.9178829371257,69.49192781332299,51.79305853148477,66.51965752587064,13.399467862273982,60.77642061386841,64.21848739495799,27.873460637265087,765.0508141339168,69.1483393409604,51.282910585992035,65.15293134128171,1.158131941007049,0.531672398139779,1.1732436622896416,0.5304021386041495
2025-08-05 09:15:00,11.875418894287764,60.4432237295817,64.21848739495799,27.850621537894583,766.626621151407,67.57507456038287,51.96343015278412,66.22164573835087,13.314446562826298,60.74425100336832,64.21848739495799,27.87652159456709,764.9419676160546,69.183395523011,51.298643458417125,65.15845339490008,1.1617350850265364,0.5315841526484666,1.175096206816392,0.5299845708402109
2025-08-05 09:30:00,12.047681159547604,60.36969866024162,64.21848739495799,27.857099522472136,769.7986378706838,70.26714243265792,51.876418188256565,66.05997341327657,13.233873455447625,60.717059064215,64.21848739495799,27.8817706314,764.6685555742346,69.23065635156577,51.31579805630784,65.1716633223763,1.168417355752346,0.5307892860042418,1.1768515231384553,0.5293778443685883
2025-08-05 09:45:00,12.317061009089926,60.46497644381185,64.21848739495799,27.90006497697772,768.5417523324463,70.05288814502254,52.034037396619325,66.14793650143001,13.135093706863739,60.68974686166762,64.21848739495799,27.885671930335366,764.3665923978302,69.23639802340082,51.32946991335512,65.1703574408978,1.1684007257918394,0.524712771501924,1.1791583724057346,0.5289122174101019
2025-08-05 10:00:00,12.660689184352478,60.39728004869082,64.21848739495799,27.890994282990928,767.4878929110729,68.6605218625946,51.577097524340665,66.33735663171028,13.013961134348698,60.66709730829128,64.21848739495799,27.890426221849882,764.3423327380567,69.30967259751772,51.33838918652558,65.19469656665416,1.174675516448739,0.5239262412478145,1.1810526082139425,0.52833610334464
2025-08-05 10:15:00,12.497409034881036,60.428666321527785,64.21848739495799,27.896346581813283,762.7511759495209,69.0676596439754,51.628896911589095,66.46398906312601,12.888418520741826,60.64791658708922,64.21848739495799,27.894441851724117,764.56920515948,69.37021933333078,51.34516559205247,65.2209749275732,1.1694425457142863,0.5276627292996875,1.1830275064828835,0.5279592307778948
2025-08-05 10:30:00,12.037774874155293,60.41163944405877,64.21848739495799,27.849451466611367,758.2794719902711,67.57011267973837,51.75680107220925,66.19373801520767,12.755419270469336,60.62801696110309,64.21848739495799,27.898466775534214,764.6187873907911,69.40771250617557,51.36116339163485,65.23702581121333,1.16924369918344,0.5305853082893683,1.185681166398413,0.5275948099470443
2025-08-05 10:45:00,12.15187197514,60.33503475335704,64.21848739495799,27.859856478869744,758.6485753244181,70.81997607551354,51.67459006987011,66.4908457310322,12.623956662760953,60.611874246119534,64.21848739495799,27.90126952256919,764.5559041092904,69.48511373445936,51.389511016736336,65.24613107095455,1.1821762668564353,0.5222049866193903,1.1882979818527422,0.5271948253137476
2025-08-05 11:00:00,12.369528118665771,60.50130716585982,64.21848739495799,27.92108617671773,754.0783096171034,69.45796871838616,51.77818811273358,66.39897711779997,12.489598365325067,60.59484933655651,64.21848739495799,27.904172186778503,764.3405363336309,69.54206578496684,51.42075136651762,65.25726612320248,1.192445979358011,0.5240632993334488,1.1908653952445802,0.5268608020042588
2025-08-05 11:15:00,12.881745058377032,60.56779549062704,64.21848739495799,27.993707056279145,762.6686186737289,70.57490817280276,51.789056059018655,66.46573482234703,12.361963761487647,60.58172185606252,64.21848739495799,27.907475357575894,764.4180132905648,69.58059168314284,51.44294514599388,65.2646396598521,1.2031965731327992,0.5234084368981023,1.1930826705260056,0.5267523123582742
2025-08-05 11:30:00,13.021309746481704,60.52501613423538,64.21848739495799,28.020504647409272,760.1510527963562,70.22266766315632,51.57740333597263,66.34850953771031,12.237631279369955,60.56890149231294,64.21848739495799,27.912068671670408,764.6551554210249,69.63289651075918,51.44938580345383,65.2732231611636,1.2049184608800554,0.5247636337932771,1.1956376138298304,0.5269914581894742
2025-08-05 11:45:00,12.614670016374925,60.4602890704419,64.21848739495799,27.99202753536788,757.5981076226733,70.77053009519646,51.44259903649219,66.38173327422292,12.122532009822917,60.55792421521506,64.21848739495799,27.915795117150818,764.8348922621484,69.6963199486525,51.471750910465815,65.29976998940847,1.2147810944563395,0.5288927317185258,1.1989612599137724,0.5275605817981364
2025-08-05 12:00:00,12.56469413782561,60.43293464754654,64.21848739495799,28.004681565902597,756.2779281241791,69.35499614257085,50.95350673342514,63.9548115459949,12.014268756343933,60.55146241891939,64.21848739495799,27.917420621818835,765.3768052678527,69.68548255856851,51.5004126559237,65.39471379980802,1.2239189876006913,0.5265202672567401,1.2021642614992685,0.5280615310232191
2025-08-05 12:15:00,12.373658951586936,60.41232223172311,64.21848739495799,28.008044715567127,758.8979423378124,68.49329240448193,51.05843499392368,64.10526317967692,11.924686151956934,60.545976819864954,64.21848739495799,27.920957456638355,765.692256187518,69.72813361390905,51.5336980584983,65.49510960733477,1.2164293550792171,0.5242657685219099,1.2050309037651392,0.5283074561414666
2025-08-05 12:30:00,12.66834154249306,60.48806618819541,64.21848739495799,27.977444014699127,763.8136575369532,70.39115578816072,50.87605344276469,63.829382924638445,11.853447363569664,60.542801790569236,64.21848739495799,27.9224378483712,765.7214222319363,69.86259123469652,51.54598332043215,65.50764507300795,1.2302178011776137,0.5265281420024104,1.2079148431790225,0.5284469718181775
2025-08-05 12:45:00,12.767209968661852,60.42862368871928,64.21848739495799,27.905062495453784,761.2416051915282,69.78154436166534,51.1728327519507,64.19727520021695,11.821197255498355,60.54428748601467,64.21848739495799,27.924026523504576,765.477045253512,69.90262631721053,51.550819936050516,65.51662022949895,1.229352365105128,0.5306591520410749,1.2105578885210244,0.5288399034449544
2025-08-05 13:00:00,12.918346525743177,60.51971535604881,64.21848739495799,27.96561048559857,760.9919131495923,70.50580196025145,51.3539086001978,64.20583851701855,11.804128082883057,60.552094106954,64.21848739495799,27.922428096360477,765.5153385721425,69.91221075660823,51.565795075025434,65.54155698603586,1.2258593937014568,0.5270436052830522,1.213232334695464,0.5293261865812354
2025-08-05 13:15:00,12.664645864823395,60.46461777804903,64.21848739495799,27.965557551777163,761.6952663695273,69.59672428376084,51.43215048158333,64.18428906512293,11.789992805632913,60.56245580767396,64.21848739495799,27.920913047504026,765.75757386708,69.99315431593838,51.581640351021285,65.58727328238182,1.2348521860555648,0.5277972962965926,1.2162406889702493,0.5297849282812206
2025-08-05 13:30:00,11.485307266664666,60.59481468239744,64.21848739495799,27.95098828475556,767.5019395520462,70.37921670639453,51.20972777657881,64.61443145738194,11.791236230790911,60.57919904113683,64.21848739495799,27.918955747992847,765.864913439675,70.00887214797531,51.58174728040397,65.64117870487567,1.221269454369661,0.5248804247624463,1.2193718732837506,0.5305640802253566
2025-08-05 13:45:00,11.07674870400928,60.66931187927692,64.21848739495799,27.92193888653914,772.9657502927631,69.49109783662978,51.01322396357384,64.63576224305572,11.812289361646462,60.59073554086546,64.21848739495799,27.91436707838734,765.903790526523,70.0106158095055,51.59651688670725,65.69481838381175,1.2194866901507886,0.5297743938738768,1.2229129414954936,0.5315970562032437
2025-08-05 14:00:00,10.953906072430971,60.808025139422064,64.21848739495799,27.93142480185884,768.2541404638511,69.72946400264857,50.97454288553181,64.47273792790807,11.840938898231789,60.6052587373945,64.21848739495799,27.90901945379438,765.9098421280626,70.06298202251192,51.627371466496946,65.74381784714572,1.231085852310947,0.530642830117697,1.2265229036416931,0.5326053361978692
2025-08-05 14:15:00,11.092567441409642,60.8774593726794,64.21848739495799,27.919266795489868,762.2997350812996,70.68656257785244,51.33856729193782,64.25840655096653,11.877293208393175,60.620734068659175,64.21848739495799,27.905025134213986,766.0074110276187,70.10141185035855,51.652024410788414,65.78648801695219,1.2283046352167386,0.527352577025702,1.2303489275032387,0.5338092531571493
2025-08-05 14:30:00,11.190695015357518,60.759289613590745,64.21848739495799,27.94357781165724,763.1031852616775,70.75561998690725,51.49879973674749,64.52480095627152,11.917150932062974,60.63589556940387,64.21848739495799,27.903872775376705,766.2939734211134,70.21746216830299,51.66511166079451,65.8340403401904,1.2284449465885927,0.5257688787062308,1.2343495392982353,0.5350344354287355
2025-08-05 14:45:00,10.805728716304545,60.73713332417139,64.21848739495799,27.92549593238894,766.5918370419419,70.00568346357429,51.361555577338834,64.38483142720355,11.949906347729506,60.6489475064059,64.21848739495799,27.902973431389526,766.5897787115074,70.19670907742405,51.675380740313535,65.86997815458953,1.2321515241182954,0.5262988340942664,1.2378850587706431,0.5363441947199089
2025-08-05 15:00:00,10.145974739083728,60.63256069845674,64.21848739495799,27.934230208603427,769.7746513962112,70.69356513461284,51.528991134089125,64.40715556949755,11.987055859617195,60.65509162931823,64.21848739495799,27.899090965719044,767.035167091015,70.21412159082615,51.68219930192783,65.90733971781073,1.2317095015289328,0.5313146367508362,1.240934567731556,0.5374083015344108
2025-08-05 15:15:00,10.08760007497132,60.59511187426642,64.21848739495799,27.903271666658192,773.2086221561516,70.22742202226509,51.761684695733344,64.68288298229028,12.018884703848112,60.65797466669452,64.21848739495799,27.89329252227955,767.2606056994919,70.25285404015422,51.68018587142775,65.95315272925934,1.2465163045096472,0.5395225730734643,1.2435656831819764,0.5383843606507039
2025-08-05 15:30:00,10.219021980922834,60.660889338240565,64.21848739495799,27.888865543569885,781.8582397602471,69.5097512216176,52.0630610035361,67.3650828734865,12.048494021324908,60.66036102785559,64.21848739495799,27.88713930985673,767.7126727875732,70.22636940232111,51.68869271901983,66.01379126741914,1.2409284680010066,0.5365990136748399,1.2463517934850104,0.5393457822002041
2025-08-05 15:45:00,10.812899684433836,60.65381295945206,64.21848739495799,27.918329646656748,775.4609356695664,70.2616937799222,52.159000689902165,67.43795569382482,12.080016510471777,60.669018971590845,64.21848739495799,27.879886034471756,768.4224605794612,70.20093281831923,51.695142732508884,65.99215934259783,1.236512237484468,0.5325414032997773,1.2489173843240866,0.5399931465013739
2025-08-05 16:00:00,11.07048400674153,60.59567636802128,64.21848739495799,27.893015410097096,772.9942498127431,71.97303311471913,52.054826524525744,67.07420030329507,12.101628680636534,60.67480054518513,64.21848739495799,27.872270901236003,769.1633598144624,70.25772014609295,51.71793708078709,66.03736357585571,1.2391540214103745,0.5349011444490029,1.2511158814729477,0.5407847996282947
2025-08-05 16:15:00,11.447335068512484,60.61983656979,64.21848739495799,27.88701077276272,768.8316592304601,70.71078686553132,51.82215340680416,67.1334010950338,12.136194903029772,60.68368287865322,64.21848739495799,27.862180107826056,769.7051690060082,70.29985374906745,51.725697660204,66.07423012954834,1.2329776876137362,0.538520186624685,1.2532740590928568,0.5417486410488617
2025-08-05 16:30:00,11.303517653161787,60.70769423613924,64.21848739495799,27.79726603737448,773.0666824960393,69.77946099525396,52.24231270073219,67.26776022197777,12.164462914868533,60.692910556744216,64.21848739495799,27.853880854625196,770.1930267165628,70.2925651433162,51.73988904581725,66.12607609902001,1.2383653262402334,0.5462608922282094,1.255352314780095,0.5428369512941031
2025-08-05 16:45:00,11.451360576783438,60.75407475118057,64.21848739495799,27.805170072201104,773.8936799995367,70.00338134028735,52.4387884326596,67.59313462872959,12.196248165612692,60.70479979274753,64.21848739495799,27.847738462921704,770.5179726825788,70.33353435546525,51.76280418768897,66.16434298193522,1.25198571327009,0.5453464036480249,1.2574052157769882,0.5439972358514661
2025-08-05 17:00:00,12.0849839142876,60.87199566412762,64.21848739495799,27.79838053713671,773.0188250485324,70.73867739376577,51.87962606973694,67.67713608809204,12.22043228406916,60.71250464828153,64.21848739495799,27.83868296117032,770.5286752851861,70.33408980150071,51.78774829951923,66.20252011983172,1.262352885157385,0.5541638443283213,1.2592377963344206,0.5451315988849746
2025-08-05 17:15:00,12.948654934756387,60.81107143567055,64.21848739495799,27.76240488881262,769.7080649378868,70.10519799092809,52.47712558571803,67.75712686951262,12.241822809982299,60.724597739259806,64.21848739495799,27.829299232666596,770.6589901601831,70.3773739875413,51.8049461661707,66.2365301337489,1.274632772144135,0.5557020508385351,1.2604985027400517,0.5462454549084651
2025-08-05 17:30:00,13.520175281912293,60.83297594456219,64.21848739495799,27.73056554520195,767.6694409572586,70.23150825278712,52.50273491803155,67.80734053172971,12.28839225853224,60.73329929145895,64.21848739495799,27.820526584787462,770.754599621645,70.3649147157429,51.83278841147899,66.25296882984314,1.2829743808347238,0.5541746410865818,1.2618961056966864,0.5473432675016062
2025-08-05 17:45:00,13.588038339722598,60.892926259468034,64.21848739495799,27.776516994401494,765.678242936204,70.22055447937437,52.36848524033311,67.74409415731995,12.343501462804982,60.74051961000237,64.21848739495799,27.811765306342245,770.6687157986144,70.35750047076684,51.86316897186639,66.26750749485623,1.2842232615606488,0.5637802380780896,1.2635137827538305,0.5484051906764189
2025-08-05 18:00:00,13.23350658424925,60.866484466399655,64.21848739495799,27.814880701493045,766.8763437951112,71.05162221807176,52.14941857239194,67.62030771235378,12.414070858889964,60.74357416264488,64.21848739495799,27.801407554302365,771.0613256114432,70.36705883790891,51.896359115244586,66.27905947533229,1.2892620530333427,0.5673407764369544,1.2647893460423398,0.5494912635466705
2025-08-05 18:15:00,13.134534445136044,60.72659286341773,64.21848739495799,27.83287615925439,767.5227340362384,70.19738334914523,51.98266245544091,67.56898016300623,12.506518631565593,60.744176654999976,64.21848739495799,27.790584795720942,771.3661370040602,70.3086896160759,51.92662603220676,66.298378108907,1.2882418510286635,0.5614977653545895,1.2658544858187817,0.550498057945606
2025-08-05 18:30:00,13.484013475296427,60.68563085322968,64.21848739495799,27.804612206603192,767.4399610023336,69.98034412044922,51.98274496116249,67.51982401443576,12.608988731093753,60.74694342615956,64.21848739495799,27.780402731679807,771.5546886304095,70.30331847468277,51.96108464399408,66.3200029489433,1.2839312481854,0.5559865037685049,1.2667509750067958,0.5515956742606415
2025-08-05 18:45:00,13.836610385304578,60.65428661191596,64.21848739495799,27.81975375309436,769.4317769280323,71.73688165264441,51.728653144016334,67.84012516580553,12.722202255979429,60.749611278491784,64.21848739495799,27.771912362874684,771.5629895156228,70.28827841938146,51.9945882941057,66.34303972412324,1.2821300366454134,0.5526902103868995,1.2675325951323395,0.5528572291718306
2025-08-05 19:00:00,13.909589270785515,60.596606969067366,64.21848739495799,27.83590827472476,773.713065438795,69.42812852816343,51.832608763735045,68.16766568250439,12.85355577877016,60.74944375421083,64.21848739495799,27.763772977503184,771.4720308928587,70.19602505711164,52.01534790252831,66.35381175781585,1.288501769971072,0.553606280278283,1.2680176356741013,0.5539331426240001
2025-08-05 19:15:00,13.560344690781005,60.720027382499566,64.21848739495799,27.77442927381852,778.8917413793171,70.0074325751402,51.6360994411638,65.73277552958332,12.999760103915985,60.75523230255659,64.21848739495799,27.756797775409645,771.2131665805099,70.18368125740555,52.040109585053266,66.43789952564282,1.2917488196286246,0.5483136607536172,1.2681712746381213,0.5548778280280595
2025-08-05 19:30:00,13.213059242768283,60.60638185537495,64.21848739495799,27.77622756883005,778.5049051742131,71.05861597578256,51.63733718177103,65.31093854373111,13.161577564348647,60.759444796017235,64.21848739495799,27.749901000287004,770.5124158647529,70.2054950068987,52.06099885961488,66.4237991841197,1.2898739020665286,0.550269861064369,1.2686885698029071,0.5559150994842247
2025-08-05 19:45:00,13.410645623384116,60.67879223576589,64.21848739495799,27.70532091326875,775.1522180841864,69.75730049371636,51.29125237643122,65.21125979045651,13.327832416267542,60.76780810276879,64.21848739495799,27.742371860778512,770.4721944879134,70.20512054100227,52.06853895851116,66.40301228198058,1.2811746836764966,0.5531810111389134,1.2690394085146253,0.5569797280144662
2025-08-05 20:00:00,13.51638189765593,60.764896530925206,64.21848739495799,27.72846641867336,778.4493888535947,70.17249761562353,51.30179501116237,65.38476200878826,13.503519149598285,60.77876423493072,64.21848739495799,27.73527567609353,770.5542900825207,70.13834852554638,52.09731858253505,66.3907355023347,1.292565471794759,0.5591774493596589,1.269330565593316,0.5580892965048192
2025-08-05 20:15:00,13.720767490986589,60.78530076881887,64.21848739495799,27.720790744349006,770.9899841720087,71.01062072613692,51.86028700810215,65.34528168767315,13.659349999686762,60.79086270998427,64.21848739495799,27.724382412763998,770.7046164650909,70.13169798181029,52.130995661573635,66.37522365732048,1.2909393950119166,0.5654676887619636,1.2695466422628372,0.5590966349431812
2025-08-05 20:30:00,13.643870079437235,60.75086102206868,64.21848739495799,27.69394543305703,761.3129912278073,70.52246534131505,52.10223195510576,65.35115265391372,13.815914999574984,60.79627440011354,64.21848739495799,27.71672131910839,770.9708684081999,70.21057067268238,52.148048850131005,66.36247961047064,1.2808368104244328,0.5610744962883062,1.2691684611442013,0.5599972428372548
2025-08-05 20:45:00,13.306361642217569,60.82741050739738,64.21848739495799,27.684045696665507,765.6047126194346,70.89524986497916,51.948086481127376,65.20458948263814,13.953747943620039,60.799305144020394,64.21848739495799,27.708890674090174,770.9971561457779,70.26153428243919,52.160945795046494,66.3392802631215,1.2726733782244977,0.561212977001306,1.268160777493556,0.5609868283466211
2025-08-05 21:00:00,12.882390723162862,60.8558612483716,64.21848739495799,27.687808848381565,770.3702233959078,70.0054385524418,52.044995135827214,65.10759234020935,14.086592503147395,60.798307029197,64.21848739495799,27.70118643720025,771.4554953829246,70.28051915999455,52.20700792535125,66.3066415157131,1.263197543068704,0.5578148025566808,1.2668302007752354,0.5614936154605753
2025-08-05 21:15:00,12.730024832191528,60.88592143557997,64.21848739495799,27.65910053318256,770.3892356018421,69.26867048734822,51.92464077519624,65.07192219344816,14.205092998628412,60.796637024081,64.21848739495799,27.69592275895392,771.7751359680873,70.23090892487029,52.24854904268874,66.28241807623716,1.2680170018651102,0.5616320891182555,1.2652178979450615,0.5620267255602739
2025-08-05 21:30:00,13.070987954980485,60.89966171869709,64.21848739495799,27.620692240662358,780.0324348487176,70.0162150169107,51.97024718687744,64.81929734218997,14.293660167788635,60.795261585222946,64.21848739495799,27.692854480923838,772.2336029797201,70.22983458313566,52.28315236992227,66.24640249850081,1.2693527509662257,0.5632250162252489,1.2628071835482715,0.5624997918045641
2025-08-05 21:45:00,13.86600062167846,60.89553414333236,64.21848739495799,27.59458403804729,771.444076859808,68.93548592286174,52.24657480080303,64.8379655582082,14.373977717110197,60.78834188700963,64.21848739495799,27.68698565680913,772.7483076663215,70.19911441432505,52.32240282894681,66.21340807202002,1.260258828509993,0.5575564089937642,1.2602554596392859,0.5623704860913659
2025-08-05 22:00:00,14.26479800120238,60.84229274837831,64.21848739495799,27.63811589042308,768.7597340521595,70.59448574511352,52.53255809036684,65.1735461573599,14.447262757516274,60.77925983539259,64.21848739495799,27.679707980708724,773.1199821600164,70.12905259701748,52.37547325733241,66.18853705250521,1.2553396222290174,0.5586973681572959,1.257372845304426,0.5621048580620872
2025-08-05 22:15:00,14.202134462874817,60.817168894138014,64.21848739495799,27.67078486823525,766.8408635983393,69.55448180453514,52.36666508068764,65.07593468260214,14.509332257313586,60.77279773404534,64.21848739495799,27.670384735119715,773.5392013216522,70.11698992955904,52.43557012971139,66.16866132346402,1.2556001278846014,0.5641454814299369,1.2546615491985347,0.5617943544786974
2025-08-05 22:30:00,14.086580422805625,60.627534970028144,64.21848739495799,27.69004864745837,767.0458927132878,67.92596426651802,52.15177938676749,64.73031658027583,14.55983099227994,60.765192508766106,64.21848739495799,27.66086739427395,773.8974199929503,70.03929237543623,52.49023247189802,66.15144440061196,1.2462607177817897,0.5635920403159222,1.2518781407982627,0.5616182771576315
2025-08-05 22:45:00,14.47372982934612,60.76876832463927,64.21848739495799,27.69401560385201,765.4426927856888,69.85710803108256,52.504535171482175,67.20551601709926,14.609750152785486,60.76019264884251,64.21848739495799,27.649247216127495,774.2182704295726,69.94903246230727,52.54857904381426,66.11864529212242,1.2511254734302502,0.5678631351952499,1.2493134211713826,0.5615891206998285
2025-08-05 23:00:00,15.07354579390262,60.78726414205987,64.21848739495799,27.68196228989068,760.8357182875412,70.16416370641195,52.68973924038428,66.94207262779327,14.656318506066134,60.75575700349244,64.21848739495799,27.637662882804854,774.2130466588484,69.86713056789972,52.589942480430715,66.00017908329691,1.2564473229445812,0.5677171573597927,1.2467348994338925,0.5615488292465224
2025-08-05 23:15:00,15.800545242000693,60.90471216199871,64.21848739495799,27.69245546140205,774.2542943643771,70.25045980302947,52.38520365679098,66.81434862965094,14.698109391722566,60.746187315047926,64.21848739495799,27.627527825354267,774.3297268284942,69.81941645226136,52.63787591766003,65.96470827273059,1.2470373988360135,0.5644802592070192,1.2440994046088558,0.561588310774781
2025-08-05 23:30:00,16.341086006663847,60.92436033287908,64.21848739495799,27.6801298695476,775.4571176509619,69.96987265104241,52.918215245242266,66.70589691391869,14.733684813928678,60.73581333979322,64.21848739495799,27.61578805108831,774.3978983103808,69.7136322841825,52.6803446135116,65.94789476935631,1.247888733771097,0.5681881991595978,1.242028590418155,0.5617540779672014
2025-08-05 23:45:00,16.1222605711668,60.982790821396485,64.21848739495799,27.5602128728768,773.3414507075685,70.51127055344854,52.8324657779616,66.66804574460713,14.754985301831642,60.72248958690604,64.21848739495799,27.60550132839085,774.7122575659861,69.64429447814025,52.74410299720267,65.93447022075796,1.2394599876993635,0.568740339775544,1.2397182186769846,0.5619154421744104
2025-08-06 00:00:00,16.00046764980848,60.87004494001722,64.21848739495799,27.567433227706346,781.0542407893078,72.14564172141662,52.75390835745334,66.88543881648289,14.778987242606004,60.70288198339683,64.21848739495799,27.593685258967202,774.5893506961892,69.55520332749933,52.79515496202767,65.90924433372732,1.227019892681166,0.5732791290504182,1.236898872600133,0.5618214019217674
2025-08-06 00:15:00,15.586348898135016,60.844997068386206,64.21848739495799,27.57025072165442,774.6823121268736,71.53228963299132,52.82569678012421,66.89715420825516,14.807938099950864,60.68198087650947,64.21848739495799,27.581238735988276,775.001114827773,69.45981407048355,52.839825795858005,65.88893282705592,1.2217552037507275,0.5750339689290125,1.2337795904327764,0.5615112494950881
2025-08-06 00:30:00,16.070320700108315,60.84205221942602,64.21848739495799,27.567253430439067,786.7690021629371,71.30822372042697,53.26148997887958,66.69797366583983,14.842169067557144,60.657887462530155,64.21848739495799,27.569552855746466,775.584911536809,69.39411479621712,52.88107164802504,65.86964339307461,1.2224355836077698,0.5693674577469473,1.2310860439977707,0.5613504161608639
2025-08-06 00:45:00,16.503669799186945,60.76097128219078,64.21848739495799,27.604494541422703,779.2972824927667,68.61689093720031,53.72335910584249,67.03042368523442,14.890115701564776,60.63121539786172,64.21848739495799,27.559255783150494,776.1493698074131,69.3558284036274,52.93262639030724,65.86763665068223,1.2262636872389103,0.5716953538294895,1.228676241957558,0.5611748767714236
2025-08-06 01:00:00,16.177190356718953,60.79171277882015,64.21848739495799,27.638517204299585,781.4234513062408,70.19927800074795,53.54083473503767,66.72687319963926,14.938716198951994,60.60757392453749,64.21848739495799,27.54825934721233,776.7244594866403,69.28045045034618,52.9811756183155,65.86532060266525,1.2106529489310298,0.5683666284152914,1.2262059441905169,0.5613095836630815
2025-08-06 01:15:00,15.997564819369416,60.6853353130684,64.21848739495799,27.600452270960197,781.1193835342489,69.29894941505648,53.54599901106938,66.75426136289603,14.987158849241377,60.58615854061179,64.21848739495799,27.537660012008928,777.2673906842117,69.2607763105933,53.02066846105001,65.8588567237286,1.2076715442910837,0.559901066682142,1.2229413837901653,0.5613617222737015
2025-08-06 01:30:00,15.432057796431527,60.59402291788855,64.21848739495799,27.59655041848078,778.0265786059576,68.94976769884452,53.74153142396005,66.87417712690977,15.04197650816373,60.5655844236439,64.21848739495799,27.528530607342102,777.513138883709,69.20432472590548,53.06714283052938,65.86189373907712,1.202783622987536,0.5593719355585973,1.219212118534208,0.5610597461419083
2025-08-06 01:45:00,14.996619439055422,60.53272982300062,64.21848739495799,27.55317879158412,780.0993088853118,69.83550332539227,53.78556862680998,66.9727082917708,15.086269060294,60.539217197817536,64.21848739495799,27.519377777885264,777.8745937078681,69.1721890027005,53.101398943568384,65.86769551020406,1.2069029678519294,0.5521826578528916,1.2152871865008013,0.5607786134902235
2025-08-06 02:00:00,14.9989755242871,60.45747409485262,64.21848739495799,27.519091981230343,778.1865211412744,67.64941749676521,53.62261522676172,67.0033163288739,15.130745830649285,60.51281816065872,64.21848739495799,27.506495039382727,778.4541979443294,69.09098897099345,53.13254511078036,65.85956821891028,1.2004289961772368,0.5507041841365283,1.2115036332483167,0.5601590343239953
2025-08-06 02:15:00,15.334185200470872,60.50429081420821,64.21848739495799,27.471148408700696,779.057290026707,69.02908425877519,53.47905030150341,66.8561519111196,15.163039919838749,60.485650370863944,64.21848739495799,27.49346234382569,778.955360675129,69.0792159541986,53.15965630600992,65.84258633768573,1.205188447839012,0.5518155166528086,1.207871475939875,0.5591808123990515
2025-08-06 02:30:00,15.306639869205004,60.46353760856493,64.21848739495799,27.48837827504548,773.5563523170682,66.971071695937,53.07351186222855,64.61367941773888,15.19357120578211,60.4608947812789,64.21848739495799,27.48045287227959,779.3916849546908,69.10117423733081,53.19917636831049,65.9216430602133,1.2111461178463718,0.5523975366791026,1.2043676266867263,0.5580907349742923
2025-08-06 02:45:00,14.814071260473977,60.43293672916407,64.21848739495799,27.47037755030096,782.3921464686887,68.57600910598931,53.07410255804358,64.66865121259347,15.218393322210938,60.450278452197516,64.21848739495799,27.4730886401564,779.8726846846564,69.07510755478765,53.22312951302871,65.87737157894136,1.2126839748775198,0.5494981066013774,1.2027552871438463,0.5577537556563282
2025-08-06 03:00:00,14.280321908951642,60.29516259773386,64.21848739495799,27.42403434085133,780.5500496308118,67.88509093341654,52.911398057318216,64.80653344250287,15.223566448221947,60.438243248988144,64.21848739495799,27.465628866951608,780.5525763416963,69.03621269222964,53.24217916562315,65.83934654148237,1.2277494763455006,0.5552428768369815,1.200837714436677,0.5573979198812044
2025-08-06 03:15:00,14.049660260473049,60.279079649150674,64.21848739495799,27.396719232344868,784.5829957523406,67.67716631244915,53.20400388716307,64.8085233325058,15.20219686326718,60.420966622580345,64.21848739495799,27.457227881971956,780.7858460445599,68.99124057701482,53.2739189992836,65.80323535303168,1.21186353144139,0.55802193735518,1.1991266150144795,0.5571356110172854
2025-08-06 03:30:00,14.236440120886732,60.17666842564868,64.21848739495799,27.373984335964025,774.7621827596915,67.49976309639567,52.83335395591228,64.62798539786904,15.158393434675,60.401605326030385,64.21848739495799,27.448654728603664,780.9907971366215,68.95360088185993,53.287599912900575,65.76851760068988,1.2079850894892132,0.5563562417803717,1.1972511489084556,0.5567105114733503
2025-08-06 03:45:00,14.589293211332391,60.15826756219829,64.21848739495799,27.347395054981146,783.3429081195186,68.14894301566333,53.20041202301236,64.73593648753139,15.119838749215328,60.378357906215754,64.21848739495799,27.44419240283274,781.2967709937835,68.89129409499638,53.30580527829813,65.73253647493318,1.1973609299912196,0.5561631159615832,1.1955627953568193,0.5562293183412624
2025-08-06 04:00:00,14.670799107625683,60.02805860268887,64.21848739495799,27.343369025802783,778.8268924988932,68.55148711332251,53.33960752011692,64.77246963447412,15.08314587835728,60.357870946474016,64.21848739495799,27.439057368463008,781.3068764189701,68.75569627722886,53.32880098333333,65.68449887736861,1.2000304173742562,0.5562494962615812,1.194252082968305,0.5555189095617143
2025-08-06 04:15:00,14.744760662446502,60.02724856734458,64.21848739495799,27.375133518786363,782.5384607375555,69.74665808728763,53.49472874959314,65.14438721086694,15.06126748619303,60.336691549869144,64.21848739495799,27.433353309628593,781.5949009534089,68.63497482697834,53.35067507912503,65.63177473254746,1.2003793170181234,0.5559467953180985,1.1930562951081995,0.5546704287196579
2025-08-06 04:30:00,14.34040564477943,60.146617048644615,64.21848739495799,27.357915770236684,787.6229137727223,67.74409995400498,53.50147197607499,65.0381108996999,15.015401431015063,60.31372061034383,64.21848739495799,27.42726694050085,781.3597145347941,68.51346351363975,53.354728947318,65.58331114467053,1.1890886100574631,0.5618560093064128,1.1917208729036737,0.5540023819456903
2025-08-06 04:45:00,14.183304340872988,60.243459917808885,64.21848739495799,27.341120477080505,786.6771715289858,68.67844629476215,53.109426057231616,64.87800582534832,14.944531508721163,60.2924229593035,64.21848739495799,27.418827530933143,781.4579255844144,68.5085383982321,53.337175130245406,65.51440102369129,1.17008018985457,0.5631962474368543,1.190075976982948,0.5531598594750331
2025-08-06 05:00:00,14.71551772265107,60.28243820966027,64.21848739495799,27.34681010065758,787.4048808336316,68.32266747627592,53.36447827125842,64.91040780264585,14.882898566321273,60.26745846832766,64.21848739495799,27.407843047264816,781.459649298323,68.42400141810631,53.3269921500058,65.45377741489389,1.1574747932875031,0.5541657322714595,1.189047128385544,0.5523995210280203
2025-08-06 05:15:00,15.194777185586638,60.10451736854167,64.21848739495799,27.319999154342117,782.2877215845884,67.97141422671301,53.27425819197333,65.01201869201618,14.824231921424003,60.24546495018341,64.21848739495799,27.3977057197019,781.477558022748,68.37795152352999,53.31546547310772,65.38533089131484,1.14251086750779,0.5491224294432199,1.188066895969463,0.552004702835698
2025-08-06 05:30:00,15.599101111860833,60.05032163361369,64.21848739495799,27.25163373534691,786.1478611459955,68.15848479390108,53.46694310672614,64.92972741854693,14.790463817256917,60.226100618644246,64.21848739495799,27.386658791991966,781.6692791014586,68.34618395823473,53.29179514250481,65.30261721155956,1.141833024654481,0.5401099931704499,1.1872493000240145,0.5515954121288702
2025-08-06 05:45:00,15.17095713855876,60.002135200294894,64.21848739495799,27.27980400152419,781.8757455223279,69.20129130068999,53.18000093757458,64.56647824586564,14.778337015974655,60.208063606623284,64.21848739495799,27.376863497898313,781.7616302906437,68.25857693663724,53.26274964342804,65.20437655978243,1.1466354086313508,0.5347988236816226,1.1860932019164903,0.5515608682627514
2025-08-06 06:00:00,15.002519001106457,59.88486728247703,64.21848739495799,27.299764501075327,780.1356211001425,68.5847127604842,53.33738125578437,67.10201825610247,14.764547109205125,60.19247545110895,64.21848739495799,27.36797421769006,781.9850746124794,68.29664940162924,53.240258044469684,65.09194282421421,1.141145240187333,0.53088971757314,1.1851972147751935,0.5516144110206402
